origin_path,origin_page,origin_summary,link_context,line,link_text,link_target,destination_path,destination_page,destination_summary,status,link_works,destination_appropriate,note
README.md,BNR info-hub,,Stata entry points,90,`scripts/stata/README.qmd`,scripts/stata/README.qmd,scripts/stata/README.qmd,Stata code inventory,,exists,Yes — local target exists,Not assessed,Local target exists.
scripts/stata/README.qmd,Stata code inventory,,Current operational entry points,20,`config/bnr_paths_TEMPLATE.do`,config/bnr_paths_TEMPLATE.do,scripts/stata/config/bnr_paths_TEMPLATE.do,,,exists,Yes — local target exists,Not assessed,Local target exists.
scripts/stata/README.qmd,Stata code inventory,,Current operational entry points,21,`menu/bnr_menu.do`,menu/bnr_menu.do,scripts/stata/menu/bnr_menu.do,,,exists,Yes — local target exists,Not assessed,Local target exists.
scripts/stata/README.qmd,Stata code inventory,,Current operational entry points,22,`common/bnrcvd_globals.do`,common/bnrcvd_globals.do,scripts/stata/common/bnrcvd_globals.do,,,exists,Yes — local target exists,Not assessed,Local target exists.
scripts/stata/README.qmd,Stata code inventory,,Current operational entry points,23,`common/bnr_step4_stage_metric.do`,common/bnr_step4_stage_metric.do,scripts/stata/common/bnr_step4_stage_metric.do,,,exists,Yes — local target exists,Not assessed,Local target exists.
scripts/stata/README.qmd,Stata code inventory,,Current operational entry points,24,`common/bnr_step5_suppress.do`,common/bnr_step5_suppress.do,scripts/stata/common/bnr_step5_suppress.do,,,exists,Yes — local target exists,Not assessed,Local target exists.
scripts/stata/README.qmd,Stata code inventory,,Current operational entry points,25,`reporting/BNR_REPORTING_WORKFLOW_CONTRACT.md`,reporting/BNR_REPORTING_WORKFLOW_CONTRACT.md,scripts/stata/reporting/BNR_REPORTING_WORKFLOW_CONTRACT.md,BNR Reporting Workflow Contract,,exists,Yes — local target exists,Not assessed,Local target exists.
scripts/stata/README.qmd,Stata code inventory,,CVD event release workflow,34,`monthly/bnr_step1_cvd_redcap_extract.do`,monthly/bnr_step1_cvd_redcap_extract.do,scripts/stata/monthly/bnr_step1_cvd_redcap_extract.do,,,exists,Yes — local target exists,Not assessed,Local target exists.
scripts/stata/README.qmd,Stata code inventory,,CVD event release workflow,35,`monthly/bnr_step2_cvd_confidential.do`,monthly/bnr_step2_cvd_confidential.do,scripts/stata/monthly/bnr_step2_cvd_confidential.do,,,exists,Yes — local target exists,Not assessed,Local target exists.
scripts/stata/README.qmd,Stata code inventory,,CVD event release workflow,36,`monthly/bnr_step3_metric_inputs.do`,monthly/bnr_step3_metric_inputs.do,scripts/stata/monthly/bnr_step3_metric_inputs.do,,,exists,Yes — local target exists,Not assessed,Local target exists.
scripts/stata/README.qmd,Stata code inventory,,CVD event release workflow,37,`monthly/bnr_step4_metrics.do`,monthly/bnr_step4_metrics.do,scripts/stata/monthly/bnr_step4_metrics.do,,,exists,Yes — local target exists,Not assessed,Local target exists.
scripts/stata/README.qmd,Stata code inventory,,CVD event release workflow,38,`monthly/bnr_step5_review.do`,monthly/bnr_step5_review.do,scripts/stata/monthly/bnr_step5_review.do,,,exists,Yes — local target exists,Not assessed,Local target exists.
scripts/stata/README.qmd,Stata code inventory,,CVD event release workflow,39,`monthly/bnr_step6_publish.do`,monthly/bnr_step6_publish.do,scripts/stata/monthly/bnr_step6_publish.do,,,exists,Yes — local target exists,Not assessed,Local target exists.
scripts/stata/README.qmd,Stata code inventory,,CVD mortality release workflow,53,`mortality/bnr_mort_s1_extract.do`,mortality/bnr_mort_s1_extract.do,scripts/stata/mortality/bnr_mort_s1_extract.do,,,exists,Yes — local target exists,Not assessed,Local target exists.
scripts/stata/README.qmd,Stata code inventory,,CVD mortality release workflow,54,`mortality/bnr_mort_s2_classify.do`,mortality/bnr_mort_s2_classify.do,scripts/stata/mortality/bnr_mort_s2_classify.do,,,exists,Yes — local target exists,Not assessed,Local target exists.
scripts/stata/README.qmd,Stata code inventory,,CVD mortality release workflow,55,`mortality/bnr_mort_s3_burden.do`,mortality/bnr_mort_s3_burden.do,scripts/stata/mortality/bnr_mort_s3_burden.do,,,exists,Yes — local target exists,Not assessed,Local target exists.
scripts/stata/README.qmd,Stata code inventory,,CVD mortality release workflow,56,`mortality/bnr_mort_s4_review.do`,mortality/bnr_mort_s4_review.do,scripts/stata/mortality/bnr_mort_s4_review.do,,,exists,Yes — local target exists,Not assessed,Local target exists.
scripts/stata/README.qmd,Stata code inventory,,CVD mortality release workflow,57,`mortality/bnr_mort_s5_approve.do`,mortality/bnr_mort_s5_approve.do,scripts/stata/mortality/bnr_mort_s5_approve.do,,,exists,Yes — local target exists,Not assessed,Local target exists.
scripts/stata/README.qmd,Stata code inventory,,CVD mortality release workflow,58,`mortality/bnr_mort_s6_publish.do`,mortality/bnr_mort_s6_publish.do,scripts/stata/mortality/bnr_mort_s6_publish.do,,,exists,Yes — local target exists,Not assessed,Local target exists.
scripts/stata/README.qmd,Stata code inventory,,CVD reporting workflows,68,`reporting/bnr_report_update_build.do`,reporting/bnr_report_update_build.do,scripts/stata/reporting/bnr_report_update_build.do,,,exists,Yes — local target exists,Not assessed,Local target exists.
scripts/stata/README.qmd,Stata code inventory,,CVD reporting workflows,69,`reporting/templates/bnr_report_update_template.qmd`,reporting/templates/bnr_report_update_template.qmd,scripts/stata/reporting/templates/bnr_report_update_template.qmd,Rolling CVD update: @@REPORT_MONTH_NAME@@ @@REPORT_YEAR@@,Recent hospital-recorded CVD events and CVD deaths from the declared public releases.,exists,Yes — local target exists,Not assessed,Local target exists.
scripts/stata/README.qmd,Stata code inventory,,CVD reporting workflows,70,`reporting/bnr_report_annual_s1_build.do`,reporting/bnr_report_annual_s1_build.do,scripts/stata/reporting/bnr_report_annual_s1_build.do,,,exists,Yes — local target exists,Not assessed,Local target exists.
scripts/stata/README.qmd,Stata code inventory,,CVD reporting workflows,71,`reporting/bnr_report_annual_s2_approve.do`,reporting/bnr_report_annual_s2_approve.do,scripts/stata/reporting/bnr_report_annual_s2_approve.do,,,exists,Yes — local target exists,Not assessed,Local target exists.
scripts/stata/README.qmd,Stata code inventory,,CVD reporting workflows,72,`reporting/bnr_report_annual_s3_publish.do`,reporting/bnr_report_annual_s3_publish.do,scripts/stata/reporting/bnr_report_annual_s3_publish.do,,,exists,Yes — local target exists,Not assessed,Local target exists.
scripts/stata/README.qmd,Stata code inventory,,CVD reporting workflows,73,`reporting/bnr_report_oneoff_s1_prepare.do`,reporting/bnr_report_oneoff_s1_prepare.do,scripts/stata/reporting/bnr_report_oneoff_s1_prepare.do,,,exists,Yes — local target exists,Not assessed,Local target exists.
scripts/stata/README.qmd,Stata code inventory,,CVD reporting workflows,74,`reporting/bnr_report_oneoff_s2_approve.do`,reporting/bnr_report_oneoff_s2_approve.do,scripts/stata/reporting/bnr_report_oneoff_s2_approve.do,,,exists,Yes — local target exists,Not assessed,Local target exists.
scripts/stata/README.qmd,Stata code inventory,,CVD reporting workflows,75,`reporting/bnr_report_oneoff_s3_publish.do`,reporting/bnr_report_oneoff_s3_publish.do,scripts/stata/reporting/bnr_report_oneoff_s3_publish.do,,,exists,Yes — local target exists,Not assessed,Local target exists.
scripts/stata/README.qmd,Stata code inventory,,CVD reporting workflows,76,`reporting/bnr_report_disclosure_screen.do`,reporting/bnr_report_disclosure_screen.do,scripts/stata/reporting/bnr_report_disclosure_screen.do,,,exists,Yes — local target exists,Not assessed,Local target exists.
site/about/index.qmd,About the BNR,The Barbados National Registry: national evidence for healthier lives in Barbados.,The BNR Information Hub,149,Explore CVD surveillance,../surveillance/cvd/index.qmd,site/surveillance/cvd/index.qmd,Cardiovascular Disease Surveillance,"BNR surveillance outputs for stroke, heart attack, and related cardiovascular disease indicators.",exists,Yes — local target exists,Not assessed,Local target exists.
site/about/index.qmd,About the BNR,The Barbados National Registry: national evidence for healthier lives in Barbados.,The BNR Information Hub,150,Read the methods,../methods/index.qmd,site/methods/index.qmd,Public Methods Manual,Plain-language explanations of Barbados National Registry measures and methods.,exists,Yes — local target exists,Not assessed,Local target exists.
site/about/index.qmd,About the BNR,The Barbados National Registry: national evidence for healthier lives in Barbados.,The BNR Information Hub,151,View latest reports,../news/index.qmd,site/news/index.qmd,Latest Surveillance Outputs,Latest public outputs from the Barbados National Registry Information Hub.,exists,Yes — local target exists,Not assessed,Local target exists.
site/index.qmd,Data for Impact,,Data for Impact,26,View latest outputs,news/index.qmd,site/news/index.qmd,Latest Surveillance Outputs,Latest public outputs from the Barbados National Registry Information Hub.,exists,Yes — local target exists,Not assessed,Local target exists.
site/index.qmd,Data for Impact,,CVD events,45,Explore CVD events,surveillance/cvd/metrics/burden/index.qmd,site/surveillance/cvd/metrics/burden/index.qmd,CVD events,,exists,Yes — local target exists,Not assessed,Local target exists.
site/index.qmd,Data for Impact,,CVD deaths,59,Explore CVD deaths,surveillance/cvd/metrics/mortality/index.qmd,site/surveillance/cvd/metrics/mortality/index.qmd,CVD mortality,,exists,Yes — local target exists,Not assessed,Local target exists.
site/index.qmd,Data for Impact,,Reports and updates,73,View reports and updates,news/index.qmd,site/news/index.qmd,Latest Surveillance Outputs,Latest public outputs from the Barbados National Registry Information Hub.,exists,Yes — local target exists,Not assessed,Local target exists.
site/index.qmd,Data for Impact,,Understand and use the data,90,Methods and definitions,./methods/index.qmd,site/methods/index.qmd,Public Methods Manual,Plain-language explanations of Barbados National Registry measures and methods.,exists,Yes — local target exists,Not assessed,Local target exists.
site/index.qmd,Data for Impact,,Understand and use the data,91,Data quality and completeness,./methods/interpretation/data-quality-completeness.qmd,site/methods/interpretation/data-quality-completeness.qmd,Data quality and completeness,How data quality affects BNR statistics and their interpretation.,exists,Yes — local target exists,Not assessed,Local target exists.
site/index.qmd,Data for Impact,,Understand and use the data,92,Protecting confidentiality,./methods/interpretation/confidentiality.qmd,site/methods/interpretation/confidentiality.qmd,Protecting confidentiality,How BNR reduces disclosure risk in public statistics.,exists,Yes — local target exists,Not assessed,Local target exists.
site/index.qmd,Data for Impact,,Understand and use the data,93,Download data,./downloads/index.qmd,site/downloads/index.qmd,Data Downloads,Approved Barbados National Registry public output packages.,exists,Yes — local target exists,Not assessed,Local target exists.
site/internal/bnr-info-hub-tour.qmd,BNR Info-Hub,,Home page / public entry points,238,,images/screenshot1-landing-page.png,site/internal/images/screenshot1-landing-page.png,,,exists,Yes — local target exists,Not assessed,Local target exists.
site/internal/bnr-info-hub-tour.qmd,BNR Info-Hub,,Latest outputs and downloads,263,,images/screenshot5-latest.png,site/internal/images/screenshot5-latest.png,,,exists,Yes — local target exists,Not assessed,Local target exists.
site/internal/bnr-info-hub-tour.qmd,BNR Info-Hub,,Latest outputs and downloads,269,,images/screenshot4-downloads.png,site/internal/images/screenshot4-downloads.png,,,exists,Yes — local target exists,Not assessed,Local target exists.
site/internal/bnr-info-hub-tour.qmd,BNR Info-Hub,,Briefing pages,283,,images/screenshot3-briefing.png,site/internal/images/screenshot3-briefing.png,,,exists,Yes — local target exists,Not assessed,Local target exists.
site/internal/bnr-info-hub-tour.qmd,BNR Info-Hub,,Dashboard structure,309,,images/screenshot2-dashboard.png,site/internal/images/screenshot2-dashboard.png,,,exists,Yes — local target exists,Not assessed,Local target exists.
site/internal/bnr-info-hub-tour.qmd,BNR Info-Hub,,Website editing / Internal reviews,534,,images/screenshot6-editing.png,site/internal/images/screenshot6-editing.png,,,exists,Yes — local target exists,Not assessed,Local target exists.
site/internal/index.qmd,Internal materials,Unlisted internal-facing materials for demonstrations and handover.,Available materials,19,Open slides,bnr-info-hub-tour.html,site/internal/bnr-info-hub-tour.qmd,BNR Info-Hub,,generated,Yes — generated on render,Not assessed,"Rendered HTML is absent, but the matching QMD source exists."
site/internal/index.qmd,Internal materials,Unlisted internal-facing materials for demonstrations and handover.,Available materials,20,Read document,./bnr-mortality-legacy-review.qmd,site/internal/bnr-mortality-legacy-review.qmd,Legacy Mortality Workflow: Archaeological Review,,exists,Yes — local target exists,Not assessed,Local target exists.
site/methods/about/bnr-surveillance.qmd,About BNR surveillance,"What the Barbados National Registry monitors, and why.",Why surveillance matters,22,here,../../news/index.qmd,site/news/index.qmd,Latest Surveillance Outputs,Latest public outputs from the Barbados National Registry Information Hub.,exists,Yes — local target exists,Not assessed,Local target exists.
site/methods/about/bnr-surveillance.qmd,About BNR surveillance,"What the Barbados National Registry monitors, and why.",Related pages,45,From health records to published statistics,records-to-statistics.qmd,site/methods/about/records-to-statistics.qmd,From health records to published statistics,A plain-language overview of the BNR statistical production pathway.,exists,Yes — local target exists,Not assessed,Local target exists.
site/methods/about/bnr-surveillance.qmd,About BNR surveillance,"What the Barbados National Registry monitors, and why.",Related pages,46,Measures overview,../measures/index.qmd,site/methods/measures/index.qmd,What BNR reports,Choose a BNR measure to understand what it shows and how to interpret it.,exists,Yes — local target exists,Not assessed,Local target exists.
site/methods/about/bnr-surveillance.qmd,About BNR surveillance,"What the Barbados National Registry monitors, and why.",Related pages,47,Data quality and completeness,../interpretation/data-quality-completeness.qmd,site/methods/interpretation/data-quality-completeness.qmd,Data quality and completeness,How data quality affects BNR statistics and their interpretation.,exists,Yes — local target exists,Not assessed,Local target exists.
site/methods/about/index.qmd,About BNR surveillance,Choose a page in this section.,[About BNR surveillance](bnr-surveillance.qmd),11,About BNR surveillance,bnr-surveillance.qmd,site/methods/about/bnr-surveillance.qmd,About BNR surveillance,"What the Barbados National Registry monitors, and why.",exists,Yes — local target exists,Not assessed,Local target exists.
site/methods/about/index.qmd,About BNR surveillance,Choose a page in this section.,[About BNR surveillance](bnr-surveillance.qmd),21,Browse all Methods sections,../index.qmd,site/methods/index.qmd,Public Methods Manual,Plain-language explanations of Barbados National Registry measures and methods.,exists,Yes — local target exists,Not assessed,Local target exists.
site/methods/about/records-to-statistics-index.qmd,From records to statistics,Choose a page in this section.,[From health records to published statistics](records-to-statistics.qmd),11,From health records to published statistics,records-to-statistics.qmd,site/methods/about/records-to-statistics.qmd,From health records to published statistics,A plain-language overview of the BNR statistical production pathway.,exists,Yes — local target exists,Not assessed,Local target exists.
site/methods/about/records-to-statistics-index.qmd,From records to statistics,Choose a page in this section.,[From health records to published statistics](records-to-statistics.qmd),21,Browse all Methods sections,../index.qmd,site/methods/index.qmd,Public Methods Manual,Plain-language explanations of Barbados National Registry measures and methods.,exists,Yes — local target exists,Not assessed,Local target exists.
site/methods/about/records-to-statistics.qmd,From health records to published statistics,A plain-language overview of the BNR statistical production pathway.,Related pages,51,How CVD events are classified,../interpretation/classifying-cvd-events.qmd,site/methods/interpretation/classifying-cvd-events.qmd,How CVD events are classified,"How BNR applies consistent event, data source, residence and period rules.",exists,Yes — local target exists,Not assessed,Local target exists.
site/methods/about/records-to-statistics.qmd,From health records to published statistics,A plain-language overview of the BNR statistical production pathway.,Related pages,52,Data quality and completeness,../interpretation/data-quality-completeness.qmd,site/methods/interpretation/data-quality-completeness.qmd,Data quality and completeness,How data quality affects BNR statistics and their interpretation.,exists,Yes — local target exists,Not assessed,Local target exists.
site/methods/about/records-to-statistics.qmd,From health records to published statistics,A plain-language overview of the BNR statistical production pathway.,Related pages,53,"Releases, revisions and comparability",../interpretation/revisions-comparability.qmd,site/methods/interpretation/revisions-comparability.qmd,"Releases, revisions and comparability",How to compare BNR statistics across releases and periods.,exists,Yes — local target exists,Not assessed,Local target exists.
site/methods/index.qmd,Public Methods Manual,Plain-language explanations of Barbados National Registry measures and methods.,About BNR surveillance,32,Explore section,about/index.qmd,site/methods/about/index.qmd,About BNR surveillance,Choose a page in this section.,exists,Yes — local target exists,Not assessed,Local target exists.
site/methods/index.qmd,Public Methods Manual,Plain-language explanations of Barbados National Registry measures and methods.,From records to statistics,48,Explore section,about/records-to-statistics-index.qmd,site/methods/about/records-to-statistics-index.qmd,From records to statistics,Choose a page in this section.,exists,Yes — local target exists,Not assessed,Local target exists.
site/methods/index.qmd,Public Methods Manual,Plain-language explanations of Barbados National Registry measures and methods.,What BNR reports,64,Explore section,measures/index.qmd,site/methods/measures/index.qmd,What BNR reports,Choose a BNR measure to understand what it shows and how to interpret it.,exists,Yes — local target exists,Not assessed,Local target exists.
site/methods/index.qmd,Public Methods Manual,Plain-language explanations of Barbados National Registry measures and methods.,Interpreting the measures,80,Explore section,interpretation/index.qmd,site/methods/interpretation/index.qmd,Interpreting the measures,Choose a page in this section.,exists,Yes — local target exists,Not assessed,Local target exists.
site/methods/index.qmd,Public Methods Manual,Plain-language explanations of Barbados National Registry measures and methods.,Quality and confidentiality,96,Explore section,interpretation/quality-confidentiality-index.qmd,site/methods/interpretation/quality-confidentiality-index.qmd,Quality and confidentiality,Choose a page in this section.,exists,Yes — local target exists,Not assessed,Local target exists.
site/methods/index.qmd,Public Methods Manual,Plain-language explanations of Barbados National Registry measures and methods.,Reference and data access,112,Explore section,reference/index.qmd,site/methods/reference/index.qmd,Reference and data access,Choose a page in this section.,exists,Yes — local target exists,Not assessed,Local target exists.
site/methods/index.qmd,Public Methods Manual,Plain-language explanations of Barbados National Registry measures and methods.,What this manual covers,132,Operations Manual,../operations/index.qmd,site/operations/index.qmd,Operations Manual,"How the Barbados National Registry carries out, governs and records its routine work.",exists,Yes — local target exists,Not assessed,Local target exists.
site/methods/index.qmd,Public Methods Manual,Plain-language explanations of Barbados National Registry measures and methods.,What this manual covers,133,Technical Manual,../technical/index.qmd,site/technical/index.qmd,BNR Technical Manual,"Run, validate, troubleshoot, recover and maintain the implemented BNR analytical and publication system.",exists,Yes — local target exists,Not assessed,Local target exists.
site/methods/index.qmd,Public Methods Manual,Plain-language explanations of Barbados National Registry measures and methods.,Go to the statistics,140,Latest BNR publications,../news/index.qmd,site/news/index.qmd,Latest Surveillance Outputs,Latest public outputs from the Barbados National Registry Information Hub.,exists,Yes — local target exists,Not assessed,Local target exists.
site/methods/index.qmd,Public Methods Manual,Plain-language explanations of Barbados National Registry measures and methods.,Go to the statistics,141,Data downloads,../downloads/index.qmd,site/downloads/index.qmd,Data Downloads,Approved Barbados National Registry public output packages.,exists,Yes — local target exists,Not assessed,Local target exists.
site/methods/interpretation/classifying-cvd-deaths.qmd,How CVD deaths are classified,How BNR uses death-certificate information to create practical cardiovascular mortality classifications.,This is not full ICD-10 underlying-cause coding,77,technical guide to classifying CVD deaths,../../technical/workflows/mortality/classify.qmd,site/technical/workflows/mortality/classify.qmd,Classify CVD deaths,Mortality Step 2: apply the frozen BNR Heart/Stroke approximate mortality classifier to the private Step 1 source.,exists,Yes — local target exists,Not assessed,Local target exists.
site/methods/interpretation/classifying-cvd-deaths.qmd,How CVD deaths are classified,How BNR uses death-certificate information to create practical cardiovascular mortality classifications.,Related measures,94,CVD mortality,../measures/mortality.qmd,site/methods/measures/mortality.qmd,CVD mortality,How BNR counts and describes deaths classified as cardiovascular disease.,exists,Yes — local target exists,Not assessed,Local target exists.
site/methods/interpretation/classifying-cvd-deaths.qmd,How CVD deaths are classified,How BNR uses death-certificate information to create practical cardiovascular mortality classifications.,Related measures,95,How CVD events are classified,classifying-cvd-events.qmd,site/methods/interpretation/classifying-cvd-events.qmd,How CVD events are classified,"How BNR applies consistent event, data source, residence and period rules.",exists,Yes — local target exists,Not assessed,Local target exists.
site/methods/interpretation/classifying-cvd-deaths.qmd,How CVD deaths are classified,How BNR uses death-certificate information to create practical cardiovascular mortality classifications.,Related measures,96,"Releases, revisions and comparability",revisions-comparability.qmd,site/methods/interpretation/revisions-comparability.qmd,"Releases, revisions and comparability",How to compare BNR statistics across releases and periods.,exists,Yes — local target exists,Not assessed,Local target exists.
site/methods/interpretation/classifying-cvd-events.qmd,How CVD events are classified,"How BNR applies consistent event, data source, residence and period rules.",Main classification questions,21,Identify and assess potential cases,../../operations/pre-redcap/identify-assess.qmd,site/operations/pre-redcap/identify-assess.qmd,Identify and assess potential events,The BNR processes for case-finding and initial event assessment before REDCap data entry.,exists,Yes — local target exists,Not assessed,Local target exists.
site/methods/interpretation/classifying-cvd-events.qmd,How CVD events are classified,"How BNR applies consistent event, data source, residence and period rules.",Main classification questions,23,Statistical Analysis Plan: period definitions,../../operations/data/sap.qmd#period-definitions,site/operations/data/sap.qmd,BNR Information Hub Statistical Analysis Plan,,exists,Yes — local target exists,Not assessed,Local target exists.
site/methods/interpretation/classifying-cvd-events.qmd,How CVD events are classified,"How BNR applies consistent event, data source, residence and period rules.",Main classification questions,24,Statistical Analysis Plan: inclusion rules,../../operations/data/sap.qmd#standard-inclusion-rules,site/operations/data/sap.qmd,BNR Information Hub Statistical Analysis Plan,,exists,Yes — local target exists,Not assessed,Local target exists.
site/methods/interpretation/classifying-cvd-events.qmd,How CVD events are classified,"How BNR applies consistent event, data source, residence and period rules.",Main classification questions,25,Annual event estimates,../measures/cvd-event-counts.qmd#annual-dco-enhanced-counts,site/methods/measures/cvd-event-counts.qmd,Number of CVD events,How BNR reports hospital-registered and approved annual DCO-enhanced cardiovascular event counts.,exists,Yes — local target exists,Not assessed,Local target exists.
site/methods/interpretation/classifying-cvd-events.qmd,How CVD events are classified,"How BNR applies consistent event, data source, residence and period rules.",Main classification questions,25,How CVD deaths are classified,classifying-cvd-deaths.qmd,site/methods/interpretation/classifying-cvd-deaths.qmd,How CVD deaths are classified,How BNR uses death-certificate information to create practical cardiovascular mortality classifications.,exists,Yes — local target exists,Not assessed,Local target exists.
site/methods/interpretation/classifying-cvd-events.qmd,How CVD events are classified,"How BNR applies consistent event, data source, residence and period rules.",Main classification questions,26,Data quality and completeness,data-quality-completeness.qmd#missing-information-and-denominators,site/methods/interpretation/data-quality-completeness.qmd,Data quality and completeness,How data quality affects BNR statistics and their interpretation.,exists,Yes — local target exists,Not assessed,Local target exists.
site/methods/interpretation/classifying-cvd-events.qmd,How CVD events are classified,"How BNR applies consistent event, data source, residence and period rules.",Related measures,42,Number of CVD events,../measures/cvd-event-counts.qmd,site/methods/measures/cvd-event-counts.qmd,Number of CVD events,How BNR reports hospital-registered and approved annual DCO-enhanced cardiovascular event counts.,exists,Yes — local target exists,Not assessed,Local target exists.
site/methods/interpretation/classifying-cvd-events.qmd,How CVD events are classified,"How BNR applies consistent event, data source, residence and period rules.",Related measures,43,CVD incidence and event rates,../measures/incidence.qmd,site/methods/measures/incidence.qmd,CVD event rates,How BNR relates eligible CVD events to the Barbados population.,exists,Yes — local target exists,Not assessed,Local target exists.
site/methods/interpretation/classifying-cvd-events.qmd,How CVD events are classified,"How BNR applies consistent event, data source, residence and period rules.",Related measures,44,"Releases, revisions and comparability",revisions-comparability.qmd,site/methods/interpretation/revisions-comparability.qmd,"Releases, revisions and comparability",How to compare BNR statistics across releases and periods.,exists,Yes — local target exists,Not assessed,Local target exists.
site/methods/interpretation/confidentiality.qmd,Protecting confidentiality,How BNR reduces disclosure risk in public statistics.,Confidentiality and usefulness,43,Data Sharing Agreement,../responsible-data-use/research-data-access.qmd,site/methods/responsible-data-use/research-data-access.qmd,Research data access,"How researchers can request access to restricted, de-identified BNR data.",exists,Yes — local target exists,Not assessed,Local target exists.
site/methods/interpretation/confidentiality.qmd,Protecting confidentiality,How BNR reduces disclosure risk in public statistics.,Related measures,55,Research data access,../responsible-data-use/research-data-access.qmd,site/methods/responsible-data-use/research-data-access.qmd,Research data access,"How researchers can request access to restricted, de-identified BNR data.",exists,Yes — local target exists,Not assessed,Local target exists.
site/methods/interpretation/confidentiality.qmd,Protecting confidentiality,How BNR reduces disclosure risk in public statistics.,Related measures,56,Research Data Sharing Agreement,../responsible-data-use/research-data-access.qmd,site/methods/responsible-data-use/research-data-access.qmd,Research data access,"How researchers can request access to restricted, de-identified BNR data.",exists,Yes — local target exists,Not assessed,Local target exists.
site/methods/interpretation/counts-percentages-rates.qmd,"Counts, percentages and rates",How to choose and interpret common forms of BNR statistics.,Related measures,71,Number of CVD events,../measures/cvd-event-counts.qmd,site/methods/measures/cvd-event-counts.qmd,Number of CVD events,How BNR reports hospital-registered and approved annual DCO-enhanced cardiovascular event counts.,exists,Yes — local target exists,Not assessed,Local target exists.
site/methods/interpretation/counts-percentages-rates.qmd,"Counts, percentages and rates",How to choose and interpret common forms of BNR statistics.,Related measures,72,CVD incidence and event rates,../measures/incidence.qmd,site/methods/measures/incidence.qmd,CVD event rates,How BNR relates eligible CVD events to the Barbados population.,exists,Yes — local target exists,Not assessed,Local target exists.
site/methods/interpretation/counts-percentages-rates.qmd,"Counts, percentages and rates",How to choose and interpret common forms of BNR statistics.,Related measures,73,CVD case fatality,../measures/case-fatality.qmd,site/methods/measures/case-fatality.qmd,CVD case fatality,How BNR measures death before discharge following a hospital-registered CVD event.,exists,Yes — local target exists,Not assessed,Local target exists.
site/methods/interpretation/counts-percentages-rates.qmd,"Counts, percentages and rates",How to choose and interpret common forms of BNR statistics.,Related measures,74,CVD mortality,../measures/mortality.qmd,site/methods/measures/mortality.qmd,CVD mortality,How BNR counts and describes deaths classified as cardiovascular disease.,exists,Yes — local target exists,Not assessed,Local target exists.
site/methods/interpretation/data-quality-completeness.qmd,Data quality and completeness,How data quality affects BNR statistics and their interpretation.,Main dimensions of quality,26,meet the approved definition,./classifying-cvd-events.qmd,site/methods/interpretation/classifying-cvd-events.qmd,How CVD events are classified,"How BNR applies consistent event, data source, residence and period rules.",exists,Yes — local target exists,Not assessed,Local target exists.
site/methods/interpretation/data-quality-completeness.qmd,Data quality and completeness,How data quality affects BNR statistics and their interpretation.,Missing information and denominators,32,public data downloads,../../downloads/index.qmd,site/downloads/index.qmd,Data Downloads,Approved Barbados National Registry public output packages.,exists,Yes — local target exists,Not assessed,Local target exists.
site/methods/interpretation/data-quality-completeness.qmd,Data quality and completeness,How data quality affects BNR statistics and their interpretation.,Recent time periods and revisions,38,"Releases, revisions and comparability",revisions-comparability.qmd,site/methods/interpretation/revisions-comparability.qmd,"Releases, revisions and comparability",How to compare BNR statistics across releases and periods.,exists,Yes — local target exists,Not assessed,Local target exists.
site/methods/interpretation/data-quality-completeness.qmd,Data quality and completeness,How data quality affects BNR statistics and their interpretation.,Quality checks and uncertainty,44,here,../../operations/data/sap.qmd,site/operations/data/sap.qmd,BNR Information Hub Statistical Analysis Plan,,exists,Yes — local target exists,Not assessed,Local target exists.
site/methods/interpretation/data-quality-completeness.qmd,Data quality and completeness,How data quality affects BNR statistics and their interpretation.,Related measures,59,From health records to published statistics,../about/records-to-statistics.qmd,site/methods/about/records-to-statistics.qmd,From health records to published statistics,A plain-language overview of the BNR statistical production pathway.,exists,Yes — local target exists,Not assessed,Local target exists.
site/methods/interpretation/data-quality-completeness.qmd,Data quality and completeness,How data quality affects BNR statistics and their interpretation.,Related measures,60,"Releases, revisions and comparability",revisions-comparability.qmd,site/methods/interpretation/revisions-comparability.qmd,"Releases, revisions and comparability",How to compare BNR statistics across releases and periods.,exists,Yes — local target exists,Not assessed,Local target exists.
site/methods/interpretation/data-quality-completeness.qmd,Data quality and completeness,How data quality affects BNR statistics and their interpretation.,Related measures,61,Protecting confidentiality,confidentiality.qmd,site/methods/interpretation/confidentiality.qmd,Protecting confidentiality,How BNR reduces disclosure risk in public statistics.,exists,Yes — local target exists,Not assessed,Local target exists.
site/methods/interpretation/index.qmd,Interpreting the measures,Choose a page in this section.,"[Counts, percentages and rates](counts-percentages-rates.qmd)",11,"Counts, percentages and rates",counts-percentages-rates.qmd,site/methods/interpretation/counts-percentages-rates.qmd,"Counts, percentages and rates",How to choose and interpret common forms of BNR statistics.,exists,Yes — local target exists,Not assessed,Local target exists.
site/methods/interpretation/index.qmd,Interpreting the measures,Choose a page in this section.,[How CVD events are classified](classifying-cvd-events.qmd),21,How CVD events are classified,classifying-cvd-events.qmd,site/methods/interpretation/classifying-cvd-events.qmd,How CVD events are classified,"How BNR applies consistent event, data source, residence and period rules.",exists,Yes — local target exists,Not assessed,Local target exists.
site/methods/interpretation/index.qmd,Interpreting the measures,Choose a page in this section.,[How CVD deaths are classified](classifying-cvd-deaths.qmd),31,How CVD deaths are classified,classifying-cvd-deaths.qmd,site/methods/interpretation/classifying-cvd-deaths.qmd,How CVD deaths are classified,How BNR uses death-certificate information to create practical cardiovascular mortality classifications.,exists,Yes — local target exists,Not assessed,Local target exists.
site/methods/interpretation/index.qmd,Interpreting the measures,Choose a page in this section.,[How CVD deaths are classified](classifying-cvd-deaths.qmd),41,Browse all Methods sections,../index.qmd,site/methods/index.qmd,Public Methods Manual,Plain-language explanations of Barbados National Registry measures and methods.,exists,Yes — local target exists,Not assessed,Local target exists.
site/methods/interpretation/quality-confidentiality-index.qmd,Quality and confidentiality,Choose a page in this section.,[Data quality and completeness](data-quality-completeness.qmd),11,Data quality and completeness,data-quality-completeness.qmd,site/methods/interpretation/data-quality-completeness.qmd,Data quality and completeness,How data quality affects BNR statistics and their interpretation.,exists,Yes — local target exists,Not assessed,Local target exists.
site/methods/interpretation/quality-confidentiality-index.qmd,Quality and confidentiality,Choose a page in this section.,[Protecting confidentiality](confidentiality.qmd),21,Protecting confidentiality,confidentiality.qmd,site/methods/interpretation/confidentiality.qmd,Protecting confidentiality,How BNR reduces disclosure risk in public statistics.,exists,Yes — local target exists,Not assessed,Local target exists.
site/methods/interpretation/quality-confidentiality-index.qmd,Quality and confidentiality,Choose a page in this section.,"[Releases, revisions and comparability](revisions-comparability.qmd)",31,"Releases, revisions and comparability",revisions-comparability.qmd,site/methods/interpretation/revisions-comparability.qmd,"Releases, revisions and comparability",How to compare BNR statistics across releases and periods.,exists,Yes — local target exists,Not assessed,Local target exists.
site/methods/interpretation/quality-confidentiality-index.qmd,Quality and confidentiality,Choose a page in this section.,"[Releases, revisions and comparability](revisions-comparability.qmd)",41,Browse all Methods sections,../index.qmd,site/methods/index.qmd,Public Methods Manual,Plain-language explanations of Barbados National Registry measures and methods.,exists,Yes — local target exists,Not assessed,Local target exists.
site/methods/interpretation/revisions-comparability.qmd,"Releases, revisions and comparability",How to compare BNR statistics across releases and periods.,Related measures,67,Data quality and completeness,data-quality-completeness.qmd,site/methods/interpretation/data-quality-completeness.qmd,Data quality and completeness,How data quality affects BNR statistics and their interpretation.,exists,Yes — local target exists,Not assessed,Local target exists.
site/methods/interpretation/revisions-comparability.qmd,"Releases, revisions and comparability",How to compare BNR statistics across releases and periods.,Related measures,68,From health records to published statistics,../about/records-to-statistics.qmd,site/methods/about/records-to-statistics.qmd,From health records to published statistics,A plain-language overview of the BNR statistical production pathway.,exists,Yes — local target exists,Not assessed,Local target exists.
site/methods/interpretation/revisions-comparability.qmd,"Releases, revisions and comparability",How to compare BNR statistics across releases and periods.,Related measures,69,Data downloads,../../downloads/index.qmd,site/downloads/index.qmd,Data Downloads,Approved Barbados National Registry public output packages.,exists,Yes — local target exists,Not assessed,Local target exists.
site/methods/measures/case-fatality.qmd,CVD case fatality,How BNR measures death before discharge following a hospital-registered CVD event.,Related statistics and outputs,64,Mortality,mortality.qmd,site/methods/measures/mortality.qmd,CVD mortality,How BNR counts and describes deaths classified as cardiovascular disease.,exists,Yes — local target exists,Not assessed,Local target exists.
site/methods/measures/case-fatality.qmd,CVD case fatality,How BNR measures death before discharge following a hospital-registered CVD event.,Related statistics and outputs,65,Data quality and completeness,../interpretation/data-quality-completeness.qmd,site/methods/interpretation/data-quality-completeness.qmd,Data quality and completeness,How data quality affects BNR statistics and their interpretation.,exists,Yes — local target exists,Not assessed,Local target exists.
site/methods/measures/case-fatality.qmd,CVD case fatality,How BNR measures death before discharge following a hospital-registered CVD event.,Related statistics and outputs,66,CVD reference tables,../../surveillance/cvd/tables/index.qmd,site/surveillance/cvd/tables/index.qmd,Cardiovascular disease tables,,exists,Yes — local target exists,Not assessed,Local target exists.
site/methods/measures/cvd-event-counts.qmd,Number of CVD events,How BNR reports hospital-registered and approved annual DCO-enhanced cardiovascular event counts.,Annual DCO-enhanced counts,70,here,../interpretation/classifying-cvd-deaths.qmd,site/methods/interpretation/classifying-cvd-deaths.qmd,How CVD deaths are classified,How BNR uses death-certificate information to create practical cardiovascular mortality classifications.,exists,Yes — local target exists,Not assessed,Local target exists.
site/methods/measures/cvd-event-counts.qmd,Number of CVD events,How BNR reports hospital-registered and approved annual DCO-enhanced cardiovascular event counts.,Annual DCO-enhanced counts,70,here,../interpretation/classifying-cvd-events.qmd,site/methods/interpretation/classifying-cvd-events.qmd,How CVD events are classified,"How BNR applies consistent event, data source, residence and period rules.",exists,Yes — local target exists,Not assessed,Local target exists.
site/methods/measures/cvd-event-counts.qmd,Number of CVD events,How BNR reports hospital-registered and approved annual DCO-enhanced cardiovascular event counts.,Related statistics and outputs,80,CVD incidence and event rates,incidence.qmd,site/methods/measures/incidence.qmd,CVD event rates,How BNR relates eligible CVD events to the Barbados population.,exists,Yes — local target exists,Not assessed,Local target exists.
site/methods/measures/cvd-event-counts.qmd,Number of CVD events,How BNR reports hospital-registered and approved annual DCO-enhanced cardiovascular event counts.,Related statistics and outputs,81,How CVD events are classified,../interpretation/classifying-cvd-events.qmd,site/methods/interpretation/classifying-cvd-events.qmd,How CVD events are classified,"How BNR applies consistent event, data source, residence and period rules.",exists,Yes — local target exists,Not assessed,Local target exists.
site/methods/measures/cvd-event-counts.qmd,Number of CVD events,How BNR reports hospital-registered and approved annual DCO-enhanced cardiovascular event counts.,Related statistics and outputs,82,How CVD deaths are classified,../interpretation/classifying-cvd-deaths.qmd,site/methods/interpretation/classifying-cvd-deaths.qmd,How CVD deaths are classified,How BNR uses death-certificate information to create practical cardiovascular mortality classifications.,exists,Yes — local target exists,Not assessed,Local target exists.
site/methods/measures/cvd-event-counts.qmd,Number of CVD events,How BNR reports hospital-registered and approved annual DCO-enhanced cardiovascular event counts.,Related statistics and outputs,83,CVD surveillance outputs,../../surveillance/cvd/index.qmd,site/surveillance/cvd/index.qmd,Cardiovascular Disease Surveillance,"BNR surveillance outputs for stroke, heart attack, and related cardiovascular disease indicators.",exists,Yes — local target exists,Not assessed,Local target exists.
site/methods/measures/diabetes.qmd,Diabetes measures,Holding page for near-term BNR diabetes measure specifications.,Related pages,43,Measures overview,index.qmd,site/methods/measures/index.qmd,What BNR reports,Choose a BNR measure to understand what it shows and how to interpret it.,exists,Yes — local target exists,Not assessed,Local target exists.
site/methods/measures/diabetes.qmd,Diabetes measures,Holding page for near-term BNR diabetes measure specifications.,Related pages,44,"Counts, percentages and rates",../interpretation/counts-percentages-rates.qmd,site/methods/interpretation/counts-percentages-rates.qmd,"Counts, percentages and rates",How to choose and interpret common forms of BNR statistics.,exists,Yes — local target exists,Not assessed,Local target exists.
site/methods/measures/diabetes.qmd,Diabetes measures,Holding page for near-term BNR diabetes measure specifications.,Related pages,45,Data quality and completeness,../interpretation/data-quality-completeness.qmd,site/methods/interpretation/data-quality-completeness.qmd,Data quality and completeness,How data quality affects BNR statistics and their interpretation.,exists,Yes — local target exists,Not assessed,Local target exists.
site/methods/measures/hypertension.qmd,Hypertension measures,Holding page for near-term BNR hypertension measure specifications.,Related pages,40,Measures overview,index.qmd,site/methods/measures/index.qmd,What BNR reports,Choose a BNR measure to understand what it shows and how to interpret it.,exists,Yes — local target exists,Not assessed,Local target exists.
site/methods/measures/hypertension.qmd,Hypertension measures,Holding page for near-term BNR hypertension measure specifications.,Related pages,41,"Counts, percentages and rates",../interpretation/counts-percentages-rates.qmd,site/methods/interpretation/counts-percentages-rates.qmd,"Counts, percentages and rates",How to choose and interpret common forms of BNR statistics.,exists,Yes — local target exists,Not assessed,Local target exists.
site/methods/measures/hypertension.qmd,Hypertension measures,Holding page for near-term BNR hypertension measure specifications.,Related pages,42,Data quality and completeness,../interpretation/data-quality-completeness.qmd,site/methods/interpretation/data-quality-completeness.qmd,Data quality and completeness,How data quality affects BNR statistics and their interpretation.,exists,Yes — local target exists,Not assessed,Local target exists.
site/methods/measures/incidence.qmd,CVD event rates,How BNR relates eligible CVD events to the Barbados population.,What does this measure tell us?,34,here,../interpretation/classifying-cvd-deaths.qmd,site/methods/interpretation/classifying-cvd-deaths.qmd,How CVD deaths are classified,How BNR uses death-certificate information to create practical cardiovascular mortality classifications.,exists,Yes — local target exists,Not assessed,Local target exists.
site/methods/measures/incidence.qmd,CVD event rates,How BNR relates eligible CVD events to the Barbados population.,Things to bear in mind,109,annual report,../../surveillance/cvd/reports/annual/2025/index.qmd,site/surveillance/cvd/reports/annual/2025/index.qmd,Annual CVD report: 2025,"Annual CVD surveillance report for Barbados, including the standard surveillance section and annual Special chapter.",exists,Yes — local target exists,Not assessed,Local target exists.
site/methods/measures/incidence.qmd,CVD event rates,How BNR relates eligible CVD events to the Barbados population.,Related statistics and outputs,113,Number of CVD events,cvd-event-counts.qmd,site/methods/measures/cvd-event-counts.qmd,Number of CVD events,How BNR reports hospital-registered and approved annual DCO-enhanced cardiovascular event counts.,exists,Yes — local target exists,Not assessed,Local target exists.
site/methods/measures/incidence.qmd,CVD event rates,How BNR relates eligible CVD events to the Barbados population.,Related statistics and outputs,114,"Counts, percentages and rates",../interpretation/counts-percentages-rates.qmd,site/methods/interpretation/counts-percentages-rates.qmd,"Counts, percentages and rates",How to choose and interpret common forms of BNR statistics.,exists,Yes — local target exists,Not assessed,Local target exists.
site/methods/measures/incidence.qmd,CVD event rates,How BNR relates eligible CVD events to the Barbados population.,Related statistics and outputs,115,CVD reference tables,../../surveillance/cvd/tables/index.qmd,site/surveillance/cvd/tables/index.qmd,Cardiovascular disease tables,,exists,Yes — local target exists,Not assessed,Local target exists.
site/methods/measures/index.qmd,What BNR reports,Choose a BNR measure to understand what it shows and how to interpret it.,[Number of CVD events](cvd-event-counts.qmd),16,Number of CVD events,cvd-event-counts.qmd,site/methods/measures/cvd-event-counts.qmd,Number of CVD events,How BNR reports hospital-registered and approved annual DCO-enhanced cardiovascular event counts.,exists,Yes — local target exists,Not assessed,Local target exists.
site/methods/measures/index.qmd,What BNR reports,Choose a BNR measure to understand what it shows and how to interpret it.,[CVD incidence and event rates](incidence.qmd),26,CVD incidence and event rates,incidence.qmd,site/methods/measures/incidence.qmd,CVD event rates,How BNR relates eligible CVD events to the Barbados population.,exists,Yes — local target exists,Not assessed,Local target exists.
site/methods/measures/index.qmd,What BNR reports,Choose a BNR measure to understand what it shows and how to interpret it.,[CVD mortality](mortality.qmd),36,CVD mortality,mortality.qmd,site/methods/measures/mortality.qmd,CVD mortality,How BNR counts and describes deaths classified as cardiovascular disease.,exists,Yes — local target exists,Not assessed,Local target exists.
site/methods/measures/index.qmd,What BNR reports,Choose a BNR measure to understand what it shows and how to interpret it.,[CVD case fatality](case-fatality.qmd),46,CVD case fatality,case-fatality.qmd,site/methods/measures/case-fatality.qmd,CVD case fatality,How BNR measures death before discharge following a hospital-registered CVD event.,exists,Yes — local target exists,Not assessed,Local target exists.
site/methods/measures/index.qmd,What BNR reports,Choose a BNR measure to understand what it shows and how to interpret it.,[Hospital length of stay](length-of-stay.qmd),56,Hospital length of stay,length-of-stay.qmd,site/methods/measures/length-of-stay.qmd,Hospital length of stay,How BNR summarises hospital stay following a registered CVD event.,exists,Yes — local target exists,Not assessed,Local target exists.
site/methods/measures/index.qmd,What BNR reports,Choose a BNR measure to understand what it shows and how to interpret it.,[Hospital length of stay](length-of-stay.qmd),67,Browse all Methods sections,../index.qmd,site/methods/index.qmd,Public Methods Manual,Plain-language explanations of Barbados National Registry measures and methods.,exists,Yes — local target exists,Not assessed,Local target exists.
site/methods/measures/length-of-stay.qmd,Hospital length of stay,How BNR summarises hospital stay following a registered CVD event.,Related statistics and outputs,72,Mortality,mortality.qmd,site/methods/measures/mortality.qmd,CVD mortality,How BNR counts and describes deaths classified as cardiovascular disease.,exists,Yes — local target exists,Not assessed,Local target exists.
site/methods/measures/length-of-stay.qmd,Hospital length of stay,How BNR summarises hospital stay following a registered CVD event.,Related statistics and outputs,73,Data quality and completeness,../interpretation/data-quality-completeness.qmd,site/methods/interpretation/data-quality-completeness.qmd,Data quality and completeness,How data quality affects BNR statistics and their interpretation.,exists,Yes — local target exists,Not assessed,Local target exists.
site/methods/measures/length-of-stay.qmd,Hospital length of stay,How BNR summarises hospital stay following a registered CVD event.,Related statistics and outputs,74,CVD reference tables,../../surveillance/cvd/tables/index.qmd,site/surveillance/cvd/tables/index.qmd,Cardiovascular disease tables,,exists,Yes — local target exists,Not assessed,Local target exists.
site/methods/measures/mortality.qmd,CVD mortality,How BNR counts and describes deaths classified as cardiovascular disease.,At a glance,24,Open the CVD mortality dashboard,../../surveillance/cvd/metrics/mortality/index.qmd,site/surveillance/cvd/metrics/mortality/index.qmd,CVD mortality,,exists,Yes — local target exists,Not assessed,Local target exists.
site/methods/measures/mortality.qmd,CVD mortality,How BNR counts and describes deaths classified as cardiovascular disease.,Primary and Inclusive definitions,64,How CVD deaths are classified,../interpretation/classifying-cvd-deaths.qmd,site/methods/interpretation/classifying-cvd-deaths.qmd,How CVD deaths are classified,How BNR uses death-certificate information to create practical cardiovascular mortality classifications.,exists,Yes — local target exists,Not assessed,Local target exists.
site/methods/measures/mortality.qmd,CVD mortality,How BNR counts and describes deaths classified as cardiovascular disease.,Percentage distributions,98,"Counts, percentages and rates",../interpretation/counts-percentages-rates.qmd,site/methods/interpretation/counts-percentages-rates.qmd,"Counts, percentages and rates",How to choose and interpret common forms of BNR statistics.,exists,Yes — local target exists,Not assessed,Local target exists.
site/methods/measures/mortality.qmd,CVD mortality,How BNR counts and describes deaths classified as cardiovascular disease.,Protected values,102,protecting confidentiality,../interpretation/confidentiality.qmd,site/methods/interpretation/confidentiality.qmd,Protecting confidentiality,How BNR reduces disclosure risk in public statistics.,exists,Yes — local target exists,Not assessed,Local target exists.
site/methods/measures/mortality.qmd,CVD mortality,How BNR counts and describes deaths classified as cardiovascular disease.,Mortality is not case fatality,118,Case fatality,case-fatality.qmd,site/methods/measures/case-fatality.qmd,CVD case fatality,How BNR measures death before discharge following a hospital-registered CVD event.,exists,Yes — local target exists,Not assessed,Local target exists.
site/methods/measures/mortality.qmd,CVD mortality,How BNR counts and describes deaths classified as cardiovascular disease.,Related pages,129,How CVD deaths are classified,../interpretation/classifying-cvd-deaths.qmd,site/methods/interpretation/classifying-cvd-deaths.qmd,How CVD deaths are classified,How BNR uses death-certificate information to create practical cardiovascular mortality classifications.,exists,Yes — local target exists,Not assessed,Local target exists.
site/methods/measures/mortality.qmd,CVD mortality,How BNR counts and describes deaths classified as cardiovascular disease.,Related pages,130,"Counts, percentages and rates",../interpretation/counts-percentages-rates.qmd,site/methods/interpretation/counts-percentages-rates.qmd,"Counts, percentages and rates",How to choose and interpret common forms of BNR statistics.,exists,Yes — local target exists,Not assessed,Local target exists.
site/methods/measures/mortality.qmd,CVD mortality,How BNR counts and describes deaths classified as cardiovascular disease.,Related pages,131,Protecting confidentiality,../interpretation/confidentiality.qmd,site/methods/interpretation/confidentiality.qmd,Protecting confidentiality,How BNR reduces disclosure risk in public statistics.,exists,Yes — local target exists,Not assessed,Local target exists.
site/methods/measures/mortality.qmd,CVD mortality,How BNR counts and describes deaths classified as cardiovascular disease.,Related pages,132,"Releases, revisions and comparability",../interpretation/revisions-comparability.qmd,site/methods/interpretation/revisions-comparability.qmd,"Releases, revisions and comparability",How to compare BNR statistics across releases and periods.,exists,Yes — local target exists,Not assessed,Local target exists.
site/methods/reference/glossary.qmd,Glossary,Plain-language definitions of terms used in BNR publications.,Related pages,134,"Counts, percentages and rates",../interpretation/counts-percentages-rates.qmd,site/methods/interpretation/counts-percentages-rates.qmd,"Counts, percentages and rates",How to choose and interpret common forms of BNR statistics.,exists,Yes — local target exists,Not assessed,Local target exists.
site/methods/reference/glossary.qmd,Glossary,Plain-language definitions of terms used in BNR publications.,Related pages,135,Measures overview,../measures/index.qmd,site/methods/measures/index.qmd,What BNR reports,Choose a BNR measure to understand what it shows and how to interpret it.,exists,Yes — local target exists,Not assessed,Local target exists.
site/methods/reference/index.qmd,Reference and data access,Choose a page in this section.,[Glossary](glossary.qmd),11,Glossary,glossary.qmd,site/methods/reference/glossary.qmd,Glossary,Plain-language definitions of terms used in BNR publications.,exists,Yes — local target exists,Not assessed,Local target exists.
site/methods/reference/index.qmd,Reference and data access,Choose a page in this section.,[Research data access](../responsible-data-use/research-data-access.qmd),21,Research data access,../responsible-data-use/research-data-access.qmd,site/methods/responsible-data-use/research-data-access.qmd,Research data access,"How researchers can request access to restricted, de-identified BNR data.",exists,Yes — local target exists,Not assessed,Local target exists.
site/methods/reference/index.qmd,Reference and data access,Choose a page in this section.,[Research data access](../responsible-data-use/research-data-access.qmd),31,Browse all Methods sections,../index.qmd,site/methods/index.qmd,Public Methods Manual,Plain-language explanations of Barbados National Registry measures and methods.,exists,Yes — local target exists,Not assessed,Local target exists.
site/methods/responsible-data-use/research-data-access.qmd,Research data access,"How researchers can request access to restricted, de-identified BNR data.",Before applying,15,data downloads,../../downloads/index.qmd,site/downloads/index.qmd,Data Downloads,Approved Barbados National Registry public output packages.,exists,Yes — local target exists,Not assessed,Local target exists.
site/methods/responsible-data-use/research-data-access.qmd,Research data access,"How researchers can request access to restricted, de-identified BNR data.",Related pages,55,Protecting confidentiality,../interpretation/confidentiality.qmd,site/methods/interpretation/confidentiality.qmd,Protecting confidentiality,How BNR reduces disclosure risk in public statistics.,exists,Yes — local target exists,Not assessed,Local target exists.
site/methods/responsible-data-use/research-data-access.qmd,Research data access,"How researchers can request access to restricted, de-identified BNR data.",Related pages,56,Data downloads,../../downloads/index.qmd,site/downloads/index.qmd,Data Downloads,Approved Barbados National Registry public output packages.,exists,Yes — local target exists,Not assessed,Local target exists.
site/news/index.qmd,Latest Surveillance Outputs,Latest public outputs from the Barbados National Registry Information Hub.,Live surveillance,40,Latest CVD events,../surveillance/cvd/metrics/burden/index.qmd,site/surveillance/cvd/metrics/burden/index.qmd,CVD events,,exists,Yes — local target exists,Not assessed,Local target exists.
site/news/index.qmd,Latest Surveillance Outputs,Latest public outputs from the Barbados National Registry Information Hub.,Live surveillance,40,Latest CVD deaths,../surveillance/cvd/metrics/mortality/index.qmd,site/surveillance/cvd/metrics/mortality/index.qmd,CVD mortality,,exists,Yes — local target exists,Not assessed,Local target exists.
site/news/index.qmd,Latest Surveillance Outputs,Latest public outputs from the Barbados National Registry Information Hub.,Latest tabulations,52,Latest CVD tables,../surveillance/cvd/tables/index.qmd,site/surveillance/cvd/tables/index.qmd,Cardiovascular disease tables,,exists,Yes — local target exists,Not assessed,Local target exists.
site/operations/bnr-refit/audit-full.qmd,BNR audit findings,Page presents the full BNR audit performed by Ian Hambleton in Aug-2025.,BNR Process Audit: Findings,76,Executive Summary,index.qmd,site/operations/bnr-refit/index.qmd,BNR Refit Audit,,exists,Yes — local target exists,Not assessed,Local target exists.
site/operations/bnr-refit/cvd-data-rebuild.qmd,CVD Dataset rebuild 2025,Our Data Preparation Process,Our Findings,207,Distribution of duplicate dataset filenames in the DM/ directory,./images/cvd_file_instances.png,site/operations/bnr-refit/images/cvd_file_instances.png,,,exists,Yes — local target exists,Not assessed,Local target exists.
site/operations/bnr-refit/index.qmd,BNR Refit Audit,,Historical documents,35,Refit audit summary,audit-summary.qmd,site/operations/bnr-refit/audit-summary.qmd,BNR audit summary,Page presents the summary BNR audit performed by Ian Hambleton in Aug-2025.,exists,Yes — local target exists,Not assessed,Local target exists.
site/operations/bnr-refit/index.qmd,BNR Refit Audit,,Historical documents,36,Full refit audit,audit-full.qmd,site/operations/bnr-refit/audit-full.qmd,BNR audit findings,Page presents the full BNR audit performed by Ian Hambleton in Aug-2025.,exists,Yes — local target exists,Not assessed,Local target exists.
site/operations/bnr-refit/index.qmd,BNR Refit Audit,,Historical documents,37,CVD dataset rebuild,cvd-data-rebuild.qmd,site/operations/bnr-refit/cvd-data-rebuild.qmd,CVD Dataset rebuild 2025,Our Data Preparation Process,exists,Yes — local target exists,Not assessed,Local target exists.
site/operations/bnr-refit/section-index.qmd,Historical refit record,Choose an Operations Manual page in this section.,[About the audit](index.qmd),12,About the audit,index.qmd,site/operations/bnr-refit/index.qmd,BNR Refit Audit,,exists,Yes — local target exists,Not assessed,Local target exists.
site/operations/bnr-refit/section-index.qmd,Historical refit record,Choose an Operations Manual page in this section.,[Audit summary](audit-summary.qmd),22,Audit summary,audit-summary.qmd,site/operations/bnr-refit/audit-summary.qmd,BNR audit summary,Page presents the summary BNR audit performed by Ian Hambleton in Aug-2025.,exists,Yes — local target exists,Not assessed,Local target exists.
site/operations/bnr-refit/section-index.qmd,Historical refit record,Choose an Operations Manual page in this section.,[Full audit](audit-full.qmd),32,Full audit,audit-full.qmd,site/operations/bnr-refit/audit-full.qmd,BNR audit findings,Page presents the full BNR audit performed by Ian Hambleton in Aug-2025.,exists,Yes — local target exists,Not assessed,Local target exists.
site/operations/bnr-refit/section-index.qmd,Historical refit record,Choose an Operations Manual page in this section.,[CVD dataset rebuild](cvd-data-rebuild.qmd),42,CVD dataset rebuild,cvd-data-rebuild.qmd,site/operations/bnr-refit/cvd-data-rebuild.qmd,CVD Dataset rebuild 2025,Our Data Preparation Process,exists,Yes — local target exists,Not assessed,Local target exists.
site/operations/bnr-refit/section-index.qmd,Historical refit record,Choose an Operations Manual page in this section.,[CVD dataset rebuild](cvd-data-rebuild.qmd),52,Browse all Operations sections,../index.qmd,site/operations/index.qmd,Operations Manual,"How the Barbados National Registry carries out, governs and records its routine work.",exists,Yes — local target exists,Not assessed,Local target exists.
site/operations/data/analysis-framework.qmd,BNR analysis framework,The standing statistical rules and metric definitions used for routine BNR reporting.,Documents,19,Statistical Analysis Plan,sap.qmd,site/operations/data/sap.qmd,BNR Information Hub Statistical Analysis Plan,,exists,Yes — local target exists,Not assessed,Local target exists.
site/operations/data/analysis-framework.qmd,BNR analysis framework,The standing statistical rules and metric definitions used for routine BNR reporting.,Documents,20,Metric specification register,sap-metrics.qmd,site/operations/data/sap-metrics.qmd,BNR Metric Specification Register,,exists,Yes — local target exists,Not assessed,Local target exists.
site/operations/data/data-governance/dsa-om.qmd,Research Data Sharing Agreement,"How BNR staff issue, countersign, store and audit agreements in REDCap.",Related guidance,61,Handle data-access requests,../../governance/data-access-requests.qmd,site/operations/governance/data-access-requests.qmd,Handle a data-access request,The controlled REDCap route from application to closure.,exists,Yes — local target exists,Not assessed,Local target exists.
site/operations/data/data-governance/dsa-om.qmd,Research Data Sharing Agreement,"How BNR staff issue, countersign, store and audit agreements in REDCap.",Related guidance,62,Data sharing and re-use procedure,sharing-sop.qmd,site/operations/data/data-governance/sharing-sop.qmd,Data-sharing procedure,"Operational controls for preparing, approving, transferring and closing a non-public BNR data release.",exists,Yes — local target exists,Not assessed,Local target exists.
site/operations/data/data-governance/dsa-om.qmd,Research Data Sharing Agreement,"How BNR staff issue, countersign, store and audit agreements in REDCap.",Related guidance,63,Technical Manual: disclosure control,../../../technical/controls/disclosure-control.qmd,site/technical/controls/disclosure-control.qmd,Disclosure control,Apply BNR's n < 6 small-number rule and complete human disclosure review.,exists,Yes — local target exists,Not assessed,Local target exists.
site/operations/data/data-governance/sharing-sop.qmd,Data-sharing procedure,"Operational controls for preparing, approving, transferring and closing a non-public BNR data release.",Monitor and close,62,data-access request procedure,../../governance/data-access-requests.qmd,site/operations/governance/data-access-requests.qmd,Handle a data-access request,The controlled REDCap route from application to closure.,exists,Yes — local target exists,Not assessed,Local target exists.
site/operations/data/sap-metrics.qmd,BNR Metric Specification Register,,Document control,25,BNR Information Hub Statistical Analysis Plan,sap.qmd,site/operations/data/sap.qmd,BNR Information Hub Statistical Analysis Plan,,exists,Yes — local target exists,Not assessed,Local target exists.
site/operations/data/sap.qmd,BNR Information Hub Statistical Analysis Plan,,Document control,27,BNR Metric Specification Register,sap-metrics.qmd,site/operations/data/sap-metrics.qmd,BNR Metric Specification Register,,exists,Yes — local target exists,Not assessed,Local target exists.
site/operations/data/sap.qmd,BNR Information Hub Statistical Analysis Plan,,Scope,51,BNR Metric Specification Register,sap-metrics.qmd,site/operations/data/sap-metrics.qmd,BNR Metric Specification Register,,exists,Yes — local target exists,Not assessed,Local target exists.
site/operations/data/sap.qmd,BNR Information Hub Statistical Analysis Plan,,Units of analysis,83,BNR Metric Specification Register,sap-metrics.qmd,site/operations/data/sap-metrics.qmd,BNR Metric Specification Register,,exists,Yes — local target exists,Not assessed,Local target exists.
site/operations/data/sap.qmd,BNR Information Hub Statistical Analysis Plan,,Standard inclusion rules,120,BNR Metric Specification Register,sap-metrics.qmd,site/operations/data/sap-metrics.qmd,BNR Metric Specification Register,,exists,Yes — local target exists,Not assessed,Local target exists.
site/operations/data/sap.qmd,BNR Information Hub Statistical Analysis Plan,,Age-standardised rates,217,BNR Metric Specification Register,sap-metrics.qmd,site/operations/data/sap-metrics.qmd,BNR Metric Specification Register,,exists,Yes — local target exists,Not assessed,Local target exists.
site/operations/data/sap.qmd,BNR Information Hub Statistical Analysis Plan,,Model-adjusted metrics,241,BNR Metric Specification Register,sap-metrics.qmd,site/operations/data/sap-metrics.qmd,BNR Metric Specification Register,,exists,Yes — local target exists,Not assessed,Local target exists.
site/operations/data/sap.qmd,BNR Information Hub Statistical Analysis Plan,,Small numbers and disclosure control,303,Technical Manual disclosure-control chapter,../../technical/controls/disclosure-control.qmd,site/technical/controls/disclosure-control.qmd,Disclosure control,Apply BNR's n < 6 small-number rule and complete human disclosure review.,exists,Yes — local target exists,Not assessed,Local target exists.
site/operations/data/sap.qmd,BNR Information Hub Statistical Analysis Plan,,Change control,443,BNR Metric Specification Register,sap-metrics.qmd,site/operations/data/sap-metrics.qmd,BNR Metric Specification Register,,exists,Yes — local target exists,Not assessed,Local target exists.
site/operations/data/section-index.qmd,BNR analysis framework,Choose an Operations Manual page in this section.,[Analysis framework overview](analysis-framework.qmd),12,Analysis framework overview,analysis-framework.qmd,site/operations/data/analysis-framework.qmd,BNR analysis framework,The standing statistical rules and metric definitions used for routine BNR reporting.,exists,Yes — local target exists,Not assessed,Local target exists.
site/operations/data/section-index.qmd,BNR analysis framework,Choose an Operations Manual page in this section.,[Statistical Analysis Plan](sap.qmd),22,Statistical Analysis Plan,sap.qmd,site/operations/data/sap.qmd,BNR Information Hub Statistical Analysis Plan,,exists,Yes — local target exists,Not assessed,Local target exists.
site/operations/data/section-index.qmd,BNR analysis framework,Choose an Operations Manual page in this section.,[Metric specification register](sap-metrics.qmd),32,Metric specification register,sap-metrics.qmd,site/operations/data/sap-metrics.qmd,BNR Metric Specification Register,,exists,Yes — local target exists,Not assessed,Local target exists.
site/operations/data/section-index.qmd,BNR analysis framework,Choose an Operations Manual page in this section.,[Metric specification register](sap-metrics.qmd),42,Browse all Operations sections,../index.qmd,site/operations/index.qmd,Operations Manual,"How the Barbados National Registry carries out, governs and records its routine work.",exists,Yes — local target exists,Not assessed,Local target exists.
site/operations/governance/data-access-requests.qmd,Handle a data-access request,The controlled REDCap route from application to closure.,Related guidance,58,Research Data Sharing Agreement,../data/data-governance/dsa-om.qmd,site/operations/data/data-governance/dsa-om.qmd,Research Data Sharing Agreement,"How BNR staff issue, countersign, store and audit agreements in REDCap.",exists,Yes — local target exists,Not assessed,Local target exists.
site/operations/governance/data-access-requests.qmd,Handle a data-access request,The controlled REDCap route from application to closure.,Related guidance,59,Data sharing and re-use procedure,../data/data-governance/sharing-sop.qmd,site/operations/data/data-governance/sharing-sop.qmd,Data-sharing procedure,"Operational controls for preparing, approving, transferring and closing a non-public BNR data release.",exists,Yes — local target exists,Not assessed,Local target exists.
site/operations/governance/data-access-requests.qmd,Handle a data-access request,The controlled REDCap route from application to closure.,Related guidance,60,Technical Manual: disclosure control,../../technical/controls/disclosure-control.qmd,site/technical/controls/disclosure-control.qmd,Disclosure control,Apply BNR's n < 6 small-number rule and complete human disclosure review.,exists,Yes — local target exists,Not assessed,Local target exists.
site/operations/governance/data-sharing-governance.qmd,Data sharing and governance,The authoritative Operations Manual route for requests to use non-public BNR data.,Authoritative route,23,Handle the data-access request,data-access-requests.qmd,site/operations/governance/data-access-requests.qmd,Handle a data-access request,The controlled REDCap route from application to closure.,exists,Yes — local target exists,Not assessed,Local target exists.
site/operations/governance/data-sharing-governance.qmd,Data sharing and governance,The authoritative Operations Manual route for requests to use non-public BNR data.,Authoritative route,24,data-sharing procedure,../data/data-governance/sharing-sop.qmd,site/operations/data/data-governance/sharing-sop.qmd,Data-sharing procedure,"Operational controls for preparing, approving, transferring and closing a non-public BNR data release.",exists,Yes — local target exists,Not assessed,Local target exists.
site/operations/governance/data-sharing-governance.qmd,Data sharing and governance,The authoritative Operations Manual route for requests to use non-public BNR data.,Authoritative route,25,Data Sharing Agreement,../data/data-governance/dsa-om.qmd,site/operations/data/data-governance/dsa-om.qmd,Research Data Sharing Agreement,"How BNR staff issue, countersign, store and audit agreements in REDCap.",exists,Yes — local target exists,Not assessed,Local target exists.
site/operations/governance/section-index.qmd,Data sharing and governance,Choose an Operations Manual page in this section.,[Governance overview](data-sharing-governance.qmd),12,Governance overview,data-sharing-governance.qmd,site/operations/governance/data-sharing-governance.qmd,Data sharing and governance,The authoritative Operations Manual route for requests to use non-public BNR data.,exists,Yes — local target exists,Not assessed,Local target exists.
site/operations/governance/section-index.qmd,Data sharing and governance,Choose an Operations Manual page in this section.,[Handle a data request](data-access-requests.qmd),22,Handle a data request,data-access-requests.qmd,site/operations/governance/data-access-requests.qmd,Handle a data-access request,The controlled REDCap route from application to closure.,exists,Yes — local target exists,Not assessed,Local target exists.
site/operations/governance/section-index.qmd,Data sharing and governance,Choose an Operations Manual page in this section.,[Data-sharing procedure](../data/data-governance/sharing-sop.qmd),32,Data-sharing procedure,../data/data-governance/sharing-sop.qmd,site/operations/data/data-governance/sharing-sop.qmd,Data-sharing procedure,"Operational controls for preparing, approving, transferring and closing a non-public BNR data release.",exists,Yes — local target exists,Not assessed,Local target exists.
site/operations/governance/section-index.qmd,Data sharing and governance,Choose an Operations Manual page in this section.,[Data Sharing Agreement](../data/data-governance/dsa-om.qmd),42,Data Sharing Agreement,../data/data-governance/dsa-om.qmd,site/operations/data/data-governance/dsa-om.qmd,Research Data Sharing Agreement,"How BNR staff issue, countersign, store and audit agreements in REDCap.",exists,Yes — local target exists,Not assessed,Local target exists.
site/operations/governance/section-index.qmd,Data sharing and governance,Choose an Operations Manual page in this section.,[Data Sharing Agreement](../data/data-governance/dsa-om.qmd),52,Browse all Operations sections,../index.qmd,site/operations/index.qmd,Operations Manual,"How the Barbados National Registry carries out, governs and records its routine work.",exists,Yes — local target exists,Not assessed,Local target exists.
site/operations/index.qmd,Operations Manual,"How the Barbados National Registry carries out, governs and records its routine work.",How the registry works,34,Explore section,operating-model/section-index.qmd,site/operations/operating-model/section-index.qmd,How the registry works,Choose an Operations Manual page in this section.,exists,Yes — local target exists,Not assessed,Local target exists.
site/operations/index.qmd,Operations Manual,"How the Barbados National Registry carries out, governs and records its routine work.",Before REDCap,52,Explore section,pre-redcap/section-index.qmd,site/operations/pre-redcap/section-index.qmd,Before REDCap,Choose an Operations Manual page in this section.,exists,Yes — local target exists,Not assessed,Local target exists.
site/operations/index.qmd,Operations Manual,"How the Barbados National Registry carries out, governs and records its routine work.",Working in REDCap,70,Explore section,redcap/section-index.qmd,site/operations/redcap/section-index.qmd,Working in REDCap,Choose an Operations Manual page in this section.,exists,Yes — local target exists,Not assessed,Local target exists.
site/operations/index.qmd,Operations Manual,"How the Barbados National Registry carries out, governs and records its routine work.",After REDCap,88,Explore section,post-redcap/section-index.qmd,site/operations/post-redcap/section-index.qmd,Post-REDCap analytics and publishing,Choose an Operations Manual page in this section.,exists,Yes — local target exists,Not assessed,Local target exists.
site/operations/index.qmd,Operations Manual,"How the Barbados National Registry carries out, governs and records its routine work.",BNR analysis framework,106,Explore section,data/section-index.qmd,site/operations/data/section-index.qmd,BNR analysis framework,Choose an Operations Manual page in this section.,exists,Yes — local target exists,Not assessed,Local target exists.
site/operations/index.qmd,Operations Manual,"How the Barbados National Registry carries out, governs and records its routine work.",Data sharing & governance,124,Explore section,governance/section-index.qmd,site/operations/governance/section-index.qmd,Data sharing and governance,Choose an Operations Manual page in this section.,exists,Yes — local target exists,Not assessed,Local target exists.
site/operations/index.qmd,Operations Manual,"How the Barbados National Registry carries out, governs and records its routine work.",Historical refit record,142,Explore section,bnr-refit/section-index.qmd,site/operations/bnr-refit/section-index.qmd,Historical refit record,Choose an Operations Manual page in this section.,exists,Yes — local target exists,Not assessed,Local target exists.
site/operations/index.qmd,Operations Manual,"How the Barbados National Registry carries out, governs and records its routine work.",The three BNR manuals,165,Technical Manual,../technical/index.qmd,site/technical/index.qmd,BNR Technical Manual,"Run, validate, troubleshoot, recover and maintain the implemented BNR analytical and publication system.",exists,Yes — local target exists,Not assessed,Local target exists.
site/operations/index.qmd,Operations Manual,"How the Barbados National Registry carries out, governs and records its routine work.",The three BNR manuals,166,Public Methods Manual,../methods/index.qmd,site/methods/index.qmd,Public Methods Manual,Plain-language explanations of Barbados National Registry measures and methods.,exists,Yes — local target exists,Not assessed,Local target exists.
site/operations/operating-model/routine-cycle.qmd,From cases to statistics,The route from case-finding through REDCap to approved BNR statistics.,Before REDCap,19,Identify potential cases,../pre-redcap/identify-assess.qmd,site/operations/pre-redcap/identify-assess.qmd,Identify and assess potential events,The BNR processes for case-finding and initial event assessment before REDCap data entry.,exists,Yes — local target exists,Not assessed,Local target exists.
site/operations/operating-model/routine-cycle.qmd,From cases to statistics,The route from case-finding through REDCap to approved BNR statistics.,Before REDCap,20,Abstract source information,../pre-redcap/abstract-verify.qmd,site/operations/pre-redcap/abstract-verify.qmd,Abstract and verify source information,The BNR processes for abstraction and verification before REDCap data entry.,exists,Yes — local target exists,Not assessed,Local target exists.
site/operations/operating-model/routine-cycle.qmd,From cases to statistics,The route from case-finding through REDCap to approved BNR statistics.,Working in REDCap,26,Create and complete a record,../redcap/create-complete-record.qmd,site/operations/redcap/create-complete-record.qmd,Create and complete a new record,The BNR process for creating one authoritative event record in REDCap.,exists,Yes — local target exists,Not assessed,Local target exists.
site/operations/operating-model/routine-cycle.qmd,From cases to statistics,The route from case-finding through REDCap to approved BNR statistics.,Working in REDCap,27,Resolve record queries,../redcap/resolve-record-queries.qmd,site/operations/redcap/resolve-record-queries.qmd,Resolve record queries,"The BNR processes for resolving duplicates, missing information and uncertain event records.",exists,Yes — local target exists,Not assessed,Local target exists.
site/operations/operating-model/routine-cycle.qmd,From cases to statistics,The route from case-finding through REDCap to approved BNR statistics.,Working in REDCap,28,Maintain the REDCap database,../redcap/database-maintenance.qmd,site/operations/redcap/database-maintenance.qmd,REDCap database maintenance,The BNR process for controlled maintenance of the live registry database.,exists,Yes — local target exists,Not assessed,Local target exists.
site/operations/operating-model/routine-cycle.qmd,From cases to statistics,The route from case-finding through REDCap to approved BNR statistics.,Working in REDCap,29,Approve a data record,../redcap/approve-data-record.qmd,site/operations/redcap/approve-data-record.qmd,Approve a data record,The BNR process for confirming that a REDCap event record is ready for analytical use.,exists,Yes — local target exists,Not assessed,Local target exists.
site/operations/operating-model/routine-cycle.qmd,From cases to statistics,The route from case-finding through REDCap to approved BNR statistics.,Post-REDCap analytics & publishing,37,Authorise a data release,../release/data-release.qmd,site/operations/release/data-release.qmd,Extract data from REDCap,,exists,Yes — local target exists,Not assessed,Local target exists.
site/operations/operating-model/routine-cycle.qmd,From cases to statistics,The route from case-finding through REDCap to approved BNR statistics.,Post-REDCap analytics & publishing,38,CVD events workflow,../post-redcap/cvd-events-workflow.qmd,site/operations/post-redcap/cvd-events-workflow.qmd,Run the CVD event release workflow,"Export, prepare, review, approve and publish CVD event statistics in six steps.",exists,Yes — local target exists,Not assessed,Local target exists.
site/operations/operating-model/routine-cycle.qmd,From cases to statistics,The route from case-finding through REDCap to approved BNR statistics.,Post-REDCap analytics & publishing,39,CVD mortality workflow,../post-redcap/mortality-workflow.qmd,site/operations/post-redcap/mortality-workflow.qmd,Run the CVD mortality release workflow,"Export, classify, review, approve and publish CVD mortality statistics in six steps.",exists,Yes — local target exists,Not assessed,Local target exists.
site/operations/operating-model/routine-cycle.qmd,From cases to statistics,The route from case-finding through REDCap to approved BNR statistics.,Post-REDCap analytics & publishing,40,Post-REDCap overview,../post-redcap/index.qmd,site/operations/post-redcap/index.qmd,Post-REDCap analytics and publishing,"Choose the controlled route for CVD event, mortality and reporting products.",exists,Yes — local target exists,Not assessed,Local target exists.
site/operations/operating-model/routine-cycle.qmd,From cases to statistics,The route from case-finding through REDCap to approved BNR statistics.,Post-REDCap analytics & publishing,41,BNR reporting workflows,../post-redcap/reporting-workflows.qmd,site/operations/post-redcap/reporting-workflows.qmd,Run BNR reporting workflows,"Operational responsibilities for the rolling update, annual CVD report and one-off CVD reports.",exists,Yes — local target exists,Not assessed,Local target exists.
site/operations/operating-model/routine-cycle.qmd,From cases to statistics,The route from case-finding through REDCap to approved BNR statistics.,Post-REDCap analytics & publishing,42,"Review, approve and publish",../release/review-approve-publish.qmd,site/operations/release/review-approve-publish.qmd,"Review, approve and publish",,exists,Yes — local target exists,Not assessed,Local target exists.
site/operations/operating-model/routine-cycle.qmd,From cases to statistics,The route from case-finding through REDCap to approved BNR statistics.,Post-REDCap analytics & publishing,43,Correct or replace a release,../release/correct-release.qmd,site/operations/release/correct-release.qmd,Correct or replace a release,,exists,Yes — local target exists,Not assessed,Local target exists.
site/operations/operating-model/routine-cycle.qmd,From cases to statistics,The route from case-finding through REDCap to approved BNR statistics.,Rules that apply throughout,55,BNR user roles,roles-decision-rights.qmd,site/operations/operating-model/roles-decision-rights.qmd,Roles and decision rights,,exists,Yes — local target exists,Not assessed,Local target exists.
site/operations/operating-model/section-index.qmd,How the registry works,Choose an Operations Manual page in this section.,[Roles and decision rights](roles-decision-rights.qmd),12,Roles and decision rights,roles-decision-rights.qmd,site/operations/operating-model/roles-decision-rights.qmd,Roles and decision rights,,exists,Yes — local target exists,Not assessed,Local target exists.
site/operations/operating-model/section-index.qmd,How the registry works,Choose an Operations Manual page in this section.,[From cases to statistics](routine-cycle.qmd),22,From cases to statistics,routine-cycle.qmd,site/operations/operating-model/routine-cycle.qmd,From cases to statistics,The route from case-finding through REDCap to approved BNR statistics.,exists,Yes — local target exists,Not assessed,Local target exists.
site/operations/operating-model/section-index.qmd,How the registry works,Choose an Operations Manual page in this section.,[Records and handover](records-handover.qmd),32,Records and handover,records-handover.qmd,site/operations/operating-model/records-handover.qmd,BNR operations continuity,,exists,Yes — local target exists,Not assessed,Local target exists.
site/operations/operating-model/section-index.qmd,How the registry works,Choose an Operations Manual page in this section.,[Records and handover](records-handover.qmd),42,Browse all Operations sections,../index.qmd,site/operations/index.qmd,Operations Manual,"How the Barbados National Registry carries out, governs and records its routine work.",exists,Yes — local target exists,Not assessed,Local target exists.
site/operations/post-redcap/cvd-events-workflow.qmd,Run the CVD event release workflow,"Export, prepare, review, approve and publish CVD event statistics in six steps.",Before starting,19,Authorise a data export,../release/data-release.qmd,site/operations/release/data-release.qmd,Extract data from REDCap,,exists,Yes — local target exists,Not assessed,Local target exists.
site/operations/post-redcap/cvd-events-workflow.qmd,Run the CVD event release workflow,"Export, prepare, review, approve and publish CVD event statistics in six steps.",Step 1: extract the REDCap data,36,CVD events Step 1: Extract a REDCap release,../../technical/workflows/cvd-events/extract-redcap.qmd,site/technical/workflows/cvd-events/extract-redcap.qmd,Extract a REDCap release,Step 1: create and check the private cumulative REDCap snapshot for a completed monthly release.,exists,Yes — local target exists,Not assessed,Local target exists.
site/operations/post-redcap/cvd-events-workflow.qmd,Run the CVD event release workflow,"Export, prepare, review, approve and publish CVD event statistics in six steps.",Step 2: build the complete confidential dataset,50,CVD events Step 2: Prepare the confidential dataset,../../technical/workflows/cvd-events/prepare-confidential.qmd,site/technical/workflows/cvd-events/prepare-confidential.qmd,Prepare the confidential dataset,Step 2: combine the selected REDCap release with the frozen historical CVD dataset.,exists,Yes — local target exists,Not assessed,Local target exists.
site/operations/post-redcap/cvd-events-workflow.qmd,Run the CVD event release workflow,"Export, prepare, review, approve and publish CVD event statistics in six steps.",Step 3: create de-identified analytical datasets,65,CVD events Step 3: Create deidentified analytical inputs,../../technical/workflows/cvd-events/create-analysis-inputs.qmd,site/technical/workflows/cvd-events/create-analysis-inputs.qmd,Create deidentified analytical inputs,Step 3: create the private deidentified datasets used by authorised downstream analyses.,exists,Yes — local target exists,Not assessed,Local target exists.
site/operations/post-redcap/cvd-events-workflow.qmd,Run the CVD event release workflow,"Export, prepare, review, approve and publish CVD event statistics in six steps.",Step 4: calculate the CVD event statistics,87,CVD events Step 4: Generate combined CVD metrics,../../technical/workflows/cvd-events/generate-metrics.qmd,site/technical/workflows/cvd-events/generate-metrics.qmd,Generate combined CVD metrics,Step 4: calculate the private combined CVD count and annual-rate staging package.,exists,Yes — local target exists,Not assessed,Local target exists.
site/operations/post-redcap/cvd-events-workflow.qmd,Run the CVD event release workflow,"Export, prepare, review, approve and publish CVD event statistics in six steps.",Step 5: review and approve the release,103,CVD events Step 5: Review and approve combined CVD metrics,../../technical/workflows/cvd-events/review-approve.qmd,site/technical/workflows/cvd-events/review-approve.qmd,Review and approve combined CVD metrics,Step 5: prepare disclosure-review evidence and record approval.,exists,Yes — local target exists,Not assessed,Local target exists.
site/operations/post-redcap/cvd-events-workflow.qmd,Run the CVD event release workflow,"Export, prepare, review, approve and publish CVD event statistics in six steps.",Step 6: publish the approved files,117,CVD events Step 6: Publish approved combined CVD metrics,../../technical/workflows/cvd-events/publish-metrics.qmd,site/technical/workflows/cvd-events/publish-metrics.qmd,Publish approved combined CVD metrics,Step 6: verify and promote the approved combined CVD package.,exists,Yes — local target exists,Not assessed,Local target exists.
site/operations/post-redcap/index.qmd,Post-REDCap analytics and publishing,"Choose the controlled route for CVD event, mortality and reporting products.",Choose the route,25,CVD event workflow,../../technical/workflows/cvd-events/overview.qmd,site/technical/workflows/cvd-events/overview.qmd,Run the CVD events workflow,"Run the six-step CVD events workflow from REDCap extract through review, approval and publication.",exists,Yes — local target exists,Not assessed,Local target exists.
site/operations/post-redcap/index.qmd,Post-REDCap analytics and publishing,"Choose the controlled route for CVD event, mortality and reporting products.",Choose the route,25,CVD event release workflow,cvd-events-workflow.qmd,site/operations/post-redcap/cvd-events-workflow.qmd,Run the CVD event release workflow,"Export, prepare, review, approve and publish CVD event statistics in six steps.",exists,Yes — local target exists,Not assessed,Local target exists.
site/operations/post-redcap/index.qmd,Post-REDCap analytics and publishing,"Choose the controlled route for CVD event, mortality and reporting products.",Choose the route,26,Mortality workflow,../../technical/workflows/mortality/overview.qmd,site/technical/workflows/mortality/overview.qmd,Run the CVD mortality workflow,"Run the six-step mortality workflow from the private death-certificate extract through classification, review, approval and controlled publication.",exists,Yes — local target exists,Not assessed,Local target exists.
site/operations/post-redcap/index.qmd,Post-REDCap analytics and publishing,"Choose the controlled route for CVD event, mortality and reporting products.",Choose the route,26,CVD mortality release workflow,mortality-workflow.qmd,site/operations/post-redcap/mortality-workflow.qmd,Run the CVD mortality release workflow,"Export, classify, review, approve and publish CVD mortality statistics in six steps.",exists,Yes — local target exists,Not assessed,Local target exists.
site/operations/post-redcap/index.qmd,Post-REDCap analytics and publishing,"Choose the controlled route for CVD event, mortality and reporting products.",Choose the route,27,Rolling update,../../technical/workflows/reporting/rolling-update.qmd,site/technical/workflows/reporting/rolling-update.qmd,Build a rolling three-month CVD update,Run the controlled one-step builder for a dated online update from approved public releases.,exists,Yes — local target exists,Not assessed,Local target exists.
site/operations/post-redcap/index.qmd,Post-REDCap analytics and publishing,"Choose the controlled route for CVD event, mortality and reporting products.",Choose the route,27,Reporting workflows,reporting-workflows.qmd,site/operations/post-redcap/reporting-workflows.qmd,Run BNR reporting workflows,"Operational responsibilities for the rolling update, annual CVD report and one-off CVD reports.",exists,Yes — local target exists,Not assessed,Local target exists.
site/operations/post-redcap/index.qmd,Post-REDCap analytics and publishing,"Choose the controlled route for CVD event, mortality and reporting products.",Choose the route,28,Annual report,../../technical/workflows/reporting/annual-report.qmd,site/technical/workflows/reporting/annual-report.qmd,"Build, approve and publish an annual CVD report",Operate the controlled three-step annual-report workflow.,exists,Yes — local target exists,Not assessed,Local target exists.
site/operations/post-redcap/index.qmd,Post-REDCap analytics and publishing,"Choose the controlled route for CVD event, mortality and reporting products.",Choose the route,28,Reporting workflows,reporting-workflows.qmd,site/operations/post-redcap/reporting-workflows.qmd,Run BNR reporting workflows,"Operational responsibilities for the rolling update, annual CVD report and one-off CVD reports.",exists,Yes — local target exists,Not assessed,Local target exists.
site/operations/post-redcap/index.qmd,Post-REDCap analytics and publishing,"Choose the controlled route for CVD event, mortality and reporting products.",Choose the route,29,One-off report,../../technical/workflows/reporting/one-off-report.qmd,site/technical/workflows/reporting/one-off-report.qmd,"Prepare, approve and publish a one-off CVD report",Operate the controlled three-step publication route for a finished bespoke report.,exists,Yes — local target exists,Not assessed,Local target exists.
site/operations/post-redcap/index.qmd,Post-REDCap analytics and publishing,"Choose the controlled route for CVD event, mortality and reporting products.",Choose the route,29,Reporting workflows,reporting-workflows.qmd,site/operations/post-redcap/reporting-workflows.qmd,Run BNR reporting workflows,"Operational responsibilities for the rolling update, annual CVD report and one-off CVD reports.",exists,Yes — local target exists,Not assessed,Local target exists.
site/operations/post-redcap/index.qmd,Post-REDCap analytics and publishing,"Choose the controlled route for CVD event, mortality and reporting products.",Corrections,53,Correct a release,../release/correct-release.qmd,site/operations/release/correct-release.qmd,Correct or replace a release,,exists,Yes — local target exists,Not assessed,Local target exists.
site/operations/post-redcap/mortality-workflow.qmd,Run the CVD mortality release workflow,"Export, classify, review, approve and publish CVD mortality statistics in six steps.",Before starting,19,Authorise a data export,../release/data-release.qmd,site/operations/release/data-release.qmd,Extract data from REDCap,,exists,Yes — local target exists,Not assessed,Local target exists.
site/operations/post-redcap/mortality-workflow.qmd,Run the CVD mortality release workflow,"Export, classify, review, approve and publish CVD mortality statistics in six steps.",Step 1: extract the mortality data,37,Mortality Step 1: Extract mortality data,../../technical/workflows/mortality/extract.qmd,site/technical/workflows/mortality/extract.qmd,Extract mortality data,Mortality Step 1: create the private death-certificate source extract through a selected completed month.,exists,Yes — local target exists,Not assessed,Local target exists.
site/operations/post-redcap/mortality-workflow.qmd,Run the CVD mortality release workflow,"Export, classify, review, approve and publish CVD mortality statistics in six steps.",Step 2: classify CVD deaths,51,Mortality Step 2: Classify CVD deaths,../../technical/workflows/mortality/classify.qmd,site/technical/workflows/mortality/classify.qmd,Classify CVD deaths,Mortality Step 2: apply the frozen BNR Heart/Stroke approximate mortality classifier to the private Step 1 source.,exists,Yes — local target exists,Not assessed,Local target exists.
site/operations/post-redcap/mortality-workflow.qmd,Run the CVD mortality release workflow,"Export, classify, review, approve and publish CVD mortality statistics in six steps.",Step 3: calculate the mortality statistics,65,Mortality Step 3: Build mortality burden data,../../technical/workflows/mortality/build-burden.qmd,site/technical/workflows/mortality/build-burden.qmd,Build mortality burden data,"Mortality Step 3: calculate private mortality counts, distributions and annual rates, then create the staging package.",exists,Yes — local target exists,Not assessed,Local target exists.
site/operations/post-redcap/mortality-workflow.qmd,Run the CVD mortality release workflow,"Export, classify, review, approve and publish CVD mortality statistics in six steps.",Step 4: review the mortality release,79,Mortality Step 4: Review the mortality release,../../technical/workflows/mortality/review.qmd,site/technical/workflows/mortality/review.qmd,Review the mortality release,"Mortality Step 4: revalidate the Step 3 package, apply deterministic disclosure control and create the private human-review materials.",exists,Yes — local target exists,Not assessed,Local target exists.
site/operations/post-redcap/mortality-workflow.qmd,Run the CVD mortality release workflow,"Export, classify, review, approve and publish CVD mortality statistics in six steps.",Step 5: approve the reviewed release,93,Mortality Step 5: Approve the reviewed release,../../technical/workflows/mortality/approve.qmd,site/technical/workflows/mortality/approve.qmd,Approve the reviewed mortality release,Mortality Step 5: record authorised human approval of the exact Step 4 candidate and create the private public_ready package.,exists,Yes — local target exists,Not assessed,Local target exists.
site/operations/post-redcap/mortality-workflow.qmd,Run the CVD mortality release workflow,"Export, classify, review, approve and publish CVD mortality statistics in six steps.",Step 6: publish the approved files,109,Mortality Step 6: Publish approved mortality outputs,../../technical/workflows/mortality/publish.qmd,site/technical/workflows/mortality/publish.qmd,Publish approved mortality outputs,Mortality Step 6: verify and promote the exact ten-file mortality payload approved in Step 5.,exists,Yes — local target exists,Not assessed,Local target exists.
site/operations/post-redcap/reporting-workflows.qmd,Run BNR reporting workflows,"Operational responsibilities for the rolling update, annual CVD report and one-off CVD reports.",Technical instructions,57,Reporting workflow overview,../../technical/workflows/reporting/overview.qmd,site/technical/workflows/reporting/overview.qmd,BNR reporting workflows,"Choose and operate the current rolling, annual and one-off CVD report routes.",exists,Yes — local target exists,Not assessed,Local target exists.
site/operations/post-redcap/reporting-workflows.qmd,Run BNR reporting workflows,"Operational responsibilities for the rolling update, annual CVD report and one-off CVD reports.",Technical instructions,58,Rolling three-month update,../../technical/workflows/reporting/rolling-update.qmd,site/technical/workflows/reporting/rolling-update.qmd,Build a rolling three-month CVD update,Run the controlled one-step builder for a dated online update from approved public releases.,exists,Yes — local target exists,Not assessed,Local target exists.
site/operations/post-redcap/reporting-workflows.qmd,Run BNR reporting workflows,"Operational responsibilities for the rolling update, annual CVD report and one-off CVD reports.",Technical instructions,59,Annual CVD report,../../technical/workflows/reporting/annual-report.qmd,site/technical/workflows/reporting/annual-report.qmd,"Build, approve and publish an annual CVD report",Operate the controlled three-step annual-report workflow.,exists,Yes — local target exists,Not assessed,Local target exists.
site/operations/post-redcap/reporting-workflows.qmd,Run BNR reporting workflows,"Operational responsibilities for the rolling update, annual CVD report and one-off CVD reports.",Technical instructions,60,One-off CVD report,../../technical/workflows/reporting/one-off-report.qmd,site/technical/workflows/reporting/one-off-report.qmd,"Prepare, approve and publish a one-off CVD report",Operate the controlled three-step publication route for a finished bespoke report.,exists,Yes — local target exists,Not assessed,Local target exists.
site/operations/post-redcap/section-index.qmd,Post-REDCap analytics and publishing,Choose an Operations Manual page in this section.,[Section overview](index.qmd),12,Section overview,index.qmd,site/operations/post-redcap/index.qmd,Post-REDCap analytics and publishing,"Choose the controlled route for CVD event, mortality and reporting products.",exists,Yes — local target exists,Not assessed,Local target exists.
site/operations/post-redcap/section-index.qmd,Post-REDCap analytics and publishing,Choose an Operations Manual page in this section.,[Authorise a data export](../release/data-release.qmd),22,Authorise a data export,../release/data-release.qmd,site/operations/release/data-release.qmd,Extract data from REDCap,,exists,Yes — local target exists,Not assessed,Local target exists.
site/operations/post-redcap/section-index.qmd,Post-REDCap analytics and publishing,Choose an Operations Manual page in this section.,[CVD event workflow](cvd-events-workflow.qmd),32,CVD event workflow,cvd-events-workflow.qmd,site/operations/post-redcap/cvd-events-workflow.qmd,Run the CVD event release workflow,"Export, prepare, review, approve and publish CVD event statistics in six steps.",exists,Yes — local target exists,Not assessed,Local target exists.
site/operations/post-redcap/section-index.qmd,Post-REDCap analytics and publishing,Choose an Operations Manual page in this section.,[CVD mortality workflow](mortality-workflow.qmd),42,CVD mortality workflow,mortality-workflow.qmd,site/operations/post-redcap/mortality-workflow.qmd,Run the CVD mortality release workflow,"Export, classify, review, approve and publish CVD mortality statistics in six steps.",exists,Yes — local target exists,Not assessed,Local target exists.
site/operations/post-redcap/section-index.qmd,Post-REDCap analytics and publishing,Choose an Operations Manual page in this section.,[BNR reporting workflows](reporting-workflows.qmd),52,BNR reporting workflows,reporting-workflows.qmd,site/operations/post-redcap/reporting-workflows.qmd,Run BNR reporting workflows,"Operational responsibilities for the rolling update, annual CVD report and one-off CVD reports.",exists,Yes — local target exists,Not assessed,Local target exists.
site/operations/post-redcap/section-index.qmd,Post-REDCap analytics and publishing,Choose an Operations Manual page in this section.,"[Review, approve and publish](../release/review-approve-publish.qmd)",62,"Review, approve and publish",../release/review-approve-publish.qmd,site/operations/release/review-approve-publish.qmd,"Review, approve and publish",,exists,Yes — local target exists,Not assessed,Local target exists.
site/operations/post-redcap/section-index.qmd,Post-REDCap analytics and publishing,Choose an Operations Manual page in this section.,[Correct a data release](../release/correct-release.qmd),72,Correct a data release,../release/correct-release.qmd,site/operations/release/correct-release.qmd,Correct or replace a release,,exists,Yes — local target exists,Not assessed,Local target exists.
site/operations/post-redcap/section-index.qmd,Post-REDCap analytics and publishing,Choose an Operations Manual page in this section.,[Correct a data release](../release/correct-release.qmd),82,Browse all Operations sections,../index.qmd,site/operations/index.qmd,Operations Manual,"How the Barbados National Registry carries out, governs and records its routine work.",exists,Yes — local target exists,Not assessed,Local target exists.
site/operations/pre-redcap/abstract-verify.qmd,Abstract and verify source information,The BNR processes for abstraction and verification before REDCap data entry.,Related guidance,49,Identify and assess potential cases,identify-assess.qmd,site/operations/pre-redcap/identify-assess.qmd,Identify and assess potential events,The BNR processes for case-finding and initial event assessment before REDCap data entry.,exists,Yes — local target exists,Not assessed,Local target exists.
site/operations/pre-redcap/abstract-verify.qmd,Abstract and verify source information,The BNR processes for abstraction and verification before REDCap data entry.,Related guidance,50,Create and complete a new record,../redcap/create-complete-record.qmd,site/operations/redcap/create-complete-record.qmd,Create and complete a new record,The BNR process for creating one authoritative event record in REDCap.,exists,Yes — local target exists,Not assessed,Local target exists.
site/operations/pre-redcap/identify-assess.qmd,Identify and assess potential events,The BNR processes for case-finding and initial event assessment before REDCap data entry.,Related guidance,49,Abstract and verify source information,abstract-verify.qmd,site/operations/pre-redcap/abstract-verify.qmd,Abstract and verify source information,The BNR processes for abstraction and verification before REDCap data entry.,exists,Yes — local target exists,Not assessed,Local target exists.
site/operations/pre-redcap/identify-assess.qmd,Identify and assess potential events,The BNR processes for case-finding and initial event assessment before REDCap data entry.,Related guidance,50,Statistical Analysis Plan,../data/sap.qmd,site/operations/data/sap.qmd,BNR Information Hub Statistical Analysis Plan,,exists,Yes — local target exists,Not assessed,Local target exists.
site/operations/pre-redcap/section-index.qmd,Before REDCap,Choose an Operations Manual page in this section.,[Identify potential cases](identify-assess.qmd),12,Identify potential cases,identify-assess.qmd,site/operations/pre-redcap/identify-assess.qmd,Identify and assess potential events,The BNR processes for case-finding and initial event assessment before REDCap data entry.,exists,Yes — local target exists,Not assessed,Local target exists.
site/operations/pre-redcap/section-index.qmd,Before REDCap,Choose an Operations Manual page in this section.,[Abstract source information](abstract-verify.qmd),22,Abstract source information,abstract-verify.qmd,site/operations/pre-redcap/abstract-verify.qmd,Abstract and verify source information,The BNR processes for abstraction and verification before REDCap data entry.,exists,Yes — local target exists,Not assessed,Local target exists.
site/operations/pre-redcap/section-index.qmd,Before REDCap,Choose an Operations Manual page in this section.,[Abstract source information](abstract-verify.qmd),32,Browse all Operations sections,../index.qmd,site/operations/index.qmd,Operations Manual,"How the Barbados National Registry carries out, governs and records its routine work.",exists,Yes — local target exists,Not assessed,Local target exists.
site/operations/redcap/approve-data-record.qmd,Approve a data record,The BNR process for confirming that a REDCap event record is ready for analytical use.,Related pages,41,Create and complete a new record,create-complete-record.qmd,site/operations/redcap/create-complete-record.qmd,Create and complete a new record,The BNR process for creating one authoritative event record in REDCap.,exists,Yes — local target exists,Not assessed,Local target exists.
site/operations/redcap/approve-data-record.qmd,Approve a data record,The BNR process for confirming that a REDCap event record is ready for analytical use.,Related pages,42,Resolve record queries,resolve-record-queries.qmd,site/operations/redcap/resolve-record-queries.qmd,Resolve record queries,"The BNR processes for resolving duplicates, missing information and uncertain event records.",exists,Yes — local target exists,Not assessed,Local target exists.
site/operations/redcap/approve-data-record.qmd,Approve a data record,The BNR process for confirming that a REDCap event record is ready for analytical use.,Related pages,43,Authorise a data release,../release/data-release.qmd,site/operations/release/data-release.qmd,Extract data from REDCap,,exists,Yes — local target exists,Not assessed,Local target exists.
site/operations/redcap/create-complete-record.qmd,Create and complete a new record,The BNR process for creating one authoritative event record in REDCap.,Related pages,43,Abstract source information,../pre-redcap/abstract-verify.qmd,site/operations/pre-redcap/abstract-verify.qmd,Abstract and verify source information,The BNR processes for abstraction and verification before REDCap data entry.,exists,Yes — local target exists,Not assessed,Local target exists.
site/operations/redcap/create-complete-record.qmd,Create and complete a new record,The BNR process for creating one authoritative event record in REDCap.,Related pages,44,Resolve record queries,resolve-record-queries.qmd,site/operations/redcap/resolve-record-queries.qmd,Resolve record queries,"The BNR processes for resolving duplicates, missing information and uncertain event records.",exists,Yes — local target exists,Not assessed,Local target exists.
site/operations/redcap/create-complete-record.qmd,Create and complete a new record,The BNR process for creating one authoritative event record in REDCap.,Related pages,45,Approve a data record,approve-data-record.qmd,site/operations/redcap/approve-data-record.qmd,Approve a data record,The BNR process for confirming that a REDCap event record is ready for analytical use.,exists,Yes — local target exists,Not assessed,Local target exists.
site/operations/redcap/database-maintenance.qmd,REDCap database maintenance,The BNR process for controlled maintenance of the live registry database.,Related pages,43,Resolve record queries,resolve-record-queries.qmd,site/operations/redcap/resolve-record-queries.qmd,Resolve record queries,"The BNR processes for resolving duplicates, missing information and uncertain event records.",exists,Yes — local target exists,Not assessed,Local target exists.
site/operations/redcap/database-maintenance.qmd,REDCap database maintenance,The BNR process for controlled maintenance of the live registry database.,Related pages,44,Approve a data record,approve-data-record.qmd,site/operations/redcap/approve-data-record.qmd,Approve a data record,The BNR process for confirming that a REDCap event record is ready for analytical use.,exists,Yes — local target exists,Not assessed,Local target exists.
site/operations/redcap/database-maintenance.qmd,REDCap database maintenance,The BNR process for controlled maintenance of the live registry database.,Related pages,45,Records and handover,../operating-model/records-handover.qmd,site/operations/operating-model/records-handover.qmd,BNR operations continuity,,exists,Yes — local target exists,Not assessed,Local target exists.
site/operations/redcap/resolve-record-queries.qmd,Resolve record queries,"The BNR processes for resolving duplicates, missing information and uncertain event records.",Related pages,42,Create and complete a new record,create-complete-record.qmd,site/operations/redcap/create-complete-record.qmd,Create and complete a new record,The BNR process for creating one authoritative event record in REDCap.,exists,Yes — local target exists,Not assessed,Local target exists.
site/operations/redcap/resolve-record-queries.qmd,Resolve record queries,"The BNR processes for resolving duplicates, missing information and uncertain event records.",Related pages,43,Approve a data record,approve-data-record.qmd,site/operations/redcap/approve-data-record.qmd,Approve a data record,The BNR process for confirming that a REDCap event record is ready for analytical use.,exists,Yes — local target exists,Not assessed,Local target exists.
site/operations/redcap/resolve-record-queries.qmd,Resolve record queries,"The BNR processes for resolving duplicates, missing information and uncertain event records.",Related pages,44,Authorise a data release,../release/data-release.qmd,site/operations/release/data-release.qmd,Extract data from REDCap,,exists,Yes — local target exists,Not assessed,Local target exists.
site/operations/redcap/section-index.qmd,Working in REDCap,Choose an Operations Manual page in this section.,[Create and complete a record](create-complete-record.qmd),12,Create and complete a record,create-complete-record.qmd,site/operations/redcap/create-complete-record.qmd,Create and complete a new record,The BNR process for creating one authoritative event record in REDCap.,exists,Yes — local target exists,Not assessed,Local target exists.
site/operations/redcap/section-index.qmd,Working in REDCap,Choose an Operations Manual page in this section.,[Resolve record queries](resolve-record-queries.qmd),22,Resolve record queries,resolve-record-queries.qmd,site/operations/redcap/resolve-record-queries.qmd,Resolve record queries,"The BNR processes for resolving duplicates, missing information and uncertain event records.",exists,Yes — local target exists,Not assessed,Local target exists.
site/operations/redcap/section-index.qmd,Working in REDCap,Choose an Operations Manual page in this section.,[Maintain the REDCap database](database-maintenance.qmd),32,Maintain the REDCap database,database-maintenance.qmd,site/operations/redcap/database-maintenance.qmd,REDCap database maintenance,The BNR process for controlled maintenance of the live registry database.,exists,Yes — local target exists,Not assessed,Local target exists.
site/operations/redcap/section-index.qmd,Working in REDCap,Choose an Operations Manual page in this section.,[Approve a data record](approve-data-record.qmd),42,Approve a data record,approve-data-record.qmd,site/operations/redcap/approve-data-record.qmd,Approve a data record,The BNR process for confirming that a REDCap event record is ready for analytical use.,exists,Yes — local target exists,Not assessed,Local target exists.
site/operations/redcap/section-index.qmd,Working in REDCap,Choose an Operations Manual page in this section.,[Approve a data record](approve-data-record.qmd),52,Browse all Operations sections,../index.qmd,site/operations/index.qmd,Operations Manual,"How the Barbados National Registry carries out, governs and records its routine work.",exists,Yes — local target exists,Not assessed,Local target exists.
site/operations/release/correct-release.qmd,Correct or replace a release,,Step 3: Regenerate the analytical release,44,CVD event,../post-redcap/cvd-events-workflow.qmd,site/operations/post-redcap/cvd-events-workflow.qmd,Run the CVD event release workflow,"Export, prepare, review, approve and publish CVD event statistics in six steps.",exists,Yes — local target exists,Not assessed,Local target exists.
site/operations/release/correct-release.qmd,Correct or replace a release,,Step 3: Regenerate the analytical release,44,CVD mortality,../post-redcap/mortality-workflow.qmd,site/operations/post-redcap/mortality-workflow.qmd,Run the CVD mortality release workflow,"Export, classify, review, approve and publish CVD mortality statistics in six steps.",exists,Yes — local target exists,Not assessed,Local target exists.
site/operations/release/correct-release.qmd,Correct or replace a release,,Step 3: Regenerate the analytical release,44,reporting,../post-redcap/reporting-workflows.qmd,site/operations/post-redcap/reporting-workflows.qmd,Run BNR reporting workflows,"Operational responsibilities for the rolling update, annual CVD report and one-off CVD reports.",exists,Yes — local target exists,Not assessed,Local target exists.
site/operations/release/data-release.qmd,Extract data from REDCap,,Detailed technical instructions,63,CVD events Step 1: Extract a REDCap release,../../technical/workflows/cvd-events/extract-redcap.qmd,site/technical/workflows/cvd-events/extract-redcap.qmd,Extract a REDCap release,Step 1: create and check the private cumulative REDCap snapshot for a completed monthly release.,exists,Yes — local target exists,Not assessed,Local target exists.
site/operations/release/data-release.qmd,Extract data from REDCap,,Detailed technical instructions,64,CVD mortality Step 1: Extract mortality data,../../technical/workflows/mortality/extract.qmd,site/technical/workflows/mortality/extract.qmd,Extract mortality data,Mortality Step 1: create the private death-certificate source extract through a selected completed month.,exists,Yes — local target exists,Not assessed,Local target exists.
site/operations/release/review-approve-publish.qmd,"Review, approve and publish",,Step 1: Review the private package,30,Technical Manual review guide,../../technical/controls/review-release.qmd,site/technical/controls/review-release.qmd,Review an analytical release,Common human checks before approval of a BNR metric or report candidate.,exists,Yes — local target exists,Not assessed,Local target exists.
site/operations/release/review-approve-publish.qmd,"Review, approve and publish",,Step 6: Review Git and deploy,83,Render and publish the website,../../technical/website/render-publish.qmd,site/technical/website/render-publish.qmd,Render and publish the website,"Start a local Info-Hub session, review website changes, commit them safely and publish the Quarto site through GitHub.",exists,Yes — local target exists,Not assessed,Local target exists.
site/surveillance/cvd/index.qmd,Cardiovascular Disease Surveillance,"BNR surveillance outputs for stroke, heart attack, and related cardiovascular disease indicators.",Live surveillance,60,Latest CVD events,./metrics/burden/index.qmd,site/surveillance/cvd/metrics/burden/index.qmd,CVD events,,exists,Yes — local target exists,Not assessed,Local target exists.
site/surveillance/cvd/index.qmd,Cardiovascular Disease Surveillance,"BNR surveillance outputs for stroke, heart attack, and related cardiovascular disease indicators.",Live surveillance,60,Latest CVD deaths,./metrics/mortality/index.qmd,site/surveillance/cvd/metrics/mortality/index.qmd,CVD mortality,,exists,Yes — local target exists,Not assessed,Local target exists.
site/surveillance/cvd/index.qmd,Cardiovascular Disease Surveillance,"BNR surveillance outputs for stroke, heart attack, and related cardiovascular disease indicators.",Latest tabulations,72,Latest CVD tables,./tables/index.qmd,site/surveillance/cvd/tables/index.qmd,Cardiovascular disease tables,,exists,Yes — local target exists,Not assessed,Local target exists.
site/surveillance/cvd/metrics/burden/index.qmd,CVD events,,Indicator,896,HTML link,../mortality/index.html,site/surveillance/cvd/metrics/mortality/index.qmd,CVD mortality,,generated,Yes — generated on render,Not assessed,"Rendered HTML is absent, but the matching QMD source exists."
site/surveillance/cvd/metrics/burden/index.qmd,CVD events,,Data,2325,HTML link,../mortality/index.html,site/surveillance/cvd/metrics/mortality/index.qmd,CVD mortality,,generated,Yes — generated on render,Not assessed,"Rendered HTML is absent, but the matching QMD source exists."
site/surveillance/cvd/metrics/burden/index.qmd,CVD events,,Data,2334,HTML link,../../../../methods/interpretation/confidentiality.html,site/methods/interpretation/confidentiality.qmd,Protecting confidentiality,How BNR reduces disclosure risk in public statistics.,generated,Yes — generated on render,Not assessed,"Rendered HTML is absent, but the matching QMD source exists."
site/surveillance/cvd/metrics/burden/index.qmd,CVD events,,Data,2334,HTML link,../../../../methods/measures/cvd-event-counts.html,site/methods/measures/cvd-event-counts.qmd,Number of CVD events,How BNR reports hospital-registered and approved annual DCO-enhanced cardiovascular event counts.,generated,Yes — generated on render,Not assessed,"Rendered HTML is absent, but the matching QMD source exists."
site/surveillance/cvd/metrics/burden/index.qmd,CVD events,,Data,2334,HTML link,../../../../methods/measures/incidence.html,site/methods/measures/incidence.qmd,CVD event rates,How BNR relates eligible CVD events to the Barbados population.,generated,Yes — generated on render,Not assessed,"Rendered HTML is absent, but the matching QMD source exists."
site/surveillance/cvd/metrics/burden/index.qmd,CVD events,,Data,2341,HTML link,../../../../downloads/files/metrics/cvd/cvd_metrics_current.csv,site/downloads/files/metrics/cvd/cvd_metrics_current.csv,,,exists,Yes — local target exists,Not assessed,Local target exists.
site/surveillance/cvd/metrics/burden/index.qmd,CVD events,,Data,2342,HTML link,../../../../downloads/files/metrics/cvd/cvd_monthly_reference_2015_2019.csv,site/downloads/files/metrics/cvd/cvd_monthly_reference_2015_2019.csv,,,exists,Yes — local target exists,Not assessed,Local target exists.
site/surveillance/cvd/metrics/index.qmd,CVD indicators,,Choose a dashboard,25,Open dashboard →,burden/index.qmd,site/surveillance/cvd/metrics/burden/index.qmd,CVD events,,exists,Yes — local target exists,Not assessed,Local target exists.
site/surveillance/cvd/metrics/mortality/index.qmd,CVD mortality,,Indicator,627,HTML link,../burden/index.html,site/surveillance/cvd/metrics/burden/index.qmd,CVD events,,generated,Yes — generated on render,Not assessed,"Rendered HTML is absent, but the matching QMD source exists."
site/surveillance/cvd/metrics/mortality/index.qmd,CVD mortality,,Indicator,727,HTML link,../../../../methods/measures/mortality.html,site/methods/measures/mortality.qmd,CVD mortality,How BNR counts and describes deaths classified as cardiovascular disease.,generated,Yes — generated on render,Not assessed,"Rendered HTML is absent, but the matching QMD source exists."
site/surveillance/cvd/metrics/mortality/index.qmd,CVD mortality,,Release,1565,HTML link,../../../../methods/measures/mortality.html,site/methods/measures/mortality.qmd,CVD mortality,How BNR counts and describes deaths classified as cardiovascular disease.,generated,Yes — generated on render,Not assessed,"Rendered HTML is absent, but the matching QMD source exists."
site/surveillance/cvd/metrics/mortality/index.qmd,CVD mortality,,Data,1722,HTML link,../burden/index.html,site/surveillance/cvd/metrics/burden/index.qmd,CVD events,,generated,Yes — generated on render,Not assessed,"Rendered HTML is absent, but the matching QMD source exists."
site/surveillance/cvd/metrics/mortality/index.qmd,CVD mortality,,Data,1728,HTML link,../../../../methods/interpretation/classifying-cvd-deaths.html,site/methods/interpretation/classifying-cvd-deaths.qmd,How CVD deaths are classified,How BNR uses death-certificate information to create practical cardiovascular mortality classifications.,generated,Yes — generated on render,Not assessed,"Rendered HTML is absent, but the matching QMD source exists."
site/surveillance/cvd/metrics/mortality/index.qmd,CVD mortality,,Data,1732,HTML link,../../../../downloads/files/metrics/mortality/burden/datasets/mort_burden_metrics_current.csv,site/downloads/files/metrics/mortality/burden/datasets/mort_burden_metrics_current.csv,,,exists,Yes — local target exists,Not assessed,Local target exists.
site/surveillance/cvd/metrics/mortality/index.qmd,CVD mortality,,Data,1733,HTML link,../../../../downloads/files/metrics/mortality/burden/datasets/mort_monthly_reference_2015_2019.csv,site/downloads/files/metrics/mortality/burden/datasets/mort_monthly_reference_2015_2019.csv,,,exists,Yes — local target exists,Not assessed,Local target exists.
site/surveillance/cvd/metrics/mortality/index.qmd,CVD mortality,,Data,1734,HTML link,../../../../downloads/files/metrics/mortality/burden/metadata/mort_burden_metrics_current.yml,site/downloads/files/metrics/mortality/burden/metadata/mort_burden_metrics_current.yml,,,exists,Yes — local target exists,Not assessed,Local target exists.
site/surveillance/cvd/metrics/mortality/index.qmd,CVD mortality,,Data,1735,HTML link,../../../../downloads/files/metrics/mortality/burden/metadata/mort_monthly_reference_2015_2019.yml,site/downloads/files/metrics/mortality/burden/metadata/mort_monthly_reference_2015_2019.yml,,,exists,Yes — local target exists,Not assessed,Local target exists.
site/surveillance/cvd/reports/annual/2025/index.qmd,Annual CVD report: 2025,"Annual CVD surveillance report for Barbados, including the standard surveillance section and annual Special chapter.",Page introduction,23,Open or download the PDF report,../../../../../downloads/files/reports/cvd/annual/2025/bnr_cvd_annual_report_2025.pdf,site/downloads/files/reports/cvd/annual/2025/bnr_cvd_annual_report_2025.pdf,,,exists,Yes — local target exists,Not assessed,Local target exists.
site/surveillance/cvd/reports/annual/2025/index.qmd,Annual CVD report: 2025,"Annual CVD surveillance report for Barbados, including the standard surveillance section and annual Special chapter.",Page introduction,23,Open the one-page public health update,../../../../../downloads/files/reports/cvd/annual/2025/bnr_cvd_public_health_update_2025.pdf,site/downloads/files/reports/cvd/annual/2025/bnr_cvd_public_health_update_2025.pdf,,,exists,Yes — local target exists,Not assessed,Local target exists.
site/surveillance/cvd/reports/annual/2025/index.qmd,Annual CVD report: 2025,"Annual CVD surveillance report for Barbados, including the standard surveillance section and annual Special chapter.",Page introduction,25,HTML link,../../../../../downloads/files/reports/cvd/annual/2025/bnr_cvd_annual_report_2025.pdf,site/downloads/files/reports/cvd/annual/2025/bnr_cvd_annual_report_2025.pdf,,,exists,Yes — local target exists,Not assessed,Local target exists.
site/surveillance/cvd/reports/briefings/2025/index.qmd,CVD public health update: 2025,One-page summary of the latest complete annual CVD event and mortality results for Barbados.,Page introduction,24,complete Annual CVD report,../../annual/2025/index.qmd,site/surveillance/cvd/reports/annual/2025/index.qmd,Annual CVD report: 2025,"Annual CVD surveillance report for Barbados, including the standard surveillance section and annual Special chapter.",exists,Yes — local target exists,Not assessed,Local target exists.
site/surveillance/cvd/reports/briefings/2025/index.qmd,CVD public health update: 2025,One-page summary of the latest complete annual CVD event and mortality results for Barbados.,Page introduction,26,Open or download the one-page PDF,../../../../../downloads/files/reports/cvd/annual/2025/bnr_cvd_public_health_update_2025.pdf,site/downloads/files/reports/cvd/annual/2025/bnr_cvd_public_health_update_2025.pdf,,,exists,Yes — local target exists,Not assessed,Local target exists.
site/surveillance/cvd/reports/briefings/2025/index.qmd,CVD public health update: 2025,One-page summary of the latest complete annual CVD event and mortality results for Barbados.,Page introduction,26,Open the complete annual report,../../annual/2025/index.qmd,site/surveillance/cvd/reports/annual/2025/index.qmd,Annual CVD report: 2025,"Annual CVD surveillance report for Barbados, including the standard surveillance section and annual Special chapter.",exists,Yes — local target exists,Not assessed,Local target exists.
site/surveillance/cvd/reports/briefings/2025/index.qmd,CVD public health update: 2025,One-page summary of the latest complete annual CVD event and mortality results for Barbados.,Page introduction,28,HTML link,../../../../../downloads/files/reports/cvd/annual/2025/bnr_cvd_public_health_update_2025.pdf,site/downloads/files/reports/cvd/annual/2025/bnr_cvd_public_health_update_2025.pdf,,,exists,Yes — local target exists,Not assessed,Local target exists.
site/surveillance/cvd/tables/index.qmd,Cardiovascular disease tables,,Data coverage,1337,HTML link,../../../downloads/files/metrics/cvd/cvd_metrics_current.csv,site/downloads/files/metrics/cvd/cvd_metrics_current.csv,,,exists,Yes — local target exists,Not assessed,Local target exists.
site/surveillance/cvd/tables/index.qmd,Cardiovascular disease tables,,Data coverage,1338,HTML link,../../../downloads/files/metrics/mortality/burden/datasets/mort_burden_metrics_current.csv,site/downloads/files/metrics/mortality/burden/datasets/mort_burden_metrics_current.csv,,,exists,Yes — local target exists,Not assessed,Local target exists.
site/surveillance/cvd/tables/index.qmd,Cardiovascular disease tables,,Data coverage,1339,HTML link,../../../downloads/files/metrics/mortality/burden/datasets/mort_monthly_reference_2015_2019.csv,site/downloads/files/metrics/mortality/burden/datasets/mort_monthly_reference_2015_2019.csv,,,exists,Yes — local target exists,Not assessed,Local target exists.
site/surveillance/cvd/tables/index.qmd,Cardiovascular disease tables,,Related dashboards,1347,HTML link,../metrics/burden/,site/surveillance/cvd/metrics/burden,,,exists,Yes — local target exists,Not assessed,Local target exists.
site/surveillance/cvd/tables/index.qmd,Cardiovascular disease tables,,Related dashboards,1348,HTML link,../metrics/mortality/,site/surveillance/cvd/metrics/mortality,,,exists,Yes — local target exists,Not assessed,Local target exists.
site/technical/controls/review-release.qmd,Review an analytical release,Common human checks before approval of a BNR metric or report candidate.,Outcomes,45,Disclosure control,disclosure-control.qmd,site/technical/controls/disclosure-control.qmd,Disclosure control,Apply BNR's n < 6 small-number rule and complete human disclosure review.,exists,Yes — local target exists,Not assessed,Local target exists.
site/technical/controls/review-release.qmd,Review an analytical release,Common human checks before approval of a BNR metric or report candidate.,Outcomes,46,Approve and publish,approve-publish.qmd,site/technical/controls/approve-publish.qmd,Approve and publish a release,Bind approval to an exact candidate and publish only its controlled payload.,exists,Yes — local target exists,Not assessed,Local target exists.
site/technical/controls/section-index.qmd,Review and publication controls,Choose a Technical Manual page in this section.,[Review an analytical release](review-release.qmd),12,Review an analytical release,review-release.qmd,site/technical/controls/review-release.qmd,Review an analytical release,Common human checks before approval of a BNR metric or report candidate.,exists,Yes — local target exists,Not assessed,Local target exists.
site/technical/controls/section-index.qmd,Review and publication controls,Choose a Technical Manual page in this section.,[Disclosure control](disclosure-control.qmd),22,Disclosure control,disclosure-control.qmd,site/technical/controls/disclosure-control.qmd,Disclosure control,Apply BNR's n < 6 small-number rule and complete human disclosure review.,exists,Yes — local target exists,Not assessed,Local target exists.
site/technical/controls/section-index.qmd,Review and publication controls,Choose a Technical Manual page in this section.,[Approve and publish a release](approve-publish.qmd),32,Approve and publish a release,approve-publish.qmd,site/technical/controls/approve-publish.qmd,Approve and publish a release,Bind approval to an exact candidate and publish only its controlled payload.,exists,Yes — local target exists,Not assessed,Local target exists.
site/technical/controls/section-index.qmd,Review and publication controls,Choose a Technical Manual page in this section.,[Approve and publish a release](approve-publish.qmd),42,Browse all Technical sections,../index.qmd,site/technical/index.qmd,BNR Technical Manual,"Run, validate, troubleshoot, recover and maintain the implemented BNR analytical and publication system.",exists,Yes — local target exists,Not assessed,Local target exists.
site/technical/getting-started/environment.qmd,The BNR analytics and publishing environment,"How the BNR analytical system fits together: tools, data locations, review boundaries, public outputs and publication.",Important private locations,147,Analytical workflows,../workflows/overview.qmd,site/technical/workflows/overview.qmd,Analytical workflows,"How the current CVD event, mortality and reporting workflows fit together.",exists,Yes — local target exists,Not assessed,Local target exists.
site/technical/getting-started/environment.qmd,The BNR analytics and publishing environment,"How the BNR analytical system fits together: tools, data locations, review boundaries, public outputs and publication.",The analytical workflows,255,CVD event workflow,../workflows/cvd-events/overview.qmd,site/technical/workflows/cvd-events/overview.qmd,Run the CVD events workflow,"Run the six-step CVD events workflow from REDCap extract through review, approval and publication.",exists,Yes — local target exists,Not assessed,Local target exists.
site/technical/getting-started/environment.qmd,The BNR analytics and publishing environment,"How the BNR analytical system fits together: tools, data locations, review boundaries, public outputs and publication.",The analytical workflows,256,Mortality workflow,../workflows/mortality/overview.qmd,site/technical/workflows/mortality/overview.qmd,Run the CVD mortality workflow,"Run the six-step mortality workflow from the private death-certificate extract through classification, review, approval and controlled publication.",exists,Yes — local target exists,Not assessed,Local target exists.
site/technical/getting-started/environment.qmd,The BNR analytics and publishing environment,"How the BNR analytical system fits together: tools, data locations, review boundaries, public outputs and publication.",The analytical workflows,257,Rolling update,../workflows/reporting/rolling-update.qmd,site/technical/workflows/reporting/rolling-update.qmd,Build a rolling three-month CVD update,Run the controlled one-step builder for a dated online update from approved public releases.,exists,Yes — local target exists,Not assessed,Local target exists.
site/technical/getting-started/environment.qmd,The BNR analytics and publishing environment,"How the BNR analytical system fits together: tools, data locations, review boundaries, public outputs and publication.",The analytical workflows,258,Annual report,../workflows/reporting/annual-report.qmd,site/technical/workflows/reporting/annual-report.qmd,"Build, approve and publish an annual CVD report",Operate the controlled three-step annual-report workflow.,exists,Yes — local target exists,Not assessed,Local target exists.
site/technical/getting-started/environment.qmd,The BNR analytics and publishing environment,"How the BNR analytical system fits together: tools, data locations, review boundaries, public outputs and publication.",The analytical workflows,259,One-off report,../workflows/reporting/one-off-report.qmd,site/technical/workflows/reporting/one-off-report.qmd,"Prepare, approve and publish a one-off CVD report",Operate the controlled three-step publication route for a finished bespoke report.,exists,Yes — local target exists,Not assessed,Local target exists.
site/technical/getting-started/section-index.qmd,Set up the environment,Choose a Technical Manual page in this section.,[Analytics environment](environment.qmd),12,Analytics environment,environment.qmd,site/technical/getting-started/environment.qmd,The BNR analytics and publishing environment,"How the BNR analytical system fits together: tools, data locations, review boundaries, public outputs and publication.",exists,Yes — local target exists,Not assessed,Local target exists.
site/technical/getting-started/section-index.qmd,Set up the environment,Choose a Technical Manual page in this section.,[Set up a workstation](workstation-setup.qmd),22,Set up a workstation,workstation-setup.qmd,site/technical/getting-started/workstation-setup.qmd,Set up a workstation,Configure a Windows workstation to run the BNR Stata workflows and maintain the Quarto Info-Hub.,exists,Yes — local target exists,Not assessed,Local target exists.
site/technical/getting-started/section-index.qmd,Set up the environment,Choose a Technical Manual page in this section.,[Set up a workstation](workstation-setup.qmd),32,Browse all Technical sections,../index.qmd,site/technical/index.qmd,BNR Technical Manual,"Run, validate, troubleshoot, recover and maintain the implemented BNR analytical and publication system.",exists,Yes — local target exists,Not assessed,Local target exists.
site/technical/getting-started/workstation-setup.qmd,Set up a workstation,Configure a Windows workstation to run the BNR Stata workflows and maintain the Quarto Info-Hub.,Required retained inputs,379,The BNR analytics and publishing environment,environment.qmd,site/technical/getting-started/environment.qmd,The BNR analytics and publishing environment,"How the BNR analytical system fits together: tools, data locations, review boundaries, public outputs and publication.",exists,Yes — local target exists,Not assessed,Local target exists.
site/technical/index.qmd,BNR Technical Manual,"Run, validate, troubleshoot, recover and maintain the implemented BNR analytical and publication system.",Set up the environment,34,Explore section,getting-started/section-index.qmd,site/technical/getting-started/section-index.qmd,Set up the environment,Choose a Technical Manual page in this section.,exists,Yes — local target exists,Not assessed,Local target exists.
site/technical/index.qmd,BNR Technical Manual,"Run, validate, troubleshoot, recover and maintain the implemented BNR analytical and publication system.",Run analytical workflows,52,Explore section,workflows/section-index.qmd,site/technical/workflows/section-index.qmd,Run analytical workflows,Choose a workflow family.,exists,Yes — local target exists,Not assessed,Local target exists.
site/technical/index.qmd,BNR Technical Manual,"Run, validate, troubleshoot, recover and maintain the implemented BNR analytical and publication system.",Review & publication controls,70,Explore section,controls/section-index.qmd,site/technical/controls/section-index.qmd,Review and publication controls,Choose a Technical Manual page in this section.,exists,Yes — local target exists,Not assessed,Local target exists.
site/technical/index.qmd,BNR Technical Manual,"Run, validate, troubleshoot, recover and maintain the implemented BNR analytical and publication system.",Operate the website,88,Explore section,website/section-index.qmd,site/technical/website/section-index.qmd,Operate the website,Choose a Technical Manual page in this section.,exists,Yes — local target exists,Not assessed,Local target exists.
site/technical/index.qmd,BNR Technical Manual,"Run, validate, troubleshoot, recover and maintain the implemented BNR analytical and publication system.",Maintain & recover,106,Explore section,maintenance/section-index.qmd,site/technical/maintenance/section-index.qmd,Maintain and recover,Choose a Technical Manual page in this section.,exists,Yes — local target exists,Not assessed,Local target exists.
site/technical/index.qmd,BNR Technical Manual,"Run, validate, troubleshoot, recover and maintain the implemented BNR analytical and publication system.",System reference,124,Explore section,reference/section-index.qmd,site/technical/reference/section-index.qmd,System reference,Choose a Technical Manual page in this section.,exists,Yes — local target exists,Not assessed,Local target exists.
site/technical/index.qmd,BNR Technical Manual,"Run, validate, troubleshoot, recover and maintain the implemented BNR analytical and publication system.",What this manual is for,144,Operations Manual,../operations/index.qmd,site/operations/index.qmd,Operations Manual,"How the Barbados National Registry carries out, governs and records its routine work.",exists,Yes — local target exists,Not assessed,Local target exists.
site/technical/index.qmd,BNR Technical Manual,"Run, validate, troubleshoot, recover and maintain the implemented BNR analytical and publication system.",What this manual is for,145,Technical Manual,../technical/index.qmd,site/technical/index.qmd,BNR Technical Manual,"Run, validate, troubleshoot, recover and maintain the implemented BNR analytical and publication system.",exists,Yes — local target exists,Not assessed,Local target exists.
site/technical/index.qmd,BNR Technical Manual,"Run, validate, troubleshoot, recover and maintain the implemented BNR analytical and publication system.",Start here,151,Analytics environment,getting-started/environment.qmd,site/technical/getting-started/environment.qmd,The BNR analytics and publishing environment,"How the BNR analytical system fits together: tools, data locations, review boundaries, public outputs and publication.",exists,Yes — local target exists,Not assessed,Local target exists.
site/technical/index.qmd,BNR Technical Manual,"Run, validate, troubleshoot, recover and maintain the implemented BNR analytical and publication system.",Start here,152,Set up a workstation,getting-started/workstation-setup.qmd,site/technical/getting-started/workstation-setup.qmd,Set up a workstation,Configure a Windows workstation to run the BNR Stata workflows and maintain the Quarto Info-Hub.,exists,Yes — local target exists,Not assessed,Local target exists.
site/technical/index.qmd,BNR Technical Manual,"Run, validate, troubleshoot, recover and maintain the implemented BNR analytical and publication system.",Start here,153,Analytical workflow map,workflows/overview.qmd,site/technical/workflows/overview.qmd,Analytical workflows,"How the current CVD event, mortality and reporting workflows fit together.",exists,Yes — local target exists,Not assessed,Local target exists.
site/technical/index.qmd,BNR Technical Manual,"Run, validate, troubleshoot, recover and maintain the implemented BNR analytical and publication system.",Start here,154,System reference,reference/index.qmd,site/technical/reference/index.qmd,System reference,"Current BNR Stata entry points, workflow controllers and publication boundaries.",exists,Yes — local target exists,Not assessed,Local target exists.
site/technical/index.qmd,BNR Technical Manual,"Run, validate, troubleshoot, recover and maintain the implemented BNR analytical and publication system.",Implemented analytical routes,158,CVD event release,workflows/cvd-events/overview.qmd,site/technical/workflows/cvd-events/overview.qmd,Run the CVD events workflow,"Run the six-step CVD events workflow from REDCap extract through review, approval and publication.",exists,Yes — local target exists,Not assessed,Local target exists.
site/technical/index.qmd,BNR Technical Manual,"Run, validate, troubleshoot, recover and maintain the implemented BNR analytical and publication system.",Implemented analytical routes,159,CVD mortality release,workflows/mortality/overview.qmd,site/technical/workflows/mortality/overview.qmd,Run the CVD mortality workflow,"Run the six-step mortality workflow from the private death-certificate extract through classification, review, approval and controlled publication.",exists,Yes — local target exists,Not assessed,Local target exists.
site/technical/index.qmd,BNR Technical Manual,"Run, validate, troubleshoot, recover and maintain the implemented BNR analytical and publication system.",Implemented analytical routes,160,Rolling three-month update,workflows/reporting/rolling-update.qmd,site/technical/workflows/reporting/rolling-update.qmd,Build a rolling three-month CVD update,Run the controlled one-step builder for a dated online update from approved public releases.,exists,Yes — local target exists,Not assessed,Local target exists.
site/technical/index.qmd,BNR Technical Manual,"Run, validate, troubleshoot, recover and maintain the implemented BNR analytical and publication system.",Implemented analytical routes,161,Annual CVD report,workflows/reporting/annual-report.qmd,site/technical/workflows/reporting/annual-report.qmd,"Build, approve and publish an annual CVD report",Operate the controlled three-step annual-report workflow.,exists,Yes — local target exists,Not assessed,Local target exists.
site/technical/index.qmd,BNR Technical Manual,"Run, validate, troubleshoot, recover and maintain the implemented BNR analytical and publication system.",Implemented analytical routes,162,One-off CVD report,workflows/reporting/one-off-report.qmd,site/technical/workflows/reporting/one-off-report.qmd,"Prepare, approve and publish a one-off CVD report",Operate the controlled three-step publication route for a finished bespoke report.,exists,Yes — local target exists,Not assessed,Local target exists.
site/technical/index.qmd,BNR Technical Manual,"Run, validate, troubleshoot, recover and maintain the implemented BNR analytical and publication system.",Publication and maintenance,166,Review an analytical release,controls/review-release.qmd,site/technical/controls/review-release.qmd,Review an analytical release,Common human checks before approval of a BNR metric or report candidate.,exists,Yes — local target exists,Not assessed,Local target exists.
site/technical/index.qmd,BNR Technical Manual,"Run, validate, troubleshoot, recover and maintain the implemented BNR analytical and publication system.",Publication and maintenance,167,Apply disclosure control,controls/disclosure-control.qmd,site/technical/controls/disclosure-control.qmd,Disclosure control,Apply BNR's n < 6 small-number rule and complete human disclosure review.,exists,Yes — local target exists,Not assessed,Local target exists.
site/technical/index.qmd,BNR Technical Manual,"Run, validate, troubleshoot, recover and maintain the implemented BNR analytical and publication system.",Publication and maintenance,168,Approve and publish a release,controls/approve-publish.qmd,site/technical/controls/approve-publish.qmd,Approve and publish a release,Bind approval to an exact candidate and publish only its controlled payload.,exists,Yes — local target exists,Not assessed,Local target exists.
site/technical/index.qmd,BNR Technical Manual,"Run, validate, troubleshoot, recover and maintain the implemented BNR analytical and publication system.",Publication and maintenance,169,Maintain public CVD tables,website/cvd-tables.qmd,site/technical/website/cvd-tables.qmd,Maintain the public CVD tables,Maintain the website tables that present approved CVD event and mortality metric releases.,exists,Yes — local target exists,Not assessed,Local target exists.
site/technical/index.qmd,BNR Technical Manual,"Run, validate, troubleshoot, recover and maintain the implemented BNR analytical and publication system.",Publication and maintenance,170,Render and publish the website,website/render-publish.qmd,site/technical/website/render-publish.qmd,Render and publish the website,"Start a local Info-Hub session, review website changes, commit them safely and publish the Quarto site through GitHub.",exists,Yes — local target exists,Not assessed,Local target exists.
site/technical/index.qmd,BNR Technical Manual,"Run, validate, troubleshoot, recover and maintain the implemented BNR analytical and publication system.",Publication and maintenance,171,Make a safe code change,maintenance/safe-code-change.qmd,site/technical/maintenance/safe-code-change.qmd,Make a safe code change,"A simple, controlled method for changing BNR analysis or publication code without putting working workflows or public outputs at unnecessary risk.",exists,Yes — local target exists,Not assessed,Local target exists.
site/technical/index.qmd,BNR Technical Manual,"Run, validate, troubleshoot, recover and maintain the implemented BNR analytical and publication system.",Publication and maintenance,172,Fix common problems,maintenance/troubleshooting.qmd,site/technical/maintenance/troubleshooting.qmd,Fix common problems,"Short recovery recipes for common BNR Stata, approval, publication, Quarto, Git and workstation problems.",exists,Yes — local target exists,Not assessed,Local target exists.
site/technical/maintenance/safe-code-change.qmd,Make a safe code change,"A simple, controlled method for changing BNR analysis or publication code without putting working workflows or public outputs at unnecessary risk.",Step 7: Check the complete Git change,163,System reference,../reference/index.qmd,site/technical/reference/index.qmd,System reference,"Current BNR Stata entry points, workflow controllers and publication boundaries.",exists,Yes — local target exists,Not assessed,Local target exists.
site/technical/maintenance/safe-code-change.qmd,Make a safe code change,"A simple, controlled method for changing BNR analysis or publication code without putting working workflows or public outputs at unnecessary risk.",Step 9: Review and merge,195,Render and publish the website,../website/render-publish.qmd,site/technical/website/render-publish.qmd,Render and publish the website,"Start a local Info-Hub session, review website changes, commit them safely and publish the Quarto site through GitHub.",exists,Yes — local target exists,Not assessed,Local target exists.
site/technical/maintenance/section-index.qmd,Maintain and recover,Choose a Technical Manual page in this section.,[Make a safe code change](safe-code-change.qmd),12,Make a safe code change,safe-code-change.qmd,site/technical/maintenance/safe-code-change.qmd,Make a safe code change,"A simple, controlled method for changing BNR analysis or publication code without putting working workflows or public outputs at unnecessary risk.",exists,Yes — local target exists,Not assessed,Local target exists.
site/technical/maintenance/section-index.qmd,Maintain and recover,Choose a Technical Manual page in this section.,"[Files, releases and versions](files-releases-versions.qmd)",22,"Files, releases and versions",files-releases-versions.qmd,site/technical/maintenance/files-releases-versions.qmd,"Files, releases and versions","Identify authoritative, private, public and mirrored BNR files and apply current version rules.",exists,Yes — local target exists,Not assessed,Local target exists.
site/technical/maintenance/section-index.qmd,Maintain and recover,Choose a Technical Manual page in this section.,[Fix common problems](troubleshooting.qmd),32,Fix common problems,troubleshooting.qmd,site/technical/maintenance/troubleshooting.qmd,Fix common problems,"Short recovery recipes for common BNR Stata, approval, publication, Quarto, Git and workstation problems.",exists,Yes — local target exists,Not assessed,Local target exists.
site/technical/maintenance/section-index.qmd,Maintain and recover,Choose a Technical Manual page in this section.,[Fix common problems](troubleshooting.qmd),42,Browse all Technical sections,../index.qmd,site/technical/index.qmd,BNR Technical Manual,"Run, validate, troubleshoot, recover and maintain the implemented BNR analytical and publication system.",exists,Yes — local target exists,Not assessed,Local target exists.
site/technical/maintenance/troubleshooting.qmd,Fix common problems,"Short recovery recipes for common BNR Stata, approval, publication, Quarto, Git and workstation problems.",An output/package already exists,159,Chapter 13,files-releases-versions.qmd#what-replace-means,site/technical/maintenance/files-releases-versions.qmd,"Files, releases and versions","Identify authoritative, private, public and mirrored BNR files and apply current version rules.",exists,Yes — local target exists,Not assessed,Local target exists.
site/technical/maintenance/troubleshooting.qmd,Fix common problems,"Short recovery recipes for common BNR Stata, approval, publication, Quarto, Git and workstation problems.",VS Code shows unexpected changed files,266,System reference,../reference/index.qmd,site/technical/reference/index.qmd,System reference,"Current BNR Stata entry points, workflow controllers and publication boundaries.",exists,Yes — local target exists,Not assessed,Local target exists.
site/technical/maintenance/troubleshooting.qmd,Fix common problems,"Short recovery recipes for common BNR Stata, approval, publication, Quarto, Git and workstation problems.",Related references,381,Set up a workstation,../getting-started/workstation-setup.qmd,site/technical/getting-started/workstation-setup.qmd,Set up a workstation,Configure a Windows workstation to run the BNR Stata workflows and maintain the Quarto Info-Hub.,exists,Yes — local target exists,Not assessed,Local target exists.
site/technical/maintenance/troubleshooting.qmd,Fix common problems,"Short recovery recipes for common BNR Stata, approval, publication, Quarto, Git and workstation problems.",Related references,382,Approve and publish a release,../controls/approve-publish.qmd,site/technical/controls/approve-publish.qmd,Approve and publish a release,Bind approval to an exact candidate and publish only its controlled payload.,exists,Yes — local target exists,Not assessed,Local target exists.
site/technical/maintenance/troubleshooting.qmd,Fix common problems,"Short recovery recipes for common BNR Stata, approval, publication, Quarto, Git and workstation problems.",Related references,383,Render and publish the website,../website/render-publish.qmd,site/technical/website/render-publish.qmd,Render and publish the website,"Start a local Info-Hub session, review website changes, commit them safely and publish the Quarto site through GitHub.",exists,Yes — local target exists,Not assessed,Local target exists.
site/technical/maintenance/troubleshooting.qmd,Fix common problems,"Short recovery recipes for common BNR Stata, approval, publication, Quarto, Git and workstation problems.",Related references,384,"Understand files, releases and versions",files-releases-versions.qmd,site/technical/maintenance/files-releases-versions.qmd,"Files, releases and versions","Identify authoritative, private, public and mirrored BNR files and apply current version rules.",exists,Yes — local target exists,Not assessed,Local target exists.
site/technical/maintenance/troubleshooting.qmd,Fix common problems,"Short recovery recipes for common BNR Stata, approval, publication, Quarto, Git and workstation problems.",Related references,385,System reference,../reference/index.qmd,site/technical/reference/index.qmd,System reference,"Current BNR Stata entry points, workflow controllers and publication boundaries.",exists,Yes — local target exists,Not assessed,Local target exists.
site/technical/reference/section-index.qmd,System reference,Choose a Technical Manual page in this section.,[System reference](index.qmd),12,System reference,index.qmd,site/technical/reference/index.qmd,System reference,"Current BNR Stata entry points, workflow controllers and publication boundaries.",exists,Yes — local target exists,Not assessed,Local target exists.
site/technical/reference/section-index.qmd,System reference,Choose a Technical Manual page in this section.,"[Suppression validation, 2024–2025](bnr-suppression-validation-2024-2025.qmd)",22,"Suppression validation, 2024–2025",bnr-suppression-validation-2024-2025.qmd,site/technical/reference/bnr-suppression-validation-2024-2025.qmd,Validation of BNR CVD Suppression Rules,,exists,Yes — local target exists,Not assessed,Local target exists.
site/technical/reference/section-index.qmd,System reference,Choose a Technical Manual page in this section.,"[Suppression validation, 2024–2025](bnr-suppression-validation-2024-2025.qmd)",32,Browse all Technical sections,../index.qmd,site/technical/index.qmd,BNR Technical Manual,"Run, validate, troubleshoot, recover and maintain the implemented BNR analytical and publication system.",exists,Yes — local target exists,Not assessed,Local target exists.
site/technical/website/cvd-events-dashboard.qmd,CVD events dashboard transition note,Current data-location and scope boundary before the separate CVD dashboard rebuild.,Publication-layer rule,69,CVD events workflow,../workflows/cvd-events/overview.qmd,site/technical/workflows/cvd-events/overview.qmd,Run the CVD events workflow,"Run the six-step CVD events workflow from REDCap extract through review, approval and publication.",exists,Yes — local target exists,Not assessed,Local target exists.
site/technical/website/cvd-events-dashboard.qmd,CVD events dashboard transition note,Current data-location and scope boundary before the separate CVD dashboard rebuild.,Public methods links,84,confidentiality,../../methods/interpretation/confidentiality.qmd,site/methods/interpretation/confidentiality.qmd,Protecting confidentiality,How BNR reduces disclosure risk in public statistics.,exists,Yes — local target exists,Not assessed,Local target exists.
site/technical/website/cvd-events-dashboard.qmd,CVD events dashboard transition note,Current data-location and scope boundary before the separate CVD dashboard rebuild.,Public methods links,84,"counts, percentages and rates",../../methods/interpretation/counts-percentages-rates.qmd,site/methods/interpretation/counts-percentages-rates.qmd,"Counts, percentages and rates",How to choose and interpret common forms of BNR statistics.,exists,Yes — local target exists,Not assessed,Local target exists.
site/technical/website/cvd-events-dashboard.qmd,CVD events dashboard transition note,Current data-location and scope boundary before the separate CVD dashboard rebuild.,If the dashboard fails,107,Fix common problems,../maintenance/troubleshooting.qmd,site/technical/maintenance/troubleshooting.qmd,Fix common problems,"Short recovery recipes for common BNR Stata, approval, publication, Quarto, Git and workstation problems.",exists,Yes — local target exists,Not assessed,Local target exists.
site/technical/website/cvd-events-dashboard.qmd,CVD events dashboard transition note,Current data-location and scope boundary before the separate CVD dashboard rebuild.,If the dashboard fails,107,Update website content,update-content.qmd,site/technical/website/update-content.qmd,Update website content,"Maintain public Quarto pages, report landing pages, listings, navigation and downloads after analytical publication.",exists,Yes — local target exists,Not assessed,Local target exists.
site/technical/website/cvd-mortality-dashboard.qmd,Maintain the CVD mortality dashboard,"How the Quarto mortality dashboard reads the approved Step 6 release, handles Primary/Inclusive views and protects the analytical publication boundary.",If the dashboard fails,178,Apply and review disclosure control,../controls/disclosure-control.qmd,site/technical/controls/disclosure-control.qmd,Disclosure control,Apply BNR's n < 6 small-number rule and complete human disclosure review.,exists,Yes — local target exists,Not assessed,Local target exists.
site/technical/website/cvd-mortality-dashboard.qmd,Maintain the CVD mortality dashboard,"How the Quarto mortality dashboard reads the approved Step 6 release, handles Primary/Inclusive views and protects the analytical publication boundary.",If the dashboard fails,178,CVD mortality workflow,../workflows/mortality/overview.qmd,site/technical/workflows/mortality/overview.qmd,Run the CVD mortality workflow,"Run the six-step mortality workflow from the private death-certificate extract through classification, review, approval and controlled publication.",exists,Yes — local target exists,Not assessed,Local target exists.
site/technical/website/cvd-mortality-dashboard.qmd,Maintain the CVD mortality dashboard,"How the Quarto mortality dashboard reads the approved Step 6 release, handles Primary/Inclusive views and protects the analytical publication boundary.",If the dashboard fails,178,Update website content,update-content.qmd,site/technical/website/update-content.qmd,Update website content,"Maintain public Quarto pages, report landing pages, listings, navigation and downloads after analytical publication.",exists,Yes — local target exists,Not assessed,Local target exists.
site/technical/website/render-publish.qmd,Render and publish the website,"Start a local Info-Hub session, review website changes, commit them safely and publish the Quarto site through GitHub.",Before you start,53,Set up a workstation,../getting-started/workstation-setup.qmd,site/technical/getting-started/workstation-setup.qmd,Set up a workstation,Configure a Windows workstation to run the BNR Stata workflows and maintain the Quarto Info-Hub.,exists,Yes — local target exists,Not assessed,Local target exists.
site/technical/website/render-publish.qmd,Render and publish the website,"Start a local Info-Hub session, review website changes, commit them safely and publish the Quarto site through GitHub.",Step 3: Edit and preview the website,163,Update website content,update-content.qmd,site/technical/website/update-content.qmd,Update website content,"Maintain public Quarto pages, report landing pages, listings, navigation and downloads after analytical publication.",exists,Yes — local target exists,Not assessed,Local target exists.
site/technical/website/section-index.qmd,Operate the website,Choose a Technical Manual page in this section.,[Render and publish the website](render-publish.qmd),12,Render and publish the website,render-publish.qmd,site/technical/website/render-publish.qmd,Render and publish the website,"Start a local Info-Hub session, review website changes, commit them safely and publish the Quarto site through GitHub.",exists,Yes — local target exists,Not assessed,Local target exists.
site/technical/website/section-index.qmd,Operate the website,Choose a Technical Manual page in this section.,[Update website content](update-content.qmd),22,Update website content,update-content.qmd,site/technical/website/update-content.qmd,Update website content,"Maintain public Quarto pages, report landing pages, listings, navigation and downloads after analytical publication.",exists,Yes — local target exists,Not assessed,Local target exists.
site/technical/website/section-index.qmd,Operate the website,Choose a Technical Manual page in this section.,[Maintain the CVD events dashboard](cvd-events-dashboard.qmd),32,Maintain the CVD events dashboard,cvd-events-dashboard.qmd,site/technical/website/cvd-events-dashboard.qmd,CVD events dashboard transition note,Current data-location and scope boundary before the separate CVD dashboard rebuild.,exists,Yes — local target exists,Not assessed,Local target exists.
site/technical/website/section-index.qmd,Operate the website,Choose a Technical Manual page in this section.,[Maintain the CVD mortality dashboard](cvd-mortality-dashboard.qmd),42,Maintain the CVD mortality dashboard,cvd-mortality-dashboard.qmd,site/technical/website/cvd-mortality-dashboard.qmd,Maintain the CVD mortality dashboard,"How the Quarto mortality dashboard reads the approved Step 6 release, handles Primary/Inclusive views and protects the analytical publication boundary.",exists,Yes — local target exists,Not assessed,Local target exists.
site/technical/website/section-index.qmd,Operate the website,Choose a Technical Manual page in this section.,[Maintain the public CVD tables](cvd-tables.qmd),52,Maintain the public CVD tables,cvd-tables.qmd,site/technical/website/cvd-tables.qmd,Maintain the public CVD tables,Maintain the website tables that present approved CVD event and mortality metric releases.,exists,Yes — local target exists,Not assessed,Local target exists.
site/technical/website/section-index.qmd,Operate the website,Choose a Technical Manual page in this section.,[Maintain the public CVD tables](cvd-tables.qmd),62,Browse all Technical sections,../index.qmd,site/technical/index.qmd,BNR Technical Manual,"Run, validate, troubleshoot, recover and maintain the implemented BNR analytical and publication system.",exists,Yes — local target exists,Not assessed,Local target exists.
site/technical/website/update-content.qmd,Update website content,"Maintain public Quarto pages, report landing pages, listings, navigation and downloads after analytical publication.",Before you start,41,Render and publish the website,render-publish.qmd,site/technical/website/render-publish.qmd,Render and publish the website,"Start a local Info-Hub session, review website changes, commit them safely and publish the Quarto site through GitHub.",exists,Yes — local target exists,Not assessed,Local target exists.
site/technical/website/update-content.qmd,Update website content,"Maintain public Quarto pages, report landing pages, listings, navigation and downloads after analytical publication.",Step 4: Check links to analytical products,109,The BNR analytics and publishing environment,../getting-started/environment.qmd,site/technical/getting-started/environment.qmd,The BNR analytics and publishing environment,"How the BNR analytical system fits together: tools, data locations, review boundaries, public outputs and publication.",exists,Yes — local target exists,Not assessed,Local target exists.
site/technical/website/update-content.qmd,Update website content,"Maintain public Quarto pages, report landing pages, listings, navigation and downloads after analytical publication.",Step 5: Run a full render and review,113,Chapter 10,render-publish.qmd,site/technical/website/render-publish.qmd,Render and publish the website,"Start a local Info-Hub session, review website changes, commit them safely and publish the Quarto site through GitHub.",exists,Yes — local target exists,Not assessed,Local target exists.
site/technical/website/update-content.qmd,Update website content,"Maintain public Quarto pages, report landing pages, listings, navigation and downloads after analytical publication.",Maintain a surveillance dashboard,123,Maintain the CVD events dashboard,cvd-events-dashboard.qmd,site/technical/website/cvd-events-dashboard.qmd,CVD events dashboard transition note,Current data-location and scope boundary before the separate CVD dashboard rebuild.,exists,Yes — local target exists,Not assessed,Local target exists.
site/technical/website/update-content.qmd,Update website content,"Maintain public Quarto pages, report landing pages, listings, navigation and downloads after analytical publication.",Maintain a surveillance dashboard,124,Maintain the CVD mortality dashboard,cvd-mortality-dashboard.qmd,site/technical/website/cvd-mortality-dashboard.qmd,Maintain the CVD mortality dashboard,"How the Quarto mortality dashboard reads the approved Step 6 release, handles Primary/Inclusive views and protects the analytical publication boundary.",exists,Yes — local target exists,Not assessed,Local target exists.
site/technical/website/update-content.qmd,Update website content,"Maintain public Quarto pages, report landing pages, listings, navigation and downloads after analytical publication.",Update a report page,135,Rolling three-month update,../workflows/reporting/rolling-update.qmd,site/technical/workflows/reporting/rolling-update.qmd,Build a rolling three-month CVD update,Run the controlled one-step builder for a dated online update from approved public releases.,exists,Yes — local target exists,Not assessed,Local target exists.
site/technical/website/update-content.qmd,Update website content,"Maintain public Quarto pages, report landing pages, listings, navigation and downloads after analytical publication.",Update a report page,136,Annual CVD report,../workflows/reporting/annual-report.qmd,site/technical/workflows/reporting/annual-report.qmd,"Build, approve and publish an annual CVD report",Operate the controlled three-step annual-report workflow.,exists,Yes — local target exists,Not assessed,Local target exists.
site/technical/website/update-content.qmd,Update website content,"Maintain public Quarto pages, report landing pages, listings, navigation and downloads after analytical publication.",Update a report page,137,One-off CVD report,../workflows/reporting/one-off-report.qmd,site/technical/workflows/reporting/one-off-report.qmd,"Prepare, approve and publish a one-off CVD report",Operate the controlled three-step publication route for a finished bespoke report.,exists,Yes — local target exists,Not assessed,Local target exists.
site/technical/website/update-content.qmd,Update website content,"Maintain public Quarto pages, report landing pages, listings, navigation and downloads after analytical publication.",Step 6: Publish the website change,232,Render and publish the website,render-publish.qmd,site/technical/website/render-publish.qmd,Render and publish the website,"Start a local Info-Hub session, review website changes, commit them safely and publish the Quarto site through GitHub.",exists,Yes — local target exists,Not assessed,Local target exists.
site/technical/workflows/cvd-events/create-analysis-inputs.qmd,Create deidentified analytical inputs,Step 3: create the private deidentified datasets used by authorised downstream analyses.,Outputs,53,The BNR analytics and publishing environment,../../getting-started/environment.qmd,site/technical/getting-started/environment.qmd,The BNR analytics and publishing environment,"How the BNR analytical system fits together: tools, data locations, review boundaries, public outputs and publication.",exists,Yes — local target exists,Not assessed,Local target exists.
site/technical/workflows/cvd-events/extract-redcap.qmd,Extract a REDCap release,Step 1: create and check the private cumulative REDCap snapshot for a completed monthly release.,Outputs,49,The BNR analytics and publishing environment,../../getting-started/environment.qmd,site/technical/getting-started/environment.qmd,The BNR analytics and publishing environment,"How the BNR analytical system fits together: tools, data locations, review boundaries, public outputs and publication.",exists,Yes — local target exists,Not assessed,Local target exists.
site/technical/workflows/cvd-events/overview.qmd,Run the CVD events workflow,"Run the six-step CVD events workflow from REDCap extract through review, approval and publication.",What this workflow does,22,Analytical workflows,../overview.qmd,site/technical/workflows/overview.qmd,Analytical workflows,"How the current CVD event, mortality and reporting workflows fit together.",exists,Yes — local target exists,Not assessed,Local target exists.
site/technical/workflows/cvd-events/overview.qmd,Run the CVD events workflow,"Run the six-step CVD events workflow from REDCap extract through review, approval and publication.",Run the workflow,26,Step 1: Extract REDCap data,extract-redcap.qmd,site/technical/workflows/cvd-events/extract-redcap.qmd,Extract a REDCap release,Step 1: create and check the private cumulative REDCap snapshot for a completed monthly release.,exists,Yes — local target exists,Not assessed,Local target exists.
site/technical/workflows/cvd-events/overview.qmd,Run the CVD events workflow,"Run the six-step CVD events workflow from REDCap extract through review, approval and publication.",Run the workflow,27,Step 2: Build the cumulative dataset,prepare-confidential.qmd,site/technical/workflows/cvd-events/prepare-confidential.qmd,Prepare the confidential dataset,Step 2: combine the selected REDCap release with the frozen historical CVD dataset.,exists,Yes — local target exists,Not assessed,Local target exists.
site/technical/workflows/cvd-events/overview.qmd,Run the CVD events workflow,"Run the six-step CVD events workflow from REDCap extract through review, approval and publication.",Run the workflow,28,Step 3: Build deidentified datasets,create-analysis-inputs.qmd,site/technical/workflows/cvd-events/create-analysis-inputs.qmd,Create deidentified analytical inputs,Step 3: create the private deidentified datasets used by authorised downstream analyses.,exists,Yes — local target exists,Not assessed,Local target exists.
site/technical/workflows/cvd-events/overview.qmd,Run the CVD events workflow,"Run the six-step CVD events workflow from REDCap extract through review, approval and publication.",Run the workflow,29,Step 4: Calculate CVD event metrics,generate-metrics.qmd,site/technical/workflows/cvd-events/generate-metrics.qmd,Generate combined CVD metrics,Step 4: calculate the private combined CVD count and annual-rate staging package.,exists,Yes — local target exists,Not assessed,Local target exists.
site/technical/workflows/cvd-events/overview.qmd,Run the CVD events workflow,"Run the six-step CVD events workflow from REDCap extract through review, approval and publication.",Run the workflow,30,Step 5: Review and approve,review-approve.qmd,site/technical/workflows/cvd-events/review-approve.qmd,Review and approve combined CVD metrics,Step 5: prepare disclosure-review evidence and record approval.,exists,Yes — local target exists,Not assessed,Local target exists.
site/technical/workflows/cvd-events/overview.qmd,Run the CVD events workflow,"Run the six-step CVD events workflow from REDCap extract through review, approval and publication.",Run the workflow,31,Step 6: Publish approved outputs,publish-metrics.qmd,site/technical/workflows/cvd-events/publish-metrics.qmd,Publish approved combined CVD metrics,Step 6: verify and promote the approved combined CVD package.,exists,Yes — local target exists,Not assessed,Local target exists.
site/technical/workflows/cvd-events/prepare-confidential.qmd,Prepare the confidential dataset,Step 2: combine the selected REDCap release with the frozen historical CVD dataset.,Outputs,46,The BNR analytics and publishing environment,../../getting-started/environment.qmd,site/technical/getting-started/environment.qmd,The BNR analytics and publishing environment,"How the BNR analytical system fits together: tools, data locations, review boundaries, public outputs and publication.",exists,Yes — local target exists,Not assessed,Local target exists.
site/technical/workflows/mortality/classify.qmd,Classify CVD deaths,Mortality Step 2: apply the frozen BNR Heart/Stroke approximate mortality classifier to the private Step 1 source.,Classification boundary,36,How CVD deaths are classified,../../../methods/interpretation/classifying-cvd-deaths.qmd,site/methods/interpretation/classifying-cvd-deaths.qmd,How CVD deaths are classified,How BNR uses death-certificate information to create practical cardiovascular mortality classifications.,exists,Yes — local target exists,Not assessed,Local target exists.
site/technical/workflows/mortality/overview.qmd,Run the CVD mortality workflow,"Run the six-step mortality workflow from the private death-certificate extract through classification, review, approval and controlled publication.",Run the workflow,25,Step 1: Extract mortality data,extract.qmd,site/technical/workflows/mortality/extract.qmd,Extract mortality data,Mortality Step 1: create the private death-certificate source extract through a selected completed month.,exists,Yes — local target exists,Not assessed,Local target exists.
site/technical/workflows/mortality/overview.qmd,Run the CVD mortality workflow,"Run the six-step mortality workflow from the private death-certificate extract through classification, review, approval and controlled publication.",Run the workflow,26,Step 2: Classify causes of death,classify.qmd,site/technical/workflows/mortality/classify.qmd,Classify CVD deaths,Mortality Step 2: apply the frozen BNR Heart/Stroke approximate mortality classifier to the private Step 1 source.,exists,Yes — local target exists,Not assessed,Local target exists.
site/technical/workflows/mortality/overview.qmd,Run the CVD mortality workflow,"Run the six-step mortality workflow from the private death-certificate extract through classification, review, approval and controlled publication.",Run the workflow,27,Step 3: Build mortality burden data,build-burden.qmd,site/technical/workflows/mortality/build-burden.qmd,Build mortality burden data,"Mortality Step 3: calculate private mortality counts, distributions and annual rates, then create the staging package.",exists,Yes — local target exists,Not assessed,Local target exists.
site/technical/workflows/mortality/overview.qmd,Run the CVD mortality workflow,"Run the six-step mortality workflow from the private death-certificate extract through classification, review, approval and controlled publication.",Run the workflow,28,Step 4: Review the mortality release,review.qmd,site/technical/workflows/mortality/review.qmd,Review the mortality release,"Mortality Step 4: revalidate the Step 3 package, apply deterministic disclosure control and create the private human-review materials.",exists,Yes — local target exists,Not assessed,Local target exists.
site/technical/workflows/mortality/overview.qmd,Run the CVD mortality workflow,"Run the six-step mortality workflow from the private death-certificate extract through classification, review, approval and controlled publication.",Run the workflow,29,Step 5: Approve the reviewed release,approve.qmd,site/technical/workflows/mortality/approve.qmd,Approve the reviewed mortality release,Mortality Step 5: record authorised human approval of the exact Step 4 candidate and create the private public_ready package.,exists,Yes — local target exists,Not assessed,Local target exists.
site/technical/workflows/mortality/overview.qmd,Run the CVD mortality workflow,"Run the six-step mortality workflow from the private death-certificate extract through classification, review, approval and controlled publication.",Run the workflow,30,Step 6: Publish approved outputs,publish.qmd,site/technical/workflows/mortality/publish.qmd,Publish approved mortality outputs,Mortality Step 6: verify and promote the exact ten-file mortality payload approved in Step 5.,exists,Yes — local target exists,Not assessed,Local target exists.
site/technical/workflows/mortality/overview.qmd,Run the CVD mortality workflow,"Run the six-step mortality workflow from the private death-certificate extract through classification, review, approval and controlled publication.",Publication boundary,56,Maintain the CVD mortality dashboard,../../website/cvd-mortality-dashboard.qmd,site/technical/website/cvd-mortality-dashboard.qmd,Maintain the CVD mortality dashboard,"How the Quarto mortality dashboard reads the approved Step 6 release, handles Primary/Inclusive views and protects the analytical publication boundary.",exists,Yes — local target exists,Not assessed,Local target exists.
site/technical/workflows/mortality/overview.qmd,Run the CVD mortality workflow,"Run the six-step mortality workflow from the private death-certificate extract through classification, review, approval and controlled publication.",Fixed workflow rules,67,Apply and review disclosure control,../../controls/disclosure-control.qmd,site/technical/controls/disclosure-control.qmd,Disclosure control,Apply BNR's n < 6 small-number rule and complete human disclosure review.,exists,Yes — local target exists,Not assessed,Local target exists.
site/technical/workflows/mortality/publish.qmd,Publish approved mortality outputs,Mortality Step 6: verify and promote the exact ten-file mortality payload approved in Step 5.,After Step 6,87,Maintain the CVD mortality dashboard,../../website/cvd-mortality-dashboard.qmd,site/technical/website/cvd-mortality-dashboard.qmd,Maintain the CVD mortality dashboard,"How the Quarto mortality dashboard reads the approved Step 6 release, handles Primary/Inclusive views and protects the analytical publication boundary.",exists,Yes — local target exists,Not assessed,Local target exists.
site/technical/workflows/mortality/publish.qmd,Publish approved mortality outputs,Mortality Step 6: verify and promote the exact ten-file mortality payload approved in Step 5.,After Step 6,87,Render and publish the website,../../website/render-publish.qmd,site/technical/website/render-publish.qmd,Render and publish the website,"Start a local Info-Hub session, review website changes, commit them safely and publish the Quarto site through GitHub.",exists,Yes — local target exists,Not assessed,Local target exists.
site/technical/workflows/mortality/review.qmd,Review the mortality release,"Mortality Step 4: revalidate the Step 3 package, apply deterministic disclosure control and create the private human-review materials.",Review the package,62,Apply and review disclosure control,../../controls/disclosure-control.qmd,site/technical/controls/disclosure-control.qmd,Disclosure control,Apply BNR's n < 6 small-number rule and complete human disclosure review.,exists,Yes — local target exists,Not assessed,Local target exists.
site/technical/workflows/overview.qmd,Analytical workflows,"How the current CVD event, mortality and reporting workflows fit together.",Current workflow map,22,CVD event release,cvd-events/overview.qmd,site/technical/workflows/cvd-events/overview.qmd,Run the CVD events workflow,"Run the six-step CVD events workflow from REDCap extract through review, approval and publication.",exists,Yes — local target exists,Not assessed,Local target exists.
site/technical/workflows/overview.qmd,Analytical workflows,"How the current CVD event, mortality and reporting workflows fit together.",Current workflow map,23,CVD mortality release,mortality/overview.qmd,site/technical/workflows/mortality/overview.qmd,Run the CVD mortality workflow,"Run the six-step mortality workflow from the private death-certificate extract through classification, review, approval and controlled publication.",exists,Yes — local target exists,Not assessed,Local target exists.
site/technical/workflows/overview.qmd,Analytical workflows,"How the current CVD event, mortality and reporting workflows fit together.",Current workflow map,24,Rolling three-month update,reporting/rolling-update.qmd,site/technical/workflows/reporting/rolling-update.qmd,Build a rolling three-month CVD update,Run the controlled one-step builder for a dated online update from approved public releases.,exists,Yes — local target exists,Not assessed,Local target exists.
site/technical/workflows/overview.qmd,Analytical workflows,"How the current CVD event, mortality and reporting workflows fit together.",Current workflow map,25,Annual CVD report,reporting/annual-report.qmd,site/technical/workflows/reporting/annual-report.qmd,"Build, approve and publish an annual CVD report",Operate the controlled three-step annual-report workflow.,exists,Yes — local target exists,Not assessed,Local target exists.
site/technical/workflows/overview.qmd,Analytical workflows,"How the current CVD event, mortality and reporting workflows fit together.",Current workflow map,26,One-off CVD report,reporting/one-off-report.qmd,site/technical/workflows/reporting/one-off-report.qmd,"Prepare, approve and publish a one-off CVD report",Operate the controlled three-step publication route for a finished bespoke report.,exists,Yes — local target exists,Not assessed,Local target exists.
site/technical/workflows/reporting/overview.qmd,BNR reporting workflows,"Choose and operate the current rolling, annual and one-off CVD report routes.",Run the correct route,29,Build a rolling three-month CVD update,rolling-update.qmd,site/technical/workflows/reporting/rolling-update.qmd,Build a rolling three-month CVD update,Run the controlled one-step builder for a dated online update from approved public releases.,exists,Yes — local target exists,Not assessed,Local target exists.
site/technical/workflows/reporting/overview.qmd,BNR reporting workflows,"Choose and operate the current rolling, annual and one-off CVD report routes.",Run the correct route,30,"Build, approve and publish an annual CVD report",annual-report.qmd,site/technical/workflows/reporting/annual-report.qmd,"Build, approve and publish an annual CVD report",Operate the controlled three-step annual-report workflow.,exists,Yes — local target exists,Not assessed,Local target exists.
site/technical/workflows/reporting/overview.qmd,BNR reporting workflows,"Choose and operate the current rolling, annual and one-off CVD report routes.",Run the correct route,31,"Prepare, approve and publish a one-off CVD report",one-off-report.qmd,site/technical/workflows/reporting/one-off-report.qmd,"Prepare, approve and publish a one-off CVD report",Operate the controlled three-step publication route for a finished bespoke report.,exists,Yes — local target exists,Not assessed,Local target exists.
site/technical/workflows/reporting/overview.qmd,BNR reporting workflows,"Choose and operate the current rolling, annual and one-off CVD report routes.",Run the correct route,33,report disclosure screen,one-off-report.qmd#disclosure-screen,site/technical/workflows/reporting/one-off-report.qmd,"Prepare, approve and publish a one-off CVD report",Operate the controlled three-step publication route for a finished bespoke report.,exists,Yes — local target exists,Not assessed,Local target exists.
site/technical/workflows/section-index.qmd,Run analytical workflows,Choose a workflow family.,[Analytical workflow overview](overview.qmd),12,Analytical workflow overview,overview.qmd,site/technical/workflows/overview.qmd,Analytical workflows,"How the current CVD event, mortality and reporting workflows fit together.",exists,Yes — local target exists,Not assessed,Local target exists.
site/technical/workflows/section-index.qmd,Run analytical workflows,Choose a workflow family.,[CVD event release workflow](cvd-events/overview.qmd),22,CVD event release workflow,cvd-events/overview.qmd,site/technical/workflows/cvd-events/overview.qmd,Run the CVD events workflow,"Run the six-step CVD events workflow from REDCap extract through review, approval and publication.",exists,Yes — local target exists,Not assessed,Local target exists.
site/technical/workflows/section-index.qmd,Run analytical workflows,Choose a workflow family.,[CVD mortality release workflow](mortality/overview.qmd),32,CVD mortality release workflow,mortality/overview.qmd,site/technical/workflows/mortality/overview.qmd,Run the CVD mortality workflow,"Run the six-step mortality workflow from the private death-certificate extract through classification, review, approval and controlled publication.",exists,Yes — local target exists,Not assessed,Local target exists.
site/technical/workflows/section-index.qmd,Run analytical workflows,Choose a workflow family.,[BNR reporting workflows](reporting/overview.qmd),42,BNR reporting workflows,reporting/overview.qmd,site/technical/workflows/reporting/overview.qmd,BNR reporting workflows,"Choose and operate the current rolling, annual and one-off CVD report routes.",exists,Yes — local target exists,Not assessed,Local target exists.
site/technical/workflows/section-index.qmd,Run analytical workflows,Choose a workflow family.,[BNR reporting workflows](reporting/overview.qmd),52,Browse all Technical sections,../index.qmd,site/technical/index.qmd,BNR Technical Manual,"Run, validate, troubleshoot, recover and maintain the implemented BNR analytical and publication system.",exists,Yes — local target exists,Not assessed,Local target exists.
