metric_id,release_id,period_type,period,period_start,period_year,period_month,period_quarter,period_complete,event_type,sex,age_group,source_status,statistic,value,display_value,unit,numerator,denominator,comparison_n,status_flag,sdc_policy,step4_primary_flag,step4_related_flag,previous_release_id,previous_release_found,previous_value,temporal_increment,temporal_check,step5_temporal_flag,step5_complementary_flag,step5_derived_flag,suppression_status,disclosure_note,suppression_note
CVD-BURDEN-001,cvd_2024_01,annual,2010,2010-01-01,2010,,,1,all_cvd,all,age_70_plus,hospital_registered,annual_count,294,294,count,294,,,final,bnr_sdc_v1,0,0,cvd_2023_12,,,,not_applicable,0,0,0,none,No disclosure restriction identified.,No disclosure restriction identified.
CVD-BURDEN-001,cvd_2024_01,annual,2010,2010-01-01,2010,,,1,all_cvd,all,all,hospital_registered,annual_count,555,555,count,555,,,final,bnr_sdc_v1,0,0,cvd_2023_12,,,,not_applicable,0,0,0,none,No disclosure restriction identified.,No disclosure restriction identified.
CVD-BURDEN-001,cvd_2024_01,annual,2010,2010-01-01,2010,,,1,all_cvd,all,under_70,hospital_registered,annual_count,261,261,count,261,,,final,bnr_sdc_v1,0,0,cvd_2023_12,,,,not_applicable,0,0,0,none,No disclosure restriction identified.,No disclosure restriction identified.
CVD-BURDEN-001,cvd_2024_01,annual,2010,2010-01-01,2010,,,1,all_cvd,female,all,hospital_registered,annual_count,286,286,count,286,,,final,bnr_sdc_v1,0,0,cvd_2023_12,,,,not_applicable,0,0,0,none,No disclosure restriction identified.,No disclosure restriction identified.
CVD-BURDEN-001,cvd_2024_01,annual,2010,2010-01-01,2010,,,1,all_cvd,male,all,hospital_registered,annual_count,269,269,count,269,,,final,bnr_sdc_v1,0,0,cvd_2023_12,,,,not_applicable,0,0,0,none,No disclosure restriction identified.,No disclosure restriction identified.
CVD-BURDEN-001,cvd_2024_01,annual,2010,2010-01-01,2010,,,1,ami,all,all,hospital_registered,annual_count,126,126,count,126,,,final,bnr_sdc_v1,0,0,cvd_2023_12,,,,not_applicable,0,0,0,none,No disclosure restriction identified.,No disclosure restriction identified.
CVD-BURDEN-001,cvd_2024_01,annual,2010,2010-01-01,2010,,,1,ami,female,all,hospital_registered,annual_count,60,60,count,60,,,final,bnr_sdc_v1,0,0,cvd_2023_12,,,,not_applicable,0,0,0,none,No disclosure restriction identified.,No disclosure restriction identified.
CVD-BURDEN-001,cvd_2024_01,annual,2010,2010-01-01,2010,,,1,ami,male,all,hospital_registered,annual_count,66,66,count,66,,,final,bnr_sdc_v1,0,0,cvd_2023_12,,,,not_applicable,0,0,0,none,No disclosure restriction identified.,No disclosure restriction identified.
CVD-BURDEN-001,cvd_2024_01,annual,2010,2010-01-01,2010,,,1,stroke,all,all,hospital_registered,annual_count,429,429,count,429,,,final,bnr_sdc_v1,0,0,cvd_2023_12,,,,not_applicable,0,0,0,none,No disclosure restriction identified.,No disclosure restriction identified.
CVD-BURDEN-001,cvd_2024_01,annual,2010,2010-01-01,2010,,,1,stroke,female,all,hospital_registered,annual_count,226,226,count,226,,,final,bnr_sdc_v1,0,0,cvd_2023_12,,,,not_applicable,0,0,0,none,No disclosure restriction identified.,No disclosure restriction identified.
CVD-BURDEN-001,cvd_2024_01,annual,2010,2010-01-01,2010,,,1,stroke,male,all,hospital_registered,annual_count,203,203,count,203,,,final,bnr_sdc_v1,0,0,cvd_2023_12,,,,not_applicable,0,0,0,none,No disclosure restriction identified.,No disclosure restriction identified.
CVD-BURDEN-001,cvd_2024_01,annual,2011,2011-01-01,2011,,,1,all_cvd,all,age_70_plus,hospital_registered,annual_count,251,251,count,251,,,final,bnr_sdc_v1,0,0,cvd_2023_12,,,,not_applicable,0,0,0,none,No disclosure restriction identified.,No disclosure restriction identified.
CVD-BURDEN-001,cvd_2024_01,annual,2011,2011-01-01,2011,,,1,all_cvd,all,age_70_plus,hospital_registered,annual_previous_5yr_mean,,,count,,,1,insufficient_history,bnr_sdc_v1,0,0,cvd_2023_12,,,,not_applicable,0,0,0,none,No disclosure restriction identified.,No disclosure restriction identified.
CVD-BURDEN-001,cvd_2024_01,annual,2011,2011-01-01,2011,,,1,all_cvd,all,all,hospital_registered,annual_count,504,504,count,504,,,final,bnr_sdc_v1,0,0,cvd_2023_12,,,,not_applicable,0,0,0,none,No disclosure restriction identified.,No disclosure restriction identified.
CVD-BURDEN-001,cvd_2024_01,annual,2011,2011-01-01,2011,,,1,all_cvd,all,all,hospital_registered,annual_previous_5yr_mean,,,count,,,1,insufficient_history,bnr_sdc_v1,0,0,cvd_2023_12,,,,not_applicable,0,0,0,none,No disclosure restriction identified.,No disclosure restriction identified.
CVD-BURDEN-001,cvd_2024_01,annual,2011,2011-01-01,2011,,,1,all_cvd,all,under_70,hospital_registered,annual_count,253,253,count,253,,,final,bnr_sdc_v1,0,0,cvd_2023_12,,,,not_applicable,0,0,0,none,No disclosure restriction identified.,No disclosure restriction identified.
CVD-BURDEN-001,cvd_2024_01,annual,2011,2011-01-01,2011,,,1,all_cvd,all,under_70,hospital_registered,annual_previous_5yr_mean,,,count,,,1,insufficient_history,bnr_sdc_v1,0,0,cvd_2023_12,,,,not_applicable,0,0,0,none,No disclosure restriction identified.,No disclosure restriction identified.
CVD-BURDEN-001,cvd_2024_01,annual,2011,2011-01-01,2011,,,1,all_cvd,female,all,hospital_registered,annual_count,246,246,count,246,,,final,bnr_sdc_v1,0,0,cvd_2023_12,,,,not_applicable,0,0,0,none,No disclosure restriction identified.,No disclosure restriction identified.
CVD-BURDEN-001,cvd_2024_01,annual,2011,2011-01-01,2011,,,1,all_cvd,female,all,hospital_registered,annual_previous_5yr_mean,,,count,,,1,insufficient_history,bnr_sdc_v1,0,0,cvd_2023_12,,,,not_applicable,0,0,0,none,No disclosure restriction identified.,No disclosure restriction identified.
CVD-BURDEN-001,cvd_2024_01,annual,2011,2011-01-01,2011,,,1,all_cvd,male,all,hospital_registered,annual_count,258,258,count,258,,,final,bnr_sdc_v1,0,0,cvd_2023_12,,,,not_applicable,0,0,0,none,No disclosure restriction identified.,No disclosure restriction identified.
CVD-BURDEN-001,cvd_2024_01,annual,2011,2011-01-01,2011,,,1,all_cvd,male,all,hospital_registered,annual_previous_5yr_mean,,,count,,,1,insufficient_history,bnr_sdc_v1,0,0,cvd_2023_12,,,,not_applicable,0,0,0,none,No disclosure restriction identified.,No disclosure restriction identified.
CVD-BURDEN-001,cvd_2024_01,annual,2011,2011-01-01,2011,,,1,ami,all,all,hospital_registered,annual_count,119,119,count,119,,,final,bnr_sdc_v1,0,0,cvd_2023_12,,,,not_applicable,0,0,0,none,No disclosure restriction identified.,No disclosure restriction identified.
CVD-BURDEN-001,cvd_2024_01,annual,2011,2011-01-01,2011,,,1,ami,all,all,hospital_registered,annual_previous_5yr_mean,,,count,,,1,insufficient_history,bnr_sdc_v1,0,0,cvd_2023_12,,,,not_applicable,0,0,0,none,No disclosure restriction identified.,No disclosure restriction identified.
CVD-BURDEN-001,cvd_2024_01,annual,2011,2011-01-01,2011,,,1,ami,female,all,hospital_registered,annual_count,45,45,count,45,,,final,bnr_sdc_v1,0,0,cvd_2023_12,,,,not_applicable,0,0,0,none,No disclosure restriction identified.,No disclosure restriction identified.
CVD-BURDEN-001,cvd_2024_01,annual,2011,2011-01-01,2011,,,1,ami,female,all,hospital_registered,annual_previous_5yr_mean,,,count,,,1,insufficient_history,bnr_sdc_v1,0,0,cvd_2023_12,,,,not_applicable,0,0,0,none,No disclosure restriction identified.,No disclosure restriction identified.
CVD-BURDEN-001,cvd_2024_01,annual,2011,2011-01-01,2011,,,1,ami,male,all,hospital_registered,annual_count,74,74,count,74,,,final,bnr_sdc_v1,0,0,cvd_2023_12,,,,not_applicable,0,0,0,none,No disclosure restriction identified.,No disclosure restriction identified.
CVD-BURDEN-001,cvd_2024_01,annual,2011,2011-01-01,2011,,,1,ami,male,all,hospital_registered,annual_previous_5yr_mean,,,count,,,1,insufficient_history,bnr_sdc_v1,0,0,cvd_2023_12,,,,not_applicable,0,0,0,none,No disclosure restriction identified.,No disclosure restriction identified.
CVD-BURDEN-001,cvd_2024_01,annual,2011,2011-01-01,2011,,,1,stroke,all,all,hospital_registered,annual_count,385,385,count,385,,,final,bnr_sdc_v1,0,0,cvd_2023_12,,,,not_applicable,0,0,0,none,No disclosure restriction identified.,No disclosure restriction identified.
CVD-BURDEN-001,cvd_2024_01,annual,2011,2011-01-01,2011,,,1,stroke,all,all,hospital_registered,annual_previous_5yr_mean,,,count,,,1,insufficient_history,bnr_sdc_v1,0,0,cvd_2023_12,,,,not_applicable,0,0,0,none,No disclosure restriction identified.,No disclosure restriction identified.
CVD-BURDEN-001,cvd_2024_01,annual,2011,2011-01-01,2011,,,1,stroke,female,all,hospital_registered,annual_count,201,201,count,201,,,final,bnr_sdc_v1,0,0,cvd_2023_12,,,,not_applicable,0,0,0,none,No disclosure restriction identified.,No disclosure restriction identified.
CVD-BURDEN-001,cvd_2024_01,annual,2011,2011-01-01,2011,,,1,stroke,female,all,hospital_registered,annual_previous_5yr_mean,,,count,,,1,insufficient_history,bnr_sdc_v1,0,0,cvd_2023_12,,,,not_applicable,0,0,0,none,No disclosure restriction identified.,No disclosure restriction identified.
CVD-BURDEN-001,cvd_2024_01,annual,2011,2011-01-01,2011,,,1,stroke,male,all,hospital_registered,annual_count,184,184,count,184,,,final,bnr_sdc_v1,0,0,cvd_2023_12,,,,not_applicable,0,0,0,none,No disclosure restriction identified.,No disclosure restriction identified.
CVD-BURDEN-001,cvd_2024_01,annual,2011,2011-01-01,2011,,,1,stroke,male,all,hospital_registered,annual_previous_5yr_mean,,,count,,,1,insufficient_history,bnr_sdc_v1,0,0,cvd_2023_12,,,,not_applicable,0,0,0,none,No disclosure restriction identified.,No disclosure restriction identified.
CVD-BURDEN-001,cvd_2024_01,annual,2012,2012-01-01,2012,,,1,all_cvd,all,age_70_plus,hospital_registered,annual_count,304,304,count,304,,,final,bnr_sdc_v1,0,0,cvd_2023_12,,,,not_applicable,0,0,0,none,No disclosure restriction identified.,No disclosure restriction identified.
CVD-BURDEN-001,cvd_2024_01,annual,2012,2012-01-01,2012,,,1,all_cvd,all,age_70_plus,hospital_registered,annual_previous_5yr_mean,,,count,,,2,insufficient_history,bnr_sdc_v1,0,0,cvd_2023_12,,,,not_applicable,0,0,0,none,No disclosure restriction identified.,No disclosure restriction identified.
CVD-BURDEN-001,cvd_2024_01,annual,2012,2012-01-01,2012,,,1,all_cvd,all,all,hospital_registered,annual_count,584,584,count,584,,,final,bnr_sdc_v1,0,0,cvd_2023_12,,,,not_applicable,0,0,0,none,No disclosure restriction identified.,No disclosure restriction identified.
CVD-BURDEN-001,cvd_2024_01,annual,2012,2012-01-01,2012,,,1,all_cvd,all,all,hospital_registered,annual_previous_5yr_mean,,,count,,,2,insufficient_history,bnr_sdc_v1,0,0,cvd_2023_12,,,,not_applicable,0,0,0,none,No disclosure restriction identified.,No disclosure restriction identified.
CVD-BURDEN-001,cvd_2024_01,annual,2012,2012-01-01,2012,,,1,all_cvd,all,under_70,hospital_registered,annual_count,280,280,count,280,,,final,bnr_sdc_v1,0,0,cvd_2023_12,,,,not_applicable,0,0,0,none,No disclosure restriction identified.,No disclosure restriction identified.
CVD-BURDEN-001,cvd_2024_01,annual,2012,2012-01-01,2012,,,1,all_cvd,all,under_70,hospital_registered,annual_previous_5yr_mean,,,count,,,2,insufficient_history,bnr_sdc_v1,0,0,cvd_2023_12,,,,not_applicable,0,0,0,none,No disclosure restriction identified.,No disclosure restriction identified.
CVD-BURDEN-001,cvd_2024_01,annual,2012,2012-01-01,2012,,,1,all_cvd,female,all,hospital_registered,annual_count,298,298,count,298,,,final,bnr_sdc_v1,0,0,cvd_2023_12,,,,not_applicable,0,0,0,none,No disclosure restriction identified.,No disclosure restriction identified.
CVD-BURDEN-001,cvd_2024_01,annual,2012,2012-01-01,2012,,,1,all_cvd,female,all,hospital_registered,annual_previous_5yr_mean,,,count,,,2,insufficient_history,bnr_sdc_v1,0,0,cvd_2023_12,,,,not_applicable,0,0,0,none,No disclosure restriction identified.,No disclosure restriction identified.
CVD-BURDEN-001,cvd_2024_01,annual,2012,2012-01-01,2012,,,1,all_cvd,male,all,hospital_registered,annual_count,286,286,count,286,,,final,bnr_sdc_v1,0,0,cvd_2023_12,,,,not_applicable,0,0,0,none,No disclosure restriction identified.,No disclosure restriction identified.
CVD-BURDEN-001,cvd_2024_01,annual,2012,2012-01-01,2012,,,1,all_cvd,male,all,hospital_registered,annual_previous_5yr_mean,,,count,,,2,insufficient_history,bnr_sdc_v1,0,0,cvd_2023_12,,,,not_applicable,0,0,0,none,No disclosure restriction identified.,No disclosure restriction identified.
CVD-BURDEN-001,cvd_2024_01,annual,2012,2012-01-01,2012,,,1,ami,all,all,hospital_registered,annual_count,187,187,count,187,,,final,bnr_sdc_v1,0,0,cvd_2023_12,,,,not_applicable,0,0,0,none,No disclosure restriction identified.,No disclosure restriction identified.
CVD-BURDEN-001,cvd_2024_01,annual,2012,2012-01-01,2012,,,1,ami,all,all,hospital_registered,annual_previous_5yr_mean,,,count,,,2,insufficient_history,bnr_sdc_v1,0,0,cvd_2023_12,,,,not_applicable,0,0,0,none,No disclosure restriction identified.,No disclosure restriction identified.
CVD-BURDEN-001,cvd_2024_01,annual,2012,2012-01-01,2012,,,1,ami,female,all,hospital_registered,annual_count,96,96,count,96,,,final,bnr_sdc_v1,0,0,cvd_2023_12,,,,not_applicable,0,0,0,none,No disclosure restriction identified.,No disclosure restriction identified.
CVD-BURDEN-001,cvd_2024_01,annual,2012,2012-01-01,2012,,,1,ami,female,all,hospital_registered,annual_previous_5yr_mean,,,count,,,2,insufficient_history,bnr_sdc_v1,0,0,cvd_2023_12,,,,not_applicable,0,0,0,none,No disclosure restriction identified.,No disclosure restriction identified.
CVD-BURDEN-001,cvd_2024_01,annual,2012,2012-01-01,2012,,,1,ami,male,all,hospital_registered,annual_count,91,91,count,91,,,final,bnr_sdc_v1,0,0,cvd_2023_12,,,,not_applicable,0,0,0,none,No disclosure restriction identified.,No disclosure restriction identified.
CVD-BURDEN-001,cvd_2024_01,annual,2012,2012-01-01,2012,,,1,ami,male,all,hospital_registered,annual_previous_5yr_mean,,,count,,,2,insufficient_history,bnr_sdc_v1,0,0,cvd_2023_12,,,,not_applicable,0,0,0,none,No disclosure restriction identified.,No disclosure restriction identified.
CVD-BURDEN-001,cvd_2024_01,annual,2012,2012-01-01,2012,,,1,stroke,all,all,hospital_registered,annual_count,397,397,count,397,,,final,bnr_sdc_v1,0,0,cvd_2023_12,,,,not_applicable,0,0,0,none,No disclosure restriction identified.,No disclosure restriction identified.
CVD-BURDEN-001,cvd_2024_01,annual,2012,2012-01-01,2012,,,1,stroke,all,all,hospital_registered,annual_previous_5yr_mean,,,count,,,2,insufficient_history,bnr_sdc_v1,0,0,cvd_2023_12,,,,not_applicable,0,0,0,none,No disclosure restriction identified.,No disclosure restriction identified.
CVD-BURDEN-001,cvd_2024_01,annual,2012,2012-01-01,2012,,,1,stroke,female,all,hospital_registered,annual_count,202,202,count,202,,,final,bnr_sdc_v1,0,0,cvd_2023_12,,,,not_applicable,0,0,0,none,No disclosure restriction identified.,No disclosure restriction identified.
CVD-BURDEN-001,cvd_2024_01,annual,2012,2012-01-01,2012,,,1,stroke,female,all,hospital_registered,annual_previous_5yr_mean,,,count,,,2,insufficient_history,bnr_sdc_v1,0,0,cvd_2023_12,,,,not_applicable,0,0,0,none,No disclosure restriction identified.,No disclosure restriction identified.
CVD-BURDEN-001,cvd_2024_01,annual,2012,2012-01-01,2012,,,1,stroke,male,all,hospital_registered,annual_count,195,195,count,195,,,final,bnr_sdc_v1,0,0,cvd_2023_12,,,,not_applicable,0,0,0,none,No disclosure restriction identified.,No disclosure restriction identified.
CVD-BURDEN-001,cvd_2024_01,annual,2012,2012-01-01,2012,,,1,stroke,male,all,hospital_registered,annual_previous_5yr_mean,,,count,,,2,insufficient_history,bnr_sdc_v1,0,0,cvd_2023_12,,,,not_applicable,0,0,0,none,No disclosure restriction identified.,No disclosure restriction identified.
CVD-BURDEN-001,cvd_2024_01,annual,2013,2013-01-01,2013,,,1,all_cvd,all,age_70_plus,hospital_registered,annual_count,349,349,count,349,,,final,bnr_sdc_v1,0,0,cvd_2023_12,,,,not_applicable,0,0,0,none,No disclosure restriction identified.,No disclosure restriction identified.
CVD-BURDEN-001,cvd_2024_01,annual,2013,2013-01-01,2013,,,1,all_cvd,all,age_70_plus,hospital_registered,annual_previous_5yr_mean,,,count,,,3,insufficient_history,bnr_sdc_v1,0,0,cvd_2023_12,,,,not_applicable,0,0,0,none,No disclosure restriction identified.,No disclosure restriction identified.
CVD-BURDEN-001,cvd_2024_01,annual,2013,2013-01-01,2013,,,1,all_cvd,all,all,hospital_registered,annual_count,697,697,count,697,,,final,bnr_sdc_v1,0,0,cvd_2023_12,,,,not_applicable,0,0,0,none,No disclosure restriction identified.,No disclosure restriction identified.
CVD-BURDEN-001,cvd_2024_01,annual,2013,2013-01-01,2013,,,1,all_cvd,all,all,hospital_registered,annual_previous_5yr_mean,,,count,,,3,insufficient_history,bnr_sdc_v1,0,0,cvd_2023_12,,,,not_applicable,0,0,0,none,No disclosure restriction identified.,No disclosure restriction identified.
CVD-BURDEN-001,cvd_2024_01,annual,2013,2013-01-01,2013,,,1,all_cvd,all,under_70,hospital_registered,annual_count,348,348,count,348,,,final,bnr_sdc_v1,0,0,cvd_2023_12,,,,not_applicable,0,0,0,none,No disclosure restriction identified.,No disclosure restriction identified.
CVD-BURDEN-001,cvd_2024_01,annual,2013,2013-01-01,2013,,,1,all_cvd,all,under_70,hospital_registered,annual_previous_5yr_mean,,,count,,,3,insufficient_history,bnr_sdc_v1,0,0,cvd_2023_12,,,,not_applicable,0,0,0,none,No disclosure restriction identified.,No disclosure restriction identified.
CVD-BURDEN-001,cvd_2024_01,annual,2013,2013-01-01,2013,,,1,all_cvd,female,all,hospital_registered,annual_count,342,342,count,342,,,final,bnr_sdc_v1,0,0,cvd_2023_12,,,,not_applicable,0,0,0,none,No disclosure restriction identified.,No disclosure restriction identified.
CVD-BURDEN-001,cvd_2024_01,annual,2013,2013-01-01,2013,,,1,all_cvd,female,all,hospital_registered,annual_previous_5yr_mean,,,count,,,3,insufficient_history,bnr_sdc_v1,0,0,cvd_2023_12,,,,not_applicable,0,0,0,none,No disclosure restriction identified.,No disclosure restriction identified.
CVD-BURDEN-001,cvd_2024_01,annual,2013,2013-01-01,2013,,,1,all_cvd,male,all,hospital_registered,annual_count,355,355,count,355,,,final,bnr_sdc_v1,0,0,cvd_2023_12,,,,not_applicable,0,0,0,none,No disclosure restriction identified.,No disclosure restriction identified.
CVD-BURDEN-001,cvd_2024_01,annual,2013,2013-01-01,2013,,,1,all_cvd,male,all,hospital_registered,annual_previous_5yr_mean,,,count,,,3,insufficient_history,bnr_sdc_v1,0,0,cvd_2023_12,,,,not_applicable,0,0,0,none,No disclosure restriction identified.,No disclosure restriction identified.
CVD-BURDEN-001,cvd_2024_01,annual,2013,2013-01-01,2013,,,1,ami,all,all,hospital_registered,annual_count,153,153,count,153,,,final,bnr_sdc_v1,0,0,cvd_2023_12,,,,not_applicable,0,0,0,none,No disclosure restriction identified.,No disclosure restriction identified.
CVD-BURDEN-001,cvd_2024_01,annual,2013,2013-01-01,2013,,,1,ami,all,all,hospital_registered,annual_previous_5yr_mean,,,count,,,3,insufficient_history,bnr_sdc_v1,0,0,cvd_2023_12,,,,not_applicable,0,0,0,none,No disclosure restriction identified.,No disclosure restriction identified.
CVD-BURDEN-001,cvd_2024_01,annual,2013,2013-01-01,2013,,,1,ami,female,all,hospital_registered,annual_count,64,64,count,64,,,final,bnr_sdc_v1,0,0,cvd_2023_12,,,,not_applicable,0,0,0,none,No disclosure restriction identified.,No disclosure restriction identified.
CVD-BURDEN-001,cvd_2024_01,annual,2013,2013-01-01,2013,,,1,ami,female,all,hospital_registered,annual_previous_5yr_mean,,,count,,,3,insufficient_history,bnr_sdc_v1,0,0,cvd_2023_12,,,,not_applicable,0,0,0,none,No disclosure restriction identified.,No disclosure restriction identified.
CVD-BURDEN-001,cvd_2024_01,annual,2013,2013-01-01,2013,,,1,ami,male,all,hospital_registered,annual_count,89,89,count,89,,,final,bnr_sdc_v1,0,0,cvd_2023_12,,,,not_applicable,0,0,0,none,No disclosure restriction identified.,No disclosure restriction identified.
CVD-BURDEN-001,cvd_2024_01,annual,2013,2013-01-01,2013,,,1,ami,male,all,hospital_registered,annual_previous_5yr_mean,,,count,,,3,insufficient_history,bnr_sdc_v1,0,0,cvd_2023_12,,,,not_applicable,0,0,0,none,No disclosure restriction identified.,No disclosure restriction identified.
CVD-BURDEN-001,cvd_2024_01,annual,2013,2013-01-01,2013,,,1,stroke,all,all,hospital_registered,annual_count,544,544,count,544,,,final,bnr_sdc_v1,0,0,cvd_2023_12,,,,not_applicable,0,0,0,none,No disclosure restriction identified.,No disclosure restriction identified.
CVD-BURDEN-001,cvd_2024_01,annual,2013,2013-01-01,2013,,,1,stroke,all,all,hospital_registered,annual_previous_5yr_mean,,,count,,,3,insufficient_history,bnr_sdc_v1,0,0,cvd_2023_12,,,,not_applicable,0,0,0,none,No disclosure restriction identified.,No disclosure restriction identified.
CVD-BURDEN-001,cvd_2024_01,annual,2013,2013-01-01,2013,,,1,stroke,female,all,hospital_registered,annual_count,278,278,count,278,,,final,bnr_sdc_v1,0,0,cvd_2023_12,,,,not_applicable,0,0,0,none,No disclosure restriction identified.,No disclosure restriction identified.
CVD-BURDEN-001,cvd_2024_01,annual,2013,2013-01-01,2013,,,1,stroke,female,all,hospital_registered,annual_previous_5yr_mean,,,count,,,3,insufficient_history,bnr_sdc_v1,0,0,cvd_2023_12,,,,not_applicable,0,0,0,none,No disclosure restriction identified.,No disclosure restriction identified.
CVD-BURDEN-001,cvd_2024_01,annual,2013,2013-01-01,2013,,,1,stroke,male,all,hospital_registered,annual_count,266,266,count,266,,,final,bnr_sdc_v1,0,0,cvd_2023_12,,,,not_applicable,0,0,0,none,No disclosure restriction identified.,No disclosure restriction identified.
CVD-BURDEN-001,cvd_2024_01,annual,2013,2013-01-01,2013,,,1,stroke,male,all,hospital_registered,annual_previous_5yr_mean,,,count,,,3,insufficient_history,bnr_sdc_v1,0,0,cvd_2023_12,,,,not_applicable,0,0,0,none,No disclosure restriction identified.,No disclosure restriction identified.
CVD-BURDEN-001,cvd_2024_01,annual,2014,2014-01-01,2014,,,1,all_cvd,all,age_70_plus,hospital_registered,annual_count,373,373,count,373,,,final,bnr_sdc_v1,0,0,cvd_2023_12,,,,not_applicable,0,0,0,none,No disclosure restriction identified.,No disclosure restriction identified.
CVD-BURDEN-001,cvd_2024_01,annual,2014,2014-01-01,2014,,,1,all_cvd,all,age_70_plus,hospital_registered,annual_previous_5yr_mean,,,count,,,4,insufficient_history,bnr_sdc_v1,0,0,cvd_2023_12,,,,not_applicable,0,0,0,none,No disclosure restriction identified.,No disclosure restriction identified.
CVD-BURDEN-001,cvd_2024_01,annual,2014,2014-01-01,2014,,,1,all_cvd,all,all,hospital_registered,annual_count,715,715,count,715,,,final,bnr_sdc_v1,0,0,cvd_2023_12,,,,not_applicable,0,0,0,none,No disclosure restriction identified.,No disclosure restriction identified.
CVD-BURDEN-001,cvd_2024_01,annual,2014,2014-01-01,2014,,,1,all_cvd,all,all,hospital_registered,annual_previous_5yr_mean,,,count,,,4,insufficient_history,bnr_sdc_v1,0,0,cvd_2023_12,,,,not_applicable,0,0,0,none,No disclosure restriction identified.,No disclosure restriction identified.
CVD-BURDEN-001,cvd_2024_01,annual,2014,2014-01-01,2014,,,1,all_cvd,all,under_70,hospital_registered,annual_count,342,342,count,342,,,final,bnr_sdc_v1,0,0,cvd_2023_12,,,,not_applicable,0,0,0,none,No disclosure restriction identified.,No disclosure restriction identified.
CVD-BURDEN-001,cvd_2024_01,annual,2014,2014-01-01,2014,,,1,all_cvd,all,under_70,hospital_registered,annual_previous_5yr_mean,,,count,,,4,insufficient_history,bnr_sdc_v1,0,0,cvd_2023_12,,,,not_applicable,0,0,0,none,No disclosure restriction identified.,No disclosure restriction identified.
CVD-BURDEN-001,cvd_2024_01,annual,2014,2014-01-01,2014,,,1,all_cvd,female,all,hospital_registered,annual_count,369,369,count,369,,,final,bnr_sdc_v1,0,0,cvd_2023_12,,,,not_applicable,0,0,0,none,No disclosure restriction identified.,No disclosure restriction identified.
CVD-BURDEN-001,cvd_2024_01,annual,2014,2014-01-01,2014,,,1,all_cvd,female,all,hospital_registered,annual_previous_5yr_mean,,,count,,,4,insufficient_history,bnr_sdc_v1,0,0,cvd_2023_12,,,,not_applicable,0,0,0,none,No disclosure restriction identified.,No disclosure restriction identified.
CVD-BURDEN-001,cvd_2024_01,annual,2014,2014-01-01,2014,,,1,all_cvd,male,all,hospital_registered,annual_count,346,346,count,346,,,final,bnr_sdc_v1,0,0,cvd_2023_12,,,,not_applicable,0,0,0,none,No disclosure restriction identified.,No disclosure restriction identified.
CVD-BURDEN-001,cvd_2024_01,annual,2014,2014-01-01,2014,,,1,all_cvd,male,all,hospital_registered,annual_previous_5yr_mean,,,count,,,4,insufficient_history,bnr_sdc_v1,0,0,cvd_2023_12,,,,not_applicable,0,0,0,none,No disclosure restriction identified.,No disclosure restriction identified.
CVD-BURDEN-001,cvd_2024_01,annual,2014,2014-01-01,2014,,,1,ami,all,all,hospital_registered,annual_count,234,234,count,234,,,final,bnr_sdc_v1,0,0,cvd_2023_12,,,,not_applicable,0,0,0,none,No disclosure restriction identified.,No disclosure restriction identified.
CVD-BURDEN-001,cvd_2024_01,annual,2014,2014-01-01,2014,,,1,ami,all,all,hospital_registered,annual_previous_5yr_mean,,,count,,,4,insufficient_history,bnr_sdc_v1,0,0,cvd_2023_12,,,,not_applicable,0,0,0,none,No disclosure restriction identified.,No disclosure restriction identified.
CVD-BURDEN-001,cvd_2024_01,annual,2014,2014-01-01,2014,,,1,ami,female,all,hospital_registered,annual_count,109,109,count,109,,,final,bnr_sdc_v1,0,0,cvd_2023_12,,,,not_applicable,0,0,0,none,No disclosure restriction identified.,No disclosure restriction identified.
CVD-BURDEN-001,cvd_2024_01,annual,2014,2014-01-01,2014,,,1,ami,female,all,hospital_registered,annual_previous_5yr_mean,,,count,,,4,insufficient_history,bnr_sdc_v1,0,0,cvd_2023_12,,,,not_applicable,0,0,0,none,No disclosure restriction identified.,No disclosure restriction identified.
CVD-BURDEN-001,cvd_2024_01,annual,2014,2014-01-01,2014,,,1,ami,male,all,hospital_registered,annual_count,125,125,count,125,,,final,bnr_sdc_v1,0,0,cvd_2023_12,,,,not_applicable,0,0,0,none,No disclosure restriction identified.,No disclosure restriction identified.
CVD-BURDEN-001,cvd_2024_01,annual,2014,2014-01-01,2014,,,1,ami,male,all,hospital_registered,annual_previous_5yr_mean,,,count,,,4,insufficient_history,bnr_sdc_v1,0,0,cvd_2023_12,,,,not_applicable,0,0,0,none,No disclosure restriction identified.,No disclosure restriction identified.
CVD-BURDEN-001,cvd_2024_01,annual,2014,2014-01-01,2014,,,1,stroke,all,all,hospital_registered,annual_count,481,481,count,481,,,final,bnr_sdc_v1,0,0,cvd_2023_12,,,,not_applicable,0,0,0,none,No disclosure restriction identified.,No disclosure restriction identified.
CVD-BURDEN-001,cvd_2024_01,annual,2014,2014-01-01,2014,,,1,stroke,all,all,hospital_registered,annual_previous_5yr_mean,,,count,,,4,insufficient_history,bnr_sdc_v1,0,0,cvd_2023_12,,,,not_applicable,0,0,0,none,No disclosure restriction identified.,No disclosure restriction identified.
CVD-BURDEN-001,cvd_2024_01,annual,2014,2014-01-01,2014,,,1,stroke,female,all,hospital_registered,annual_count,260,260,count,260,,,final,bnr_sdc_v1,0,0,cvd_2023_12,,,,not_applicable,0,0,0,none,No disclosure restriction identified.,No disclosure restriction identified.
CVD-BURDEN-001,cvd_2024_01,annual,2014,2014-01-01,2014,,,1,stroke,female,all,hospital_registered,annual_previous_5yr_mean,,,count,,,4,insufficient_history,bnr_sdc_v1,0,0,cvd_2023_12,,,,not_applicable,0,0,0,none,No disclosure restriction identified.,No disclosure restriction identified.
CVD-BURDEN-001,cvd_2024_01,annual,2014,2014-01-01,2014,,,1,stroke,male,all,hospital_registered,annual_count,221,221,count,221,,,final,bnr_sdc_v1,0,0,cvd_2023_12,,,,not_applicable,0,0,0,none,No disclosure restriction identified.,No disclosure restriction identified.
CVD-BURDEN-001,cvd_2024_01,annual,2014,2014-01-01,2014,,,1,stroke,male,all,hospital_registered,annual_previous_5yr_mean,,,count,,,4,insufficient_history,bnr_sdc_v1,0,0,cvd_2023_12,,,,not_applicable,0,0,0,none,No disclosure restriction identified.,No disclosure restriction identified.
CVD-BURDEN-001,cvd_2024_01,annual,2015,2015-01-01,2015,,,1,all_cvd,all,age_70_plus,hospital_registered,annual_count,345,345,count,345,,,final,bnr_sdc_v1,0,0,cvd_2023_12,,,,not_applicable,0,0,0,none,No disclosure restriction identified.,No disclosure restriction identified.
CVD-BURDEN-001,cvd_2024_01,annual,2015,2015-01-01,2015,,,1,all_cvd,all,age_70_plus,hospital_registered,annual_previous_5yr_mean,314.2,314.2,count,1571,,5,final,bnr_sdc_v1,0,0,cvd_2023_12,,,,not_applicable,0,0,0,none,No disclosure restriction identified.,No disclosure restriction identified.
CVD-BURDEN-001,cvd_2024_01,annual,2015,2015-01-01,2015,,,1,all_cvd,all,all,hospital_registered,annual_count,695,695,count,695,,,final,bnr_sdc_v1,0,0,cvd_2023_12,,,,not_applicable,0,0,0,none,No disclosure restriction identified.,No disclosure restriction identified.
CVD-BURDEN-001,cvd_2024_01,annual,2015,2015-01-01,2015,,,1,all_cvd,all,all,hospital_registered,annual_previous_5yr_mean,611,611,count,3055,,5,final,bnr_sdc_v1,0,0,cvd_2023_12,,,,not_applicable,0,0,0,none,No disclosure restriction identified.,No disclosure restriction identified.
CVD-BURDEN-001,cvd_2024_01,annual,2015,2015-01-01,2015,,,1,all_cvd,all,under_70,hospital_registered,annual_count,350,350,count,350,,,final,bnr_sdc_v1,0,0,cvd_2023_12,,,,not_applicable,0,0,0,none,No disclosure restriction identified.,No disclosure restriction identified.
CVD-BURDEN-001,cvd_2024_01,annual,2015,2015-01-01,2015,,,1,all_cvd,all,under_70,hospital_registered,annual_previous_5yr_mean,296.8,296.8,count,1484,,5,final,bnr_sdc_v1,0,0,cvd_2023_12,,,,not_applicable,0,0,0,none,No disclosure restriction identified.,No disclosure restriction identified.
CVD-BURDEN-001,cvd_2024_01,annual,2015,2015-01-01,2015,,,1,all_cvd,female,all,hospital_registered,annual_count,355,355,count,355,,,final,bnr_sdc_v1,0,0,cvd_2023_12,,,,not_applicable,0,0,0,none,No disclosure restriction identified.,No disclosure restriction identified.
CVD-BURDEN-001,cvd_2024_01,annual,2015,2015-01-01,2015,,,1,all_cvd,female,all,hospital_registered,annual_previous_5yr_mean,308.2,308.2,count,1541,,5,final,bnr_sdc_v1,0,0,cvd_2023_12,,,,not_applicable,0,0,0,none,No disclosure restriction identified.,No disclosure restriction identified.
CVD-BURDEN-001,cvd_2024_01,annual,2015,2015-01-01,2015,,,1,all_cvd,male,all,hospital_registered,annual_count,340,340,count,340,,,final,bnr_sdc_v1,0,0,cvd_2023_12,,,,not_applicable,0,0,0,none,No disclosure restriction identified.,No disclosure restriction identified.
CVD-BURDEN-001,cvd_2024_01,annual,2015,2015-01-01,2015,,,1,all_cvd,male,all,hospital_registered,annual_previous_5yr_mean,302.8,302.8,count,1514,,5,final,bnr_sdc_v1,0,0,cvd_2023_12,,,,not_applicable,0,0,0,none,No disclosure restriction identified.,No disclosure restriction identified.
CVD-BURDEN-001,cvd_2024_01,annual,2015,2015-01-01,2015,,,1,ami,all,all,hospital_registered,annual_count,211,211,count,211,,,final,bnr_sdc_v1,0,0,cvd_2023_12,,,,not_applicable,0,0,0,none,No disclosure restriction identified.,No disclosure restriction identified.
CVD-BURDEN-001,cvd_2024_01,annual,2015,2015-01-01,2015,,,1,ami,all,all,hospital_registered,annual_previous_5yr_mean,163.8,163.8,count,819,,5,final,bnr_sdc_v1,0,0,cvd_2023_12,,,,not_applicable,0,0,0,none,No disclosure restriction identified.,No disclosure restriction identified.
CVD-BURDEN-001,cvd_2024_01,annual,2015,2015-01-01,2015,,,1,ami,female,all,hospital_registered,annual_count,100,100,count,100,,,final,bnr_sdc_v1,0,0,cvd_2023_12,,,,not_applicable,0,0,0,none,No disclosure restriction identified.,No disclosure restriction identified.
CVD-BURDEN-001,cvd_2024_01,annual,2015,2015-01-01,2015,,,1,ami,female,all,hospital_registered,annual_previous_5yr_mean,74.8,74.8,count,374,,5,final,bnr_sdc_v1,0,0,cvd_2023_12,,,,not_applicable,0,0,0,none,No disclosure restriction identified.,No disclosure restriction identified.
CVD-BURDEN-001,cvd_2024_01,annual,2015,2015-01-01,2015,,,1,ami,male,all,hospital_registered,annual_count,111,111,count,111,,,final,bnr_sdc_v1,0,0,cvd_2023_12,,,,not_applicable,0,0,0,none,No disclosure restriction identified.,No disclosure restriction identified.
CVD-BURDEN-001,cvd_2024_01,annual,2015,2015-01-01,2015,,,1,ami,male,all,hospital_registered,annual_previous_5yr_mean,89,89,count,445,,5,final,bnr_sdc_v1,0,0,cvd_2023_12,,,,not_applicable,0,0,0,none,No disclosure restriction identified.,No disclosure restriction identified.
CVD-BURDEN-001,cvd_2024_01,annual,2015,2015-01-01,2015,,,1,stroke,all,all,hospital_registered,annual_count,484,484,count,484,,,final,bnr_sdc_v1,0,0,cvd_2023_12,,,,not_applicable,0,0,0,none,No disclosure restriction identified.,No disclosure restriction identified.
CVD-BURDEN-001,cvd_2024_01,annual,2015,2015-01-01,2015,,,1,stroke,all,all,hospital_registered,annual_previous_5yr_mean,447.2,447.2,count,2236,,5,final,bnr_sdc_v1,0,0,cvd_2023_12,,,,not_applicable,0,0,0,none,No disclosure restriction identified.,No disclosure restriction identified.
CVD-BURDEN-001,cvd_2024_01,annual,2015,2015-01-01,2015,,,1,stroke,female,all,hospital_registered,annual_count,255,255,count,255,,,final,bnr_sdc_v1,0,0,cvd_2023_12,,,,not_applicable,0,0,0,none,No disclosure restriction identified.,No disclosure restriction identified.
CVD-BURDEN-001,cvd_2024_01,annual,2015,2015-01-01,2015,,,1,stroke,female,all,hospital_registered,annual_previous_5yr_mean,233.4,233.4,count,1167,,5,final,bnr_sdc_v1,0,0,cvd_2023_12,,,,not_applicable,0,0,0,none,No disclosure restriction identified.,No disclosure restriction identified.
CVD-BURDEN-001,cvd_2024_01,annual,2015,2015-01-01,2015,,,1,stroke,male,all,hospital_registered,annual_count,229,229,count,229,,,final,bnr_sdc_v1,0,0,cvd_2023_12,,,,not_applicable,0,0,0,none,No disclosure restriction identified.,No disclosure restriction identified.
CVD-BURDEN-001,cvd_2024_01,annual,2015,2015-01-01,2015,,,1,stroke,male,all,hospital_registered,annual_previous_5yr_mean,213.8,213.8,count,1069,,5,final,bnr_sdc_v1,0,0,cvd_2023_12,,,,not_applicable,0,0,0,none,No disclosure restriction identified.,No disclosure restriction identified.
CVD-BURDEN-001,cvd_2024_01,annual,2016,2016-01-01,2016,,,1,all_cvd,all,age_70_plus,hospital_registered,annual_count,380,380,count,380,,,final,bnr_sdc_v1,0,0,cvd_2023_12,,,,not_applicable,0,0,0,none,No disclosure restriction identified.,No disclosure restriction identified.
CVD-BURDEN-001,cvd_2024_01,annual,2016,2016-01-01,2016,,,1,all_cvd,all,age_70_plus,hospital_registered,annual_previous_5yr_mean,324.4,324.4,count,1622,,5,final,bnr_sdc_v1,0,0,cvd_2023_12,,,,not_applicable,0,0,0,none,No disclosure restriction identified.,No disclosure restriction identified.
CVD-BURDEN-001,cvd_2024_01,annual,2016,2016-01-01,2016,,,1,all_cvd,all,all,hospital_registered,annual_count,780,780,count,780,,,final,bnr_sdc_v1,0,0,cvd_2023_12,,,,not_applicable,0,0,0,none,No disclosure restriction identified.,No disclosure restriction identified.
CVD-BURDEN-001,cvd_2024_01,annual,2016,2016-01-01,2016,,,1,all_cvd,all,all,hospital_registered,annual_previous_5yr_mean,639,639,count,3195,,5,final,bnr_sdc_v1,0,0,cvd_2023_12,,,,not_applicable,0,0,0,none,No disclosure restriction identified.,No disclosure restriction identified.
CVD-BURDEN-001,cvd_2024_01,annual,2016,2016-01-01,2016,,,1,all_cvd,all,under_70,hospital_registered,annual_count,398,398,count,398,,,final,bnr_sdc_v1,0,0,cvd_2023_12,,,,not_applicable,0,0,0,none,No disclosure restriction identified.,No disclosure restriction identified.
CVD-BURDEN-001,cvd_2024_01,annual,2016,2016-01-01,2016,,,1,all_cvd,all,under_70,hospital_registered,annual_previous_5yr_mean,314.6,314.6,count,1573,,5,final,bnr_sdc_v1,0,0,cvd_2023_12,,,,not_applicable,0,0,0,none,No disclosure restriction identified.,No disclosure restriction identified.
CVD-BURDEN-001,cvd_2024_01,annual,2016,2016-01-01,2016,,,1,all_cvd,female,all,hospital_registered,annual_count,397,397,count,397,,,final,bnr_sdc_v1,0,0,cvd_2023_12,,,,not_applicable,0,0,0,none,No disclosure restriction identified.,No disclosure restriction identified.
CVD-BURDEN-001,cvd_2024_01,annual,2016,2016-01-01,2016,,,1,all_cvd,female,all,hospital_registered,annual_previous_5yr_mean,322,322,count,1610,,5,final,bnr_sdc_v1,0,0,cvd_2023_12,,,,not_applicable,0,0,0,none,No disclosure restriction identified.,No disclosure restriction identified.
CVD-BURDEN-001,cvd_2024_01,annual,2016,2016-01-01,2016,,,1,all_cvd,male,all,hospital_registered,annual_count,383,383,count,383,,,final,bnr_sdc_v1,0,0,cvd_2023_12,,,,not_applicable,0,0,0,none,No disclosure restriction identified.,No disclosure restriction identified.
CVD-BURDEN-001,cvd_2024_01,annual,2016,2016-01-01,2016,,,1,all_cvd,male,all,hospital_registered,annual_previous_5yr_mean,317,317,count,1585,,5,final,bnr_sdc_v1,0,0,cvd_2023_12,,,,not_applicable,0,0,0,none,No disclosure restriction identified.,No disclosure restriction identified.
CVD-BURDEN-001,cvd_2024_01,annual,2016,2016-01-01,2016,,,1,ami,all,all,hospital_registered,annual_count,217,217,count,217,,,final,bnr_sdc_v1,0,0,cvd_2023_12,,,,not_applicable,0,0,0,none,No disclosure restriction identified.,No disclosure restriction identified.
CVD-BURDEN-001,cvd_2024_01,annual,2016,2016-01-01,2016,,,1,ami,all,all,hospital_registered,annual_previous_5yr_mean,180.8,180.8,count,904,,5,final,bnr_sdc_v1,0,0,cvd_2023_12,,,,not_applicable,0,0,0,none,No disclosure restriction identified.,No disclosure restriction identified.
CVD-BURDEN-001,cvd_2024_01,annual,2016,2016-01-01,2016,,,1,ami,female,all,hospital_registered,annual_count,95,95,count,95,,,final,bnr_sdc_v1,0,0,cvd_2023_12,,,,not_applicable,0,0,0,none,No disclosure restriction identified.,No disclosure restriction identified.
CVD-BURDEN-001,cvd_2024_01,annual,2016,2016-01-01,2016,,,1,ami,female,all,hospital_registered,annual_previous_5yr_mean,82.8,82.8,count,414,,5,final,bnr_sdc_v1,0,0,cvd_2023_12,,,,not_applicable,0,0,0,none,No disclosure restriction identified.,No disclosure restriction identified.
CVD-BURDEN-001,cvd_2024_01,annual,2016,2016-01-01,2016,,,1,ami,male,all,hospital_registered,annual_count,122,122,count,122,,,final,bnr_sdc_v1,0,0,cvd_2023_12,,,,not_applicable,0,0,0,none,No disclosure restriction identified.,No disclosure restriction identified.
CVD-BURDEN-001,cvd_2024_01,annual,2016,2016-01-01,2016,,,1,ami,male,all,hospital_registered,annual_previous_5yr_mean,98,98,count,490,,5,final,bnr_sdc_v1,0,0,cvd_2023_12,,,,not_applicable,0,0,0,none,No disclosure restriction identified.,No disclosure restriction identified.
CVD-BURDEN-001,cvd_2024_01,annual,2016,2016-01-01,2016,,,1,stroke,all,all,hospital_registered,annual_count,563,563,count,563,,,final,bnr_sdc_v1,0,0,cvd_2023_12,,,,not_applicable,0,0,0,none,No disclosure restriction identified.,No disclosure restriction identified.
CVD-BURDEN-001,cvd_2024_01,annual,2016,2016-01-01,2016,,,1,stroke,all,all,hospital_registered,annual_previous_5yr_mean,458.2,458.2,count,2291,,5,final,bnr_sdc_v1,0,0,cvd_2023_12,,,,not_applicable,0,0,0,none,No disclosure restriction identified.,No disclosure restriction identified.
CVD-BURDEN-001,cvd_2024_01,annual,2016,2016-01-01,2016,,,1,stroke,female,all,hospital_registered,annual_count,302,302,count,302,,,final,bnr_sdc_v1,0,0,cvd_2023_12,,,,not_applicable,0,0,0,none,No disclosure restriction identified.,No disclosure restriction identified.
CVD-BURDEN-001,cvd_2024_01,annual,2016,2016-01-01,2016,,,1,stroke,female,all,hospital_registered,annual_previous_5yr_mean,239.2,239.2,count,1196,,5,final,bnr_sdc_v1,0,0,cvd_2023_12,,,,not_applicable,0,0,0,none,No disclosure restriction identified.,No disclosure restriction identified.
CVD-BURDEN-001,cvd_2024_01,annual,2016,2016-01-01,2016,,,1,stroke,male,all,hospital_registered,annual_count,261,261,count,261,,,final,bnr_sdc_v1,0,0,cvd_2023_12,,,,not_applicable,0,0,0,none,No disclosure restriction identified.,No disclosure restriction identified.
CVD-BURDEN-001,cvd_2024_01,annual,2016,2016-01-01,2016,,,1,stroke,male,all,hospital_registered,annual_previous_5yr_mean,219,219,count,1095,,5,final,bnr_sdc_v1,0,0,cvd_2023_12,,,,not_applicable,0,0,0,none,No disclosure restriction identified.,No disclosure restriction identified.
CVD-BURDEN-001,cvd_2024_01,annual,2017,2017-01-01,2017,,,1,all_cvd,all,age_70_plus,hospital_registered,annual_count,415,415,count,415,,,final,bnr_sdc_v1,0,0,cvd_2023_12,,,,not_applicable,0,0,0,none,No disclosure restriction identified.,No disclosure restriction identified.
CVD-BURDEN-001,cvd_2024_01,annual,2017,2017-01-01,2017,,,1,all_cvd,all,age_70_plus,hospital_registered,annual_previous_5yr_mean,350.2,350.2,count,1751,,5,final,bnr_sdc_v1,0,0,cvd_2023_12,,,,not_applicable,0,0,0,none,No disclosure restriction identified.,No disclosure restriction identified.
CVD-BURDEN-001,cvd_2024_01,annual,2017,2017-01-01,2017,,,1,all_cvd,all,all,hospital_registered,annual_count,822,822,count,822,,,final,bnr_sdc_v1,0,0,cvd_2023_12,,,,not_applicable,0,0,0,none,No disclosure restriction identified.,No disclosure restriction identified.
CVD-BURDEN-001,cvd_2024_01,annual,2017,2017-01-01,2017,,,1,all_cvd,all,all,hospital_registered,annual_previous_5yr_mean,694.2,694.2,count,3471,,5,final,bnr_sdc_v1,0,0,cvd_2023_12,,,,not_applicable,0,0,0,none,No disclosure restriction identified.,No disclosure restriction identified.
CVD-BURDEN-001,cvd_2024_01,annual,2017,2017-01-01,2017,,,1,all_cvd,all,under_70,hospital_registered,annual_count,405,405,count,405,,,final,bnr_sdc_v1,0,0,cvd_2023_12,,,,not_applicable,0,0,0,none,No disclosure restriction identified.,No disclosure restriction identified.
CVD-BURDEN-001,cvd_2024_01,annual,2017,2017-01-01,2017,,,1,all_cvd,all,under_70,hospital_registered,annual_previous_5yr_mean,343.6,343.6,count,1718,,5,final,bnr_sdc_v1,0,0,cvd_2023_12,,,,not_applicable,0,0,0,none,No disclosure restriction identified.,No disclosure restriction identified.
CVD-BURDEN-001,cvd_2024_01,annual,2017,2017-01-01,2017,,,1,all_cvd,female,all,hospital_registered,annual_count,418,418,count,418,,,final,bnr_sdc_v1,0,0,cvd_2023_12,,,,not_applicable,0,0,0,none,No disclosure restriction identified.,No disclosure restriction identified.
CVD-BURDEN-001,cvd_2024_01,annual,2017,2017-01-01,2017,,,1,all_cvd,female,all,hospital_registered,annual_previous_5yr_mean,352.2,352.2,count,1761,,5,final,bnr_sdc_v1,0,0,cvd_2023_12,,,,not_applicable,0,0,0,none,No disclosure restriction identified.,No disclosure restriction identified.
CVD-BURDEN-001,cvd_2024_01,annual,2017,2017-01-01,2017,,,1,all_cvd,male,all,hospital_registered,annual_count,404,404,count,404,,,final,bnr_sdc_v1,0,0,cvd_2023_12,,,,not_applicable,0,0,0,none,No disclosure restriction identified.,No disclosure restriction identified.
CVD-BURDEN-001,cvd_2024_01,annual,2017,2017-01-01,2017,,,1,all_cvd,male,all,hospital_registered,annual_previous_5yr_mean,342,342,count,1710,,5,final,bnr_sdc_v1,0,0,cvd_2023_12,,,,not_applicable,0,0,0,none,No disclosure restriction identified.,No disclosure restriction identified.
CVD-BURDEN-001,cvd_2024_01,annual,2017,2017-01-01,2017,,,1,ami,all,all,hospital_registered,annual_count,278,278,count,278,,,final,bnr_sdc_v1,0,0,cvd_2023_12,,,,not_applicable,0,0,0,none,No disclosure restriction identified.,No disclosure restriction identified.
CVD-BURDEN-001,cvd_2024_01,annual,2017,2017-01-01,2017,,,1,ami,all,all,hospital_registered,annual_previous_5yr_mean,200.4,200.4,count,1002,,5,final,bnr_sdc_v1,0,0,cvd_2023_12,,,,not_applicable,0,0,0,none,No disclosure restriction identified.,No disclosure restriction identified.
CVD-BURDEN-001,cvd_2024_01,annual,2017,2017-01-01,2017,,,1,ami,female,all,hospital_registered,annual_count,131,131,count,131,,,final,bnr_sdc_v1,0,0,cvd_2023_12,,,,not_applicable,0,0,0,none,No disclosure restriction identified.,No disclosure restriction identified.
CVD-BURDEN-001,cvd_2024_01,annual,2017,2017-01-01,2017,,,1,ami,female,all,hospital_registered,annual_previous_5yr_mean,92.8,92.8,count,464,,5,final,bnr_sdc_v1,0,0,cvd_2023_12,,,,not_applicable,0,0,0,none,No disclosure restriction identified.,No disclosure restriction identified.
CVD-BURDEN-001,cvd_2024_01,annual,2017,2017-01-01,2017,,,1,ami,male,all,hospital_registered,annual_count,147,147,count,147,,,final,bnr_sdc_v1,0,0,cvd_2023_12,,,,not_applicable,0,0,0,none,No disclosure restriction identified.,No disclosure restriction identified.
CVD-BURDEN-001,cvd_2024_01,annual,2017,2017-01-01,2017,,,1,ami,male,all,hospital_registered,annual_previous_5yr_mean,107.6,107.6,count,538,,5,final,bnr_sdc_v1,0,0,cvd_2023_12,,,,not_applicable,0,0,0,none,No disclosure restriction identified.,No disclosure restriction identified.
CVD-BURDEN-001,cvd_2024_01,annual,2017,2017-01-01,2017,,,1,stroke,all,all,hospital_registered,annual_count,544,544,count,544,,,final,bnr_sdc_v1,0,0,cvd_2023_12,,,,not_applicable,0,0,0,none,No disclosure restriction identified.,No disclosure restriction identified.
CVD-BURDEN-001,cvd_2024_01,annual,2017,2017-01-01,2017,,,1,stroke,all,all,hospital_registered,annual_previous_5yr_mean,493.8,493.8,count,2469,,5,final,bnr_sdc_v1,0,0,cvd_2023_12,,,,not_applicable,0,0,0,none,No disclosure restriction identified.,No disclosure restriction identified.
CVD-BURDEN-001,cvd_2024_01,annual,2017,2017-01-01,2017,,,1,stroke,female,all,hospital_registered,annual_count,287,287,count,287,,,final,bnr_sdc_v1,0,0,cvd_2023_12,,,,not_applicable,0,0,0,none,No disclosure restriction identified.,No disclosure restriction identified.
CVD-BURDEN-001,cvd_2024_01,annual,2017,2017-01-01,2017,,,1,stroke,female,all,hospital_registered,annual_previous_5yr_mean,259.4,259.4,count,1297,,5,final,bnr_sdc_v1,0,0,cvd_2023_12,,,,not_applicable,0,0,0,none,No disclosure restriction identified.,No disclosure restriction identified.
CVD-BURDEN-001,cvd_2024_01,annual,2017,2017-01-01,2017,,,1,stroke,male,all,hospital_registered,annual_count,257,257,count,257,,,final,bnr_sdc_v1,0,0,cvd_2023_12,,,,not_applicable,0,0,0,none,No disclosure restriction identified.,No disclosure restriction identified.
CVD-BURDEN-001,cvd_2024_01,annual,2017,2017-01-01,2017,,,1,stroke,male,all,hospital_registered,annual_previous_5yr_mean,234.4,234.4,count,1172,,5,final,bnr_sdc_v1,0,0,cvd_2023_12,,,,not_applicable,0,0,0,none,No disclosure restriction identified.,No disclosure restriction identified.
CVD-BURDEN-001,cvd_2024_01,annual,2018,2018-01-01,2018,,,1,all_cvd,all,age_70_plus,hospital_registered,annual_count,404,404,count,404,,,final,bnr_sdc_v1,0,0,cvd_2023_12,,,,not_applicable,0,0,0,none,No disclosure restriction identified.,No disclosure restriction identified.
CVD-BURDEN-001,cvd_2024_01,annual,2018,2018-01-01,2018,,,1,all_cvd,all,age_70_plus,hospital_registered,annual_previous_5yr_mean,372.4,372.4,count,1862,,5,final,bnr_sdc_v1,0,0,cvd_2023_12,,,,not_applicable,0,0,0,none,No disclosure restriction identified.,No disclosure restriction identified.
CVD-BURDEN-001,cvd_2024_01,annual,2018,2018-01-01,2018,,,1,all_cvd,all,all,hospital_registered,annual_count,807,807,count,807,,,final,bnr_sdc_v1,0,0,cvd_2023_12,,,,not_applicable,0,0,0,none,No disclosure restriction identified.,No disclosure restriction identified.
CVD-BURDEN-001,cvd_2024_01,annual,2018,2018-01-01,2018,,,1,all_cvd,all,all,hospital_registered,annual_previous_5yr_mean,741.8,741.8,count,3709,,5,final,bnr_sdc_v1,0,0,cvd_2023_12,,,,not_applicable,0,0,0,none,No disclosure restriction identified.,No disclosure restriction identified.
CVD-BURDEN-001,cvd_2024_01,annual,2018,2018-01-01,2018,,,1,all_cvd,all,under_70,hospital_registered,annual_count,403,403,count,403,,,final,bnr_sdc_v1,0,0,cvd_2023_12,,,,not_applicable,0,0,0,none,No disclosure restriction identified.,No disclosure restriction identified.
CVD-BURDEN-001,cvd_2024_01,annual,2018,2018-01-01,2018,,,1,all_cvd,all,under_70,hospital_registered,annual_previous_5yr_mean,368.6,368.6,count,1843,,5,final,bnr_sdc_v1,0,0,cvd_2023_12,,,,not_applicable,0,0,0,none,No disclosure restriction identified.,No disclosure restriction identified.
CVD-BURDEN-001,cvd_2024_01,annual,2018,2018-01-01,2018,,,1,all_cvd,female,all,hospital_registered,annual_count,383,383,count,383,,,final,bnr_sdc_v1,0,0,cvd_2023_12,,,,not_applicable,0,0,0,none,No disclosure restriction identified.,No disclosure restriction identified.
CVD-BURDEN-001,cvd_2024_01,annual,2018,2018-01-01,2018,,,1,all_cvd,female,all,hospital_registered,annual_previous_5yr_mean,376.2,376.2,count,1881,,5,final,bnr_sdc_v1,0,0,cvd_2023_12,,,,not_applicable,0,0,0,none,No disclosure restriction identified.,No disclosure restriction identified.
CVD-BURDEN-001,cvd_2024_01,annual,2018,2018-01-01,2018,,,1,all_cvd,male,all,hospital_registered,annual_count,424,424,count,424,,,final,bnr_sdc_v1,0,0,cvd_2023_12,,,,not_applicable,0,0,0,none,No disclosure restriction identified.,No disclosure restriction identified.
CVD-BURDEN-001,cvd_2024_01,annual,2018,2018-01-01,2018,,,1,all_cvd,male,all,hospital_registered,annual_previous_5yr_mean,365.6,365.6,count,1828,,5,final,bnr_sdc_v1,0,0,cvd_2023_12,,,,not_applicable,0,0,0,none,No disclosure restriction identified.,No disclosure restriction identified.
CVD-BURDEN-001,cvd_2024_01,annual,2018,2018-01-01,2018,,,1,ami,all,all,hospital_registered,annual_count,257,257,count,257,,,final,bnr_sdc_v1,0,0,cvd_2023_12,,,,not_applicable,0,0,0,none,No disclosure restriction identified.,No disclosure restriction identified.
CVD-BURDEN-001,cvd_2024_01,annual,2018,2018-01-01,2018,,,1,ami,all,all,hospital_registered,annual_previous_5yr_mean,218.6,218.6,count,1093,,5,final,bnr_sdc_v1,0,0,cvd_2023_12,,,,not_applicable,0,0,0,none,No disclosure restriction identified.,No disclosure restriction identified.
CVD-BURDEN-001,cvd_2024_01,annual,2018,2018-01-01,2018,,,1,ami,female,all,hospital_registered,annual_count,106,106,count,106,,,final,bnr_sdc_v1,0,0,cvd_2023_12,,,,not_applicable,0,0,0,none,No disclosure restriction identified.,No disclosure restriction identified.
CVD-BURDEN-001,cvd_2024_01,annual,2018,2018-01-01,2018,,,1,ami,female,all,hospital_registered,annual_previous_5yr_mean,99.8,99.8,count,499,,5,final,bnr_sdc_v1,0,0,cvd_2023_12,,,,not_applicable,0,0,0,none,No disclosure restriction identified.,No disclosure restriction identified.
CVD-BURDEN-001,cvd_2024_01,annual,2018,2018-01-01,2018,,,1,ami,male,all,hospital_registered,annual_count,151,151,count,151,,,final,bnr_sdc_v1,0,0,cvd_2023_12,,,,not_applicable,0,0,0,none,No disclosure restriction identified.,No disclosure restriction identified.
CVD-BURDEN-001,cvd_2024_01,annual,2018,2018-01-01,2018,,,1,ami,male,all,hospital_registered,annual_previous_5yr_mean,118.8,118.8,count,594,,5,final,bnr_sdc_v1,0,0,cvd_2023_12,,,,not_applicable,0,0,0,none,No disclosure restriction identified.,No disclosure restriction identified.
CVD-BURDEN-001,cvd_2024_01,annual,2018,2018-01-01,2018,,,1,stroke,all,all,hospital_registered,annual_count,550,550,count,550,,,final,bnr_sdc_v1,0,0,cvd_2023_12,,,,not_applicable,0,0,0,none,No disclosure restriction identified.,No disclosure restriction identified.
CVD-BURDEN-001,cvd_2024_01,annual,2018,2018-01-01,2018,,,1,stroke,all,all,hospital_registered,annual_previous_5yr_mean,523.2,523.2,count,2616,,5,final,bnr_sdc_v1,0,0,cvd_2023_12,,,,not_applicable,0,0,0,none,No disclosure restriction identified.,No disclosure restriction identified.
CVD-BURDEN-001,cvd_2024_01,annual,2018,2018-01-01,2018,,,1,stroke,female,all,hospital_registered,annual_count,277,277,count,277,,,final,bnr_sdc_v1,0,0,cvd_2023_12,,,,not_applicable,0,0,0,none,No disclosure restriction identified.,No disclosure restriction identified.
CVD-BURDEN-001,cvd_2024_01,annual,2018,2018-01-01,2018,,,1,stroke,female,all,hospital_registered,annual_previous_5yr_mean,276.4,276.4,count,1382,,5,final,bnr_sdc_v1,0,0,cvd_2023_12,,,,not_applicable,0,0,0,none,No disclosure restriction identified.,No disclosure restriction identified.
CVD-BURDEN-001,cvd_2024_01,annual,2018,2018-01-01,2018,,,1,stroke,male,all,hospital_registered,annual_count,273,273,count,273,,,final,bnr_sdc_v1,0,0,cvd_2023_12,,,,not_applicable,0,0,0,none,No disclosure restriction identified.,No disclosure restriction identified.
CVD-BURDEN-001,cvd_2024_01,annual,2018,2018-01-01,2018,,,1,stroke,male,all,hospital_registered,annual_previous_5yr_mean,246.8,246.8,count,1234,,5,final,bnr_sdc_v1,0,0,cvd_2023_12,,,,not_applicable,0,0,0,none,No disclosure restriction identified.,No disclosure restriction identified.
CVD-BURDEN-001,cvd_2024_01,annual,2019,2019-01-01,2019,,,1,all_cvd,all,age_70_plus,hospital_registered,annual_count,491,491,count,491,,,final,bnr_sdc_v1,0,0,cvd_2023_12,,,,not_applicable,0,0,0,none,No disclosure restriction identified.,No disclosure restriction identified.
CVD-BURDEN-001,cvd_2024_01,annual,2019,2019-01-01,2019,,,1,all_cvd,all,age_70_plus,hospital_registered,annual_previous_5yr_mean,383.4,383.4,count,1917,,5,final,bnr_sdc_v1,0,0,cvd_2023_12,,,,not_applicable,0,0,0,none,No disclosure restriction identified.,No disclosure restriction identified.
CVD-BURDEN-001,cvd_2024_01,annual,2019,2019-01-01,2019,,,1,all_cvd,all,all,hospital_registered,annual_count,933,933,count,933,,,final,bnr_sdc_v1,0,0,cvd_2023_12,,,,not_applicable,0,0,0,none,No disclosure restriction identified.,No disclosure restriction identified.
CVD-BURDEN-001,cvd_2024_01,annual,2019,2019-01-01,2019,,,1,all_cvd,all,all,hospital_registered,annual_previous_5yr_mean,763.8,763.8,count,3819,,5,final,bnr_sdc_v1,0,0,cvd_2023_12,,,,not_applicable,0,0,0,none,No disclosure restriction identified.,No disclosure restriction identified.
CVD-BURDEN-001,cvd_2024_01,annual,2019,2019-01-01,2019,,,1,all_cvd,all,under_70,hospital_registered,annual_count,442,442,count,442,,,final,bnr_sdc_v1,0,0,cvd_2023_12,,,,not_applicable,0,0,0,none,No disclosure restriction identified.,No disclosure restriction identified.
CVD-BURDEN-001,cvd_2024_01,annual,2019,2019-01-01,2019,,,1,all_cvd,all,under_70,hospital_registered,annual_previous_5yr_mean,379.6,379.6,count,1898,,5,final,bnr_sdc_v1,0,0,cvd_2023_12,,,,not_applicable,0,0,0,none,No disclosure restriction identified.,No disclosure restriction identified.
CVD-BURDEN-001,cvd_2024_01,annual,2019,2019-01-01,2019,,,1,all_cvd,female,all,hospital_registered,annual_count,470,470,count,470,,,final,bnr_sdc_v1,0,0,cvd_2023_12,,,,not_applicable,0,0,0,none,No disclosure restriction identified.,No disclosure restriction identified.
CVD-BURDEN-001,cvd_2024_01,annual,2019,2019-01-01,2019,,,1,all_cvd,female,all,hospital_registered,annual_previous_5yr_mean,384.4,384.4,count,1922,,5,final,bnr_sdc_v1,0,0,cvd_2023_12,,,,not_applicable,0,0,0,none,No disclosure restriction identified.,No disclosure restriction identified.
CVD-BURDEN-001,cvd_2024_01,annual,2019,2019-01-01,2019,,,1,all_cvd,male,all,hospital_registered,annual_count,463,463,count,463,,,final,bnr_sdc_v1,0,0,cvd_2023_12,,,,not_applicable,0,0,0,none,No disclosure restriction identified.,No disclosure restriction identified.
CVD-BURDEN-001,cvd_2024_01,annual,2019,2019-01-01,2019,,,1,all_cvd,male,all,hospital_registered,annual_previous_5yr_mean,379.4,379.4,count,1897,,5,final,bnr_sdc_v1,0,0,cvd_2023_12,,,,not_applicable,0,0,0,none,No disclosure restriction identified.,No disclosure restriction identified.
CVD-BURDEN-001,cvd_2024_01,annual,2019,2019-01-01,2019,,,1,ami,all,all,hospital_registered,annual_count,311,311,count,311,,,final,bnr_sdc_v1,0,0,cvd_2023_12,,,,not_applicable,0,0,0,none,No disclosure restriction identified.,No disclosure restriction identified.
CVD-BURDEN-001,cvd_2024_01,annual,2019,2019-01-01,2019,,,1,ami,all,all,hospital_registered,annual_previous_5yr_mean,239.4,239.4,count,1197,,5,final,bnr_sdc_v1,0,0,cvd_2023_12,,,,not_applicable,0,0,0,none,No disclosure restriction identified.,No disclosure restriction identified.
CVD-BURDEN-001,cvd_2024_01,annual,2019,2019-01-01,2019,,,1,ami,female,all,hospital_registered,annual_count,151,151,count,151,,,final,bnr_sdc_v1,0,0,cvd_2023_12,,,,not_applicable,0,0,0,none,No disclosure restriction identified.,No disclosure restriction identified.
CVD-BURDEN-001,cvd_2024_01,annual,2019,2019-01-01,2019,,,1,ami,female,all,hospital_registered,annual_previous_5yr_mean,108.2,108.2,count,541,,5,final,bnr_sdc_v1,0,0,cvd_2023_12,,,,not_applicable,0,0,0,none,No disclosure restriction identified.,No disclosure restriction identified.
CVD-BURDEN-001,cvd_2024_01,annual,2019,2019-01-01,2019,,,1,ami,male,all,hospital_registered,annual_count,160,160,count,160,,,final,bnr_sdc_v1,0,0,cvd_2023_12,,,,not_applicable,0,0,0,none,No disclosure restriction identified.,No disclosure restriction identified.
CVD-BURDEN-001,cvd_2024_01,annual,2019,2019-01-01,2019,,,1,ami,male,all,hospital_registered,annual_previous_5yr_mean,131.2,131.2,count,656,,5,final,bnr_sdc_v1,0,0,cvd_2023_12,,,,not_applicable,0,0,0,none,No disclosure restriction identified.,No disclosure restriction identified.
CVD-BURDEN-001,cvd_2024_01,annual,2019,2019-01-01,2019,,,1,stroke,all,all,hospital_registered,annual_count,622,622,count,622,,,final,bnr_sdc_v1,0,0,cvd_2023_12,,,,not_applicable,0,0,0,none,No disclosure restriction identified.,No disclosure restriction identified.
CVD-BURDEN-001,cvd_2024_01,annual,2019,2019-01-01,2019,,,1,stroke,all,all,hospital_registered,annual_previous_5yr_mean,524.4,524.4,count,2622,,5,final,bnr_sdc_v1,0,0,cvd_2023_12,,,,not_applicable,0,0,0,none,No disclosure restriction identified.,No disclosure restriction identified.
CVD-BURDEN-001,cvd_2024_01,annual,2019,2019-01-01,2019,,,1,stroke,female,all,hospital_registered,annual_count,319,319,count,319,,,final,bnr_sdc_v1,0,0,cvd_2023_12,,,,not_applicable,0,0,0,none,No disclosure restriction identified.,No disclosure restriction identified.
CVD-BURDEN-001,cvd_2024_01,annual,2019,2019-01-01,2019,,,1,stroke,female,all,hospital_registered,annual_previous_5yr_mean,276.2,276.2,count,1381,,5,final,bnr_sdc_v1,0,0,cvd_2023_12,,,,not_applicable,0,0,0,none,No disclosure restriction identified.,No disclosure restriction identified.
CVD-BURDEN-001,cvd_2024_01,annual,2019,2019-01-01,2019,,,1,stroke,male,all,hospital_registered,annual_count,303,303,count,303,,,final,bnr_sdc_v1,0,0,cvd_2023_12,,,,not_applicable,0,0,0,none,No disclosure restriction identified.,No disclosure restriction identified.
CVD-BURDEN-001,cvd_2024_01,annual,2019,2019-01-01,2019,,,1,stroke,male,all,hospital_registered,annual_previous_5yr_mean,248.2,248.2,count,1241,,5,final,bnr_sdc_v1,0,0,cvd_2023_12,,,,not_applicable,0,0,0,none,No disclosure restriction identified.,No disclosure restriction identified.
CVD-BURDEN-001,cvd_2024_01,annual,2020,2020-01-01,2020,,,1,all_cvd,all,age_70_plus,hospital_registered,annual_count,419,419,count,419,,,final,bnr_sdc_v1,0,0,cvd_2023_12,,,,not_applicable,0,0,0,none,No disclosure restriction identified.,No disclosure restriction identified.
CVD-BURDEN-001,cvd_2024_01,annual,2020,2020-01-01,2020,,,1,all_cvd,all,age_70_plus,hospital_registered,annual_previous_5yr_mean,407,407,count,2035,,5,final,bnr_sdc_v1,0,0,cvd_2023_12,,,,not_applicable,0,0,0,none,No disclosure restriction identified.,No disclosure restriction identified.
CVD-BURDEN-001,cvd_2024_01,annual,2020,2020-01-01,2020,,,1,all_cvd,all,all,hospital_registered,annual_count,854,854,count,854,,,final,bnr_sdc_v1,0,0,cvd_2023_12,,,,not_applicable,0,0,0,none,No disclosure restriction identified.,No disclosure restriction identified.
CVD-BURDEN-001,cvd_2024_01,annual,2020,2020-01-01,2020,,,1,all_cvd,all,all,hospital_registered,annual_previous_5yr_mean,807.4,807.4,count,4037,,5,final,bnr_sdc_v1,0,0,cvd_2023_12,,,,not_applicable,0,0,0,none,No disclosure restriction identified.,No disclosure restriction identified.
CVD-BURDEN-001,cvd_2024_01,annual,2020,2020-01-01,2020,,,1,all_cvd,all,under_70,hospital_registered,annual_count,435,435,count,435,,,final,bnr_sdc_v1,0,0,cvd_2023_12,,,,not_applicable,0,0,0,none,No disclosure restriction identified.,No disclosure restriction identified.
CVD-BURDEN-001,cvd_2024_01,annual,2020,2020-01-01,2020,,,1,all_cvd,all,under_70,hospital_registered,annual_previous_5yr_mean,399.6,399.6,count,1998,,5,final,bnr_sdc_v1,0,0,cvd_2023_12,,,,not_applicable,0,0,0,none,No disclosure restriction identified.,No disclosure restriction identified.
CVD-BURDEN-001,cvd_2024_01,annual,2020,2020-01-01,2020,,,1,all_cvd,female,all,hospital_registered,annual_count,413,413,count,413,,,final,bnr_sdc_v1,0,0,cvd_2023_12,,,,not_applicable,0,0,0,none,No disclosure restriction identified.,No disclosure restriction identified.
CVD-BURDEN-001,cvd_2024_01,annual,2020,2020-01-01,2020,,,1,all_cvd,female,all,hospital_registered,annual_previous_5yr_mean,404.6,404.6,count,2023,,5,final,bnr_sdc_v1,0,0,cvd_2023_12,,,,not_applicable,0,0,0,none,No disclosure restriction identified.,No disclosure restriction identified.
CVD-BURDEN-001,cvd_2024_01,annual,2020,2020-01-01,2020,,,1,all_cvd,male,all,hospital_registered,annual_count,441,441,count,441,,,final,bnr_sdc_v1,0,0,cvd_2023_12,,,,not_applicable,0,0,0,none,No disclosure restriction identified.,No disclosure restriction identified.
CVD-BURDEN-001,cvd_2024_01,annual,2020,2020-01-01,2020,,,1,all_cvd,male,all,hospital_registered,annual_previous_5yr_mean,402.8,402.8,count,2014,,5,final,bnr_sdc_v1,0,0,cvd_2023_12,,,,not_applicable,0,0,0,none,No disclosure restriction identified.,No disclosure restriction identified.
CVD-BURDEN-001,cvd_2024_01,annual,2020,2020-01-01,2020,,,1,ami,all,all,hospital_registered,annual_count,291,291,count,291,,,final,bnr_sdc_v1,0,0,cvd_2023_12,,,,not_applicable,0,0,0,none,No disclosure restriction identified.,No disclosure restriction identified.
CVD-BURDEN-001,cvd_2024_01,annual,2020,2020-01-01,2020,,,1,ami,all,all,hospital_registered,annual_previous_5yr_mean,254.8,254.8,count,1274,,5,final,bnr_sdc_v1,0,0,cvd_2023_12,,,,not_applicable,0,0,0,none,No disclosure restriction identified.,No disclosure restriction identified.
CVD-BURDEN-001,cvd_2024_01,annual,2020,2020-01-01,2020,,,1,ami,female,all,hospital_registered,annual_count,125,125,count,125,,,final,bnr_sdc_v1,0,0,cvd_2023_12,,,,not_applicable,0,0,0,none,No disclosure restriction identified.,No disclosure restriction identified.
CVD-BURDEN-001,cvd_2024_01,annual,2020,2020-01-01,2020,,,1,ami,female,all,hospital_registered,annual_previous_5yr_mean,116.6,116.6,count,583,,5,final,bnr_sdc_v1,0,0,cvd_2023_12,,,,not_applicable,0,0,0,none,No disclosure restriction identified.,No disclosure restriction identified.
CVD-BURDEN-001,cvd_2024_01,annual,2020,2020-01-01,2020,,,1,ami,male,all,hospital_registered,annual_count,166,166,count,166,,,final,bnr_sdc_v1,0,0,cvd_2023_12,,,,not_applicable,0,0,0,none,No disclosure restriction identified.,No disclosure restriction identified.
CVD-BURDEN-001,cvd_2024_01,annual,2020,2020-01-01,2020,,,1,ami,male,all,hospital_registered,annual_previous_5yr_mean,138.2,138.2,count,691,,5,final,bnr_sdc_v1,0,0,cvd_2023_12,,,,not_applicable,0,0,0,none,No disclosure restriction identified.,No disclosure restriction identified.
CVD-BURDEN-001,cvd_2024_01,annual,2020,2020-01-01,2020,,,1,stroke,all,all,hospital_registered,annual_count,563,563,count,563,,,final,bnr_sdc_v1,0,0,cvd_2023_12,,,,not_applicable,0,0,0,none,No disclosure restriction identified.,No disclosure restriction identified.
CVD-BURDEN-001,cvd_2024_01,annual,2020,2020-01-01,2020,,,1,stroke,all,all,hospital_registered,annual_previous_5yr_mean,552.6,552.6,count,2763,,5,final,bnr_sdc_v1,0,0,cvd_2023_12,,,,not_applicable,0,0,0,none,No disclosure restriction identified.,No disclosure restriction identified.
CVD-BURDEN-001,cvd_2024_01,annual,2020,2020-01-01,2020,,,1,stroke,female,all,hospital_registered,annual_count,288,288,count,288,,,final,bnr_sdc_v1,0,0,cvd_2023_12,,,,not_applicable,0,0,0,none,No disclosure restriction identified.,No disclosure restriction identified.
CVD-BURDEN-001,cvd_2024_01,annual,2020,2020-01-01,2020,,,1,stroke,female,all,hospital_registered,annual_previous_5yr_mean,288,288,count,1440,,5,final,bnr_sdc_v1,0,0,cvd_2023_12,,,,not_applicable,0,0,0,none,No disclosure restriction identified.,No disclosure restriction identified.
CVD-BURDEN-001,cvd_2024_01,annual,2020,2020-01-01,2020,,,1,stroke,male,all,hospital_registered,annual_count,275,275,count,275,,,final,bnr_sdc_v1,0,0,cvd_2023_12,,,,not_applicable,0,0,0,none,No disclosure restriction identified.,No disclosure restriction identified.
CVD-BURDEN-001,cvd_2024_01,annual,2020,2020-01-01,2020,,,1,stroke,male,all,hospital_registered,annual_previous_5yr_mean,264.6,264.6,count,1323,,5,final,bnr_sdc_v1,0,0,cvd_2023_12,,,,not_applicable,0,0,0,none,No disclosure restriction identified.,No disclosure restriction identified.
CVD-BURDEN-001,cvd_2024_01,annual,2021,2021-01-01,2021,,,1,all_cvd,all,age_70_plus,hospital_registered,annual_count,352,352,count,352,,,final,bnr_sdc_v1,0,0,cvd_2023_12,,,,not_applicable,0,0,0,none,No disclosure restriction identified.,No disclosure restriction identified.
CVD-BURDEN-001,cvd_2024_01,annual,2021,2021-01-01,2021,,,1,all_cvd,all,age_70_plus,hospital_registered,annual_previous_5yr_mean,421.8,421.8,count,2109,,5,final,bnr_sdc_v1,0,0,cvd_2023_12,,,,not_applicable,0,0,0,none,No disclosure restriction identified.,No disclosure restriction identified.
CVD-BURDEN-001,cvd_2024_01,annual,2021,2021-01-01,2021,,,1,all_cvd,all,all,hospital_registered,annual_count,730,730,count,730,,,final,bnr_sdc_v1,0,0,cvd_2023_12,,,,not_applicable,0,0,0,none,No disclosure restriction identified.,No disclosure restriction identified.
CVD-BURDEN-001,cvd_2024_01,annual,2021,2021-01-01,2021,,,1,all_cvd,all,all,hospital_registered,annual_previous_5yr_mean,839.2,839.2,count,4196,,5,final,bnr_sdc_v1,0,0,cvd_2023_12,,,,not_applicable,0,0,0,none,No disclosure restriction identified.,No disclosure restriction identified.
CVD-BURDEN-001,cvd_2024_01,annual,2021,2021-01-01,2021,,,1,all_cvd,all,under_70,hospital_registered,annual_count,378,378,count,378,,,final,bnr_sdc_v1,0,0,cvd_2023_12,,,,not_applicable,0,0,0,none,No disclosure restriction identified.,No disclosure restriction identified.
CVD-BURDEN-001,cvd_2024_01,annual,2021,2021-01-01,2021,,,1,all_cvd,all,under_70,hospital_registered,annual_previous_5yr_mean,416.6,416.6,count,2083,,5,final,bnr_sdc_v1,0,0,cvd_2023_12,,,,not_applicable,0,0,0,none,No disclosure restriction identified.,No disclosure restriction identified.
CVD-BURDEN-001,cvd_2024_01,annual,2021,2021-01-01,2021,,,1,all_cvd,female,all,hospital_registered,annual_count,352,352,count,352,,,final,bnr_sdc_v1,0,0,cvd_2023_12,,,,not_applicable,0,0,0,none,No disclosure restriction identified.,No disclosure restriction identified.
CVD-BURDEN-001,cvd_2024_01,annual,2021,2021-01-01,2021,,,1,all_cvd,female,all,hospital_registered,annual_previous_5yr_mean,416.2,416.2,count,2081,,5,final,bnr_sdc_v1,0,0,cvd_2023_12,,,,not_applicable,0,0,0,none,No disclosure restriction identified.,No disclosure restriction identified.
CVD-BURDEN-001,cvd_2024_01,annual,2021,2021-01-01,2021,,,1,all_cvd,male,all,hospital_registered,annual_count,378,378,count,378,,,final,bnr_sdc_v1,0,0,cvd_2023_12,,,,not_applicable,0,0,0,none,No disclosure restriction identified.,No disclosure restriction identified.
CVD-BURDEN-001,cvd_2024_01,annual,2021,2021-01-01,2021,,,1,all_cvd,male,all,hospital_registered,annual_previous_5yr_mean,423,423,count,2115,,5,final,bnr_sdc_v1,0,0,cvd_2023_12,,,,not_applicable,0,0,0,none,No disclosure restriction identified.,No disclosure restriction identified.
CVD-BURDEN-001,cvd_2024_01,annual,2021,2021-01-01,2021,,,1,ami,all,all,hospital_registered,annual_count,201,201,count,201,,,final,bnr_sdc_v1,0,0,cvd_2023_12,,,,not_applicable,0,0,0,none,No disclosure restriction identified.,No disclosure restriction identified.
CVD-BURDEN-001,cvd_2024_01,annual,2021,2021-01-01,2021,,,1,ami,all,all,hospital_registered,annual_previous_5yr_mean,270.8,270.8,count,1354,,5,final,bnr_sdc_v1,0,0,cvd_2023_12,,,,not_applicable,0,0,0,none,No disclosure restriction identified.,No disclosure restriction identified.
CVD-BURDEN-001,cvd_2024_01,annual,2021,2021-01-01,2021,,,1,ami,female,all,hospital_registered,annual_count,89,89,count,89,,,final,bnr_sdc_v1,0,0,cvd_2023_12,,,,not_applicable,0,0,0,none,No disclosure restriction identified.,No disclosure restriction identified.
CVD-BURDEN-001,cvd_2024_01,annual,2021,2021-01-01,2021,,,1,ami,female,all,hospital_registered,annual_previous_5yr_mean,121.6,121.6,count,608,,5,final,bnr_sdc_v1,0,0,cvd_2023_12,,,,not_applicable,0,0,0,none,No disclosure restriction identified.,No disclosure restriction identified.
CVD-BURDEN-001,cvd_2024_01,annual,2021,2021-01-01,2021,,,1,ami,male,all,hospital_registered,annual_count,112,112,count,112,,,final,bnr_sdc_v1,0,0,cvd_2023_12,,,,not_applicable,0,0,0,none,No disclosure restriction identified.,No disclosure restriction identified.
CVD-BURDEN-001,cvd_2024_01,annual,2021,2021-01-01,2021,,,1,ami,male,all,hospital_registered,annual_previous_5yr_mean,149.2,149.2,count,746,,5,final,bnr_sdc_v1,0,0,cvd_2023_12,,,,not_applicable,0,0,0,none,No disclosure restriction identified.,No disclosure restriction identified.
CVD-BURDEN-001,cvd_2024_01,annual,2021,2021-01-01,2021,,,1,stroke,all,all,hospital_registered,annual_count,529,529,count,529,,,final,bnr_sdc_v1,0,0,cvd_2023_12,,,,not_applicable,0,0,0,none,No disclosure restriction identified.,No disclosure restriction identified.
CVD-BURDEN-001,cvd_2024_01,annual,2021,2021-01-01,2021,,,1,stroke,all,all,hospital_registered,annual_previous_5yr_mean,568.4,568.4,count,2842,,5,final,bnr_sdc_v1,0,0,cvd_2023_12,,,,not_applicable,0,0,0,none,No disclosure restriction identified.,No disclosure restriction identified.
CVD-BURDEN-001,cvd_2024_01,annual,2021,2021-01-01,2021,,,1,stroke,female,all,hospital_registered,annual_count,263,263,count,263,,,final,bnr_sdc_v1,0,0,cvd_2023_12,,,,not_applicable,0,0,0,none,No disclosure restriction identified.,No disclosure restriction identified.
CVD-BURDEN-001,cvd_2024_01,annual,2021,2021-01-01,2021,,,1,stroke,female,all,hospital_registered,annual_previous_5yr_mean,294.6,294.6,count,1473,,5,final,bnr_sdc_v1,0,0,cvd_2023_12,,,,not_applicable,0,0,0,none,No disclosure restriction identified.,No disclosure restriction identified.
CVD-BURDEN-001,cvd_2024_01,annual,2021,2021-01-01,2021,,,1,stroke,male,all,hospital_registered,annual_count,266,266,count,266,,,final,bnr_sdc_v1,0,0,cvd_2023_12,,,,not_applicable,0,0,0,none,No disclosure restriction identified.,No disclosure restriction identified.
CVD-BURDEN-001,cvd_2024_01,annual,2021,2021-01-01,2021,,,1,stroke,male,all,hospital_registered,annual_previous_5yr_mean,273.8,273.8,count,1369,,5,final,bnr_sdc_v1,0,0,cvd_2023_12,,,,not_applicable,0,0,0,none,No disclosure restriction identified.,No disclosure restriction identified.
CVD-BURDEN-001,cvd_2024_01,annual,2022,2022-01-01,2022,,,1,all_cvd,all,age_70_plus,hospital_registered,annual_count,396,396,count,396,,,final,bnr_sdc_v1,0,0,cvd_2023_12,,,,not_applicable,0,0,0,none,No disclosure restriction identified.,No disclosure restriction identified.
CVD-BURDEN-001,cvd_2024_01,annual,2022,2022-01-01,2022,,,1,all_cvd,all,age_70_plus,hospital_registered,annual_previous_5yr_mean,416.2,416.2,count,2081,,5,final,bnr_sdc_v1,0,0,cvd_2023_12,,,,not_applicable,0,0,0,none,No disclosure restriction identified.,No disclosure restriction identified.
CVD-BURDEN-001,cvd_2024_01,annual,2022,2022-01-01,2022,,,1,all_cvd,all,all,hospital_registered,annual_count,809,809,count,809,,,final,bnr_sdc_v1,0,0,cvd_2023_12,,,,not_applicable,0,0,0,none,No disclosure restriction identified.,No disclosure restriction identified.
CVD-BURDEN-001,cvd_2024_01,annual,2022,2022-01-01,2022,,,1,all_cvd,all,all,hospital_registered,annual_previous_5yr_mean,829.2,829.2,count,4146,,5,final,bnr_sdc_v1,0,0,cvd_2023_12,,,,not_applicable,0,0,0,none,No disclosure restriction identified.,No disclosure restriction identified.
CVD-BURDEN-001,cvd_2024_01,annual,2022,2022-01-01,2022,,,1,all_cvd,all,under_70,hospital_registered,annual_count,413,413,count,413,,,final,bnr_sdc_v1,0,0,cvd_2023_12,,,,not_applicable,0,0,0,none,No disclosure restriction identified.,No disclosure restriction identified.
CVD-BURDEN-001,cvd_2024_01,annual,2022,2022-01-01,2022,,,1,all_cvd,all,under_70,hospital_registered,annual_previous_5yr_mean,412.6,412.6,count,2063,,5,final,bnr_sdc_v1,0,0,cvd_2023_12,,,,not_applicable,0,0,0,none,No disclosure restriction identified.,No disclosure restriction identified.
CVD-BURDEN-001,cvd_2024_01,annual,2022,2022-01-01,2022,,,1,all_cvd,female,all,hospital_registered,annual_count,391,391,count,391,,,final,bnr_sdc_v1,0,0,cvd_2023_12,,,,not_applicable,0,0,0,none,No disclosure restriction identified.,No disclosure restriction identified.
CVD-BURDEN-001,cvd_2024_01,annual,2022,2022-01-01,2022,,,1,all_cvd,female,all,hospital_registered,annual_previous_5yr_mean,407.2,407.2,count,2036,,5,final,bnr_sdc_v1,0,0,cvd_2023_12,,,,not_applicable,0,0,0,none,No disclosure restriction identified.,No disclosure restriction identified.
CVD-BURDEN-001,cvd_2024_01,annual,2022,2022-01-01,2022,,,1,all_cvd,male,all,hospital_registered,annual_count,418,418,count,418,,,final,bnr_sdc_v1,0,0,cvd_2023_12,,,,not_applicable,0,0,0,none,No disclosure restriction identified.,No disclosure restriction identified.
CVD-BURDEN-001,cvd_2024_01,annual,2022,2022-01-01,2022,,,1,all_cvd,male,all,hospital_registered,annual_previous_5yr_mean,422,422,count,2110,,5,final,bnr_sdc_v1,0,0,cvd_2023_12,,,,not_applicable,0,0,0,none,No disclosure restriction identified.,No disclosure restriction identified.
CVD-BURDEN-001,cvd_2024_01,annual,2022,2022-01-01,2022,,,1,ami,all,all,hospital_registered,annual_count,240,240,count,240,,,final,bnr_sdc_v1,0,0,cvd_2023_12,,,,not_applicable,0,0,0,none,No disclosure restriction identified.,No disclosure restriction identified.
CVD-BURDEN-001,cvd_2024_01,annual,2022,2022-01-01,2022,,,1,ami,all,all,hospital_registered,annual_previous_5yr_mean,267.6,267.6,count,1338,,5,final,bnr_sdc_v1,0,0,cvd_2023_12,,,,not_applicable,0,0,0,none,No disclosure restriction identified.,No disclosure restriction identified.
CVD-BURDEN-001,cvd_2024_01,annual,2022,2022-01-01,2022,,,1,ami,female,all,hospital_registered,annual_count,105,105,count,105,,,final,bnr_sdc_v1,0,0,cvd_2023_12,,,,not_applicable,0,0,0,none,No disclosure restriction identified.,No disclosure restriction identified.
CVD-BURDEN-001,cvd_2024_01,annual,2022,2022-01-01,2022,,,1,ami,female,all,hospital_registered,annual_previous_5yr_mean,120.4,120.4,count,602,,5,final,bnr_sdc_v1,0,0,cvd_2023_12,,,,not_applicable,0,0,0,none,No disclosure restriction identified.,No disclosure restriction identified.
CVD-BURDEN-001,cvd_2024_01,annual,2022,2022-01-01,2022,,,1,ami,male,all,hospital_registered,annual_count,135,135,count,135,,,final,bnr_sdc_v1,0,0,cvd_2023_12,,,,not_applicable,0,0,0,none,No disclosure restriction identified.,No disclosure restriction identified.
CVD-BURDEN-001,cvd_2024_01,annual,2022,2022-01-01,2022,,,1,ami,male,all,hospital_registered,annual_previous_5yr_mean,147.2,147.2,count,736,,5,final,bnr_sdc_v1,0,0,cvd_2023_12,,,,not_applicable,0,0,0,none,No disclosure restriction identified.,No disclosure restriction identified.
CVD-BURDEN-001,cvd_2024_01,annual,2022,2022-01-01,2022,,,1,stroke,all,all,hospital_registered,annual_count,569,569,count,569,,,final,bnr_sdc_v1,0,0,cvd_2023_12,,,,not_applicable,0,0,0,none,No disclosure restriction identified.,No disclosure restriction identified.
CVD-BURDEN-001,cvd_2024_01,annual,2022,2022-01-01,2022,,,1,stroke,all,all,hospital_registered,annual_previous_5yr_mean,561.6,561.6,count,2808,,5,final,bnr_sdc_v1,0,0,cvd_2023_12,,,,not_applicable,0,0,0,none,No disclosure restriction identified.,No disclosure restriction identified.
CVD-BURDEN-001,cvd_2024_01,annual,2022,2022-01-01,2022,,,1,stroke,female,all,hospital_registered,annual_count,286,286,count,286,,,final,bnr_sdc_v1,0,0,cvd_2023_12,,,,not_applicable,0,0,0,none,No disclosure restriction identified.,No disclosure restriction identified.
CVD-BURDEN-001,cvd_2024_01,annual,2022,2022-01-01,2022,,,1,stroke,female,all,hospital_registered,annual_previous_5yr_mean,286.8,286.8,count,1434,,5,final,bnr_sdc_v1,0,0,cvd_2023_12,,,,not_applicable,0,0,0,none,No disclosure restriction identified.,No disclosure restriction identified.
CVD-BURDEN-001,cvd_2024_01,annual,2022,2022-01-01,2022,,,1,stroke,male,all,hospital_registered,annual_count,283,283,count,283,,,final,bnr_sdc_v1,0,0,cvd_2023_12,,,,not_applicable,0,0,0,none,No disclosure restriction identified.,No disclosure restriction identified.
CVD-BURDEN-001,cvd_2024_01,annual,2022,2022-01-01,2022,,,1,stroke,male,all,hospital_registered,annual_previous_5yr_mean,274.8,274.8,count,1374,,5,final,bnr_sdc_v1,0,0,cvd_2023_12,,,,not_applicable,0,0,0,none,No disclosure restriction identified.,No disclosure restriction identified.
CVD-BURDEN-001,cvd_2024_01,annual,2023,2023-01-01,2023,,,1,all_cvd,all,age_70_plus,hospital_registered,annual_count,441,441,count,441,,,final,bnr_sdc_v1,0,0,cvd_2023_12,,,,not_applicable,0,0,0,none,No disclosure restriction identified.,No disclosure restriction identified.
CVD-BURDEN-001,cvd_2024_01,annual,2023,2023-01-01,2023,,,1,all_cvd,all,age_70_plus,hospital_registered,annual_previous_5yr_mean,412.4,412.4,count,2062,,5,final,bnr_sdc_v1,0,0,cvd_2023_12,,,,not_applicable,0,0,0,none,No disclosure restriction identified.,No disclosure restriction identified.
CVD-BURDEN-001,cvd_2024_01,annual,2023,2023-01-01,2023,,,1,all_cvd,all,all,hospital_registered,annual_count,870,870,count,870,,,final,bnr_sdc_v1,0,0,cvd_2023_12,,,,not_applicable,0,0,0,none,No disclosure restriction identified.,No disclosure restriction identified.
CVD-BURDEN-001,cvd_2024_01,annual,2023,2023-01-01,2023,,,1,all_cvd,all,all,hospital_registered,annual_previous_5yr_mean,826.6,826.6,count,4133,,5,final,bnr_sdc_v1,0,0,cvd_2023_12,,,,not_applicable,0,0,0,none,No disclosure restriction identified.,No disclosure restriction identified.
CVD-BURDEN-001,cvd_2024_01,annual,2023,2023-01-01,2023,,,1,all_cvd,all,under_70,hospital_registered,annual_count,429,429,count,429,,,final,bnr_sdc_v1,0,0,cvd_2023_12,,,,not_applicable,0,0,0,none,No disclosure restriction identified.,No disclosure restriction identified.
CVD-BURDEN-001,cvd_2024_01,annual,2023,2023-01-01,2023,,,1,all_cvd,all,under_70,hospital_registered,annual_previous_5yr_mean,414.2,414.2,count,2071,,5,final,bnr_sdc_v1,0,0,cvd_2023_12,,,,not_applicable,0,0,0,none,No disclosure restriction identified.,No disclosure restriction identified.
CVD-BURDEN-001,cvd_2024_01,annual,2023,2023-01-01,2023,,,1,all_cvd,female,all,hospital_registered,annual_count,417,417,count,417,,,final,bnr_sdc_v1,0,0,cvd_2023_12,,,,not_applicable,0,0,0,none,No disclosure restriction identified.,No disclosure restriction identified.
CVD-BURDEN-001,cvd_2024_01,annual,2023,2023-01-01,2023,,,1,all_cvd,female,all,hospital_registered,annual_previous_5yr_mean,401.8,401.8,count,2009,,5,final,bnr_sdc_v1,0,0,cvd_2023_12,,,,not_applicable,0,0,0,none,No disclosure restriction identified.,No disclosure restriction identified.
CVD-BURDEN-001,cvd_2024_01,annual,2023,2023-01-01,2023,,,1,all_cvd,male,all,hospital_registered,annual_count,453,453,count,453,,,final,bnr_sdc_v1,0,0,cvd_2023_12,,,,not_applicable,0,0,0,none,No disclosure restriction identified.,No disclosure restriction identified.
CVD-BURDEN-001,cvd_2024_01,annual,2023,2023-01-01,2023,,,1,all_cvd,male,all,hospital_registered,annual_previous_5yr_mean,424.8,424.8,count,2124,,5,final,bnr_sdc_v1,0,0,cvd_2023_12,,,,not_applicable,0,0,0,none,No disclosure restriction identified.,No disclosure restriction identified.
CVD-BURDEN-001,cvd_2024_01,annual,2023,2023-01-01,2023,,,1,ami,all,all,hospital_registered,annual_count,246,246,count,246,,,final,bnr_sdc_v1,0,0,cvd_2023_12,,,,not_applicable,0,0,0,none,No disclosure restriction identified.,No disclosure restriction identified.
CVD-BURDEN-001,cvd_2024_01,annual,2023,2023-01-01,2023,,,1,ami,all,all,hospital_registered,annual_previous_5yr_mean,260,260,count,1300,,5,final,bnr_sdc_v1,0,0,cvd_2023_12,,,,not_applicable,0,0,0,none,No disclosure restriction identified.,No disclosure restriction identified.
CVD-BURDEN-001,cvd_2024_01,annual,2023,2023-01-01,2023,,,1,ami,female,all,hospital_registered,annual_count,105,105,count,105,,,final,bnr_sdc_v1,0,0,cvd_2023_12,,,,not_applicable,0,0,0,none,No disclosure restriction identified.,No disclosure restriction identified.
CVD-BURDEN-001,cvd_2024_01,annual,2023,2023-01-01,2023,,,1,ami,female,all,hospital_registered,annual_previous_5yr_mean,115.2,115.2,count,576,,5,final,bnr_sdc_v1,0,0,cvd_2023_12,,,,not_applicable,0,0,0,none,No disclosure restriction identified.,No disclosure restriction identified.
CVD-BURDEN-001,cvd_2024_01,annual,2023,2023-01-01,2023,,,1,ami,male,all,hospital_registered,annual_count,141,141,count,141,,,final,bnr_sdc_v1,0,0,cvd_2023_12,,,,not_applicable,0,0,0,none,No disclosure restriction identified.,No disclosure restriction identified.
CVD-BURDEN-001,cvd_2024_01,annual,2023,2023-01-01,2023,,,1,ami,male,all,hospital_registered,annual_previous_5yr_mean,144.8,144.8,count,724,,5,final,bnr_sdc_v1,0,0,cvd_2023_12,,,,not_applicable,0,0,0,none,No disclosure restriction identified.,No disclosure restriction identified.
CVD-BURDEN-001,cvd_2024_01,annual,2023,2023-01-01,2023,,,1,stroke,all,all,hospital_registered,annual_count,624,624,count,624,,,final,bnr_sdc_v1,0,0,cvd_2023_12,,,,not_applicable,0,0,0,none,No disclosure restriction identified.,No disclosure restriction identified.
CVD-BURDEN-001,cvd_2024_01,annual,2023,2023-01-01,2023,,,1,stroke,all,all,hospital_registered,annual_previous_5yr_mean,566.6,566.6,count,2833,,5,final,bnr_sdc_v1,0,0,cvd_2023_12,,,,not_applicable,0,0,0,none,No disclosure restriction identified.,No disclosure restriction identified.
CVD-BURDEN-001,cvd_2024_01,annual,2023,2023-01-01,2023,,,1,stroke,female,all,hospital_registered,annual_count,312,312,count,312,,,final,bnr_sdc_v1,0,0,cvd_2023_12,,,,not_applicable,0,0,0,none,No disclosure restriction identified.,No disclosure restriction identified.
CVD-BURDEN-001,cvd_2024_01,annual,2023,2023-01-01,2023,,,1,stroke,female,all,hospital_registered,annual_previous_5yr_mean,286.6,286.6,count,1433,,5,final,bnr_sdc_v1,0,0,cvd_2023_12,,,,not_applicable,0,0,0,none,No disclosure restriction identified.,No disclosure restriction identified.
CVD-BURDEN-001,cvd_2024_01,annual,2023,2023-01-01,2023,,,1,stroke,male,all,hospital_registered,annual_count,312,312,count,312,,,final,bnr_sdc_v1,0,0,cvd_2023_12,,,,not_applicable,0,0,0,none,No disclosure restriction identified.,No disclosure restriction identified.
CVD-BURDEN-001,cvd_2024_01,annual,2023,2023-01-01,2023,,,1,stroke,male,all,hospital_registered,annual_previous_5yr_mean,280,280,count,1400,,5,final,bnr_sdc_v1,0,0,cvd_2023_12,,,,not_applicable,0,0,0,none,No disclosure restriction identified.,No disclosure restriction identified.
CVD-BURDEN-001,cvd_2024_01,annual,2024,2024-01-01,2024,,,0,all_cvd,all,age_70_plus,hospital_registered,annual_count,24,24,count,24,,,final,bnr_sdc_v1,0,0,cvd_2023_12,,,,not_applicable,0,0,0,none,No disclosure restriction identified.,No disclosure restriction identified.
CVD-BURDEN-001,cvd_2024_01,annual,2024,2024-01-01,2024,,,0,all_cvd,all,age_70_plus,hospital_registered,annual_previous_5yr_mean,419.8,419.8,count,2099,,5,final,bnr_sdc_v1,0,0,cvd_2023_12,,,,not_applicable,0,0,0,none,No disclosure restriction identified.,No disclosure restriction identified.
CVD-BURDEN-001,cvd_2024_01,annual,2024,2024-01-01,2024,,,0,all_cvd,all,all,hospital_registered,annual_count,65,65,count,65,,,final,bnr_sdc_v1,0,0,cvd_2023_12,,,,not_applicable,0,0,0,none,No disclosure restriction identified.,No disclosure restriction identified.
CVD-BURDEN-001,cvd_2024_01,annual,2024,2024-01-01,2024,,,0,all_cvd,all,all,hospital_registered,annual_previous_5yr_mean,839.2,839.2,count,4196,,5,final,bnr_sdc_v1,0,0,cvd_2023_12,,,,not_applicable,0,0,0,none,No disclosure restriction identified.,No disclosure restriction identified.
CVD-BURDEN-001,cvd_2024_01,annual,2024,2024-01-01,2024,,,0,all_cvd,all,under_70,hospital_registered,annual_count,37,37,count,37,,,final,bnr_sdc_v1,0,0,cvd_2023_12,,,,not_applicable,0,0,0,none,No disclosure restriction identified.,No disclosure restriction identified.
CVD-BURDEN-001,cvd_2024_01,annual,2024,2024-01-01,2024,,,0,all_cvd,all,under_70,hospital_registered,annual_previous_5yr_mean,419.4,419.4,count,2097,,5,final,bnr_sdc_v1,0,0,cvd_2023_12,,,,not_applicable,0,0,0,none,No disclosure restriction identified.,No disclosure restriction identified.
CVD-BURDEN-001,cvd_2024_01,annual,2024,2024-01-01,2024,,,0,all_cvd,female,all,hospital_registered,annual_count,33,33,count,33,,,final,bnr_sdc_v1,0,0,cvd_2023_12,,,,not_applicable,0,0,0,none,No disclosure restriction identified.,No disclosure restriction identified.
CVD-BURDEN-001,cvd_2024_01,annual,2024,2024-01-01,2024,,,0,all_cvd,female,all,hospital_registered,annual_previous_5yr_mean,408.6,408.6,count,2043,,5,final,bnr_sdc_v1,0,0,cvd_2023_12,,,,not_applicable,0,0,0,none,No disclosure restriction identified.,No disclosure restriction identified.
CVD-BURDEN-001,cvd_2024_01,annual,2024,2024-01-01,2024,,,0,all_cvd,male,all,hospital_registered,annual_count,32,32,count,32,,,final,bnr_sdc_v1,0,0,cvd_2023_12,,,,not_applicable,0,0,0,none,No disclosure restriction identified.,No disclosure restriction identified.
CVD-BURDEN-001,cvd_2024_01,annual,2024,2024-01-01,2024,,,0,all_cvd,male,all,hospital_registered,annual_previous_5yr_mean,430.6,430.6,count,2153,,5,final,bnr_sdc_v1,0,0,cvd_2023_12,,,,not_applicable,0,0,0,none,No disclosure restriction identified.,No disclosure restriction identified.
CVD-BURDEN-001,cvd_2024_01,annual,2024,2024-01-01,2024,,,0,ami,all,all,hospital_registered,annual_count,16,16,count,16,,,final,bnr_sdc_v1,0,0,cvd_2023_12,1,0,16,period_start,0,0,0,none,No disclosure restriction identified.,No disclosure restriction identified.
CVD-BURDEN-001,cvd_2024_01,annual,2024,2024-01-01,2024,,,0,ami,all,all,hospital_registered,annual_previous_5yr_mean,257.8,257.8,count,1289,,5,final,bnr_sdc_v1,0,0,cvd_2023_12,,,,not_applicable,0,0,0,none,No disclosure restriction identified.,No disclosure restriction identified.
CVD-BURDEN-001,cvd_2024_01,annual,2024,2024-01-01,2024,,,0,ami,female,all,hospital_registered,annual_count,,*,count,,,,final,bnr_sdc_v1,1,0,cvd_2023_12,1,0,5,period_start,1,0,0,primary,Suppressed: underlying count is between 1 and 5.,Suppressed: underlying count is between 1 and 5.
CVD-BURDEN-001,cvd_2024_01,annual,2024,2024-01-01,2024,,,0,ami,female,all,hospital_registered,annual_previous_5yr_mean,115,115,count,575,,5,final,bnr_sdc_v1,0,0,cvd_2023_12,,,,not_applicable,0,0,0,none,No disclosure restriction identified.,No disclosure restriction identified.
CVD-BURDEN-001,cvd_2024_01,annual,2024,2024-01-01,2024,,,0,ami,male,all,hospital_registered,annual_count,,*,count,,,,final,bnr_sdc_v1,0,0,cvd_2023_12,1,0,11,period_start,0,1,0,secondary,Suppressed: complementary protection prevents calculation of another small count.,Suppressed: complementary protection prevents calculation of another small count.
CVD-BURDEN-001,cvd_2024_01,annual,2024,2024-01-01,2024,,,0,ami,male,all,hospital_registered,annual_previous_5yr_mean,142.8,142.8,count,714,,5,final,bnr_sdc_v1,0,0,cvd_2023_12,,,,not_applicable,0,0,0,none,No disclosure restriction identified.,No disclosure restriction identified.
CVD-BURDEN-001,cvd_2024_01,annual,2024,2024-01-01,2024,,,0,stroke,all,all,hospital_registered,annual_count,49,49,count,49,,,final,bnr_sdc_v1,0,0,cvd_2023_12,1,0,49,period_start,0,0,0,none,No disclosure restriction identified.,No disclosure restriction identified.
CVD-BURDEN-001,cvd_2024_01,annual,2024,2024-01-01,2024,,,0,stroke,all,all,hospital_registered,annual_previous_5yr_mean,581.4,581.4,count,2907,,5,final,bnr_sdc_v1,0,0,cvd_2023_12,,,,not_applicable,0,0,0,none,No disclosure restriction identified.,No disclosure restriction identified.
CVD-BURDEN-001,cvd_2024_01,annual,2024,2024-01-01,2024,,,0,stroke,female,all,hospital_registered,annual_count,,*,count,,,,final,bnr_sdc_v1,0,0,cvd_2023_12,1,0,28,period_start,0,1,0,secondary,Suppressed: complementary protection prevents calculation of another small count.,Suppressed: complementary protection prevents calculation of another small count.
CVD-BURDEN-001,cvd_2024_01,annual,2024,2024-01-01,2024,,,0,stroke,female,all,hospital_registered,annual_previous_5yr_mean,293.6,293.6,count,1468,,5,final,bnr_sdc_v1,0,0,cvd_2023_12,,,,not_applicable,0,0,0,none,No disclosure restriction identified.,No disclosure restriction identified.
CVD-BURDEN-001,cvd_2024_01,annual,2024,2024-01-01,2024,,,0,stroke,male,all,hospital_registered,annual_count,,*,count,,,,final,bnr_sdc_v1,0,0,cvd_2023_12,1,0,21,period_start,0,1,0,secondary,Suppressed: complementary protection prevents calculation of another small count.,Suppressed: complementary protection prevents calculation of another small count.
CVD-BURDEN-001,cvd_2024_01,annual,2024,2024-01-01,2024,,,0,stroke,male,all,hospital_registered,annual_previous_5yr_mean,287.8,287.8,count,1439,,5,final,bnr_sdc_v1,0,0,cvd_2023_12,,,,not_applicable,0,0,0,none,No disclosure restriction identified.,No disclosure restriction identified.
CVD-BURDEN-001,cvd_2024_01,monthly,2010_m01,2010-01-01,2010,1,,1,all_cvd,all,all,hospital_registered,monthly_count,60,60,count,60,,,final,bnr_sdc_v1,0,0,cvd_2023_12,,,,not_applicable,0,0,0,none,No disclosure restriction identified.,No disclosure restriction identified.
CVD-BURDEN-001,cvd_2024_01,monthly,2010_m01,2010-01-01,2010,1,,1,all_cvd,female,all,hospital_registered,monthly_count,31,31,count,31,,,final,bnr_sdc_v1,0,0,cvd_2023_12,,,,not_applicable,0,0,0,none,No disclosure restriction identified.,No disclosure restriction identified.
CVD-BURDEN-001,cvd_2024_01,monthly,2010_m01,2010-01-01,2010,1,,1,all_cvd,male,all,hospital_registered,monthly_count,29,29,count,29,,,final,bnr_sdc_v1,0,0,cvd_2023_12,,,,not_applicable,0,0,0,none,No disclosure restriction identified.,No disclosure restriction identified.
CVD-BURDEN-001,cvd_2024_01,monthly,2010_m02,2010-02-01,2010,2,,1,all_cvd,all,all,hospital_registered,monthly_count,52,52,count,52,,,final,bnr_sdc_v1,0,0,cvd_2023_12,,,,not_applicable,0,0,0,none,No disclosure restriction identified.,No disclosure restriction identified.
CVD-BURDEN-001,cvd_2024_01,monthly,2010_m02,2010-02-01,2010,2,,1,all_cvd,female,all,hospital_registered,monthly_count,27,27,count,27,,,final,bnr_sdc_v1,0,0,cvd_2023_12,,,,not_applicable,0,0,0,none,No disclosure restriction identified.,No disclosure restriction identified.
CVD-BURDEN-001,cvd_2024_01,monthly,2010_m02,2010-02-01,2010,2,,1,all_cvd,male,all,hospital_registered,monthly_count,25,25,count,25,,,final,bnr_sdc_v1,0,0,cvd_2023_12,,,,not_applicable,0,0,0,none,No disclosure restriction identified.,No disclosure restriction identified.
CVD-BURDEN-001,cvd_2024_01,monthly,2010_m03,2010-03-01,2010,3,,1,all_cvd,all,all,hospital_registered,monthly_count,54,54,count,54,,,final,bnr_sdc_v1,0,0,cvd_2023_12,,,,not_applicable,0,0,0,none,No disclosure restriction identified.,No disclosure restriction identified.
CVD-BURDEN-001,cvd_2024_01,monthly,2010_m03,2010-03-01,2010,3,,1,all_cvd,female,all,hospital_registered,monthly_count,28,28,count,28,,,final,bnr_sdc_v1,0,0,cvd_2023_12,,,,not_applicable,0,0,0,none,No disclosure restriction identified.,No disclosure restriction identified.
CVD-BURDEN-001,cvd_2024_01,monthly,2010_m03,2010-03-01,2010,3,,1,all_cvd,male,all,hospital_registered,monthly_count,26,26,count,26,,,final,bnr_sdc_v1,0,0,cvd_2023_12,,,,not_applicable,0,0,0,none,No disclosure restriction identified.,No disclosure restriction identified.
CVD-BURDEN-001,cvd_2024_01,monthly,2010_m04,2010-04-01,2010,4,,1,all_cvd,all,all,hospital_registered,monthly_count,28,28,count,28,,,final,bnr_sdc_v1,0,0,cvd_2023_12,,,,not_applicable,0,0,0,none,No disclosure restriction identified.,No disclosure restriction identified.
CVD-BURDEN-001,cvd_2024_01,monthly,2010_m04,2010-04-01,2010,4,,1,all_cvd,female,all,hospital_registered,monthly_count,11,11,count,11,,,final,bnr_sdc_v1,0,0,cvd_2023_12,,,,not_applicable,0,0,0,none,No disclosure restriction identified.,No disclosure restriction identified.
CVD-BURDEN-001,cvd_2024_01,monthly,2010_m04,2010-04-01,2010,4,,1,all_cvd,male,all,hospital_registered,monthly_count,17,17,count,17,,,final,bnr_sdc_v1,0,0,cvd_2023_12,,,,not_applicable,0,0,0,none,No disclosure restriction identified.,No disclosure restriction identified.
CVD-BURDEN-001,cvd_2024_01,monthly,2010_m05,2010-05-01,2010,5,,1,all_cvd,all,all,hospital_registered,monthly_count,46,46,count,46,,,final,bnr_sdc_v1,0,0,cvd_2023_12,,,,not_applicable,0,0,0,none,No disclosure restriction identified.,No disclosure restriction identified.
CVD-BURDEN-001,cvd_2024_01,monthly,2010_m05,2010-05-01,2010,5,,1,all_cvd,female,all,hospital_registered,monthly_count,25,25,count,25,,,final,bnr_sdc_v1,0,0,cvd_2023_12,,,,not_applicable,0,0,0,none,No disclosure restriction identified.,No disclosure restriction identified.
CVD-BURDEN-001,cvd_2024_01,monthly,2010_m05,2010-05-01,2010,5,,1,all_cvd,male,all,hospital_registered,monthly_count,21,21,count,21,,,final,bnr_sdc_v1,0,0,cvd_2023_12,,,,not_applicable,0,0,0,none,No disclosure restriction identified.,No disclosure restriction identified.
CVD-BURDEN-001,cvd_2024_01,monthly,2010_m06,2010-06-01,2010,6,,1,all_cvd,all,all,hospital_registered,monthly_count,39,39,count,39,,,final,bnr_sdc_v1,0,0,cvd_2023_12,,,,not_applicable,0,0,0,none,No disclosure restriction identified.,No disclosure restriction identified.
CVD-BURDEN-001,cvd_2024_01,monthly,2010_m06,2010-06-01,2010,6,,1,all_cvd,female,all,hospital_registered,monthly_count,21,21,count,21,,,final,bnr_sdc_v1,0,0,cvd_2023_12,,,,not_applicable,0,0,0,none,No disclosure restriction identified.,No disclosure restriction identified.
CVD-BURDEN-001,cvd_2024_01,monthly,2010_m06,2010-06-01,2010,6,,1,all_cvd,male,all,hospital_registered,monthly_count,18,18,count,18,,,final,bnr_sdc_v1,0,0,cvd_2023_12,,,,not_applicable,0,0,0,none,No disclosure restriction identified.,No disclosure restriction identified.
CVD-BURDEN-001,cvd_2024_01,monthly,2010_m07,2010-07-01,2010,7,,1,all_cvd,all,all,hospital_registered,monthly_count,43,43,count,43,,,final,bnr_sdc_v1,0,0,cvd_2023_12,,,,not_applicable,0,0,0,none,No disclosure restriction identified.,No disclosure restriction identified.
CVD-BURDEN-001,cvd_2024_01,monthly,2010_m07,2010-07-01,2010,7,,1,all_cvd,female,all,hospital_registered,monthly_count,22,22,count,22,,,final,bnr_sdc_v1,0,0,cvd_2023_12,,,,not_applicable,0,0,0,none,No disclosure restriction identified.,No disclosure restriction identified.
CVD-BURDEN-001,cvd_2024_01,monthly,2010_m07,2010-07-01,2010,7,,1,all_cvd,male,all,hospital_registered,monthly_count,21,21,count,21,,,final,bnr_sdc_v1,0,0,cvd_2023_12,,,,not_applicable,0,0,0,none,No disclosure restriction identified.,No disclosure restriction identified.
CVD-BURDEN-001,cvd_2024_01,monthly,2010_m08,2010-08-01,2010,8,,1,all_cvd,all,all,hospital_registered,monthly_count,39,39,count,39,,,final,bnr_sdc_v1,0,0,cvd_2023_12,,,,not_applicable,0,0,0,none,No disclosure restriction identified.,No disclosure restriction identified.
CVD-BURDEN-001,cvd_2024_01,monthly,2010_m08,2010-08-01,2010,8,,1,all_cvd,female,all,hospital_registered,monthly_count,25,25,count,25,,,final,bnr_sdc_v1,0,0,cvd_2023_12,,,,not_applicable,0,0,0,none,No disclosure restriction identified.,No disclosure restriction identified.
CVD-BURDEN-001,cvd_2024_01,monthly,2010_m08,2010-08-01,2010,8,,1,all_cvd,male,all,hospital_registered,monthly_count,14,14,count,14,,,final,bnr_sdc_v1,0,0,cvd_2023_12,,,,not_applicable,0,0,0,none,No disclosure restriction identified.,No disclosure restriction identified.
CVD-BURDEN-001,cvd_2024_01,monthly,2010_m09,2010-09-01,2010,9,,1,all_cvd,all,all,hospital_registered,monthly_count,44,44,count,44,,,final,bnr_sdc_v1,0,0,cvd_2023_12,,,,not_applicable,0,0,0,none,No disclosure restriction identified.,No disclosure restriction identified.
CVD-BURDEN-001,cvd_2024_01,monthly,2010_m09,2010-09-01,2010,9,,1,all_cvd,female,all,hospital_registered,monthly_count,17,17,count,17,,,final,bnr_sdc_v1,0,0,cvd_2023_12,,,,not_applicable,0,0,0,none,No disclosure restriction identified.,No disclosure restriction identified.
CVD-BURDEN-001,cvd_2024_01,monthly,2010_m09,2010-09-01,2010,9,,1,all_cvd,male,all,hospital_registered,monthly_count,27,27,count,27,,,final,bnr_sdc_v1,0,0,cvd_2023_12,,,,not_applicable,0,0,0,none,No disclosure restriction identified.,No disclosure restriction identified.
CVD-BURDEN-001,cvd_2024_01,monthly,2010_m10,2010-10-01,2010,10,,1,all_cvd,all,all,hospital_registered,monthly_count,42,42,count,42,,,final,bnr_sdc_v1,0,0,cvd_2023_12,,,,not_applicable,0,0,0,none,No disclosure restriction identified.,No disclosure restriction identified.
CVD-BURDEN-001,cvd_2024_01,monthly,2010_m10,2010-10-01,2010,10,,1,all_cvd,female,all,hospital_registered,monthly_count,15,15,count,15,,,final,bnr_sdc_v1,0,0,cvd_2023_12,,,,not_applicable,0,0,0,none,No disclosure restriction identified.,No disclosure restriction identified.
CVD-BURDEN-001,cvd_2024_01,monthly,2010_m10,2010-10-01,2010,10,,1,all_cvd,male,all,hospital_registered,monthly_count,27,27,count,27,,,final,bnr_sdc_v1,0,0,cvd_2023_12,,,,not_applicable,0,0,0,none,No disclosure restriction identified.,No disclosure restriction identified.
CVD-BURDEN-001,cvd_2024_01,monthly,2010_m11,2010-11-01,2010,11,,1,all_cvd,all,all,hospital_registered,monthly_count,50,50,count,50,,,final,bnr_sdc_v1,0,0,cvd_2023_12,,,,not_applicable,0,0,0,none,No disclosure restriction identified.,No disclosure restriction identified.
CVD-BURDEN-001,cvd_2024_01,monthly,2010_m11,2010-11-01,2010,11,,1,all_cvd,female,all,hospital_registered,monthly_count,26,26,count,26,,,final,bnr_sdc_v1,0,0,cvd_2023_12,,,,not_applicable,0,0,0,none,No disclosure restriction identified.,No disclosure restriction identified.
CVD-BURDEN-001,cvd_2024_01,monthly,2010_m11,2010-11-01,2010,11,,1,all_cvd,male,all,hospital_registered,monthly_count,24,24,count,24,,,final,bnr_sdc_v1,0,0,cvd_2023_12,,,,not_applicable,0,0,0,none,No disclosure restriction identified.,No disclosure restriction identified.
CVD-BURDEN-001,cvd_2024_01,monthly,2010_m12,2010-12-01,2010,12,,1,all_cvd,all,all,hospital_registered,monthly_count,58,58,count,58,,,final,bnr_sdc_v1,0,0,cvd_2023_12,,,,not_applicable,0,0,0,none,No disclosure restriction identified.,No disclosure restriction identified.
CVD-BURDEN-001,cvd_2024_01,monthly,2010_m12,2010-12-01,2010,12,,1,all_cvd,female,all,hospital_registered,monthly_count,38,38,count,38,,,final,bnr_sdc_v1,0,0,cvd_2023_12,,,,not_applicable,0,0,0,none,No disclosure restriction identified.,No disclosure restriction identified.
CVD-BURDEN-001,cvd_2024_01,monthly,2010_m12,2010-12-01,2010,12,,1,all_cvd,male,all,hospital_registered,monthly_count,20,20,count,20,,,final,bnr_sdc_v1,0,0,cvd_2023_12,,,,not_applicable,0,0,0,none,No disclosure restriction identified.,No disclosure restriction identified.
CVD-BURDEN-001,cvd_2024_01,monthly,2011_m01,2011-01-01,2011,1,,1,all_cvd,all,all,hospital_registered,monthly_count,41,41,count,41,,,final,bnr_sdc_v1,0,0,cvd_2023_12,,,,not_applicable,0,0,0,none,No disclosure restriction identified.,No disclosure restriction identified.
CVD-BURDEN-001,cvd_2024_01,monthly,2011_m01,2011-01-01,2011,1,,1,all_cvd,all,all,hospital_registered,monthly_same_month_previous_5yr_mean,,,count,,,1,insufficient_history,bnr_sdc_v1,0,0,cvd_2023_12,,,,not_applicable,0,0,0,none,No disclosure restriction identified.,No disclosure restriction identified.
CVD-BURDEN-001,cvd_2024_01,monthly,2011_m01,2011-01-01,2011,1,,1,all_cvd,female,all,hospital_registered,monthly_count,19,19,count,19,,,final,bnr_sdc_v1,0,0,cvd_2023_12,,,,not_applicable,0,0,0,none,No disclosure restriction identified.,No disclosure restriction identified.
CVD-BURDEN-001,cvd_2024_01,monthly,2011_m01,2011-01-01,2011,1,,1,all_cvd,female,all,hospital_registered,monthly_same_month_previous_5yr_mean,,,count,,,1,insufficient_history,bnr_sdc_v1,0,0,cvd_2023_12,,,,not_applicable,0,0,0,none,No disclosure restriction identified.,No disclosure restriction identified.
CVD-BURDEN-001,cvd_2024_01,monthly,2011_m01,2011-01-01,2011,1,,1,all_cvd,male,all,hospital_registered,monthly_count,22,22,count,22,,,final,bnr_sdc_v1,0,0,cvd_2023_12,,,,not_applicable,0,0,0,none,No disclosure restriction identified.,No disclosure restriction identified.
CVD-BURDEN-001,cvd_2024_01,monthly,2011_m01,2011-01-01,2011,1,,1,all_cvd,male,all,hospital_registered,monthly_same_month_previous_5yr_mean,,,count,,,1,insufficient_history,bnr_sdc_v1,0,0,cvd_2023_12,,,,not_applicable,0,0,0,none,No disclosure restriction identified.,No disclosure restriction identified.
CVD-BURDEN-001,cvd_2024_01,monthly,2011_m02,2011-02-01,2011,2,,1,all_cvd,all,all,hospital_registered,monthly_count,27,27,count,27,,,final,bnr_sdc_v1,0,0,cvd_2023_12,,,,not_applicable,0,0,0,none,No disclosure restriction identified.,No disclosure restriction identified.
CVD-BURDEN-001,cvd_2024_01,monthly,2011_m02,2011-02-01,2011,2,,1,all_cvd,all,all,hospital_registered,monthly_same_month_previous_5yr_mean,,,count,,,1,insufficient_history,bnr_sdc_v1,0,0,cvd_2023_12,,,,not_applicable,0,0,0,none,No disclosure restriction identified.,No disclosure restriction identified.
CVD-BURDEN-001,cvd_2024_01,monthly,2011_m02,2011-02-01,2011,2,,1,all_cvd,female,all,hospital_registered,monthly_count,17,17,count,17,,,final,bnr_sdc_v1,0,0,cvd_2023_12,,,,not_applicable,0,0,0,none,No disclosure restriction identified.,No disclosure restriction identified.
CVD-BURDEN-001,cvd_2024_01,monthly,2011_m02,2011-02-01,2011,2,,1,all_cvd,female,all,hospital_registered,monthly_same_month_previous_5yr_mean,,,count,,,1,insufficient_history,bnr_sdc_v1,0,0,cvd_2023_12,,,,not_applicable,0,0,0,none,No disclosure restriction identified.,No disclosure restriction identified.
CVD-BURDEN-001,cvd_2024_01,monthly,2011_m02,2011-02-01,2011,2,,1,all_cvd,male,all,hospital_registered,monthly_count,10,10,count,10,,,final,bnr_sdc_v1,0,0,cvd_2023_12,,,,not_applicable,0,0,0,none,No disclosure restriction identified.,No disclosure restriction identified.
CVD-BURDEN-001,cvd_2024_01,monthly,2011_m02,2011-02-01,2011,2,,1,all_cvd,male,all,hospital_registered,monthly_same_month_previous_5yr_mean,,,count,,,1,insufficient_history,bnr_sdc_v1,0,0,cvd_2023_12,,,,not_applicable,0,0,0,none,No disclosure restriction identified.,No disclosure restriction identified.
CVD-BURDEN-001,cvd_2024_01,monthly,2011_m03,2011-03-01,2011,3,,1,all_cvd,all,all,hospital_registered,monthly_count,44,44,count,44,,,final,bnr_sdc_v1,0,0,cvd_2023_12,,,,not_applicable,0,0,0,none,No disclosure restriction identified.,No disclosure restriction identified.
CVD-BURDEN-001,cvd_2024_01,monthly,2011_m03,2011-03-01,2011,3,,1,all_cvd,all,all,hospital_registered,monthly_same_month_previous_5yr_mean,,,count,,,1,insufficient_history,bnr_sdc_v1,0,0,cvd_2023_12,,,,not_applicable,0,0,0,none,No disclosure restriction identified.,No disclosure restriction identified.
CVD-BURDEN-001,cvd_2024_01,monthly,2011_m03,2011-03-01,2011,3,,1,all_cvd,female,all,hospital_registered,monthly_count,25,25,count,25,,,final,bnr_sdc_v1,0,0,cvd_2023_12,,,,not_applicable,0,0,0,none,No disclosure restriction identified.,No disclosure restriction identified.
CVD-BURDEN-001,cvd_2024_01,monthly,2011_m03,2011-03-01,2011,3,,1,all_cvd,female,all,hospital_registered,monthly_same_month_previous_5yr_mean,,,count,,,1,insufficient_history,bnr_sdc_v1,0,0,cvd_2023_12,,,,not_applicable,0,0,0,none,No disclosure restriction identified.,No disclosure restriction identified.
CVD-BURDEN-001,cvd_2024_01,monthly,2011_m03,2011-03-01,2011,3,,1,all_cvd,male,all,hospital_registered,monthly_count,19,19,count,19,,,final,bnr_sdc_v1,0,0,cvd_2023_12,,,,not_applicable,0,0,0,none,No disclosure restriction identified.,No disclosure restriction identified.
CVD-BURDEN-001,cvd_2024_01,monthly,2011_m03,2011-03-01,2011,3,,1,all_cvd,male,all,hospital_registered,monthly_same_month_previous_5yr_mean,,,count,,,1,insufficient_history,bnr_sdc_v1,0,0,cvd_2023_12,,,,not_applicable,0,0,0,none,No disclosure restriction identified.,No disclosure restriction identified.
CVD-BURDEN-001,cvd_2024_01,monthly,2011_m04,2011-04-01,2011,4,,1,all_cvd,all,all,hospital_registered,monthly_count,61,61,count,61,,,final,bnr_sdc_v1,0,0,cvd_2023_12,,,,not_applicable,0,0,0,none,No disclosure restriction identified.,No disclosure restriction identified.
CVD-BURDEN-001,cvd_2024_01,monthly,2011_m04,2011-04-01,2011,4,,1,all_cvd,all,all,hospital_registered,monthly_same_month_previous_5yr_mean,,,count,,,1,insufficient_history,bnr_sdc_v1,0,0,cvd_2023_12,,,,not_applicable,0,0,0,none,No disclosure restriction identified.,No disclosure restriction identified.
CVD-BURDEN-001,cvd_2024_01,monthly,2011_m04,2011-04-01,2011,4,,1,all_cvd,female,all,hospital_registered,monthly_count,34,34,count,34,,,final,bnr_sdc_v1,0,0,cvd_2023_12,,,,not_applicable,0,0,0,none,No disclosure restriction identified.,No disclosure restriction identified.
CVD-BURDEN-001,cvd_2024_01,monthly,2011_m04,2011-04-01,2011,4,,1,all_cvd,female,all,hospital_registered,monthly_same_month_previous_5yr_mean,,,count,,,1,insufficient_history,bnr_sdc_v1,0,0,cvd_2023_12,,,,not_applicable,0,0,0,none,No disclosure restriction identified.,No disclosure restriction identified.
CVD-BURDEN-001,cvd_2024_01,monthly,2011_m04,2011-04-01,2011,4,,1,all_cvd,male,all,hospital_registered,monthly_count,27,27,count,27,,,final,bnr_sdc_v1,0,0,cvd_2023_12,,,,not_applicable,0,0,0,none,No disclosure restriction identified.,No disclosure restriction identified.
CVD-BURDEN-001,cvd_2024_01,monthly,2011_m04,2011-04-01,2011,4,,1,all_cvd,male,all,hospital_registered,monthly_same_month_previous_5yr_mean,,,count,,,1,insufficient_history,bnr_sdc_v1,0,0,cvd_2023_12,,,,not_applicable,0,0,0,none,No disclosure restriction identified.,No disclosure restriction identified.
CVD-BURDEN-001,cvd_2024_01,monthly,2011_m05,2011-05-01,2011,5,,1,all_cvd,all,all,hospital_registered,monthly_count,43,43,count,43,,,final,bnr_sdc_v1,0,0,cvd_2023_12,,,,not_applicable,0,0,0,none,No disclosure restriction identified.,No disclosure restriction identified.
CVD-BURDEN-001,cvd_2024_01,monthly,2011_m05,2011-05-01,2011,5,,1,all_cvd,all,all,hospital_registered,monthly_same_month_previous_5yr_mean,,,count,,,1,insufficient_history,bnr_sdc_v1,0,0,cvd_2023_12,,,,not_applicable,0,0,0,none,No disclosure restriction identified.,No disclosure restriction identified.
CVD-BURDEN-001,cvd_2024_01,monthly,2011_m05,2011-05-01,2011,5,,1,all_cvd,female,all,hospital_registered,monthly_count,20,20,count,20,,,final,bnr_sdc_v1,0,0,cvd_2023_12,,,,not_applicable,0,0,0,none,No disclosure restriction identified.,No disclosure restriction identified.
CVD-BURDEN-001,cvd_2024_01,monthly,2011_m05,2011-05-01,2011,5,,1,all_cvd,female,all,hospital_registered,monthly_same_month_previous_5yr_mean,,,count,,,1,insufficient_history,bnr_sdc_v1,0,0,cvd_2023_12,,,,not_applicable,0,0,0,none,No disclosure restriction identified.,No disclosure restriction identified.
CVD-BURDEN-001,cvd_2024_01,monthly,2011_m05,2011-05-01,2011,5,,1,all_cvd,male,all,hospital_registered,monthly_count,23,23,count,23,,,final,bnr_sdc_v1,0,0,cvd_2023_12,,,,not_applicable,0,0,0,none,No disclosure restriction identified.,No disclosure restriction identified.
CVD-BURDEN-001,cvd_2024_01,monthly,2011_m05,2011-05-01,2011,5,,1,all_cvd,male,all,hospital_registered,monthly_same_month_previous_5yr_mean,,,count,,,1,insufficient_history,bnr_sdc_v1,0,0,cvd_2023_12,,,,not_applicable,0,0,0,none,No disclosure restriction identified.,No disclosure restriction identified.
CVD-BURDEN-001,cvd_2024_01,monthly,2011_m06,2011-06-01,2011,6,,1,all_cvd,all,all,hospital_registered,monthly_count,31,31,count,31,,,final,bnr_sdc_v1,0,0,cvd_2023_12,,,,not_applicable,0,0,0,none,No disclosure restriction identified.,No disclosure restriction identified.
CVD-BURDEN-001,cvd_2024_01,monthly,2011_m06,2011-06-01,2011,6,,1,all_cvd,all,all,hospital_registered,monthly_same_month_previous_5yr_mean,,,count,,,1,insufficient_history,bnr_sdc_v1,0,0,cvd_2023_12,,,,not_applicable,0,0,0,none,No disclosure restriction identified.,No disclosure restriction identified.
CVD-BURDEN-001,cvd_2024_01,monthly,2011_m06,2011-06-01,2011,6,,1,all_cvd,female,all,hospital_registered,monthly_count,12,12,count,12,,,final,bnr_sdc_v1,0,0,cvd_2023_12,,,,not_applicable,0,0,0,none,No disclosure restriction identified.,No disclosure restriction identified.
CVD-BURDEN-001,cvd_2024_01,monthly,2011_m06,2011-06-01,2011,6,,1,all_cvd,female,all,hospital_registered,monthly_same_month_previous_5yr_mean,,,count,,,1,insufficient_history,bnr_sdc_v1,0,0,cvd_2023_12,,,,not_applicable,0,0,0,none,No disclosure restriction identified.,No disclosure restriction identified.
CVD-BURDEN-001,cvd_2024_01,monthly,2011_m06,2011-06-01,2011,6,,1,all_cvd,male,all,hospital_registered,monthly_count,19,19,count,19,,,final,bnr_sdc_v1,0,0,cvd_2023_12,,,,not_applicable,0,0,0,none,No disclosure restriction identified.,No disclosure restriction identified.
CVD-BURDEN-001,cvd_2024_01,monthly,2011_m06,2011-06-01,2011,6,,1,all_cvd,male,all,hospital_registered,monthly_same_month_previous_5yr_mean,,,count,,,1,insufficient_history,bnr_sdc_v1,0,0,cvd_2023_12,,,,not_applicable,0,0,0,none,No disclosure restriction identified.,No disclosure restriction identified.
CVD-BURDEN-001,cvd_2024_01,monthly,2011_m07,2011-07-01,2011,7,,1,all_cvd,all,all,hospital_registered,monthly_count,39,39,count,39,,,final,bnr_sdc_v1,0,0,cvd_2023_12,,,,not_applicable,0,0,0,none,No disclosure restriction identified.,No disclosure restriction identified.
CVD-BURDEN-001,cvd_2024_01,monthly,2011_m07,2011-07-01,2011,7,,1,all_cvd,all,all,hospital_registered,monthly_same_month_previous_5yr_mean,,,count,,,1,insufficient_history,bnr_sdc_v1,0,0,cvd_2023_12,,,,not_applicable,0,0,0,none,No disclosure restriction identified.,No disclosure restriction identified.
CVD-BURDEN-001,cvd_2024_01,monthly,2011_m07,2011-07-01,2011,7,,1,all_cvd,female,all,hospital_registered,monthly_count,15,15,count,15,,,final,bnr_sdc_v1,0,0,cvd_2023_12,,,,not_applicable,0,0,0,none,No disclosure restriction identified.,No disclosure restriction identified.
CVD-BURDEN-001,cvd_2024_01,monthly,2011_m07,2011-07-01,2011,7,,1,all_cvd,female,all,hospital_registered,monthly_same_month_previous_5yr_mean,,,count,,,1,insufficient_history,bnr_sdc_v1,0,0,cvd_2023_12,,,,not_applicable,0,0,0,none,No disclosure restriction identified.,No disclosure restriction identified.
CVD-BURDEN-001,cvd_2024_01,monthly,2011_m07,2011-07-01,2011,7,,1,all_cvd,male,all,hospital_registered,monthly_count,24,24,count,24,,,final,bnr_sdc_v1,0,0,cvd_2023_12,,,,not_applicable,0,0,0,none,No disclosure restriction identified.,No disclosure restriction identified.
CVD-BURDEN-001,cvd_2024_01,monthly,2011_m07,2011-07-01,2011,7,,1,all_cvd,male,all,hospital_registered,monthly_same_month_previous_5yr_mean,,,count,,,1,insufficient_history,bnr_sdc_v1,0,0,cvd_2023_12,,,,not_applicable,0,0,0,none,No disclosure restriction identified.,No disclosure restriction identified.
CVD-BURDEN-001,cvd_2024_01,monthly,2011_m08,2011-08-01,2011,8,,1,all_cvd,all,all,hospital_registered,monthly_count,42,42,count,42,,,final,bnr_sdc_v1,0,0,cvd_2023_12,,,,not_applicable,0,0,0,none,No disclosure restriction identified.,No disclosure restriction identified.
CVD-BURDEN-001,cvd_2024_01,monthly,2011_m08,2011-08-01,2011,8,,1,all_cvd,all,all,hospital_registered,monthly_same_month_previous_5yr_mean,,,count,,,1,insufficient_history,bnr_sdc_v1,0,0,cvd_2023_12,,,,not_applicable,0,0,0,none,No disclosure restriction identified.,No disclosure restriction identified.
CVD-BURDEN-001,cvd_2024_01,monthly,2011_m08,2011-08-01,2011,8,,1,all_cvd,female,all,hospital_registered,monthly_count,22,22,count,22,,,final,bnr_sdc_v1,0,0,cvd_2023_12,,,,not_applicable,0,0,0,none,No disclosure restriction identified.,No disclosure restriction identified.
CVD-BURDEN-001,cvd_2024_01,monthly,2011_m08,2011-08-01,2011,8,,1,all_cvd,female,all,hospital_registered,monthly_same_month_previous_5yr_mean,,,count,,,1,insufficient_history,bnr_sdc_v1,0,0,cvd_2023_12,,,,not_applicable,0,0,0,none,No disclosure restriction identified.,No disclosure restriction identified.
CVD-BURDEN-001,cvd_2024_01,monthly,2011_m08,2011-08-01,2011,8,,1,all_cvd,male,all,hospital_registered,monthly_count,20,20,count,20,,,final,bnr_sdc_v1,0,0,cvd_2023_12,,,,not_applicable,0,0,0,none,No disclosure restriction identified.,No disclosure restriction identified.
CVD-BURDEN-001,cvd_2024_01,monthly,2011_m08,2011-08-01,2011,8,,1,all_cvd,male,all,hospital_registered,monthly_same_month_previous_5yr_mean,,,count,,,1,insufficient_history,bnr_sdc_v1,0,0,cvd_2023_12,,,,not_applicable,0,0,0,none,No disclosure restriction identified.,No disclosure restriction identified.
CVD-BURDEN-001,cvd_2024_01,monthly,2011_m09,2011-09-01,2011,9,,1,all_cvd,all,all,hospital_registered,monthly_count,38,38,count,38,,,final,bnr_sdc_v1,0,0,cvd_2023_12,,,,not_applicable,0,0,0,none,No disclosure restriction identified.,No disclosure restriction identified.
CVD-BURDEN-001,cvd_2024_01,monthly,2011_m09,2011-09-01,2011,9,,1,all_cvd,all,all,hospital_registered,monthly_same_month_previous_5yr_mean,,,count,,,1,insufficient_history,bnr_sdc_v1,0,0,cvd_2023_12,,,,not_applicable,0,0,0,none,No disclosure restriction identified.,No disclosure restriction identified.
CVD-BURDEN-001,cvd_2024_01,monthly,2011_m09,2011-09-01,2011,9,,1,all_cvd,female,all,hospital_registered,monthly_count,23,23,count,23,,,final,bnr_sdc_v1,0,0,cvd_2023_12,,,,not_applicable,0,0,0,none,No disclosure restriction identified.,No disclosure restriction identified.
CVD-BURDEN-001,cvd_2024_01,monthly,2011_m09,2011-09-01,2011,9,,1,all_cvd,female,all,hospital_registered,monthly_same_month_previous_5yr_mean,,,count,,,1,insufficient_history,bnr_sdc_v1,0,0,cvd_2023_12,,,,not_applicable,0,0,0,none,No disclosure restriction identified.,No disclosure restriction identified.
CVD-BURDEN-001,cvd_2024_01,monthly,2011_m09,2011-09-01,2011,9,,1,all_cvd,male,all,hospital_registered,monthly_count,15,15,count,15,,,final,bnr_sdc_v1,0,0,cvd_2023_12,,,,not_applicable,0,0,0,none,No disclosure restriction identified.,No disclosure restriction identified.
CVD-BURDEN-001,cvd_2024_01,monthly,2011_m09,2011-09-01,2011,9,,1,all_cvd,male,all,hospital_registered,monthly_same_month_previous_5yr_mean,,,count,,,1,insufficient_history,bnr_sdc_v1,0,0,cvd_2023_12,,,,not_applicable,0,0,0,none,No disclosure restriction identified.,No disclosure restriction identified.
CVD-BURDEN-001,cvd_2024_01,monthly,2011_m10,2011-10-01,2011,10,,1,all_cvd,all,all,hospital_registered,monthly_count,51,51,count,51,,,final,bnr_sdc_v1,0,0,cvd_2023_12,,,,not_applicable,0,0,0,none,No disclosure restriction identified.,No disclosure restriction identified.
CVD-BURDEN-001,cvd_2024_01,monthly,2011_m10,2011-10-01,2011,10,,1,all_cvd,all,all,hospital_registered,monthly_same_month_previous_5yr_mean,,,count,,,1,insufficient_history,bnr_sdc_v1,0,0,cvd_2023_12,,,,not_applicable,0,0,0,none,No disclosure restriction identified.,No disclosure restriction identified.
CVD-BURDEN-001,cvd_2024_01,monthly,2011_m10,2011-10-01,2011,10,,1,all_cvd,female,all,hospital_registered,monthly_count,20,20,count,20,,,final,bnr_sdc_v1,0,0,cvd_2023_12,,,,not_applicable,0,0,0,none,No disclosure restriction identified.,No disclosure restriction identified.
CVD-BURDEN-001,cvd_2024_01,monthly,2011_m10,2011-10-01,2011,10,,1,all_cvd,female,all,hospital_registered,monthly_same_month_previous_5yr_mean,,,count,,,1,insufficient_history,bnr_sdc_v1,0,0,cvd_2023_12,,,,not_applicable,0,0,0,none,No disclosure restriction identified.,No disclosure restriction identified.
CVD-BURDEN-001,cvd_2024_01,monthly,2011_m10,2011-10-01,2011,10,,1,all_cvd,male,all,hospital_registered,monthly_count,31,31,count,31,,,final,bnr_sdc_v1,0,0,cvd_2023_12,,,,not_applicable,0,0,0,none,No disclosure restriction identified.,No disclosure restriction identified.
CVD-BURDEN-001,cvd_2024_01,monthly,2011_m10,2011-10-01,2011,10,,1,all_cvd,male,all,hospital_registered,monthly_same_month_previous_5yr_mean,,,count,,,1,insufficient_history,bnr_sdc_v1,0,0,cvd_2023_12,,,,not_applicable,0,0,0,none,No disclosure restriction identified.,No disclosure restriction identified.
CVD-BURDEN-001,cvd_2024_01,monthly,2011_m11,2011-11-01,2011,11,,1,all_cvd,all,all,hospital_registered,monthly_count,42,42,count,42,,,final,bnr_sdc_v1,0,0,cvd_2023_12,,,,not_applicable,0,0,0,none,No disclosure restriction identified.,No disclosure restriction identified.
CVD-BURDEN-001,cvd_2024_01,monthly,2011_m11,2011-11-01,2011,11,,1,all_cvd,all,all,hospital_registered,monthly_same_month_previous_5yr_mean,,,count,,,1,insufficient_history,bnr_sdc_v1,0,0,cvd_2023_12,,,,not_applicable,0,0,0,none,No disclosure restriction identified.,No disclosure restriction identified.
CVD-BURDEN-001,cvd_2024_01,monthly,2011_m11,2011-11-01,2011,11,,1,all_cvd,female,all,hospital_registered,monthly_count,20,20,count,20,,,final,bnr_sdc_v1,0,0,cvd_2023_12,,,,not_applicable,0,0,0,none,No disclosure restriction identified.,No disclosure restriction identified.
CVD-BURDEN-001,cvd_2024_01,monthly,2011_m11,2011-11-01,2011,11,,1,all_cvd,female,all,hospital_registered,monthly_same_month_previous_5yr_mean,,,count,,,1,insufficient_history,bnr_sdc_v1,0,0,cvd_2023_12,,,,not_applicable,0,0,0,none,No disclosure restriction identified.,No disclosure restriction identified.
CVD-BURDEN-001,cvd_2024_01,monthly,2011_m11,2011-11-01,2011,11,,1,all_cvd,male,all,hospital_registered,monthly_count,22,22,count,22,,,final,bnr_sdc_v1,0,0,cvd_2023_12,,,,not_applicable,0,0,0,none,No disclosure restriction identified.,No disclosure restriction identified.
CVD-BURDEN-001,cvd_2024_01,monthly,2011_m11,2011-11-01,2011,11,,1,all_cvd,male,all,hospital_registered,monthly_same_month_previous_5yr_mean,,,count,,,1,insufficient_history,bnr_sdc_v1,0,0,cvd_2023_12,,,,not_applicable,0,0,0,none,No disclosure restriction identified.,No disclosure restriction identified.
CVD-BURDEN-001,cvd_2024_01,monthly,2011_m12,2011-12-01,2011,12,,1,all_cvd,all,all,hospital_registered,monthly_count,45,45,count,45,,,final,bnr_sdc_v1,0,0,cvd_2023_12,,,,not_applicable,0,0,0,none,No disclosure restriction identified.,No disclosure restriction identified.
CVD-BURDEN-001,cvd_2024_01,monthly,2011_m12,2011-12-01,2011,12,,1,all_cvd,all,all,hospital_registered,monthly_same_month_previous_5yr_mean,,,count,,,1,insufficient_history,bnr_sdc_v1,0,0,cvd_2023_12,,,,not_applicable,0,0,0,none,No disclosure restriction identified.,No disclosure restriction identified.
CVD-BURDEN-001,cvd_2024_01,monthly,2011_m12,2011-12-01,2011,12,,1,all_cvd,female,all,hospital_registered,monthly_count,19,19,count,19,,,final,bnr_sdc_v1,0,0,cvd_2023_12,,,,not_applicable,0,0,0,none,No disclosure restriction identified.,No disclosure restriction identified.
CVD-BURDEN-001,cvd_2024_01,monthly,2011_m12,2011-12-01,2011,12,,1,all_cvd,female,all,hospital_registered,monthly_same_month_previous_5yr_mean,,,count,,,1,insufficient_history,bnr_sdc_v1,0,0,cvd_2023_12,,,,not_applicable,0,0,0,none,No disclosure restriction identified.,No disclosure restriction identified.
CVD-BURDEN-001,cvd_2024_01,monthly,2011_m12,2011-12-01,2011,12,,1,all_cvd,male,all,hospital_registered,monthly_count,26,26,count,26,,,final,bnr_sdc_v1,0,0,cvd_2023_12,,,,not_applicable,0,0,0,none,No disclosure restriction identified.,No disclosure restriction identified.
CVD-BURDEN-001,cvd_2024_01,monthly,2011_m12,2011-12-01,2011,12,,1,all_cvd,male,all,hospital_registered,monthly_same_month_previous_5yr_mean,,,count,,,1,insufficient_history,bnr_sdc_v1,0,0,cvd_2023_12,,,,not_applicable,0,0,0,none,No disclosure restriction identified.,No disclosure restriction identified.
CVD-BURDEN-001,cvd_2024_01,monthly,2012_m01,2012-01-01,2012,1,,1,all_cvd,all,all,hospital_registered,monthly_count,50,50,count,50,,,final,bnr_sdc_v1,0,0,cvd_2023_12,,,,not_applicable,0,0,0,none,No disclosure restriction identified.,No disclosure restriction identified.
CVD-BURDEN-001,cvd_2024_01,monthly,2012_m01,2012-01-01,2012,1,,1,all_cvd,all,all,hospital_registered,monthly_same_month_previous_5yr_mean,,,count,,,2,insufficient_history,bnr_sdc_v1,0,0,cvd_2023_12,,,,not_applicable,0,0,0,none,No disclosure restriction identified.,No disclosure restriction identified.
CVD-BURDEN-001,cvd_2024_01,monthly,2012_m01,2012-01-01,2012,1,,1,all_cvd,female,all,hospital_registered,monthly_count,23,23,count,23,,,final,bnr_sdc_v1,0,0,cvd_2023_12,,,,not_applicable,0,0,0,none,No disclosure restriction identified.,No disclosure restriction identified.
CVD-BURDEN-001,cvd_2024_01,monthly,2012_m01,2012-01-01,2012,1,,1,all_cvd,female,all,hospital_registered,monthly_same_month_previous_5yr_mean,,,count,,,2,insufficient_history,bnr_sdc_v1,0,0,cvd_2023_12,,,,not_applicable,0,0,0,none,No disclosure restriction identified.,No disclosure restriction identified.
CVD-BURDEN-001,cvd_2024_01,monthly,2012_m01,2012-01-01,2012,1,,1,all_cvd,male,all,hospital_registered,monthly_count,27,27,count,27,,,final,bnr_sdc_v1,0,0,cvd_2023_12,,,,not_applicable,0,0,0,none,No disclosure restriction identified.,No disclosure restriction identified.
CVD-BURDEN-001,cvd_2024_01,monthly,2012_m01,2012-01-01,2012,1,,1,all_cvd,male,all,hospital_registered,monthly_same_month_previous_5yr_mean,,,count,,,2,insufficient_history,bnr_sdc_v1,0,0,cvd_2023_12,,,,not_applicable,0,0,0,none,No disclosure restriction identified.,No disclosure restriction identified.
CVD-BURDEN-001,cvd_2024_01,monthly,2012_m02,2012-02-01,2012,2,,1,all_cvd,all,all,hospital_registered,monthly_count,43,43,count,43,,,final,bnr_sdc_v1,0,0,cvd_2023_12,,,,not_applicable,0,0,0,none,No disclosure restriction identified.,No disclosure restriction identified.
CVD-BURDEN-001,cvd_2024_01,monthly,2012_m02,2012-02-01,2012,2,,1,all_cvd,all,all,hospital_registered,monthly_same_month_previous_5yr_mean,,,count,,,2,insufficient_history,bnr_sdc_v1,0,0,cvd_2023_12,,,,not_applicable,0,0,0,none,No disclosure restriction identified.,No disclosure restriction identified.
CVD-BURDEN-001,cvd_2024_01,monthly,2012_m02,2012-02-01,2012,2,,1,all_cvd,female,all,hospital_registered,monthly_count,18,18,count,18,,,final,bnr_sdc_v1,0,0,cvd_2023_12,,,,not_applicable,0,0,0,none,No disclosure restriction identified.,No disclosure restriction identified.
CVD-BURDEN-001,cvd_2024_01,monthly,2012_m02,2012-02-01,2012,2,,1,all_cvd,female,all,hospital_registered,monthly_same_month_previous_5yr_mean,,,count,,,2,insufficient_history,bnr_sdc_v1,0,0,cvd_2023_12,,,,not_applicable,0,0,0,none,No disclosure restriction identified.,No disclosure restriction identified.
CVD-BURDEN-001,cvd_2024_01,monthly,2012_m02,2012-02-01,2012,2,,1,all_cvd,male,all,hospital_registered,monthly_count,25,25,count,25,,,final,bnr_sdc_v1,0,0,cvd_2023_12,,,,not_applicable,0,0,0,none,No disclosure restriction identified.,No disclosure restriction identified.
CVD-BURDEN-001,cvd_2024_01,monthly,2012_m02,2012-02-01,2012,2,,1,all_cvd,male,all,hospital_registered,monthly_same_month_previous_5yr_mean,,,count,,,2,insufficient_history,bnr_sdc_v1,0,0,cvd_2023_12,,,,not_applicable,0,0,0,none,No disclosure restriction identified.,No disclosure restriction identified.
CVD-BURDEN-001,cvd_2024_01,monthly,2012_m03,2012-03-01,2012,3,,1,all_cvd,all,all,hospital_registered,monthly_count,42,42,count,42,,,final,bnr_sdc_v1,0,0,cvd_2023_12,,,,not_applicable,0,0,0,none,No disclosure restriction identified.,No disclosure restriction identified.
CVD-BURDEN-001,cvd_2024_01,monthly,2012_m03,2012-03-01,2012,3,,1,all_cvd,all,all,hospital_registered,monthly_same_month_previous_5yr_mean,,,count,,,2,insufficient_history,bnr_sdc_v1,0,0,cvd_2023_12,,,,not_applicable,0,0,0,none,No disclosure restriction identified.,No disclosure restriction identified.
CVD-BURDEN-001,cvd_2024_01,monthly,2012_m03,2012-03-01,2012,3,,1,all_cvd,female,all,hospital_registered,monthly_count,19,19,count,19,,,final,bnr_sdc_v1,0,0,cvd_2023_12,,,,not_applicable,0,0,0,none,No disclosure restriction identified.,No disclosure restriction identified.
CVD-BURDEN-001,cvd_2024_01,monthly,2012_m03,2012-03-01,2012,3,,1,all_cvd,female,all,hospital_registered,monthly_same_month_previous_5yr_mean,,,count,,,2,insufficient_history,bnr_sdc_v1,0,0,cvd_2023_12,,,,not_applicable,0,0,0,none,No disclosure restriction identified.,No disclosure restriction identified.
CVD-BURDEN-001,cvd_2024_01,monthly,2012_m03,2012-03-01,2012,3,,1,all_cvd,male,all,hospital_registered,monthly_count,23,23,count,23,,,final,bnr_sdc_v1,0,0,cvd_2023_12,,,,not_applicable,0,0,0,none,No disclosure restriction identified.,No disclosure restriction identified.
CVD-BURDEN-001,cvd_2024_01,monthly,2012_m03,2012-03-01,2012,3,,1,all_cvd,male,all,hospital_registered,monthly_same_month_previous_5yr_mean,,,count,,,2,insufficient_history,bnr_sdc_v1,0,0,cvd_2023_12,,,,not_applicable,0,0,0,none,No disclosure restriction identified.,No disclosure restriction identified.
CVD-BURDEN-001,cvd_2024_01,monthly,2012_m04,2012-04-01,2012,4,,1,all_cvd,all,all,hospital_registered,monthly_count,53,53,count,53,,,final,bnr_sdc_v1,0,0,cvd_2023_12,,,,not_applicable,0,0,0,none,No disclosure restriction identified.,No disclosure restriction identified.
CVD-BURDEN-001,cvd_2024_01,monthly,2012_m04,2012-04-01,2012,4,,1,all_cvd,all,all,hospital_registered,monthly_same_month_previous_5yr_mean,,,count,,,2,insufficient_history,bnr_sdc_v1,0,0,cvd_2023_12,,,,not_applicable,0,0,0,none,No disclosure restriction identified.,No disclosure restriction identified.
CVD-BURDEN-001,cvd_2024_01,monthly,2012_m04,2012-04-01,2012,4,,1,all_cvd,female,all,hospital_registered,monthly_count,31,31,count,31,,,final,bnr_sdc_v1,0,0,cvd_2023_12,,,,not_applicable,0,0,0,none,No disclosure restriction identified.,No disclosure restriction identified.
CVD-BURDEN-001,cvd_2024_01,monthly,2012_m04,2012-04-01,2012,4,,1,all_cvd,female,all,hospital_registered,monthly_same_month_previous_5yr_mean,,,count,,,2,insufficient_history,bnr_sdc_v1,0,0,cvd_2023_12,,,,not_applicable,0,0,0,none,No disclosure restriction identified.,No disclosure restriction identified.
CVD-BURDEN-001,cvd_2024_01,monthly,2012_m04,2012-04-01,2012,4,,1,all_cvd,male,all,hospital_registered,monthly_count,22,22,count,22,,,final,bnr_sdc_v1,0,0,cvd_2023_12,,,,not_applicable,0,0,0,none,No disclosure restriction identified.,No disclosure restriction identified.
CVD-BURDEN-001,cvd_2024_01,monthly,2012_m04,2012-04-01,2012,4,,1,all_cvd,male,all,hospital_registered,monthly_same_month_previous_5yr_mean,,,count,,,2,insufficient_history,bnr_sdc_v1,0,0,cvd_2023_12,,,,not_applicable,0,0,0,none,No disclosure restriction identified.,No disclosure restriction identified.
CVD-BURDEN-001,cvd_2024_01,monthly,2012_m05,2012-05-01,2012,5,,1,all_cvd,all,all,hospital_registered,monthly_count,65,65,count,65,,,final,bnr_sdc_v1,0,0,cvd_2023_12,,,,not_applicable,0,0,0,none,No disclosure restriction identified.,No disclosure restriction identified.
CVD-BURDEN-001,cvd_2024_01,monthly,2012_m05,2012-05-01,2012,5,,1,all_cvd,all,all,hospital_registered,monthly_same_month_previous_5yr_mean,,,count,,,2,insufficient_history,bnr_sdc_v1,0,0,cvd_2023_12,,,,not_applicable,0,0,0,none,No disclosure restriction identified.,No disclosure restriction identified.
CVD-BURDEN-001,cvd_2024_01,monthly,2012_m05,2012-05-01,2012,5,,1,all_cvd,female,all,hospital_registered,monthly_count,35,35,count,35,,,final,bnr_sdc_v1,0,0,cvd_2023_12,,,,not_applicable,0,0,0,none,No disclosure restriction identified.,No disclosure restriction identified.
CVD-BURDEN-001,cvd_2024_01,monthly,2012_m05,2012-05-01,2012,5,,1,all_cvd,female,all,hospital_registered,monthly_same_month_previous_5yr_mean,,,count,,,2,insufficient_history,bnr_sdc_v1,0,0,cvd_2023_12,,,,not_applicable,0,0,0,none,No disclosure restriction identified.,No disclosure restriction identified.
CVD-BURDEN-001,cvd_2024_01,monthly,2012_m05,2012-05-01,2012,5,,1,all_cvd,male,all,hospital_registered,monthly_count,30,30,count,30,,,final,bnr_sdc_v1,0,0,cvd_2023_12,,,,not_applicable,0,0,0,none,No disclosure restriction identified.,No disclosure restriction identified.
CVD-BURDEN-001,cvd_2024_01,monthly,2012_m05,2012-05-01,2012,5,,1,all_cvd,male,all,hospital_registered,monthly_same_month_previous_5yr_mean,,,count,,,2,insufficient_history,bnr_sdc_v1,0,0,cvd_2023_12,,,,not_applicable,0,0,0,none,No disclosure restriction identified.,No disclosure restriction identified.
CVD-BURDEN-001,cvd_2024_01,monthly,2012_m06,2012-06-01,2012,6,,1,all_cvd,all,all,hospital_registered,monthly_count,59,59,count,59,,,final,bnr_sdc_v1,0,0,cvd_2023_12,,,,not_applicable,0,0,0,none,No disclosure restriction identified.,No disclosure restriction identified.
CVD-BURDEN-001,cvd_2024_01,monthly,2012_m06,2012-06-01,2012,6,,1,all_cvd,all,all,hospital_registered,monthly_same_month_previous_5yr_mean,,,count,,,2,insufficient_history,bnr_sdc_v1,0,0,cvd_2023_12,,,,not_applicable,0,0,0,none,No disclosure restriction identified.,No disclosure restriction identified.
CVD-BURDEN-001,cvd_2024_01,monthly,2012_m06,2012-06-01,2012,6,,1,all_cvd,female,all,hospital_registered,monthly_count,26,26,count,26,,,final,bnr_sdc_v1,0,0,cvd_2023_12,,,,not_applicable,0,0,0,none,No disclosure restriction identified.,No disclosure restriction identified.
CVD-BURDEN-001,cvd_2024_01,monthly,2012_m06,2012-06-01,2012,6,,1,all_cvd,female,all,hospital_registered,monthly_same_month_previous_5yr_mean,,,count,,,2,insufficient_history,bnr_sdc_v1,0,0,cvd_2023_12,,,,not_applicable,0,0,0,none,No disclosure restriction identified.,No disclosure restriction identified.
CVD-BURDEN-001,cvd_2024_01,monthly,2012_m06,2012-06-01,2012,6,,1,all_cvd,male,all,hospital_registered,monthly_count,33,33,count,33,,,final,bnr_sdc_v1,0,0,cvd_2023_12,,,,not_applicable,0,0,0,none,No disclosure restriction identified.,No disclosure restriction identified.
CVD-BURDEN-001,cvd_2024_01,monthly,2012_m06,2012-06-01,2012,6,,1,all_cvd,male,all,hospital_registered,monthly_same_month_previous_5yr_mean,,,count,,,2,insufficient_history,bnr_sdc_v1,0,0,cvd_2023_12,,,,not_applicable,0,0,0,none,No disclosure restriction identified.,No disclosure restriction identified.
CVD-BURDEN-001,cvd_2024_01,monthly,2012_m07,2012-07-01,2012,7,,1,all_cvd,all,all,hospital_registered,monthly_count,45,45,count,45,,,final,bnr_sdc_v1,0,0,cvd_2023_12,,,,not_applicable,0,0,0,none,No disclosure restriction identified.,No disclosure restriction identified.
CVD-BURDEN-001,cvd_2024_01,monthly,2012_m07,2012-07-01,2012,7,,1,all_cvd,all,all,hospital_registered,monthly_same_month_previous_5yr_mean,,,count,,,2,insufficient_history,bnr_sdc_v1,0,0,cvd_2023_12,,,,not_applicable,0,0,0,none,No disclosure restriction identified.,No disclosure restriction identified.
CVD-BURDEN-001,cvd_2024_01,monthly,2012_m07,2012-07-01,2012,7,,1,all_cvd,female,all,hospital_registered,monthly_count,20,20,count,20,,,final,bnr_sdc_v1,0,0,cvd_2023_12,,,,not_applicable,0,0,0,none,No disclosure restriction identified.,No disclosure restriction identified.
CVD-BURDEN-001,cvd_2024_01,monthly,2012_m07,2012-07-01,2012,7,,1,all_cvd,female,all,hospital_registered,monthly_same_month_previous_5yr_mean,,,count,,,2,insufficient_history,bnr_sdc_v1,0,0,cvd_2023_12,,,,not_applicable,0,0,0,none,No disclosure restriction identified.,No disclosure restriction identified.
CVD-BURDEN-001,cvd_2024_01,monthly,2012_m07,2012-07-01,2012,7,,1,all_cvd,male,all,hospital_registered,monthly_count,25,25,count,25,,,final,bnr_sdc_v1,0,0,cvd_2023_12,,,,not_applicable,0,0,0,none,No disclosure restriction identified.,No disclosure restriction identified.
CVD-BURDEN-001,cvd_2024_01,monthly,2012_m07,2012-07-01,2012,7,,1,all_cvd,male,all,hospital_registered,monthly_same_month_previous_5yr_mean,,,count,,,2,insufficient_history,bnr_sdc_v1,0,0,cvd_2023_12,,,,not_applicable,0,0,0,none,No disclosure restriction identified.,No disclosure restriction identified.
CVD-BURDEN-001,cvd_2024_01,monthly,2012_m08,2012-08-01,2012,8,,1,all_cvd,all,all,hospital_registered,monthly_count,60,60,count,60,,,final,bnr_sdc_v1,0,0,cvd_2023_12,,,,not_applicable,0,0,0,none,No disclosure restriction identified.,No disclosure restriction identified.
CVD-BURDEN-001,cvd_2024_01,monthly,2012_m08,2012-08-01,2012,8,,1,all_cvd,all,all,hospital_registered,monthly_same_month_previous_5yr_mean,,,count,,,2,insufficient_history,bnr_sdc_v1,0,0,cvd_2023_12,,,,not_applicable,0,0,0,none,No disclosure restriction identified.,No disclosure restriction identified.
CVD-BURDEN-001,cvd_2024_01,monthly,2012_m08,2012-08-01,2012,8,,1,all_cvd,female,all,hospital_registered,monthly_count,30,30,count,30,,,final,bnr_sdc_v1,0,0,cvd_2023_12,,,,not_applicable,0,0,0,none,No disclosure restriction identified.,No disclosure restriction identified.
CVD-BURDEN-001,cvd_2024_01,monthly,2012_m08,2012-08-01,2012,8,,1,all_cvd,female,all,hospital_registered,monthly_same_month_previous_5yr_mean,,,count,,,2,insufficient_history,bnr_sdc_v1,0,0,cvd_2023_12,,,,not_applicable,0,0,0,none,No disclosure restriction identified.,No disclosure restriction identified.
CVD-BURDEN-001,cvd_2024_01,monthly,2012_m08,2012-08-01,2012,8,,1,all_cvd,male,all,hospital_registered,monthly_count,30,30,count,30,,,final,bnr_sdc_v1,0,0,cvd_2023_12,,,,not_applicable,0,0,0,none,No disclosure restriction identified.,No disclosure restriction identified.
CVD-BURDEN-001,cvd_2024_01,monthly,2012_m08,2012-08-01,2012,8,,1,all_cvd,male,all,hospital_registered,monthly_same_month_previous_5yr_mean,,,count,,,2,insufficient_history,bnr_sdc_v1,0,0,cvd_2023_12,,,,not_applicable,0,0,0,none,No disclosure restriction identified.,No disclosure restriction identified.
CVD-BURDEN-001,cvd_2024_01,monthly,2012_m09,2012-09-01,2012,9,,1,all_cvd,all,all,hospital_registered,monthly_count,41,41,count,41,,,final,bnr_sdc_v1,0,0,cvd_2023_12,,,,not_applicable,0,0,0,none,No disclosure restriction identified.,No disclosure restriction identified.
CVD-BURDEN-001,cvd_2024_01,monthly,2012_m09,2012-09-01,2012,9,,1,all_cvd,all,all,hospital_registered,monthly_same_month_previous_5yr_mean,,,count,,,2,insufficient_history,bnr_sdc_v1,0,0,cvd_2023_12,,,,not_applicable,0,0,0,none,No disclosure restriction identified.,No disclosure restriction identified.
CVD-BURDEN-001,cvd_2024_01,monthly,2012_m09,2012-09-01,2012,9,,1,all_cvd,female,all,hospital_registered,monthly_count,23,23,count,23,,,final,bnr_sdc_v1,0,0,cvd_2023_12,,,,not_applicable,0,0,0,none,No disclosure restriction identified.,No disclosure restriction identified.
CVD-BURDEN-001,cvd_2024_01,monthly,2012_m09,2012-09-01,2012,9,,1,all_cvd,female,all,hospital_registered,monthly_same_month_previous_5yr_mean,,,count,,,2,insufficient_history,bnr_sdc_v1,0,0,cvd_2023_12,,,,not_applicable,0,0,0,none,No disclosure restriction identified.,No disclosure restriction identified.
CVD-BURDEN-001,cvd_2024_01,monthly,2012_m09,2012-09-01,2012,9,,1,all_cvd,male,all,hospital_registered,monthly_count,18,18,count,18,,,final,bnr_sdc_v1,0,0,cvd_2023_12,,,,not_applicable,0,0,0,none,No disclosure restriction identified.,No disclosure restriction identified.
CVD-BURDEN-001,cvd_2024_01,monthly,2012_m09,2012-09-01,2012,9,,1,all_cvd,male,all,hospital_registered,monthly_same_month_previous_5yr_mean,,,count,,,2,insufficient_history,bnr_sdc_v1,0,0,cvd_2023_12,,,,not_applicable,0,0,0,none,No disclosure restriction identified.,No disclosure restriction identified.
CVD-BURDEN-001,cvd_2024_01,monthly,2012_m10,2012-10-01,2012,10,,1,all_cvd,all,all,hospital_registered,monthly_count,40,40,count,40,,,final,bnr_sdc_v1,0,0,cvd_2023_12,,,,not_applicable,0,0,0,none,No disclosure restriction identified.,No disclosure restriction identified.
CVD-BURDEN-001,cvd_2024_01,monthly,2012_m10,2012-10-01,2012,10,,1,all_cvd,all,all,hospital_registered,monthly_same_month_previous_5yr_mean,,,count,,,2,insufficient_history,bnr_sdc_v1,0,0,cvd_2023_12,,,,not_applicable,0,0,0,none,No disclosure restriction identified.,No disclosure restriction identified.
CVD-BURDEN-001,cvd_2024_01,monthly,2012_m10,2012-10-01,2012,10,,1,all_cvd,female,all,hospital_registered,monthly_count,24,24,count,24,,,final,bnr_sdc_v1,0,0,cvd_2023_12,,,,not_applicable,0,0,0,none,No disclosure restriction identified.,No disclosure restriction identified.
CVD-BURDEN-001,cvd_2024_01,monthly,2012_m10,2012-10-01,2012,10,,1,all_cvd,female,all,hospital_registered,monthly_same_month_previous_5yr_mean,,,count,,,2,insufficient_history,bnr_sdc_v1,0,0,cvd_2023_12,,,,not_applicable,0,0,0,none,No disclosure restriction identified.,No disclosure restriction identified.
CVD-BURDEN-001,cvd_2024_01,monthly,2012_m10,2012-10-01,2012,10,,1,all_cvd,male,all,hospital_registered,monthly_count,16,16,count,16,,,final,bnr_sdc_v1,0,0,cvd_2023_12,,,,not_applicable,0,0,0,none,No disclosure restriction identified.,No disclosure restriction identified.
CVD-BURDEN-001,cvd_2024_01,monthly,2012_m10,2012-10-01,2012,10,,1,all_cvd,male,all,hospital_registered,monthly_same_month_previous_5yr_mean,,,count,,,2,insufficient_history,bnr_sdc_v1,0,0,cvd_2023_12,,,,not_applicable,0,0,0,none,No disclosure restriction identified.,No disclosure restriction identified.
CVD-BURDEN-001,cvd_2024_01,monthly,2012_m11,2012-11-01,2012,11,,1,all_cvd,all,all,hospital_registered,monthly_count,35,35,count,35,,,final,bnr_sdc_v1,0,0,cvd_2023_12,,,,not_applicable,0,0,0,none,No disclosure restriction identified.,No disclosure restriction identified.
CVD-BURDEN-001,cvd_2024_01,monthly,2012_m11,2012-11-01,2012,11,,1,all_cvd,all,all,hospital_registered,monthly_same_month_previous_5yr_mean,,,count,,,2,insufficient_history,bnr_sdc_v1,0,0,cvd_2023_12,,,,not_applicable,0,0,0,none,No disclosure restriction identified.,No disclosure restriction identified.
CVD-BURDEN-001,cvd_2024_01,monthly,2012_m11,2012-11-01,2012,11,,1,all_cvd,female,all,hospital_registered,monthly_count,20,20,count,20,,,final,bnr_sdc_v1,0,0,cvd_2023_12,,,,not_applicable,0,0,0,none,No disclosure restriction identified.,No disclosure restriction identified.
CVD-BURDEN-001,cvd_2024_01,monthly,2012_m11,2012-11-01,2012,11,,1,all_cvd,female,all,hospital_registered,monthly_same_month_previous_5yr_mean,,,count,,,2,insufficient_history,bnr_sdc_v1,0,0,cvd_2023_12,,,,not_applicable,0,0,0,none,No disclosure restriction identified.,No disclosure restriction identified.
CVD-BURDEN-001,cvd_2024_01,monthly,2012_m11,2012-11-01,2012,11,,1,all_cvd,male,all,hospital_registered,monthly_count,15,15,count,15,,,final,bnr_sdc_v1,0,0,cvd_2023_12,,,,not_applicable,0,0,0,none,No disclosure restriction identified.,No disclosure restriction identified.
CVD-BURDEN-001,cvd_2024_01,monthly,2012_m11,2012-11-01,2012,11,,1,all_cvd,male,all,hospital_registered,monthly_same_month_previous_5yr_mean,,,count,,,2,insufficient_history,bnr_sdc_v1,0,0,cvd_2023_12,,,,not_applicable,0,0,0,none,No disclosure restriction identified.,No disclosure restriction identified.
CVD-BURDEN-001,cvd_2024_01,monthly,2012_m12,2012-12-01,2012,12,,1,all_cvd,all,all,hospital_registered,monthly_count,51,51,count,51,,,final,bnr_sdc_v1,0,0,cvd_2023_12,,,,not_applicable,0,0,0,none,No disclosure restriction identified.,No disclosure restriction identified.
CVD-BURDEN-001,cvd_2024_01,monthly,2012_m12,2012-12-01,2012,12,,1,all_cvd,all,all,hospital_registered,monthly_same_month_previous_5yr_mean,,,count,,,2,insufficient_history,bnr_sdc_v1,0,0,cvd_2023_12,,,,not_applicable,0,0,0,none,No disclosure restriction identified.,No disclosure restriction identified.
CVD-BURDEN-001,cvd_2024_01,monthly,2012_m12,2012-12-01,2012,12,,1,all_cvd,female,all,hospital_registered,monthly_count,29,29,count,29,,,final,bnr_sdc_v1,0,0,cvd_2023_12,,,,not_applicable,0,0,0,none,No disclosure restriction identified.,No disclosure restriction identified.
CVD-BURDEN-001,cvd_2024_01,monthly,2012_m12,2012-12-01,2012,12,,1,all_cvd,female,all,hospital_registered,monthly_same_month_previous_5yr_mean,,,count,,,2,insufficient_history,bnr_sdc_v1,0,0,cvd_2023_12,,,,not_applicable,0,0,0,none,No disclosure restriction identified.,No disclosure restriction identified.
CVD-BURDEN-001,cvd_2024_01,monthly,2012_m12,2012-12-01,2012,12,,1,all_cvd,male,all,hospital_registered,monthly_count,22,22,count,22,,,final,bnr_sdc_v1,0,0,cvd_2023_12,,,,not_applicable,0,0,0,none,No disclosure restriction identified.,No disclosure restriction identified.
CVD-BURDEN-001,cvd_2024_01,monthly,2012_m12,2012-12-01,2012,12,,1,all_cvd,male,all,hospital_registered,monthly_same_month_previous_5yr_mean,,,count,,,2,insufficient_history,bnr_sdc_v1,0,0,cvd_2023_12,,,,not_applicable,0,0,0,none,No disclosure restriction identified.,No disclosure restriction identified.
CVD-BURDEN-001,cvd_2024_01,monthly,2013_m01,2013-01-01,2013,1,,1,all_cvd,all,all,hospital_registered,monthly_count,79,79,count,79,,,final,bnr_sdc_v1,0,0,cvd_2023_12,,,,not_applicable,0,0,0,none,No disclosure restriction identified.,No disclosure restriction identified.
CVD-BURDEN-001,cvd_2024_01,monthly,2013_m01,2013-01-01,2013,1,,1,all_cvd,all,all,hospital_registered,monthly_same_month_previous_5yr_mean,,,count,,,3,insufficient_history,bnr_sdc_v1,0,0,cvd_2023_12,,,,not_applicable,0,0,0,none,No disclosure restriction identified.,No disclosure restriction identified.
CVD-BURDEN-001,cvd_2024_01,monthly,2013_m01,2013-01-01,2013,1,,1,all_cvd,female,all,hospital_registered,monthly_count,44,44,count,44,,,final,bnr_sdc_v1,0,0,cvd_2023_12,,,,not_applicable,0,0,0,none,No disclosure restriction identified.,No disclosure restriction identified.
CVD-BURDEN-001,cvd_2024_01,monthly,2013_m01,2013-01-01,2013,1,,1,all_cvd,female,all,hospital_registered,monthly_same_month_previous_5yr_mean,,,count,,,3,insufficient_history,bnr_sdc_v1,0,0,cvd_2023_12,,,,not_applicable,0,0,0,none,No disclosure restriction identified.,No disclosure restriction identified.
CVD-BURDEN-001,cvd_2024_01,monthly,2013_m01,2013-01-01,2013,1,,1,all_cvd,male,all,hospital_registered,monthly_count,35,35,count,35,,,final,bnr_sdc_v1,0,0,cvd_2023_12,,,,not_applicable,0,0,0,none,No disclosure restriction identified.,No disclosure restriction identified.
CVD-BURDEN-001,cvd_2024_01,monthly,2013_m01,2013-01-01,2013,1,,1,all_cvd,male,all,hospital_registered,monthly_same_month_previous_5yr_mean,,,count,,,3,insufficient_history,bnr_sdc_v1,0,0,cvd_2023_12,,,,not_applicable,0,0,0,none,No disclosure restriction identified.,No disclosure restriction identified.
CVD-BURDEN-001,cvd_2024_01,monthly,2013_m02,2013-02-01,2013,2,,1,all_cvd,all,all,hospital_registered,monthly_count,62,62,count,62,,,final,bnr_sdc_v1,0,0,cvd_2023_12,,,,not_applicable,0,0,0,none,No disclosure restriction identified.,No disclosure restriction identified.
CVD-BURDEN-001,cvd_2024_01,monthly,2013_m02,2013-02-01,2013,2,,1,all_cvd,all,all,hospital_registered,monthly_same_month_previous_5yr_mean,,,count,,,3,insufficient_history,bnr_sdc_v1,0,0,cvd_2023_12,,,,not_applicable,0,0,0,none,No disclosure restriction identified.,No disclosure restriction identified.
CVD-BURDEN-001,cvd_2024_01,monthly,2013_m02,2013-02-01,2013,2,,1,all_cvd,female,all,hospital_registered,monthly_count,28,28,count,28,,,final,bnr_sdc_v1,0,0,cvd_2023_12,,,,not_applicable,0,0,0,none,No disclosure restriction identified.,No disclosure restriction identified.
CVD-BURDEN-001,cvd_2024_01,monthly,2013_m02,2013-02-01,2013,2,,1,all_cvd,female,all,hospital_registered,monthly_same_month_previous_5yr_mean,,,count,,,3,insufficient_history,bnr_sdc_v1,0,0,cvd_2023_12,,,,not_applicable,0,0,0,none,No disclosure restriction identified.,No disclosure restriction identified.
CVD-BURDEN-001,cvd_2024_01,monthly,2013_m02,2013-02-01,2013,2,,1,all_cvd,male,all,hospital_registered,monthly_count,34,34,count,34,,,final,bnr_sdc_v1,0,0,cvd_2023_12,,,,not_applicable,0,0,0,none,No disclosure restriction identified.,No disclosure restriction identified.
CVD-BURDEN-001,cvd_2024_01,monthly,2013_m02,2013-02-01,2013,2,,1,all_cvd,male,all,hospital_registered,monthly_same_month_previous_5yr_mean,,,count,,,3,insufficient_history,bnr_sdc_v1,0,0,cvd_2023_12,,,,not_applicable,0,0,0,none,No disclosure restriction identified.,No disclosure restriction identified.
CVD-BURDEN-001,cvd_2024_01,monthly,2013_m03,2013-03-01,2013,3,,1,all_cvd,all,all,hospital_registered,monthly_count,59,59,count,59,,,final,bnr_sdc_v1,0,0,cvd_2023_12,,,,not_applicable,0,0,0,none,No disclosure restriction identified.,No disclosure restriction identified.
CVD-BURDEN-001,cvd_2024_01,monthly,2013_m03,2013-03-01,2013,3,,1,all_cvd,all,all,hospital_registered,monthly_same_month_previous_5yr_mean,,,count,,,3,insufficient_history,bnr_sdc_v1,0,0,cvd_2023_12,,,,not_applicable,0,0,0,none,No disclosure restriction identified.,No disclosure restriction identified.
CVD-BURDEN-001,cvd_2024_01,monthly,2013_m03,2013-03-01,2013,3,,1,all_cvd,female,all,hospital_registered,monthly_count,30,30,count,30,,,final,bnr_sdc_v1,0,0,cvd_2023_12,,,,not_applicable,0,0,0,none,No disclosure restriction identified.,No disclosure restriction identified.
CVD-BURDEN-001,cvd_2024_01,monthly,2013_m03,2013-03-01,2013,3,,1,all_cvd,female,all,hospital_registered,monthly_same_month_previous_5yr_mean,,,count,,,3,insufficient_history,bnr_sdc_v1,0,0,cvd_2023_12,,,,not_applicable,0,0,0,none,No disclosure restriction identified.,No disclosure restriction identified.
CVD-BURDEN-001,cvd_2024_01,monthly,2013_m03,2013-03-01,2013,3,,1,all_cvd,male,all,hospital_registered,monthly_count,29,29,count,29,,,final,bnr_sdc_v1,0,0,cvd_2023_12,,,,not_applicable,0,0,0,none,No disclosure restriction identified.,No disclosure restriction identified.
CVD-BURDEN-001,cvd_2024_01,monthly,2013_m03,2013-03-01,2013,3,,1,all_cvd,male,all,hospital_registered,monthly_same_month_previous_5yr_mean,,,count,,,3,insufficient_history,bnr_sdc_v1,0,0,cvd_2023_12,,,,not_applicable,0,0,0,none,No disclosure restriction identified.,No disclosure restriction identified.
CVD-BURDEN-001,cvd_2024_01,monthly,2013_m04,2013-04-01,2013,4,,1,all_cvd,all,all,hospital_registered,monthly_count,42,42,count,42,,,final,bnr_sdc_v1,0,0,cvd_2023_12,,,,not_applicable,0,0,0,none,No disclosure restriction identified.,No disclosure restriction identified.
CVD-BURDEN-001,cvd_2024_01,monthly,2013_m04,2013-04-01,2013,4,,1,all_cvd,all,all,hospital_registered,monthly_same_month_previous_5yr_mean,,,count,,,3,insufficient_history,bnr_sdc_v1,0,0,cvd_2023_12,,,,not_applicable,0,0,0,none,No disclosure restriction identified.,No disclosure restriction identified.
CVD-BURDEN-001,cvd_2024_01,monthly,2013_m04,2013-04-01,2013,4,,1,all_cvd,female,all,hospital_registered,monthly_count,22,22,count,22,,,final,bnr_sdc_v1,0,0,cvd_2023_12,,,,not_applicable,0,0,0,none,No disclosure restriction identified.,No disclosure restriction identified.
CVD-BURDEN-001,cvd_2024_01,monthly,2013_m04,2013-04-01,2013,4,,1,all_cvd,female,all,hospital_registered,monthly_same_month_previous_5yr_mean,,,count,,,3,insufficient_history,bnr_sdc_v1,0,0,cvd_2023_12,,,,not_applicable,0,0,0,none,No disclosure restriction identified.,No disclosure restriction identified.
CVD-BURDEN-001,cvd_2024_01,monthly,2013_m04,2013-04-01,2013,4,,1,all_cvd,male,all,hospital_registered,monthly_count,20,20,count,20,,,final,bnr_sdc_v1,0,0,cvd_2023_12,,,,not_applicable,0,0,0,none,No disclosure restriction identified.,No disclosure restriction identified.
CVD-BURDEN-001,cvd_2024_01,monthly,2013_m04,2013-04-01,2013,4,,1,all_cvd,male,all,hospital_registered,monthly_same_month_previous_5yr_mean,,,count,,,3,insufficient_history,bnr_sdc_v1,0,0,cvd_2023_12,,,,not_applicable,0,0,0,none,No disclosure restriction identified.,No disclosure restriction identified.
CVD-BURDEN-001,cvd_2024_01,monthly,2013_m05,2013-05-01,2013,5,,1,all_cvd,all,all,hospital_registered,monthly_count,45,45,count,45,,,final,bnr_sdc_v1,0,0,cvd_2023_12,,,,not_applicable,0,0,0,none,No disclosure restriction identified.,No disclosure restriction identified.
CVD-BURDEN-001,cvd_2024_01,monthly,2013_m05,2013-05-01,2013,5,,1,all_cvd,all,all,hospital_registered,monthly_same_month_previous_5yr_mean,,,count,,,3,insufficient_history,bnr_sdc_v1,0,0,cvd_2023_12,,,,not_applicable,0,0,0,none,No disclosure restriction identified.,No disclosure restriction identified.
CVD-BURDEN-001,cvd_2024_01,monthly,2013_m05,2013-05-01,2013,5,,1,all_cvd,female,all,hospital_registered,monthly_count,20,20,count,20,,,final,bnr_sdc_v1,0,0,cvd_2023_12,,,,not_applicable,0,0,0,none,No disclosure restriction identified.,No disclosure restriction identified.
CVD-BURDEN-001,cvd_2024_01,monthly,2013_m05,2013-05-01,2013,5,,1,all_cvd,female,all,hospital_registered,monthly_same_month_previous_5yr_mean,,,count,,,3,insufficient_history,bnr_sdc_v1,0,0,cvd_2023_12,,,,not_applicable,0,0,0,none,No disclosure restriction identified.,No disclosure restriction identified.
CVD-BURDEN-001,cvd_2024_01,monthly,2013_m05,2013-05-01,2013,5,,1,all_cvd,male,all,hospital_registered,monthly_count,25,25,count,25,,,final,bnr_sdc_v1,0,0,cvd_2023_12,,,,not_applicable,0,0,0,none,No disclosure restriction identified.,No disclosure restriction identified.
CVD-BURDEN-001,cvd_2024_01,monthly,2013_m05,2013-05-01,2013,5,,1,all_cvd,male,all,hospital_registered,monthly_same_month_previous_5yr_mean,,,count,,,3,insufficient_history,bnr_sdc_v1,0,0,cvd_2023_12,,,,not_applicable,0,0,0,none,No disclosure restriction identified.,No disclosure restriction identified.
CVD-BURDEN-001,cvd_2024_01,monthly,2013_m06,2013-06-01,2013,6,,1,all_cvd,all,all,hospital_registered,monthly_count,65,65,count,65,,,final,bnr_sdc_v1,0,0,cvd_2023_12,,,,not_applicable,0,0,0,none,No disclosure restriction identified.,No disclosure restriction identified.
CVD-BURDEN-001,cvd_2024_01,monthly,2013_m06,2013-06-01,2013,6,,1,all_cvd,all,all,hospital_registered,monthly_same_month_previous_5yr_mean,,,count,,,3,insufficient_history,bnr_sdc_v1,0,0,cvd_2023_12,,,,not_applicable,0,0,0,none,No disclosure restriction identified.,No disclosure restriction identified.
CVD-BURDEN-001,cvd_2024_01,monthly,2013_m06,2013-06-01,2013,6,,1,all_cvd,female,all,hospital_registered,monthly_count,27,27,count,27,,,final,bnr_sdc_v1,0,0,cvd_2023_12,,,,not_applicable,0,0,0,none,No disclosure restriction identified.,No disclosure restriction identified.
CVD-BURDEN-001,cvd_2024_01,monthly,2013_m06,2013-06-01,2013,6,,1,all_cvd,female,all,hospital_registered,monthly_same_month_previous_5yr_mean,,,count,,,3,insufficient_history,bnr_sdc_v1,0,0,cvd_2023_12,,,,not_applicable,0,0,0,none,No disclosure restriction identified.,No disclosure restriction identified.
CVD-BURDEN-001,cvd_2024_01,monthly,2013_m06,2013-06-01,2013,6,,1,all_cvd,male,all,hospital_registered,monthly_count,38,38,count,38,,,final,bnr_sdc_v1,0,0,cvd_2023_12,,,,not_applicable,0,0,0,none,No disclosure restriction identified.,No disclosure restriction identified.
CVD-BURDEN-001,cvd_2024_01,monthly,2013_m06,2013-06-01,2013,6,,1,all_cvd,male,all,hospital_registered,monthly_same_month_previous_5yr_mean,,,count,,,3,insufficient_history,bnr_sdc_v1,0,0,cvd_2023_12,,,,not_applicable,0,0,0,none,No disclosure restriction identified.,No disclosure restriction identified.
CVD-BURDEN-001,cvd_2024_01,monthly,2013_m07,2013-07-01,2013,7,,1,all_cvd,all,all,hospital_registered,monthly_count,68,68,count,68,,,final,bnr_sdc_v1,0,0,cvd_2023_12,,,,not_applicable,0,0,0,none,No disclosure restriction identified.,No disclosure restriction identified.
CVD-BURDEN-001,cvd_2024_01,monthly,2013_m07,2013-07-01,2013,7,,1,all_cvd,all,all,hospital_registered,monthly_same_month_previous_5yr_mean,,,count,,,3,insufficient_history,bnr_sdc_v1,0,0,cvd_2023_12,,,,not_applicable,0,0,0,none,No disclosure restriction identified.,No disclosure restriction identified.
CVD-BURDEN-001,cvd_2024_01,monthly,2013_m07,2013-07-01,2013,7,,1,all_cvd,female,all,hospital_registered,monthly_count,34,34,count,34,,,final,bnr_sdc_v1,0,0,cvd_2023_12,,,,not_applicable,0,0,0,none,No disclosure restriction identified.,No disclosure restriction identified.
CVD-BURDEN-001,cvd_2024_01,monthly,2013_m07,2013-07-01,2013,7,,1,all_cvd,female,all,hospital_registered,monthly_same_month_previous_5yr_mean,,,count,,,3,insufficient_history,bnr_sdc_v1,0,0,cvd_2023_12,,,,not_applicable,0,0,0,none,No disclosure restriction identified.,No disclosure restriction identified.
CVD-BURDEN-001,cvd_2024_01,monthly,2013_m07,2013-07-01,2013,7,,1,all_cvd,male,all,hospital_registered,monthly_count,34,34,count,34,,,final,bnr_sdc_v1,0,0,cvd_2023_12,,,,not_applicable,0,0,0,none,No disclosure restriction identified.,No disclosure restriction identified.
CVD-BURDEN-001,cvd_2024_01,monthly,2013_m07,2013-07-01,2013,7,,1,all_cvd,male,all,hospital_registered,monthly_same_month_previous_5yr_mean,,,count,,,3,insufficient_history,bnr_sdc_v1,0,0,cvd_2023_12,,,,not_applicable,0,0,0,none,No disclosure restriction identified.,No disclosure restriction identified.
CVD-BURDEN-001,cvd_2024_01,monthly,2013_m08,2013-08-01,2013,8,,1,all_cvd,all,all,hospital_registered,monthly_count,52,52,count,52,,,final,bnr_sdc_v1,0,0,cvd_2023_12,,,,not_applicable,0,0,0,none,No disclosure restriction identified.,No disclosure restriction identified.
CVD-BURDEN-001,cvd_2024_01,monthly,2013_m08,2013-08-01,2013,8,,1,all_cvd,all,all,hospital_registered,monthly_same_month_previous_5yr_mean,,,count,,,3,insufficient_history,bnr_sdc_v1,0,0,cvd_2023_12,,,,not_applicable,0,0,0,none,No disclosure restriction identified.,No disclosure restriction identified.
CVD-BURDEN-001,cvd_2024_01,monthly,2013_m08,2013-08-01,2013,8,,1,all_cvd,female,all,hospital_registered,monthly_count,31,31,count,31,,,final,bnr_sdc_v1,0,0,cvd_2023_12,,,,not_applicable,0,0,0,none,No disclosure restriction identified.,No disclosure restriction identified.
CVD-BURDEN-001,cvd_2024_01,monthly,2013_m08,2013-08-01,2013,8,,1,all_cvd,female,all,hospital_registered,monthly_same_month_previous_5yr_mean,,,count,,,3,insufficient_history,bnr_sdc_v1,0,0,cvd_2023_12,,,,not_applicable,0,0,0,none,No disclosure restriction identified.,No disclosure restriction identified.
CVD-BURDEN-001,cvd_2024_01,monthly,2013_m08,2013-08-01,2013,8,,1,all_cvd,male,all,hospital_registered,monthly_count,21,21,count,21,,,final,bnr_sdc_v1,0,0,cvd_2023_12,,,,not_applicable,0,0,0,none,No disclosure restriction identified.,No disclosure restriction identified.
CVD-BURDEN-001,cvd_2024_01,monthly,2013_m08,2013-08-01,2013,8,,1,all_cvd,male,all,hospital_registered,monthly_same_month_previous_5yr_mean,,,count,,,3,insufficient_history,bnr_sdc_v1,0,0,cvd_2023_12,,,,not_applicable,0,0,0,none,No disclosure restriction identified.,No disclosure restriction identified.
CVD-BURDEN-001,cvd_2024_01,monthly,2013_m09,2013-09-01,2013,9,,1,all_cvd,all,all,hospital_registered,monthly_count,50,50,count,50,,,final,bnr_sdc_v1,0,0,cvd_2023_12,,,,not_applicable,0,0,0,none,No disclosure restriction identified.,No disclosure restriction identified.
CVD-BURDEN-001,cvd_2024_01,monthly,2013_m09,2013-09-01,2013,9,,1,all_cvd,all,all,hospital_registered,monthly_same_month_previous_5yr_mean,,,count,,,3,insufficient_history,bnr_sdc_v1,0,0,cvd_2023_12,,,,not_applicable,0,0,0,none,No disclosure restriction identified.,No disclosure restriction identified.
CVD-BURDEN-001,cvd_2024_01,monthly,2013_m09,2013-09-01,2013,9,,1,all_cvd,female,all,hospital_registered,monthly_count,28,28,count,28,,,final,bnr_sdc_v1,0,0,cvd_2023_12,,,,not_applicable,0,0,0,none,No disclosure restriction identified.,No disclosure restriction identified.
CVD-BURDEN-001,cvd_2024_01,monthly,2013_m09,2013-09-01,2013,9,,1,all_cvd,female,all,hospital_registered,monthly_same_month_previous_5yr_mean,,,count,,,3,insufficient_history,bnr_sdc_v1,0,0,cvd_2023_12,,,,not_applicable,0,0,0,none,No disclosure restriction identified.,No disclosure restriction identified.
CVD-BURDEN-001,cvd_2024_01,monthly,2013_m09,2013-09-01,2013,9,,1,all_cvd,male,all,hospital_registered,monthly_count,22,22,count,22,,,final,bnr_sdc_v1,0,0,cvd_2023_12,,,,not_applicable,0,0,0,none,No disclosure restriction identified.,No disclosure restriction identified.
CVD-BURDEN-001,cvd_2024_01,monthly,2013_m09,2013-09-01,2013,9,,1,all_cvd,male,all,hospital_registered,monthly_same_month_previous_5yr_mean,,,count,,,3,insufficient_history,bnr_sdc_v1,0,0,cvd_2023_12,,,,not_applicable,0,0,0,none,No disclosure restriction identified.,No disclosure restriction identified.
CVD-BURDEN-001,cvd_2024_01,monthly,2013_m10,2013-10-01,2013,10,,1,all_cvd,all,all,hospital_registered,monthly_count,61,61,count,61,,,final,bnr_sdc_v1,0,0,cvd_2023_12,,,,not_applicable,0,0,0,none,No disclosure restriction identified.,No disclosure restriction identified.
CVD-BURDEN-001,cvd_2024_01,monthly,2013_m10,2013-10-01,2013,10,,1,all_cvd,all,all,hospital_registered,monthly_same_month_previous_5yr_mean,,,count,,,3,insufficient_history,bnr_sdc_v1,0,0,cvd_2023_12,,,,not_applicable,0,0,0,none,No disclosure restriction identified.,No disclosure restriction identified.
CVD-BURDEN-001,cvd_2024_01,monthly,2013_m10,2013-10-01,2013,10,,1,all_cvd,female,all,hospital_registered,monthly_count,32,32,count,32,,,final,bnr_sdc_v1,0,0,cvd_2023_12,,,,not_applicable,0,0,0,none,No disclosure restriction identified.,No disclosure restriction identified.
CVD-BURDEN-001,cvd_2024_01,monthly,2013_m10,2013-10-01,2013,10,,1,all_cvd,female,all,hospital_registered,monthly_same_month_previous_5yr_mean,,,count,,,3,insufficient_history,bnr_sdc_v1,0,0,cvd_2023_12,,,,not_applicable,0,0,0,none,No disclosure restriction identified.,No disclosure restriction identified.
CVD-BURDEN-001,cvd_2024_01,monthly,2013_m10,2013-10-01,2013,10,,1,all_cvd,male,all,hospital_registered,monthly_count,29,29,count,29,,,final,bnr_sdc_v1,0,0,cvd_2023_12,,,,not_applicable,0,0,0,none,No disclosure restriction identified.,No disclosure restriction identified.
CVD-BURDEN-001,cvd_2024_01,monthly,2013_m10,2013-10-01,2013,10,,1,all_cvd,male,all,hospital_registered,monthly_same_month_previous_5yr_mean,,,count,,,3,insufficient_history,bnr_sdc_v1,0,0,cvd_2023_12,,,,not_applicable,0,0,0,none,No disclosure restriction identified.,No disclosure restriction identified.
CVD-BURDEN-001,cvd_2024_01,monthly,2013_m11,2013-11-01,2013,11,,1,all_cvd,all,all,hospital_registered,monthly_count,55,55,count,55,,,final,bnr_sdc_v1,0,0,cvd_2023_12,,,,not_applicable,0,0,0,none,No disclosure restriction identified.,No disclosure restriction identified.
CVD-BURDEN-001,cvd_2024_01,monthly,2013_m11,2013-11-01,2013,11,,1,all_cvd,all,all,hospital_registered,monthly_same_month_previous_5yr_mean,,,count,,,3,insufficient_history,bnr_sdc_v1,0,0,cvd_2023_12,,,,not_applicable,0,0,0,none,No disclosure restriction identified.,No disclosure restriction identified.
CVD-BURDEN-001,cvd_2024_01,monthly,2013_m11,2013-11-01,2013,11,,1,all_cvd,female,all,hospital_registered,monthly_count,25,25,count,25,,,final,bnr_sdc_v1,0,0,cvd_2023_12,,,,not_applicable,0,0,0,none,No disclosure restriction identified.,No disclosure restriction identified.
CVD-BURDEN-001,cvd_2024_01,monthly,2013_m11,2013-11-01,2013,11,,1,all_cvd,female,all,hospital_registered,monthly_same_month_previous_5yr_mean,,,count,,,3,insufficient_history,bnr_sdc_v1,0,0,cvd_2023_12,,,,not_applicable,0,0,0,none,No disclosure restriction identified.,No disclosure restriction identified.
CVD-BURDEN-001,cvd_2024_01,monthly,2013_m11,2013-11-01,2013,11,,1,all_cvd,male,all,hospital_registered,monthly_count,30,30,count,30,,,final,bnr_sdc_v1,0,0,cvd_2023_12,,,,not_applicable,0,0,0,none,No disclosure restriction identified.,No disclosure restriction identified.
CVD-BURDEN-001,cvd_2024_01,monthly,2013_m11,2013-11-01,2013,11,,1,all_cvd,male,all,hospital_registered,monthly_same_month_previous_5yr_mean,,,count,,,3,insufficient_history,bnr_sdc_v1,0,0,cvd_2023_12,,,,not_applicable,0,0,0,none,No disclosure restriction identified.,No disclosure restriction identified.
CVD-BURDEN-001,cvd_2024_01,monthly,2013_m12,2013-12-01,2013,12,,1,all_cvd,all,all,hospital_registered,monthly_count,59,59,count,59,,,final,bnr_sdc_v1,0,0,cvd_2023_12,,,,not_applicable,0,0,0,none,No disclosure restriction identified.,No disclosure restriction identified.
CVD-BURDEN-001,cvd_2024_01,monthly,2013_m12,2013-12-01,2013,12,,1,all_cvd,all,all,hospital_registered,monthly_same_month_previous_5yr_mean,,,count,,,3,insufficient_history,bnr_sdc_v1,0,0,cvd_2023_12,,,,not_applicable,0,0,0,none,No disclosure restriction identified.,No disclosure restriction identified.
CVD-BURDEN-001,cvd_2024_01,monthly,2013_m12,2013-12-01,2013,12,,1,all_cvd,female,all,hospital_registered,monthly_count,21,21,count,21,,,final,bnr_sdc_v1,0,0,cvd_2023_12,,,,not_applicable,0,0,0,none,No disclosure restriction identified.,No disclosure restriction identified.
CVD-BURDEN-001,cvd_2024_01,monthly,2013_m12,2013-12-01,2013,12,,1,all_cvd,female,all,hospital_registered,monthly_same_month_previous_5yr_mean,,,count,,,3,insufficient_history,bnr_sdc_v1,0,0,cvd_2023_12,,,,not_applicable,0,0,0,none,No disclosure restriction identified.,No disclosure restriction identified.
CVD-BURDEN-001,cvd_2024_01,monthly,2013_m12,2013-12-01,2013,12,,1,all_cvd,male,all,hospital_registered,monthly_count,38,38,count,38,,,final,bnr_sdc_v1,0,0,cvd_2023_12,,,,not_applicable,0,0,0,none,No disclosure restriction identified.,No disclosure restriction identified.
CVD-BURDEN-001,cvd_2024_01,monthly,2013_m12,2013-12-01,2013,12,,1,all_cvd,male,all,hospital_registered,monthly_same_month_previous_5yr_mean,,,count,,,3,insufficient_history,bnr_sdc_v1,0,0,cvd_2023_12,,,,not_applicable,0,0,0,none,No disclosure restriction identified.,No disclosure restriction identified.
CVD-BURDEN-001,cvd_2024_01,monthly,2014_m01,2014-01-01,2014,1,,1,all_cvd,all,all,hospital_registered,monthly_count,65,65,count,65,,,final,bnr_sdc_v1,0,0,cvd_2023_12,,,,not_applicable,0,0,0,none,No disclosure restriction identified.,No disclosure restriction identified.
CVD-BURDEN-001,cvd_2024_01,monthly,2014_m01,2014-01-01,2014,1,,1,all_cvd,all,all,hospital_registered,monthly_same_month_previous_5yr_mean,,,count,,,4,insufficient_history,bnr_sdc_v1,0,0,cvd_2023_12,,,,not_applicable,0,0,0,none,No disclosure restriction identified.,No disclosure restriction identified.
CVD-BURDEN-001,cvd_2024_01,monthly,2014_m01,2014-01-01,2014,1,,1,all_cvd,female,all,hospital_registered,monthly_count,32,32,count,32,,,final,bnr_sdc_v1,0,0,cvd_2023_12,,,,not_applicable,0,0,0,none,No disclosure restriction identified.,No disclosure restriction identified.
CVD-BURDEN-001,cvd_2024_01,monthly,2014_m01,2014-01-01,2014,1,,1,all_cvd,female,all,hospital_registered,monthly_same_month_previous_5yr_mean,,,count,,,4,insufficient_history,bnr_sdc_v1,0,0,cvd_2023_12,,,,not_applicable,0,0,0,none,No disclosure restriction identified.,No disclosure restriction identified.
CVD-BURDEN-001,cvd_2024_01,monthly,2014_m01,2014-01-01,2014,1,,1,all_cvd,male,all,hospital_registered,monthly_count,33,33,count,33,,,final,bnr_sdc_v1,0,0,cvd_2023_12,,,,not_applicable,0,0,0,none,No disclosure restriction identified.,No disclosure restriction identified.
CVD-BURDEN-001,cvd_2024_01,monthly,2014_m01,2014-01-01,2014,1,,1,all_cvd,male,all,hospital_registered,monthly_same_month_previous_5yr_mean,,,count,,,4,insufficient_history,bnr_sdc_v1,0,0,cvd_2023_12,,,,not_applicable,0,0,0,none,No disclosure restriction identified.,No disclosure restriction identified.
CVD-BURDEN-001,cvd_2024_01,monthly,2014_m02,2014-02-01,2014,2,,1,all_cvd,all,all,hospital_registered,monthly_count,50,50,count,50,,,final,bnr_sdc_v1,0,0,cvd_2023_12,,,,not_applicable,0,0,0,none,No disclosure restriction identified.,No disclosure restriction identified.
CVD-BURDEN-001,cvd_2024_01,monthly,2014_m02,2014-02-01,2014,2,,1,all_cvd,all,all,hospital_registered,monthly_same_month_previous_5yr_mean,,,count,,,4,insufficient_history,bnr_sdc_v1,0,0,cvd_2023_12,,,,not_applicable,0,0,0,none,No disclosure restriction identified.,No disclosure restriction identified.
CVD-BURDEN-001,cvd_2024_01,monthly,2014_m02,2014-02-01,2014,2,,1,all_cvd,female,all,hospital_registered,monthly_count,26,26,count,26,,,final,bnr_sdc_v1,0,0,cvd_2023_12,,,,not_applicable,0,0,0,none,No disclosure restriction identified.,No disclosure restriction identified.
CVD-BURDEN-001,cvd_2024_01,monthly,2014_m02,2014-02-01,2014,2,,1,all_cvd,female,all,hospital_registered,monthly_same_month_previous_5yr_mean,,,count,,,4,insufficient_history,bnr_sdc_v1,0,0,cvd_2023_12,,,,not_applicable,0,0,0,none,No disclosure restriction identified.,No disclosure restriction identified.
CVD-BURDEN-001,cvd_2024_01,monthly,2014_m02,2014-02-01,2014,2,,1,all_cvd,male,all,hospital_registered,monthly_count,24,24,count,24,,,final,bnr_sdc_v1,0,0,cvd_2023_12,,,,not_applicable,0,0,0,none,No disclosure restriction identified.,No disclosure restriction identified.
CVD-BURDEN-001,cvd_2024_01,monthly,2014_m02,2014-02-01,2014,2,,1,all_cvd,male,all,hospital_registered,monthly_same_month_previous_5yr_mean,,,count,,,4,insufficient_history,bnr_sdc_v1,0,0,cvd_2023_12,,,,not_applicable,0,0,0,none,No disclosure restriction identified.,No disclosure restriction identified.
CVD-BURDEN-001,cvd_2024_01,monthly,2014_m03,2014-03-01,2014,3,,1,all_cvd,all,all,hospital_registered,monthly_count,72,72,count,72,,,final,bnr_sdc_v1,0,0,cvd_2023_12,,,,not_applicable,0,0,0,none,No disclosure restriction identified.,No disclosure restriction identified.
CVD-BURDEN-001,cvd_2024_01,monthly,2014_m03,2014-03-01,2014,3,,1,all_cvd,all,all,hospital_registered,monthly_same_month_previous_5yr_mean,,,count,,,4,insufficient_history,bnr_sdc_v1,0,0,cvd_2023_12,,,,not_applicable,0,0,0,none,No disclosure restriction identified.,No disclosure restriction identified.
CVD-BURDEN-001,cvd_2024_01,monthly,2014_m03,2014-03-01,2014,3,,1,all_cvd,female,all,hospital_registered,monthly_count,34,34,count,34,,,final,bnr_sdc_v1,0,0,cvd_2023_12,,,,not_applicable,0,0,0,none,No disclosure restriction identified.,No disclosure restriction identified.
CVD-BURDEN-001,cvd_2024_01,monthly,2014_m03,2014-03-01,2014,3,,1,all_cvd,female,all,hospital_registered,monthly_same_month_previous_5yr_mean,,,count,,,4,insufficient_history,bnr_sdc_v1,0,0,cvd_2023_12,,,,not_applicable,0,0,0,none,No disclosure restriction identified.,No disclosure restriction identified.
CVD-BURDEN-001,cvd_2024_01,monthly,2014_m03,2014-03-01,2014,3,,1,all_cvd,male,all,hospital_registered,monthly_count,38,38,count,38,,,final,bnr_sdc_v1,0,0,cvd_2023_12,,,,not_applicable,0,0,0,none,No disclosure restriction identified.,No disclosure restriction identified.
CVD-BURDEN-001,cvd_2024_01,monthly,2014_m03,2014-03-01,2014,3,,1,all_cvd,male,all,hospital_registered,monthly_same_month_previous_5yr_mean,,,count,,,4,insufficient_history,bnr_sdc_v1,0,0,cvd_2023_12,,,,not_applicable,0,0,0,none,No disclosure restriction identified.,No disclosure restriction identified.
CVD-BURDEN-001,cvd_2024_01,monthly,2014_m04,2014-04-01,2014,4,,1,all_cvd,all,all,hospital_registered,monthly_count,67,67,count,67,,,final,bnr_sdc_v1,0,0,cvd_2023_12,,,,not_applicable,0,0,0,none,No disclosure restriction identified.,No disclosure restriction identified.
CVD-BURDEN-001,cvd_2024_01,monthly,2014_m04,2014-04-01,2014,4,,1,all_cvd,all,all,hospital_registered,monthly_same_month_previous_5yr_mean,,,count,,,4,insufficient_history,bnr_sdc_v1,0,0,cvd_2023_12,,,,not_applicable,0,0,0,none,No disclosure restriction identified.,No disclosure restriction identified.
CVD-BURDEN-001,cvd_2024_01,monthly,2014_m04,2014-04-01,2014,4,,1,all_cvd,female,all,hospital_registered,monthly_count,36,36,count,36,,,final,bnr_sdc_v1,0,0,cvd_2023_12,,,,not_applicable,0,0,0,none,No disclosure restriction identified.,No disclosure restriction identified.
CVD-BURDEN-001,cvd_2024_01,monthly,2014_m04,2014-04-01,2014,4,,1,all_cvd,female,all,hospital_registered,monthly_same_month_previous_5yr_mean,,,count,,,4,insufficient_history,bnr_sdc_v1,0,0,cvd_2023_12,,,,not_applicable,0,0,0,none,No disclosure restriction identified.,No disclosure restriction identified.
CVD-BURDEN-001,cvd_2024_01,monthly,2014_m04,2014-04-01,2014,4,,1,all_cvd,male,all,hospital_registered,monthly_count,31,31,count,31,,,final,bnr_sdc_v1,0,0,cvd_2023_12,,,,not_applicable,0,0,0,none,No disclosure restriction identified.,No disclosure restriction identified.
CVD-BURDEN-001,cvd_2024_01,monthly,2014_m04,2014-04-01,2014,4,,1,all_cvd,male,all,hospital_registered,monthly_same_month_previous_5yr_mean,,,count,,,4,insufficient_history,bnr_sdc_v1,0,0,cvd_2023_12,,,,not_applicable,0,0,0,none,No disclosure restriction identified.,No disclosure restriction identified.
CVD-BURDEN-001,cvd_2024_01,monthly,2014_m05,2014-05-01,2014,5,,1,all_cvd,all,all,hospital_registered,monthly_count,46,46,count,46,,,final,bnr_sdc_v1,0,0,cvd_2023_12,,,,not_applicable,0,0,0,none,No disclosure restriction identified.,No disclosure restriction identified.
CVD-BURDEN-001,cvd_2024_01,monthly,2014_m05,2014-05-01,2014,5,,1,all_cvd,all,all,hospital_registered,monthly_same_month_previous_5yr_mean,,,count,,,4,insufficient_history,bnr_sdc_v1,0,0,cvd_2023_12,,,,not_applicable,0,0,0,none,No disclosure restriction identified.,No disclosure restriction identified.
CVD-BURDEN-001,cvd_2024_01,monthly,2014_m05,2014-05-01,2014,5,,1,all_cvd,female,all,hospital_registered,monthly_count,25,25,count,25,,,final,bnr_sdc_v1,0,0,cvd_2023_12,,,,not_applicable,0,0,0,none,No disclosure restriction identified.,No disclosure restriction identified.
CVD-BURDEN-001,cvd_2024_01,monthly,2014_m05,2014-05-01,2014,5,,1,all_cvd,female,all,hospital_registered,monthly_same_month_previous_5yr_mean,,,count,,,4,insufficient_history,bnr_sdc_v1,0,0,cvd_2023_12,,,,not_applicable,0,0,0,none,No disclosure restriction identified.,No disclosure restriction identified.
CVD-BURDEN-001,cvd_2024_01,monthly,2014_m05,2014-05-01,2014,5,,1,all_cvd,male,all,hospital_registered,monthly_count,21,21,count,21,,,final,bnr_sdc_v1,0,0,cvd_2023_12,,,,not_applicable,0,0,0,none,No disclosure restriction identified.,No disclosure restriction identified.
CVD-BURDEN-001,cvd_2024_01,monthly,2014_m05,2014-05-01,2014,5,,1,all_cvd,male,all,hospital_registered,monthly_same_month_previous_5yr_mean,,,count,,,4,insufficient_history,bnr_sdc_v1,0,0,cvd_2023_12,,,,not_applicable,0,0,0,none,No disclosure restriction identified.,No disclosure restriction identified.
CVD-BURDEN-001,cvd_2024_01,monthly,2014_m06,2014-06-01,2014,6,,1,all_cvd,all,all,hospital_registered,monthly_count,49,49,count,49,,,final,bnr_sdc_v1,0,0,cvd_2023_12,,,,not_applicable,0,0,0,none,No disclosure restriction identified.,No disclosure restriction identified.
CVD-BURDEN-001,cvd_2024_01,monthly,2014_m06,2014-06-01,2014,6,,1,all_cvd,all,all,hospital_registered,monthly_same_month_previous_5yr_mean,,,count,,,4,insufficient_history,bnr_sdc_v1,0,0,cvd_2023_12,,,,not_applicable,0,0,0,none,No disclosure restriction identified.,No disclosure restriction identified.
CVD-BURDEN-001,cvd_2024_01,monthly,2014_m06,2014-06-01,2014,6,,1,all_cvd,female,all,hospital_registered,monthly_count,25,25,count,25,,,final,bnr_sdc_v1,0,0,cvd_2023_12,,,,not_applicable,0,0,0,none,No disclosure restriction identified.,No disclosure restriction identified.
CVD-BURDEN-001,cvd_2024_01,monthly,2014_m06,2014-06-01,2014,6,,1,all_cvd,female,all,hospital_registered,monthly_same_month_previous_5yr_mean,,,count,,,4,insufficient_history,bnr_sdc_v1,0,0,cvd_2023_12,,,,not_applicable,0,0,0,none,No disclosure restriction identified.,No disclosure restriction identified.
CVD-BURDEN-001,cvd_2024_01,monthly,2014_m06,2014-06-01,2014,6,,1,all_cvd,male,all,hospital_registered,monthly_count,24,24,count,24,,,final,bnr_sdc_v1,0,0,cvd_2023_12,,,,not_applicable,0,0,0,none,No disclosure restriction identified.,No disclosure restriction identified.
CVD-BURDEN-001,cvd_2024_01,monthly,2014_m06,2014-06-01,2014,6,,1,all_cvd,male,all,hospital_registered,monthly_same_month_previous_5yr_mean,,,count,,,4,insufficient_history,bnr_sdc_v1,0,0,cvd_2023_12,,,,not_applicable,0,0,0,none,No disclosure restriction identified.,No disclosure restriction identified.
CVD-BURDEN-001,cvd_2024_01,monthly,2014_m07,2014-07-01,2014,7,,1,all_cvd,all,all,hospital_registered,monthly_count,56,56,count,56,,,final,bnr_sdc_v1,0,0,cvd_2023_12,,,,not_applicable,0,0,0,none,No disclosure restriction identified.,No disclosure restriction identified.
CVD-BURDEN-001,cvd_2024_01,monthly,2014_m07,2014-07-01,2014,7,,1,all_cvd,all,all,hospital_registered,monthly_same_month_previous_5yr_mean,,,count,,,4,insufficient_history,bnr_sdc_v1,0,0,cvd_2023_12,,,,not_applicable,0,0,0,none,No disclosure restriction identified.,No disclosure restriction identified.
CVD-BURDEN-001,cvd_2024_01,monthly,2014_m07,2014-07-01,2014,7,,1,all_cvd,female,all,hospital_registered,monthly_count,25,25,count,25,,,final,bnr_sdc_v1,0,0,cvd_2023_12,,,,not_applicable,0,0,0,none,No disclosure restriction identified.,No disclosure restriction identified.
CVD-BURDEN-001,cvd_2024_01,monthly,2014_m07,2014-07-01,2014,7,,1,all_cvd,female,all,hospital_registered,monthly_same_month_previous_5yr_mean,,,count,,,4,insufficient_history,bnr_sdc_v1,0,0,cvd_2023_12,,,,not_applicable,0,0,0,none,No disclosure restriction identified.,No disclosure restriction identified.
CVD-BURDEN-001,cvd_2024_01,monthly,2014_m07,2014-07-01,2014,7,,1,all_cvd,male,all,hospital_registered,monthly_count,31,31,count,31,,,final,bnr_sdc_v1,0,0,cvd_2023_12,,,,not_applicable,0,0,0,none,No disclosure restriction identified.,No disclosure restriction identified.
CVD-BURDEN-001,cvd_2024_01,monthly,2014_m07,2014-07-01,2014,7,,1,all_cvd,male,all,hospital_registered,monthly_same_month_previous_5yr_mean,,,count,,,4,insufficient_history,bnr_sdc_v1,0,0,cvd_2023_12,,,,not_applicable,0,0,0,none,No disclosure restriction identified.,No disclosure restriction identified.
CVD-BURDEN-001,cvd_2024_01,monthly,2014_m08,2014-08-01,2014,8,,1,all_cvd,all,all,hospital_registered,monthly_count,64,64,count,64,,,final,bnr_sdc_v1,0,0,cvd_2023_12,,,,not_applicable,0,0,0,none,No disclosure restriction identified.,No disclosure restriction identified.
CVD-BURDEN-001,cvd_2024_01,monthly,2014_m08,2014-08-01,2014,8,,1,all_cvd,all,all,hospital_registered,monthly_same_month_previous_5yr_mean,,,count,,,4,insufficient_history,bnr_sdc_v1,0,0,cvd_2023_12,,,,not_applicable,0,0,0,none,No disclosure restriction identified.,No disclosure restriction identified.
CVD-BURDEN-001,cvd_2024_01,monthly,2014_m08,2014-08-01,2014,8,,1,all_cvd,female,all,hospital_registered,monthly_count,30,30,count,30,,,final,bnr_sdc_v1,0,0,cvd_2023_12,,,,not_applicable,0,0,0,none,No disclosure restriction identified.,No disclosure restriction identified.
CVD-BURDEN-001,cvd_2024_01,monthly,2014_m08,2014-08-01,2014,8,,1,all_cvd,female,all,hospital_registered,monthly_same_month_previous_5yr_mean,,,count,,,4,insufficient_history,bnr_sdc_v1,0,0,cvd_2023_12,,,,not_applicable,0,0,0,none,No disclosure restriction identified.,No disclosure restriction identified.
CVD-BURDEN-001,cvd_2024_01,monthly,2014_m08,2014-08-01,2014,8,,1,all_cvd,male,all,hospital_registered,monthly_count,34,34,count,34,,,final,bnr_sdc_v1,0,0,cvd_2023_12,,,,not_applicable,0,0,0,none,No disclosure restriction identified.,No disclosure restriction identified.
CVD-BURDEN-001,cvd_2024_01,monthly,2014_m08,2014-08-01,2014,8,,1,all_cvd,male,all,hospital_registered,monthly_same_month_previous_5yr_mean,,,count,,,4,insufficient_history,bnr_sdc_v1,0,0,cvd_2023_12,,,,not_applicable,0,0,0,none,No disclosure restriction identified.,No disclosure restriction identified.
CVD-BURDEN-001,cvd_2024_01,monthly,2014_m09,2014-09-01,2014,9,,1,all_cvd,all,all,hospital_registered,monthly_count,61,61,count,61,,,final,bnr_sdc_v1,0,0,cvd_2023_12,,,,not_applicable,0,0,0,none,No disclosure restriction identified.,No disclosure restriction identified.
CVD-BURDEN-001,cvd_2024_01,monthly,2014_m09,2014-09-01,2014,9,,1,all_cvd,all,all,hospital_registered,monthly_same_month_previous_5yr_mean,,,count,,,4,insufficient_history,bnr_sdc_v1,0,0,cvd_2023_12,,,,not_applicable,0,0,0,none,No disclosure restriction identified.,No disclosure restriction identified.
CVD-BURDEN-001,cvd_2024_01,monthly,2014_m09,2014-09-01,2014,9,,1,all_cvd,female,all,hospital_registered,monthly_count,36,36,count,36,,,final,bnr_sdc_v1,0,0,cvd_2023_12,,,,not_applicable,0,0,0,none,No disclosure restriction identified.,No disclosure restriction identified.
CVD-BURDEN-001,cvd_2024_01,monthly,2014_m09,2014-09-01,2014,9,,1,all_cvd,female,all,hospital_registered,monthly_same_month_previous_5yr_mean,,,count,,,4,insufficient_history,bnr_sdc_v1,0,0,cvd_2023_12,,,,not_applicable,0,0,0,none,No disclosure restriction identified.,No disclosure restriction identified.
CVD-BURDEN-001,cvd_2024_01,monthly,2014_m09,2014-09-01,2014,9,,1,all_cvd,male,all,hospital_registered,monthly_count,25,25,count,25,,,final,bnr_sdc_v1,0,0,cvd_2023_12,,,,not_applicable,0,0,0,none,No disclosure restriction identified.,No disclosure restriction identified.
CVD-BURDEN-001,cvd_2024_01,monthly,2014_m09,2014-09-01,2014,9,,1,all_cvd,male,all,hospital_registered,monthly_same_month_previous_5yr_mean,,,count,,,4,insufficient_history,bnr_sdc_v1,0,0,cvd_2023_12,,,,not_applicable,0,0,0,none,No disclosure restriction identified.,No disclosure restriction identified.
CVD-BURDEN-001,cvd_2024_01,monthly,2014_m10,2014-10-01,2014,10,,1,all_cvd,all,all,hospital_registered,monthly_count,72,72,count,72,,,final,bnr_sdc_v1,0,0,cvd_2023_12,,,,not_applicable,0,0,0,none,No disclosure restriction identified.,No disclosure restriction identified.
CVD-BURDEN-001,cvd_2024_01,monthly,2014_m10,2014-10-01,2014,10,,1,all_cvd,all,all,hospital_registered,monthly_same_month_previous_5yr_mean,,,count,,,4,insufficient_history,bnr_sdc_v1,0,0,cvd_2023_12,,,,not_applicable,0,0,0,none,No disclosure restriction identified.,No disclosure restriction identified.
CVD-BURDEN-001,cvd_2024_01,monthly,2014_m10,2014-10-01,2014,10,,1,all_cvd,female,all,hospital_registered,monthly_count,38,38,count,38,,,final,bnr_sdc_v1,0,0,cvd_2023_12,,,,not_applicable,0,0,0,none,No disclosure restriction identified.,No disclosure restriction identified.
CVD-BURDEN-001,cvd_2024_01,monthly,2014_m10,2014-10-01,2014,10,,1,all_cvd,female,all,hospital_registered,monthly_same_month_previous_5yr_mean,,,count,,,4,insufficient_history,bnr_sdc_v1,0,0,cvd_2023_12,,,,not_applicable,0,0,0,none,No disclosure restriction identified.,No disclosure restriction identified.
CVD-BURDEN-001,cvd_2024_01,monthly,2014_m10,2014-10-01,2014,10,,1,all_cvd,male,all,hospital_registered,monthly_count,34,34,count,34,,,final,bnr_sdc_v1,0,0,cvd_2023_12,,,,not_applicable,0,0,0,none,No disclosure restriction identified.,No disclosure restriction identified.
CVD-BURDEN-001,cvd_2024_01,monthly,2014_m10,2014-10-01,2014,10,,1,all_cvd,male,all,hospital_registered,monthly_same_month_previous_5yr_mean,,,count,,,4,insufficient_history,bnr_sdc_v1,0,0,cvd_2023_12,,,,not_applicable,0,0,0,none,No disclosure restriction identified.,No disclosure restriction identified.
CVD-BURDEN-001,cvd_2024_01,monthly,2014_m11,2014-11-01,2014,11,,1,all_cvd,all,all,hospital_registered,monthly_count,46,46,count,46,,,final,bnr_sdc_v1,0,0,cvd_2023_12,,,,not_applicable,0,0,0,none,No disclosure restriction identified.,No disclosure restriction identified.
CVD-BURDEN-001,cvd_2024_01,monthly,2014_m11,2014-11-01,2014,11,,1,all_cvd,all,all,hospital_registered,monthly_same_month_previous_5yr_mean,,,count,,,4,insufficient_history,bnr_sdc_v1,0,0,cvd_2023_12,,,,not_applicable,0,0,0,none,No disclosure restriction identified.,No disclosure restriction identified.
CVD-BURDEN-001,cvd_2024_01,monthly,2014_m11,2014-11-01,2014,11,,1,all_cvd,female,all,hospital_registered,monthly_count,26,26,count,26,,,final,bnr_sdc_v1,0,0,cvd_2023_12,,,,not_applicable,0,0,0,none,No disclosure restriction identified.,No disclosure restriction identified.
CVD-BURDEN-001,cvd_2024_01,monthly,2014_m11,2014-11-01,2014,11,,1,all_cvd,female,all,hospital_registered,monthly_same_month_previous_5yr_mean,,,count,,,4,insufficient_history,bnr_sdc_v1,0,0,cvd_2023_12,,,,not_applicable,0,0,0,none,No disclosure restriction identified.,No disclosure restriction identified.
CVD-BURDEN-001,cvd_2024_01,monthly,2014_m11,2014-11-01,2014,11,,1,all_cvd,male,all,hospital_registered,monthly_count,20,20,count,20,,,final,bnr_sdc_v1,0,0,cvd_2023_12,,,,not_applicable,0,0,0,none,No disclosure restriction identified.,No disclosure restriction identified.
CVD-BURDEN-001,cvd_2024_01,monthly,2014_m11,2014-11-01,2014,11,,1,all_cvd,male,all,hospital_registered,monthly_same_month_previous_5yr_mean,,,count,,,4,insufficient_history,bnr_sdc_v1,0,0,cvd_2023_12,,,,not_applicable,0,0,0,none,No disclosure restriction identified.,No disclosure restriction identified.
CVD-BURDEN-001,cvd_2024_01,monthly,2014_m12,2014-12-01,2014,12,,1,all_cvd,all,all,hospital_registered,monthly_count,67,67,count,67,,,final,bnr_sdc_v1,0,0,cvd_2023_12,,,,not_applicable,0,0,0,none,No disclosure restriction identified.,No disclosure restriction identified.
CVD-BURDEN-001,cvd_2024_01,monthly,2014_m12,2014-12-01,2014,12,,1,all_cvd,all,all,hospital_registered,monthly_same_month_previous_5yr_mean,,,count,,,4,insufficient_history,bnr_sdc_v1,0,0,cvd_2023_12,,,,not_applicable,0,0,0,none,No disclosure restriction identified.,No disclosure restriction identified.
CVD-BURDEN-001,cvd_2024_01,monthly,2014_m12,2014-12-01,2014,12,,1,all_cvd,female,all,hospital_registered,monthly_count,36,36,count,36,,,final,bnr_sdc_v1,0,0,cvd_2023_12,,,,not_applicable,0,0,0,none,No disclosure restriction identified.,No disclosure restriction identified.
CVD-BURDEN-001,cvd_2024_01,monthly,2014_m12,2014-12-01,2014,12,,1,all_cvd,female,all,hospital_registered,monthly_same_month_previous_5yr_mean,,,count,,,4,insufficient_history,bnr_sdc_v1,0,0,cvd_2023_12,,,,not_applicable,0,0,0,none,No disclosure restriction identified.,No disclosure restriction identified.
CVD-BURDEN-001,cvd_2024_01,monthly,2014_m12,2014-12-01,2014,12,,1,all_cvd,male,all,hospital_registered,monthly_count,31,31,count,31,,,final,bnr_sdc_v1,0,0,cvd_2023_12,,,,not_applicable,0,0,0,none,No disclosure restriction identified.,No disclosure restriction identified.
CVD-BURDEN-001,cvd_2024_01,monthly,2014_m12,2014-12-01,2014,12,,1,all_cvd,male,all,hospital_registered,monthly_same_month_previous_5yr_mean,,,count,,,4,insufficient_history,bnr_sdc_v1,0,0,cvd_2023_12,,,,not_applicable,0,0,0,none,No disclosure restriction identified.,No disclosure restriction identified.
CVD-BURDEN-001,cvd_2024_01,monthly,2015_m01,2015-01-01,2015,1,,1,all_cvd,all,all,hospital_registered,monthly_count,68,68,count,68,,,final,bnr_sdc_v1,0,0,cvd_2023_12,,,,not_applicable,0,0,0,none,No disclosure restriction identified.,No disclosure restriction identified.
CVD-BURDEN-001,cvd_2024_01,monthly,2015_m01,2015-01-01,2015,1,,1,all_cvd,all,all,hospital_registered,monthly_same_month_previous_5yr_mean,59,59,count,295,,5,final,bnr_sdc_v1,0,0,cvd_2023_12,,,,not_applicable,0,0,0,none,No disclosure restriction identified.,No disclosure restriction identified.
CVD-BURDEN-001,cvd_2024_01,monthly,2015_m01,2015-01-01,2015,1,,1,all_cvd,female,all,hospital_registered,monthly_count,38,38,count,38,,,final,bnr_sdc_v1,0,0,cvd_2023_12,,,,not_applicable,0,0,0,none,No disclosure restriction identified.,No disclosure restriction identified.
CVD-BURDEN-001,cvd_2024_01,monthly,2015_m01,2015-01-01,2015,1,,1,all_cvd,female,all,hospital_registered,monthly_same_month_previous_5yr_mean,29.8,29.8,count,149,,5,final,bnr_sdc_v1,0,0,cvd_2023_12,,,,not_applicable,0,0,0,none,No disclosure restriction identified.,No disclosure restriction identified.
CVD-BURDEN-001,cvd_2024_01,monthly,2015_m01,2015-01-01,2015,1,,1,all_cvd,male,all,hospital_registered,monthly_count,30,30,count,30,,,final,bnr_sdc_v1,0,0,cvd_2023_12,,,,not_applicable,0,0,0,none,No disclosure restriction identified.,No disclosure restriction identified.
CVD-BURDEN-001,cvd_2024_01,monthly,2015_m01,2015-01-01,2015,1,,1,all_cvd,male,all,hospital_registered,monthly_same_month_previous_5yr_mean,29.2,29.2,count,146,,5,final,bnr_sdc_v1,0,0,cvd_2023_12,,,,not_applicable,0,0,0,none,No disclosure restriction identified.,No disclosure restriction identified.
CVD-BURDEN-001,cvd_2024_01,monthly,2015_m02,2015-02-01,2015,2,,1,all_cvd,all,all,hospital_registered,monthly_count,66,66,count,66,,,final,bnr_sdc_v1,0,0,cvd_2023_12,,,,not_applicable,0,0,0,none,No disclosure restriction identified.,No disclosure restriction identified.
CVD-BURDEN-001,cvd_2024_01,monthly,2015_m02,2015-02-01,2015,2,,1,all_cvd,all,all,hospital_registered,monthly_same_month_previous_5yr_mean,46.8,46.8,count,234,,5,final,bnr_sdc_v1,0,0,cvd_2023_12,,,,not_applicable,0,0,0,none,No disclosure restriction identified.,No disclosure restriction identified.
CVD-BURDEN-001,cvd_2024_01,monthly,2015_m02,2015-02-01,2015,2,,1,all_cvd,female,all,hospital_registered,monthly_count,33,33,count,33,,,final,bnr_sdc_v1,0,0,cvd_2023_12,,,,not_applicable,0,0,0,none,No disclosure restriction identified.,No disclosure restriction identified.
CVD-BURDEN-001,cvd_2024_01,monthly,2015_m02,2015-02-01,2015,2,,1,all_cvd,female,all,hospital_registered,monthly_same_month_previous_5yr_mean,23.2,23.2,count,116,,5,final,bnr_sdc_v1,0,0,cvd_2023_12,,,,not_applicable,0,0,0,none,No disclosure restriction identified.,No disclosure restriction identified.
CVD-BURDEN-001,cvd_2024_01,monthly,2015_m02,2015-02-01,2015,2,,1,all_cvd,male,all,hospital_registered,monthly_count,33,33,count,33,,,final,bnr_sdc_v1,0,0,cvd_2023_12,,,,not_applicable,0,0,0,none,No disclosure restriction identified.,No disclosure restriction identified.
CVD-BURDEN-001,cvd_2024_01,monthly,2015_m02,2015-02-01,2015,2,,1,all_cvd,male,all,hospital_registered,monthly_same_month_previous_5yr_mean,23.6,23.6,count,118,,5,final,bnr_sdc_v1,0,0,cvd_2023_12,,,,not_applicable,0,0,0,none,No disclosure restriction identified.,No disclosure restriction identified.
CVD-BURDEN-001,cvd_2024_01,monthly,2015_m03,2015-03-01,2015,3,,1,all_cvd,all,all,hospital_registered,monthly_count,63,63,count,63,,,final,bnr_sdc_v1,0,0,cvd_2023_12,,,,not_applicable,0,0,0,none,No disclosure restriction identified.,No disclosure restriction identified.
CVD-BURDEN-001,cvd_2024_01,monthly,2015_m03,2015-03-01,2015,3,,1,all_cvd,all,all,hospital_registered,monthly_same_month_previous_5yr_mean,54.2,54.2,count,271,,5,final,bnr_sdc_v1,0,0,cvd_2023_12,,,,not_applicable,0,0,0,none,No disclosure restriction identified.,No disclosure restriction identified.
CVD-BURDEN-001,cvd_2024_01,monthly,2015_m03,2015-03-01,2015,3,,1,all_cvd,female,all,hospital_registered,monthly_count,27,27,count,27,,,final,bnr_sdc_v1,0,0,cvd_2023_12,,,,not_applicable,0,0,0,none,No disclosure restriction identified.,No disclosure restriction identified.
CVD-BURDEN-001,cvd_2024_01,monthly,2015_m03,2015-03-01,2015,3,,1,all_cvd,female,all,hospital_registered,monthly_same_month_previous_5yr_mean,27.2,27.2,count,136,,5,final,bnr_sdc_v1,0,0,cvd_2023_12,,,,not_applicable,0,0,0,none,No disclosure restriction identified.,No disclosure restriction identified.
CVD-BURDEN-001,cvd_2024_01,monthly,2015_m03,2015-03-01,2015,3,,1,all_cvd,male,all,hospital_registered,monthly_count,36,36,count,36,,,final,bnr_sdc_v1,0,0,cvd_2023_12,,,,not_applicable,0,0,0,none,No disclosure restriction identified.,No disclosure restriction identified.
CVD-BURDEN-001,cvd_2024_01,monthly,2015_m03,2015-03-01,2015,3,,1,all_cvd,male,all,hospital_registered,monthly_same_month_previous_5yr_mean,27,27,count,135,,5,final,bnr_sdc_v1,0,0,cvd_2023_12,,,,not_applicable,0,0,0,none,No disclosure restriction identified.,No disclosure restriction identified.
CVD-BURDEN-001,cvd_2024_01,monthly,2015_m04,2015-04-01,2015,4,,1,all_cvd,all,all,hospital_registered,monthly_count,55,55,count,55,,,final,bnr_sdc_v1,0,0,cvd_2023_12,,,,not_applicable,0,0,0,none,No disclosure restriction identified.,No disclosure restriction identified.
CVD-BURDEN-001,cvd_2024_01,monthly,2015_m04,2015-04-01,2015,4,,1,all_cvd,all,all,hospital_registered,monthly_same_month_previous_5yr_mean,50.2,50.2,count,251,,5,final,bnr_sdc_v1,0,0,cvd_2023_12,,,,not_applicable,0,0,0,none,No disclosure restriction identified.,No disclosure restriction identified.
CVD-BURDEN-001,cvd_2024_01,monthly,2015_m04,2015-04-01,2015,4,,1,all_cvd,female,all,hospital_registered,monthly_count,26,26,count,26,,,final,bnr_sdc_v1,0,0,cvd_2023_12,,,,not_applicable,0,0,0,none,No disclosure restriction identified.,No disclosure restriction identified.
CVD-BURDEN-001,cvd_2024_01,monthly,2015_m04,2015-04-01,2015,4,,1,all_cvd,female,all,hospital_registered,monthly_same_month_previous_5yr_mean,26.8,26.8,count,134,,5,final,bnr_sdc_v1,0,0,cvd_2023_12,,,,not_applicable,0,0,0,none,No disclosure restriction identified.,No disclosure restriction identified.
CVD-BURDEN-001,cvd_2024_01,monthly,2015_m04,2015-04-01,2015,4,,1,all_cvd,male,all,hospital_registered,monthly_count,29,29,count,29,,,final,bnr_sdc_v1,0,0,cvd_2023_12,,,,not_applicable,0,0,0,none,No disclosure restriction identified.,No disclosure restriction identified.
CVD-BURDEN-001,cvd_2024_01,monthly,2015_m04,2015-04-01,2015,4,,1,all_cvd,male,all,hospital_registered,monthly_same_month_previous_5yr_mean,23.4,23.4,count,117,,5,final,bnr_sdc_v1,0,0,cvd_2023_12,,,,not_applicable,0,0,0,none,No disclosure restriction identified.,No disclosure restriction identified.
CVD-BURDEN-001,cvd_2024_01,monthly,2015_m05,2015-05-01,2015,5,,1,all_cvd,all,all,hospital_registered,monthly_count,56,56,count,56,,,final,bnr_sdc_v1,0,0,cvd_2023_12,,,,not_applicable,0,0,0,none,No disclosure restriction identified.,No disclosure restriction identified.
CVD-BURDEN-001,cvd_2024_01,monthly,2015_m05,2015-05-01,2015,5,,1,all_cvd,all,all,hospital_registered,monthly_same_month_previous_5yr_mean,49,49,count,245,,5,final,bnr_sdc_v1,0,0,cvd_2023_12,,,,not_applicable,0,0,0,none,No disclosure restriction identified.,No disclosure restriction identified.
CVD-BURDEN-001,cvd_2024_01,monthly,2015_m05,2015-05-01,2015,5,,1,all_cvd,female,all,hospital_registered,monthly_count,30,30,count,30,,,final,bnr_sdc_v1,0,0,cvd_2023_12,,,,not_applicable,0,0,0,none,No disclosure restriction identified.,No disclosure restriction identified.
CVD-BURDEN-001,cvd_2024_01,monthly,2015_m05,2015-05-01,2015,5,,1,all_cvd,female,all,hospital_registered,monthly_same_month_previous_5yr_mean,25,25,count,125,,5,final,bnr_sdc_v1,0,0,cvd_2023_12,,,,not_applicable,0,0,0,none,No disclosure restriction identified.,No disclosure restriction identified.
CVD-BURDEN-001,cvd_2024_01,monthly,2015_m05,2015-05-01,2015,5,,1,all_cvd,male,all,hospital_registered,monthly_count,26,26,count,26,,,final,bnr_sdc_v1,0,0,cvd_2023_12,,,,not_applicable,0,0,0,none,No disclosure restriction identified.,No disclosure restriction identified.
CVD-BURDEN-001,cvd_2024_01,monthly,2015_m05,2015-05-01,2015,5,,1,all_cvd,male,all,hospital_registered,monthly_same_month_previous_5yr_mean,24,24,count,120,,5,final,bnr_sdc_v1,0,0,cvd_2023_12,,,,not_applicable,0,0,0,none,No disclosure restriction identified.,No disclosure restriction identified.
CVD-BURDEN-001,cvd_2024_01,monthly,2015_m06,2015-06-01,2015,6,,1,all_cvd,all,all,hospital_registered,monthly_count,48,48,count,48,,,final,bnr_sdc_v1,0,0,cvd_2023_12,,,,not_applicable,0,0,0,none,No disclosure restriction identified.,No disclosure restriction identified.
CVD-BURDEN-001,cvd_2024_01,monthly,2015_m06,2015-06-01,2015,6,,1,all_cvd,all,all,hospital_registered,monthly_same_month_previous_5yr_mean,48.6,48.6,count,243,,5,final,bnr_sdc_v1,0,0,cvd_2023_12,,,,not_applicable,0,0,0,none,No disclosure restriction identified.,No disclosure restriction identified.
CVD-BURDEN-001,cvd_2024_01,monthly,2015_m06,2015-06-01,2015,6,,1,all_cvd,female,all,hospital_registered,monthly_count,17,17,count,17,,,final,bnr_sdc_v1,0,0,cvd_2023_12,,,,not_applicable,0,0,0,none,No disclosure restriction identified.,No disclosure restriction identified.
CVD-BURDEN-001,cvd_2024_01,monthly,2015_m06,2015-06-01,2015,6,,1,all_cvd,female,all,hospital_registered,monthly_same_month_previous_5yr_mean,22.2,22.2,count,111,,5,final,bnr_sdc_v1,0,0,cvd_2023_12,,,,not_applicable,0,0,0,none,No disclosure restriction identified.,No disclosure restriction identified.
CVD-BURDEN-001,cvd_2024_01,monthly,2015_m06,2015-06-01,2015,6,,1,all_cvd,male,all,hospital_registered,monthly_count,31,31,count,31,,,final,bnr_sdc_v1,0,0,cvd_2023_12,,,,not_applicable,0,0,0,none,No disclosure restriction identified.,No disclosure restriction identified.
CVD-BURDEN-001,cvd_2024_01,monthly,2015_m06,2015-06-01,2015,6,,1,all_cvd,male,all,hospital_registered,monthly_same_month_previous_5yr_mean,26.4,26.4,count,132,,5,final,bnr_sdc_v1,0,0,cvd_2023_12,,,,not_applicable,0,0,0,none,No disclosure restriction identified.,No disclosure restriction identified.
CVD-BURDEN-001,cvd_2024_01,monthly,2015_m07,2015-07-01,2015,7,,1,all_cvd,all,all,hospital_registered,monthly_count,63,63,count,63,,,final,bnr_sdc_v1,0,0,cvd_2023_12,,,,not_applicable,0,0,0,none,No disclosure restriction identified.,No disclosure restriction identified.
CVD-BURDEN-001,cvd_2024_01,monthly,2015_m07,2015-07-01,2015,7,,1,all_cvd,all,all,hospital_registered,monthly_same_month_previous_5yr_mean,50.2,50.2,count,251,,5,final,bnr_sdc_v1,0,0,cvd_2023_12,,,,not_applicable,0,0,0,none,No disclosure restriction identified.,No disclosure restriction identified.
CVD-BURDEN-001,cvd_2024_01,monthly,2015_m07,2015-07-01,2015,7,,1,all_cvd,female,all,hospital_registered,monthly_count,33,33,count,33,,,final,bnr_sdc_v1,0,0,cvd_2023_12,,,,not_applicable,0,0,0,none,No disclosure restriction identified.,No disclosure restriction identified.
CVD-BURDEN-001,cvd_2024_01,monthly,2015_m07,2015-07-01,2015,7,,1,all_cvd,female,all,hospital_registered,monthly_same_month_previous_5yr_mean,23.2,23.2,count,116,,5,final,bnr_sdc_v1,0,0,cvd_2023_12,,,,not_applicable,0,0,0,none,No disclosure restriction identified.,No disclosure restriction identified.
CVD-BURDEN-001,cvd_2024_01,monthly,2015_m07,2015-07-01,2015,7,,1,all_cvd,male,all,hospital_registered,monthly_count,30,30,count,30,,,final,bnr_sdc_v1,0,0,cvd_2023_12,,,,not_applicable,0,0,0,none,No disclosure restriction identified.,No disclosure restriction identified.
CVD-BURDEN-001,cvd_2024_01,monthly,2015_m07,2015-07-01,2015,7,,1,all_cvd,male,all,hospital_registered,monthly_same_month_previous_5yr_mean,27,27,count,135,,5,final,bnr_sdc_v1,0,0,cvd_2023_12,,,,not_applicable,0,0,0,none,No disclosure restriction identified.,No disclosure restriction identified.
CVD-BURDEN-001,cvd_2024_01,monthly,2015_m08,2015-08-01,2015,8,,1,all_cvd,all,all,hospital_registered,monthly_count,53,53,count,53,,,final,bnr_sdc_v1,0,0,cvd_2023_12,,,,not_applicable,0,0,0,none,No disclosure restriction identified.,No disclosure restriction identified.
CVD-BURDEN-001,cvd_2024_01,monthly,2015_m08,2015-08-01,2015,8,,1,all_cvd,all,all,hospital_registered,monthly_same_month_previous_5yr_mean,51.4,51.4,count,257,,5,final,bnr_sdc_v1,0,0,cvd_2023_12,,,,not_applicable,0,0,0,none,No disclosure restriction identified.,No disclosure restriction identified.
CVD-BURDEN-001,cvd_2024_01,monthly,2015_m08,2015-08-01,2015,8,,1,all_cvd,female,all,hospital_registered,monthly_count,28,28,count,28,,,final,bnr_sdc_v1,0,0,cvd_2023_12,,,,not_applicable,0,0,0,none,No disclosure restriction identified.,No disclosure restriction identified.
CVD-BURDEN-001,cvd_2024_01,monthly,2015_m08,2015-08-01,2015,8,,1,all_cvd,female,all,hospital_registered,monthly_same_month_previous_5yr_mean,27.6,27.6,count,138,,5,final,bnr_sdc_v1,0,0,cvd_2023_12,,,,not_applicable,0,0,0,none,No disclosure restriction identified.,No disclosure restriction identified.
CVD-BURDEN-001,cvd_2024_01,monthly,2015_m08,2015-08-01,2015,8,,1,all_cvd,male,all,hospital_registered,monthly_count,25,25,count,25,,,final,bnr_sdc_v1,0,0,cvd_2023_12,,,,not_applicable,0,0,0,none,No disclosure restriction identified.,No disclosure restriction identified.
CVD-BURDEN-001,cvd_2024_01,monthly,2015_m08,2015-08-01,2015,8,,1,all_cvd,male,all,hospital_registered,monthly_same_month_previous_5yr_mean,23.8,23.8,count,119,,5,final,bnr_sdc_v1,0,0,cvd_2023_12,,,,not_applicable,0,0,0,none,No disclosure restriction identified.,No disclosure restriction identified.
CVD-BURDEN-001,cvd_2024_01,monthly,2015_m09,2015-09-01,2015,9,,1,all_cvd,all,all,hospital_registered,monthly_count,46,46,count,46,,,final,bnr_sdc_v1,0,0,cvd_2023_12,,,,not_applicable,0,0,0,none,No disclosure restriction identified.,No disclosure restriction identified.
CVD-BURDEN-001,cvd_2024_01,monthly,2015_m09,2015-09-01,2015,9,,1,all_cvd,all,all,hospital_registered,monthly_same_month_previous_5yr_mean,46.8,46.8,count,234,,5,final,bnr_sdc_v1,0,0,cvd_2023_12,,,,not_applicable,0,0,0,none,No disclosure restriction identified.,No disclosure restriction identified.
CVD-BURDEN-001,cvd_2024_01,monthly,2015_m09,2015-09-01,2015,9,,1,all_cvd,female,all,hospital_registered,monthly_count,28,28,count,28,,,final,bnr_sdc_v1,0,0,cvd_2023_12,,,,not_applicable,0,0,0,none,No disclosure restriction identified.,No disclosure restriction identified.
CVD-BURDEN-001,cvd_2024_01,monthly,2015_m09,2015-09-01,2015,9,,1,all_cvd,female,all,hospital_registered,monthly_same_month_previous_5yr_mean,25.4,25.4,count,127,,5,final,bnr_sdc_v1,0,0,cvd_2023_12,,,,not_applicable,0,0,0,none,No disclosure restriction identified.,No disclosure restriction identified.
CVD-BURDEN-001,cvd_2024_01,monthly,2015_m09,2015-09-01,2015,9,,1,all_cvd,male,all,hospital_registered,monthly_count,18,18,count,18,,,final,bnr_sdc_v1,0,0,cvd_2023_12,,,,not_applicable,0,0,0,none,No disclosure restriction identified.,No disclosure restriction identified.
CVD-BURDEN-001,cvd_2024_01,monthly,2015_m09,2015-09-01,2015,9,,1,all_cvd,male,all,hospital_registered,monthly_same_month_previous_5yr_mean,21.4,21.4,count,107,,5,final,bnr_sdc_v1,0,0,cvd_2023_12,,,,not_applicable,0,0,0,none,No disclosure restriction identified.,No disclosure restriction identified.
CVD-BURDEN-001,cvd_2024_01,monthly,2015_m10,2015-10-01,2015,10,,1,all_cvd,all,all,hospital_registered,monthly_count,61,61,count,61,,,final,bnr_sdc_v1,0,0,cvd_2023_12,,,,not_applicable,0,0,0,none,No disclosure restriction identified.,No disclosure restriction identified.
CVD-BURDEN-001,cvd_2024_01,monthly,2015_m10,2015-10-01,2015,10,,1,all_cvd,all,all,hospital_registered,monthly_same_month_previous_5yr_mean,53.2,53.2,count,266,,5,final,bnr_sdc_v1,0,0,cvd_2023_12,,,,not_applicable,0,0,0,none,No disclosure restriction identified.,No disclosure restriction identified.
CVD-BURDEN-001,cvd_2024_01,monthly,2015_m10,2015-10-01,2015,10,,1,all_cvd,female,all,hospital_registered,monthly_count,34,34,count,34,,,final,bnr_sdc_v1,0,0,cvd_2023_12,,,,not_applicable,0,0,0,none,No disclosure restriction identified.,No disclosure restriction identified.
CVD-BURDEN-001,cvd_2024_01,monthly,2015_m10,2015-10-01,2015,10,,1,all_cvd,female,all,hospital_registered,monthly_same_month_previous_5yr_mean,25.8,25.8,count,129,,5,final,bnr_sdc_v1,0,0,cvd_2023_12,,,,not_applicable,0,0,0,none,No disclosure restriction identified.,No disclosure restriction identified.
CVD-BURDEN-001,cvd_2024_01,monthly,2015_m10,2015-10-01,2015,10,,1,all_cvd,male,all,hospital_registered,monthly_count,27,27,count,27,,,final,bnr_sdc_v1,0,0,cvd_2023_12,,,,not_applicable,0,0,0,none,No disclosure restriction identified.,No disclosure restriction identified.
CVD-BURDEN-001,cvd_2024_01,monthly,2015_m10,2015-10-01,2015,10,,1,all_cvd,male,all,hospital_registered,monthly_same_month_previous_5yr_mean,27.4,27.4,count,137,,5,final,bnr_sdc_v1,0,0,cvd_2023_12,,,,not_applicable,0,0,0,none,No disclosure restriction identified.,No disclosure restriction identified.
CVD-BURDEN-001,cvd_2024_01,monthly,2015_m11,2015-11-01,2015,11,,1,all_cvd,all,all,hospital_registered,monthly_count,72,72,count,72,,,final,bnr_sdc_v1,0,0,cvd_2023_12,,,,not_applicable,0,0,0,none,No disclosure restriction identified.,No disclosure restriction identified.
CVD-BURDEN-001,cvd_2024_01,monthly,2015_m11,2015-11-01,2015,11,,1,all_cvd,all,all,hospital_registered,monthly_same_month_previous_5yr_mean,45.6,45.6,count,228,,5,final,bnr_sdc_v1,0,0,cvd_2023_12,,,,not_applicable,0,0,0,none,No disclosure restriction identified.,No disclosure restriction identified.
CVD-BURDEN-001,cvd_2024_01,monthly,2015_m11,2015-11-01,2015,11,,1,all_cvd,female,all,hospital_registered,monthly_count,36,36,count,36,,,final,bnr_sdc_v1,0,0,cvd_2023_12,,,,not_applicable,0,0,0,none,No disclosure restriction identified.,No disclosure restriction identified.
CVD-BURDEN-001,cvd_2024_01,monthly,2015_m11,2015-11-01,2015,11,,1,all_cvd,female,all,hospital_registered,monthly_same_month_previous_5yr_mean,23.4,23.4,count,117,,5,final,bnr_sdc_v1,0,0,cvd_2023_12,,,,not_applicable,0,0,0,none,No disclosure restriction identified.,No disclosure restriction identified.
CVD-BURDEN-001,cvd_2024_01,monthly,2015_m11,2015-11-01,2015,11,,1,all_cvd,male,all,hospital_registered,monthly_count,36,36,count,36,,,final,bnr_sdc_v1,0,0,cvd_2023_12,,,,not_applicable,0,0,0,none,No disclosure restriction identified.,No disclosure restriction identified.
CVD-BURDEN-001,cvd_2024_01,monthly,2015_m11,2015-11-01,2015,11,,1,all_cvd,male,all,hospital_registered,monthly_same_month_previous_5yr_mean,22.2,22.2,count,111,,5,final,bnr_sdc_v1,0,0,cvd_2023_12,,,,not_applicable,0,0,0,none,No disclosure restriction identified.,No disclosure restriction identified.
CVD-BURDEN-001,cvd_2024_01,monthly,2015_m12,2015-12-01,2015,12,,1,all_cvd,all,all,hospital_registered,monthly_count,44,44,count,44,,,final,bnr_sdc_v1,0,0,cvd_2023_12,,,,not_applicable,0,0,0,none,No disclosure restriction identified.,No disclosure restriction identified.
CVD-BURDEN-001,cvd_2024_01,monthly,2015_m12,2015-12-01,2015,12,,1,all_cvd,all,all,hospital_registered,monthly_same_month_previous_5yr_mean,56,56,count,280,,5,final,bnr_sdc_v1,0,0,cvd_2023_12,,,,not_applicable,0,0,0,none,No disclosure restriction identified.,No disclosure restriction identified.
CVD-BURDEN-001,cvd_2024_01,monthly,2015_m12,2015-12-01,2015,12,,1,all_cvd,female,all,hospital_registered,monthly_count,25,25,count,25,,,final,bnr_sdc_v1,0,0,cvd_2023_12,,,,not_applicable,0,0,0,none,No disclosure restriction identified.,No disclosure restriction identified.
CVD-BURDEN-001,cvd_2024_01,monthly,2015_m12,2015-12-01,2015,12,,1,all_cvd,female,all,hospital_registered,monthly_same_month_previous_5yr_mean,28.6,28.6,count,143,,5,final,bnr_sdc_v1,0,0,cvd_2023_12,,,,not_applicable,0,0,0,none,No disclosure restriction identified.,No disclosure restriction identified.
CVD-BURDEN-001,cvd_2024_01,monthly,2015_m12,2015-12-01,2015,12,,1,all_cvd,male,all,hospital_registered,monthly_count,19,19,count,19,,,final,bnr_sdc_v1,0,0,cvd_2023_12,,,,not_applicable,0,0,0,none,No disclosure restriction identified.,No disclosure restriction identified.
CVD-BURDEN-001,cvd_2024_01,monthly,2015_m12,2015-12-01,2015,12,,1,all_cvd,male,all,hospital_registered,monthly_same_month_previous_5yr_mean,27.4,27.4,count,137,,5,final,bnr_sdc_v1,0,0,cvd_2023_12,,,,not_applicable,0,0,0,none,No disclosure restriction identified.,No disclosure restriction identified.
CVD-BURDEN-001,cvd_2024_01,monthly,2016_m01,2016-01-01,2016,1,,1,all_cvd,all,all,hospital_registered,monthly_count,80,80,count,80,,,final,bnr_sdc_v1,0,0,cvd_2023_12,,,,not_applicable,0,0,0,none,No disclosure restriction identified.,No disclosure restriction identified.
CVD-BURDEN-001,cvd_2024_01,monthly,2016_m01,2016-01-01,2016,1,,1,all_cvd,all,all,hospital_registered,monthly_same_month_previous_5yr_mean,60.6,60.6,count,303,,5,final,bnr_sdc_v1,0,0,cvd_2023_12,,,,not_applicable,0,0,0,none,No disclosure restriction identified.,No disclosure restriction identified.
CVD-BURDEN-001,cvd_2024_01,monthly,2016_m01,2016-01-01,2016,1,,1,all_cvd,female,all,hospital_registered,monthly_count,38,38,count,38,,,final,bnr_sdc_v1,0,0,cvd_2023_12,,,,not_applicable,0,0,0,none,No disclosure restriction identified.,No disclosure restriction identified.
CVD-BURDEN-001,cvd_2024_01,monthly,2016_m01,2016-01-01,2016,1,,1,all_cvd,female,all,hospital_registered,monthly_same_month_previous_5yr_mean,31.2,31.2,count,156,,5,final,bnr_sdc_v1,0,0,cvd_2023_12,,,,not_applicable,0,0,0,none,No disclosure restriction identified.,No disclosure restriction identified.
CVD-BURDEN-001,cvd_2024_01,monthly,2016_m01,2016-01-01,2016,1,,1,all_cvd,male,all,hospital_registered,monthly_count,42,42,count,42,,,final,bnr_sdc_v1,0,0,cvd_2023_12,,,,not_applicable,0,0,0,none,No disclosure restriction identified.,No disclosure restriction identified.
CVD-BURDEN-001,cvd_2024_01,monthly,2016_m01,2016-01-01,2016,1,,1,all_cvd,male,all,hospital_registered,monthly_same_month_previous_5yr_mean,29.4,29.4,count,147,,5,final,bnr_sdc_v1,0,0,cvd_2023_12,,,,not_applicable,0,0,0,none,No disclosure restriction identified.,No disclosure restriction identified.
CVD-BURDEN-001,cvd_2024_01,monthly,2016_m02,2016-02-01,2016,2,,1,all_cvd,all,all,hospital_registered,monthly_count,55,55,count,55,,,final,bnr_sdc_v1,0,0,cvd_2023_12,,,,not_applicable,0,0,0,none,No disclosure restriction identified.,No disclosure restriction identified.
CVD-BURDEN-001,cvd_2024_01,monthly,2016_m02,2016-02-01,2016,2,,1,all_cvd,all,all,hospital_registered,monthly_same_month_previous_5yr_mean,49.6,49.6,count,248,,5,final,bnr_sdc_v1,0,0,cvd_2023_12,,,,not_applicable,0,0,0,none,No disclosure restriction identified.,No disclosure restriction identified.
CVD-BURDEN-001,cvd_2024_01,monthly,2016_m02,2016-02-01,2016,2,,1,all_cvd,female,all,hospital_registered,monthly_count,24,24,count,24,,,final,bnr_sdc_v1,0,0,cvd_2023_12,,,,not_applicable,0,0,0,none,No disclosure restriction identified.,No disclosure restriction identified.
CVD-BURDEN-001,cvd_2024_01,monthly,2016_m02,2016-02-01,2016,2,,1,all_cvd,female,all,hospital_registered,monthly_same_month_previous_5yr_mean,24.4,24.4,count,122,,5,final,bnr_sdc_v1,0,0,cvd_2023_12,,,,not_applicable,0,0,0,none,No disclosure restriction identified.,No disclosure restriction identified.
CVD-BURDEN-001,cvd_2024_01,monthly,2016_m02,2016-02-01,2016,2,,1,all_cvd,male,all,hospital_registered,monthly_count,31,31,count,31,,,final,bnr_sdc_v1,0,0,cvd_2023_12,,,,not_applicable,0,0,0,none,No disclosure restriction identified.,No disclosure restriction identified.
CVD-BURDEN-001,cvd_2024_01,monthly,2016_m02,2016-02-01,2016,2,,1,all_cvd,male,all,hospital_registered,monthly_same_month_previous_5yr_mean,25.2,25.2,count,126,,5,final,bnr_sdc_v1,0,0,cvd_2023_12,,,,not_applicable,0,0,0,none,No disclosure restriction identified.,No disclosure restriction identified.
CVD-BURDEN-001,cvd_2024_01,monthly,2016_m03,2016-03-01,2016,3,,1,all_cvd,all,all,hospital_registered,monthly_count,58,58,count,58,,,final,bnr_sdc_v1,0,0,cvd_2023_12,,,,not_applicable,0,0,0,none,No disclosure restriction identified.,No disclosure restriction identified.
CVD-BURDEN-001,cvd_2024_01,monthly,2016_m03,2016-03-01,2016,3,,1,all_cvd,all,all,hospital_registered,monthly_same_month_previous_5yr_mean,56,56,count,280,,5,final,bnr_sdc_v1,0,0,cvd_2023_12,,,,not_applicable,0,0,0,none,No disclosure restriction identified.,No disclosure restriction identified.
CVD-BURDEN-001,cvd_2024_01,monthly,2016_m03,2016-03-01,2016,3,,1,all_cvd,female,all,hospital_registered,monthly_count,39,39,count,39,,,final,bnr_sdc_v1,0,0,cvd_2023_12,,,,not_applicable,0,0,0,none,No disclosure restriction identified.,No disclosure restriction identified.
CVD-BURDEN-001,cvd_2024_01,monthly,2016_m03,2016-03-01,2016,3,,1,all_cvd,female,all,hospital_registered,monthly_same_month_previous_5yr_mean,27,27,count,135,,5,final,bnr_sdc_v1,0,0,cvd_2023_12,,,,not_applicable,0,0,0,none,No disclosure restriction identified.,No disclosure restriction identified.
CVD-BURDEN-001,cvd_2024_01,monthly,2016_m03,2016-03-01,2016,3,,1,all_cvd,male,all,hospital_registered,monthly_count,19,19,count,19,,,final,bnr_sdc_v1,0,0,cvd_2023_12,,,,not_applicable,0,0,0,none,No disclosure restriction identified.,No disclosure restriction identified.
CVD-BURDEN-001,cvd_2024_01,monthly,2016_m03,2016-03-01,2016,3,,1,all_cvd,male,all,hospital_registered,monthly_same_month_previous_5yr_mean,29,29,count,145,,5,final,bnr_sdc_v1,0,0,cvd_2023_12,,,,not_applicable,0,0,0,none,No disclosure restriction identified.,No disclosure restriction identified.
CVD-BURDEN-001,cvd_2024_01,monthly,2016_m04,2016-04-01,2016,4,,1,all_cvd,all,all,hospital_registered,monthly_count,67,67,count,67,,,final,bnr_sdc_v1,0,0,cvd_2023_12,,,,not_applicable,0,0,0,none,No disclosure restriction identified.,No disclosure restriction identified.
CVD-BURDEN-001,cvd_2024_01,monthly,2016_m04,2016-04-01,2016,4,,1,all_cvd,all,all,hospital_registered,monthly_same_month_previous_5yr_mean,55.6,55.6,count,278,,5,final,bnr_sdc_v1,0,0,cvd_2023_12,,,,not_applicable,0,0,0,none,No disclosure restriction identified.,No disclosure restriction identified.
CVD-BURDEN-001,cvd_2024_01,monthly,2016_m04,2016-04-01,2016,4,,1,all_cvd,female,all,hospital_registered,monthly_count,29,29,count,29,,,final,bnr_sdc_v1,0,0,cvd_2023_12,,,,not_applicable,0,0,0,none,No disclosure restriction identified.,No disclosure restriction identified.
CVD-BURDEN-001,cvd_2024_01,monthly,2016_m04,2016-04-01,2016,4,,1,all_cvd,female,all,hospital_registered,monthly_same_month_previous_5yr_mean,29.8,29.8,count,149,,5,final,bnr_sdc_v1,0,0,cvd_2023_12,,,,not_applicable,0,0,0,none,No disclosure restriction identified.,No disclosure restriction identified.
CVD-BURDEN-001,cvd_2024_01,monthly,2016_m04,2016-04-01,2016,4,,1,all_cvd,male,all,hospital_registered,monthly_count,38,38,count,38,,,final,bnr_sdc_v1,0,0,cvd_2023_12,,,,not_applicable,0,0,0,none,No disclosure restriction identified.,No disclosure restriction identified.
CVD-BURDEN-001,cvd_2024_01,monthly,2016_m04,2016-04-01,2016,4,,1,all_cvd,male,all,hospital_registered,monthly_same_month_previous_5yr_mean,25.8,25.8,count,129,,5,final,bnr_sdc_v1,0,0,cvd_2023_12,,,,not_applicable,0,0,0,none,No disclosure restriction identified.,No disclosure restriction identified.
CVD-BURDEN-001,cvd_2024_01,monthly,2016_m05,2016-05-01,2016,5,,1,all_cvd,all,all,hospital_registered,monthly_count,74,74,count,74,,,final,bnr_sdc_v1,0,0,cvd_2023_12,,,,not_applicable,0,0,0,none,No disclosure restriction identified.,No disclosure restriction identified.
CVD-BURDEN-001,cvd_2024_01,monthly,2016_m05,2016-05-01,2016,5,,1,all_cvd,all,all,hospital_registered,monthly_same_month_previous_5yr_mean,51,51,count,255,,5,final,bnr_sdc_v1,0,0,cvd_2023_12,,,,not_applicable,0,0,0,none,No disclosure restriction identified.,No disclosure restriction identified.
CVD-BURDEN-001,cvd_2024_01,monthly,2016_m05,2016-05-01,2016,5,,1,all_cvd,female,all,hospital_registered,monthly_count,29,29,count,29,,,final,bnr_sdc_v1,0,0,cvd_2023_12,,,,not_applicable,0,0,0,none,No disclosure restriction identified.,No disclosure restriction identified.
CVD-BURDEN-001,cvd_2024_01,monthly,2016_m05,2016-05-01,2016,5,,1,all_cvd,female,all,hospital_registered,monthly_same_month_previous_5yr_mean,26,26,count,130,,5,final,bnr_sdc_v1,0,0,cvd_2023_12,,,,not_applicable,0,0,0,none,No disclosure restriction identified.,No disclosure restriction identified.
CVD-BURDEN-001,cvd_2024_01,monthly,2016_m05,2016-05-01,2016,5,,1,all_cvd,male,all,hospital_registered,monthly_count,45,45,count,45,,,final,bnr_sdc_v1,0,0,cvd_2023_12,,,,not_applicable,0,0,0,none,No disclosure restriction identified.,No disclosure restriction identified.
CVD-BURDEN-001,cvd_2024_01,monthly,2016_m05,2016-05-01,2016,5,,1,all_cvd,male,all,hospital_registered,monthly_same_month_previous_5yr_mean,25,25,count,125,,5,final,bnr_sdc_v1,0,0,cvd_2023_12,,,,not_applicable,0,0,0,none,No disclosure restriction identified.,No disclosure restriction identified.
CVD-BURDEN-001,cvd_2024_01,monthly,2016_m06,2016-06-01,2016,6,,1,all_cvd,all,all,hospital_registered,monthly_count,53,53,count,53,,,final,bnr_sdc_v1,0,0,cvd_2023_12,,,,not_applicable,0,0,0,none,No disclosure restriction identified.,No disclosure restriction identified.
CVD-BURDEN-001,cvd_2024_01,monthly,2016_m06,2016-06-01,2016,6,,1,all_cvd,all,all,hospital_registered,monthly_same_month_previous_5yr_mean,50.4,50.4,count,252,,5,final,bnr_sdc_v1,0,0,cvd_2023_12,,,,not_applicable,0,0,0,none,No disclosure restriction identified.,No disclosure restriction identified.
CVD-BURDEN-001,cvd_2024_01,monthly,2016_m06,2016-06-01,2016,6,,1,all_cvd,female,all,hospital_registered,monthly_count,33,33,count,33,,,final,bnr_sdc_v1,0,0,cvd_2023_12,,,,not_applicable,0,0,0,none,No disclosure restriction identified.,No disclosure restriction identified.
CVD-BURDEN-001,cvd_2024_01,monthly,2016_m06,2016-06-01,2016,6,,1,all_cvd,female,all,hospital_registered,monthly_same_month_previous_5yr_mean,21.4,21.4,count,107,,5,final,bnr_sdc_v1,0,0,cvd_2023_12,,,,not_applicable,0,0,0,none,No disclosure restriction identified.,No disclosure restriction identified.
CVD-BURDEN-001,cvd_2024_01,monthly,2016_m06,2016-06-01,2016,6,,1,all_cvd,male,all,hospital_registered,monthly_count,20,20,count,20,,,final,bnr_sdc_v1,0,0,cvd_2023_12,,,,not_applicable,0,0,0,none,No disclosure restriction identified.,No disclosure restriction identified.
CVD-BURDEN-001,cvd_2024_01,monthly,2016_m06,2016-06-01,2016,6,,1,all_cvd,male,all,hospital_registered,monthly_same_month_previous_5yr_mean,29,29,count,145,,5,final,bnr_sdc_v1,0,0,cvd_2023_12,,,,not_applicable,0,0,0,none,No disclosure restriction identified.,No disclosure restriction identified.
CVD-BURDEN-001,cvd_2024_01,monthly,2016_m07,2016-07-01,2016,7,,1,all_cvd,all,all,hospital_registered,monthly_count,64,64,count,64,,,final,bnr_sdc_v1,0,0,cvd_2023_12,,,,not_applicable,0,0,0,none,No disclosure restriction identified.,No disclosure restriction identified.
CVD-BURDEN-001,cvd_2024_01,monthly,2016_m07,2016-07-01,2016,7,,1,all_cvd,all,all,hospital_registered,monthly_same_month_previous_5yr_mean,54.2,54.2,count,271,,5,final,bnr_sdc_v1,0,0,cvd_2023_12,,,,not_applicable,0,0,0,none,No disclosure restriction identified.,No disclosure restriction identified.
CVD-BURDEN-001,cvd_2024_01,monthly,2016_m07,2016-07-01,2016,7,,1,all_cvd,female,all,hospital_registered,monthly_count,32,32,count,32,,,final,bnr_sdc_v1,0,0,cvd_2023_12,,,,not_applicable,0,0,0,none,No disclosure restriction identified.,No disclosure restriction identified.
CVD-BURDEN-001,cvd_2024_01,monthly,2016_m07,2016-07-01,2016,7,,1,all_cvd,female,all,hospital_registered,monthly_same_month_previous_5yr_mean,25.4,25.4,count,127,,5,final,bnr_sdc_v1,0,0,cvd_2023_12,,,,not_applicable,0,0,0,none,No disclosure restriction identified.,No disclosure restriction identified.
CVD-BURDEN-001,cvd_2024_01,monthly,2016_m07,2016-07-01,2016,7,,1,all_cvd,male,all,hospital_registered,monthly_count,32,32,count,32,,,final,bnr_sdc_v1,0,0,cvd_2023_12,,,,not_applicable,0,0,0,none,No disclosure restriction identified.,No disclosure restriction identified.
CVD-BURDEN-001,cvd_2024_01,monthly,2016_m07,2016-07-01,2016,7,,1,all_cvd,male,all,hospital_registered,monthly_same_month_previous_5yr_mean,28.8,28.8,count,144,,5,final,bnr_sdc_v1,0,0,cvd_2023_12,,,,not_applicable,0,0,0,none,No disclosure restriction identified.,No disclosure restriction identified.
CVD-BURDEN-001,cvd_2024_01,monthly,2016_m08,2016-08-01,2016,8,,1,all_cvd,all,all,hospital_registered,monthly_count,68,68,count,68,,,final,bnr_sdc_v1,0,0,cvd_2023_12,,,,not_applicable,0,0,0,none,No disclosure restriction identified.,No disclosure restriction identified.
CVD-BURDEN-001,cvd_2024_01,monthly,2016_m08,2016-08-01,2016,8,,1,all_cvd,all,all,hospital_registered,monthly_same_month_previous_5yr_mean,54.2,54.2,count,271,,5,final,bnr_sdc_v1,0,0,cvd_2023_12,,,,not_applicable,0,0,0,none,No disclosure restriction identified.,No disclosure restriction identified.
CVD-BURDEN-001,cvd_2024_01,monthly,2016_m08,2016-08-01,2016,8,,1,all_cvd,female,all,hospital_registered,monthly_count,34,34,count,34,,,final,bnr_sdc_v1,0,0,cvd_2023_12,,,,not_applicable,0,0,0,none,No disclosure restriction identified.,No disclosure restriction identified.
CVD-BURDEN-001,cvd_2024_01,monthly,2016_m08,2016-08-01,2016,8,,1,all_cvd,female,all,hospital_registered,monthly_same_month_previous_5yr_mean,28.2,28.2,count,141,,5,final,bnr_sdc_v1,0,0,cvd_2023_12,,,,not_applicable,0,0,0,none,No disclosure restriction identified.,No disclosure restriction identified.
CVD-BURDEN-001,cvd_2024_01,monthly,2016_m08,2016-08-01,2016,8,,1,all_cvd,male,all,hospital_registered,monthly_count,34,34,count,34,,,final,bnr_sdc_v1,0,0,cvd_2023_12,,,,not_applicable,0,0,0,none,No disclosure restriction identified.,No disclosure restriction identified.
CVD-BURDEN-001,cvd_2024_01,monthly,2016_m08,2016-08-01,2016,8,,1,all_cvd,male,all,hospital_registered,monthly_same_month_previous_5yr_mean,26,26,count,130,,5,final,bnr_sdc_v1,0,0,cvd_2023_12,,,,not_applicable,0,0,0,none,No disclosure restriction identified.,No disclosure restriction identified.
CVD-BURDEN-001,cvd_2024_01,monthly,2016_m09,2016-09-01,2016,9,,1,all_cvd,all,all,hospital_registered,monthly_count,67,67,count,67,,,final,bnr_sdc_v1,0,0,cvd_2023_12,,,,not_applicable,0,0,0,none,No disclosure restriction identified.,No disclosure restriction identified.
CVD-BURDEN-001,cvd_2024_01,monthly,2016_m09,2016-09-01,2016,9,,1,all_cvd,all,all,hospital_registered,monthly_same_month_previous_5yr_mean,47.2,47.2,count,236,,5,final,bnr_sdc_v1,0,0,cvd_2023_12,,,,not_applicable,0,0,0,none,No disclosure restriction identified.,No disclosure restriction identified.
CVD-BURDEN-001,cvd_2024_01,monthly,2016_m09,2016-09-01,2016,9,,1,all_cvd,female,all,hospital_registered,monthly_count,41,41,count,41,,,final,bnr_sdc_v1,0,0,cvd_2023_12,,,,not_applicable,0,0,0,none,No disclosure restriction identified.,No disclosure restriction identified.
CVD-BURDEN-001,cvd_2024_01,monthly,2016_m09,2016-09-01,2016,9,,1,all_cvd,female,all,hospital_registered,monthly_same_month_previous_5yr_mean,27.6,27.6,count,138,,5,final,bnr_sdc_v1,0,0,cvd_2023_12,,,,not_applicable,0,0,0,none,No disclosure restriction identified.,No disclosure restriction identified.
CVD-BURDEN-001,cvd_2024_01,monthly,2016_m09,2016-09-01,2016,9,,1,all_cvd,male,all,hospital_registered,monthly_count,26,26,count,26,,,final,bnr_sdc_v1,0,0,cvd_2023_12,,,,not_applicable,0,0,0,none,No disclosure restriction identified.,No disclosure restriction identified.
CVD-BURDEN-001,cvd_2024_01,monthly,2016_m09,2016-09-01,2016,9,,1,all_cvd,male,all,hospital_registered,monthly_same_month_previous_5yr_mean,19.6,19.6,count,98,,5,final,bnr_sdc_v1,0,0,cvd_2023_12,,,,not_applicable,0,0,0,none,No disclosure restriction identified.,No disclosure restriction identified.
CVD-BURDEN-001,cvd_2024_01,monthly,2016_m10,2016-10-01,2016,10,,1,all_cvd,all,all,hospital_registered,monthly_count,66,66,count,66,,,final,bnr_sdc_v1,0,0,cvd_2023_12,,,,not_applicable,0,0,0,none,No disclosure restriction identified.,No disclosure restriction identified.
CVD-BURDEN-001,cvd_2024_01,monthly,2016_m10,2016-10-01,2016,10,,1,all_cvd,all,all,hospital_registered,monthly_same_month_previous_5yr_mean,57,57,count,285,,5,final,bnr_sdc_v1,0,0,cvd_2023_12,,,,not_applicable,0,0,0,none,No disclosure restriction identified.,No disclosure restriction identified.
CVD-BURDEN-001,cvd_2024_01,monthly,2016_m10,2016-10-01,2016,10,,1,all_cvd,female,all,hospital_registered,monthly_count,34,34,count,34,,,final,bnr_sdc_v1,0,0,cvd_2023_12,,,,not_applicable,0,0,0,none,No disclosure restriction identified.,No disclosure restriction identified.
CVD-BURDEN-001,cvd_2024_01,monthly,2016_m10,2016-10-01,2016,10,,1,all_cvd,female,all,hospital_registered,monthly_same_month_previous_5yr_mean,29.6,29.6,count,148,,5,final,bnr_sdc_v1,0,0,cvd_2023_12,,,,not_applicable,0,0,0,none,No disclosure restriction identified.,No disclosure restriction identified.
CVD-BURDEN-001,cvd_2024_01,monthly,2016_m10,2016-10-01,2016,10,,1,all_cvd,male,all,hospital_registered,monthly_count,32,32,count,32,,,final,bnr_sdc_v1,0,0,cvd_2023_12,,,,not_applicable,0,0,0,none,No disclosure restriction identified.,No disclosure restriction identified.
CVD-BURDEN-001,cvd_2024_01,monthly,2016_m10,2016-10-01,2016,10,,1,all_cvd,male,all,hospital_registered,monthly_same_month_previous_5yr_mean,27.4,27.4,count,137,,5,final,bnr_sdc_v1,0,0,cvd_2023_12,,,,not_applicable,0,0,0,none,No disclosure restriction identified.,No disclosure restriction identified.
CVD-BURDEN-001,cvd_2024_01,monthly,2016_m11,2016-11-01,2016,11,,1,all_cvd,all,all,hospital_registered,monthly_count,63,63,count,63,,,final,bnr_sdc_v1,0,0,cvd_2023_12,,,,not_applicable,0,0,0,none,No disclosure restriction identified.,No disclosure restriction identified.
CVD-BURDEN-001,cvd_2024_01,monthly,2016_m11,2016-11-01,2016,11,,1,all_cvd,all,all,hospital_registered,monthly_same_month_previous_5yr_mean,50,50,count,250,,5,final,bnr_sdc_v1,0,0,cvd_2023_12,,,,not_applicable,0,0,0,none,No disclosure restriction identified.,No disclosure restriction identified.
CVD-BURDEN-001,cvd_2024_01,monthly,2016_m11,2016-11-01,2016,11,,1,all_cvd,female,all,hospital_registered,monthly_count,29,29,count,29,,,final,bnr_sdc_v1,0,0,cvd_2023_12,,,,not_applicable,0,0,0,none,No disclosure restriction identified.,No disclosure restriction identified.
CVD-BURDEN-001,cvd_2024_01,monthly,2016_m11,2016-11-01,2016,11,,1,all_cvd,female,all,hospital_registered,monthly_same_month_previous_5yr_mean,25.4,25.4,count,127,,5,final,bnr_sdc_v1,0,0,cvd_2023_12,,,,not_applicable,0,0,0,none,No disclosure restriction identified.,No disclosure restriction identified.
CVD-BURDEN-001,cvd_2024_01,monthly,2016_m11,2016-11-01,2016,11,,1,all_cvd,male,all,hospital_registered,monthly_count,34,34,count,34,,,final,bnr_sdc_v1,0,0,cvd_2023_12,,,,not_applicable,0,0,0,none,No disclosure restriction identified.,No disclosure restriction identified.
CVD-BURDEN-001,cvd_2024_01,monthly,2016_m11,2016-11-01,2016,11,,1,all_cvd,male,all,hospital_registered,monthly_same_month_previous_5yr_mean,24.6,24.6,count,123,,5,final,bnr_sdc_v1,0,0,cvd_2023_12,,,,not_applicable,0,0,0,none,No disclosure restriction identified.,No disclosure restriction identified.
CVD-BURDEN-001,cvd_2024_01,monthly,2016_m12,2016-12-01,2016,12,,1,all_cvd,all,all,hospital_registered,monthly_count,65,65,count,65,,,final,bnr_sdc_v1,0,0,cvd_2023_12,,,,not_applicable,0,0,0,none,No disclosure restriction identified.,No disclosure restriction identified.
CVD-BURDEN-001,cvd_2024_01,monthly,2016_m12,2016-12-01,2016,12,,1,all_cvd,all,all,hospital_registered,monthly_same_month_previous_5yr_mean,53.2,53.2,count,266,,5,final,bnr_sdc_v1,0,0,cvd_2023_12,,,,not_applicable,0,0,0,none,No disclosure restriction identified.,No disclosure restriction identified.
CVD-BURDEN-001,cvd_2024_01,monthly,2016_m12,2016-12-01,2016,12,,1,all_cvd,female,all,hospital_registered,monthly_count,35,35,count,35,,,final,bnr_sdc_v1,0,0,cvd_2023_12,,,,not_applicable,0,0,0,none,No disclosure restriction identified.,No disclosure restriction identified.
CVD-BURDEN-001,cvd_2024_01,monthly,2016_m12,2016-12-01,2016,12,,1,all_cvd,female,all,hospital_registered,monthly_same_month_previous_5yr_mean,26,26,count,130,,5,final,bnr_sdc_v1,0,0,cvd_2023_12,,,,not_applicable,0,0,0,none,No disclosure restriction identified.,No disclosure restriction identified.
CVD-BURDEN-001,cvd_2024_01,monthly,2016_m12,2016-12-01,2016,12,,1,all_cvd,male,all,hospital_registered,monthly_count,30,30,count,30,,,final,bnr_sdc_v1,0,0,cvd_2023_12,,,,not_applicable,0,0,0,none,No disclosure restriction identified.,No disclosure restriction identified.
CVD-BURDEN-001,cvd_2024_01,monthly,2016_m12,2016-12-01,2016,12,,1,all_cvd,male,all,hospital_registered,monthly_same_month_previous_5yr_mean,27.2,27.2,count,136,,5,final,bnr_sdc_v1,0,0,cvd_2023_12,,,,not_applicable,0,0,0,none,No disclosure restriction identified.,No disclosure restriction identified.
CVD-BURDEN-001,cvd_2024_01,monthly,2017_m01,2017-01-01,2017,1,,1,all_cvd,all,all,hospital_registered,monthly_count,78,78,count,78,,,final,bnr_sdc_v1,0,0,cvd_2023_12,,,,not_applicable,0,0,0,none,No disclosure restriction identified.,No disclosure restriction identified.
CVD-BURDEN-001,cvd_2024_01,monthly,2017_m01,2017-01-01,2017,1,,1,all_cvd,all,all,hospital_registered,monthly_same_month_previous_5yr_mean,68.40000000000001,68.4,count,342,,5,final,bnr_sdc_v1,0,0,cvd_2023_12,,,,not_applicable,0,0,0,none,No disclosure restriction identified.,No disclosure restriction identified.
CVD-BURDEN-001,cvd_2024_01,monthly,2017_m01,2017-01-01,2017,1,,1,all_cvd,female,all,hospital_registered,monthly_count,39,39,count,39,,,final,bnr_sdc_v1,0,0,cvd_2023_12,,,,not_applicable,0,0,0,none,No disclosure restriction identified.,No disclosure restriction identified.
CVD-BURDEN-001,cvd_2024_01,monthly,2017_m01,2017-01-01,2017,1,,1,all_cvd,female,all,hospital_registered,monthly_same_month_previous_5yr_mean,35,35,count,175,,5,final,bnr_sdc_v1,0,0,cvd_2023_12,,,,not_applicable,0,0,0,none,No disclosure restriction identified.,No disclosure restriction identified.
CVD-BURDEN-001,cvd_2024_01,monthly,2017_m01,2017-01-01,2017,1,,1,all_cvd,male,all,hospital_registered,monthly_count,39,39,count,39,,,final,bnr_sdc_v1,0,0,cvd_2023_12,,,,not_applicable,0,0,0,none,No disclosure restriction identified.,No disclosure restriction identified.
CVD-BURDEN-001,cvd_2024_01,monthly,2017_m01,2017-01-01,2017,1,,1,all_cvd,male,all,hospital_registered,monthly_same_month_previous_5yr_mean,33.4,33.4,count,167,,5,final,bnr_sdc_v1,0,0,cvd_2023_12,,,,not_applicable,0,0,0,none,No disclosure restriction identified.,No disclosure restriction identified.
CVD-BURDEN-001,cvd_2024_01,monthly,2017_m02,2017-02-01,2017,2,,1,all_cvd,all,all,hospital_registered,monthly_count,69,69,count,69,,,final,bnr_sdc_v1,0,0,cvd_2023_12,,,,not_applicable,0,0,0,none,No disclosure restriction identified.,No disclosure restriction identified.
CVD-BURDEN-001,cvd_2024_01,monthly,2017_m02,2017-02-01,2017,2,,1,all_cvd,all,all,hospital_registered,monthly_same_month_previous_5yr_mean,55.2,55.2,count,276,,5,final,bnr_sdc_v1,0,0,cvd_2023_12,,,,not_applicable,0,0,0,none,No disclosure restriction identified.,No disclosure restriction identified.
CVD-BURDEN-001,cvd_2024_01,monthly,2017_m02,2017-02-01,2017,2,,1,all_cvd,female,all,hospital_registered,monthly_count,38,38,count,38,,,final,bnr_sdc_v1,0,0,cvd_2023_12,,,,not_applicable,0,0,0,none,No disclosure restriction identified.,No disclosure restriction identified.
CVD-BURDEN-001,cvd_2024_01,monthly,2017_m02,2017-02-01,2017,2,,1,all_cvd,female,all,hospital_registered,monthly_same_month_previous_5yr_mean,25.8,25.8,count,129,,5,final,bnr_sdc_v1,0,0,cvd_2023_12,,,,not_applicable,0,0,0,none,No disclosure restriction identified.,No disclosure restriction identified.
CVD-BURDEN-001,cvd_2024_01,monthly,2017_m02,2017-02-01,2017,2,,1,all_cvd,male,all,hospital_registered,monthly_count,31,31,count,31,,,final,bnr_sdc_v1,0,0,cvd_2023_12,,,,not_applicable,0,0,0,none,No disclosure restriction identified.,No disclosure restriction identified.
CVD-BURDEN-001,cvd_2024_01,monthly,2017_m02,2017-02-01,2017,2,,1,all_cvd,male,all,hospital_registered,monthly_same_month_previous_5yr_mean,29.4,29.4,count,147,,5,final,bnr_sdc_v1,0,0,cvd_2023_12,,,,not_applicable,0,0,0,none,No disclosure restriction identified.,No disclosure restriction identified.
CVD-BURDEN-001,cvd_2024_01,monthly,2017_m03,2017-03-01,2017,3,,1,all_cvd,all,all,hospital_registered,monthly_count,74,74,count,74,,,final,bnr_sdc_v1,0,0,cvd_2023_12,,,,not_applicable,0,0,0,none,No disclosure restriction identified.,No disclosure restriction identified.
CVD-BURDEN-001,cvd_2024_01,monthly,2017_m03,2017-03-01,2017,3,,1,all_cvd,all,all,hospital_registered,monthly_same_month_previous_5yr_mean,58.8,58.8,count,294,,5,final,bnr_sdc_v1,0,0,cvd_2023_12,,,,not_applicable,0,0,0,none,No disclosure restriction identified.,No disclosure restriction identified.
CVD-BURDEN-001,cvd_2024_01,monthly,2017_m03,2017-03-01,2017,3,,1,all_cvd,female,all,hospital_registered,monthly_count,34,34,count,34,,,final,bnr_sdc_v1,0,0,cvd_2023_12,,,,not_applicable,0,0,0,none,No disclosure restriction identified.,No disclosure restriction identified.
CVD-BURDEN-001,cvd_2024_01,monthly,2017_m03,2017-03-01,2017,3,,1,all_cvd,female,all,hospital_registered,monthly_same_month_previous_5yr_mean,29.8,29.8,count,149,,5,final,bnr_sdc_v1,0,0,cvd_2023_12,,,,not_applicable,0,0,0,none,No disclosure restriction identified.,No disclosure restriction identified.
CVD-BURDEN-001,cvd_2024_01,monthly,2017_m03,2017-03-01,2017,3,,1,all_cvd,male,all,hospital_registered,monthly_count,40,40,count,40,,,final,bnr_sdc_v1,0,0,cvd_2023_12,,,,not_applicable,0,0,0,none,No disclosure restriction identified.,No disclosure restriction identified.
CVD-BURDEN-001,cvd_2024_01,monthly,2017_m03,2017-03-01,2017,3,,1,all_cvd,male,all,hospital_registered,monthly_same_month_previous_5yr_mean,29,29,count,145,,5,final,bnr_sdc_v1,0,0,cvd_2023_12,,,,not_applicable,0,0,0,none,No disclosure restriction identified.,No disclosure restriction identified.
CVD-BURDEN-001,cvd_2024_01,monthly,2017_m04,2017-04-01,2017,4,,1,all_cvd,all,all,hospital_registered,monthly_count,69,69,count,69,,,final,bnr_sdc_v1,0,0,cvd_2023_12,,,,not_applicable,0,0,0,none,No disclosure restriction identified.,No disclosure restriction identified.
CVD-BURDEN-001,cvd_2024_01,monthly,2017_m04,2017-04-01,2017,4,,1,all_cvd,all,all,hospital_registered,monthly_same_month_previous_5yr_mean,56.8,56.8,count,284,,5,final,bnr_sdc_v1,0,0,cvd_2023_12,,,,not_applicable,0,0,0,none,No disclosure restriction identified.,No disclosure restriction identified.
CVD-BURDEN-001,cvd_2024_01,monthly,2017_m04,2017-04-01,2017,4,,1,all_cvd,female,all,hospital_registered,monthly_count,31,31,count,31,,,final,bnr_sdc_v1,0,0,cvd_2023_12,,,,not_applicable,0,0,0,none,No disclosure restriction identified.,No disclosure restriction identified.
CVD-BURDEN-001,cvd_2024_01,monthly,2017_m04,2017-04-01,2017,4,,1,all_cvd,female,all,hospital_registered,monthly_same_month_previous_5yr_mean,28.8,28.8,count,144,,5,final,bnr_sdc_v1,0,0,cvd_2023_12,,,,not_applicable,0,0,0,none,No disclosure restriction identified.,No disclosure restriction identified.
CVD-BURDEN-001,cvd_2024_01,monthly,2017_m04,2017-04-01,2017,4,,1,all_cvd,male,all,hospital_registered,monthly_count,38,38,count,38,,,final,bnr_sdc_v1,0,0,cvd_2023_12,,,,not_applicable,0,0,0,none,No disclosure restriction identified.,No disclosure restriction identified.
CVD-BURDEN-001,cvd_2024_01,monthly,2017_m04,2017-04-01,2017,4,,1,all_cvd,male,all,hospital_registered,monthly_same_month_previous_5yr_mean,28,28,count,140,,5,final,bnr_sdc_v1,0,0,cvd_2023_12,,,,not_applicable,0,0,0,none,No disclosure restriction identified.,No disclosure restriction identified.
CVD-BURDEN-001,cvd_2024_01,monthly,2017_m05,2017-05-01,2017,5,,1,all_cvd,all,all,hospital_registered,monthly_count,63,63,count,63,,,final,bnr_sdc_v1,0,0,cvd_2023_12,,,,not_applicable,0,0,0,none,No disclosure restriction identified.,No disclosure restriction identified.
CVD-BURDEN-001,cvd_2024_01,monthly,2017_m05,2017-05-01,2017,5,,1,all_cvd,all,all,hospital_registered,monthly_same_month_previous_5yr_mean,57.2,57.2,count,286,,5,final,bnr_sdc_v1,0,0,cvd_2023_12,,,,not_applicable,0,0,0,none,No disclosure restriction identified.,No disclosure restriction identified.
CVD-BURDEN-001,cvd_2024_01,monthly,2017_m05,2017-05-01,2017,5,,1,all_cvd,female,all,hospital_registered,monthly_count,33,33,count,33,,,final,bnr_sdc_v1,0,0,cvd_2023_12,,,,not_applicable,0,0,0,none,No disclosure restriction identified.,No disclosure restriction identified.
CVD-BURDEN-001,cvd_2024_01,monthly,2017_m05,2017-05-01,2017,5,,1,all_cvd,female,all,hospital_registered,monthly_same_month_previous_5yr_mean,27.8,27.8,count,139,,5,final,bnr_sdc_v1,0,0,cvd_2023_12,,,,not_applicable,0,0,0,none,No disclosure restriction identified.,No disclosure restriction identified.
CVD-BURDEN-001,cvd_2024_01,monthly,2017_m05,2017-05-01,2017,5,,1,all_cvd,male,all,hospital_registered,monthly_count,30,30,count,30,,,final,bnr_sdc_v1,0,0,cvd_2023_12,,,,not_applicable,0,0,0,none,No disclosure restriction identified.,No disclosure restriction identified.
CVD-BURDEN-001,cvd_2024_01,monthly,2017_m05,2017-05-01,2017,5,,1,all_cvd,male,all,hospital_registered,monthly_same_month_previous_5yr_mean,29.4,29.4,count,147,,5,final,bnr_sdc_v1,0,0,cvd_2023_12,,,,not_applicable,0,0,0,none,No disclosure restriction identified.,No disclosure restriction identified.
CVD-BURDEN-001,cvd_2024_01,monthly,2017_m06,2017-06-01,2017,6,,1,all_cvd,all,all,hospital_registered,monthly_count,66,66,count,66,,,final,bnr_sdc_v1,0,0,cvd_2023_12,,,,not_applicable,0,0,0,none,No disclosure restriction identified.,No disclosure restriction identified.
CVD-BURDEN-001,cvd_2024_01,monthly,2017_m06,2017-06-01,2017,6,,1,all_cvd,all,all,hospital_registered,monthly_same_month_previous_5yr_mean,54.8,54.8,count,274,,5,final,bnr_sdc_v1,0,0,cvd_2023_12,,,,not_applicable,0,0,0,none,No disclosure restriction identified.,No disclosure restriction identified.
CVD-BURDEN-001,cvd_2024_01,monthly,2017_m06,2017-06-01,2017,6,,1,all_cvd,female,all,hospital_registered,monthly_count,34,34,count,34,,,final,bnr_sdc_v1,0,0,cvd_2023_12,,,,not_applicable,0,0,0,none,No disclosure restriction identified.,No disclosure restriction identified.
CVD-BURDEN-001,cvd_2024_01,monthly,2017_m06,2017-06-01,2017,6,,1,all_cvd,female,all,hospital_registered,monthly_same_month_previous_5yr_mean,25.6,25.6,count,128,,5,final,bnr_sdc_v1,0,0,cvd_2023_12,,,,not_applicable,0,0,0,none,No disclosure restriction identified.,No disclosure restriction identified.
CVD-BURDEN-001,cvd_2024_01,monthly,2017_m06,2017-06-01,2017,6,,1,all_cvd,male,all,hospital_registered,monthly_count,32,32,count,32,,,final,bnr_sdc_v1,0,0,cvd_2023_12,,,,not_applicable,0,0,0,none,No disclosure restriction identified.,No disclosure restriction identified.
CVD-BURDEN-001,cvd_2024_01,monthly,2017_m06,2017-06-01,2017,6,,1,all_cvd,male,all,hospital_registered,monthly_same_month_previous_5yr_mean,29.2,29.2,count,146,,5,final,bnr_sdc_v1,0,0,cvd_2023_12,,,,not_applicable,0,0,0,none,No disclosure restriction identified.,No disclosure restriction identified.
CVD-BURDEN-001,cvd_2024_01,monthly,2017_m07,2017-07-01,2017,7,,1,all_cvd,all,all,hospital_registered,monthly_count,69,69,count,69,,,final,bnr_sdc_v1,0,0,cvd_2023_12,,,,not_applicable,0,0,0,none,No disclosure restriction identified.,No disclosure restriction identified.
CVD-BURDEN-001,cvd_2024_01,monthly,2017_m07,2017-07-01,2017,7,,1,all_cvd,all,all,hospital_registered,monthly_same_month_previous_5yr_mean,59.2,59.2,count,296,,5,final,bnr_sdc_v1,0,0,cvd_2023_12,,,,not_applicable,0,0,0,none,No disclosure restriction identified.,No disclosure restriction identified.
CVD-BURDEN-001,cvd_2024_01,monthly,2017_m07,2017-07-01,2017,7,,1,all_cvd,female,all,hospital_registered,monthly_count,32,32,count,32,,,final,bnr_sdc_v1,0,0,cvd_2023_12,,,,not_applicable,0,0,0,none,No disclosure restriction identified.,No disclosure restriction identified.
CVD-BURDEN-001,cvd_2024_01,monthly,2017_m07,2017-07-01,2017,7,,1,all_cvd,female,all,hospital_registered,monthly_same_month_previous_5yr_mean,28.8,28.8,count,144,,5,final,bnr_sdc_v1,0,0,cvd_2023_12,,,,not_applicable,0,0,0,none,No disclosure restriction identified.,No disclosure restriction identified.
CVD-BURDEN-001,cvd_2024_01,monthly,2017_m07,2017-07-01,2017,7,,1,all_cvd,male,all,hospital_registered,monthly_count,37,37,count,37,,,final,bnr_sdc_v1,0,0,cvd_2023_12,,,,not_applicable,0,0,0,none,No disclosure restriction identified.,No disclosure restriction identified.
CVD-BURDEN-001,cvd_2024_01,monthly,2017_m07,2017-07-01,2017,7,,1,all_cvd,male,all,hospital_registered,monthly_same_month_previous_5yr_mean,30.4,30.4,count,152,,5,final,bnr_sdc_v1,0,0,cvd_2023_12,,,,not_applicable,0,0,0,none,No disclosure restriction identified.,No disclosure restriction identified.
CVD-BURDEN-001,cvd_2024_01,monthly,2017_m08,2017-08-01,2017,8,,1,all_cvd,all,all,hospital_registered,monthly_count,61,61,count,61,,,final,bnr_sdc_v1,0,0,cvd_2023_12,,,,not_applicable,0,0,0,none,No disclosure restriction identified.,No disclosure restriction identified.
CVD-BURDEN-001,cvd_2024_01,monthly,2017_m08,2017-08-01,2017,8,,1,all_cvd,all,all,hospital_registered,monthly_same_month_previous_5yr_mean,59.4,59.4,count,297,,5,final,bnr_sdc_v1,0,0,cvd_2023_12,,,,not_applicable,0,0,0,none,No disclosure restriction identified.,No disclosure restriction identified.
CVD-BURDEN-001,cvd_2024_01,monthly,2017_m08,2017-08-01,2017,8,,1,all_cvd,female,all,hospital_registered,monthly_count,31,31,count,31,,,final,bnr_sdc_v1,0,0,cvd_2023_12,,,,not_applicable,0,0,0,none,No disclosure restriction identified.,No disclosure restriction identified.
CVD-BURDEN-001,cvd_2024_01,monthly,2017_m08,2017-08-01,2017,8,,1,all_cvd,female,all,hospital_registered,monthly_same_month_previous_5yr_mean,30.6,30.6,count,153,,5,final,bnr_sdc_v1,0,0,cvd_2023_12,,,,not_applicable,0,0,0,none,No disclosure restriction identified.,No disclosure restriction identified.
CVD-BURDEN-001,cvd_2024_01,monthly,2017_m08,2017-08-01,2017,8,,1,all_cvd,male,all,hospital_registered,monthly_count,30,30,count,30,,,final,bnr_sdc_v1,0,0,cvd_2023_12,,,,not_applicable,0,0,0,none,No disclosure restriction identified.,No disclosure restriction identified.
CVD-BURDEN-001,cvd_2024_01,monthly,2017_m08,2017-08-01,2017,8,,1,all_cvd,male,all,hospital_registered,monthly_same_month_previous_5yr_mean,28.8,28.8,count,144,,5,final,bnr_sdc_v1,0,0,cvd_2023_12,,,,not_applicable,0,0,0,none,No disclosure restriction identified.,No disclosure restriction identified.
CVD-BURDEN-001,cvd_2024_01,monthly,2017_m09,2017-09-01,2017,9,,1,all_cvd,all,all,hospital_registered,monthly_count,59,59,count,59,,,final,bnr_sdc_v1,0,0,cvd_2023_12,,,,not_applicable,0,0,0,none,No disclosure restriction identified.,No disclosure restriction identified.
CVD-BURDEN-001,cvd_2024_01,monthly,2017_m09,2017-09-01,2017,9,,1,all_cvd,all,all,hospital_registered,monthly_same_month_previous_5yr_mean,53,53,count,265,,5,final,bnr_sdc_v1,0,0,cvd_2023_12,,,,not_applicable,0,0,0,none,No disclosure restriction identified.,No disclosure restriction identified.
CVD-BURDEN-001,cvd_2024_01,monthly,2017_m09,2017-09-01,2017,9,,1,all_cvd,female,all,hospital_registered,monthly_count,28,28,count,28,,,final,bnr_sdc_v1,0,0,cvd_2023_12,,,,not_applicable,0,0,0,none,No disclosure restriction identified.,No disclosure restriction identified.
CVD-BURDEN-001,cvd_2024_01,monthly,2017_m09,2017-09-01,2017,9,,1,all_cvd,female,all,hospital_registered,monthly_same_month_previous_5yr_mean,31.2,31.2,count,156,,5,final,bnr_sdc_v1,0,0,cvd_2023_12,,,,not_applicable,0,0,0,none,No disclosure restriction identified.,No disclosure restriction identified.
CVD-BURDEN-001,cvd_2024_01,monthly,2017_m09,2017-09-01,2017,9,,1,all_cvd,male,all,hospital_registered,monthly_count,31,31,count,31,,,final,bnr_sdc_v1,0,0,cvd_2023_12,,,,not_applicable,0,0,0,none,No disclosure restriction identified.,No disclosure restriction identified.
CVD-BURDEN-001,cvd_2024_01,monthly,2017_m09,2017-09-01,2017,9,,1,all_cvd,male,all,hospital_registered,monthly_same_month_previous_5yr_mean,21.8,21.8,count,109,,5,final,bnr_sdc_v1,0,0,cvd_2023_12,,,,not_applicable,0,0,0,none,No disclosure restriction identified.,No disclosure restriction identified.
CVD-BURDEN-001,cvd_2024_01,monthly,2017_m10,2017-10-01,2017,10,,1,all_cvd,all,all,hospital_registered,monthly_count,72,72,count,72,,,final,bnr_sdc_v1,0,0,cvd_2023_12,,,,not_applicable,0,0,0,none,No disclosure restriction identified.,No disclosure restriction identified.
CVD-BURDEN-001,cvd_2024_01,monthly,2017_m10,2017-10-01,2017,10,,1,all_cvd,all,all,hospital_registered,monthly_same_month_previous_5yr_mean,60,60,count,300,,5,final,bnr_sdc_v1,0,0,cvd_2023_12,,,,not_applicable,0,0,0,none,No disclosure restriction identified.,No disclosure restriction identified.
CVD-BURDEN-001,cvd_2024_01,monthly,2017_m10,2017-10-01,2017,10,,1,all_cvd,female,all,hospital_registered,monthly_count,37,37,count,37,,,final,bnr_sdc_v1,0,0,cvd_2023_12,,,,not_applicable,0,0,0,none,No disclosure restriction identified.,No disclosure restriction identified.
CVD-BURDEN-001,cvd_2024_01,monthly,2017_m10,2017-10-01,2017,10,,1,all_cvd,female,all,hospital_registered,monthly_same_month_previous_5yr_mean,32.4,32.4,count,162,,5,final,bnr_sdc_v1,0,0,cvd_2023_12,,,,not_applicable,0,0,0,none,No disclosure restriction identified.,No disclosure restriction identified.
CVD-BURDEN-001,cvd_2024_01,monthly,2017_m10,2017-10-01,2017,10,,1,all_cvd,male,all,hospital_registered,monthly_count,35,35,count,35,,,final,bnr_sdc_v1,0,0,cvd_2023_12,,,,not_applicable,0,0,0,none,No disclosure restriction identified.,No disclosure restriction identified.
CVD-BURDEN-001,cvd_2024_01,monthly,2017_m10,2017-10-01,2017,10,,1,all_cvd,male,all,hospital_registered,monthly_same_month_previous_5yr_mean,27.6,27.6,count,138,,5,final,bnr_sdc_v1,0,0,cvd_2023_12,,,,not_applicable,0,0,0,none,No disclosure restriction identified.,No disclosure restriction identified.
CVD-BURDEN-001,cvd_2024_01,monthly,2017_m11,2017-11-01,2017,11,,1,all_cvd,all,all,hospital_registered,monthly_count,64,64,count,64,,,final,bnr_sdc_v1,0,0,cvd_2023_12,,,,not_applicable,0,0,0,none,No disclosure restriction identified.,No disclosure restriction identified.
CVD-BURDEN-001,cvd_2024_01,monthly,2017_m11,2017-11-01,2017,11,,1,all_cvd,all,all,hospital_registered,monthly_same_month_previous_5yr_mean,54.2,54.2,count,271,,5,final,bnr_sdc_v1,0,0,cvd_2023_12,,,,not_applicable,0,0,0,none,No disclosure restriction identified.,No disclosure restriction identified.
CVD-BURDEN-001,cvd_2024_01,monthly,2017_m11,2017-11-01,2017,11,,1,all_cvd,female,all,hospital_registered,monthly_count,37,37,count,37,,,final,bnr_sdc_v1,0,0,cvd_2023_12,,,,not_applicable,0,0,0,none,No disclosure restriction identified.,No disclosure restriction identified.
CVD-BURDEN-001,cvd_2024_01,monthly,2017_m11,2017-11-01,2017,11,,1,all_cvd,female,all,hospital_registered,monthly_same_month_previous_5yr_mean,27.2,27.2,count,136,,5,final,bnr_sdc_v1,0,0,cvd_2023_12,,,,not_applicable,0,0,0,none,No disclosure restriction identified.,No disclosure restriction identified.
CVD-BURDEN-001,cvd_2024_01,monthly,2017_m11,2017-11-01,2017,11,,1,all_cvd,male,all,hospital_registered,monthly_count,27,27,count,27,,,final,bnr_sdc_v1,0,0,cvd_2023_12,,,,not_applicable,0,0,0,none,No disclosure restriction identified.,No disclosure restriction identified.
CVD-BURDEN-001,cvd_2024_01,monthly,2017_m11,2017-11-01,2017,11,,1,all_cvd,male,all,hospital_registered,monthly_same_month_previous_5yr_mean,27,27,count,135,,5,final,bnr_sdc_v1,0,0,cvd_2023_12,,,,not_applicable,0,0,0,none,No disclosure restriction identified.,No disclosure restriction identified.
CVD-BURDEN-001,cvd_2024_01,monthly,2017_m12,2017-12-01,2017,12,,1,all_cvd,all,all,hospital_registered,monthly_count,78,78,count,78,,,final,bnr_sdc_v1,0,0,cvd_2023_12,,,,not_applicable,0,0,0,none,No disclosure restriction identified.,No disclosure restriction identified.
CVD-BURDEN-001,cvd_2024_01,monthly,2017_m12,2017-12-01,2017,12,,1,all_cvd,all,all,hospital_registered,monthly_same_month_previous_5yr_mean,57.2,57.2,count,286,,5,final,bnr_sdc_v1,0,0,cvd_2023_12,,,,not_applicable,0,0,0,none,No disclosure restriction identified.,No disclosure restriction identified.
CVD-BURDEN-001,cvd_2024_01,monthly,2017_m12,2017-12-01,2017,12,,1,all_cvd,female,all,hospital_registered,monthly_count,44,44,count,44,,,final,bnr_sdc_v1,0,0,cvd_2023_12,,,,not_applicable,0,0,0,none,No disclosure restriction identified.,No disclosure restriction identified.
CVD-BURDEN-001,cvd_2024_01,monthly,2017_m12,2017-12-01,2017,12,,1,all_cvd,female,all,hospital_registered,monthly_same_month_previous_5yr_mean,29.2,29.2,count,146,,5,final,bnr_sdc_v1,0,0,cvd_2023_12,,,,not_applicable,0,0,0,none,No disclosure restriction identified.,No disclosure restriction identified.
CVD-BURDEN-001,cvd_2024_01,monthly,2017_m12,2017-12-01,2017,12,,1,all_cvd,male,all,hospital_registered,monthly_count,34,34,count,34,,,final,bnr_sdc_v1,0,0,cvd_2023_12,,,,not_applicable,0,0,0,none,No disclosure restriction identified.,No disclosure restriction identified.
CVD-BURDEN-001,cvd_2024_01,monthly,2017_m12,2017-12-01,2017,12,,1,all_cvd,male,all,hospital_registered,monthly_same_month_previous_5yr_mean,28,28,count,140,,5,final,bnr_sdc_v1,0,0,cvd_2023_12,,,,not_applicable,0,0,0,none,No disclosure restriction identified.,No disclosure restriction identified.
CVD-BURDEN-001,cvd_2024_01,monthly,2018_m01,2018-01-01,2018,1,,1,all_cvd,all,all,hospital_registered,monthly_count,69,69,count,69,,,final,bnr_sdc_v1,0,0,cvd_2023_12,,,,not_applicable,0,0,0,none,No disclosure restriction identified.,No disclosure restriction identified.
CVD-BURDEN-001,cvd_2024_01,monthly,2018_m01,2018-01-01,2018,1,,1,all_cvd,all,all,hospital_registered,monthly_same_month_previous_5yr_mean,74,74,count,370,,5,final,bnr_sdc_v1,0,0,cvd_2023_12,,,,not_applicable,0,0,0,none,No disclosure restriction identified.,No disclosure restriction identified.
CVD-BURDEN-001,cvd_2024_01,monthly,2018_m01,2018-01-01,2018,1,,1,all_cvd,female,all,hospital_registered,monthly_count,35,35,count,35,,,final,bnr_sdc_v1,0,0,cvd_2023_12,,,,not_applicable,0,0,0,none,No disclosure restriction identified.,No disclosure restriction identified.
CVD-BURDEN-001,cvd_2024_01,monthly,2018_m01,2018-01-01,2018,1,,1,all_cvd,female,all,hospital_registered,monthly_same_month_previous_5yr_mean,38.2,38.2,count,191,,5,final,bnr_sdc_v1,0,0,cvd_2023_12,,,,not_applicable,0,0,0,none,No disclosure restriction identified.,No disclosure restriction identified.
CVD-BURDEN-001,cvd_2024_01,monthly,2018_m01,2018-01-01,2018,1,,1,all_cvd,male,all,hospital_registered,monthly_count,34,34,count,34,,,final,bnr_sdc_v1,0,0,cvd_2023_12,,,,not_applicable,0,0,0,none,No disclosure restriction identified.,No disclosure restriction identified.
CVD-BURDEN-001,cvd_2024_01,monthly,2018_m01,2018-01-01,2018,1,,1,all_cvd,male,all,hospital_registered,monthly_same_month_previous_5yr_mean,35.8,35.8,count,179,,5,final,bnr_sdc_v1,0,0,cvd_2023_12,,,,not_applicable,0,0,0,none,No disclosure restriction identified.,No disclosure restriction identified.
CVD-BURDEN-001,cvd_2024_01,monthly,2018_m02,2018-02-01,2018,2,,1,all_cvd,all,all,hospital_registered,monthly_count,69,69,count,69,,,final,bnr_sdc_v1,0,0,cvd_2023_12,,,,not_applicable,0,0,0,none,No disclosure restriction identified.,No disclosure restriction identified.
CVD-BURDEN-001,cvd_2024_01,monthly,2018_m02,2018-02-01,2018,2,,1,all_cvd,all,all,hospital_registered,monthly_same_month_previous_5yr_mean,60.4,60.4,count,302,,5,final,bnr_sdc_v1,0,0,cvd_2023_12,,,,not_applicable,0,0,0,none,No disclosure restriction identified.,No disclosure restriction identified.
CVD-BURDEN-001,cvd_2024_01,monthly,2018_m02,2018-02-01,2018,2,,1,all_cvd,female,all,hospital_registered,monthly_count,33,33,count,33,,,final,bnr_sdc_v1,0,0,cvd_2023_12,,,,not_applicable,0,0,0,none,No disclosure restriction identified.,No disclosure restriction identified.
CVD-BURDEN-001,cvd_2024_01,monthly,2018_m02,2018-02-01,2018,2,,1,all_cvd,female,all,hospital_registered,monthly_same_month_previous_5yr_mean,29.8,29.8,count,149,,5,final,bnr_sdc_v1,0,0,cvd_2023_12,,,,not_applicable,0,0,0,none,No disclosure restriction identified.,No disclosure restriction identified.
CVD-BURDEN-001,cvd_2024_01,monthly,2018_m02,2018-02-01,2018,2,,1,all_cvd,male,all,hospital_registered,monthly_count,36,36,count,36,,,final,bnr_sdc_v1,0,0,cvd_2023_12,,,,not_applicable,0,0,0,none,No disclosure restriction identified.,No disclosure restriction identified.
CVD-BURDEN-001,cvd_2024_01,monthly,2018_m02,2018-02-01,2018,2,,1,all_cvd,male,all,hospital_registered,monthly_same_month_previous_5yr_mean,30.6,30.6,count,153,,5,final,bnr_sdc_v1,0,0,cvd_2023_12,,,,not_applicable,0,0,0,none,No disclosure restriction identified.,No disclosure restriction identified.
CVD-BURDEN-001,cvd_2024_01,monthly,2018_m03,2018-03-01,2018,3,,1,all_cvd,all,all,hospital_registered,monthly_count,74,74,count,74,,,final,bnr_sdc_v1,0,0,cvd_2023_12,,,,not_applicable,0,0,0,none,No disclosure restriction identified.,No disclosure restriction identified.
CVD-BURDEN-001,cvd_2024_01,monthly,2018_m03,2018-03-01,2018,3,,1,all_cvd,all,all,hospital_registered,monthly_same_month_previous_5yr_mean,65.2,65.2,count,326,,5,final,bnr_sdc_v1,0,0,cvd_2023_12,,,,not_applicable,0,0,0,none,No disclosure restriction identified.,No disclosure restriction identified.
CVD-BURDEN-001,cvd_2024_01,monthly,2018_m03,2018-03-01,2018,3,,1,all_cvd,female,all,hospital_registered,monthly_count,31,31,count,31,,,final,bnr_sdc_v1,0,0,cvd_2023_12,,,,not_applicable,0,0,0,none,No disclosure restriction identified.,No disclosure restriction identified.
CVD-BURDEN-001,cvd_2024_01,monthly,2018_m03,2018-03-01,2018,3,,1,all_cvd,female,all,hospital_registered,monthly_same_month_previous_5yr_mean,32.8,32.8,count,164,,5,final,bnr_sdc_v1,0,0,cvd_2023_12,,,,not_applicable,0,0,0,none,No disclosure restriction identified.,No disclosure restriction identified.
CVD-BURDEN-001,cvd_2024_01,monthly,2018_m03,2018-03-01,2018,3,,1,all_cvd,male,all,hospital_registered,monthly_count,43,43,count,43,,,final,bnr_sdc_v1,0,0,cvd_2023_12,,,,not_applicable,0,0,0,none,No disclosure restriction identified.,No disclosure restriction identified.
CVD-BURDEN-001,cvd_2024_01,monthly,2018_m03,2018-03-01,2018,3,,1,all_cvd,male,all,hospital_registered,monthly_same_month_previous_5yr_mean,32.4,32.4,count,162,,5,final,bnr_sdc_v1,0,0,cvd_2023_12,,,,not_applicable,0,0,0,none,No disclosure restriction identified.,No disclosure restriction identified.
CVD-BURDEN-001,cvd_2024_01,monthly,2018_m04,2018-04-01,2018,4,,1,all_cvd,all,all,hospital_registered,monthly_count,83,83,count,83,,,final,bnr_sdc_v1,0,0,cvd_2023_12,,,,not_applicable,0,0,0,none,No disclosure restriction identified.,No disclosure restriction identified.
CVD-BURDEN-001,cvd_2024_01,monthly,2018_m04,2018-04-01,2018,4,,1,all_cvd,all,all,hospital_registered,monthly_same_month_previous_5yr_mean,60,60,count,300,,5,final,bnr_sdc_v1,0,0,cvd_2023_12,,,,not_applicable,0,0,0,none,No disclosure restriction identified.,No disclosure restriction identified.
CVD-BURDEN-001,cvd_2024_01,monthly,2018_m04,2018-04-01,2018,4,,1,all_cvd,female,all,hospital_registered,monthly_count,35,35,count,35,,,final,bnr_sdc_v1,0,0,cvd_2023_12,,,,not_applicable,0,0,0,none,No disclosure restriction identified.,No disclosure restriction identified.
CVD-BURDEN-001,cvd_2024_01,monthly,2018_m04,2018-04-01,2018,4,,1,all_cvd,female,all,hospital_registered,monthly_same_month_previous_5yr_mean,28.8,28.8,count,144,,5,final,bnr_sdc_v1,0,0,cvd_2023_12,,,,not_applicable,0,0,0,none,No disclosure restriction identified.,No disclosure restriction identified.
CVD-BURDEN-001,cvd_2024_01,monthly,2018_m04,2018-04-01,2018,4,,1,all_cvd,male,all,hospital_registered,monthly_count,48,48,count,48,,,final,bnr_sdc_v1,0,0,cvd_2023_12,,,,not_applicable,0,0,0,none,No disclosure restriction identified.,No disclosure restriction identified.
CVD-BURDEN-001,cvd_2024_01,monthly,2018_m04,2018-04-01,2018,4,,1,all_cvd,male,all,hospital_registered,monthly_same_month_previous_5yr_mean,31.2,31.2,count,156,,5,final,bnr_sdc_v1,0,0,cvd_2023_12,,,,not_applicable,0,0,0,none,No disclosure restriction identified.,No disclosure restriction identified.
CVD-BURDEN-001,cvd_2024_01,monthly,2018_m05,2018-05-01,2018,5,,1,all_cvd,all,all,hospital_registered,monthly_count,77,77,count,77,,,final,bnr_sdc_v1,0,0,cvd_2023_12,,,,not_applicable,0,0,0,none,No disclosure restriction identified.,No disclosure restriction identified.
CVD-BURDEN-001,cvd_2024_01,monthly,2018_m05,2018-05-01,2018,5,,1,all_cvd,all,all,hospital_registered,monthly_same_month_previous_5yr_mean,56.8,56.8,count,284,,5,final,bnr_sdc_v1,0,0,cvd_2023_12,,,,not_applicable,0,0,0,none,No disclosure restriction identified.,No disclosure restriction identified.
CVD-BURDEN-001,cvd_2024_01,monthly,2018_m05,2018-05-01,2018,5,,1,all_cvd,female,all,hospital_registered,monthly_count,44,44,count,44,,,final,bnr_sdc_v1,0,0,cvd_2023_12,,,,not_applicable,0,0,0,none,No disclosure restriction identified.,No disclosure restriction identified.
CVD-BURDEN-001,cvd_2024_01,monthly,2018_m05,2018-05-01,2018,5,,1,all_cvd,female,all,hospital_registered,monthly_same_month_previous_5yr_mean,27.4,27.4,count,137,,5,final,bnr_sdc_v1,0,0,cvd_2023_12,,,,not_applicable,0,0,0,none,No disclosure restriction identified.,No disclosure restriction identified.
CVD-BURDEN-001,cvd_2024_01,monthly,2018_m05,2018-05-01,2018,5,,1,all_cvd,male,all,hospital_registered,monthly_count,33,33,count,33,,,final,bnr_sdc_v1,0,0,cvd_2023_12,,,,not_applicable,0,0,0,none,No disclosure restriction identified.,No disclosure restriction identified.
CVD-BURDEN-001,cvd_2024_01,monthly,2018_m05,2018-05-01,2018,5,,1,all_cvd,male,all,hospital_registered,monthly_same_month_previous_5yr_mean,29.4,29.4,count,147,,5,final,bnr_sdc_v1,0,0,cvd_2023_12,,,,not_applicable,0,0,0,none,No disclosure restriction identified.,No disclosure restriction identified.
CVD-BURDEN-001,cvd_2024_01,monthly,2018_m06,2018-06-01,2018,6,,1,all_cvd,all,all,hospital_registered,monthly_count,62,62,count,62,,,final,bnr_sdc_v1,0,0,cvd_2023_12,,,,not_applicable,0,0,0,none,No disclosure restriction identified.,No disclosure restriction identified.
CVD-BURDEN-001,cvd_2024_01,monthly,2018_m06,2018-06-01,2018,6,,1,all_cvd,all,all,hospital_registered,monthly_same_month_previous_5yr_mean,56.2,56.2,count,281,,5,final,bnr_sdc_v1,0,0,cvd_2023_12,,,,not_applicable,0,0,0,none,No disclosure restriction identified.,No disclosure restriction identified.
CVD-BURDEN-001,cvd_2024_01,monthly,2018_m06,2018-06-01,2018,6,,1,all_cvd,female,all,hospital_registered,monthly_count,28,28,count,28,,,final,bnr_sdc_v1,0,0,cvd_2023_12,,,,not_applicable,0,0,0,none,No disclosure restriction identified.,No disclosure restriction identified.
CVD-BURDEN-001,cvd_2024_01,monthly,2018_m06,2018-06-01,2018,6,,1,all_cvd,female,all,hospital_registered,monthly_same_month_previous_5yr_mean,27.2,27.2,count,136,,5,final,bnr_sdc_v1,0,0,cvd_2023_12,,,,not_applicable,0,0,0,none,No disclosure restriction identified.,No disclosure restriction identified.
CVD-BURDEN-001,cvd_2024_01,monthly,2018_m06,2018-06-01,2018,6,,1,all_cvd,male,all,hospital_registered,monthly_count,34,34,count,34,,,final,bnr_sdc_v1,0,0,cvd_2023_12,,,,not_applicable,0,0,0,none,No disclosure restriction identified.,No disclosure restriction identified.
CVD-BURDEN-001,cvd_2024_01,monthly,2018_m06,2018-06-01,2018,6,,1,all_cvd,male,all,hospital_registered,monthly_same_month_previous_5yr_mean,29,29,count,145,,5,final,bnr_sdc_v1,0,0,cvd_2023_12,,,,not_applicable,0,0,0,none,No disclosure restriction identified.,No disclosure restriction identified.
CVD-BURDEN-001,cvd_2024_01,monthly,2018_m07,2018-07-01,2018,7,,1,all_cvd,all,all,hospital_registered,monthly_count,65,65,count,65,,,final,bnr_sdc_v1,0,0,cvd_2023_12,,,,not_applicable,0,0,0,none,No disclosure restriction identified.,No disclosure restriction identified.
CVD-BURDEN-001,cvd_2024_01,monthly,2018_m07,2018-07-01,2018,7,,1,all_cvd,all,all,hospital_registered,monthly_same_month_previous_5yr_mean,64,64,count,320,,5,final,bnr_sdc_v1,0,0,cvd_2023_12,,,,not_applicable,0,0,0,none,No disclosure restriction identified.,No disclosure restriction identified.
CVD-BURDEN-001,cvd_2024_01,monthly,2018_m07,2018-07-01,2018,7,,1,all_cvd,female,all,hospital_registered,monthly_count,31,31,count,31,,,final,bnr_sdc_v1,0,0,cvd_2023_12,,,,not_applicable,0,0,0,none,No disclosure restriction identified.,No disclosure restriction identified.
CVD-BURDEN-001,cvd_2024_01,monthly,2018_m07,2018-07-01,2018,7,,1,all_cvd,female,all,hospital_registered,monthly_same_month_previous_5yr_mean,31.2,31.2,count,156,,5,final,bnr_sdc_v1,0,0,cvd_2023_12,,,,not_applicable,0,0,0,none,No disclosure restriction identified.,No disclosure restriction identified.
CVD-BURDEN-001,cvd_2024_01,monthly,2018_m07,2018-07-01,2018,7,,1,all_cvd,male,all,hospital_registered,monthly_count,34,34,count,34,,,final,bnr_sdc_v1,0,0,cvd_2023_12,,,,not_applicable,0,0,0,none,No disclosure restriction identified.,No disclosure restriction identified.
CVD-BURDEN-001,cvd_2024_01,monthly,2018_m07,2018-07-01,2018,7,,1,all_cvd,male,all,hospital_registered,monthly_same_month_previous_5yr_mean,32.8,32.8,count,164,,5,final,bnr_sdc_v1,0,0,cvd_2023_12,,,,not_applicable,0,0,0,none,No disclosure restriction identified.,No disclosure restriction identified.
CVD-BURDEN-001,cvd_2024_01,monthly,2018_m08,2018-08-01,2018,8,,1,all_cvd,all,all,hospital_registered,monthly_count,67,67,count,67,,,final,bnr_sdc_v1,0,0,cvd_2023_12,,,,not_applicable,0,0,0,none,No disclosure restriction identified.,No disclosure restriction identified.
CVD-BURDEN-001,cvd_2024_01,monthly,2018_m08,2018-08-01,2018,8,,1,all_cvd,all,all,hospital_registered,monthly_same_month_previous_5yr_mean,59.6,59.6,count,298,,5,final,bnr_sdc_v1,0,0,cvd_2023_12,,,,not_applicable,0,0,0,none,No disclosure restriction identified.,No disclosure restriction identified.
CVD-BURDEN-001,cvd_2024_01,monthly,2018_m08,2018-08-01,2018,8,,1,all_cvd,female,all,hospital_registered,monthly_count,27,27,count,27,,,final,bnr_sdc_v1,0,0,cvd_2023_12,,,,not_applicable,0,0,0,none,No disclosure restriction identified.,No disclosure restriction identified.
CVD-BURDEN-001,cvd_2024_01,monthly,2018_m08,2018-08-01,2018,8,,1,all_cvd,female,all,hospital_registered,monthly_same_month_previous_5yr_mean,30.8,30.8,count,154,,5,final,bnr_sdc_v1,0,0,cvd_2023_12,,,,not_applicable,0,0,0,none,No disclosure restriction identified.,No disclosure restriction identified.
CVD-BURDEN-001,cvd_2024_01,monthly,2018_m08,2018-08-01,2018,8,,1,all_cvd,male,all,hospital_registered,monthly_count,40,40,count,40,,,final,bnr_sdc_v1,0,0,cvd_2023_12,,,,not_applicable,0,0,0,none,No disclosure restriction identified.,No disclosure restriction identified.
CVD-BURDEN-001,cvd_2024_01,monthly,2018_m08,2018-08-01,2018,8,,1,all_cvd,male,all,hospital_registered,monthly_same_month_previous_5yr_mean,28.8,28.8,count,144,,5,final,bnr_sdc_v1,0,0,cvd_2023_12,,,,not_applicable,0,0,0,none,No disclosure restriction identified.,No disclosure restriction identified.
CVD-BURDEN-001,cvd_2024_01,monthly,2018_m09,2018-09-01,2018,9,,1,all_cvd,all,all,hospital_registered,monthly_count,57,57,count,57,,,final,bnr_sdc_v1,0,0,cvd_2023_12,,,,not_applicable,0,0,0,none,No disclosure restriction identified.,No disclosure restriction identified.
CVD-BURDEN-001,cvd_2024_01,monthly,2018_m09,2018-09-01,2018,9,,1,all_cvd,all,all,hospital_registered,monthly_same_month_previous_5yr_mean,56.6,56.6,count,283,,5,final,bnr_sdc_v1,0,0,cvd_2023_12,,,,not_applicable,0,0,0,none,No disclosure restriction identified.,No disclosure restriction identified.
CVD-BURDEN-001,cvd_2024_01,monthly,2018_m09,2018-09-01,2018,9,,1,all_cvd,female,all,hospital_registered,monthly_count,23,23,count,23,,,final,bnr_sdc_v1,0,0,cvd_2023_12,,,,not_applicable,0,0,0,none,No disclosure restriction identified.,No disclosure restriction identified.
CVD-BURDEN-001,cvd_2024_01,monthly,2018_m09,2018-09-01,2018,9,,1,all_cvd,female,all,hospital_registered,monthly_same_month_previous_5yr_mean,32.2,32.2,count,161,,5,final,bnr_sdc_v1,0,0,cvd_2023_12,,,,not_applicable,0,0,0,none,No disclosure restriction identified.,No disclosure restriction identified.
CVD-BURDEN-001,cvd_2024_01,monthly,2018_m09,2018-09-01,2018,9,,1,all_cvd,male,all,hospital_registered,monthly_count,34,34,count,34,,,final,bnr_sdc_v1,0,0,cvd_2023_12,,,,not_applicable,0,0,0,none,No disclosure restriction identified.,No disclosure restriction identified.
CVD-BURDEN-001,cvd_2024_01,monthly,2018_m09,2018-09-01,2018,9,,1,all_cvd,male,all,hospital_registered,monthly_same_month_previous_5yr_mean,24.4,24.4,count,122,,5,final,bnr_sdc_v1,0,0,cvd_2023_12,,,,not_applicable,0,0,0,none,No disclosure restriction identified.,No disclosure restriction identified.
CVD-BURDEN-001,cvd_2024_01,monthly,2018_m10,2018-10-01,2018,10,,1,all_cvd,all,all,hospital_registered,monthly_count,55,55,count,55,,,final,bnr_sdc_v1,0,0,cvd_2023_12,,,,not_applicable,0,0,0,none,No disclosure restriction identified.,No disclosure restriction identified.
CVD-BURDEN-001,cvd_2024_01,monthly,2018_m10,2018-10-01,2018,10,,1,all_cvd,all,all,hospital_registered,monthly_same_month_previous_5yr_mean,66.40000000000001,66.4,count,332,,5,final,bnr_sdc_v1,0,0,cvd_2023_12,,,,not_applicable,0,0,0,none,No disclosure restriction identified.,No disclosure restriction identified.
CVD-BURDEN-001,cvd_2024_01,monthly,2018_m10,2018-10-01,2018,10,,1,all_cvd,female,all,hospital_registered,monthly_count,21,21,count,21,,,final,bnr_sdc_v1,0,0,cvd_2023_12,,,,not_applicable,0,0,0,none,No disclosure restriction identified.,No disclosure restriction identified.
CVD-BURDEN-001,cvd_2024_01,monthly,2018_m10,2018-10-01,2018,10,,1,all_cvd,female,all,hospital_registered,monthly_same_month_previous_5yr_mean,35,35,count,175,,5,final,bnr_sdc_v1,0,0,cvd_2023_12,,,,not_applicable,0,0,0,none,No disclosure restriction identified.,No disclosure restriction identified.
CVD-BURDEN-001,cvd_2024_01,monthly,2018_m10,2018-10-01,2018,10,,1,all_cvd,male,all,hospital_registered,monthly_count,34,34,count,34,,,final,bnr_sdc_v1,0,0,cvd_2023_12,,,,not_applicable,0,0,0,none,No disclosure restriction identified.,No disclosure restriction identified.
CVD-BURDEN-001,cvd_2024_01,monthly,2018_m10,2018-10-01,2018,10,,1,all_cvd,male,all,hospital_registered,monthly_same_month_previous_5yr_mean,31.4,31.4,count,157,,5,final,bnr_sdc_v1,0,0,cvd_2023_12,,,,not_applicable,0,0,0,none,No disclosure restriction identified.,No disclosure restriction identified.
CVD-BURDEN-001,cvd_2024_01,monthly,2018_m11,2018-11-01,2018,11,,1,all_cvd,all,all,hospital_registered,monthly_count,79,79,count,79,,,final,bnr_sdc_v1,0,0,cvd_2023_12,,,,not_applicable,0,0,0,none,No disclosure restriction identified.,No disclosure restriction identified.
CVD-BURDEN-001,cvd_2024_01,monthly,2018_m11,2018-11-01,2018,11,,1,all_cvd,all,all,hospital_registered,monthly_same_month_previous_5yr_mean,60,60,count,300,,5,final,bnr_sdc_v1,0,0,cvd_2023_12,,,,not_applicable,0,0,0,none,No disclosure restriction identified.,No disclosure restriction identified.
CVD-BURDEN-001,cvd_2024_01,monthly,2018_m11,2018-11-01,2018,11,,1,all_cvd,female,all,hospital_registered,monthly_count,46,46,count,46,,,final,bnr_sdc_v1,0,0,cvd_2023_12,,,,not_applicable,0,0,0,none,No disclosure restriction identified.,No disclosure restriction identified.
CVD-BURDEN-001,cvd_2024_01,monthly,2018_m11,2018-11-01,2018,11,,1,all_cvd,female,all,hospital_registered,monthly_same_month_previous_5yr_mean,30.6,30.6,count,153,,5,final,bnr_sdc_v1,0,0,cvd_2023_12,,,,not_applicable,0,0,0,none,No disclosure restriction identified.,No disclosure restriction identified.
CVD-BURDEN-001,cvd_2024_01,monthly,2018_m11,2018-11-01,2018,11,,1,all_cvd,male,all,hospital_registered,monthly_count,33,33,count,33,,,final,bnr_sdc_v1,0,0,cvd_2023_12,,,,not_applicable,0,0,0,none,No disclosure restriction identified.,No disclosure restriction identified.
CVD-BURDEN-001,cvd_2024_01,monthly,2018_m11,2018-11-01,2018,11,,1,all_cvd,male,all,hospital_registered,monthly_same_month_previous_5yr_mean,29.4,29.4,count,147,,5,final,bnr_sdc_v1,0,0,cvd_2023_12,,,,not_applicable,0,0,0,none,No disclosure restriction identified.,No disclosure restriction identified.
CVD-BURDEN-001,cvd_2024_01,monthly,2018_m12,2018-12-01,2018,12,,1,all_cvd,all,all,hospital_registered,monthly_count,50,50,count,50,,,final,bnr_sdc_v1,0,0,cvd_2023_12,,,,not_applicable,0,0,0,none,No disclosure restriction identified.,No disclosure restriction identified.
CVD-BURDEN-001,cvd_2024_01,monthly,2018_m12,2018-12-01,2018,12,,1,all_cvd,all,all,hospital_registered,monthly_same_month_previous_5yr_mean,62.6,62.6,count,313,,5,final,bnr_sdc_v1,0,0,cvd_2023_12,,,,not_applicable,0,0,0,none,No disclosure restriction identified.,No disclosure restriction identified.
CVD-BURDEN-001,cvd_2024_01,monthly,2018_m12,2018-12-01,2018,12,,1,all_cvd,female,all,hospital_registered,monthly_count,29,29,count,29,,,final,bnr_sdc_v1,0,0,cvd_2023_12,,,,not_applicable,0,0,0,none,No disclosure restriction identified.,No disclosure restriction identified.
CVD-BURDEN-001,cvd_2024_01,monthly,2018_m12,2018-12-01,2018,12,,1,all_cvd,female,all,hospital_registered,monthly_same_month_previous_5yr_mean,32.2,32.2,count,161,,5,final,bnr_sdc_v1,0,0,cvd_2023_12,,,,not_applicable,0,0,0,none,No disclosure restriction identified.,No disclosure restriction identified.
CVD-BURDEN-001,cvd_2024_01,monthly,2018_m12,2018-12-01,2018,12,,1,all_cvd,male,all,hospital_registered,monthly_count,21,21,count,21,,,final,bnr_sdc_v1,0,0,cvd_2023_12,,,,not_applicable,0,0,0,none,No disclosure restriction identified.,No disclosure restriction identified.
CVD-BURDEN-001,cvd_2024_01,monthly,2018_m12,2018-12-01,2018,12,,1,all_cvd,male,all,hospital_registered,monthly_same_month_previous_5yr_mean,30.4,30.4,count,152,,5,final,bnr_sdc_v1,0,0,cvd_2023_12,,,,not_applicable,0,0,0,none,No disclosure restriction identified.,No disclosure restriction identified.
CVD-BURDEN-001,cvd_2024_01,monthly,2019_m01,2019-01-01,2019,1,,1,all_cvd,all,all,hospital_registered,monthly_count,90,90,count,90,,,final,bnr_sdc_v1,0,0,cvd_2023_12,,,,not_applicable,0,0,0,none,No disclosure restriction identified.,No disclosure restriction identified.
CVD-BURDEN-001,cvd_2024_01,monthly,2019_m01,2019-01-01,2019,1,,1,all_cvd,all,all,hospital_registered,monthly_same_month_previous_5yr_mean,72,72,count,360,,5,final,bnr_sdc_v1,0,0,cvd_2023_12,,,,not_applicable,0,0,0,none,No disclosure restriction identified.,No disclosure restriction identified.
CVD-BURDEN-001,cvd_2024_01,monthly,2019_m01,2019-01-01,2019,1,,1,all_cvd,female,all,hospital_registered,monthly_count,38,38,count,38,,,final,bnr_sdc_v1,0,0,cvd_2023_12,,,,not_applicable,0,0,0,none,No disclosure restriction identified.,No disclosure restriction identified.
CVD-BURDEN-001,cvd_2024_01,monthly,2019_m01,2019-01-01,2019,1,,1,all_cvd,female,all,hospital_registered,monthly_same_month_previous_5yr_mean,36.4,36.4,count,182,,5,final,bnr_sdc_v1,0,0,cvd_2023_12,,,,not_applicable,0,0,0,none,No disclosure restriction identified.,No disclosure restriction identified.
CVD-BURDEN-001,cvd_2024_01,monthly,2019_m01,2019-01-01,2019,1,,1,all_cvd,male,all,hospital_registered,monthly_count,52,52,count,52,,,final,bnr_sdc_v1,0,0,cvd_2023_12,,,,not_applicable,0,0,0,none,No disclosure restriction identified.,No disclosure restriction identified.
CVD-BURDEN-001,cvd_2024_01,monthly,2019_m01,2019-01-01,2019,1,,1,all_cvd,male,all,hospital_registered,monthly_same_month_previous_5yr_mean,35.6,35.6,count,178,,5,final,bnr_sdc_v1,0,0,cvd_2023_12,,,,not_applicable,0,0,0,none,No disclosure restriction identified.,No disclosure restriction identified.
CVD-BURDEN-001,cvd_2024_01,monthly,2019_m02,2019-02-01,2019,2,,1,all_cvd,all,all,hospital_registered,monthly_count,75,75,count,75,,,final,bnr_sdc_v1,0,0,cvd_2023_12,,,,not_applicable,0,0,0,none,No disclosure restriction identified.,No disclosure restriction identified.
CVD-BURDEN-001,cvd_2024_01,monthly,2019_m02,2019-02-01,2019,2,,1,all_cvd,all,all,hospital_registered,monthly_same_month_previous_5yr_mean,61.8,61.8,count,309,,5,final,bnr_sdc_v1,0,0,cvd_2023_12,,,,not_applicable,0,0,0,none,No disclosure restriction identified.,No disclosure restriction identified.
CVD-BURDEN-001,cvd_2024_01,monthly,2019_m02,2019-02-01,2019,2,,1,all_cvd,female,all,hospital_registered,monthly_count,43,43,count,43,,,final,bnr_sdc_v1,0,0,cvd_2023_12,,,,not_applicable,0,0,0,none,No disclosure restriction identified.,No disclosure restriction identified.
CVD-BURDEN-001,cvd_2024_01,monthly,2019_m02,2019-02-01,2019,2,,1,all_cvd,female,all,hospital_registered,monthly_same_month_previous_5yr_mean,30.8,30.8,count,154,,5,final,bnr_sdc_v1,0,0,cvd_2023_12,,,,not_applicable,0,0,0,none,No disclosure restriction identified.,No disclosure restriction identified.
CVD-BURDEN-001,cvd_2024_01,monthly,2019_m02,2019-02-01,2019,2,,1,all_cvd,male,all,hospital_registered,monthly_count,32,32,count,32,,,final,bnr_sdc_v1,0,0,cvd_2023_12,,,,not_applicable,0,0,0,none,No disclosure restriction identified.,No disclosure restriction identified.
CVD-BURDEN-001,cvd_2024_01,monthly,2019_m02,2019-02-01,2019,2,,1,all_cvd,male,all,hospital_registered,monthly_same_month_previous_5yr_mean,31,31,count,155,,5,final,bnr_sdc_v1,0,0,cvd_2023_12,,,,not_applicable,0,0,0,none,No disclosure restriction identified.,No disclosure restriction identified.
CVD-BURDEN-001,cvd_2024_01,monthly,2019_m03,2019-03-01,2019,3,,1,all_cvd,all,all,hospital_registered,monthly_count,87,87,count,87,,,final,bnr_sdc_v1,0,0,cvd_2023_12,,,,not_applicable,0,0,0,none,No disclosure restriction identified.,No disclosure restriction identified.
CVD-BURDEN-001,cvd_2024_01,monthly,2019_m03,2019-03-01,2019,3,,1,all_cvd,all,all,hospital_registered,monthly_same_month_previous_5yr_mean,68.2,68.2,count,341,,5,final,bnr_sdc_v1,0,0,cvd_2023_12,,,,not_applicable,0,0,0,none,No disclosure restriction identified.,No disclosure restriction identified.
CVD-BURDEN-001,cvd_2024_01,monthly,2019_m03,2019-03-01,2019,3,,1,all_cvd,female,all,hospital_registered,monthly_count,43,43,count,43,,,final,bnr_sdc_v1,0,0,cvd_2023_12,,,,not_applicable,0,0,0,none,No disclosure restriction identified.,No disclosure restriction identified.
CVD-BURDEN-001,cvd_2024_01,monthly,2019_m03,2019-03-01,2019,3,,1,all_cvd,female,all,hospital_registered,monthly_same_month_previous_5yr_mean,33,33,count,165,,5,final,bnr_sdc_v1,0,0,cvd_2023_12,,,,not_applicable,0,0,0,none,No disclosure restriction identified.,No disclosure restriction identified.
CVD-BURDEN-001,cvd_2024_01,monthly,2019_m03,2019-03-01,2019,3,,1,all_cvd,male,all,hospital_registered,monthly_count,44,44,count,44,,,final,bnr_sdc_v1,0,0,cvd_2023_12,,,,not_applicable,0,0,0,none,No disclosure restriction identified.,No disclosure restriction identified.
CVD-BURDEN-001,cvd_2024_01,monthly,2019_m03,2019-03-01,2019,3,,1,all_cvd,male,all,hospital_registered,monthly_same_month_previous_5yr_mean,35.2,35.2,count,176,,5,final,bnr_sdc_v1,0,0,cvd_2023_12,,,,not_applicable,0,0,0,none,No disclosure restriction identified.,No disclosure restriction identified.
CVD-BURDEN-001,cvd_2024_01,monthly,2019_m04,2019-04-01,2019,4,,1,all_cvd,all,all,hospital_registered,monthly_count,76,76,count,76,,,final,bnr_sdc_v1,0,0,cvd_2023_12,,,,not_applicable,0,0,0,none,No disclosure restriction identified.,No disclosure restriction identified.
CVD-BURDEN-001,cvd_2024_01,monthly,2019_m04,2019-04-01,2019,4,,1,all_cvd,all,all,hospital_registered,monthly_same_month_previous_5yr_mean,68.2,68.2,count,341,,5,final,bnr_sdc_v1,0,0,cvd_2023_12,,,,not_applicable,0,0,0,none,No disclosure restriction identified.,No disclosure restriction identified.
CVD-BURDEN-001,cvd_2024_01,monthly,2019_m04,2019-04-01,2019,4,,1,all_cvd,female,all,hospital_registered,monthly_count,41,41,count,41,,,final,bnr_sdc_v1,0,0,cvd_2023_12,,,,not_applicable,0,0,0,none,No disclosure restriction identified.,No disclosure restriction identified.
CVD-BURDEN-001,cvd_2024_01,monthly,2019_m04,2019-04-01,2019,4,,1,all_cvd,female,all,hospital_registered,monthly_same_month_previous_5yr_mean,31.4,31.4,count,157,,5,final,bnr_sdc_v1,0,0,cvd_2023_12,,,,not_applicable,0,0,0,none,No disclosure restriction identified.,No disclosure restriction identified.
CVD-BURDEN-001,cvd_2024_01,monthly,2019_m04,2019-04-01,2019,4,,1,all_cvd,male,all,hospital_registered,monthly_count,35,35,count,35,,,final,bnr_sdc_v1,0,0,cvd_2023_12,,,,not_applicable,0,0,0,none,No disclosure restriction identified.,No disclosure restriction identified.
CVD-BURDEN-001,cvd_2024_01,monthly,2019_m04,2019-04-01,2019,4,,1,all_cvd,male,all,hospital_registered,monthly_same_month_previous_5yr_mean,36.8,36.8,count,184,,5,final,bnr_sdc_v1,0,0,cvd_2023_12,,,,not_applicable,0,0,0,none,No disclosure restriction identified.,No disclosure restriction identified.
CVD-BURDEN-001,cvd_2024_01,monthly,2019_m05,2019-05-01,2019,5,,1,all_cvd,all,all,hospital_registered,monthly_count,91,91,count,91,,,final,bnr_sdc_v1,0,0,cvd_2023_12,,,,not_applicable,0,0,0,none,No disclosure restriction identified.,No disclosure restriction identified.
CVD-BURDEN-001,cvd_2024_01,monthly,2019_m05,2019-05-01,2019,5,,1,all_cvd,all,all,hospital_registered,monthly_same_month_previous_5yr_mean,63.2,63.2,count,316,,5,final,bnr_sdc_v1,0,0,cvd_2023_12,,,,not_applicable,0,0,0,none,No disclosure restriction identified.,No disclosure restriction identified.
CVD-BURDEN-001,cvd_2024_01,monthly,2019_m05,2019-05-01,2019,5,,1,all_cvd,female,all,hospital_registered,monthly_count,54,54,count,54,,,final,bnr_sdc_v1,0,0,cvd_2023_12,,,,not_applicable,0,0,0,none,No disclosure restriction identified.,No disclosure restriction identified.
CVD-BURDEN-001,cvd_2024_01,monthly,2019_m05,2019-05-01,2019,5,,1,all_cvd,female,all,hospital_registered,monthly_same_month_previous_5yr_mean,32.2,32.2,count,161,,5,final,bnr_sdc_v1,0,0,cvd_2023_12,,,,not_applicable,0,0,0,none,No disclosure restriction identified.,No disclosure restriction identified.
CVD-BURDEN-001,cvd_2024_01,monthly,2019_m05,2019-05-01,2019,5,,1,all_cvd,male,all,hospital_registered,monthly_count,37,37,count,37,,,final,bnr_sdc_v1,0,0,cvd_2023_12,,,,not_applicable,0,0,0,none,No disclosure restriction identified.,No disclosure restriction identified.
CVD-BURDEN-001,cvd_2024_01,monthly,2019_m05,2019-05-01,2019,5,,1,all_cvd,male,all,hospital_registered,monthly_same_month_previous_5yr_mean,31,31,count,155,,5,final,bnr_sdc_v1,0,0,cvd_2023_12,,,,not_applicable,0,0,0,none,No disclosure restriction identified.,No disclosure restriction identified.
CVD-BURDEN-001,cvd_2024_01,monthly,2019_m06,2019-06-01,2019,6,,1,all_cvd,all,all,hospital_registered,monthly_count,76,76,count,76,,,final,bnr_sdc_v1,0,0,cvd_2023_12,,,,not_applicable,0,0,0,none,No disclosure restriction identified.,No disclosure restriction identified.
CVD-BURDEN-001,cvd_2024_01,monthly,2019_m06,2019-06-01,2019,6,,1,all_cvd,all,all,hospital_registered,monthly_same_month_previous_5yr_mean,55.6,55.6,count,278,,5,final,bnr_sdc_v1,0,0,cvd_2023_12,,,,not_applicable,0,0,0,none,No disclosure restriction identified.,No disclosure restriction identified.
CVD-BURDEN-001,cvd_2024_01,monthly,2019_m06,2019-06-01,2019,6,,1,all_cvd,female,all,hospital_registered,monthly_count,41,41,count,41,,,final,bnr_sdc_v1,0,0,cvd_2023_12,,,,not_applicable,0,0,0,none,No disclosure restriction identified.,No disclosure restriction identified.
CVD-BURDEN-001,cvd_2024_01,monthly,2019_m06,2019-06-01,2019,6,,1,all_cvd,female,all,hospital_registered,monthly_same_month_previous_5yr_mean,27.4,27.4,count,137,,5,final,bnr_sdc_v1,0,0,cvd_2023_12,,,,not_applicable,0,0,0,none,No disclosure restriction identified.,No disclosure restriction identified.
CVD-BURDEN-001,cvd_2024_01,monthly,2019_m06,2019-06-01,2019,6,,1,all_cvd,male,all,hospital_registered,monthly_count,35,35,count,35,,,final,bnr_sdc_v1,0,0,cvd_2023_12,,,,not_applicable,0,0,0,none,No disclosure restriction identified.,No disclosure restriction identified.
CVD-BURDEN-001,cvd_2024_01,monthly,2019_m06,2019-06-01,2019,6,,1,all_cvd,male,all,hospital_registered,monthly_same_month_previous_5yr_mean,28.2,28.2,count,141,,5,final,bnr_sdc_v1,0,0,cvd_2023_12,,,,not_applicable,0,0,0,none,No disclosure restriction identified.,No disclosure restriction identified.
CVD-BURDEN-001,cvd_2024_01,monthly,2019_m07,2019-07-01,2019,7,,1,all_cvd,all,all,hospital_registered,monthly_count,62,62,count,62,,,final,bnr_sdc_v1,0,0,cvd_2023_12,,,,not_applicable,0,0,0,none,No disclosure restriction identified.,No disclosure restriction identified.
CVD-BURDEN-001,cvd_2024_01,monthly,2019_m07,2019-07-01,2019,7,,1,all_cvd,all,all,hospital_registered,monthly_same_month_previous_5yr_mean,63.4,63.4,count,317,,5,final,bnr_sdc_v1,0,0,cvd_2023_12,,,,not_applicable,0,0,0,none,No disclosure restriction identified.,No disclosure restriction identified.
CVD-BURDEN-001,cvd_2024_01,monthly,2019_m07,2019-07-01,2019,7,,1,all_cvd,female,all,hospital_registered,monthly_count,34,34,count,34,,,final,bnr_sdc_v1,0,0,cvd_2023_12,,,,not_applicable,0,0,0,none,No disclosure restriction identified.,No disclosure restriction identified.
CVD-BURDEN-001,cvd_2024_01,monthly,2019_m07,2019-07-01,2019,7,,1,all_cvd,female,all,hospital_registered,monthly_same_month_previous_5yr_mean,30.6,30.6,count,153,,5,final,bnr_sdc_v1,0,0,cvd_2023_12,,,,not_applicable,0,0,0,none,No disclosure restriction identified.,No disclosure restriction identified.
CVD-BURDEN-001,cvd_2024_01,monthly,2019_m07,2019-07-01,2019,7,,1,all_cvd,male,all,hospital_registered,monthly_count,28,28,count,28,,,final,bnr_sdc_v1,0,0,cvd_2023_12,,,,not_applicable,0,0,0,none,No disclosure restriction identified.,No disclosure restriction identified.
CVD-BURDEN-001,cvd_2024_01,monthly,2019_m07,2019-07-01,2019,7,,1,all_cvd,male,all,hospital_registered,monthly_same_month_previous_5yr_mean,32.8,32.8,count,164,,5,final,bnr_sdc_v1,0,0,cvd_2023_12,,,,not_applicable,0,0,0,none,No disclosure restriction identified.,No disclosure restriction identified.
CVD-BURDEN-001,cvd_2024_01,monthly,2019_m08,2019-08-01,2019,8,,1,all_cvd,all,all,hospital_registered,monthly_count,75,75,count,75,,,final,bnr_sdc_v1,0,0,cvd_2023_12,,,,not_applicable,0,0,0,none,No disclosure restriction identified.,No disclosure restriction identified.
CVD-BURDEN-001,cvd_2024_01,monthly,2019_m08,2019-08-01,2019,8,,1,all_cvd,all,all,hospital_registered,monthly_same_month_previous_5yr_mean,62.6,62.6,count,313,,5,final,bnr_sdc_v1,0,0,cvd_2023_12,,,,not_applicable,0,0,0,none,No disclosure restriction identified.,No disclosure restriction identified.
CVD-BURDEN-001,cvd_2024_01,monthly,2019_m08,2019-08-01,2019,8,,1,all_cvd,female,all,hospital_registered,monthly_count,35,35,count,35,,,final,bnr_sdc_v1,0,0,cvd_2023_12,,,,not_applicable,0,0,0,none,No disclosure restriction identified.,No disclosure restriction identified.
CVD-BURDEN-001,cvd_2024_01,monthly,2019_m08,2019-08-01,2019,8,,1,all_cvd,female,all,hospital_registered,monthly_same_month_previous_5yr_mean,30,30,count,150,,5,final,bnr_sdc_v1,0,0,cvd_2023_12,,,,not_applicable,0,0,0,none,No disclosure restriction identified.,No disclosure restriction identified.
CVD-BURDEN-001,cvd_2024_01,monthly,2019_m08,2019-08-01,2019,8,,1,all_cvd,male,all,hospital_registered,monthly_count,40,40,count,40,,,final,bnr_sdc_v1,0,0,cvd_2023_12,,,,not_applicable,0,0,0,none,No disclosure restriction identified.,No disclosure restriction identified.
CVD-BURDEN-001,cvd_2024_01,monthly,2019_m08,2019-08-01,2019,8,,1,all_cvd,male,all,hospital_registered,monthly_same_month_previous_5yr_mean,32.6,32.6,count,163,,5,final,bnr_sdc_v1,0,0,cvd_2023_12,,,,not_applicable,0,0,0,none,No disclosure restriction identified.,No disclosure restriction identified.
CVD-BURDEN-001,cvd_2024_01,monthly,2019_m09,2019-09-01,2019,9,,1,all_cvd,all,all,hospital_registered,monthly_count,94,94,count,94,,,final,bnr_sdc_v1,0,0,cvd_2023_12,,,,not_applicable,0,0,0,none,No disclosure restriction identified.,No disclosure restriction identified.
CVD-BURDEN-001,cvd_2024_01,monthly,2019_m09,2019-09-01,2019,9,,1,all_cvd,all,all,hospital_registered,monthly_same_month_previous_5yr_mean,58,58,count,290,,5,final,bnr_sdc_v1,0,0,cvd_2023_12,,,,not_applicable,0,0,0,none,No disclosure restriction identified.,No disclosure restriction identified.
CVD-BURDEN-001,cvd_2024_01,monthly,2019_m09,2019-09-01,2019,9,,1,all_cvd,female,all,hospital_registered,monthly_count,47,47,count,47,,,final,bnr_sdc_v1,0,0,cvd_2023_12,,,,not_applicable,0,0,0,none,No disclosure restriction identified.,No disclosure restriction identified.
CVD-BURDEN-001,cvd_2024_01,monthly,2019_m09,2019-09-01,2019,9,,1,all_cvd,female,all,hospital_registered,monthly_same_month_previous_5yr_mean,31.2,31.2,count,156,,5,final,bnr_sdc_v1,0,0,cvd_2023_12,,,,not_applicable,0,0,0,none,No disclosure restriction identified.,No disclosure restriction identified.
CVD-BURDEN-001,cvd_2024_01,monthly,2019_m09,2019-09-01,2019,9,,1,all_cvd,male,all,hospital_registered,monthly_count,47,47,count,47,,,final,bnr_sdc_v1,0,0,cvd_2023_12,,,,not_applicable,0,0,0,none,No disclosure restriction identified.,No disclosure restriction identified.
CVD-BURDEN-001,cvd_2024_01,monthly,2019_m09,2019-09-01,2019,9,,1,all_cvd,male,all,hospital_registered,monthly_same_month_previous_5yr_mean,26.8,26.8,count,134,,5,final,bnr_sdc_v1,0,0,cvd_2023_12,,,,not_applicable,0,0,0,none,No disclosure restriction identified.,No disclosure restriction identified.
CVD-BURDEN-001,cvd_2024_01,monthly,2019_m10,2019-10-01,2019,10,,1,all_cvd,all,all,hospital_registered,monthly_count,62,62,count,62,,,final,bnr_sdc_v1,0,0,cvd_2023_12,,,,not_applicable,0,0,0,none,No disclosure restriction identified.,No disclosure restriction identified.
CVD-BURDEN-001,cvd_2024_01,monthly,2019_m10,2019-10-01,2019,10,,1,all_cvd,all,all,hospital_registered,monthly_same_month_previous_5yr_mean,65.2,65.2,count,326,,5,final,bnr_sdc_v1,0,0,cvd_2023_12,,,,not_applicable,0,0,0,none,No disclosure restriction identified.,No disclosure restriction identified.
CVD-BURDEN-001,cvd_2024_01,monthly,2019_m10,2019-10-01,2019,10,,1,all_cvd,female,all,hospital_registered,monthly_count,33,33,count,33,,,final,bnr_sdc_v1,0,0,cvd_2023_12,,,,not_applicable,0,0,0,none,No disclosure restriction identified.,No disclosure restriction identified.
CVD-BURDEN-001,cvd_2024_01,monthly,2019_m10,2019-10-01,2019,10,,1,all_cvd,female,all,hospital_registered,monthly_same_month_previous_5yr_mean,32.8,32.8,count,164,,5,final,bnr_sdc_v1,0,0,cvd_2023_12,,,,not_applicable,0,0,0,none,No disclosure restriction identified.,No disclosure restriction identified.
CVD-BURDEN-001,cvd_2024_01,monthly,2019_m10,2019-10-01,2019,10,,1,all_cvd,male,all,hospital_registered,monthly_count,29,29,count,29,,,final,bnr_sdc_v1,0,0,cvd_2023_12,,,,not_applicable,0,0,0,none,No disclosure restriction identified.,No disclosure restriction identified.
CVD-BURDEN-001,cvd_2024_01,monthly,2019_m10,2019-10-01,2019,10,,1,all_cvd,male,all,hospital_registered,monthly_same_month_previous_5yr_mean,32.4,32.4,count,162,,5,final,bnr_sdc_v1,0,0,cvd_2023_12,,,,not_applicable,0,0,0,none,No disclosure restriction identified.,No disclosure restriction identified.
CVD-BURDEN-001,cvd_2024_01,monthly,2019_m11,2019-11-01,2019,11,,1,all_cvd,all,all,hospital_registered,monthly_count,68,68,count,68,,,final,bnr_sdc_v1,0,0,cvd_2023_12,,,,not_applicable,0,0,0,none,No disclosure restriction identified.,No disclosure restriction identified.
CVD-BURDEN-001,cvd_2024_01,monthly,2019_m11,2019-11-01,2019,11,,1,all_cvd,all,all,hospital_registered,monthly_same_month_previous_5yr_mean,64.8,64.8,count,324,,5,final,bnr_sdc_v1,0,0,cvd_2023_12,,,,not_applicable,0,0,0,none,No disclosure restriction identified.,No disclosure restriction identified.
CVD-BURDEN-001,cvd_2024_01,monthly,2019_m11,2019-11-01,2019,11,,1,all_cvd,female,all,hospital_registered,monthly_count,28,28,count,28,,,final,bnr_sdc_v1,0,0,cvd_2023_12,,,,not_applicable,0,0,0,none,No disclosure restriction identified.,No disclosure restriction identified.
CVD-BURDEN-001,cvd_2024_01,monthly,2019_m11,2019-11-01,2019,11,,1,all_cvd,female,all,hospital_registered,monthly_same_month_previous_5yr_mean,34.8,34.8,count,174,,5,final,bnr_sdc_v1,0,0,cvd_2023_12,,,,not_applicable,0,0,0,none,No disclosure restriction identified.,No disclosure restriction identified.
CVD-BURDEN-001,cvd_2024_01,monthly,2019_m11,2019-11-01,2019,11,,1,all_cvd,male,all,hospital_registered,monthly_count,40,40,count,40,,,final,bnr_sdc_v1,0,0,cvd_2023_12,,,,not_applicable,0,0,0,none,No disclosure restriction identified.,No disclosure restriction identified.
CVD-BURDEN-001,cvd_2024_01,monthly,2019_m11,2019-11-01,2019,11,,1,all_cvd,male,all,hospital_registered,monthly_same_month_previous_5yr_mean,30,30,count,150,,5,final,bnr_sdc_v1,0,0,cvd_2023_12,,,,not_applicable,0,0,0,none,No disclosure restriction identified.,No disclosure restriction identified.
CVD-BURDEN-001,cvd_2024_01,monthly,2019_m12,2019-12-01,2019,12,,1,all_cvd,all,all,hospital_registered,monthly_count,77,77,count,77,,,final,bnr_sdc_v1,0,0,cvd_2023_12,,,,not_applicable,0,0,0,none,No disclosure restriction identified.,No disclosure restriction identified.
CVD-BURDEN-001,cvd_2024_01,monthly,2019_m12,2019-12-01,2019,12,,1,all_cvd,all,all,hospital_registered,monthly_same_month_previous_5yr_mean,60.8,60.8,count,304,,5,final,bnr_sdc_v1,0,0,cvd_2023_12,,,,not_applicable,0,0,0,none,No disclosure restriction identified.,No disclosure restriction identified.
CVD-BURDEN-001,cvd_2024_01,monthly,2019_m12,2019-12-01,2019,12,,1,all_cvd,female,all,hospital_registered,monthly_count,33,33,count,33,,,final,bnr_sdc_v1,0,0,cvd_2023_12,,,,not_applicable,0,0,0,none,No disclosure restriction identified.,No disclosure restriction identified.
CVD-BURDEN-001,cvd_2024_01,monthly,2019_m12,2019-12-01,2019,12,,1,all_cvd,female,all,hospital_registered,monthly_same_month_previous_5yr_mean,33.8,33.8,count,169,,5,final,bnr_sdc_v1,0,0,cvd_2023_12,,,,not_applicable,0,0,0,none,No disclosure restriction identified.,No disclosure restriction identified.
CVD-BURDEN-001,cvd_2024_01,monthly,2019_m12,2019-12-01,2019,12,,1,all_cvd,male,all,hospital_registered,monthly_count,44,44,count,44,,,final,bnr_sdc_v1,0,0,cvd_2023_12,,,,not_applicable,0,0,0,none,No disclosure restriction identified.,No disclosure restriction identified.
CVD-BURDEN-001,cvd_2024_01,monthly,2019_m12,2019-12-01,2019,12,,1,all_cvd,male,all,hospital_registered,monthly_same_month_previous_5yr_mean,27,27,count,135,,5,final,bnr_sdc_v1,0,0,cvd_2023_12,,,,not_applicable,0,0,0,none,No disclosure restriction identified.,No disclosure restriction identified.
CVD-BURDEN-001,cvd_2024_01,monthly,2020_m01,2020-01-01,2020,1,,1,all_cvd,all,all,hospital_registered,monthly_count,70,70,count,70,,,final,bnr_sdc_v1,0,0,cvd_2023_12,,,,not_applicable,0,0,0,none,No disclosure restriction identified.,No disclosure restriction identified.
CVD-BURDEN-001,cvd_2024_01,monthly,2020_m01,2020-01-01,2020,1,,1,all_cvd,all,all,hospital_registered,monthly_same_month_previous_5yr_mean,77,77,count,385,,5,final,bnr_sdc_v1,0,0,cvd_2023_12,,,,not_applicable,0,0,0,none,No disclosure restriction identified.,No disclosure restriction identified.
CVD-BURDEN-001,cvd_2024_01,monthly,2020_m01,2020-01-01,2020,1,,1,all_cvd,female,all,hospital_registered,monthly_count,31,31,count,31,,,final,bnr_sdc_v1,0,0,cvd_2023_12,,,,not_applicable,0,0,0,none,No disclosure restriction identified.,No disclosure restriction identified.
CVD-BURDEN-001,cvd_2024_01,monthly,2020_m01,2020-01-01,2020,1,,1,all_cvd,female,all,hospital_registered,monthly_same_month_previous_5yr_mean,37.6,37.6,count,188,,5,final,bnr_sdc_v1,0,0,cvd_2023_12,,,,not_applicable,0,0,0,none,No disclosure restriction identified.,No disclosure restriction identified.
CVD-BURDEN-001,cvd_2024_01,monthly,2020_m01,2020-01-01,2020,1,,1,all_cvd,male,all,hospital_registered,monthly_count,39,39,count,39,,,final,bnr_sdc_v1,0,0,cvd_2023_12,,,,not_applicable,0,0,0,none,No disclosure restriction identified.,No disclosure restriction identified.
CVD-BURDEN-001,cvd_2024_01,monthly,2020_m01,2020-01-01,2020,1,,1,all_cvd,male,all,hospital_registered,monthly_same_month_previous_5yr_mean,39.4,39.4,count,197,,5,final,bnr_sdc_v1,0,0,cvd_2023_12,,,,not_applicable,0,0,0,none,No disclosure restriction identified.,No disclosure restriction identified.
CVD-BURDEN-001,cvd_2024_01,monthly,2020_m02,2020-02-01,2020,2,,1,all_cvd,all,all,hospital_registered,monthly_count,90,90,count,90,,,final,bnr_sdc_v1,0,0,cvd_2023_12,,,,not_applicable,0,0,0,none,No disclosure restriction identified.,No disclosure restriction identified.
CVD-BURDEN-001,cvd_2024_01,monthly,2020_m02,2020-02-01,2020,2,,1,all_cvd,all,all,hospital_registered,monthly_same_month_previous_5yr_mean,66.8,66.8,count,334,,5,final,bnr_sdc_v1,0,0,cvd_2023_12,,,,not_applicable,0,0,0,none,No disclosure restriction identified.,No disclosure restriction identified.
CVD-BURDEN-001,cvd_2024_01,monthly,2020_m02,2020-02-01,2020,2,,1,all_cvd,female,all,hospital_registered,monthly_count,41,41,count,41,,,final,bnr_sdc_v1,0,0,cvd_2023_12,,,,not_applicable,0,0,0,none,No disclosure restriction identified.,No disclosure restriction identified.
CVD-BURDEN-001,cvd_2024_01,monthly,2020_m02,2020-02-01,2020,2,,1,all_cvd,female,all,hospital_registered,monthly_same_month_previous_5yr_mean,34.2,34.2,count,171,,5,final,bnr_sdc_v1,0,0,cvd_2023_12,,,,not_applicable,0,0,0,none,No disclosure restriction identified.,No disclosure restriction identified.
CVD-BURDEN-001,cvd_2024_01,monthly,2020_m02,2020-02-01,2020,2,,1,all_cvd,male,all,hospital_registered,monthly_count,49,49,count,49,,,final,bnr_sdc_v1,0,0,cvd_2023_12,,,,not_applicable,0,0,0,none,No disclosure restriction identified.,No disclosure restriction identified.
CVD-BURDEN-001,cvd_2024_01,monthly,2020_m02,2020-02-01,2020,2,,1,all_cvd,male,all,hospital_registered,monthly_same_month_previous_5yr_mean,32.6,32.6,count,163,,5,final,bnr_sdc_v1,0,0,cvd_2023_12,,,,not_applicable,0,0,0,none,No disclosure restriction identified.,No disclosure restriction identified.
CVD-BURDEN-001,cvd_2024_01,monthly,2020_m03,2020-03-01,2020,3,,1,all_cvd,all,all,hospital_registered,monthly_count,57,57,count,57,,,final,bnr_sdc_v1,0,0,cvd_2023_12,,,,not_applicable,0,0,0,none,No disclosure restriction identified.,No disclosure restriction identified.
CVD-BURDEN-001,cvd_2024_01,monthly,2020_m03,2020-03-01,2020,3,,1,all_cvd,all,all,hospital_registered,monthly_same_month_previous_5yr_mean,71.2,71.2,count,356,,5,final,bnr_sdc_v1,0,0,cvd_2023_12,,,,not_applicable,0,0,0,none,No disclosure restriction identified.,No disclosure restriction identified.
CVD-BURDEN-001,cvd_2024_01,monthly,2020_m03,2020-03-01,2020,3,,1,all_cvd,female,all,hospital_registered,monthly_count,35,35,count,35,,,final,bnr_sdc_v1,0,0,cvd_2023_12,,,,not_applicable,0,0,0,none,No disclosure restriction identified.,No disclosure restriction identified.
CVD-BURDEN-001,cvd_2024_01,monthly,2020_m03,2020-03-01,2020,3,,1,all_cvd,female,all,hospital_registered,monthly_same_month_previous_5yr_mean,34.8,34.8,count,174,,5,final,bnr_sdc_v1,0,0,cvd_2023_12,,,,not_applicable,0,0,0,none,No disclosure restriction identified.,No disclosure restriction identified.
CVD-BURDEN-001,cvd_2024_01,monthly,2020_m03,2020-03-01,2020,3,,1,all_cvd,male,all,hospital_registered,monthly_count,22,22,count,22,,,final,bnr_sdc_v1,0,0,cvd_2023_12,,,,not_applicable,0,0,0,none,No disclosure restriction identified.,No disclosure restriction identified.
CVD-BURDEN-001,cvd_2024_01,monthly,2020_m03,2020-03-01,2020,3,,1,all_cvd,male,all,hospital_registered,monthly_same_month_previous_5yr_mean,36.4,36.4,count,182,,5,final,bnr_sdc_v1,0,0,cvd_2023_12,,,,not_applicable,0,0,0,none,No disclosure restriction identified.,No disclosure restriction identified.
CVD-BURDEN-001,cvd_2024_01,monthly,2020_m04,2020-04-01,2020,4,,1,all_cvd,all,all,hospital_registered,monthly_count,80,80,count,80,,,final,bnr_sdc_v1,0,0,cvd_2023_12,,,,not_applicable,0,0,0,none,No disclosure restriction identified.,No disclosure restriction identified.
CVD-BURDEN-001,cvd_2024_01,monthly,2020_m04,2020-04-01,2020,4,,1,all_cvd,all,all,hospital_registered,monthly_same_month_previous_5yr_mean,70,70,count,350,,5,final,bnr_sdc_v1,0,0,cvd_2023_12,,,,not_applicable,0,0,0,none,No disclosure restriction identified.,No disclosure restriction identified.
CVD-BURDEN-001,cvd_2024_01,monthly,2020_m04,2020-04-01,2020,4,,1,all_cvd,female,all,hospital_registered,monthly_count,37,37,count,37,,,final,bnr_sdc_v1,0,0,cvd_2023_12,,,,not_applicable,0,0,0,none,No disclosure restriction identified.,No disclosure restriction identified.
CVD-BURDEN-001,cvd_2024_01,monthly,2020_m04,2020-04-01,2020,4,,1,all_cvd,female,all,hospital_registered,monthly_same_month_previous_5yr_mean,32.4,32.4,count,162,,5,final,bnr_sdc_v1,0,0,cvd_2023_12,,,,not_applicable,0,0,0,none,No disclosure restriction identified.,No disclosure restriction identified.
CVD-BURDEN-001,cvd_2024_01,monthly,2020_m04,2020-04-01,2020,4,,1,all_cvd,male,all,hospital_registered,monthly_count,43,43,count,43,,,final,bnr_sdc_v1,0,0,cvd_2023_12,,,,not_applicable,0,0,0,none,No disclosure restriction identified.,No disclosure restriction identified.
CVD-BURDEN-001,cvd_2024_01,monthly,2020_m04,2020-04-01,2020,4,,1,all_cvd,male,all,hospital_registered,monthly_same_month_previous_5yr_mean,37.6,37.6,count,188,,5,final,bnr_sdc_v1,0,0,cvd_2023_12,,,,not_applicable,0,0,0,none,No disclosure restriction identified.,No disclosure restriction identified.
CVD-BURDEN-001,cvd_2024_01,monthly,2020_m05,2020-05-01,2020,5,,1,all_cvd,all,all,hospital_registered,monthly_count,72,72,count,72,,,final,bnr_sdc_v1,0,0,cvd_2023_12,,,,not_applicable,0,0,0,none,No disclosure restriction identified.,No disclosure restriction identified.
CVD-BURDEN-001,cvd_2024_01,monthly,2020_m05,2020-05-01,2020,5,,1,all_cvd,all,all,hospital_registered,monthly_same_month_previous_5yr_mean,72.2,72.2,count,361,,5,final,bnr_sdc_v1,0,0,cvd_2023_12,,,,not_applicable,0,0,0,none,No disclosure restriction identified.,No disclosure restriction identified.
CVD-BURDEN-001,cvd_2024_01,monthly,2020_m05,2020-05-01,2020,5,,1,all_cvd,female,all,hospital_registered,monthly_count,37,37,count,37,,,final,bnr_sdc_v1,0,0,cvd_2023_12,,,,not_applicable,0,0,0,none,No disclosure restriction identified.,No disclosure restriction identified.
CVD-BURDEN-001,cvd_2024_01,monthly,2020_m05,2020-05-01,2020,5,,1,all_cvd,female,all,hospital_registered,monthly_same_month_previous_5yr_mean,38,38,count,190,,5,final,bnr_sdc_v1,0,0,cvd_2023_12,,,,not_applicable,0,0,0,none,No disclosure restriction identified.,No disclosure restriction identified.
CVD-BURDEN-001,cvd_2024_01,monthly,2020_m05,2020-05-01,2020,5,,1,all_cvd,male,all,hospital_registered,monthly_count,35,35,count,35,,,final,bnr_sdc_v1,0,0,cvd_2023_12,,,,not_applicable,0,0,0,none,No disclosure restriction identified.,No disclosure restriction identified.
CVD-BURDEN-001,cvd_2024_01,monthly,2020_m05,2020-05-01,2020,5,,1,all_cvd,male,all,hospital_registered,monthly_same_month_previous_5yr_mean,34.2,34.2,count,171,,5,final,bnr_sdc_v1,0,0,cvd_2023_12,,,,not_applicable,0,0,0,none,No disclosure restriction identified.,No disclosure restriction identified.
CVD-BURDEN-001,cvd_2024_01,monthly,2020_m06,2020-06-01,2020,6,,1,all_cvd,all,all,hospital_registered,monthly_count,67,67,count,67,,,final,bnr_sdc_v1,0,0,cvd_2023_12,,,,not_applicable,0,0,0,none,No disclosure restriction identified.,No disclosure restriction identified.
CVD-BURDEN-001,cvd_2024_01,monthly,2020_m06,2020-06-01,2020,6,,1,all_cvd,all,all,hospital_registered,monthly_same_month_previous_5yr_mean,61,61,count,305,,5,final,bnr_sdc_v1,0,0,cvd_2023_12,,,,not_applicable,0,0,0,none,No disclosure restriction identified.,No disclosure restriction identified.
CVD-BURDEN-001,cvd_2024_01,monthly,2020_m06,2020-06-01,2020,6,,1,all_cvd,female,all,hospital_registered,monthly_count,28,28,count,28,,,final,bnr_sdc_v1,0,0,cvd_2023_12,,,,not_applicable,0,0,0,none,No disclosure restriction identified.,No disclosure restriction identified.
CVD-BURDEN-001,cvd_2024_01,monthly,2020_m06,2020-06-01,2020,6,,1,all_cvd,female,all,hospital_registered,monthly_same_month_previous_5yr_mean,30.6,30.6,count,153,,5,final,bnr_sdc_v1,0,0,cvd_2023_12,,,,not_applicable,0,0,0,none,No disclosure restriction identified.,No disclosure restriction identified.
CVD-BURDEN-001,cvd_2024_01,monthly,2020_m06,2020-06-01,2020,6,,1,all_cvd,male,all,hospital_registered,monthly_count,39,39,count,39,,,final,bnr_sdc_v1,0,0,cvd_2023_12,,,,not_applicable,0,0,0,none,No disclosure restriction identified.,No disclosure restriction identified.
CVD-BURDEN-001,cvd_2024_01,monthly,2020_m06,2020-06-01,2020,6,,1,all_cvd,male,all,hospital_registered,monthly_same_month_previous_5yr_mean,30.4,30.4,count,152,,5,final,bnr_sdc_v1,0,0,cvd_2023_12,,,,not_applicable,0,0,0,none,No disclosure restriction identified.,No disclosure restriction identified.
CVD-BURDEN-001,cvd_2024_01,monthly,2020_m07,2020-07-01,2020,7,,1,all_cvd,all,all,hospital_registered,monthly_count,77,77,count,77,,,final,bnr_sdc_v1,0,0,cvd_2023_12,,,,not_applicable,0,0,0,none,No disclosure restriction identified.,No disclosure restriction identified.
CVD-BURDEN-001,cvd_2024_01,monthly,2020_m07,2020-07-01,2020,7,,1,all_cvd,all,all,hospital_registered,monthly_same_month_previous_5yr_mean,64.59999999999999,64.6,count,323,,5,final,bnr_sdc_v1,0,0,cvd_2023_12,,,,not_applicable,0,0,0,none,No disclosure restriction identified.,No disclosure restriction identified.
CVD-BURDEN-001,cvd_2024_01,monthly,2020_m07,2020-07-01,2020,7,,1,all_cvd,female,all,hospital_registered,monthly_count,40,40,count,40,,,final,bnr_sdc_v1,0,0,cvd_2023_12,,,,not_applicable,0,0,0,none,No disclosure restriction identified.,No disclosure restriction identified.
CVD-BURDEN-001,cvd_2024_01,monthly,2020_m07,2020-07-01,2020,7,,1,all_cvd,female,all,hospital_registered,monthly_same_month_previous_5yr_mean,32.4,32.4,count,162,,5,final,bnr_sdc_v1,0,0,cvd_2023_12,,,,not_applicable,0,0,0,none,No disclosure restriction identified.,No disclosure restriction identified.
CVD-BURDEN-001,cvd_2024_01,monthly,2020_m07,2020-07-01,2020,7,,1,all_cvd,male,all,hospital_registered,monthly_count,37,37,count,37,,,final,bnr_sdc_v1,0,0,cvd_2023_12,,,,not_applicable,0,0,0,none,No disclosure restriction identified.,No disclosure restriction identified.
CVD-BURDEN-001,cvd_2024_01,monthly,2020_m07,2020-07-01,2020,7,,1,all_cvd,male,all,hospital_registered,monthly_same_month_previous_5yr_mean,32.2,32.2,count,161,,5,final,bnr_sdc_v1,0,0,cvd_2023_12,,,,not_applicable,0,0,0,none,No disclosure restriction identified.,No disclosure restriction identified.
CVD-BURDEN-001,cvd_2024_01,monthly,2020_m08,2020-08-01,2020,8,,1,all_cvd,all,all,hospital_registered,monthly_count,82,82,count,82,,,final,bnr_sdc_v1,0,0,cvd_2023_12,,,,not_applicable,0,0,0,none,No disclosure restriction identified.,No disclosure restriction identified.
CVD-BURDEN-001,cvd_2024_01,monthly,2020_m08,2020-08-01,2020,8,,1,all_cvd,all,all,hospital_registered,monthly_same_month_previous_5yr_mean,64.8,64.8,count,324,,5,final,bnr_sdc_v1,0,0,cvd_2023_12,,,,not_applicable,0,0,0,none,No disclosure restriction identified.,No disclosure restriction identified.
CVD-BURDEN-001,cvd_2024_01,monthly,2020_m08,2020-08-01,2020,8,,1,all_cvd,female,all,hospital_registered,monthly_count,47,47,count,47,,,final,bnr_sdc_v1,0,0,cvd_2023_12,,,,not_applicable,0,0,0,none,No disclosure restriction identified.,No disclosure restriction identified.
CVD-BURDEN-001,cvd_2024_01,monthly,2020_m08,2020-08-01,2020,8,,1,all_cvd,female,all,hospital_registered,monthly_same_month_previous_5yr_mean,31,31,count,155,,5,final,bnr_sdc_v1,0,0,cvd_2023_12,,,,not_applicable,0,0,0,none,No disclosure restriction identified.,No disclosure restriction identified.
CVD-BURDEN-001,cvd_2024_01,monthly,2020_m08,2020-08-01,2020,8,,1,all_cvd,male,all,hospital_registered,monthly_count,35,35,count,35,,,final,bnr_sdc_v1,0,0,cvd_2023_12,,,,not_applicable,0,0,0,none,No disclosure restriction identified.,No disclosure restriction identified.
CVD-BURDEN-001,cvd_2024_01,monthly,2020_m08,2020-08-01,2020,8,,1,all_cvd,male,all,hospital_registered,monthly_same_month_previous_5yr_mean,33.8,33.8,count,169,,5,final,bnr_sdc_v1,0,0,cvd_2023_12,,,,not_applicable,0,0,0,none,No disclosure restriction identified.,No disclosure restriction identified.
CVD-BURDEN-001,cvd_2024_01,monthly,2020_m09,2020-09-01,2020,9,,1,all_cvd,all,all,hospital_registered,monthly_count,69,69,count,69,,,final,bnr_sdc_v1,0,0,cvd_2023_12,,,,not_applicable,0,0,0,none,No disclosure restriction identified.,No disclosure restriction identified.
CVD-BURDEN-001,cvd_2024_01,monthly,2020_m09,2020-09-01,2020,9,,1,all_cvd,all,all,hospital_registered,monthly_same_month_previous_5yr_mean,64.59999999999999,64.6,count,323,,5,final,bnr_sdc_v1,0,0,cvd_2023_12,,,,not_applicable,0,0,0,none,No disclosure restriction identified.,No disclosure restriction identified.
CVD-BURDEN-001,cvd_2024_01,monthly,2020_m09,2020-09-01,2020,9,,1,all_cvd,female,all,hospital_registered,monthly_count,36,36,count,36,,,final,bnr_sdc_v1,0,0,cvd_2023_12,,,,not_applicable,0,0,0,none,No disclosure restriction identified.,No disclosure restriction identified.
CVD-BURDEN-001,cvd_2024_01,monthly,2020_m09,2020-09-01,2020,9,,1,all_cvd,female,all,hospital_registered,monthly_same_month_previous_5yr_mean,33.4,33.4,count,167,,5,final,bnr_sdc_v1,0,0,cvd_2023_12,,,,not_applicable,0,0,0,none,No disclosure restriction identified.,No disclosure restriction identified.
CVD-BURDEN-001,cvd_2024_01,monthly,2020_m09,2020-09-01,2020,9,,1,all_cvd,male,all,hospital_registered,monthly_count,33,33,count,33,,,final,bnr_sdc_v1,0,0,cvd_2023_12,,,,not_applicable,0,0,0,none,No disclosure restriction identified.,No disclosure restriction identified.
CVD-BURDEN-001,cvd_2024_01,monthly,2020_m09,2020-09-01,2020,9,,1,all_cvd,male,all,hospital_registered,monthly_same_month_previous_5yr_mean,31.2,31.2,count,156,,5,final,bnr_sdc_v1,0,0,cvd_2023_12,,,,not_applicable,0,0,0,none,No disclosure restriction identified.,No disclosure restriction identified.
CVD-BURDEN-001,cvd_2024_01,monthly,2020_m10,2020-10-01,2020,10,,1,all_cvd,all,all,hospital_registered,monthly_count,58,58,count,58,,,final,bnr_sdc_v1,0,0,cvd_2023_12,,,,not_applicable,0,0,0,none,No disclosure restriction identified.,No disclosure restriction identified.
CVD-BURDEN-001,cvd_2024_01,monthly,2020_m10,2020-10-01,2020,10,,1,all_cvd,all,all,hospital_registered,monthly_same_month_previous_5yr_mean,63.2,63.2,count,316,,5,final,bnr_sdc_v1,0,0,cvd_2023_12,,,,not_applicable,0,0,0,none,No disclosure restriction identified.,No disclosure restriction identified.
CVD-BURDEN-001,cvd_2024_01,monthly,2020_m10,2020-10-01,2020,10,,1,all_cvd,female,all,hospital_registered,monthly_count,26,26,count,26,,,final,bnr_sdc_v1,0,0,cvd_2023_12,,,,not_applicable,0,0,0,none,No disclosure restriction identified.,No disclosure restriction identified.
CVD-BURDEN-001,cvd_2024_01,monthly,2020_m10,2020-10-01,2020,10,,1,all_cvd,female,all,hospital_registered,monthly_same_month_previous_5yr_mean,31.8,31.8,count,159,,5,final,bnr_sdc_v1,0,0,cvd_2023_12,,,,not_applicable,0,0,0,none,No disclosure restriction identified.,No disclosure restriction identified.
CVD-BURDEN-001,cvd_2024_01,monthly,2020_m10,2020-10-01,2020,10,,1,all_cvd,male,all,hospital_registered,monthly_count,32,32,count,32,,,final,bnr_sdc_v1,0,0,cvd_2023_12,,,,not_applicable,0,0,0,none,No disclosure restriction identified.,No disclosure restriction identified.
CVD-BURDEN-001,cvd_2024_01,monthly,2020_m10,2020-10-01,2020,10,,1,all_cvd,male,all,hospital_registered,monthly_same_month_previous_5yr_mean,31.4,31.4,count,157,,5,final,bnr_sdc_v1,0,0,cvd_2023_12,,,,not_applicable,0,0,0,none,No disclosure restriction identified.,No disclosure restriction identified.
CVD-BURDEN-001,cvd_2024_01,monthly,2020_m11,2020-11-01,2020,11,,1,all_cvd,all,all,hospital_registered,monthly_count,67,67,count,67,,,final,bnr_sdc_v1,0,0,cvd_2023_12,,,,not_applicable,0,0,0,none,No disclosure restriction identified.,No disclosure restriction identified.
CVD-BURDEN-001,cvd_2024_01,monthly,2020_m11,2020-11-01,2020,11,,1,all_cvd,all,all,hospital_registered,monthly_same_month_previous_5yr_mean,69.2,69.2,count,346,,5,final,bnr_sdc_v1,0,0,cvd_2023_12,,,,not_applicable,0,0,0,none,No disclosure restriction identified.,No disclosure restriction identified.
CVD-BURDEN-001,cvd_2024_01,monthly,2020_m11,2020-11-01,2020,11,,1,all_cvd,female,all,hospital_registered,monthly_count,27,27,count,27,,,final,bnr_sdc_v1,0,0,cvd_2023_12,,,,not_applicable,0,0,0,none,No disclosure restriction identified.,No disclosure restriction identified.
CVD-BURDEN-001,cvd_2024_01,monthly,2020_m11,2020-11-01,2020,11,,1,all_cvd,female,all,hospital_registered,monthly_same_month_previous_5yr_mean,35.2,35.2,count,176,,5,final,bnr_sdc_v1,0,0,cvd_2023_12,,,,not_applicable,0,0,0,none,No disclosure restriction identified.,No disclosure restriction identified.
CVD-BURDEN-001,cvd_2024_01,monthly,2020_m11,2020-11-01,2020,11,,1,all_cvd,male,all,hospital_registered,monthly_count,40,40,count,40,,,final,bnr_sdc_v1,0,0,cvd_2023_12,,,,not_applicable,0,0,0,none,No disclosure restriction identified.,No disclosure restriction identified.
CVD-BURDEN-001,cvd_2024_01,monthly,2020_m11,2020-11-01,2020,11,,1,all_cvd,male,all,hospital_registered,monthly_same_month_previous_5yr_mean,34,34,count,170,,5,final,bnr_sdc_v1,0,0,cvd_2023_12,,,,not_applicable,0,0,0,none,No disclosure restriction identified.,No disclosure restriction identified.
CVD-BURDEN-001,cvd_2024_01,monthly,2020_m12,2020-12-01,2020,12,,1,all_cvd,all,all,hospital_registered,monthly_count,65,65,count,65,,,final,bnr_sdc_v1,0,0,cvd_2023_12,,,,not_applicable,0,0,0,none,No disclosure restriction identified.,No disclosure restriction identified.
CVD-BURDEN-001,cvd_2024_01,monthly,2020_m12,2020-12-01,2020,12,,1,all_cvd,all,all,hospital_registered,monthly_same_month_previous_5yr_mean,62.8,62.8,count,314,,5,final,bnr_sdc_v1,0,0,cvd_2023_12,,,,not_applicable,0,0,0,none,No disclosure restriction identified.,No disclosure restriction identified.
CVD-BURDEN-001,cvd_2024_01,monthly,2020_m12,2020-12-01,2020,12,,1,all_cvd,female,all,hospital_registered,monthly_count,28,28,count,28,,,final,bnr_sdc_v1,0,0,cvd_2023_12,,,,not_applicable,0,0,0,none,No disclosure restriction identified.,No disclosure restriction identified.
CVD-BURDEN-001,cvd_2024_01,monthly,2020_m12,2020-12-01,2020,12,,1,all_cvd,female,all,hospital_registered,monthly_same_month_previous_5yr_mean,33.2,33.2,count,166,,5,final,bnr_sdc_v1,0,0,cvd_2023_12,,,,not_applicable,0,0,0,none,No disclosure restriction identified.,No disclosure restriction identified.
CVD-BURDEN-001,cvd_2024_01,monthly,2020_m12,2020-12-01,2020,12,,1,all_cvd,male,all,hospital_registered,monthly_count,37,37,count,37,,,final,bnr_sdc_v1,0,0,cvd_2023_12,,,,not_applicable,0,0,0,none,No disclosure restriction identified.,No disclosure restriction identified.
CVD-BURDEN-001,cvd_2024_01,monthly,2020_m12,2020-12-01,2020,12,,1,all_cvd,male,all,hospital_registered,monthly_same_month_previous_5yr_mean,29.6,29.6,count,148,,5,final,bnr_sdc_v1,0,0,cvd_2023_12,,,,not_applicable,0,0,0,none,No disclosure restriction identified.,No disclosure restriction identified.
CVD-BURDEN-001,cvd_2024_01,monthly,2021_m01,2021-01-01,2021,1,,1,all_cvd,all,all,hospital_registered,monthly_count,51,51,count,51,,,final,bnr_sdc_v1,0,0,cvd_2023_12,,,,not_applicable,0,0,0,none,No disclosure restriction identified.,No disclosure restriction identified.
CVD-BURDEN-001,cvd_2024_01,monthly,2021_m01,2021-01-01,2021,1,,1,all_cvd,all,all,hospital_registered,monthly_same_month_previous_5yr_mean,77.40000000000001,77.4,count,387,,5,final,bnr_sdc_v1,0,0,cvd_2023_12,,,,not_applicable,0,0,0,none,No disclosure restriction identified.,No disclosure restriction identified.
CVD-BURDEN-001,cvd_2024_01,monthly,2021_m01,2021-01-01,2021,1,,1,all_cvd,female,all,hospital_registered,monthly_count,25,25,count,25,,,final,bnr_sdc_v1,0,0,cvd_2023_12,,,,not_applicable,0,0,0,none,No disclosure restriction identified.,No disclosure restriction identified.
CVD-BURDEN-001,cvd_2024_01,monthly,2021_m01,2021-01-01,2021,1,,1,all_cvd,female,all,hospital_registered,monthly_same_month_previous_5yr_mean,36.2,36.2,count,181,,5,final,bnr_sdc_v1,0,0,cvd_2023_12,,,,not_applicable,0,0,0,none,No disclosure restriction identified.,No disclosure restriction identified.
CVD-BURDEN-001,cvd_2024_01,monthly,2021_m01,2021-01-01,2021,1,,1,all_cvd,male,all,hospital_registered,monthly_count,26,26,count,26,,,final,bnr_sdc_v1,0,0,cvd_2023_12,,,,not_applicable,0,0,0,none,No disclosure restriction identified.,No disclosure restriction identified.
CVD-BURDEN-001,cvd_2024_01,monthly,2021_m01,2021-01-01,2021,1,,1,all_cvd,male,all,hospital_registered,monthly_same_month_previous_5yr_mean,41.2,41.2,count,206,,5,final,bnr_sdc_v1,0,0,cvd_2023_12,,,,not_applicable,0,0,0,none,No disclosure restriction identified.,No disclosure restriction identified.
CVD-BURDEN-001,cvd_2024_01,monthly,2021_m02,2021-02-01,2021,2,,1,all_cvd,all,all,hospital_registered,monthly_count,61,61,count,61,,,final,bnr_sdc_v1,0,0,cvd_2023_12,,,,not_applicable,0,0,0,none,No disclosure restriction identified.,No disclosure restriction identified.
CVD-BURDEN-001,cvd_2024_01,monthly,2021_m02,2021-02-01,2021,2,,1,all_cvd,all,all,hospital_registered,monthly_same_month_previous_5yr_mean,71.59999999999999,71.6,count,358,,5,final,bnr_sdc_v1,0,0,cvd_2023_12,,,,not_applicable,0,0,0,none,No disclosure restriction identified.,No disclosure restriction identified.
CVD-BURDEN-001,cvd_2024_01,monthly,2021_m02,2021-02-01,2021,2,,1,all_cvd,female,all,hospital_registered,monthly_count,29,29,count,29,,,final,bnr_sdc_v1,0,0,cvd_2023_12,,,,not_applicable,0,0,0,none,No disclosure restriction identified.,No disclosure restriction identified.
CVD-BURDEN-001,cvd_2024_01,monthly,2021_m02,2021-02-01,2021,2,,1,all_cvd,female,all,hospital_registered,monthly_same_month_previous_5yr_mean,35.8,35.8,count,179,,5,final,bnr_sdc_v1,0,0,cvd_2023_12,,,,not_applicable,0,0,0,none,No disclosure restriction identified.,No disclosure restriction identified.
CVD-BURDEN-001,cvd_2024_01,monthly,2021_m02,2021-02-01,2021,2,,1,all_cvd,male,all,hospital_registered,monthly_count,32,32,count,32,,,final,bnr_sdc_v1,0,0,cvd_2023_12,,,,not_applicable,0,0,0,none,No disclosure restriction identified.,No disclosure restriction identified.
CVD-BURDEN-001,cvd_2024_01,monthly,2021_m02,2021-02-01,2021,2,,1,all_cvd,male,all,hospital_registered,monthly_same_month_previous_5yr_mean,35.8,35.8,count,179,,5,final,bnr_sdc_v1,0,0,cvd_2023_12,,,,not_applicable,0,0,0,none,No disclosure restriction identified.,No disclosure restriction identified.
CVD-BURDEN-001,cvd_2024_01,monthly,2021_m03,2021-03-01,2021,3,,1,all_cvd,all,all,hospital_registered,monthly_count,51,51,count,51,,,final,bnr_sdc_v1,0,0,cvd_2023_12,,,,not_applicable,0,0,0,none,No disclosure restriction identified.,No disclosure restriction identified.
CVD-BURDEN-001,cvd_2024_01,monthly,2021_m03,2021-03-01,2021,3,,1,all_cvd,all,all,hospital_registered,monthly_same_month_previous_5yr_mean,70,70,count,350,,5,final,bnr_sdc_v1,0,0,cvd_2023_12,,,,not_applicable,0,0,0,none,No disclosure restriction identified.,No disclosure restriction identified.
CVD-BURDEN-001,cvd_2024_01,monthly,2021_m03,2021-03-01,2021,3,,1,all_cvd,female,all,hospital_registered,monthly_count,24,24,count,24,,,final,bnr_sdc_v1,0,0,cvd_2023_12,,,,not_applicable,0,0,0,none,No disclosure restriction identified.,No disclosure restriction identified.
CVD-BURDEN-001,cvd_2024_01,monthly,2021_m03,2021-03-01,2021,3,,1,all_cvd,female,all,hospital_registered,monthly_same_month_previous_5yr_mean,36.4,36.4,count,182,,5,final,bnr_sdc_v1,0,0,cvd_2023_12,,,,not_applicable,0,0,0,none,No disclosure restriction identified.,No disclosure restriction identified.
CVD-BURDEN-001,cvd_2024_01,monthly,2021_m03,2021-03-01,2021,3,,1,all_cvd,male,all,hospital_registered,monthly_count,27,27,count,27,,,final,bnr_sdc_v1,0,0,cvd_2023_12,,,,not_applicable,0,0,0,none,No disclosure restriction identified.,No disclosure restriction identified.
CVD-BURDEN-001,cvd_2024_01,monthly,2021_m03,2021-03-01,2021,3,,1,all_cvd,male,all,hospital_registered,monthly_same_month_previous_5yr_mean,33.6,33.6,count,168,,5,final,bnr_sdc_v1,0,0,cvd_2023_12,,,,not_applicable,0,0,0,none,No disclosure restriction identified.,No disclosure restriction identified.
CVD-BURDEN-001,cvd_2024_01,monthly,2021_m04,2021-04-01,2021,4,,1,all_cvd,all,all,hospital_registered,monthly_count,54,54,count,54,,,final,bnr_sdc_v1,0,0,cvd_2023_12,,,,not_applicable,0,0,0,none,No disclosure restriction identified.,No disclosure restriction identified.
CVD-BURDEN-001,cvd_2024_01,monthly,2021_m04,2021-04-01,2021,4,,1,all_cvd,all,all,hospital_registered,monthly_same_month_previous_5yr_mean,75,75,count,375,,5,final,bnr_sdc_v1,0,0,cvd_2023_12,,,,not_applicable,0,0,0,none,No disclosure restriction identified.,No disclosure restriction identified.
CVD-BURDEN-001,cvd_2024_01,monthly,2021_m04,2021-04-01,2021,4,,1,all_cvd,female,all,hospital_registered,monthly_count,27,27,count,27,,,final,bnr_sdc_v1,0,0,cvd_2023_12,,,,not_applicable,0,0,0,none,No disclosure restriction identified.,No disclosure restriction identified.
CVD-BURDEN-001,cvd_2024_01,monthly,2021_m04,2021-04-01,2021,4,,1,all_cvd,female,all,hospital_registered,monthly_same_month_previous_5yr_mean,34.6,34.6,count,173,,5,final,bnr_sdc_v1,0,0,cvd_2023_12,,,,not_applicable,0,0,0,none,No disclosure restriction identified.,No disclosure restriction identified.
CVD-BURDEN-001,cvd_2024_01,monthly,2021_m04,2021-04-01,2021,4,,1,all_cvd,male,all,hospital_registered,monthly_count,27,27,count,27,,,final,bnr_sdc_v1,0,0,cvd_2023_12,,,,not_applicable,0,0,0,none,No disclosure restriction identified.,No disclosure restriction identified.
CVD-BURDEN-001,cvd_2024_01,monthly,2021_m04,2021-04-01,2021,4,,1,all_cvd,male,all,hospital_registered,monthly_same_month_previous_5yr_mean,40.4,40.4,count,202,,5,final,bnr_sdc_v1,0,0,cvd_2023_12,,,,not_applicable,0,0,0,none,No disclosure restriction identified.,No disclosure restriction identified.
CVD-BURDEN-001,cvd_2024_01,monthly,2021_m05,2021-05-01,2021,5,,1,all_cvd,all,all,hospital_registered,monthly_count,72,72,count,72,,,final,bnr_sdc_v1,0,0,cvd_2023_12,,,,not_applicable,0,0,0,none,No disclosure restriction identified.,No disclosure restriction identified.
CVD-BURDEN-001,cvd_2024_01,monthly,2021_m05,2021-05-01,2021,5,,1,all_cvd,all,all,hospital_registered,monthly_same_month_previous_5yr_mean,75.40000000000001,75.4,count,377,,5,final,bnr_sdc_v1,0,0,cvd_2023_12,,,,not_applicable,0,0,0,none,No disclosure restriction identified.,No disclosure restriction identified.
CVD-BURDEN-001,cvd_2024_01,monthly,2021_m05,2021-05-01,2021,5,,1,all_cvd,female,all,hospital_registered,monthly_count,33,33,count,33,,,final,bnr_sdc_v1,0,0,cvd_2023_12,,,,not_applicable,0,0,0,none,No disclosure restriction identified.,No disclosure restriction identified.
CVD-BURDEN-001,cvd_2024_01,monthly,2021_m05,2021-05-01,2021,5,,1,all_cvd,female,all,hospital_registered,monthly_same_month_previous_5yr_mean,39.4,39.4,count,197,,5,final,bnr_sdc_v1,0,0,cvd_2023_12,,,,not_applicable,0,0,0,none,No disclosure restriction identified.,No disclosure restriction identified.
CVD-BURDEN-001,cvd_2024_01,monthly,2021_m05,2021-05-01,2021,5,,1,all_cvd,male,all,hospital_registered,monthly_count,39,39,count,39,,,final,bnr_sdc_v1,0,0,cvd_2023_12,,,,not_applicable,0,0,0,none,No disclosure restriction identified.,No disclosure restriction identified.
CVD-BURDEN-001,cvd_2024_01,monthly,2021_m05,2021-05-01,2021,5,,1,all_cvd,male,all,hospital_registered,monthly_same_month_previous_5yr_mean,36,36,count,180,,5,final,bnr_sdc_v1,0,0,cvd_2023_12,,,,not_applicable,0,0,0,none,No disclosure restriction identified.,No disclosure restriction identified.
CVD-BURDEN-001,cvd_2024_01,monthly,2021_m06,2021-06-01,2021,6,,1,all_cvd,all,all,hospital_registered,monthly_count,46,46,count,46,,,final,bnr_sdc_v1,0,0,cvd_2023_12,,,,not_applicable,0,0,0,none,No disclosure restriction identified.,No disclosure restriction identified.
CVD-BURDEN-001,cvd_2024_01,monthly,2021_m06,2021-06-01,2021,6,,1,all_cvd,all,all,hospital_registered,monthly_same_month_previous_5yr_mean,64.8,64.8,count,324,,5,final,bnr_sdc_v1,0,0,cvd_2023_12,,,,not_applicable,0,0,0,none,No disclosure restriction identified.,No disclosure restriction identified.
CVD-BURDEN-001,cvd_2024_01,monthly,2021_m06,2021-06-01,2021,6,,1,all_cvd,female,all,hospital_registered,monthly_count,26,26,count,26,,,final,bnr_sdc_v1,0,0,cvd_2023_12,,,,not_applicable,0,0,0,none,No disclosure restriction identified.,No disclosure restriction identified.
CVD-BURDEN-001,cvd_2024_01,monthly,2021_m06,2021-06-01,2021,6,,1,all_cvd,female,all,hospital_registered,monthly_same_month_previous_5yr_mean,32.8,32.8,count,164,,5,final,bnr_sdc_v1,0,0,cvd_2023_12,,,,not_applicable,0,0,0,none,No disclosure restriction identified.,No disclosure restriction identified.
CVD-BURDEN-001,cvd_2024_01,monthly,2021_m06,2021-06-01,2021,6,,1,all_cvd,male,all,hospital_registered,monthly_count,20,20,count,20,,,final,bnr_sdc_v1,0,0,cvd_2023_12,,,,not_applicable,0,0,0,none,No disclosure restriction identified.,No disclosure restriction identified.
CVD-BURDEN-001,cvd_2024_01,monthly,2021_m06,2021-06-01,2021,6,,1,all_cvd,male,all,hospital_registered,monthly_same_month_previous_5yr_mean,32,32,count,160,,5,final,bnr_sdc_v1,0,0,cvd_2023_12,,,,not_applicable,0,0,0,none,No disclosure restriction identified.,No disclosure restriction identified.
CVD-BURDEN-001,cvd_2024_01,monthly,2021_m07,2021-07-01,2021,7,,1,all_cvd,all,all,hospital_registered,monthly_count,89,89,count,89,,,final,bnr_sdc_v1,0,0,cvd_2023_12,,,,not_applicable,0,0,0,none,No disclosure restriction identified.,No disclosure restriction identified.
CVD-BURDEN-001,cvd_2024_01,monthly,2021_m07,2021-07-01,2021,7,,1,all_cvd,all,all,hospital_registered,monthly_same_month_previous_5yr_mean,67.40000000000001,67.4,count,337,,5,final,bnr_sdc_v1,0,0,cvd_2023_12,,,,not_applicable,0,0,0,none,No disclosure restriction identified.,No disclosure restriction identified.
CVD-BURDEN-001,cvd_2024_01,monthly,2021_m07,2021-07-01,2021,7,,1,all_cvd,female,all,hospital_registered,monthly_count,39,39,count,39,,,final,bnr_sdc_v1,0,0,cvd_2023_12,,,,not_applicable,0,0,0,none,No disclosure restriction identified.,No disclosure restriction identified.
CVD-BURDEN-001,cvd_2024_01,monthly,2021_m07,2021-07-01,2021,7,,1,all_cvd,female,all,hospital_registered,monthly_same_month_previous_5yr_mean,33.8,33.8,count,169,,5,final,bnr_sdc_v1,0,0,cvd_2023_12,,,,not_applicable,0,0,0,none,No disclosure restriction identified.,No disclosure restriction identified.
CVD-BURDEN-001,cvd_2024_01,monthly,2021_m07,2021-07-01,2021,7,,1,all_cvd,male,all,hospital_registered,monthly_count,50,50,count,50,,,final,bnr_sdc_v1,0,0,cvd_2023_12,,,,not_applicable,0,0,0,none,No disclosure restriction identified.,No disclosure restriction identified.
CVD-BURDEN-001,cvd_2024_01,monthly,2021_m07,2021-07-01,2021,7,,1,all_cvd,male,all,hospital_registered,monthly_same_month_previous_5yr_mean,33.6,33.6,count,168,,5,final,bnr_sdc_v1,0,0,cvd_2023_12,,,,not_applicable,0,0,0,none,No disclosure restriction identified.,No disclosure restriction identified.
CVD-BURDEN-001,cvd_2024_01,monthly,2021_m08,2021-08-01,2021,8,,1,all_cvd,all,all,hospital_registered,monthly_count,72,72,count,72,,,final,bnr_sdc_v1,0,0,cvd_2023_12,,,,not_applicable,0,0,0,none,No disclosure restriction identified.,No disclosure restriction identified.
CVD-BURDEN-001,cvd_2024_01,monthly,2021_m08,2021-08-01,2021,8,,1,all_cvd,all,all,hospital_registered,monthly_same_month_previous_5yr_mean,70.59999999999999,70.6,count,353,,5,final,bnr_sdc_v1,0,0,cvd_2023_12,,,,not_applicable,0,0,0,none,No disclosure restriction identified.,No disclosure restriction identified.
CVD-BURDEN-001,cvd_2024_01,monthly,2021_m08,2021-08-01,2021,8,,1,all_cvd,female,all,hospital_registered,monthly_count,32,32,count,32,,,final,bnr_sdc_v1,0,0,cvd_2023_12,,,,not_applicable,0,0,0,none,No disclosure restriction identified.,No disclosure restriction identified.
CVD-BURDEN-001,cvd_2024_01,monthly,2021_m08,2021-08-01,2021,8,,1,all_cvd,female,all,hospital_registered,monthly_same_month_previous_5yr_mean,34.8,34.8,count,174,,5,final,bnr_sdc_v1,0,0,cvd_2023_12,,,,not_applicable,0,0,0,none,No disclosure restriction identified.,No disclosure restriction identified.
CVD-BURDEN-001,cvd_2024_01,monthly,2021_m08,2021-08-01,2021,8,,1,all_cvd,male,all,hospital_registered,monthly_count,40,40,count,40,,,final,bnr_sdc_v1,0,0,cvd_2023_12,,,,not_applicable,0,0,0,none,No disclosure restriction identified.,No disclosure restriction identified.
CVD-BURDEN-001,cvd_2024_01,monthly,2021_m08,2021-08-01,2021,8,,1,all_cvd,male,all,hospital_registered,monthly_same_month_previous_5yr_mean,35.8,35.8,count,179,,5,final,bnr_sdc_v1,0,0,cvd_2023_12,,,,not_applicable,0,0,0,none,No disclosure restriction identified.,No disclosure restriction identified.
CVD-BURDEN-001,cvd_2024_01,monthly,2021_m09,2021-09-01,2021,9,,1,all_cvd,all,all,hospital_registered,monthly_count,62,62,count,62,,,final,bnr_sdc_v1,0,0,cvd_2023_12,,,,not_applicable,0,0,0,none,No disclosure restriction identified.,No disclosure restriction identified.
CVD-BURDEN-001,cvd_2024_01,monthly,2021_m09,2021-09-01,2021,9,,1,all_cvd,all,all,hospital_registered,monthly_same_month_previous_5yr_mean,69.2,69.2,count,346,,5,final,bnr_sdc_v1,0,0,cvd_2023_12,,,,not_applicable,0,0,0,none,No disclosure restriction identified.,No disclosure restriction identified.
CVD-BURDEN-001,cvd_2024_01,monthly,2021_m09,2021-09-01,2021,9,,1,all_cvd,female,all,hospital_registered,monthly_count,36,36,count,36,,,final,bnr_sdc_v1,0,0,cvd_2023_12,,,,not_applicable,0,0,0,none,No disclosure restriction identified.,No disclosure restriction identified.
CVD-BURDEN-001,cvd_2024_01,monthly,2021_m09,2021-09-01,2021,9,,1,all_cvd,female,all,hospital_registered,monthly_same_month_previous_5yr_mean,35,35,count,175,,5,final,bnr_sdc_v1,0,0,cvd_2023_12,,,,not_applicable,0,0,0,none,No disclosure restriction identified.,No disclosure restriction identified.
CVD-BURDEN-001,cvd_2024_01,monthly,2021_m09,2021-09-01,2021,9,,1,all_cvd,male,all,hospital_registered,monthly_count,26,26,count,26,,,final,bnr_sdc_v1,0,0,cvd_2023_12,,,,not_applicable,0,0,0,none,No disclosure restriction identified.,No disclosure restriction identified.
CVD-BURDEN-001,cvd_2024_01,monthly,2021_m09,2021-09-01,2021,9,,1,all_cvd,male,all,hospital_registered,monthly_same_month_previous_5yr_mean,34.2,34.2,count,171,,5,final,bnr_sdc_v1,0,0,cvd_2023_12,,,,not_applicable,0,0,0,none,No disclosure restriction identified.,No disclosure restriction identified.
CVD-BURDEN-001,cvd_2024_01,monthly,2021_m10,2021-10-01,2021,10,,1,all_cvd,all,all,hospital_registered,monthly_count,60,60,count,60,,,final,bnr_sdc_v1,0,0,cvd_2023_12,,,,not_applicable,0,0,0,none,No disclosure restriction identified.,No disclosure restriction identified.
CVD-BURDEN-001,cvd_2024_01,monthly,2021_m10,2021-10-01,2021,10,,1,all_cvd,all,all,hospital_registered,monthly_same_month_previous_5yr_mean,62.6,62.6,count,313,,5,final,bnr_sdc_v1,0,0,cvd_2023_12,,,,not_applicable,0,0,0,none,No disclosure restriction identified.,No disclosure restriction identified.
CVD-BURDEN-001,cvd_2024_01,monthly,2021_m10,2021-10-01,2021,10,,1,all_cvd,female,all,hospital_registered,monthly_count,35,35,count,35,,,final,bnr_sdc_v1,0,0,cvd_2023_12,,,,not_applicable,0,0,0,none,No disclosure restriction identified.,No disclosure restriction identified.
CVD-BURDEN-001,cvd_2024_01,monthly,2021_m10,2021-10-01,2021,10,,1,all_cvd,female,all,hospital_registered,monthly_same_month_previous_5yr_mean,30.2,30.2,count,151,,5,final,bnr_sdc_v1,0,0,cvd_2023_12,,,,not_applicable,0,0,0,none,No disclosure restriction identified.,No disclosure restriction identified.
CVD-BURDEN-001,cvd_2024_01,monthly,2021_m10,2021-10-01,2021,10,,1,all_cvd,male,all,hospital_registered,monthly_count,25,25,count,25,,,final,bnr_sdc_v1,0,0,cvd_2023_12,,,,not_applicable,0,0,0,none,No disclosure restriction identified.,No disclosure restriction identified.
CVD-BURDEN-001,cvd_2024_01,monthly,2021_m10,2021-10-01,2021,10,,1,all_cvd,male,all,hospital_registered,monthly_same_month_previous_5yr_mean,32.4,32.4,count,162,,5,final,bnr_sdc_v1,0,0,cvd_2023_12,,,,not_applicable,0,0,0,none,No disclosure restriction identified.,No disclosure restriction identified.
CVD-BURDEN-001,cvd_2024_01,monthly,2021_m11,2021-11-01,2021,11,,1,all_cvd,all,all,hospital_registered,monthly_count,53,53,count,53,,,final,bnr_sdc_v1,0,0,cvd_2023_12,,,,not_applicable,0,0,0,none,No disclosure restriction identified.,No disclosure restriction identified.
CVD-BURDEN-001,cvd_2024_01,monthly,2021_m11,2021-11-01,2021,11,,1,all_cvd,all,all,hospital_registered,monthly_same_month_previous_5yr_mean,68.2,68.2,count,341,,5,final,bnr_sdc_v1,0,0,cvd_2023_12,,,,not_applicable,0,0,0,none,No disclosure restriction identified.,No disclosure restriction identified.
CVD-BURDEN-001,cvd_2024_01,monthly,2021_m11,2021-11-01,2021,11,,1,all_cvd,female,all,hospital_registered,monthly_count,22,22,count,22,,,final,bnr_sdc_v1,0,0,cvd_2023_12,,,,not_applicable,0,0,0,none,No disclosure restriction identified.,No disclosure restriction identified.
CVD-BURDEN-001,cvd_2024_01,monthly,2021_m11,2021-11-01,2021,11,,1,all_cvd,female,all,hospital_registered,monthly_same_month_previous_5yr_mean,33.4,33.4,count,167,,5,final,bnr_sdc_v1,0,0,cvd_2023_12,,,,not_applicable,0,0,0,none,No disclosure restriction identified.,No disclosure restriction identified.
CVD-BURDEN-001,cvd_2024_01,monthly,2021_m11,2021-11-01,2021,11,,1,all_cvd,male,all,hospital_registered,monthly_count,31,31,count,31,,,final,bnr_sdc_v1,0,0,cvd_2023_12,,,,not_applicable,0,0,0,none,No disclosure restriction identified.,No disclosure restriction identified.
CVD-BURDEN-001,cvd_2024_01,monthly,2021_m11,2021-11-01,2021,11,,1,all_cvd,male,all,hospital_registered,monthly_same_month_previous_5yr_mean,34.8,34.8,count,174,,5,final,bnr_sdc_v1,0,0,cvd_2023_12,,,,not_applicable,0,0,0,none,No disclosure restriction identified.,No disclosure restriction identified.
CVD-BURDEN-001,cvd_2024_01,monthly,2021_m12,2021-12-01,2021,12,,1,all_cvd,all,all,hospital_registered,monthly_count,59,59,count,59,,,final,bnr_sdc_v1,0,0,cvd_2023_12,,,,not_applicable,0,0,0,none,No disclosure restriction identified.,No disclosure restriction identified.
CVD-BURDEN-001,cvd_2024_01,monthly,2021_m12,2021-12-01,2021,12,,1,all_cvd,all,all,hospital_registered,monthly_same_month_previous_5yr_mean,67,67,count,335,,5,final,bnr_sdc_v1,0,0,cvd_2023_12,,,,not_applicable,0,0,0,none,No disclosure restriction identified.,No disclosure restriction identified.
CVD-BURDEN-001,cvd_2024_01,monthly,2021_m12,2021-12-01,2021,12,,1,all_cvd,female,all,hospital_registered,monthly_count,24,24,count,24,,,final,bnr_sdc_v1,0,0,cvd_2023_12,,,,not_applicable,0,0,0,none,No disclosure restriction identified.,No disclosure restriction identified.
CVD-BURDEN-001,cvd_2024_01,monthly,2021_m12,2021-12-01,2021,12,,1,all_cvd,female,all,hospital_registered,monthly_same_month_previous_5yr_mean,33.8,33.8,count,169,,5,final,bnr_sdc_v1,0,0,cvd_2023_12,,,,not_applicable,0,0,0,none,No disclosure restriction identified.,No disclosure restriction identified.
CVD-BURDEN-001,cvd_2024_01,monthly,2021_m12,2021-12-01,2021,12,,1,all_cvd,male,all,hospital_registered,monthly_count,35,35,count,35,,,final,bnr_sdc_v1,0,0,cvd_2023_12,,,,not_applicable,0,0,0,none,No disclosure restriction identified.,No disclosure restriction identified.
CVD-BURDEN-001,cvd_2024_01,monthly,2021_m12,2021-12-01,2021,12,,1,all_cvd,male,all,hospital_registered,monthly_same_month_previous_5yr_mean,33.2,33.2,count,166,,5,final,bnr_sdc_v1,0,0,cvd_2023_12,,,,not_applicable,0,0,0,none,No disclosure restriction identified.,No disclosure restriction identified.
CVD-BURDEN-001,cvd_2024_01,monthly,2022_m01,2022-01-01,2022,1,,1,all_cvd,all,all,hospital_registered,monthly_count,70,70,count,70,,,final,bnr_sdc_v1,0,0,cvd_2023_12,,,,not_applicable,0,0,0,none,No disclosure restriction identified.,No disclosure restriction identified.
CVD-BURDEN-001,cvd_2024_01,monthly,2022_m01,2022-01-01,2022,1,,1,all_cvd,all,all,hospital_registered,monthly_same_month_previous_5yr_mean,71.59999999999999,71.6,count,358,,5,final,bnr_sdc_v1,0,0,cvd_2023_12,,,,not_applicable,0,0,0,none,No disclosure restriction identified.,No disclosure restriction identified.
CVD-BURDEN-001,cvd_2024_01,monthly,2022_m01,2022-01-01,2022,1,,1,all_cvd,female,all,hospital_registered,monthly_count,36,36,count,36,,,final,bnr_sdc_v1,0,0,cvd_2023_12,,,,not_applicable,0,0,0,none,No disclosure restriction identified.,No disclosure restriction identified.
CVD-BURDEN-001,cvd_2024_01,monthly,2022_m01,2022-01-01,2022,1,,1,all_cvd,female,all,hospital_registered,monthly_same_month_previous_5yr_mean,33.6,33.6,count,168,,5,final,bnr_sdc_v1,0,0,cvd_2023_12,,,,not_applicable,0,0,0,none,No disclosure restriction identified.,No disclosure restriction identified.
CVD-BURDEN-001,cvd_2024_01,monthly,2022_m01,2022-01-01,2022,1,,1,all_cvd,male,all,hospital_registered,monthly_count,34,34,count,34,,,final,bnr_sdc_v1,0,0,cvd_2023_12,,,,not_applicable,0,0,0,none,No disclosure restriction identified.,No disclosure restriction identified.
CVD-BURDEN-001,cvd_2024_01,monthly,2022_m01,2022-01-01,2022,1,,1,all_cvd,male,all,hospital_registered,monthly_same_month_previous_5yr_mean,38,38,count,190,,5,final,bnr_sdc_v1,0,0,cvd_2023_12,,,,not_applicable,0,0,0,none,No disclosure restriction identified.,No disclosure restriction identified.
CVD-BURDEN-001,cvd_2024_01,monthly,2022_m02,2022-02-01,2022,2,,1,all_cvd,all,all,hospital_registered,monthly_count,83,83,count,83,,,final,bnr_sdc_v1,0,0,cvd_2023_12,,,,not_applicable,0,0,0,none,No disclosure restriction identified.,No disclosure restriction identified.
CVD-BURDEN-001,cvd_2024_01,monthly,2022_m02,2022-02-01,2022,2,,1,all_cvd,all,all,hospital_registered,monthly_same_month_previous_5yr_mean,72.8,72.8,count,364,,5,final,bnr_sdc_v1,0,0,cvd_2023_12,,,,not_applicable,0,0,0,none,No disclosure restriction identified.,No disclosure restriction identified.
CVD-BURDEN-001,cvd_2024_01,monthly,2022_m02,2022-02-01,2022,2,,1,all_cvd,female,all,hospital_registered,monthly_count,37,37,count,37,,,final,bnr_sdc_v1,0,0,cvd_2023_12,,,,not_applicable,0,0,0,none,No disclosure restriction identified.,No disclosure restriction identified.
CVD-BURDEN-001,cvd_2024_01,monthly,2022_m02,2022-02-01,2022,2,,1,all_cvd,female,all,hospital_registered,monthly_same_month_previous_5yr_mean,36.8,36.8,count,184,,5,final,bnr_sdc_v1,0,0,cvd_2023_12,,,,not_applicable,0,0,0,none,No disclosure restriction identified.,No disclosure restriction identified.
CVD-BURDEN-001,cvd_2024_01,monthly,2022_m02,2022-02-01,2022,2,,1,all_cvd,male,all,hospital_registered,monthly_count,46,46,count,46,,,final,bnr_sdc_v1,0,0,cvd_2023_12,,,,not_applicable,0,0,0,none,No disclosure restriction identified.,No disclosure restriction identified.
CVD-BURDEN-001,cvd_2024_01,monthly,2022_m02,2022-02-01,2022,2,,1,all_cvd,male,all,hospital_registered,monthly_same_month_previous_5yr_mean,36,36,count,180,,5,final,bnr_sdc_v1,0,0,cvd_2023_12,,,,not_applicable,0,0,0,none,No disclosure restriction identified.,No disclosure restriction identified.
CVD-BURDEN-001,cvd_2024_01,monthly,2022_m03,2022-03-01,2022,3,,1,all_cvd,all,all,hospital_registered,monthly_count,59,59,count,59,,,final,bnr_sdc_v1,0,0,cvd_2023_12,,,,not_applicable,0,0,0,none,No disclosure restriction identified.,No disclosure restriction identified.
CVD-BURDEN-001,cvd_2024_01,monthly,2022_m03,2022-03-01,2022,3,,1,all_cvd,all,all,hospital_registered,monthly_same_month_previous_5yr_mean,68.59999999999999,68.6,count,343,,5,final,bnr_sdc_v1,0,0,cvd_2023_12,,,,not_applicable,0,0,0,none,No disclosure restriction identified.,No disclosure restriction identified.
CVD-BURDEN-001,cvd_2024_01,monthly,2022_m03,2022-03-01,2022,3,,1,all_cvd,female,all,hospital_registered,monthly_count,34,34,count,34,,,final,bnr_sdc_v1,0,0,cvd_2023_12,,,,not_applicable,0,0,0,none,No disclosure restriction identified.,No disclosure restriction identified.
CVD-BURDEN-001,cvd_2024_01,monthly,2022_m03,2022-03-01,2022,3,,1,all_cvd,female,all,hospital_registered,monthly_same_month_previous_5yr_mean,33.4,33.4,count,167,,5,final,bnr_sdc_v1,0,0,cvd_2023_12,,,,not_applicable,0,0,0,none,No disclosure restriction identified.,No disclosure restriction identified.
CVD-BURDEN-001,cvd_2024_01,monthly,2022_m03,2022-03-01,2022,3,,1,all_cvd,male,all,hospital_registered,monthly_count,25,25,count,25,,,final,bnr_sdc_v1,0,0,cvd_2023_12,,,,not_applicable,0,0,0,none,No disclosure restriction identified.,No disclosure restriction identified.
CVD-BURDEN-001,cvd_2024_01,monthly,2022_m03,2022-03-01,2022,3,,1,all_cvd,male,all,hospital_registered,monthly_same_month_previous_5yr_mean,35.2,35.2,count,176,,5,final,bnr_sdc_v1,0,0,cvd_2023_12,,,,not_applicable,0,0,0,none,No disclosure restriction identified.,No disclosure restriction identified.
CVD-BURDEN-001,cvd_2024_01,monthly,2022_m04,2022-04-01,2022,4,,1,all_cvd,all,all,hospital_registered,monthly_count,67,67,count,67,,,final,bnr_sdc_v1,0,0,cvd_2023_12,,,,not_applicable,0,0,0,none,No disclosure restriction identified.,No disclosure restriction identified.
CVD-BURDEN-001,cvd_2024_01,monthly,2022_m04,2022-04-01,2022,4,,1,all_cvd,all,all,hospital_registered,monthly_same_month_previous_5yr_mean,72.40000000000001,72.4,count,362,,5,final,bnr_sdc_v1,0,0,cvd_2023_12,,,,not_applicable,0,0,0,none,No disclosure restriction identified.,No disclosure restriction identified.
CVD-BURDEN-001,cvd_2024_01,monthly,2022_m04,2022-04-01,2022,4,,1,all_cvd,female,all,hospital_registered,monthly_count,33,33,count,33,,,final,bnr_sdc_v1,0,0,cvd_2023_12,,,,not_applicable,0,0,0,none,No disclosure restriction identified.,No disclosure restriction identified.
CVD-BURDEN-001,cvd_2024_01,monthly,2022_m04,2022-04-01,2022,4,,1,all_cvd,female,all,hospital_registered,monthly_same_month_previous_5yr_mean,34.2,34.2,count,171,,5,final,bnr_sdc_v1,0,0,cvd_2023_12,,,,not_applicable,0,0,0,none,No disclosure restriction identified.,No disclosure restriction identified.
CVD-BURDEN-001,cvd_2024_01,monthly,2022_m04,2022-04-01,2022,4,,1,all_cvd,male,all,hospital_registered,monthly_count,34,34,count,34,,,final,bnr_sdc_v1,0,0,cvd_2023_12,,,,not_applicable,0,0,0,none,No disclosure restriction identified.,No disclosure restriction identified.
CVD-BURDEN-001,cvd_2024_01,monthly,2022_m04,2022-04-01,2022,4,,1,all_cvd,male,all,hospital_registered,monthly_same_month_previous_5yr_mean,38.2,38.2,count,191,,5,final,bnr_sdc_v1,0,0,cvd_2023_12,,,,not_applicable,0,0,0,none,No disclosure restriction identified.,No disclosure restriction identified.
CVD-BURDEN-001,cvd_2024_01,monthly,2022_m05,2022-05-01,2022,5,,1,all_cvd,all,all,hospital_registered,monthly_count,59,59,count,59,,,final,bnr_sdc_v1,0,0,cvd_2023_12,,,,not_applicable,0,0,0,none,No disclosure restriction identified.,No disclosure restriction identified.
CVD-BURDEN-001,cvd_2024_01,monthly,2022_m05,2022-05-01,2022,5,,1,all_cvd,all,all,hospital_registered,monthly_same_month_previous_5yr_mean,75,75,count,375,,5,final,bnr_sdc_v1,0,0,cvd_2023_12,,,,not_applicable,0,0,0,none,No disclosure restriction identified.,No disclosure restriction identified.
CVD-BURDEN-001,cvd_2024_01,monthly,2022_m05,2022-05-01,2022,5,,1,all_cvd,female,all,hospital_registered,monthly_count,31,31,count,31,,,final,bnr_sdc_v1,0,0,cvd_2023_12,,,,not_applicable,0,0,0,none,No disclosure restriction identified.,No disclosure restriction identified.
CVD-BURDEN-001,cvd_2024_01,monthly,2022_m05,2022-05-01,2022,5,,1,all_cvd,female,all,hospital_registered,monthly_same_month_previous_5yr_mean,40.2,40.2,count,201,,5,final,bnr_sdc_v1,0,0,cvd_2023_12,,,,not_applicable,0,0,0,none,No disclosure restriction identified.,No disclosure restriction identified.
CVD-BURDEN-001,cvd_2024_01,monthly,2022_m05,2022-05-01,2022,5,,1,all_cvd,male,all,hospital_registered,monthly_count,28,28,count,28,,,final,bnr_sdc_v1,0,0,cvd_2023_12,,,,not_applicable,0,0,0,none,No disclosure restriction identified.,No disclosure restriction identified.
CVD-BURDEN-001,cvd_2024_01,monthly,2022_m05,2022-05-01,2022,5,,1,all_cvd,male,all,hospital_registered,monthly_same_month_previous_5yr_mean,34.8,34.8,count,174,,5,final,bnr_sdc_v1,0,0,cvd_2023_12,,,,not_applicable,0,0,0,none,No disclosure restriction identified.,No disclosure restriction identified.
CVD-BURDEN-001,cvd_2024_01,monthly,2022_m06,2022-06-01,2022,6,,1,all_cvd,all,all,hospital_registered,monthly_count,70,70,count,70,,,final,bnr_sdc_v1,0,0,cvd_2023_12,,,,not_applicable,0,0,0,none,No disclosure restriction identified.,No disclosure restriction identified.
CVD-BURDEN-001,cvd_2024_01,monthly,2022_m06,2022-06-01,2022,6,,1,all_cvd,all,all,hospital_registered,monthly_same_month_previous_5yr_mean,63.4,63.4,count,317,,5,final,bnr_sdc_v1,0,0,cvd_2023_12,,,,not_applicable,0,0,0,none,No disclosure restriction identified.,No disclosure restriction identified.
CVD-BURDEN-001,cvd_2024_01,monthly,2022_m06,2022-06-01,2022,6,,1,all_cvd,female,all,hospital_registered,monthly_count,33,33,count,33,,,final,bnr_sdc_v1,0,0,cvd_2023_12,,,,not_applicable,0,0,0,none,No disclosure restriction identified.,No disclosure restriction identified.
CVD-BURDEN-001,cvd_2024_01,monthly,2022_m06,2022-06-01,2022,6,,1,all_cvd,female,all,hospital_registered,monthly_same_month_previous_5yr_mean,31.4,31.4,count,157,,5,final,bnr_sdc_v1,0,0,cvd_2023_12,,,,not_applicable,0,0,0,none,No disclosure restriction identified.,No disclosure restriction identified.
CVD-BURDEN-001,cvd_2024_01,monthly,2022_m06,2022-06-01,2022,6,,1,all_cvd,male,all,hospital_registered,monthly_count,37,37,count,37,,,final,bnr_sdc_v1,0,0,cvd_2023_12,,,,not_applicable,0,0,0,none,No disclosure restriction identified.,No disclosure restriction identified.
CVD-BURDEN-001,cvd_2024_01,monthly,2022_m06,2022-06-01,2022,6,,1,all_cvd,male,all,hospital_registered,monthly_same_month_previous_5yr_mean,32,32,count,160,,5,final,bnr_sdc_v1,0,0,cvd_2023_12,,,,not_applicable,0,0,0,none,No disclosure restriction identified.,No disclosure restriction identified.
CVD-BURDEN-001,cvd_2024_01,monthly,2022_m07,2022-07-01,2022,7,,1,all_cvd,all,all,hospital_registered,monthly_count,69,69,count,69,,,final,bnr_sdc_v1,0,0,cvd_2023_12,,,,not_applicable,0,0,0,none,No disclosure restriction identified.,No disclosure restriction identified.
CVD-BURDEN-001,cvd_2024_01,monthly,2022_m07,2022-07-01,2022,7,,1,all_cvd,all,all,hospital_registered,monthly_same_month_previous_5yr_mean,72.40000000000001,72.4,count,362,,5,final,bnr_sdc_v1,0,0,cvd_2023_12,,,,not_applicable,0,0,0,none,No disclosure restriction identified.,No disclosure restriction identified.
CVD-BURDEN-001,cvd_2024_01,monthly,2022_m07,2022-07-01,2022,7,,1,all_cvd,female,all,hospital_registered,monthly_count,29,29,count,29,,,final,bnr_sdc_v1,0,0,cvd_2023_12,,,,not_applicable,0,0,0,none,No disclosure restriction identified.,No disclosure restriction identified.
CVD-BURDEN-001,cvd_2024_01,monthly,2022_m07,2022-07-01,2022,7,,1,all_cvd,female,all,hospital_registered,monthly_same_month_previous_5yr_mean,35.2,35.2,count,176,,5,final,bnr_sdc_v1,0,0,cvd_2023_12,,,,not_applicable,0,0,0,none,No disclosure restriction identified.,No disclosure restriction identified.
CVD-BURDEN-001,cvd_2024_01,monthly,2022_m07,2022-07-01,2022,7,,1,all_cvd,male,all,hospital_registered,monthly_count,40,40,count,40,,,final,bnr_sdc_v1,0,0,cvd_2023_12,,,,not_applicable,0,0,0,none,No disclosure restriction identified.,No disclosure restriction identified.
CVD-BURDEN-001,cvd_2024_01,monthly,2022_m07,2022-07-01,2022,7,,1,all_cvd,male,all,hospital_registered,monthly_same_month_previous_5yr_mean,37.2,37.2,count,186,,5,final,bnr_sdc_v1,0,0,cvd_2023_12,,,,not_applicable,0,0,0,none,No disclosure restriction identified.,No disclosure restriction identified.
CVD-BURDEN-001,cvd_2024_01,monthly,2022_m08,2022-08-01,2022,8,,1,all_cvd,all,all,hospital_registered,monthly_count,63,63,count,63,,,final,bnr_sdc_v1,0,0,cvd_2023_12,,,,not_applicable,0,0,0,none,No disclosure restriction identified.,No disclosure restriction identified.
CVD-BURDEN-001,cvd_2024_01,monthly,2022_m08,2022-08-01,2022,8,,1,all_cvd,all,all,hospital_registered,monthly_same_month_previous_5yr_mean,71.40000000000001,71.4,count,357,,5,final,bnr_sdc_v1,0,0,cvd_2023_12,,,,not_applicable,0,0,0,none,No disclosure restriction identified.,No disclosure restriction identified.
CVD-BURDEN-001,cvd_2024_01,monthly,2022_m08,2022-08-01,2022,8,,1,all_cvd,female,all,hospital_registered,monthly_count,30,30,count,30,,,final,bnr_sdc_v1,0,0,cvd_2023_12,,,,not_applicable,0,0,0,none,No disclosure restriction identified.,No disclosure restriction identified.
CVD-BURDEN-001,cvd_2024_01,monthly,2022_m08,2022-08-01,2022,8,,1,all_cvd,female,all,hospital_registered,monthly_same_month_previous_5yr_mean,34.4,34.4,count,172,,5,final,bnr_sdc_v1,0,0,cvd_2023_12,,,,not_applicable,0,0,0,none,No disclosure restriction identified.,No disclosure restriction identified.
CVD-BURDEN-001,cvd_2024_01,monthly,2022_m08,2022-08-01,2022,8,,1,all_cvd,male,all,hospital_registered,monthly_count,33,33,count,33,,,final,bnr_sdc_v1,0,0,cvd_2023_12,,,,not_applicable,0,0,0,none,No disclosure restriction identified.,No disclosure restriction identified.
CVD-BURDEN-001,cvd_2024_01,monthly,2022_m08,2022-08-01,2022,8,,1,all_cvd,male,all,hospital_registered,monthly_same_month_previous_5yr_mean,37,37,count,185,,5,final,bnr_sdc_v1,0,0,cvd_2023_12,,,,not_applicable,0,0,0,none,No disclosure restriction identified.,No disclosure restriction identified.
CVD-BURDEN-001,cvd_2024_01,monthly,2022_m09,2022-09-01,2022,9,,1,all_cvd,all,all,hospital_registered,monthly_count,62,62,count,62,,,final,bnr_sdc_v1,0,0,cvd_2023_12,,,,not_applicable,0,0,0,none,No disclosure restriction identified.,No disclosure restriction identified.
CVD-BURDEN-001,cvd_2024_01,monthly,2022_m09,2022-09-01,2022,9,,1,all_cvd,all,all,hospital_registered,monthly_same_month_previous_5yr_mean,68.2,68.2,count,341,,5,final,bnr_sdc_v1,0,0,cvd_2023_12,,,,not_applicable,0,0,0,none,No disclosure restriction identified.,No disclosure restriction identified.
CVD-BURDEN-001,cvd_2024_01,monthly,2022_m09,2022-09-01,2022,9,,1,all_cvd,female,all,hospital_registered,monthly_count,28,28,count,28,,,final,bnr_sdc_v1,0,0,cvd_2023_12,,,,not_applicable,0,0,0,none,No disclosure restriction identified.,No disclosure restriction identified.
CVD-BURDEN-001,cvd_2024_01,monthly,2022_m09,2022-09-01,2022,9,,1,all_cvd,female,all,hospital_registered,monthly_same_month_previous_5yr_mean,34,34,count,170,,5,final,bnr_sdc_v1,0,0,cvd_2023_12,,,,not_applicable,0,0,0,none,No disclosure restriction identified.,No disclosure restriction identified.
CVD-BURDEN-001,cvd_2024_01,monthly,2022_m09,2022-09-01,2022,9,,1,all_cvd,male,all,hospital_registered,monthly_count,34,34,count,34,,,final,bnr_sdc_v1,0,0,cvd_2023_12,,,,not_applicable,0,0,0,none,No disclosure restriction identified.,No disclosure restriction identified.
CVD-BURDEN-001,cvd_2024_01,monthly,2022_m09,2022-09-01,2022,9,,1,all_cvd,male,all,hospital_registered,monthly_same_month_previous_5yr_mean,34.2,34.2,count,171,,5,final,bnr_sdc_v1,0,0,cvd_2023_12,,,,not_applicable,0,0,0,none,No disclosure restriction identified.,No disclosure restriction identified.
CVD-BURDEN-001,cvd_2024_01,monthly,2022_m10,2022-10-01,2022,10,,1,all_cvd,all,all,hospital_registered,monthly_count,81,81,count,81,,,final,bnr_sdc_v1,0,0,cvd_2023_12,,,,not_applicable,0,0,0,none,No disclosure restriction identified.,No disclosure restriction identified.
CVD-BURDEN-001,cvd_2024_01,monthly,2022_m10,2022-10-01,2022,10,,1,all_cvd,all,all,hospital_registered,monthly_same_month_previous_5yr_mean,61.4,61.4,count,307,,5,final,bnr_sdc_v1,0,0,cvd_2023_12,,,,not_applicable,0,0,0,none,No disclosure restriction identified.,No disclosure restriction identified.
CVD-BURDEN-001,cvd_2024_01,monthly,2022_m10,2022-10-01,2022,10,,1,all_cvd,female,all,hospital_registered,monthly_count,35,35,count,35,,,final,bnr_sdc_v1,0,0,cvd_2023_12,,,,not_applicable,0,0,0,none,No disclosure restriction identified.,No disclosure restriction identified.
CVD-BURDEN-001,cvd_2024_01,monthly,2022_m10,2022-10-01,2022,10,,1,all_cvd,female,all,hospital_registered,monthly_same_month_previous_5yr_mean,30.4,30.4,count,152,,5,final,bnr_sdc_v1,0,0,cvd_2023_12,,,,not_applicable,0,0,0,none,No disclosure restriction identified.,No disclosure restriction identified.
CVD-BURDEN-001,cvd_2024_01,monthly,2022_m10,2022-10-01,2022,10,,1,all_cvd,male,all,hospital_registered,monthly_count,46,46,count,46,,,final,bnr_sdc_v1,0,0,cvd_2023_12,,,,not_applicable,0,0,0,none,No disclosure restriction identified.,No disclosure restriction identified.
CVD-BURDEN-001,cvd_2024_01,monthly,2022_m10,2022-10-01,2022,10,,1,all_cvd,male,all,hospital_registered,monthly_same_month_previous_5yr_mean,31,31,count,155,,5,final,bnr_sdc_v1,0,0,cvd_2023_12,,,,not_applicable,0,0,0,none,No disclosure restriction identified.,No disclosure restriction identified.
CVD-BURDEN-001,cvd_2024_01,monthly,2022_m11,2022-11-01,2022,11,,1,all_cvd,all,all,hospital_registered,monthly_count,68,68,count,68,,,final,bnr_sdc_v1,0,0,cvd_2023_12,,,,not_applicable,0,0,0,none,No disclosure restriction identified.,No disclosure restriction identified.
CVD-BURDEN-001,cvd_2024_01,monthly,2022_m11,2022-11-01,2022,11,,1,all_cvd,all,all,hospital_registered,monthly_same_month_previous_5yr_mean,66.2,66.2,count,331,,5,final,bnr_sdc_v1,0,0,cvd_2023_12,,,,not_applicable,0,0,0,none,No disclosure restriction identified.,No disclosure restriction identified.
CVD-BURDEN-001,cvd_2024_01,monthly,2022_m11,2022-11-01,2022,11,,1,all_cvd,female,all,hospital_registered,monthly_count,35,35,count,35,,,final,bnr_sdc_v1,0,0,cvd_2023_12,,,,not_applicable,0,0,0,none,No disclosure restriction identified.,No disclosure restriction identified.
CVD-BURDEN-001,cvd_2024_01,monthly,2022_m11,2022-11-01,2022,11,,1,all_cvd,female,all,hospital_registered,monthly_same_month_previous_5yr_mean,32,32,count,160,,5,final,bnr_sdc_v1,0,0,cvd_2023_12,,,,not_applicable,0,0,0,none,No disclosure restriction identified.,No disclosure restriction identified.
CVD-BURDEN-001,cvd_2024_01,monthly,2022_m11,2022-11-01,2022,11,,1,all_cvd,male,all,hospital_registered,monthly_count,33,33,count,33,,,final,bnr_sdc_v1,0,0,cvd_2023_12,,,,not_applicable,0,0,0,none,No disclosure restriction identified.,No disclosure restriction identified.
CVD-BURDEN-001,cvd_2024_01,monthly,2022_m11,2022-11-01,2022,11,,1,all_cvd,male,all,hospital_registered,monthly_same_month_previous_5yr_mean,34.2,34.2,count,171,,5,final,bnr_sdc_v1,0,0,cvd_2023_12,,,,not_applicable,0,0,0,none,No disclosure restriction identified.,No disclosure restriction identified.
CVD-BURDEN-001,cvd_2024_01,monthly,2022_m12,2022-12-01,2022,12,,1,all_cvd,all,all,hospital_registered,monthly_count,58,58,count,58,,,final,bnr_sdc_v1,0,0,cvd_2023_12,,,,not_applicable,0,0,0,none,No disclosure restriction identified.,No disclosure restriction identified.
CVD-BURDEN-001,cvd_2024_01,monthly,2022_m12,2022-12-01,2022,12,,1,all_cvd,all,all,hospital_registered,monthly_same_month_previous_5yr_mean,65.8,65.8,count,329,,5,final,bnr_sdc_v1,0,0,cvd_2023_12,,,,not_applicable,0,0,0,none,No disclosure restriction identified.,No disclosure restriction identified.
CVD-BURDEN-001,cvd_2024_01,monthly,2022_m12,2022-12-01,2022,12,,1,all_cvd,female,all,hospital_registered,monthly_count,30,30,count,30,,,final,bnr_sdc_v1,0,0,cvd_2023_12,,,,not_applicable,0,0,0,none,No disclosure restriction identified.,No disclosure restriction identified.
CVD-BURDEN-001,cvd_2024_01,monthly,2022_m12,2022-12-01,2022,12,,1,all_cvd,female,all,hospital_registered,monthly_same_month_previous_5yr_mean,31.6,31.6,count,158,,5,final,bnr_sdc_v1,0,0,cvd_2023_12,,,,not_applicable,0,0,0,none,No disclosure restriction identified.,No disclosure restriction identified.
CVD-BURDEN-001,cvd_2024_01,monthly,2022_m12,2022-12-01,2022,12,,1,all_cvd,male,all,hospital_registered,monthly_count,28,28,count,28,,,final,bnr_sdc_v1,0,0,cvd_2023_12,,,,not_applicable,0,0,0,none,No disclosure restriction identified.,No disclosure restriction identified.
CVD-BURDEN-001,cvd_2024_01,monthly,2022_m12,2022-12-01,2022,12,,1,all_cvd,male,all,hospital_registered,monthly_same_month_previous_5yr_mean,34.2,34.2,count,171,,5,final,bnr_sdc_v1,0,0,cvd_2023_12,,,,not_applicable,0,0,0,none,No disclosure restriction identified.,No disclosure restriction identified.
CVD-BURDEN-001,cvd_2024_01,monthly,2023_m01,2023-01-01,2023,1,,1,all_cvd,all,all,hospital_registered,monthly_count,90,90,count,90,,,final,bnr_sdc_v1,0,0,cvd_2023_12,,,,not_applicable,0,0,0,none,No disclosure restriction identified.,No disclosure restriction identified.
CVD-BURDEN-001,cvd_2024_01,monthly,2023_m01,2023-01-01,2023,1,,1,all_cvd,all,all,hospital_registered,monthly_same_month_previous_5yr_mean,70,70,count,350,,5,final,bnr_sdc_v1,0,0,cvd_2023_12,,,,not_applicable,0,0,0,none,No disclosure restriction identified.,No disclosure restriction identified.
CVD-BURDEN-001,cvd_2024_01,monthly,2023_m01,2023-01-01,2023,1,,1,all_cvd,female,all,hospital_registered,monthly_count,48,48,count,48,,,final,bnr_sdc_v1,0,0,cvd_2023_12,,,,not_applicable,0,0,0,none,No disclosure restriction identified.,No disclosure restriction identified.
CVD-BURDEN-001,cvd_2024_01,monthly,2023_m01,2023-01-01,2023,1,,1,all_cvd,female,all,hospital_registered,monthly_same_month_previous_5yr_mean,33,33,count,165,,5,final,bnr_sdc_v1,0,0,cvd_2023_12,,,,not_applicable,0,0,0,none,No disclosure restriction identified.,No disclosure restriction identified.
CVD-BURDEN-001,cvd_2024_01,monthly,2023_m01,2023-01-01,2023,1,,1,all_cvd,male,all,hospital_registered,monthly_count,42,42,count,42,,,final,bnr_sdc_v1,0,0,cvd_2023_12,,,,not_applicable,0,0,0,none,No disclosure restriction identified.,No disclosure restriction identified.
CVD-BURDEN-001,cvd_2024_01,monthly,2023_m01,2023-01-01,2023,1,,1,all_cvd,male,all,hospital_registered,monthly_same_month_previous_5yr_mean,37,37,count,185,,5,final,bnr_sdc_v1,0,0,cvd_2023_12,,,,not_applicable,0,0,0,none,No disclosure restriction identified.,No disclosure restriction identified.
CVD-BURDEN-001,cvd_2024_01,monthly,2023_m02,2023-02-01,2023,2,,1,all_cvd,all,all,hospital_registered,monthly_count,65,65,count,65,,,final,bnr_sdc_v1,0,0,cvd_2023_12,,,,not_applicable,0,0,0,none,No disclosure restriction identified.,No disclosure restriction identified.
CVD-BURDEN-001,cvd_2024_01,monthly,2023_m02,2023-02-01,2023,2,,1,all_cvd,all,all,hospital_registered,monthly_same_month_previous_5yr_mean,75.59999999999999,75.6,count,378,,5,final,bnr_sdc_v1,0,0,cvd_2023_12,,,,not_applicable,0,0,0,none,No disclosure restriction identified.,No disclosure restriction identified.
CVD-BURDEN-001,cvd_2024_01,monthly,2023_m02,2023-02-01,2023,2,,1,all_cvd,female,all,hospital_registered,monthly_count,27,27,count,27,,,final,bnr_sdc_v1,0,0,cvd_2023_12,,,,not_applicable,0,0,0,none,No disclosure restriction identified.,No disclosure restriction identified.
CVD-BURDEN-001,cvd_2024_01,monthly,2023_m02,2023-02-01,2023,2,,1,all_cvd,female,all,hospital_registered,monthly_same_month_previous_5yr_mean,36.6,36.6,count,183,,5,final,bnr_sdc_v1,0,0,cvd_2023_12,,,,not_applicable,0,0,0,none,No disclosure restriction identified.,No disclosure restriction identified.
CVD-BURDEN-001,cvd_2024_01,monthly,2023_m02,2023-02-01,2023,2,,1,all_cvd,male,all,hospital_registered,monthly_count,38,38,count,38,,,final,bnr_sdc_v1,0,0,cvd_2023_12,,,,not_applicable,0,0,0,none,No disclosure restriction identified.,No disclosure restriction identified.
CVD-BURDEN-001,cvd_2024_01,monthly,2023_m02,2023-02-01,2023,2,,1,all_cvd,male,all,hospital_registered,monthly_same_month_previous_5yr_mean,39,39,count,195,,5,final,bnr_sdc_v1,0,0,cvd_2023_12,,,,not_applicable,0,0,0,none,No disclosure restriction identified.,No disclosure restriction identified.
CVD-BURDEN-001,cvd_2024_01,monthly,2023_m03,2023-03-01,2023,3,,1,all_cvd,all,all,hospital_registered,monthly_count,60,60,count,60,,,final,bnr_sdc_v1,0,0,cvd_2023_12,,,,not_applicable,0,0,0,none,No disclosure restriction identified.,No disclosure restriction identified.
CVD-BURDEN-001,cvd_2024_01,monthly,2023_m03,2023-03-01,2023,3,,1,all_cvd,all,all,hospital_registered,monthly_same_month_previous_5yr_mean,65.59999999999999,65.6,count,328,,5,final,bnr_sdc_v1,0,0,cvd_2023_12,,,,not_applicable,0,0,0,none,No disclosure restriction identified.,No disclosure restriction identified.
CVD-BURDEN-001,cvd_2024_01,monthly,2023_m03,2023-03-01,2023,3,,1,all_cvd,female,all,hospital_registered,monthly_count,33,33,count,33,,,final,bnr_sdc_v1,0,0,cvd_2023_12,,,,not_applicable,0,0,0,none,No disclosure restriction identified.,No disclosure restriction identified.
CVD-BURDEN-001,cvd_2024_01,monthly,2023_m03,2023-03-01,2023,3,,1,all_cvd,female,all,hospital_registered,monthly_same_month_previous_5yr_mean,33.4,33.4,count,167,,5,final,bnr_sdc_v1,0,0,cvd_2023_12,,,,not_applicable,0,0,0,none,No disclosure restriction identified.,No disclosure restriction identified.
CVD-BURDEN-001,cvd_2024_01,monthly,2023_m03,2023-03-01,2023,3,,1,all_cvd,male,all,hospital_registered,monthly_count,27,27,count,27,,,final,bnr_sdc_v1,0,0,cvd_2023_12,,,,not_applicable,0,0,0,none,No disclosure restriction identified.,No disclosure restriction identified.
CVD-BURDEN-001,cvd_2024_01,monthly,2023_m03,2023-03-01,2023,3,,1,all_cvd,male,all,hospital_registered,monthly_same_month_previous_5yr_mean,32.2,32.2,count,161,,5,final,bnr_sdc_v1,0,0,cvd_2023_12,,,,not_applicable,0,0,0,none,No disclosure restriction identified.,No disclosure restriction identified.
CVD-BURDEN-001,cvd_2024_01,monthly,2023_m04,2023-04-01,2023,4,,1,all_cvd,all,all,hospital_registered,monthly_count,75,75,count,75,,,final,bnr_sdc_v1,0,0,cvd_2023_12,,,,not_applicable,0,0,0,none,No disclosure restriction identified.,No disclosure restriction identified.
CVD-BURDEN-001,cvd_2024_01,monthly,2023_m04,2023-04-01,2023,4,,1,all_cvd,all,all,hospital_registered,monthly_same_month_previous_5yr_mean,72,72,count,360,,5,final,bnr_sdc_v1,0,0,cvd_2023_12,,,,not_applicable,0,0,0,none,No disclosure restriction identified.,No disclosure restriction identified.
CVD-BURDEN-001,cvd_2024_01,monthly,2023_m04,2023-04-01,2023,4,,1,all_cvd,female,all,hospital_registered,monthly_count,40,40,count,40,,,final,bnr_sdc_v1,0,0,cvd_2023_12,,,,not_applicable,0,0,0,none,No disclosure restriction identified.,No disclosure restriction identified.
CVD-BURDEN-001,cvd_2024_01,monthly,2023_m04,2023-04-01,2023,4,,1,all_cvd,female,all,hospital_registered,monthly_same_month_previous_5yr_mean,34.6,34.6,count,173,,5,final,bnr_sdc_v1,0,0,cvd_2023_12,,,,not_applicable,0,0,0,none,No disclosure restriction identified.,No disclosure restriction identified.
CVD-BURDEN-001,cvd_2024_01,monthly,2023_m04,2023-04-01,2023,4,,1,all_cvd,male,all,hospital_registered,monthly_count,35,35,count,35,,,final,bnr_sdc_v1,0,0,cvd_2023_12,,,,not_applicable,0,0,0,none,No disclosure restriction identified.,No disclosure restriction identified.
CVD-BURDEN-001,cvd_2024_01,monthly,2023_m04,2023-04-01,2023,4,,1,all_cvd,male,all,hospital_registered,monthly_same_month_previous_5yr_mean,37.4,37.4,count,187,,5,final,bnr_sdc_v1,0,0,cvd_2023_12,,,,not_applicable,0,0,0,none,No disclosure restriction identified.,No disclosure restriction identified.
CVD-BURDEN-001,cvd_2024_01,monthly,2023_m05,2023-05-01,2023,5,,1,all_cvd,all,all,hospital_registered,monthly_count,86,86,count,86,,,final,bnr_sdc_v1,0,0,cvd_2023_12,,,,not_applicable,0,0,0,none,No disclosure restriction identified.,No disclosure restriction identified.
CVD-BURDEN-001,cvd_2024_01,monthly,2023_m05,2023-05-01,2023,5,,1,all_cvd,all,all,hospital_registered,monthly_same_month_previous_5yr_mean,74.2,74.2,count,371,,5,final,bnr_sdc_v1,0,0,cvd_2023_12,,,,not_applicable,0,0,0,none,No disclosure restriction identified.,No disclosure restriction identified.
CVD-BURDEN-001,cvd_2024_01,monthly,2023_m05,2023-05-01,2023,5,,1,all_cvd,female,all,hospital_registered,monthly_count,38,38,count,38,,,final,bnr_sdc_v1,0,0,cvd_2023_12,,,,not_applicable,0,0,0,none,No disclosure restriction identified.,No disclosure restriction identified.
CVD-BURDEN-001,cvd_2024_01,monthly,2023_m05,2023-05-01,2023,5,,1,all_cvd,female,all,hospital_registered,monthly_same_month_previous_5yr_mean,39.8,39.8,count,199,,5,final,bnr_sdc_v1,0,0,cvd_2023_12,,,,not_applicable,0,0,0,none,No disclosure restriction identified.,No disclosure restriction identified.
CVD-BURDEN-001,cvd_2024_01,monthly,2023_m05,2023-05-01,2023,5,,1,all_cvd,male,all,hospital_registered,monthly_count,48,48,count,48,,,final,bnr_sdc_v1,0,0,cvd_2023_12,,,,not_applicable,0,0,0,none,No disclosure restriction identified.,No disclosure restriction identified.
CVD-BURDEN-001,cvd_2024_01,monthly,2023_m05,2023-05-01,2023,5,,1,all_cvd,male,all,hospital_registered,monthly_same_month_previous_5yr_mean,34.4,34.4,count,172,,5,final,bnr_sdc_v1,0,0,cvd_2023_12,,,,not_applicable,0,0,0,none,No disclosure restriction identified.,No disclosure restriction identified.
CVD-BURDEN-001,cvd_2024_01,monthly,2023_m06,2023-06-01,2023,6,,1,all_cvd,all,all,hospital_registered,monthly_count,74,74,count,74,,,final,bnr_sdc_v1,0,0,cvd_2023_12,,,,not_applicable,0,0,0,none,No disclosure restriction identified.,No disclosure restriction identified.
CVD-BURDEN-001,cvd_2024_01,monthly,2023_m06,2023-06-01,2023,6,,1,all_cvd,all,all,hospital_registered,monthly_same_month_previous_5yr_mean,64.2,64.2,count,321,,5,final,bnr_sdc_v1,0,0,cvd_2023_12,,,,not_applicable,0,0,0,none,No disclosure restriction identified.,No disclosure restriction identified.
CVD-BURDEN-001,cvd_2024_01,monthly,2023_m06,2023-06-01,2023,6,,1,all_cvd,female,all,hospital_registered,monthly_count,28,28,count,28,,,final,bnr_sdc_v1,0,0,cvd_2023_12,,,,not_applicable,0,0,0,none,No disclosure restriction identified.,No disclosure restriction identified.
CVD-BURDEN-001,cvd_2024_01,monthly,2023_m06,2023-06-01,2023,6,,1,all_cvd,female,all,hospital_registered,monthly_same_month_previous_5yr_mean,31.2,31.2,count,156,,5,final,bnr_sdc_v1,0,0,cvd_2023_12,,,,not_applicable,0,0,0,none,No disclosure restriction identified.,No disclosure restriction identified.
CVD-BURDEN-001,cvd_2024_01,monthly,2023_m06,2023-06-01,2023,6,,1,all_cvd,male,all,hospital_registered,monthly_count,46,46,count,46,,,final,bnr_sdc_v1,0,0,cvd_2023_12,,,,not_applicable,0,0,0,none,No disclosure restriction identified.,No disclosure restriction identified.
CVD-BURDEN-001,cvd_2024_01,monthly,2023_m06,2023-06-01,2023,6,,1,all_cvd,male,all,hospital_registered,monthly_same_month_previous_5yr_mean,33,33,count,165,,5,final,bnr_sdc_v1,0,0,cvd_2023_12,,,,not_applicable,0,0,0,none,No disclosure restriction identified.,No disclosure restriction identified.
CVD-BURDEN-001,cvd_2024_01,monthly,2023_m07,2023-07-01,2023,7,,1,all_cvd,all,all,hospital_registered,monthly_count,75,75,count,75,,,final,bnr_sdc_v1,0,0,cvd_2023_12,,,,not_applicable,0,0,0,none,No disclosure restriction identified.,No disclosure restriction identified.
CVD-BURDEN-001,cvd_2024_01,monthly,2023_m07,2023-07-01,2023,7,,1,all_cvd,all,all,hospital_registered,monthly_same_month_previous_5yr_mean,72.40000000000001,72.4,count,362,,5,final,bnr_sdc_v1,0,0,cvd_2023_12,,,,not_applicable,0,0,0,none,No disclosure restriction identified.,No disclosure restriction identified.
CVD-BURDEN-001,cvd_2024_01,monthly,2023_m07,2023-07-01,2023,7,,1,all_cvd,female,all,hospital_registered,monthly_count,34,34,count,34,,,final,bnr_sdc_v1,0,0,cvd_2023_12,,,,not_applicable,0,0,0,none,No disclosure restriction identified.,No disclosure restriction identified.
CVD-BURDEN-001,cvd_2024_01,monthly,2023_m07,2023-07-01,2023,7,,1,all_cvd,female,all,hospital_registered,monthly_same_month_previous_5yr_mean,34.6,34.6,count,173,,5,final,bnr_sdc_v1,0,0,cvd_2023_12,,,,not_applicable,0,0,0,none,No disclosure restriction identified.,No disclosure restriction identified.
CVD-BURDEN-001,cvd_2024_01,monthly,2023_m07,2023-07-01,2023,7,,1,all_cvd,male,all,hospital_registered,monthly_count,41,41,count,41,,,final,bnr_sdc_v1,0,0,cvd_2023_12,,,,not_applicable,0,0,0,none,No disclosure restriction identified.,No disclosure restriction identified.
CVD-BURDEN-001,cvd_2024_01,monthly,2023_m07,2023-07-01,2023,7,,1,all_cvd,male,all,hospital_registered,monthly_same_month_previous_5yr_mean,37.8,37.8,count,189,,5,final,bnr_sdc_v1,0,0,cvd_2023_12,,,,not_applicable,0,0,0,none,No disclosure restriction identified.,No disclosure restriction identified.
CVD-BURDEN-001,cvd_2024_01,monthly,2023_m08,2023-08-01,2023,8,,1,all_cvd,all,all,hospital_registered,monthly_count,70,70,count,70,,,final,bnr_sdc_v1,0,0,cvd_2023_12,,,,not_applicable,0,0,0,none,No disclosure restriction identified.,No disclosure restriction identified.
CVD-BURDEN-001,cvd_2024_01,monthly,2023_m08,2023-08-01,2023,8,,1,all_cvd,all,all,hospital_registered,monthly_same_month_previous_5yr_mean,71.8,71.8,count,359,,5,final,bnr_sdc_v1,0,0,cvd_2023_12,,,,not_applicable,0,0,0,none,No disclosure restriction identified.,No disclosure restriction identified.
CVD-BURDEN-001,cvd_2024_01,monthly,2023_m08,2023-08-01,2023,8,,1,all_cvd,female,all,hospital_registered,monthly_count,32,32,count,32,,,final,bnr_sdc_v1,0,0,cvd_2023_12,,,,not_applicable,0,0,0,none,No disclosure restriction identified.,No disclosure restriction identified.
CVD-BURDEN-001,cvd_2024_01,monthly,2023_m08,2023-08-01,2023,8,,1,all_cvd,female,all,hospital_registered,monthly_same_month_previous_5yr_mean,34.2,34.2,count,171,,5,final,bnr_sdc_v1,0,0,cvd_2023_12,,,,not_applicable,0,0,0,none,No disclosure restriction identified.,No disclosure restriction identified.
CVD-BURDEN-001,cvd_2024_01,monthly,2023_m08,2023-08-01,2023,8,,1,all_cvd,male,all,hospital_registered,monthly_count,38,38,count,38,,,final,bnr_sdc_v1,0,0,cvd_2023_12,,,,not_applicable,0,0,0,none,No disclosure restriction identified.,No disclosure restriction identified.
CVD-BURDEN-001,cvd_2024_01,monthly,2023_m08,2023-08-01,2023,8,,1,all_cvd,male,all,hospital_registered,monthly_same_month_previous_5yr_mean,37.6,37.6,count,188,,5,final,bnr_sdc_v1,0,0,cvd_2023_12,,,,not_applicable,0,0,0,none,No disclosure restriction identified.,No disclosure restriction identified.
CVD-BURDEN-001,cvd_2024_01,monthly,2023_m09,2023-09-01,2023,9,,1,all_cvd,all,all,hospital_registered,monthly_count,63,63,count,63,,,final,bnr_sdc_v1,0,0,cvd_2023_12,,,,not_applicable,0,0,0,none,No disclosure restriction identified.,No disclosure restriction identified.
CVD-BURDEN-001,cvd_2024_01,monthly,2023_m09,2023-09-01,2023,9,,1,all_cvd,all,all,hospital_registered,monthly_same_month_previous_5yr_mean,68.8,68.8,count,344,,5,final,bnr_sdc_v1,0,0,cvd_2023_12,,,,not_applicable,0,0,0,none,No disclosure restriction identified.,No disclosure restriction identified.
CVD-BURDEN-001,cvd_2024_01,monthly,2023_m09,2023-09-01,2023,9,,1,all_cvd,female,all,hospital_registered,monthly_count,32,32,count,32,,,final,bnr_sdc_v1,0,0,cvd_2023_12,,,,not_applicable,0,0,0,none,No disclosure restriction identified.,No disclosure restriction identified.
CVD-BURDEN-001,cvd_2024_01,monthly,2023_m09,2023-09-01,2023,9,,1,all_cvd,female,all,hospital_registered,monthly_same_month_previous_5yr_mean,34,34,count,170,,5,final,bnr_sdc_v1,0,0,cvd_2023_12,,,,not_applicable,0,0,0,none,No disclosure restriction identified.,No disclosure restriction identified.
CVD-BURDEN-001,cvd_2024_01,monthly,2023_m09,2023-09-01,2023,9,,1,all_cvd,male,all,hospital_registered,monthly_count,31,31,count,31,,,final,bnr_sdc_v1,0,0,cvd_2023_12,,,,not_applicable,0,0,0,none,No disclosure restriction identified.,No disclosure restriction identified.
CVD-BURDEN-001,cvd_2024_01,monthly,2023_m09,2023-09-01,2023,9,,1,all_cvd,male,all,hospital_registered,monthly_same_month_previous_5yr_mean,34.8,34.8,count,174,,5,final,bnr_sdc_v1,0,0,cvd_2023_12,,,,not_applicable,0,0,0,none,No disclosure restriction identified.,No disclosure restriction identified.
CVD-BURDEN-001,cvd_2024_01,monthly,2023_m10,2023-10-01,2023,10,,1,all_cvd,all,all,hospital_registered,monthly_count,65,65,count,65,,,final,bnr_sdc_v1,0,0,cvd_2023_12,,,,not_applicable,0,0,0,none,No disclosure restriction identified.,No disclosure restriction identified.
CVD-BURDEN-001,cvd_2024_01,monthly,2023_m10,2023-10-01,2023,10,,1,all_cvd,all,all,hospital_registered,monthly_same_month_previous_5yr_mean,63.2,63.2,count,316,,5,final,bnr_sdc_v1,0,0,cvd_2023_12,,,,not_applicable,0,0,0,none,No disclosure restriction identified.,No disclosure restriction identified.
CVD-BURDEN-001,cvd_2024_01,monthly,2023_m10,2023-10-01,2023,10,,1,all_cvd,female,all,hospital_registered,monthly_count,33,33,count,33,,,final,bnr_sdc_v1,0,0,cvd_2023_12,,,,not_applicable,0,0,0,none,No disclosure restriction identified.,No disclosure restriction identified.
CVD-BURDEN-001,cvd_2024_01,monthly,2023_m10,2023-10-01,2023,10,,1,all_cvd,female,all,hospital_registered,monthly_same_month_previous_5yr_mean,30,30,count,150,,5,final,bnr_sdc_v1,0,0,cvd_2023_12,,,,not_applicable,0,0,0,none,No disclosure restriction identified.,No disclosure restriction identified.
CVD-BURDEN-001,cvd_2024_01,monthly,2023_m10,2023-10-01,2023,10,,1,all_cvd,male,all,hospital_registered,monthly_count,32,32,count,32,,,final,bnr_sdc_v1,0,0,cvd_2023_12,,,,not_applicable,0,0,0,none,No disclosure restriction identified.,No disclosure restriction identified.
CVD-BURDEN-001,cvd_2024_01,monthly,2023_m10,2023-10-01,2023,10,,1,all_cvd,male,all,hospital_registered,monthly_same_month_previous_5yr_mean,33.2,33.2,count,166,,5,final,bnr_sdc_v1,0,0,cvd_2023_12,,,,not_applicable,0,0,0,none,No disclosure restriction identified.,No disclosure restriction identified.
CVD-BURDEN-001,cvd_2024_01,monthly,2023_m11,2023-11-01,2023,11,,1,all_cvd,all,all,hospital_registered,monthly_count,71,71,count,71,,,final,bnr_sdc_v1,0,0,cvd_2023_12,,,,not_applicable,0,0,0,none,No disclosure restriction identified.,No disclosure restriction identified.
CVD-BURDEN-001,cvd_2024_01,monthly,2023_m11,2023-11-01,2023,11,,1,all_cvd,all,all,hospital_registered,monthly_same_month_previous_5yr_mean,67,67,count,335,,5,final,bnr_sdc_v1,0,0,cvd_2023_12,,,,not_applicable,0,0,0,none,No disclosure restriction identified.,No disclosure restriction identified.
CVD-BURDEN-001,cvd_2024_01,monthly,2023_m11,2023-11-01,2023,11,,1,all_cvd,female,all,hospital_registered,monthly_count,33,33,count,33,,,final,bnr_sdc_v1,0,0,cvd_2023_12,,,,not_applicable,0,0,0,none,No disclosure restriction identified.,No disclosure restriction identified.
CVD-BURDEN-001,cvd_2024_01,monthly,2023_m11,2023-11-01,2023,11,,1,all_cvd,female,all,hospital_registered,monthly_same_month_previous_5yr_mean,31.6,31.6,count,158,,5,final,bnr_sdc_v1,0,0,cvd_2023_12,,,,not_applicable,0,0,0,none,No disclosure restriction identified.,No disclosure restriction identified.
CVD-BURDEN-001,cvd_2024_01,monthly,2023_m11,2023-11-01,2023,11,,1,all_cvd,male,all,hospital_registered,monthly_count,38,38,count,38,,,final,bnr_sdc_v1,0,0,cvd_2023_12,,,,not_applicable,0,0,0,none,No disclosure restriction identified.,No disclosure restriction identified.
CVD-BURDEN-001,cvd_2024_01,monthly,2023_m11,2023-11-01,2023,11,,1,all_cvd,male,all,hospital_registered,monthly_same_month_previous_5yr_mean,35.4,35.4,count,177,,5,final,bnr_sdc_v1,0,0,cvd_2023_12,,,,not_applicable,0,0,0,none,No disclosure restriction identified.,No disclosure restriction identified.
CVD-BURDEN-001,cvd_2024_01,monthly,2023_m12,2023-12-01,2023,12,,1,all_cvd,all,all,hospital_registered,monthly_count,76,76,count,76,,,final,bnr_sdc_v1,0,0,cvd_2023_12,,,,not_applicable,0,0,0,none,No disclosure restriction identified.,No disclosure restriction identified.
CVD-BURDEN-001,cvd_2024_01,monthly,2023_m12,2023-12-01,2023,12,,1,all_cvd,all,all,hospital_registered,monthly_same_month_previous_5yr_mean,61.8,61.8,count,309,,5,final,bnr_sdc_v1,0,0,cvd_2023_12,,,,not_applicable,0,0,0,none,No disclosure restriction identified.,No disclosure restriction identified.
CVD-BURDEN-001,cvd_2024_01,monthly,2023_m12,2023-12-01,2023,12,,1,all_cvd,female,all,hospital_registered,monthly_count,39,39,count,39,,,final,bnr_sdc_v1,0,0,cvd_2023_12,,,,not_applicable,0,0,0,none,No disclosure restriction identified.,No disclosure restriction identified.
CVD-BURDEN-001,cvd_2024_01,monthly,2023_m12,2023-12-01,2023,12,,1,all_cvd,female,all,hospital_registered,monthly_same_month_previous_5yr_mean,28.8,28.8,count,144,,5,final,bnr_sdc_v1,0,0,cvd_2023_12,,,,not_applicable,0,0,0,none,No disclosure restriction identified.,No disclosure restriction identified.
CVD-BURDEN-001,cvd_2024_01,monthly,2023_m12,2023-12-01,2023,12,,1,all_cvd,male,all,hospital_registered,monthly_count,37,37,count,37,,,final,bnr_sdc_v1,0,0,cvd_2023_12,,,,not_applicable,0,0,0,none,No disclosure restriction identified.,No disclosure restriction identified.
CVD-BURDEN-001,cvd_2024_01,monthly,2023_m12,2023-12-01,2023,12,,1,all_cvd,male,all,hospital_registered,monthly_same_month_previous_5yr_mean,33,33,count,165,,5,final,bnr_sdc_v1,0,0,cvd_2023_12,,,,not_applicable,0,0,0,none,No disclosure restriction identified.,No disclosure restriction identified.
CVD-BURDEN-001,cvd_2024_01,monthly,2024_m01,2024-01-01,2024,1,,1,all_cvd,all,all,hospital_registered,monthly_count,65,65,count,65,,,final,bnr_sdc_v1,0,0,cvd_2023_12,,,,not_applicable,0,0,0,none,No disclosure restriction identified.,No disclosure restriction identified.
CVD-BURDEN-001,cvd_2024_01,monthly,2024_m01,2024-01-01,2024,1,,1,all_cvd,all,all,hospital_registered,monthly_same_month_previous_5yr_mean,74.2,74.2,count,371,,5,final,bnr_sdc_v1,0,0,cvd_2023_12,,,,not_applicable,0,0,0,none,No disclosure restriction identified.,No disclosure restriction identified.
CVD-BURDEN-001,cvd_2024_01,monthly,2024_m01,2024-01-01,2024,1,,1,all_cvd,female,all,hospital_registered,monthly_count,33,33,count,33,,,final,bnr_sdc_v1,0,0,cvd_2023_12,,,,not_applicable,0,0,0,none,No disclosure restriction identified.,No disclosure restriction identified.
CVD-BURDEN-001,cvd_2024_01,monthly,2024_m01,2024-01-01,2024,1,,1,all_cvd,female,all,hospital_registered,monthly_same_month_previous_5yr_mean,35.6,35.6,count,178,,5,final,bnr_sdc_v1,0,0,cvd_2023_12,,,,not_applicable,0,0,0,none,No disclosure restriction identified.,No disclosure restriction identified.
CVD-BURDEN-001,cvd_2024_01,monthly,2024_m01,2024-01-01,2024,1,,1,all_cvd,male,all,hospital_registered,monthly_count,32,32,count,32,,,final,bnr_sdc_v1,0,0,cvd_2023_12,,,,not_applicable,0,0,0,none,No disclosure restriction identified.,No disclosure restriction identified.
CVD-BURDEN-001,cvd_2024_01,monthly,2024_m01,2024-01-01,2024,1,,1,all_cvd,male,all,hospital_registered,monthly_same_month_previous_5yr_mean,38.6,38.6,count,193,,5,final,bnr_sdc_v1,0,0,cvd_2023_12,,,,not_applicable,0,0,0,none,No disclosure restriction identified.,No disclosure restriction identified.
CVD-BURDEN-001,cvd_2024_01,quarterly,2010_q1,2010-01-01,2010,1,1,1,all_cvd,all,all,hospital_registered,quarterly_count,166,166,count,166,,,final,bnr_sdc_v1,0,0,cvd_2023_12,,,,not_applicable,0,0,0,none,No disclosure restriction identified.,No disclosure restriction identified.
CVD-BURDEN-001,cvd_2024_01,quarterly,2010_q1,2010-01-01,2010,1,1,1,all_cvd,female,all,hospital_registered,quarterly_count,86,86,count,86,,,final,bnr_sdc_v1,0,0,cvd_2023_12,,,,not_applicable,0,0,0,none,No disclosure restriction identified.,No disclosure restriction identified.
CVD-BURDEN-001,cvd_2024_01,quarterly,2010_q1,2010-01-01,2010,1,1,1,all_cvd,male,all,hospital_registered,quarterly_count,80,80,count,80,,,final,bnr_sdc_v1,0,0,cvd_2023_12,,,,not_applicable,0,0,0,none,No disclosure restriction identified.,No disclosure restriction identified.
CVD-BURDEN-001,cvd_2024_01,quarterly,2010_q1,2010-01-01,2010,1,1,1,ami,all,all,hospital_registered,quarterly_count,38,38,count,38,,,final,bnr_sdc_v1,0,0,cvd_2023_12,,,,not_applicable,0,0,0,none,No disclosure restriction identified.,No disclosure restriction identified.
CVD-BURDEN-001,cvd_2024_01,quarterly,2010_q1,2010-01-01,2010,1,1,1,ami,female,all,hospital_registered,quarterly_count,18,18,count,18,,,final,bnr_sdc_v1,0,0,cvd_2023_12,,,,not_applicable,0,0,0,none,No disclosure restriction identified.,No disclosure restriction identified.
CVD-BURDEN-001,cvd_2024_01,quarterly,2010_q1,2010-01-01,2010,1,1,1,ami,male,all,hospital_registered,quarterly_count,20,20,count,20,,,final,bnr_sdc_v1,0,0,cvd_2023_12,,,,not_applicable,0,0,0,none,No disclosure restriction identified.,No disclosure restriction identified.
CVD-BURDEN-001,cvd_2024_01,quarterly,2010_q1,2010-01-01,2010,1,1,1,stroke,all,all,hospital_registered,quarterly_count,128,128,count,128,,,final,bnr_sdc_v1,0,0,cvd_2023_12,,,,not_applicable,0,0,0,none,No disclosure restriction identified.,No disclosure restriction identified.
CVD-BURDEN-001,cvd_2024_01,quarterly,2010_q1,2010-01-01,2010,1,1,1,stroke,female,all,hospital_registered,quarterly_count,68,68,count,68,,,final,bnr_sdc_v1,0,0,cvd_2023_12,,,,not_applicable,0,0,0,none,No disclosure restriction identified.,No disclosure restriction identified.
CVD-BURDEN-001,cvd_2024_01,quarterly,2010_q1,2010-01-01,2010,1,1,1,stroke,male,all,hospital_registered,quarterly_count,60,60,count,60,,,final,bnr_sdc_v1,0,0,cvd_2023_12,,,,not_applicable,0,0,0,none,No disclosure restriction identified.,No disclosure restriction identified.
CVD-BURDEN-001,cvd_2024_01,quarterly,2010_q2,2010-04-01,2010,4,2,1,all_cvd,all,all,hospital_registered,quarterly_count,113,113,count,113,,,final,bnr_sdc_v1,0,0,cvd_2023_12,,,,not_applicable,0,0,0,none,No disclosure restriction identified.,No disclosure restriction identified.
CVD-BURDEN-001,cvd_2024_01,quarterly,2010_q2,2010-04-01,2010,4,2,1,all_cvd,female,all,hospital_registered,quarterly_count,57,57,count,57,,,final,bnr_sdc_v1,0,0,cvd_2023_12,,,,not_applicable,0,0,0,none,No disclosure restriction identified.,No disclosure restriction identified.
CVD-BURDEN-001,cvd_2024_01,quarterly,2010_q2,2010-04-01,2010,4,2,1,all_cvd,male,all,hospital_registered,quarterly_count,56,56,count,56,,,final,bnr_sdc_v1,0,0,cvd_2023_12,,,,not_applicable,0,0,0,none,No disclosure restriction identified.,No disclosure restriction identified.
CVD-BURDEN-001,cvd_2024_01,quarterly,2010_q2,2010-04-01,2010,4,2,1,ami,all,all,hospital_registered,quarterly_count,19,19,count,19,,,final,bnr_sdc_v1,0,0,cvd_2023_12,,,,not_applicable,0,0,0,none,No disclosure restriction identified.,No disclosure restriction identified.
CVD-BURDEN-001,cvd_2024_01,quarterly,2010_q2,2010-04-01,2010,4,2,1,ami,female,all,hospital_registered,quarterly_count,8,8,count,8,,,final,bnr_sdc_v1,0,0,cvd_2023_12,,,,not_applicable,0,0,0,none,No disclosure restriction identified.,No disclosure restriction identified.
CVD-BURDEN-001,cvd_2024_01,quarterly,2010_q2,2010-04-01,2010,4,2,1,ami,male,all,hospital_registered,quarterly_count,11,11,count,11,,,final,bnr_sdc_v1,0,0,cvd_2023_12,,,,not_applicable,0,0,0,none,No disclosure restriction identified.,No disclosure restriction identified.
CVD-BURDEN-001,cvd_2024_01,quarterly,2010_q2,2010-04-01,2010,4,2,1,stroke,all,all,hospital_registered,quarterly_count,94,94,count,94,,,final,bnr_sdc_v1,0,0,cvd_2023_12,,,,not_applicable,0,0,0,none,No disclosure restriction identified.,No disclosure restriction identified.
CVD-BURDEN-001,cvd_2024_01,quarterly,2010_q2,2010-04-01,2010,4,2,1,stroke,female,all,hospital_registered,quarterly_count,49,49,count,49,,,final,bnr_sdc_v1,0,0,cvd_2023_12,,,,not_applicable,0,0,0,none,No disclosure restriction identified.,No disclosure restriction identified.
CVD-BURDEN-001,cvd_2024_01,quarterly,2010_q2,2010-04-01,2010,4,2,1,stroke,male,all,hospital_registered,quarterly_count,45,45,count,45,,,final,bnr_sdc_v1,0,0,cvd_2023_12,,,,not_applicable,0,0,0,none,No disclosure restriction identified.,No disclosure restriction identified.
CVD-BURDEN-001,cvd_2024_01,quarterly,2010_q3,2010-07-01,2010,7,3,1,all_cvd,all,all,hospital_registered,quarterly_count,126,126,count,126,,,final,bnr_sdc_v1,0,0,cvd_2023_12,,,,not_applicable,0,0,0,none,No disclosure restriction identified.,No disclosure restriction identified.
CVD-BURDEN-001,cvd_2024_01,quarterly,2010_q3,2010-07-01,2010,7,3,1,all_cvd,female,all,hospital_registered,quarterly_count,64,64,count,64,,,final,bnr_sdc_v1,0,0,cvd_2023_12,,,,not_applicable,0,0,0,none,No disclosure restriction identified.,No disclosure restriction identified.
CVD-BURDEN-001,cvd_2024_01,quarterly,2010_q3,2010-07-01,2010,7,3,1,all_cvd,male,all,hospital_registered,quarterly_count,62,62,count,62,,,final,bnr_sdc_v1,0,0,cvd_2023_12,,,,not_applicable,0,0,0,none,No disclosure restriction identified.,No disclosure restriction identified.
CVD-BURDEN-001,cvd_2024_01,quarterly,2010_q3,2010-07-01,2010,7,3,1,ami,all,all,hospital_registered,quarterly_count,26,26,count,26,,,final,bnr_sdc_v1,0,0,cvd_2023_12,,,,not_applicable,0,0,0,none,No disclosure restriction identified.,No disclosure restriction identified.
CVD-BURDEN-001,cvd_2024_01,quarterly,2010_q3,2010-07-01,2010,7,3,1,ami,female,all,hospital_registered,quarterly_count,11,11,count,11,,,final,bnr_sdc_v1,0,0,cvd_2023_12,,,,not_applicable,0,0,0,none,No disclosure restriction identified.,No disclosure restriction identified.
CVD-BURDEN-001,cvd_2024_01,quarterly,2010_q3,2010-07-01,2010,7,3,1,ami,male,all,hospital_registered,quarterly_count,15,15,count,15,,,final,bnr_sdc_v1,0,0,cvd_2023_12,,,,not_applicable,0,0,0,none,No disclosure restriction identified.,No disclosure restriction identified.
CVD-BURDEN-001,cvd_2024_01,quarterly,2010_q3,2010-07-01,2010,7,3,1,stroke,all,all,hospital_registered,quarterly_count,100,100,count,100,,,final,bnr_sdc_v1,0,0,cvd_2023_12,,,,not_applicable,0,0,0,none,No disclosure restriction identified.,No disclosure restriction identified.
CVD-BURDEN-001,cvd_2024_01,quarterly,2010_q3,2010-07-01,2010,7,3,1,stroke,female,all,hospital_registered,quarterly_count,53,53,count,53,,,final,bnr_sdc_v1,0,0,cvd_2023_12,,,,not_applicable,0,0,0,none,No disclosure restriction identified.,No disclosure restriction identified.
CVD-BURDEN-001,cvd_2024_01,quarterly,2010_q3,2010-07-01,2010,7,3,1,stroke,male,all,hospital_registered,quarterly_count,47,47,count,47,,,final,bnr_sdc_v1,0,0,cvd_2023_12,,,,not_applicable,0,0,0,none,No disclosure restriction identified.,No disclosure restriction identified.
CVD-BURDEN-001,cvd_2024_01,quarterly,2010_q4,2010-10-01,2010,10,4,1,all_cvd,all,all,hospital_registered,quarterly_count,150,150,count,150,,,final,bnr_sdc_v1,0,0,cvd_2023_12,,,,not_applicable,0,0,0,none,No disclosure restriction identified.,No disclosure restriction identified.
CVD-BURDEN-001,cvd_2024_01,quarterly,2010_q4,2010-10-01,2010,10,4,1,all_cvd,female,all,hospital_registered,quarterly_count,79,79,count,79,,,final,bnr_sdc_v1,0,0,cvd_2023_12,,,,not_applicable,0,0,0,none,No disclosure restriction identified.,No disclosure restriction identified.
CVD-BURDEN-001,cvd_2024_01,quarterly,2010_q4,2010-10-01,2010,10,4,1,all_cvd,male,all,hospital_registered,quarterly_count,71,71,count,71,,,final,bnr_sdc_v1,0,0,cvd_2023_12,,,,not_applicable,0,0,0,none,No disclosure restriction identified.,No disclosure restriction identified.
CVD-BURDEN-001,cvd_2024_01,quarterly,2010_q4,2010-10-01,2010,10,4,1,ami,all,all,hospital_registered,quarterly_count,43,43,count,43,,,final,bnr_sdc_v1,0,0,cvd_2023_12,,,,not_applicable,0,0,0,none,No disclosure restriction identified.,No disclosure restriction identified.
CVD-BURDEN-001,cvd_2024_01,quarterly,2010_q4,2010-10-01,2010,10,4,1,ami,female,all,hospital_registered,quarterly_count,23,23,count,23,,,final,bnr_sdc_v1,0,0,cvd_2023_12,,,,not_applicable,0,0,0,none,No disclosure restriction identified.,No disclosure restriction identified.
CVD-BURDEN-001,cvd_2024_01,quarterly,2010_q4,2010-10-01,2010,10,4,1,ami,male,all,hospital_registered,quarterly_count,20,20,count,20,,,final,bnr_sdc_v1,0,0,cvd_2023_12,,,,not_applicable,0,0,0,none,No disclosure restriction identified.,No disclosure restriction identified.
CVD-BURDEN-001,cvd_2024_01,quarterly,2010_q4,2010-10-01,2010,10,4,1,stroke,all,all,hospital_registered,quarterly_count,107,107,count,107,,,final,bnr_sdc_v1,0,0,cvd_2023_12,,,,not_applicable,0,0,0,none,No disclosure restriction identified.,No disclosure restriction identified.
CVD-BURDEN-001,cvd_2024_01,quarterly,2010_q4,2010-10-01,2010,10,4,1,stroke,female,all,hospital_registered,quarterly_count,56,56,count,56,,,final,bnr_sdc_v1,0,0,cvd_2023_12,,,,not_applicable,0,0,0,none,No disclosure restriction identified.,No disclosure restriction identified.
CVD-BURDEN-001,cvd_2024_01,quarterly,2010_q4,2010-10-01,2010,10,4,1,stroke,male,all,hospital_registered,quarterly_count,51,51,count,51,,,final,bnr_sdc_v1,0,0,cvd_2023_12,,,,not_applicable,0,0,0,none,No disclosure restriction identified.,No disclosure restriction identified.
CVD-BURDEN-001,cvd_2024_01,quarterly,2011_q1,2011-01-01,2011,1,1,1,all_cvd,all,all,hospital_registered,quarterly_count,112,112,count,112,,,final,bnr_sdc_v1,0,0,cvd_2023_12,,,,not_applicable,0,0,0,none,No disclosure restriction identified.,No disclosure restriction identified.
CVD-BURDEN-001,cvd_2024_01,quarterly,2011_q1,2011-01-01,2011,1,1,1,all_cvd,all,all,hospital_registered,quarterly_same_quarter_previous_5yr_mean,,,count,,,1,insufficient_history,bnr_sdc_v1,0,0,cvd_2023_12,,,,not_applicable,0,0,0,none,No disclosure restriction identified.,No disclosure restriction identified.
CVD-BURDEN-001,cvd_2024_01,quarterly,2011_q1,2011-01-01,2011,1,1,1,all_cvd,female,all,hospital_registered,quarterly_count,61,61,count,61,,,final,bnr_sdc_v1,0,0,cvd_2023_12,,,,not_applicable,0,0,0,none,No disclosure restriction identified.,No disclosure restriction identified.
CVD-BURDEN-001,cvd_2024_01,quarterly,2011_q1,2011-01-01,2011,1,1,1,all_cvd,female,all,hospital_registered,quarterly_same_quarter_previous_5yr_mean,,,count,,,1,insufficient_history,bnr_sdc_v1,0,0,cvd_2023_12,,,,not_applicable,0,0,0,none,No disclosure restriction identified.,No disclosure restriction identified.
CVD-BURDEN-001,cvd_2024_01,quarterly,2011_q1,2011-01-01,2011,1,1,1,all_cvd,male,all,hospital_registered,quarterly_count,51,51,count,51,,,final,bnr_sdc_v1,0,0,cvd_2023_12,,,,not_applicable,0,0,0,none,No disclosure restriction identified.,No disclosure restriction identified.
CVD-BURDEN-001,cvd_2024_01,quarterly,2011_q1,2011-01-01,2011,1,1,1,all_cvd,male,all,hospital_registered,quarterly_same_quarter_previous_5yr_mean,,,count,,,1,insufficient_history,bnr_sdc_v1,0,0,cvd_2023_12,,,,not_applicable,0,0,0,none,No disclosure restriction identified.,No disclosure restriction identified.
CVD-BURDEN-001,cvd_2024_01,quarterly,2011_q1,2011-01-01,2011,1,1,1,ami,all,all,hospital_registered,quarterly_count,21,21,count,21,,,final,bnr_sdc_v1,0,0,cvd_2023_12,,,,not_applicable,0,0,0,none,No disclosure restriction identified.,No disclosure restriction identified.
CVD-BURDEN-001,cvd_2024_01,quarterly,2011_q1,2011-01-01,2011,1,1,1,ami,all,all,hospital_registered,quarterly_same_quarter_previous_5yr_mean,,,count,,,1,insufficient_history,bnr_sdc_v1,0,0,cvd_2023_12,,,,not_applicable,0,0,0,none,No disclosure restriction identified.,No disclosure restriction identified.
CVD-BURDEN-001,cvd_2024_01,quarterly,2011_q1,2011-01-01,2011,1,1,1,ami,female,all,hospital_registered,quarterly_count,7,7,count,7,,,final,bnr_sdc_v1,0,0,cvd_2023_12,,,,not_applicable,0,0,0,none,No disclosure restriction identified.,No disclosure restriction identified.
CVD-BURDEN-001,cvd_2024_01,quarterly,2011_q1,2011-01-01,2011,1,1,1,ami,female,all,hospital_registered,quarterly_same_quarter_previous_5yr_mean,,,count,,,1,insufficient_history,bnr_sdc_v1,0,0,cvd_2023_12,,,,not_applicable,0,0,0,none,No disclosure restriction identified.,No disclosure restriction identified.
CVD-BURDEN-001,cvd_2024_01,quarterly,2011_q1,2011-01-01,2011,1,1,1,ami,male,all,hospital_registered,quarterly_count,14,14,count,14,,,final,bnr_sdc_v1,0,0,cvd_2023_12,,,,not_applicable,0,0,0,none,No disclosure restriction identified.,No disclosure restriction identified.
CVD-BURDEN-001,cvd_2024_01,quarterly,2011_q1,2011-01-01,2011,1,1,1,ami,male,all,hospital_registered,quarterly_same_quarter_previous_5yr_mean,,,count,,,1,insufficient_history,bnr_sdc_v1,0,0,cvd_2023_12,,,,not_applicable,0,0,0,none,No disclosure restriction identified.,No disclosure restriction identified.
CVD-BURDEN-001,cvd_2024_01,quarterly,2011_q1,2011-01-01,2011,1,1,1,stroke,all,all,hospital_registered,quarterly_count,91,91,count,91,,,final,bnr_sdc_v1,0,0,cvd_2023_12,,,,not_applicable,0,0,0,none,No disclosure restriction identified.,No disclosure restriction identified.
CVD-BURDEN-001,cvd_2024_01,quarterly,2011_q1,2011-01-01,2011,1,1,1,stroke,all,all,hospital_registered,quarterly_same_quarter_previous_5yr_mean,,,count,,,1,insufficient_history,bnr_sdc_v1,0,0,cvd_2023_12,,,,not_applicable,0,0,0,none,No disclosure restriction identified.,No disclosure restriction identified.
CVD-BURDEN-001,cvd_2024_01,quarterly,2011_q1,2011-01-01,2011,1,1,1,stroke,female,all,hospital_registered,quarterly_count,54,54,count,54,,,final,bnr_sdc_v1,0,0,cvd_2023_12,,,,not_applicable,0,0,0,none,No disclosure restriction identified.,No disclosure restriction identified.
CVD-BURDEN-001,cvd_2024_01,quarterly,2011_q1,2011-01-01,2011,1,1,1,stroke,female,all,hospital_registered,quarterly_same_quarter_previous_5yr_mean,,,count,,,1,insufficient_history,bnr_sdc_v1,0,0,cvd_2023_12,,,,not_applicable,0,0,0,none,No disclosure restriction identified.,No disclosure restriction identified.
CVD-BURDEN-001,cvd_2024_01,quarterly,2011_q1,2011-01-01,2011,1,1,1,stroke,male,all,hospital_registered,quarterly_count,37,37,count,37,,,final,bnr_sdc_v1,0,0,cvd_2023_12,,,,not_applicable,0,0,0,none,No disclosure restriction identified.,No disclosure restriction identified.
CVD-BURDEN-001,cvd_2024_01,quarterly,2011_q1,2011-01-01,2011,1,1,1,stroke,male,all,hospital_registered,quarterly_same_quarter_previous_5yr_mean,,,count,,,1,insufficient_history,bnr_sdc_v1,0,0,cvd_2023_12,,,,not_applicable,0,0,0,none,No disclosure restriction identified.,No disclosure restriction identified.
CVD-BURDEN-001,cvd_2024_01,quarterly,2011_q2,2011-04-01,2011,4,2,1,all_cvd,all,all,hospital_registered,quarterly_count,135,135,count,135,,,final,bnr_sdc_v1,0,0,cvd_2023_12,,,,not_applicable,0,0,0,none,No disclosure restriction identified.,No disclosure restriction identified.
CVD-BURDEN-001,cvd_2024_01,quarterly,2011_q2,2011-04-01,2011,4,2,1,all_cvd,all,all,hospital_registered,quarterly_same_quarter_previous_5yr_mean,,,count,,,1,insufficient_history,bnr_sdc_v1,0,0,cvd_2023_12,,,,not_applicable,0,0,0,none,No disclosure restriction identified.,No disclosure restriction identified.
CVD-BURDEN-001,cvd_2024_01,quarterly,2011_q2,2011-04-01,2011,4,2,1,all_cvd,female,all,hospital_registered,quarterly_count,66,66,count,66,,,final,bnr_sdc_v1,0,0,cvd_2023_12,,,,not_applicable,0,0,0,none,No disclosure restriction identified.,No disclosure restriction identified.
CVD-BURDEN-001,cvd_2024_01,quarterly,2011_q2,2011-04-01,2011,4,2,1,all_cvd,female,all,hospital_registered,quarterly_same_quarter_previous_5yr_mean,,,count,,,1,insufficient_history,bnr_sdc_v1,0,0,cvd_2023_12,,,,not_applicable,0,0,0,none,No disclosure restriction identified.,No disclosure restriction identified.
CVD-BURDEN-001,cvd_2024_01,quarterly,2011_q2,2011-04-01,2011,4,2,1,all_cvd,male,all,hospital_registered,quarterly_count,69,69,count,69,,,final,bnr_sdc_v1,0,0,cvd_2023_12,,,,not_applicable,0,0,0,none,No disclosure restriction identified.,No disclosure restriction identified.
CVD-BURDEN-001,cvd_2024_01,quarterly,2011_q2,2011-04-01,2011,4,2,1,all_cvd,male,all,hospital_registered,quarterly_same_quarter_previous_5yr_mean,,,count,,,1,insufficient_history,bnr_sdc_v1,0,0,cvd_2023_12,,,,not_applicable,0,0,0,none,No disclosure restriction identified.,No disclosure restriction identified.
CVD-BURDEN-001,cvd_2024_01,quarterly,2011_q2,2011-04-01,2011,4,2,1,ami,all,all,hospital_registered,quarterly_count,34,34,count,34,,,final,bnr_sdc_v1,0,0,cvd_2023_12,,,,not_applicable,0,0,0,none,No disclosure restriction identified.,No disclosure restriction identified.
CVD-BURDEN-001,cvd_2024_01,quarterly,2011_q2,2011-04-01,2011,4,2,1,ami,all,all,hospital_registered,quarterly_same_quarter_previous_5yr_mean,,,count,,,1,insufficient_history,bnr_sdc_v1,0,0,cvd_2023_12,,,,not_applicable,0,0,0,none,No disclosure restriction identified.,No disclosure restriction identified.
CVD-BURDEN-001,cvd_2024_01,quarterly,2011_q2,2011-04-01,2011,4,2,1,ami,female,all,hospital_registered,quarterly_count,13,13,count,13,,,final,bnr_sdc_v1,0,0,cvd_2023_12,,,,not_applicable,0,0,0,none,No disclosure restriction identified.,No disclosure restriction identified.
CVD-BURDEN-001,cvd_2024_01,quarterly,2011_q2,2011-04-01,2011,4,2,1,ami,female,all,hospital_registered,quarterly_same_quarter_previous_5yr_mean,,,count,,,1,insufficient_history,bnr_sdc_v1,0,0,cvd_2023_12,,,,not_applicable,0,0,0,none,No disclosure restriction identified.,No disclosure restriction identified.
CVD-BURDEN-001,cvd_2024_01,quarterly,2011_q2,2011-04-01,2011,4,2,1,ami,male,all,hospital_registered,quarterly_count,21,21,count,21,,,final,bnr_sdc_v1,0,0,cvd_2023_12,,,,not_applicable,0,0,0,none,No disclosure restriction identified.,No disclosure restriction identified.
CVD-BURDEN-001,cvd_2024_01,quarterly,2011_q2,2011-04-01,2011,4,2,1,ami,male,all,hospital_registered,quarterly_same_quarter_previous_5yr_mean,,,count,,,1,insufficient_history,bnr_sdc_v1,0,0,cvd_2023_12,,,,not_applicable,0,0,0,none,No disclosure restriction identified.,No disclosure restriction identified.
CVD-BURDEN-001,cvd_2024_01,quarterly,2011_q2,2011-04-01,2011,4,2,1,stroke,all,all,hospital_registered,quarterly_count,101,101,count,101,,,final,bnr_sdc_v1,0,0,cvd_2023_12,,,,not_applicable,0,0,0,none,No disclosure restriction identified.,No disclosure restriction identified.
CVD-BURDEN-001,cvd_2024_01,quarterly,2011_q2,2011-04-01,2011,4,2,1,stroke,all,all,hospital_registered,quarterly_same_quarter_previous_5yr_mean,,,count,,,1,insufficient_history,bnr_sdc_v1,0,0,cvd_2023_12,,,,not_applicable,0,0,0,none,No disclosure restriction identified.,No disclosure restriction identified.
CVD-BURDEN-001,cvd_2024_01,quarterly,2011_q2,2011-04-01,2011,4,2,1,stroke,female,all,hospital_registered,quarterly_count,53,53,count,53,,,final,bnr_sdc_v1,0,0,cvd_2023_12,,,,not_applicable,0,0,0,none,No disclosure restriction identified.,No disclosure restriction identified.
CVD-BURDEN-001,cvd_2024_01,quarterly,2011_q2,2011-04-01,2011,4,2,1,stroke,female,all,hospital_registered,quarterly_same_quarter_previous_5yr_mean,,,count,,,1,insufficient_history,bnr_sdc_v1,0,0,cvd_2023_12,,,,not_applicable,0,0,0,none,No disclosure restriction identified.,No disclosure restriction identified.
CVD-BURDEN-001,cvd_2024_01,quarterly,2011_q2,2011-04-01,2011,4,2,1,stroke,male,all,hospital_registered,quarterly_count,48,48,count,48,,,final,bnr_sdc_v1,0,0,cvd_2023_12,,,,not_applicable,0,0,0,none,No disclosure restriction identified.,No disclosure restriction identified.
CVD-BURDEN-001,cvd_2024_01,quarterly,2011_q2,2011-04-01,2011,4,2,1,stroke,male,all,hospital_registered,quarterly_same_quarter_previous_5yr_mean,,,count,,,1,insufficient_history,bnr_sdc_v1,0,0,cvd_2023_12,,,,not_applicable,0,0,0,none,No disclosure restriction identified.,No disclosure restriction identified.
CVD-BURDEN-001,cvd_2024_01,quarterly,2011_q3,2011-07-01,2011,7,3,1,all_cvd,all,all,hospital_registered,quarterly_count,119,119,count,119,,,final,bnr_sdc_v1,0,0,cvd_2023_12,,,,not_applicable,0,0,0,none,No disclosure restriction identified.,No disclosure restriction identified.
CVD-BURDEN-001,cvd_2024_01,quarterly,2011_q3,2011-07-01,2011,7,3,1,all_cvd,all,all,hospital_registered,quarterly_same_quarter_previous_5yr_mean,,,count,,,1,insufficient_history,bnr_sdc_v1,0,0,cvd_2023_12,,,,not_applicable,0,0,0,none,No disclosure restriction identified.,No disclosure restriction identified.
CVD-BURDEN-001,cvd_2024_01,quarterly,2011_q3,2011-07-01,2011,7,3,1,all_cvd,female,all,hospital_registered,quarterly_count,60,60,count,60,,,final,bnr_sdc_v1,0,0,cvd_2023_12,,,,not_applicable,0,0,0,none,No disclosure restriction identified.,No disclosure restriction identified.
CVD-BURDEN-001,cvd_2024_01,quarterly,2011_q3,2011-07-01,2011,7,3,1,all_cvd,female,all,hospital_registered,quarterly_same_quarter_previous_5yr_mean,,,count,,,1,insufficient_history,bnr_sdc_v1,0,0,cvd_2023_12,,,,not_applicable,0,0,0,none,No disclosure restriction identified.,No disclosure restriction identified.
CVD-BURDEN-001,cvd_2024_01,quarterly,2011_q3,2011-07-01,2011,7,3,1,all_cvd,male,all,hospital_registered,quarterly_count,59,59,count,59,,,final,bnr_sdc_v1,0,0,cvd_2023_12,,,,not_applicable,0,0,0,none,No disclosure restriction identified.,No disclosure restriction identified.
CVD-BURDEN-001,cvd_2024_01,quarterly,2011_q3,2011-07-01,2011,7,3,1,all_cvd,male,all,hospital_registered,quarterly_same_quarter_previous_5yr_mean,,,count,,,1,insufficient_history,bnr_sdc_v1,0,0,cvd_2023_12,,,,not_applicable,0,0,0,none,No disclosure restriction identified.,No disclosure restriction identified.
CVD-BURDEN-001,cvd_2024_01,quarterly,2011_q3,2011-07-01,2011,7,3,1,ami,all,all,hospital_registered,quarterly_count,28,28,count,28,,,final,bnr_sdc_v1,0,0,cvd_2023_12,,,,not_applicable,0,0,0,none,No disclosure restriction identified.,No disclosure restriction identified.
CVD-BURDEN-001,cvd_2024_01,quarterly,2011_q3,2011-07-01,2011,7,3,1,ami,all,all,hospital_registered,quarterly_same_quarter_previous_5yr_mean,,,count,,,1,insufficient_history,bnr_sdc_v1,0,0,cvd_2023_12,,,,not_applicable,0,0,0,none,No disclosure restriction identified.,No disclosure restriction identified.
CVD-BURDEN-001,cvd_2024_01,quarterly,2011_q3,2011-07-01,2011,7,3,1,ami,female,all,hospital_registered,quarterly_count,13,13,count,13,,,final,bnr_sdc_v1,0,0,cvd_2023_12,,,,not_applicable,0,0,0,none,No disclosure restriction identified.,No disclosure restriction identified.
CVD-BURDEN-001,cvd_2024_01,quarterly,2011_q3,2011-07-01,2011,7,3,1,ami,female,all,hospital_registered,quarterly_same_quarter_previous_5yr_mean,,,count,,,1,insufficient_history,bnr_sdc_v1,0,0,cvd_2023_12,,,,not_applicable,0,0,0,none,No disclosure restriction identified.,No disclosure restriction identified.
CVD-BURDEN-001,cvd_2024_01,quarterly,2011_q3,2011-07-01,2011,7,3,1,ami,male,all,hospital_registered,quarterly_count,15,15,count,15,,,final,bnr_sdc_v1,0,0,cvd_2023_12,,,,not_applicable,0,0,0,none,No disclosure restriction identified.,No disclosure restriction identified.
CVD-BURDEN-001,cvd_2024_01,quarterly,2011_q3,2011-07-01,2011,7,3,1,ami,male,all,hospital_registered,quarterly_same_quarter_previous_5yr_mean,,,count,,,1,insufficient_history,bnr_sdc_v1,0,0,cvd_2023_12,,,,not_applicable,0,0,0,none,No disclosure restriction identified.,No disclosure restriction identified.
CVD-BURDEN-001,cvd_2024_01,quarterly,2011_q3,2011-07-01,2011,7,3,1,stroke,all,all,hospital_registered,quarterly_count,91,91,count,91,,,final,bnr_sdc_v1,0,0,cvd_2023_12,,,,not_applicable,0,0,0,none,No disclosure restriction identified.,No disclosure restriction identified.
CVD-BURDEN-001,cvd_2024_01,quarterly,2011_q3,2011-07-01,2011,7,3,1,stroke,all,all,hospital_registered,quarterly_same_quarter_previous_5yr_mean,,,count,,,1,insufficient_history,bnr_sdc_v1,0,0,cvd_2023_12,,,,not_applicable,0,0,0,none,No disclosure restriction identified.,No disclosure restriction identified.
CVD-BURDEN-001,cvd_2024_01,quarterly,2011_q3,2011-07-01,2011,7,3,1,stroke,female,all,hospital_registered,quarterly_count,47,47,count,47,,,final,bnr_sdc_v1,0,0,cvd_2023_12,,,,not_applicable,0,0,0,none,No disclosure restriction identified.,No disclosure restriction identified.
CVD-BURDEN-001,cvd_2024_01,quarterly,2011_q3,2011-07-01,2011,7,3,1,stroke,female,all,hospital_registered,quarterly_same_quarter_previous_5yr_mean,,,count,,,1,insufficient_history,bnr_sdc_v1,0,0,cvd_2023_12,,,,not_applicable,0,0,0,none,No disclosure restriction identified.,No disclosure restriction identified.
CVD-BURDEN-001,cvd_2024_01,quarterly,2011_q3,2011-07-01,2011,7,3,1,stroke,male,all,hospital_registered,quarterly_count,44,44,count,44,,,final,bnr_sdc_v1,0,0,cvd_2023_12,,,,not_applicable,0,0,0,none,No disclosure restriction identified.,No disclosure restriction identified.
CVD-BURDEN-001,cvd_2024_01,quarterly,2011_q3,2011-07-01,2011,7,3,1,stroke,male,all,hospital_registered,quarterly_same_quarter_previous_5yr_mean,,,count,,,1,insufficient_history,bnr_sdc_v1,0,0,cvd_2023_12,,,,not_applicable,0,0,0,none,No disclosure restriction identified.,No disclosure restriction identified.
CVD-BURDEN-001,cvd_2024_01,quarterly,2011_q4,2011-10-01,2011,10,4,1,all_cvd,all,all,hospital_registered,quarterly_count,138,138,count,138,,,final,bnr_sdc_v1,0,0,cvd_2023_12,,,,not_applicable,0,0,0,none,No disclosure restriction identified.,No disclosure restriction identified.
CVD-BURDEN-001,cvd_2024_01,quarterly,2011_q4,2011-10-01,2011,10,4,1,all_cvd,all,all,hospital_registered,quarterly_same_quarter_previous_5yr_mean,,,count,,,1,insufficient_history,bnr_sdc_v1,0,0,cvd_2023_12,,,,not_applicable,0,0,0,none,No disclosure restriction identified.,No disclosure restriction identified.
CVD-BURDEN-001,cvd_2024_01,quarterly,2011_q4,2011-10-01,2011,10,4,1,all_cvd,female,all,hospital_registered,quarterly_count,59,59,count,59,,,final,bnr_sdc_v1,0,0,cvd_2023_12,,,,not_applicable,0,0,0,none,No disclosure restriction identified.,No disclosure restriction identified.
CVD-BURDEN-001,cvd_2024_01,quarterly,2011_q4,2011-10-01,2011,10,4,1,all_cvd,female,all,hospital_registered,quarterly_same_quarter_previous_5yr_mean,,,count,,,1,insufficient_history,bnr_sdc_v1,0,0,cvd_2023_12,,,,not_applicable,0,0,0,none,No disclosure restriction identified.,No disclosure restriction identified.
CVD-BURDEN-001,cvd_2024_01,quarterly,2011_q4,2011-10-01,2011,10,4,1,all_cvd,male,all,hospital_registered,quarterly_count,79,79,count,79,,,final,bnr_sdc_v1,0,0,cvd_2023_12,,,,not_applicable,0,0,0,none,No disclosure restriction identified.,No disclosure restriction identified.
CVD-BURDEN-001,cvd_2024_01,quarterly,2011_q4,2011-10-01,2011,10,4,1,all_cvd,male,all,hospital_registered,quarterly_same_quarter_previous_5yr_mean,,,count,,,1,insufficient_history,bnr_sdc_v1,0,0,cvd_2023_12,,,,not_applicable,0,0,0,none,No disclosure restriction identified.,No disclosure restriction identified.
CVD-BURDEN-001,cvd_2024_01,quarterly,2011_q4,2011-10-01,2011,10,4,1,ami,all,all,hospital_registered,quarterly_count,36,36,count,36,,,final,bnr_sdc_v1,0,0,cvd_2023_12,,,,not_applicable,0,0,0,none,No disclosure restriction identified.,No disclosure restriction identified.
CVD-BURDEN-001,cvd_2024_01,quarterly,2011_q4,2011-10-01,2011,10,4,1,ami,all,all,hospital_registered,quarterly_same_quarter_previous_5yr_mean,,,count,,,1,insufficient_history,bnr_sdc_v1,0,0,cvd_2023_12,,,,not_applicable,0,0,0,none,No disclosure restriction identified.,No disclosure restriction identified.
CVD-BURDEN-001,cvd_2024_01,quarterly,2011_q4,2011-10-01,2011,10,4,1,ami,female,all,hospital_registered,quarterly_count,12,12,count,12,,,final,bnr_sdc_v1,0,0,cvd_2023_12,,,,not_applicable,0,0,0,none,No disclosure restriction identified.,No disclosure restriction identified.
CVD-BURDEN-001,cvd_2024_01,quarterly,2011_q4,2011-10-01,2011,10,4,1,ami,female,all,hospital_registered,quarterly_same_quarter_previous_5yr_mean,,,count,,,1,insufficient_history,bnr_sdc_v1,0,0,cvd_2023_12,,,,not_applicable,0,0,0,none,No disclosure restriction identified.,No disclosure restriction identified.
CVD-BURDEN-001,cvd_2024_01,quarterly,2011_q4,2011-10-01,2011,10,4,1,ami,male,all,hospital_registered,quarterly_count,24,24,count,24,,,final,bnr_sdc_v1,0,0,cvd_2023_12,,,,not_applicable,0,0,0,none,No disclosure restriction identified.,No disclosure restriction identified.
CVD-BURDEN-001,cvd_2024_01,quarterly,2011_q4,2011-10-01,2011,10,4,1,ami,male,all,hospital_registered,quarterly_same_quarter_previous_5yr_mean,,,count,,,1,insufficient_history,bnr_sdc_v1,0,0,cvd_2023_12,,,,not_applicable,0,0,0,none,No disclosure restriction identified.,No disclosure restriction identified.
CVD-BURDEN-001,cvd_2024_01,quarterly,2011_q4,2011-10-01,2011,10,4,1,stroke,all,all,hospital_registered,quarterly_count,102,102,count,102,,,final,bnr_sdc_v1,0,0,cvd_2023_12,,,,not_applicable,0,0,0,none,No disclosure restriction identified.,No disclosure restriction identified.
CVD-BURDEN-001,cvd_2024_01,quarterly,2011_q4,2011-10-01,2011,10,4,1,stroke,all,all,hospital_registered,quarterly_same_quarter_previous_5yr_mean,,,count,,,1,insufficient_history,bnr_sdc_v1,0,0,cvd_2023_12,,,,not_applicable,0,0,0,none,No disclosure restriction identified.,No disclosure restriction identified.
CVD-BURDEN-001,cvd_2024_01,quarterly,2011_q4,2011-10-01,2011,10,4,1,stroke,female,all,hospital_registered,quarterly_count,47,47,count,47,,,final,bnr_sdc_v1,0,0,cvd_2023_12,,,,not_applicable,0,0,0,none,No disclosure restriction identified.,No disclosure restriction identified.
CVD-BURDEN-001,cvd_2024_01,quarterly,2011_q4,2011-10-01,2011,10,4,1,stroke,female,all,hospital_registered,quarterly_same_quarter_previous_5yr_mean,,,count,,,1,insufficient_history,bnr_sdc_v1,0,0,cvd_2023_12,,,,not_applicable,0,0,0,none,No disclosure restriction identified.,No disclosure restriction identified.
CVD-BURDEN-001,cvd_2024_01,quarterly,2011_q4,2011-10-01,2011,10,4,1,stroke,male,all,hospital_registered,quarterly_count,55,55,count,55,,,final,bnr_sdc_v1,0,0,cvd_2023_12,,,,not_applicable,0,0,0,none,No disclosure restriction identified.,No disclosure restriction identified.
CVD-BURDEN-001,cvd_2024_01,quarterly,2011_q4,2011-10-01,2011,10,4,1,stroke,male,all,hospital_registered,quarterly_same_quarter_previous_5yr_mean,,,count,,,1,insufficient_history,bnr_sdc_v1,0,0,cvd_2023_12,,,,not_applicable,0,0,0,none,No disclosure restriction identified.,No disclosure restriction identified.
CVD-BURDEN-001,cvd_2024_01,quarterly,2012_q1,2012-01-01,2012,1,1,1,all_cvd,all,all,hospital_registered,quarterly_count,135,135,count,135,,,final,bnr_sdc_v1,0,0,cvd_2023_12,,,,not_applicable,0,0,0,none,No disclosure restriction identified.,No disclosure restriction identified.
CVD-BURDEN-001,cvd_2024_01,quarterly,2012_q1,2012-01-01,2012,1,1,1,all_cvd,all,all,hospital_registered,quarterly_same_quarter_previous_5yr_mean,,,count,,,2,insufficient_history,bnr_sdc_v1,0,0,cvd_2023_12,,,,not_applicable,0,0,0,none,No disclosure restriction identified.,No disclosure restriction identified.
CVD-BURDEN-001,cvd_2024_01,quarterly,2012_q1,2012-01-01,2012,1,1,1,all_cvd,female,all,hospital_registered,quarterly_count,60,60,count,60,,,final,bnr_sdc_v1,0,0,cvd_2023_12,,,,not_applicable,0,0,0,none,No disclosure restriction identified.,No disclosure restriction identified.
CVD-BURDEN-001,cvd_2024_01,quarterly,2012_q1,2012-01-01,2012,1,1,1,all_cvd,female,all,hospital_registered,quarterly_same_quarter_previous_5yr_mean,,,count,,,2,insufficient_history,bnr_sdc_v1,0,0,cvd_2023_12,,,,not_applicable,0,0,0,none,No disclosure restriction identified.,No disclosure restriction identified.
CVD-BURDEN-001,cvd_2024_01,quarterly,2012_q1,2012-01-01,2012,1,1,1,all_cvd,male,all,hospital_registered,quarterly_count,75,75,count,75,,,final,bnr_sdc_v1,0,0,cvd_2023_12,,,,not_applicable,0,0,0,none,No disclosure restriction identified.,No disclosure restriction identified.
CVD-BURDEN-001,cvd_2024_01,quarterly,2012_q1,2012-01-01,2012,1,1,1,all_cvd,male,all,hospital_registered,quarterly_same_quarter_previous_5yr_mean,,,count,,,2,insufficient_history,bnr_sdc_v1,0,0,cvd_2023_12,,,,not_applicable,0,0,0,none,No disclosure restriction identified.,No disclosure restriction identified.
CVD-BURDEN-001,cvd_2024_01,quarterly,2012_q1,2012-01-01,2012,1,1,1,ami,all,all,hospital_registered,quarterly_count,49,49,count,49,,,final,bnr_sdc_v1,0,0,cvd_2023_12,,,,not_applicable,0,0,0,none,No disclosure restriction identified.,No disclosure restriction identified.
CVD-BURDEN-001,cvd_2024_01,quarterly,2012_q1,2012-01-01,2012,1,1,1,ami,all,all,hospital_registered,quarterly_same_quarter_previous_5yr_mean,,,count,,,2,insufficient_history,bnr_sdc_v1,0,0,cvd_2023_12,,,,not_applicable,0,0,0,none,No disclosure restriction identified.,No disclosure restriction identified.
CVD-BURDEN-001,cvd_2024_01,quarterly,2012_q1,2012-01-01,2012,1,1,1,ami,female,all,hospital_registered,quarterly_count,18,18,count,18,,,final,bnr_sdc_v1,0,0,cvd_2023_12,,,,not_applicable,0,0,0,none,No disclosure restriction identified.,No disclosure restriction identified.
CVD-BURDEN-001,cvd_2024_01,quarterly,2012_q1,2012-01-01,2012,1,1,1,ami,female,all,hospital_registered,quarterly_same_quarter_previous_5yr_mean,,,count,,,2,insufficient_history,bnr_sdc_v1,0,0,cvd_2023_12,,,,not_applicable,0,0,0,none,No disclosure restriction identified.,No disclosure restriction identified.
CVD-BURDEN-001,cvd_2024_01,quarterly,2012_q1,2012-01-01,2012,1,1,1,ami,male,all,hospital_registered,quarterly_count,31,31,count,31,,,final,bnr_sdc_v1,0,0,cvd_2023_12,,,,not_applicable,0,0,0,none,No disclosure restriction identified.,No disclosure restriction identified.
CVD-BURDEN-001,cvd_2024_01,quarterly,2012_q1,2012-01-01,2012,1,1,1,ami,male,all,hospital_registered,quarterly_same_quarter_previous_5yr_mean,,,count,,,2,insufficient_history,bnr_sdc_v1,0,0,cvd_2023_12,,,,not_applicable,0,0,0,none,No disclosure restriction identified.,No disclosure restriction identified.
CVD-BURDEN-001,cvd_2024_01,quarterly,2012_q1,2012-01-01,2012,1,1,1,stroke,all,all,hospital_registered,quarterly_count,86,86,count,86,,,final,bnr_sdc_v1,0,0,cvd_2023_12,,,,not_applicable,0,0,0,none,No disclosure restriction identified.,No disclosure restriction identified.
CVD-BURDEN-001,cvd_2024_01,quarterly,2012_q1,2012-01-01,2012,1,1,1,stroke,all,all,hospital_registered,quarterly_same_quarter_previous_5yr_mean,,,count,,,2,insufficient_history,bnr_sdc_v1,0,0,cvd_2023_12,,,,not_applicable,0,0,0,none,No disclosure restriction identified.,No disclosure restriction identified.
CVD-BURDEN-001,cvd_2024_01,quarterly,2012_q1,2012-01-01,2012,1,1,1,stroke,female,all,hospital_registered,quarterly_count,42,42,count,42,,,final,bnr_sdc_v1,0,0,cvd_2023_12,,,,not_applicable,0,0,0,none,No disclosure restriction identified.,No disclosure restriction identified.
CVD-BURDEN-001,cvd_2024_01,quarterly,2012_q1,2012-01-01,2012,1,1,1,stroke,female,all,hospital_registered,quarterly_same_quarter_previous_5yr_mean,,,count,,,2,insufficient_history,bnr_sdc_v1,0,0,cvd_2023_12,,,,not_applicable,0,0,0,none,No disclosure restriction identified.,No disclosure restriction identified.
CVD-BURDEN-001,cvd_2024_01,quarterly,2012_q1,2012-01-01,2012,1,1,1,stroke,male,all,hospital_registered,quarterly_count,44,44,count,44,,,final,bnr_sdc_v1,0,0,cvd_2023_12,,,,not_applicable,0,0,0,none,No disclosure restriction identified.,No disclosure restriction identified.
CVD-BURDEN-001,cvd_2024_01,quarterly,2012_q1,2012-01-01,2012,1,1,1,stroke,male,all,hospital_registered,quarterly_same_quarter_previous_5yr_mean,,,count,,,2,insufficient_history,bnr_sdc_v1,0,0,cvd_2023_12,,,,not_applicable,0,0,0,none,No disclosure restriction identified.,No disclosure restriction identified.
CVD-BURDEN-001,cvd_2024_01,quarterly,2012_q2,2012-04-01,2012,4,2,1,all_cvd,all,all,hospital_registered,quarterly_count,177,177,count,177,,,final,bnr_sdc_v1,0,0,cvd_2023_12,,,,not_applicable,0,0,0,none,No disclosure restriction identified.,No disclosure restriction identified.
CVD-BURDEN-001,cvd_2024_01,quarterly,2012_q2,2012-04-01,2012,4,2,1,all_cvd,all,all,hospital_registered,quarterly_same_quarter_previous_5yr_mean,,,count,,,2,insufficient_history,bnr_sdc_v1,0,0,cvd_2023_12,,,,not_applicable,0,0,0,none,No disclosure restriction identified.,No disclosure restriction identified.
CVD-BURDEN-001,cvd_2024_01,quarterly,2012_q2,2012-04-01,2012,4,2,1,all_cvd,female,all,hospital_registered,quarterly_count,92,92,count,92,,,final,bnr_sdc_v1,0,0,cvd_2023_12,,,,not_applicable,0,0,0,none,No disclosure restriction identified.,No disclosure restriction identified.
CVD-BURDEN-001,cvd_2024_01,quarterly,2012_q2,2012-04-01,2012,4,2,1,all_cvd,female,all,hospital_registered,quarterly_same_quarter_previous_5yr_mean,,,count,,,2,insufficient_history,bnr_sdc_v1,0,0,cvd_2023_12,,,,not_applicable,0,0,0,none,No disclosure restriction identified.,No disclosure restriction identified.
CVD-BURDEN-001,cvd_2024_01,quarterly,2012_q2,2012-04-01,2012,4,2,1,all_cvd,male,all,hospital_registered,quarterly_count,85,85,count,85,,,final,bnr_sdc_v1,0,0,cvd_2023_12,,,,not_applicable,0,0,0,none,No disclosure restriction identified.,No disclosure restriction identified.
CVD-BURDEN-001,cvd_2024_01,quarterly,2012_q2,2012-04-01,2012,4,2,1,all_cvd,male,all,hospital_registered,quarterly_same_quarter_previous_5yr_mean,,,count,,,2,insufficient_history,bnr_sdc_v1,0,0,cvd_2023_12,,,,not_applicable,0,0,0,none,No disclosure restriction identified.,No disclosure restriction identified.
CVD-BURDEN-001,cvd_2024_01,quarterly,2012_q2,2012-04-01,2012,4,2,1,ami,all,all,hospital_registered,quarterly_count,47,47,count,47,,,final,bnr_sdc_v1,0,0,cvd_2023_12,,,,not_applicable,0,0,0,none,No disclosure restriction identified.,No disclosure restriction identified.
CVD-BURDEN-001,cvd_2024_01,quarterly,2012_q2,2012-04-01,2012,4,2,1,ami,all,all,hospital_registered,quarterly_same_quarter_previous_5yr_mean,,,count,,,2,insufficient_history,bnr_sdc_v1,0,0,cvd_2023_12,,,,not_applicable,0,0,0,none,No disclosure restriction identified.,No disclosure restriction identified.
CVD-BURDEN-001,cvd_2024_01,quarterly,2012_q2,2012-04-01,2012,4,2,1,ami,female,all,hospital_registered,quarterly_count,24,24,count,24,,,final,bnr_sdc_v1,0,0,cvd_2023_12,,,,not_applicable,0,0,0,none,No disclosure restriction identified.,No disclosure restriction identified.
CVD-BURDEN-001,cvd_2024_01,quarterly,2012_q2,2012-04-01,2012,4,2,1,ami,female,all,hospital_registered,quarterly_same_quarter_previous_5yr_mean,,,count,,,2,insufficient_history,bnr_sdc_v1,0,0,cvd_2023_12,,,,not_applicable,0,0,0,none,No disclosure restriction identified.,No disclosure restriction identified.
CVD-BURDEN-001,cvd_2024_01,quarterly,2012_q2,2012-04-01,2012,4,2,1,ami,male,all,hospital_registered,quarterly_count,23,23,count,23,,,final,bnr_sdc_v1,0,0,cvd_2023_12,,,,not_applicable,0,0,0,none,No disclosure restriction identified.,No disclosure restriction identified.
CVD-BURDEN-001,cvd_2024_01,quarterly,2012_q2,2012-04-01,2012,4,2,1,ami,male,all,hospital_registered,quarterly_same_quarter_previous_5yr_mean,,,count,,,2,insufficient_history,bnr_sdc_v1,0,0,cvd_2023_12,,,,not_applicable,0,0,0,none,No disclosure restriction identified.,No disclosure restriction identified.
CVD-BURDEN-001,cvd_2024_01,quarterly,2012_q2,2012-04-01,2012,4,2,1,stroke,all,all,hospital_registered,quarterly_count,130,130,count,130,,,final,bnr_sdc_v1,0,0,cvd_2023_12,,,,not_applicable,0,0,0,none,No disclosure restriction identified.,No disclosure restriction identified.
CVD-BURDEN-001,cvd_2024_01,quarterly,2012_q2,2012-04-01,2012,4,2,1,stroke,all,all,hospital_registered,quarterly_same_quarter_previous_5yr_mean,,,count,,,2,insufficient_history,bnr_sdc_v1,0,0,cvd_2023_12,,,,not_applicable,0,0,0,none,No disclosure restriction identified.,No disclosure restriction identified.
CVD-BURDEN-001,cvd_2024_01,quarterly,2012_q2,2012-04-01,2012,4,2,1,stroke,female,all,hospital_registered,quarterly_count,68,68,count,68,,,final,bnr_sdc_v1,0,0,cvd_2023_12,,,,not_applicable,0,0,0,none,No disclosure restriction identified.,No disclosure restriction identified.
CVD-BURDEN-001,cvd_2024_01,quarterly,2012_q2,2012-04-01,2012,4,2,1,stroke,female,all,hospital_registered,quarterly_same_quarter_previous_5yr_mean,,,count,,,2,insufficient_history,bnr_sdc_v1,0,0,cvd_2023_12,,,,not_applicable,0,0,0,none,No disclosure restriction identified.,No disclosure restriction identified.
CVD-BURDEN-001,cvd_2024_01,quarterly,2012_q2,2012-04-01,2012,4,2,1,stroke,male,all,hospital_registered,quarterly_count,62,62,count,62,,,final,bnr_sdc_v1,0,0,cvd_2023_12,,,,not_applicable,0,0,0,none,No disclosure restriction identified.,No disclosure restriction identified.
CVD-BURDEN-001,cvd_2024_01,quarterly,2012_q2,2012-04-01,2012,4,2,1,stroke,male,all,hospital_registered,quarterly_same_quarter_previous_5yr_mean,,,count,,,2,insufficient_history,bnr_sdc_v1,0,0,cvd_2023_12,,,,not_applicable,0,0,0,none,No disclosure restriction identified.,No disclosure restriction identified.
CVD-BURDEN-001,cvd_2024_01,quarterly,2012_q3,2012-07-01,2012,7,3,1,all_cvd,all,all,hospital_registered,quarterly_count,146,146,count,146,,,final,bnr_sdc_v1,0,0,cvd_2023_12,,,,not_applicable,0,0,0,none,No disclosure restriction identified.,No disclosure restriction identified.
CVD-BURDEN-001,cvd_2024_01,quarterly,2012_q3,2012-07-01,2012,7,3,1,all_cvd,all,all,hospital_registered,quarterly_same_quarter_previous_5yr_mean,,,count,,,2,insufficient_history,bnr_sdc_v1,0,0,cvd_2023_12,,,,not_applicable,0,0,0,none,No disclosure restriction identified.,No disclosure restriction identified.
CVD-BURDEN-001,cvd_2024_01,quarterly,2012_q3,2012-07-01,2012,7,3,1,all_cvd,female,all,hospital_registered,quarterly_count,73,73,count,73,,,final,bnr_sdc_v1,0,0,cvd_2023_12,,,,not_applicable,0,0,0,none,No disclosure restriction identified.,No disclosure restriction identified.
CVD-BURDEN-001,cvd_2024_01,quarterly,2012_q3,2012-07-01,2012,7,3,1,all_cvd,female,all,hospital_registered,quarterly_same_quarter_previous_5yr_mean,,,count,,,2,insufficient_history,bnr_sdc_v1,0,0,cvd_2023_12,,,,not_applicable,0,0,0,none,No disclosure restriction identified.,No disclosure restriction identified.
CVD-BURDEN-001,cvd_2024_01,quarterly,2012_q3,2012-07-01,2012,7,3,1,all_cvd,male,all,hospital_registered,quarterly_count,73,73,count,73,,,final,bnr_sdc_v1,0,0,cvd_2023_12,,,,not_applicable,0,0,0,none,No disclosure restriction identified.,No disclosure restriction identified.
CVD-BURDEN-001,cvd_2024_01,quarterly,2012_q3,2012-07-01,2012,7,3,1,all_cvd,male,all,hospital_registered,quarterly_same_quarter_previous_5yr_mean,,,count,,,2,insufficient_history,bnr_sdc_v1,0,0,cvd_2023_12,,,,not_applicable,0,0,0,none,No disclosure restriction identified.,No disclosure restriction identified.
CVD-BURDEN-001,cvd_2024_01,quarterly,2012_q3,2012-07-01,2012,7,3,1,ami,all,all,hospital_registered,quarterly_count,43,43,count,43,,,final,bnr_sdc_v1,0,0,cvd_2023_12,,,,not_applicable,0,0,0,none,No disclosure restriction identified.,No disclosure restriction identified.
CVD-BURDEN-001,cvd_2024_01,quarterly,2012_q3,2012-07-01,2012,7,3,1,ami,all,all,hospital_registered,quarterly_same_quarter_previous_5yr_mean,,,count,,,2,insufficient_history,bnr_sdc_v1,0,0,cvd_2023_12,,,,not_applicable,0,0,0,none,No disclosure restriction identified.,No disclosure restriction identified.
CVD-BURDEN-001,cvd_2024_01,quarterly,2012_q3,2012-07-01,2012,7,3,1,ami,female,all,hospital_registered,quarterly_count,23,23,count,23,,,final,bnr_sdc_v1,0,0,cvd_2023_12,,,,not_applicable,0,0,0,none,No disclosure restriction identified.,No disclosure restriction identified.
CVD-BURDEN-001,cvd_2024_01,quarterly,2012_q3,2012-07-01,2012,7,3,1,ami,female,all,hospital_registered,quarterly_same_quarter_previous_5yr_mean,,,count,,,2,insufficient_history,bnr_sdc_v1,0,0,cvd_2023_12,,,,not_applicable,0,0,0,none,No disclosure restriction identified.,No disclosure restriction identified.
CVD-BURDEN-001,cvd_2024_01,quarterly,2012_q3,2012-07-01,2012,7,3,1,ami,male,all,hospital_registered,quarterly_count,20,20,count,20,,,final,bnr_sdc_v1,0,0,cvd_2023_12,,,,not_applicable,0,0,0,none,No disclosure restriction identified.,No disclosure restriction identified.
CVD-BURDEN-001,cvd_2024_01,quarterly,2012_q3,2012-07-01,2012,7,3,1,ami,male,all,hospital_registered,quarterly_same_quarter_previous_5yr_mean,,,count,,,2,insufficient_history,bnr_sdc_v1,0,0,cvd_2023_12,,,,not_applicable,0,0,0,none,No disclosure restriction identified.,No disclosure restriction identified.
CVD-BURDEN-001,cvd_2024_01,quarterly,2012_q3,2012-07-01,2012,7,3,1,stroke,all,all,hospital_registered,quarterly_count,103,103,count,103,,,final,bnr_sdc_v1,0,0,cvd_2023_12,,,,not_applicable,0,0,0,none,No disclosure restriction identified.,No disclosure restriction identified.
CVD-BURDEN-001,cvd_2024_01,quarterly,2012_q3,2012-07-01,2012,7,3,1,stroke,all,all,hospital_registered,quarterly_same_quarter_previous_5yr_mean,,,count,,,2,insufficient_history,bnr_sdc_v1,0,0,cvd_2023_12,,,,not_applicable,0,0,0,none,No disclosure restriction identified.,No disclosure restriction identified.
CVD-BURDEN-001,cvd_2024_01,quarterly,2012_q3,2012-07-01,2012,7,3,1,stroke,female,all,hospital_registered,quarterly_count,50,50,count,50,,,final,bnr_sdc_v1,0,0,cvd_2023_12,,,,not_applicable,0,0,0,none,No disclosure restriction identified.,No disclosure restriction identified.
CVD-BURDEN-001,cvd_2024_01,quarterly,2012_q3,2012-07-01,2012,7,3,1,stroke,female,all,hospital_registered,quarterly_same_quarter_previous_5yr_mean,,,count,,,2,insufficient_history,bnr_sdc_v1,0,0,cvd_2023_12,,,,not_applicable,0,0,0,none,No disclosure restriction identified.,No disclosure restriction identified.
CVD-BURDEN-001,cvd_2024_01,quarterly,2012_q3,2012-07-01,2012,7,3,1,stroke,male,all,hospital_registered,quarterly_count,53,53,count,53,,,final,bnr_sdc_v1,0,0,cvd_2023_12,,,,not_applicable,0,0,0,none,No disclosure restriction identified.,No disclosure restriction identified.
CVD-BURDEN-001,cvd_2024_01,quarterly,2012_q3,2012-07-01,2012,7,3,1,stroke,male,all,hospital_registered,quarterly_same_quarter_previous_5yr_mean,,,count,,,2,insufficient_history,bnr_sdc_v1,0,0,cvd_2023_12,,,,not_applicable,0,0,0,none,No disclosure restriction identified.,No disclosure restriction identified.
CVD-BURDEN-001,cvd_2024_01,quarterly,2012_q4,2012-10-01,2012,10,4,1,all_cvd,all,all,hospital_registered,quarterly_count,126,126,count,126,,,final,bnr_sdc_v1,0,0,cvd_2023_12,,,,not_applicable,0,0,0,none,No disclosure restriction identified.,No disclosure restriction identified.
CVD-BURDEN-001,cvd_2024_01,quarterly,2012_q4,2012-10-01,2012,10,4,1,all_cvd,all,all,hospital_registered,quarterly_same_quarter_previous_5yr_mean,,,count,,,2,insufficient_history,bnr_sdc_v1,0,0,cvd_2023_12,,,,not_applicable,0,0,0,none,No disclosure restriction identified.,No disclosure restriction identified.
CVD-BURDEN-001,cvd_2024_01,quarterly,2012_q4,2012-10-01,2012,10,4,1,all_cvd,female,all,hospital_registered,quarterly_count,73,73,count,73,,,final,bnr_sdc_v1,0,0,cvd_2023_12,,,,not_applicable,0,0,0,none,No disclosure restriction identified.,No disclosure restriction identified.
CVD-BURDEN-001,cvd_2024_01,quarterly,2012_q4,2012-10-01,2012,10,4,1,all_cvd,female,all,hospital_registered,quarterly_same_quarter_previous_5yr_mean,,,count,,,2,insufficient_history,bnr_sdc_v1,0,0,cvd_2023_12,,,,not_applicable,0,0,0,none,No disclosure restriction identified.,No disclosure restriction identified.
CVD-BURDEN-001,cvd_2024_01,quarterly,2012_q4,2012-10-01,2012,10,4,1,all_cvd,male,all,hospital_registered,quarterly_count,53,53,count,53,,,final,bnr_sdc_v1,0,0,cvd_2023_12,,,,not_applicable,0,0,0,none,No disclosure restriction identified.,No disclosure restriction identified.
CVD-BURDEN-001,cvd_2024_01,quarterly,2012_q4,2012-10-01,2012,10,4,1,all_cvd,male,all,hospital_registered,quarterly_same_quarter_previous_5yr_mean,,,count,,,2,insufficient_history,bnr_sdc_v1,0,0,cvd_2023_12,,,,not_applicable,0,0,0,none,No disclosure restriction identified.,No disclosure restriction identified.
CVD-BURDEN-001,cvd_2024_01,quarterly,2012_q4,2012-10-01,2012,10,4,1,ami,all,all,hospital_registered,quarterly_count,48,48,count,48,,,final,bnr_sdc_v1,0,0,cvd_2023_12,,,,not_applicable,0,0,0,none,No disclosure restriction identified.,No disclosure restriction identified.
CVD-BURDEN-001,cvd_2024_01,quarterly,2012_q4,2012-10-01,2012,10,4,1,ami,all,all,hospital_registered,quarterly_same_quarter_previous_5yr_mean,,,count,,,2,insufficient_history,bnr_sdc_v1,0,0,cvd_2023_12,,,,not_applicable,0,0,0,none,No disclosure restriction identified.,No disclosure restriction identified.
CVD-BURDEN-001,cvd_2024_01,quarterly,2012_q4,2012-10-01,2012,10,4,1,ami,female,all,hospital_registered,quarterly_count,31,31,count,31,,,final,bnr_sdc_v1,0,0,cvd_2023_12,,,,not_applicable,0,0,0,none,No disclosure restriction identified.,No disclosure restriction identified.
CVD-BURDEN-001,cvd_2024_01,quarterly,2012_q4,2012-10-01,2012,10,4,1,ami,female,all,hospital_registered,quarterly_same_quarter_previous_5yr_mean,,,count,,,2,insufficient_history,bnr_sdc_v1,0,0,cvd_2023_12,,,,not_applicable,0,0,0,none,No disclosure restriction identified.,No disclosure restriction identified.
CVD-BURDEN-001,cvd_2024_01,quarterly,2012_q4,2012-10-01,2012,10,4,1,ami,male,all,hospital_registered,quarterly_count,17,17,count,17,,,final,bnr_sdc_v1,0,0,cvd_2023_12,,,,not_applicable,0,0,0,none,No disclosure restriction identified.,No disclosure restriction identified.
CVD-BURDEN-001,cvd_2024_01,quarterly,2012_q4,2012-10-01,2012,10,4,1,ami,male,all,hospital_registered,quarterly_same_quarter_previous_5yr_mean,,,count,,,2,insufficient_history,bnr_sdc_v1,0,0,cvd_2023_12,,,,not_applicable,0,0,0,none,No disclosure restriction identified.,No disclosure restriction identified.
CVD-BURDEN-001,cvd_2024_01,quarterly,2012_q4,2012-10-01,2012,10,4,1,stroke,all,all,hospital_registered,quarterly_count,78,78,count,78,,,final,bnr_sdc_v1,0,0,cvd_2023_12,,,,not_applicable,0,0,0,none,No disclosure restriction identified.,No disclosure restriction identified.
CVD-BURDEN-001,cvd_2024_01,quarterly,2012_q4,2012-10-01,2012,10,4,1,stroke,all,all,hospital_registered,quarterly_same_quarter_previous_5yr_mean,,,count,,,2,insufficient_history,bnr_sdc_v1,0,0,cvd_2023_12,,,,not_applicable,0,0,0,none,No disclosure restriction identified.,No disclosure restriction identified.
CVD-BURDEN-001,cvd_2024_01,quarterly,2012_q4,2012-10-01,2012,10,4,1,stroke,female,all,hospital_registered,quarterly_count,42,42,count,42,,,final,bnr_sdc_v1,0,0,cvd_2023_12,,,,not_applicable,0,0,0,none,No disclosure restriction identified.,No disclosure restriction identified.
CVD-BURDEN-001,cvd_2024_01,quarterly,2012_q4,2012-10-01,2012,10,4,1,stroke,female,all,hospital_registered,quarterly_same_quarter_previous_5yr_mean,,,count,,,2,insufficient_history,bnr_sdc_v1,0,0,cvd_2023_12,,,,not_applicable,0,0,0,none,No disclosure restriction identified.,No disclosure restriction identified.
CVD-BURDEN-001,cvd_2024_01,quarterly,2012_q4,2012-10-01,2012,10,4,1,stroke,male,all,hospital_registered,quarterly_count,36,36,count,36,,,final,bnr_sdc_v1,0,0,cvd_2023_12,,,,not_applicable,0,0,0,none,No disclosure restriction identified.,No disclosure restriction identified.
CVD-BURDEN-001,cvd_2024_01,quarterly,2012_q4,2012-10-01,2012,10,4,1,stroke,male,all,hospital_registered,quarterly_same_quarter_previous_5yr_mean,,,count,,,2,insufficient_history,bnr_sdc_v1,0,0,cvd_2023_12,,,,not_applicable,0,0,0,none,No disclosure restriction identified.,No disclosure restriction identified.
CVD-BURDEN-001,cvd_2024_01,quarterly,2013_q1,2013-01-01,2013,1,1,1,all_cvd,all,all,hospital_registered,quarterly_count,200,200,count,200,,,final,bnr_sdc_v1,0,0,cvd_2023_12,,,,not_applicable,0,0,0,none,No disclosure restriction identified.,No disclosure restriction identified.
CVD-BURDEN-001,cvd_2024_01,quarterly,2013_q1,2013-01-01,2013,1,1,1,all_cvd,all,all,hospital_registered,quarterly_same_quarter_previous_5yr_mean,,,count,,,3,insufficient_history,bnr_sdc_v1,0,0,cvd_2023_12,,,,not_applicable,0,0,0,none,No disclosure restriction identified.,No disclosure restriction identified.
CVD-BURDEN-001,cvd_2024_01,quarterly,2013_q1,2013-01-01,2013,1,1,1,all_cvd,female,all,hospital_registered,quarterly_count,102,102,count,102,,,final,bnr_sdc_v1,0,0,cvd_2023_12,,,,not_applicable,0,0,0,none,No disclosure restriction identified.,No disclosure restriction identified.
CVD-BURDEN-001,cvd_2024_01,quarterly,2013_q1,2013-01-01,2013,1,1,1,all_cvd,female,all,hospital_registered,quarterly_same_quarter_previous_5yr_mean,,,count,,,3,insufficient_history,bnr_sdc_v1,0,0,cvd_2023_12,,,,not_applicable,0,0,0,none,No disclosure restriction identified.,No disclosure restriction identified.
CVD-BURDEN-001,cvd_2024_01,quarterly,2013_q1,2013-01-01,2013,1,1,1,all_cvd,male,all,hospital_registered,quarterly_count,98,98,count,98,,,final,bnr_sdc_v1,0,0,cvd_2023_12,,,,not_applicable,0,0,0,none,No disclosure restriction identified.,No disclosure restriction identified.
CVD-BURDEN-001,cvd_2024_01,quarterly,2013_q1,2013-01-01,2013,1,1,1,all_cvd,male,all,hospital_registered,quarterly_same_quarter_previous_5yr_mean,,,count,,,3,insufficient_history,bnr_sdc_v1,0,0,cvd_2023_12,,,,not_applicable,0,0,0,none,No disclosure restriction identified.,No disclosure restriction identified.
CVD-BURDEN-001,cvd_2024_01,quarterly,2013_q1,2013-01-01,2013,1,1,1,ami,all,all,hospital_registered,quarterly_count,43,43,count,43,,,final,bnr_sdc_v1,0,0,cvd_2023_12,,,,not_applicable,0,0,0,none,No disclosure restriction identified.,No disclosure restriction identified.
CVD-BURDEN-001,cvd_2024_01,quarterly,2013_q1,2013-01-01,2013,1,1,1,ami,all,all,hospital_registered,quarterly_same_quarter_previous_5yr_mean,,,count,,,3,insufficient_history,bnr_sdc_v1,0,0,cvd_2023_12,,,,not_applicable,0,0,0,none,No disclosure restriction identified.,No disclosure restriction identified.
CVD-BURDEN-001,cvd_2024_01,quarterly,2013_q1,2013-01-01,2013,1,1,1,ami,female,all,hospital_registered,quarterly_count,18,18,count,18,,,final,bnr_sdc_v1,0,0,cvd_2023_12,,,,not_applicable,0,0,0,none,No disclosure restriction identified.,No disclosure restriction identified.
CVD-BURDEN-001,cvd_2024_01,quarterly,2013_q1,2013-01-01,2013,1,1,1,ami,female,all,hospital_registered,quarterly_same_quarter_previous_5yr_mean,,,count,,,3,insufficient_history,bnr_sdc_v1,0,0,cvd_2023_12,,,,not_applicable,0,0,0,none,No disclosure restriction identified.,No disclosure restriction identified.
CVD-BURDEN-001,cvd_2024_01,quarterly,2013_q1,2013-01-01,2013,1,1,1,ami,male,all,hospital_registered,quarterly_count,25,25,count,25,,,final,bnr_sdc_v1,0,0,cvd_2023_12,,,,not_applicable,0,0,0,none,No disclosure restriction identified.,No disclosure restriction identified.
CVD-BURDEN-001,cvd_2024_01,quarterly,2013_q1,2013-01-01,2013,1,1,1,ami,male,all,hospital_registered,quarterly_same_quarter_previous_5yr_mean,,,count,,,3,insufficient_history,bnr_sdc_v1,0,0,cvd_2023_12,,,,not_applicable,0,0,0,none,No disclosure restriction identified.,No disclosure restriction identified.
CVD-BURDEN-001,cvd_2024_01,quarterly,2013_q1,2013-01-01,2013,1,1,1,stroke,all,all,hospital_registered,quarterly_count,157,157,count,157,,,final,bnr_sdc_v1,0,0,cvd_2023_12,,,,not_applicable,0,0,0,none,No disclosure restriction identified.,No disclosure restriction identified.
CVD-BURDEN-001,cvd_2024_01,quarterly,2013_q1,2013-01-01,2013,1,1,1,stroke,all,all,hospital_registered,quarterly_same_quarter_previous_5yr_mean,,,count,,,3,insufficient_history,bnr_sdc_v1,0,0,cvd_2023_12,,,,not_applicable,0,0,0,none,No disclosure restriction identified.,No disclosure restriction identified.
CVD-BURDEN-001,cvd_2024_01,quarterly,2013_q1,2013-01-01,2013,1,1,1,stroke,female,all,hospital_registered,quarterly_count,84,84,count,84,,,final,bnr_sdc_v1,0,0,cvd_2023_12,,,,not_applicable,0,0,0,none,No disclosure restriction identified.,No disclosure restriction identified.
CVD-BURDEN-001,cvd_2024_01,quarterly,2013_q1,2013-01-01,2013,1,1,1,stroke,female,all,hospital_registered,quarterly_same_quarter_previous_5yr_mean,,,count,,,3,insufficient_history,bnr_sdc_v1,0,0,cvd_2023_12,,,,not_applicable,0,0,0,none,No disclosure restriction identified.,No disclosure restriction identified.
CVD-BURDEN-001,cvd_2024_01,quarterly,2013_q1,2013-01-01,2013,1,1,1,stroke,male,all,hospital_registered,quarterly_count,73,73,count,73,,,final,bnr_sdc_v1,0,0,cvd_2023_12,,,,not_applicable,0,0,0,none,No disclosure restriction identified.,No disclosure restriction identified.
CVD-BURDEN-001,cvd_2024_01,quarterly,2013_q1,2013-01-01,2013,1,1,1,stroke,male,all,hospital_registered,quarterly_same_quarter_previous_5yr_mean,,,count,,,3,insufficient_history,bnr_sdc_v1,0,0,cvd_2023_12,,,,not_applicable,0,0,0,none,No disclosure restriction identified.,No disclosure restriction identified.
CVD-BURDEN-001,cvd_2024_01,quarterly,2013_q2,2013-04-01,2013,4,2,1,all_cvd,all,all,hospital_registered,quarterly_count,152,152,count,152,,,final,bnr_sdc_v1,0,0,cvd_2023_12,,,,not_applicable,0,0,0,none,No disclosure restriction identified.,No disclosure restriction identified.
CVD-BURDEN-001,cvd_2024_01,quarterly,2013_q2,2013-04-01,2013,4,2,1,all_cvd,all,all,hospital_registered,quarterly_same_quarter_previous_5yr_mean,,,count,,,3,insufficient_history,bnr_sdc_v1,0,0,cvd_2023_12,,,,not_applicable,0,0,0,none,No disclosure restriction identified.,No disclosure restriction identified.
CVD-BURDEN-001,cvd_2024_01,quarterly,2013_q2,2013-04-01,2013,4,2,1,all_cvd,female,all,hospital_registered,quarterly_count,69,69,count,69,,,final,bnr_sdc_v1,0,0,cvd_2023_12,,,,not_applicable,0,0,0,none,No disclosure restriction identified.,No disclosure restriction identified.
CVD-BURDEN-001,cvd_2024_01,quarterly,2013_q2,2013-04-01,2013,4,2,1,all_cvd,female,all,hospital_registered,quarterly_same_quarter_previous_5yr_mean,,,count,,,3,insufficient_history,bnr_sdc_v1,0,0,cvd_2023_12,,,,not_applicable,0,0,0,none,No disclosure restriction identified.,No disclosure restriction identified.
CVD-BURDEN-001,cvd_2024_01,quarterly,2013_q2,2013-04-01,2013,4,2,1,all_cvd,male,all,hospital_registered,quarterly_count,83,83,count,83,,,final,bnr_sdc_v1,0,0,cvd_2023_12,,,,not_applicable,0,0,0,none,No disclosure restriction identified.,No disclosure restriction identified.
CVD-BURDEN-001,cvd_2024_01,quarterly,2013_q2,2013-04-01,2013,4,2,1,all_cvd,male,all,hospital_registered,quarterly_same_quarter_previous_5yr_mean,,,count,,,3,insufficient_history,bnr_sdc_v1,0,0,cvd_2023_12,,,,not_applicable,0,0,0,none,No disclosure restriction identified.,No disclosure restriction identified.
CVD-BURDEN-001,cvd_2024_01,quarterly,2013_q2,2013-04-01,2013,4,2,1,ami,all,all,hospital_registered,quarterly_count,37,37,count,37,,,final,bnr_sdc_v1,0,0,cvd_2023_12,,,,not_applicable,0,0,0,none,No disclosure restriction identified.,No disclosure restriction identified.
CVD-BURDEN-001,cvd_2024_01,quarterly,2013_q2,2013-04-01,2013,4,2,1,ami,all,all,hospital_registered,quarterly_same_quarter_previous_5yr_mean,,,count,,,3,insufficient_history,bnr_sdc_v1,0,0,cvd_2023_12,,,,not_applicable,0,0,0,none,No disclosure restriction identified.,No disclosure restriction identified.
CVD-BURDEN-001,cvd_2024_01,quarterly,2013_q2,2013-04-01,2013,4,2,1,ami,female,all,hospital_registered,quarterly_count,16,16,count,16,,,final,bnr_sdc_v1,0,0,cvd_2023_12,,,,not_applicable,0,0,0,none,No disclosure restriction identified.,No disclosure restriction identified.
CVD-BURDEN-001,cvd_2024_01,quarterly,2013_q2,2013-04-01,2013,4,2,1,ami,female,all,hospital_registered,quarterly_same_quarter_previous_5yr_mean,,,count,,,3,insufficient_history,bnr_sdc_v1,0,0,cvd_2023_12,,,,not_applicable,0,0,0,none,No disclosure restriction identified.,No disclosure restriction identified.
CVD-BURDEN-001,cvd_2024_01,quarterly,2013_q2,2013-04-01,2013,4,2,1,ami,male,all,hospital_registered,quarterly_count,21,21,count,21,,,final,bnr_sdc_v1,0,0,cvd_2023_12,,,,not_applicable,0,0,0,none,No disclosure restriction identified.,No disclosure restriction identified.
CVD-BURDEN-001,cvd_2024_01,quarterly,2013_q2,2013-04-01,2013,4,2,1,ami,male,all,hospital_registered,quarterly_same_quarter_previous_5yr_mean,,,count,,,3,insufficient_history,bnr_sdc_v1,0,0,cvd_2023_12,,,,not_applicable,0,0,0,none,No disclosure restriction identified.,No disclosure restriction identified.
CVD-BURDEN-001,cvd_2024_01,quarterly,2013_q2,2013-04-01,2013,4,2,1,stroke,all,all,hospital_registered,quarterly_count,115,115,count,115,,,final,bnr_sdc_v1,0,0,cvd_2023_12,,,,not_applicable,0,0,0,none,No disclosure restriction identified.,No disclosure restriction identified.
CVD-BURDEN-001,cvd_2024_01,quarterly,2013_q2,2013-04-01,2013,4,2,1,stroke,all,all,hospital_registered,quarterly_same_quarter_previous_5yr_mean,,,count,,,3,insufficient_history,bnr_sdc_v1,0,0,cvd_2023_12,,,,not_applicable,0,0,0,none,No disclosure restriction identified.,No disclosure restriction identified.
CVD-BURDEN-001,cvd_2024_01,quarterly,2013_q2,2013-04-01,2013,4,2,1,stroke,female,all,hospital_registered,quarterly_count,53,53,count,53,,,final,bnr_sdc_v1,0,0,cvd_2023_12,,,,not_applicable,0,0,0,none,No disclosure restriction identified.,No disclosure restriction identified.
CVD-BURDEN-001,cvd_2024_01,quarterly,2013_q2,2013-04-01,2013,4,2,1,stroke,female,all,hospital_registered,quarterly_same_quarter_previous_5yr_mean,,,count,,,3,insufficient_history,bnr_sdc_v1,0,0,cvd_2023_12,,,,not_applicable,0,0,0,none,No disclosure restriction identified.,No disclosure restriction identified.
CVD-BURDEN-001,cvd_2024_01,quarterly,2013_q2,2013-04-01,2013,4,2,1,stroke,male,all,hospital_registered,quarterly_count,62,62,count,62,,,final,bnr_sdc_v1,0,0,cvd_2023_12,,,,not_applicable,0,0,0,none,No disclosure restriction identified.,No disclosure restriction identified.
CVD-BURDEN-001,cvd_2024_01,quarterly,2013_q2,2013-04-01,2013,4,2,1,stroke,male,all,hospital_registered,quarterly_same_quarter_previous_5yr_mean,,,count,,,3,insufficient_history,bnr_sdc_v1,0,0,cvd_2023_12,,,,not_applicable,0,0,0,none,No disclosure restriction identified.,No disclosure restriction identified.
CVD-BURDEN-001,cvd_2024_01,quarterly,2013_q3,2013-07-01,2013,7,3,1,all_cvd,all,all,hospital_registered,quarterly_count,170,170,count,170,,,final,bnr_sdc_v1,0,0,cvd_2023_12,,,,not_applicable,0,0,0,none,No disclosure restriction identified.,No disclosure restriction identified.
CVD-BURDEN-001,cvd_2024_01,quarterly,2013_q3,2013-07-01,2013,7,3,1,all_cvd,all,all,hospital_registered,quarterly_same_quarter_previous_5yr_mean,,,count,,,3,insufficient_history,bnr_sdc_v1,0,0,cvd_2023_12,,,,not_applicable,0,0,0,none,No disclosure restriction identified.,No disclosure restriction identified.
CVD-BURDEN-001,cvd_2024_01,quarterly,2013_q3,2013-07-01,2013,7,3,1,all_cvd,female,all,hospital_registered,quarterly_count,93,93,count,93,,,final,bnr_sdc_v1,0,0,cvd_2023_12,,,,not_applicable,0,0,0,none,No disclosure restriction identified.,No disclosure restriction identified.
CVD-BURDEN-001,cvd_2024_01,quarterly,2013_q3,2013-07-01,2013,7,3,1,all_cvd,female,all,hospital_registered,quarterly_same_quarter_previous_5yr_mean,,,count,,,3,insufficient_history,bnr_sdc_v1,0,0,cvd_2023_12,,,,not_applicable,0,0,0,none,No disclosure restriction identified.,No disclosure restriction identified.
CVD-BURDEN-001,cvd_2024_01,quarterly,2013_q3,2013-07-01,2013,7,3,1,all_cvd,male,all,hospital_registered,quarterly_count,77,77,count,77,,,final,bnr_sdc_v1,0,0,cvd_2023_12,,,,not_applicable,0,0,0,none,No disclosure restriction identified.,No disclosure restriction identified.
CVD-BURDEN-001,cvd_2024_01,quarterly,2013_q3,2013-07-01,2013,7,3,1,all_cvd,male,all,hospital_registered,quarterly_same_quarter_previous_5yr_mean,,,count,,,3,insufficient_history,bnr_sdc_v1,0,0,cvd_2023_12,,,,not_applicable,0,0,0,none,No disclosure restriction identified.,No disclosure restriction identified.
CVD-BURDEN-001,cvd_2024_01,quarterly,2013_q3,2013-07-01,2013,7,3,1,ami,all,all,hospital_registered,quarterly_count,39,39,count,39,,,final,bnr_sdc_v1,0,0,cvd_2023_12,,,,not_applicable,0,0,0,none,No disclosure restriction identified.,No disclosure restriction identified.
CVD-BURDEN-001,cvd_2024_01,quarterly,2013_q3,2013-07-01,2013,7,3,1,ami,all,all,hospital_registered,quarterly_same_quarter_previous_5yr_mean,,,count,,,3,insufficient_history,bnr_sdc_v1,0,0,cvd_2023_12,,,,not_applicable,0,0,0,none,No disclosure restriction identified.,No disclosure restriction identified.
CVD-BURDEN-001,cvd_2024_01,quarterly,2013_q3,2013-07-01,2013,7,3,1,ami,female,all,hospital_registered,quarterly_count,16,16,count,16,,,final,bnr_sdc_v1,0,0,cvd_2023_12,,,,not_applicable,0,0,0,none,No disclosure restriction identified.,No disclosure restriction identified.
CVD-BURDEN-001,cvd_2024_01,quarterly,2013_q3,2013-07-01,2013,7,3,1,ami,female,all,hospital_registered,quarterly_same_quarter_previous_5yr_mean,,,count,,,3,insufficient_history,bnr_sdc_v1,0,0,cvd_2023_12,,,,not_applicable,0,0,0,none,No disclosure restriction identified.,No disclosure restriction identified.
CVD-BURDEN-001,cvd_2024_01,quarterly,2013_q3,2013-07-01,2013,7,3,1,ami,male,all,hospital_registered,quarterly_count,23,23,count,23,,,final,bnr_sdc_v1,0,0,cvd_2023_12,,,,not_applicable,0,0,0,none,No disclosure restriction identified.,No disclosure restriction identified.
CVD-BURDEN-001,cvd_2024_01,quarterly,2013_q3,2013-07-01,2013,7,3,1,ami,male,all,hospital_registered,quarterly_same_quarter_previous_5yr_mean,,,count,,,3,insufficient_history,bnr_sdc_v1,0,0,cvd_2023_12,,,,not_applicable,0,0,0,none,No disclosure restriction identified.,No disclosure restriction identified.
CVD-BURDEN-001,cvd_2024_01,quarterly,2013_q3,2013-07-01,2013,7,3,1,stroke,all,all,hospital_registered,quarterly_count,131,131,count,131,,,final,bnr_sdc_v1,0,0,cvd_2023_12,,,,not_applicable,0,0,0,none,No disclosure restriction identified.,No disclosure restriction identified.
CVD-BURDEN-001,cvd_2024_01,quarterly,2013_q3,2013-07-01,2013,7,3,1,stroke,all,all,hospital_registered,quarterly_same_quarter_previous_5yr_mean,,,count,,,3,insufficient_history,bnr_sdc_v1,0,0,cvd_2023_12,,,,not_applicable,0,0,0,none,No disclosure restriction identified.,No disclosure restriction identified.
CVD-BURDEN-001,cvd_2024_01,quarterly,2013_q3,2013-07-01,2013,7,3,1,stroke,female,all,hospital_registered,quarterly_count,77,77,count,77,,,final,bnr_sdc_v1,0,0,cvd_2023_12,,,,not_applicable,0,0,0,none,No disclosure restriction identified.,No disclosure restriction identified.
CVD-BURDEN-001,cvd_2024_01,quarterly,2013_q3,2013-07-01,2013,7,3,1,stroke,female,all,hospital_registered,quarterly_same_quarter_previous_5yr_mean,,,count,,,3,insufficient_history,bnr_sdc_v1,0,0,cvd_2023_12,,,,not_applicable,0,0,0,none,No disclosure restriction identified.,No disclosure restriction identified.
CVD-BURDEN-001,cvd_2024_01,quarterly,2013_q3,2013-07-01,2013,7,3,1,stroke,male,all,hospital_registered,quarterly_count,54,54,count,54,,,final,bnr_sdc_v1,0,0,cvd_2023_12,,,,not_applicable,0,0,0,none,No disclosure restriction identified.,No disclosure restriction identified.
CVD-BURDEN-001,cvd_2024_01,quarterly,2013_q3,2013-07-01,2013,7,3,1,stroke,male,all,hospital_registered,quarterly_same_quarter_previous_5yr_mean,,,count,,,3,insufficient_history,bnr_sdc_v1,0,0,cvd_2023_12,,,,not_applicable,0,0,0,none,No disclosure restriction identified.,No disclosure restriction identified.
CVD-BURDEN-001,cvd_2024_01,quarterly,2013_q4,2013-10-01,2013,10,4,1,all_cvd,all,all,hospital_registered,quarterly_count,175,175,count,175,,,final,bnr_sdc_v1,0,0,cvd_2023_12,,,,not_applicable,0,0,0,none,No disclosure restriction identified.,No disclosure restriction identified.
CVD-BURDEN-001,cvd_2024_01,quarterly,2013_q4,2013-10-01,2013,10,4,1,all_cvd,all,all,hospital_registered,quarterly_same_quarter_previous_5yr_mean,,,count,,,3,insufficient_history,bnr_sdc_v1,0,0,cvd_2023_12,,,,not_applicable,0,0,0,none,No disclosure restriction identified.,No disclosure restriction identified.
CVD-BURDEN-001,cvd_2024_01,quarterly,2013_q4,2013-10-01,2013,10,4,1,all_cvd,female,all,hospital_registered,quarterly_count,78,78,count,78,,,final,bnr_sdc_v1,0,0,cvd_2023_12,,,,not_applicable,0,0,0,none,No disclosure restriction identified.,No disclosure restriction identified.
CVD-BURDEN-001,cvd_2024_01,quarterly,2013_q4,2013-10-01,2013,10,4,1,all_cvd,female,all,hospital_registered,quarterly_same_quarter_previous_5yr_mean,,,count,,,3,insufficient_history,bnr_sdc_v1,0,0,cvd_2023_12,,,,not_applicable,0,0,0,none,No disclosure restriction identified.,No disclosure restriction identified.
CVD-BURDEN-001,cvd_2024_01,quarterly,2013_q4,2013-10-01,2013,10,4,1,all_cvd,male,all,hospital_registered,quarterly_count,97,97,count,97,,,final,bnr_sdc_v1,0,0,cvd_2023_12,,,,not_applicable,0,0,0,none,No disclosure restriction identified.,No disclosure restriction identified.
CVD-BURDEN-001,cvd_2024_01,quarterly,2013_q4,2013-10-01,2013,10,4,1,all_cvd,male,all,hospital_registered,quarterly_same_quarter_previous_5yr_mean,,,count,,,3,insufficient_history,bnr_sdc_v1,0,0,cvd_2023_12,,,,not_applicable,0,0,0,none,No disclosure restriction identified.,No disclosure restriction identified.
CVD-BURDEN-001,cvd_2024_01,quarterly,2013_q4,2013-10-01,2013,10,4,1,ami,all,all,hospital_registered,quarterly_count,34,34,count,34,,,final,bnr_sdc_v1,0,0,cvd_2023_12,,,,not_applicable,0,0,0,none,No disclosure restriction identified.,No disclosure restriction identified.
CVD-BURDEN-001,cvd_2024_01,quarterly,2013_q4,2013-10-01,2013,10,4,1,ami,all,all,hospital_registered,quarterly_same_quarter_previous_5yr_mean,,,count,,,3,insufficient_history,bnr_sdc_v1,0,0,cvd_2023_12,,,,not_applicable,0,0,0,none,No disclosure restriction identified.,No disclosure restriction identified.
CVD-BURDEN-001,cvd_2024_01,quarterly,2013_q4,2013-10-01,2013,10,4,1,ami,female,all,hospital_registered,quarterly_count,14,14,count,14,,,final,bnr_sdc_v1,0,0,cvd_2023_12,,,,not_applicable,0,0,0,none,No disclosure restriction identified.,No disclosure restriction identified.
CVD-BURDEN-001,cvd_2024_01,quarterly,2013_q4,2013-10-01,2013,10,4,1,ami,female,all,hospital_registered,quarterly_same_quarter_previous_5yr_mean,,,count,,,3,insufficient_history,bnr_sdc_v1,0,0,cvd_2023_12,,,,not_applicable,0,0,0,none,No disclosure restriction identified.,No disclosure restriction identified.
CVD-BURDEN-001,cvd_2024_01,quarterly,2013_q4,2013-10-01,2013,10,4,1,ami,male,all,hospital_registered,quarterly_count,20,20,count,20,,,final,bnr_sdc_v1,0,0,cvd_2023_12,,,,not_applicable,0,0,0,none,No disclosure restriction identified.,No disclosure restriction identified.
CVD-BURDEN-001,cvd_2024_01,quarterly,2013_q4,2013-10-01,2013,10,4,1,ami,male,all,hospital_registered,quarterly_same_quarter_previous_5yr_mean,,,count,,,3,insufficient_history,bnr_sdc_v1,0,0,cvd_2023_12,,,,not_applicable,0,0,0,none,No disclosure restriction identified.,No disclosure restriction identified.
CVD-BURDEN-001,cvd_2024_01,quarterly,2013_q4,2013-10-01,2013,10,4,1,stroke,all,all,hospital_registered,quarterly_count,141,141,count,141,,,final,bnr_sdc_v1,0,0,cvd_2023_12,,,,not_applicable,0,0,0,none,No disclosure restriction identified.,No disclosure restriction identified.
CVD-BURDEN-001,cvd_2024_01,quarterly,2013_q4,2013-10-01,2013,10,4,1,stroke,all,all,hospital_registered,quarterly_same_quarter_previous_5yr_mean,,,count,,,3,insufficient_history,bnr_sdc_v1,0,0,cvd_2023_12,,,,not_applicable,0,0,0,none,No disclosure restriction identified.,No disclosure restriction identified.
CVD-BURDEN-001,cvd_2024_01,quarterly,2013_q4,2013-10-01,2013,10,4,1,stroke,female,all,hospital_registered,quarterly_count,64,64,count,64,,,final,bnr_sdc_v1,0,0,cvd_2023_12,,,,not_applicable,0,0,0,none,No disclosure restriction identified.,No disclosure restriction identified.
CVD-BURDEN-001,cvd_2024_01,quarterly,2013_q4,2013-10-01,2013,10,4,1,stroke,female,all,hospital_registered,quarterly_same_quarter_previous_5yr_mean,,,count,,,3,insufficient_history,bnr_sdc_v1,0,0,cvd_2023_12,,,,not_applicable,0,0,0,none,No disclosure restriction identified.,No disclosure restriction identified.
CVD-BURDEN-001,cvd_2024_01,quarterly,2013_q4,2013-10-01,2013,10,4,1,stroke,male,all,hospital_registered,quarterly_count,77,77,count,77,,,final,bnr_sdc_v1,0,0,cvd_2023_12,,,,not_applicable,0,0,0,none,No disclosure restriction identified.,No disclosure restriction identified.
CVD-BURDEN-001,cvd_2024_01,quarterly,2013_q4,2013-10-01,2013,10,4,1,stroke,male,all,hospital_registered,quarterly_same_quarter_previous_5yr_mean,,,count,,,3,insufficient_history,bnr_sdc_v1,0,0,cvd_2023_12,,,,not_applicable,0,0,0,none,No disclosure restriction identified.,No disclosure restriction identified.
CVD-BURDEN-001,cvd_2024_01,quarterly,2014_q1,2014-01-01,2014,1,1,1,all_cvd,all,all,hospital_registered,quarterly_count,187,187,count,187,,,final,bnr_sdc_v1,0,0,cvd_2023_12,,,,not_applicable,0,0,0,none,No disclosure restriction identified.,No disclosure restriction identified.
CVD-BURDEN-001,cvd_2024_01,quarterly,2014_q1,2014-01-01,2014,1,1,1,all_cvd,all,all,hospital_registered,quarterly_same_quarter_previous_5yr_mean,,,count,,,4,insufficient_history,bnr_sdc_v1,0,0,cvd_2023_12,,,,not_applicable,0,0,0,none,No disclosure restriction identified.,No disclosure restriction identified.
CVD-BURDEN-001,cvd_2024_01,quarterly,2014_q1,2014-01-01,2014,1,1,1,all_cvd,female,all,hospital_registered,quarterly_count,92,92,count,92,,,final,bnr_sdc_v1,0,0,cvd_2023_12,,,,not_applicable,0,0,0,none,No disclosure restriction identified.,No disclosure restriction identified.
CVD-BURDEN-001,cvd_2024_01,quarterly,2014_q1,2014-01-01,2014,1,1,1,all_cvd,female,all,hospital_registered,quarterly_same_quarter_previous_5yr_mean,,,count,,,4,insufficient_history,bnr_sdc_v1,0,0,cvd_2023_12,,,,not_applicable,0,0,0,none,No disclosure restriction identified.,No disclosure restriction identified.
CVD-BURDEN-001,cvd_2024_01,quarterly,2014_q1,2014-01-01,2014,1,1,1,all_cvd,male,all,hospital_registered,quarterly_count,95,95,count,95,,,final,bnr_sdc_v1,0,0,cvd_2023_12,,,,not_applicable,0,0,0,none,No disclosure restriction identified.,No disclosure restriction identified.
CVD-BURDEN-001,cvd_2024_01,quarterly,2014_q1,2014-01-01,2014,1,1,1,all_cvd,male,all,hospital_registered,quarterly_same_quarter_previous_5yr_mean,,,count,,,4,insufficient_history,bnr_sdc_v1,0,0,cvd_2023_12,,,,not_applicable,0,0,0,none,No disclosure restriction identified.,No disclosure restriction identified.
CVD-BURDEN-001,cvd_2024_01,quarterly,2014_q1,2014-01-01,2014,1,1,1,ami,all,all,hospital_registered,quarterly_count,58,58,count,58,,,final,bnr_sdc_v1,0,0,cvd_2023_12,,,,not_applicable,0,0,0,none,No disclosure restriction identified.,No disclosure restriction identified.
CVD-BURDEN-001,cvd_2024_01,quarterly,2014_q1,2014-01-01,2014,1,1,1,ami,all,all,hospital_registered,quarterly_same_quarter_previous_5yr_mean,,,count,,,4,insufficient_history,bnr_sdc_v1,0,0,cvd_2023_12,,,,not_applicable,0,0,0,none,No disclosure restriction identified.,No disclosure restriction identified.
CVD-BURDEN-001,cvd_2024_01,quarterly,2014_q1,2014-01-01,2014,1,1,1,ami,female,all,hospital_registered,quarterly_count,26,26,count,26,,,final,bnr_sdc_v1,0,0,cvd_2023_12,,,,not_applicable,0,0,0,none,No disclosure restriction identified.,No disclosure restriction identified.
CVD-BURDEN-001,cvd_2024_01,quarterly,2014_q1,2014-01-01,2014,1,1,1,ami,female,all,hospital_registered,quarterly_same_quarter_previous_5yr_mean,,,count,,,4,insufficient_history,bnr_sdc_v1,0,0,cvd_2023_12,,,,not_applicable,0,0,0,none,No disclosure restriction identified.,No disclosure restriction identified.
CVD-BURDEN-001,cvd_2024_01,quarterly,2014_q1,2014-01-01,2014,1,1,1,ami,male,all,hospital_registered,quarterly_count,32,32,count,32,,,final,bnr_sdc_v1,0,0,cvd_2023_12,,,,not_applicable,0,0,0,none,No disclosure restriction identified.,No disclosure restriction identified.
CVD-BURDEN-001,cvd_2024_01,quarterly,2014_q1,2014-01-01,2014,1,1,1,ami,male,all,hospital_registered,quarterly_same_quarter_previous_5yr_mean,,,count,,,4,insufficient_history,bnr_sdc_v1,0,0,cvd_2023_12,,,,not_applicable,0,0,0,none,No disclosure restriction identified.,No disclosure restriction identified.
CVD-BURDEN-001,cvd_2024_01,quarterly,2014_q1,2014-01-01,2014,1,1,1,stroke,all,all,hospital_registered,quarterly_count,129,129,count,129,,,final,bnr_sdc_v1,0,0,cvd_2023_12,,,,not_applicable,0,0,0,none,No disclosure restriction identified.,No disclosure restriction identified.
CVD-BURDEN-001,cvd_2024_01,quarterly,2014_q1,2014-01-01,2014,1,1,1,stroke,all,all,hospital_registered,quarterly_same_quarter_previous_5yr_mean,,,count,,,4,insufficient_history,bnr_sdc_v1,0,0,cvd_2023_12,,,,not_applicable,0,0,0,none,No disclosure restriction identified.,No disclosure restriction identified.
CVD-BURDEN-001,cvd_2024_01,quarterly,2014_q1,2014-01-01,2014,1,1,1,stroke,female,all,hospital_registered,quarterly_count,66,66,count,66,,,final,bnr_sdc_v1,0,0,cvd_2023_12,,,,not_applicable,0,0,0,none,No disclosure restriction identified.,No disclosure restriction identified.
CVD-BURDEN-001,cvd_2024_01,quarterly,2014_q1,2014-01-01,2014,1,1,1,stroke,female,all,hospital_registered,quarterly_same_quarter_previous_5yr_mean,,,count,,,4,insufficient_history,bnr_sdc_v1,0,0,cvd_2023_12,,,,not_applicable,0,0,0,none,No disclosure restriction identified.,No disclosure restriction identified.
CVD-BURDEN-001,cvd_2024_01,quarterly,2014_q1,2014-01-01,2014,1,1,1,stroke,male,all,hospital_registered,quarterly_count,63,63,count,63,,,final,bnr_sdc_v1,0,0,cvd_2023_12,,,,not_applicable,0,0,0,none,No disclosure restriction identified.,No disclosure restriction identified.
CVD-BURDEN-001,cvd_2024_01,quarterly,2014_q1,2014-01-01,2014,1,1,1,stroke,male,all,hospital_registered,quarterly_same_quarter_previous_5yr_mean,,,count,,,4,insufficient_history,bnr_sdc_v1,0,0,cvd_2023_12,,,,not_applicable,0,0,0,none,No disclosure restriction identified.,No disclosure restriction identified.
CVD-BURDEN-001,cvd_2024_01,quarterly,2014_q2,2014-04-01,2014,4,2,1,all_cvd,all,all,hospital_registered,quarterly_count,162,162,count,162,,,final,bnr_sdc_v1,0,0,cvd_2023_12,,,,not_applicable,0,0,0,none,No disclosure restriction identified.,No disclosure restriction identified.
CVD-BURDEN-001,cvd_2024_01,quarterly,2014_q2,2014-04-01,2014,4,2,1,all_cvd,all,all,hospital_registered,quarterly_same_quarter_previous_5yr_mean,,,count,,,4,insufficient_history,bnr_sdc_v1,0,0,cvd_2023_12,,,,not_applicable,0,0,0,none,No disclosure restriction identified.,No disclosure restriction identified.
CVD-BURDEN-001,cvd_2024_01,quarterly,2014_q2,2014-04-01,2014,4,2,1,all_cvd,female,all,hospital_registered,quarterly_count,86,86,count,86,,,final,bnr_sdc_v1,0,0,cvd_2023_12,,,,not_applicable,0,0,0,none,No disclosure restriction identified.,No disclosure restriction identified.
CVD-BURDEN-001,cvd_2024_01,quarterly,2014_q2,2014-04-01,2014,4,2,1,all_cvd,female,all,hospital_registered,quarterly_same_quarter_previous_5yr_mean,,,count,,,4,insufficient_history,bnr_sdc_v1,0,0,cvd_2023_12,,,,not_applicable,0,0,0,none,No disclosure restriction identified.,No disclosure restriction identified.
CVD-BURDEN-001,cvd_2024_01,quarterly,2014_q2,2014-04-01,2014,4,2,1,all_cvd,male,all,hospital_registered,quarterly_count,76,76,count,76,,,final,bnr_sdc_v1,0,0,cvd_2023_12,,,,not_applicable,0,0,0,none,No disclosure restriction identified.,No disclosure restriction identified.
CVD-BURDEN-001,cvd_2024_01,quarterly,2014_q2,2014-04-01,2014,4,2,1,all_cvd,male,all,hospital_registered,quarterly_same_quarter_previous_5yr_mean,,,count,,,4,insufficient_history,bnr_sdc_v1,0,0,cvd_2023_12,,,,not_applicable,0,0,0,none,No disclosure restriction identified.,No disclosure restriction identified.
CVD-BURDEN-001,cvd_2024_01,quarterly,2014_q2,2014-04-01,2014,4,2,1,ami,all,all,hospital_registered,quarterly_count,50,50,count,50,,,final,bnr_sdc_v1,0,0,cvd_2023_12,,,,not_applicable,0,0,0,none,No disclosure restriction identified.,No disclosure restriction identified.
CVD-BURDEN-001,cvd_2024_01,quarterly,2014_q2,2014-04-01,2014,4,2,1,ami,all,all,hospital_registered,quarterly_same_quarter_previous_5yr_mean,,,count,,,4,insufficient_history,bnr_sdc_v1,0,0,cvd_2023_12,,,,not_applicable,0,0,0,none,No disclosure restriction identified.,No disclosure restriction identified.
CVD-BURDEN-001,cvd_2024_01,quarterly,2014_q2,2014-04-01,2014,4,2,1,ami,female,all,hospital_registered,quarterly_count,24,24,count,24,,,final,bnr_sdc_v1,0,0,cvd_2023_12,,,,not_applicable,0,0,0,none,No disclosure restriction identified.,No disclosure restriction identified.
CVD-BURDEN-001,cvd_2024_01,quarterly,2014_q2,2014-04-01,2014,4,2,1,ami,female,all,hospital_registered,quarterly_same_quarter_previous_5yr_mean,,,count,,,4,insufficient_history,bnr_sdc_v1,0,0,cvd_2023_12,,,,not_applicable,0,0,0,none,No disclosure restriction identified.,No disclosure restriction identified.
CVD-BURDEN-001,cvd_2024_01,quarterly,2014_q2,2014-04-01,2014,4,2,1,ami,male,all,hospital_registered,quarterly_count,26,26,count,26,,,final,bnr_sdc_v1,0,0,cvd_2023_12,,,,not_applicable,0,0,0,none,No disclosure restriction identified.,No disclosure restriction identified.
CVD-BURDEN-001,cvd_2024_01,quarterly,2014_q2,2014-04-01,2014,4,2,1,ami,male,all,hospital_registered,quarterly_same_quarter_previous_5yr_mean,,,count,,,4,insufficient_history,bnr_sdc_v1,0,0,cvd_2023_12,,,,not_applicable,0,0,0,none,No disclosure restriction identified.,No disclosure restriction identified.
CVD-BURDEN-001,cvd_2024_01,quarterly,2014_q2,2014-04-01,2014,4,2,1,stroke,all,all,hospital_registered,quarterly_count,112,112,count,112,,,final,bnr_sdc_v1,0,0,cvd_2023_12,,,,not_applicable,0,0,0,none,No disclosure restriction identified.,No disclosure restriction identified.
CVD-BURDEN-001,cvd_2024_01,quarterly,2014_q2,2014-04-01,2014,4,2,1,stroke,all,all,hospital_registered,quarterly_same_quarter_previous_5yr_mean,,,count,,,4,insufficient_history,bnr_sdc_v1,0,0,cvd_2023_12,,,,not_applicable,0,0,0,none,No disclosure restriction identified.,No disclosure restriction identified.
CVD-BURDEN-001,cvd_2024_01,quarterly,2014_q2,2014-04-01,2014,4,2,1,stroke,female,all,hospital_registered,quarterly_count,62,62,count,62,,,final,bnr_sdc_v1,0,0,cvd_2023_12,,,,not_applicable,0,0,0,none,No disclosure restriction identified.,No disclosure restriction identified.
CVD-BURDEN-001,cvd_2024_01,quarterly,2014_q2,2014-04-01,2014,4,2,1,stroke,female,all,hospital_registered,quarterly_same_quarter_previous_5yr_mean,,,count,,,4,insufficient_history,bnr_sdc_v1,0,0,cvd_2023_12,,,,not_applicable,0,0,0,none,No disclosure restriction identified.,No disclosure restriction identified.
CVD-BURDEN-001,cvd_2024_01,quarterly,2014_q2,2014-04-01,2014,4,2,1,stroke,male,all,hospital_registered,quarterly_count,50,50,count,50,,,final,bnr_sdc_v1,0,0,cvd_2023_12,,,,not_applicable,0,0,0,none,No disclosure restriction identified.,No disclosure restriction identified.
CVD-BURDEN-001,cvd_2024_01,quarterly,2014_q2,2014-04-01,2014,4,2,1,stroke,male,all,hospital_registered,quarterly_same_quarter_previous_5yr_mean,,,count,,,4,insufficient_history,bnr_sdc_v1,0,0,cvd_2023_12,,,,not_applicable,0,0,0,none,No disclosure restriction identified.,No disclosure restriction identified.
CVD-BURDEN-001,cvd_2024_01,quarterly,2014_q3,2014-07-01,2014,7,3,1,all_cvd,all,all,hospital_registered,quarterly_count,181,181,count,181,,,final,bnr_sdc_v1,0,0,cvd_2023_12,,,,not_applicable,0,0,0,none,No disclosure restriction identified.,No disclosure restriction identified.
CVD-BURDEN-001,cvd_2024_01,quarterly,2014_q3,2014-07-01,2014,7,3,1,all_cvd,all,all,hospital_registered,quarterly_same_quarter_previous_5yr_mean,,,count,,,4,insufficient_history,bnr_sdc_v1,0,0,cvd_2023_12,,,,not_applicable,0,0,0,none,No disclosure restriction identified.,No disclosure restriction identified.
CVD-BURDEN-001,cvd_2024_01,quarterly,2014_q3,2014-07-01,2014,7,3,1,all_cvd,female,all,hospital_registered,quarterly_count,91,91,count,91,,,final,bnr_sdc_v1,0,0,cvd_2023_12,,,,not_applicable,0,0,0,none,No disclosure restriction identified.,No disclosure restriction identified.
CVD-BURDEN-001,cvd_2024_01,quarterly,2014_q3,2014-07-01,2014,7,3,1,all_cvd,female,all,hospital_registered,quarterly_same_quarter_previous_5yr_mean,,,count,,,4,insufficient_history,bnr_sdc_v1,0,0,cvd_2023_12,,,,not_applicable,0,0,0,none,No disclosure restriction identified.,No disclosure restriction identified.
CVD-BURDEN-001,cvd_2024_01,quarterly,2014_q3,2014-07-01,2014,7,3,1,all_cvd,male,all,hospital_registered,quarterly_count,90,90,count,90,,,final,bnr_sdc_v1,0,0,cvd_2023_12,,,,not_applicable,0,0,0,none,No disclosure restriction identified.,No disclosure restriction identified.
CVD-BURDEN-001,cvd_2024_01,quarterly,2014_q3,2014-07-01,2014,7,3,1,all_cvd,male,all,hospital_registered,quarterly_same_quarter_previous_5yr_mean,,,count,,,4,insufficient_history,bnr_sdc_v1,0,0,cvd_2023_12,,,,not_applicable,0,0,0,none,No disclosure restriction identified.,No disclosure restriction identified.
CVD-BURDEN-001,cvd_2024_01,quarterly,2014_q3,2014-07-01,2014,7,3,1,ami,all,all,hospital_registered,quarterly_count,62,62,count,62,,,final,bnr_sdc_v1,0,0,cvd_2023_12,,,,not_applicable,0,0,0,none,No disclosure restriction identified.,No disclosure restriction identified.
CVD-BURDEN-001,cvd_2024_01,quarterly,2014_q3,2014-07-01,2014,7,3,1,ami,all,all,hospital_registered,quarterly_same_quarter_previous_5yr_mean,,,count,,,4,insufficient_history,bnr_sdc_v1,0,0,cvd_2023_12,,,,not_applicable,0,0,0,none,No disclosure restriction identified.,No disclosure restriction identified.
CVD-BURDEN-001,cvd_2024_01,quarterly,2014_q3,2014-07-01,2014,7,3,1,ami,female,all,hospital_registered,quarterly_count,30,30,count,30,,,final,bnr_sdc_v1,0,0,cvd_2023_12,,,,not_applicable,0,0,0,none,No disclosure restriction identified.,No disclosure restriction identified.
CVD-BURDEN-001,cvd_2024_01,quarterly,2014_q3,2014-07-01,2014,7,3,1,ami,female,all,hospital_registered,quarterly_same_quarter_previous_5yr_mean,,,count,,,4,insufficient_history,bnr_sdc_v1,0,0,cvd_2023_12,,,,not_applicable,0,0,0,none,No disclosure restriction identified.,No disclosure restriction identified.
CVD-BURDEN-001,cvd_2024_01,quarterly,2014_q3,2014-07-01,2014,7,3,1,ami,male,all,hospital_registered,quarterly_count,32,32,count,32,,,final,bnr_sdc_v1,0,0,cvd_2023_12,,,,not_applicable,0,0,0,none,No disclosure restriction identified.,No disclosure restriction identified.
CVD-BURDEN-001,cvd_2024_01,quarterly,2014_q3,2014-07-01,2014,7,3,1,ami,male,all,hospital_registered,quarterly_same_quarter_previous_5yr_mean,,,count,,,4,insufficient_history,bnr_sdc_v1,0,0,cvd_2023_12,,,,not_applicable,0,0,0,none,No disclosure restriction identified.,No disclosure restriction identified.
CVD-BURDEN-001,cvd_2024_01,quarterly,2014_q3,2014-07-01,2014,7,3,1,stroke,all,all,hospital_registered,quarterly_count,119,119,count,119,,,final,bnr_sdc_v1,0,0,cvd_2023_12,,,,not_applicable,0,0,0,none,No disclosure restriction identified.,No disclosure restriction identified.
CVD-BURDEN-001,cvd_2024_01,quarterly,2014_q3,2014-07-01,2014,7,3,1,stroke,all,all,hospital_registered,quarterly_same_quarter_previous_5yr_mean,,,count,,,4,insufficient_history,bnr_sdc_v1,0,0,cvd_2023_12,,,,not_applicable,0,0,0,none,No disclosure restriction identified.,No disclosure restriction identified.
CVD-BURDEN-001,cvd_2024_01,quarterly,2014_q3,2014-07-01,2014,7,3,1,stroke,female,all,hospital_registered,quarterly_count,61,61,count,61,,,final,bnr_sdc_v1,0,0,cvd_2023_12,,,,not_applicable,0,0,0,none,No disclosure restriction identified.,No disclosure restriction identified.
CVD-BURDEN-001,cvd_2024_01,quarterly,2014_q3,2014-07-01,2014,7,3,1,stroke,female,all,hospital_registered,quarterly_same_quarter_previous_5yr_mean,,,count,,,4,insufficient_history,bnr_sdc_v1,0,0,cvd_2023_12,,,,not_applicable,0,0,0,none,No disclosure restriction identified.,No disclosure restriction identified.
CVD-BURDEN-001,cvd_2024_01,quarterly,2014_q3,2014-07-01,2014,7,3,1,stroke,male,all,hospital_registered,quarterly_count,58,58,count,58,,,final,bnr_sdc_v1,0,0,cvd_2023_12,,,,not_applicable,0,0,0,none,No disclosure restriction identified.,No disclosure restriction identified.
CVD-BURDEN-001,cvd_2024_01,quarterly,2014_q3,2014-07-01,2014,7,3,1,stroke,male,all,hospital_registered,quarterly_same_quarter_previous_5yr_mean,,,count,,,4,insufficient_history,bnr_sdc_v1,0,0,cvd_2023_12,,,,not_applicable,0,0,0,none,No disclosure restriction identified.,No disclosure restriction identified.
CVD-BURDEN-001,cvd_2024_01,quarterly,2014_q4,2014-10-01,2014,10,4,1,all_cvd,all,all,hospital_registered,quarterly_count,185,185,count,185,,,final,bnr_sdc_v1,0,0,cvd_2023_12,,,,not_applicable,0,0,0,none,No disclosure restriction identified.,No disclosure restriction identified.
CVD-BURDEN-001,cvd_2024_01,quarterly,2014_q4,2014-10-01,2014,10,4,1,all_cvd,all,all,hospital_registered,quarterly_same_quarter_previous_5yr_mean,,,count,,,4,insufficient_history,bnr_sdc_v1,0,0,cvd_2023_12,,,,not_applicable,0,0,0,none,No disclosure restriction identified.,No disclosure restriction identified.
CVD-BURDEN-001,cvd_2024_01,quarterly,2014_q4,2014-10-01,2014,10,4,1,all_cvd,female,all,hospital_registered,quarterly_count,100,100,count,100,,,final,bnr_sdc_v1,0,0,cvd_2023_12,,,,not_applicable,0,0,0,none,No disclosure restriction identified.,No disclosure restriction identified.
CVD-BURDEN-001,cvd_2024_01,quarterly,2014_q4,2014-10-01,2014,10,4,1,all_cvd,female,all,hospital_registered,quarterly_same_quarter_previous_5yr_mean,,,count,,,4,insufficient_history,bnr_sdc_v1,0,0,cvd_2023_12,,,,not_applicable,0,0,0,none,No disclosure restriction identified.,No disclosure restriction identified.
CVD-BURDEN-001,cvd_2024_01,quarterly,2014_q4,2014-10-01,2014,10,4,1,all_cvd,male,all,hospital_registered,quarterly_count,85,85,count,85,,,final,bnr_sdc_v1,0,0,cvd_2023_12,,,,not_applicable,0,0,0,none,No disclosure restriction identified.,No disclosure restriction identified.
CVD-BURDEN-001,cvd_2024_01,quarterly,2014_q4,2014-10-01,2014,10,4,1,all_cvd,male,all,hospital_registered,quarterly_same_quarter_previous_5yr_mean,,,count,,,4,insufficient_history,bnr_sdc_v1,0,0,cvd_2023_12,,,,not_applicable,0,0,0,none,No disclosure restriction identified.,No disclosure restriction identified.
CVD-BURDEN-001,cvd_2024_01,quarterly,2014_q4,2014-10-01,2014,10,4,1,ami,all,all,hospital_registered,quarterly_count,64,64,count,64,,,final,bnr_sdc_v1,0,0,cvd_2023_12,,,,not_applicable,0,0,0,none,No disclosure restriction identified.,No disclosure restriction identified.
CVD-BURDEN-001,cvd_2024_01,quarterly,2014_q4,2014-10-01,2014,10,4,1,ami,all,all,hospital_registered,quarterly_same_quarter_previous_5yr_mean,,,count,,,4,insufficient_history,bnr_sdc_v1,0,0,cvd_2023_12,,,,not_applicable,0,0,0,none,No disclosure restriction identified.,No disclosure restriction identified.
CVD-BURDEN-001,cvd_2024_01,quarterly,2014_q4,2014-10-01,2014,10,4,1,ami,female,all,hospital_registered,quarterly_count,29,29,count,29,,,final,bnr_sdc_v1,0,0,cvd_2023_12,,,,not_applicable,0,0,0,none,No disclosure restriction identified.,No disclosure restriction identified.
CVD-BURDEN-001,cvd_2024_01,quarterly,2014_q4,2014-10-01,2014,10,4,1,ami,female,all,hospital_registered,quarterly_same_quarter_previous_5yr_mean,,,count,,,4,insufficient_history,bnr_sdc_v1,0,0,cvd_2023_12,,,,not_applicable,0,0,0,none,No disclosure restriction identified.,No disclosure restriction identified.
CVD-BURDEN-001,cvd_2024_01,quarterly,2014_q4,2014-10-01,2014,10,4,1,ami,male,all,hospital_registered,quarterly_count,35,35,count,35,,,final,bnr_sdc_v1,0,0,cvd_2023_12,,,,not_applicable,0,0,0,none,No disclosure restriction identified.,No disclosure restriction identified.
CVD-BURDEN-001,cvd_2024_01,quarterly,2014_q4,2014-10-01,2014,10,4,1,ami,male,all,hospital_registered,quarterly_same_quarter_previous_5yr_mean,,,count,,,4,insufficient_history,bnr_sdc_v1,0,0,cvd_2023_12,,,,not_applicable,0,0,0,none,No disclosure restriction identified.,No disclosure restriction identified.
CVD-BURDEN-001,cvd_2024_01,quarterly,2014_q4,2014-10-01,2014,10,4,1,stroke,all,all,hospital_registered,quarterly_count,121,121,count,121,,,final,bnr_sdc_v1,0,0,cvd_2023_12,,,,not_applicable,0,0,0,none,No disclosure restriction identified.,No disclosure restriction identified.
CVD-BURDEN-001,cvd_2024_01,quarterly,2014_q4,2014-10-01,2014,10,4,1,stroke,all,all,hospital_registered,quarterly_same_quarter_previous_5yr_mean,,,count,,,4,insufficient_history,bnr_sdc_v1,0,0,cvd_2023_12,,,,not_applicable,0,0,0,none,No disclosure restriction identified.,No disclosure restriction identified.
CVD-BURDEN-001,cvd_2024_01,quarterly,2014_q4,2014-10-01,2014,10,4,1,stroke,female,all,hospital_registered,quarterly_count,71,71,count,71,,,final,bnr_sdc_v1,0,0,cvd_2023_12,,,,not_applicable,0,0,0,none,No disclosure restriction identified.,No disclosure restriction identified.
CVD-BURDEN-001,cvd_2024_01,quarterly,2014_q4,2014-10-01,2014,10,4,1,stroke,female,all,hospital_registered,quarterly_same_quarter_previous_5yr_mean,,,count,,,4,insufficient_history,bnr_sdc_v1,0,0,cvd_2023_12,,,,not_applicable,0,0,0,none,No disclosure restriction identified.,No disclosure restriction identified.
CVD-BURDEN-001,cvd_2024_01,quarterly,2014_q4,2014-10-01,2014,10,4,1,stroke,male,all,hospital_registered,quarterly_count,50,50,count,50,,,final,bnr_sdc_v1,0,0,cvd_2023_12,,,,not_applicable,0,0,0,none,No disclosure restriction identified.,No disclosure restriction identified.
CVD-BURDEN-001,cvd_2024_01,quarterly,2014_q4,2014-10-01,2014,10,4,1,stroke,male,all,hospital_registered,quarterly_same_quarter_previous_5yr_mean,,,count,,,4,insufficient_history,bnr_sdc_v1,0,0,cvd_2023_12,,,,not_applicable,0,0,0,none,No disclosure restriction identified.,No disclosure restriction identified.
CVD-BURDEN-001,cvd_2024_01,quarterly,2015_q1,2015-01-01,2015,1,1,1,all_cvd,all,all,hospital_registered,quarterly_count,197,197,count,197,,,final,bnr_sdc_v1,0,0,cvd_2023_12,,,,not_applicable,0,0,0,none,No disclosure restriction identified.,No disclosure restriction identified.
CVD-BURDEN-001,cvd_2024_01,quarterly,2015_q1,2015-01-01,2015,1,1,1,all_cvd,all,all,hospital_registered,quarterly_same_quarter_previous_5yr_mean,160,160,count,800,,5,final,bnr_sdc_v1,0,0,cvd_2023_12,,,,not_applicable,0,0,0,none,No disclosure restriction identified.,No disclosure restriction identified.
CVD-BURDEN-001,cvd_2024_01,quarterly,2015_q1,2015-01-01,2015,1,1,1,all_cvd,female,all,hospital_registered,quarterly_count,98,98,count,98,,,final,bnr_sdc_v1,0,0,cvd_2023_12,,,,not_applicable,0,0,0,none,No disclosure restriction identified.,No disclosure restriction identified.
CVD-BURDEN-001,cvd_2024_01,quarterly,2015_q1,2015-01-01,2015,1,1,1,all_cvd,female,all,hospital_registered,quarterly_same_quarter_previous_5yr_mean,80.2,80.2,count,401,,5,final,bnr_sdc_v1,0,0,cvd_2023_12,,,,not_applicable,0,0,0,none,No disclosure restriction identified.,No disclosure restriction identified.
CVD-BURDEN-001,cvd_2024_01,quarterly,2015_q1,2015-01-01,2015,1,1,1,all_cvd,male,all,hospital_registered,quarterly_count,99,99,count,99,,,final,bnr_sdc_v1,0,0,cvd_2023_12,,,,not_applicable,0,0,0,none,No disclosure restriction identified.,No disclosure restriction identified.
CVD-BURDEN-001,cvd_2024_01,quarterly,2015_q1,2015-01-01,2015,1,1,1,all_cvd,male,all,hospital_registered,quarterly_same_quarter_previous_5yr_mean,79.8,79.8,count,399,,5,final,bnr_sdc_v1,0,0,cvd_2023_12,,,,not_applicable,0,0,0,none,No disclosure restriction identified.,No disclosure restriction identified.
CVD-BURDEN-001,cvd_2024_01,quarterly,2015_q1,2015-01-01,2015,1,1,1,ami,all,all,hospital_registered,quarterly_count,62,62,count,62,,,final,bnr_sdc_v1,0,0,cvd_2023_12,,,,not_applicable,0,0,0,none,No disclosure restriction identified.,No disclosure restriction identified.
CVD-BURDEN-001,cvd_2024_01,quarterly,2015_q1,2015-01-01,2015,1,1,1,ami,all,all,hospital_registered,quarterly_same_quarter_previous_5yr_mean,41.8,41.8,count,209,,5,final,bnr_sdc_v1,0,0,cvd_2023_12,,,,not_applicable,0,0,0,none,No disclosure restriction identified.,No disclosure restriction identified.
CVD-BURDEN-001,cvd_2024_01,quarterly,2015_q1,2015-01-01,2015,1,1,1,ami,female,all,hospital_registered,quarterly_count,30,30,count,30,,,final,bnr_sdc_v1,0,0,cvd_2023_12,,,,not_applicable,0,0,0,none,No disclosure restriction identified.,No disclosure restriction identified.
CVD-BURDEN-001,cvd_2024_01,quarterly,2015_q1,2015-01-01,2015,1,1,1,ami,female,all,hospital_registered,quarterly_same_quarter_previous_5yr_mean,17.4,17.4,count,87,,5,final,bnr_sdc_v1,0,0,cvd_2023_12,,,,not_applicable,0,0,0,none,No disclosure restriction identified.,No disclosure restriction identified.
CVD-BURDEN-001,cvd_2024_01,quarterly,2015_q1,2015-01-01,2015,1,1,1,ami,male,all,hospital_registered,quarterly_count,32,32,count,32,,,final,bnr_sdc_v1,0,0,cvd_2023_12,,,,not_applicable,0,0,0,none,No disclosure restriction identified.,No disclosure restriction identified.
CVD-BURDEN-001,cvd_2024_01,quarterly,2015_q1,2015-01-01,2015,1,1,1,ami,male,all,hospital_registered,quarterly_same_quarter_previous_5yr_mean,24.4,24.4,count,122,,5,final,bnr_sdc_v1,0,0,cvd_2023_12,,,,not_applicable,0,0,0,none,No disclosure restriction identified.,No disclosure restriction identified.
CVD-BURDEN-001,cvd_2024_01,quarterly,2015_q1,2015-01-01,2015,1,1,1,stroke,all,all,hospital_registered,quarterly_count,135,135,count,135,,,final,bnr_sdc_v1,0,0,cvd_2023_12,,,,not_applicable,0,0,0,none,No disclosure restriction identified.,No disclosure restriction identified.
CVD-BURDEN-001,cvd_2024_01,quarterly,2015_q1,2015-01-01,2015,1,1,1,stroke,all,all,hospital_registered,quarterly_same_quarter_previous_5yr_mean,118.2,118.2,count,591,,5,final,bnr_sdc_v1,0,0,cvd_2023_12,,,,not_applicable,0,0,0,none,No disclosure restriction identified.,No disclosure restriction identified.
CVD-BURDEN-001,cvd_2024_01,quarterly,2015_q1,2015-01-01,2015,1,1,1,stroke,female,all,hospital_registered,quarterly_count,68,68,count,68,,,final,bnr_sdc_v1,0,0,cvd_2023_12,,,,not_applicable,0,0,0,none,No disclosure restriction identified.,No disclosure restriction identified.
CVD-BURDEN-001,cvd_2024_01,quarterly,2015_q1,2015-01-01,2015,1,1,1,stroke,female,all,hospital_registered,quarterly_same_quarter_previous_5yr_mean,62.8,62.8,count,314,,5,final,bnr_sdc_v1,0,0,cvd_2023_12,,,,not_applicable,0,0,0,none,No disclosure restriction identified.,No disclosure restriction identified.
CVD-BURDEN-001,cvd_2024_01,quarterly,2015_q1,2015-01-01,2015,1,1,1,stroke,male,all,hospital_registered,quarterly_count,67,67,count,67,,,final,bnr_sdc_v1,0,0,cvd_2023_12,,,,not_applicable,0,0,0,none,No disclosure restriction identified.,No disclosure restriction identified.
CVD-BURDEN-001,cvd_2024_01,quarterly,2015_q1,2015-01-01,2015,1,1,1,stroke,male,all,hospital_registered,quarterly_same_quarter_previous_5yr_mean,55.4,55.4,count,277,,5,final,bnr_sdc_v1,0,0,cvd_2023_12,,,,not_applicable,0,0,0,none,No disclosure restriction identified.,No disclosure restriction identified.
CVD-BURDEN-001,cvd_2024_01,quarterly,2015_q2,2015-04-01,2015,4,2,1,all_cvd,all,all,hospital_registered,quarterly_count,159,159,count,159,,,final,bnr_sdc_v1,0,0,cvd_2023_12,,,,not_applicable,0,0,0,none,No disclosure restriction identified.,No disclosure restriction identified.
CVD-BURDEN-001,cvd_2024_01,quarterly,2015_q2,2015-04-01,2015,4,2,1,all_cvd,all,all,hospital_registered,quarterly_same_quarter_previous_5yr_mean,147.8,147.8,count,739,,5,final,bnr_sdc_v1,0,0,cvd_2023_12,,,,not_applicable,0,0,0,none,No disclosure restriction identified.,No disclosure restriction identified.
CVD-BURDEN-001,cvd_2024_01,quarterly,2015_q2,2015-04-01,2015,4,2,1,all_cvd,female,all,hospital_registered,quarterly_count,73,73,count,73,,,final,bnr_sdc_v1,0,0,cvd_2023_12,,,,not_applicable,0,0,0,none,No disclosure restriction identified.,No disclosure restriction identified.
CVD-BURDEN-001,cvd_2024_01,quarterly,2015_q2,2015-04-01,2015,4,2,1,all_cvd,female,all,hospital_registered,quarterly_same_quarter_previous_5yr_mean,74,74,count,370,,5,final,bnr_sdc_v1,0,0,cvd_2023_12,,,,not_applicable,0,0,0,none,No disclosure restriction identified.,No disclosure restriction identified.
CVD-BURDEN-001,cvd_2024_01,quarterly,2015_q2,2015-04-01,2015,4,2,1,all_cvd,male,all,hospital_registered,quarterly_count,86,86,count,86,,,final,bnr_sdc_v1,0,0,cvd_2023_12,,,,not_applicable,0,0,0,none,No disclosure restriction identified.,No disclosure restriction identified.
CVD-BURDEN-001,cvd_2024_01,quarterly,2015_q2,2015-04-01,2015,4,2,1,all_cvd,male,all,hospital_registered,quarterly_same_quarter_previous_5yr_mean,73.8,73.8,count,369,,5,final,bnr_sdc_v1,0,0,cvd_2023_12,,,,not_applicable,0,0,0,none,No disclosure restriction identified.,No disclosure restriction identified.
CVD-BURDEN-001,cvd_2024_01,quarterly,2015_q2,2015-04-01,2015,4,2,1,ami,all,all,hospital_registered,quarterly_count,53,53,count,53,,,final,bnr_sdc_v1,0,0,cvd_2023_12,,,,not_applicable,0,0,0,none,No disclosure restriction identified.,No disclosure restriction identified.
CVD-BURDEN-001,cvd_2024_01,quarterly,2015_q2,2015-04-01,2015,4,2,1,ami,all,all,hospital_registered,quarterly_same_quarter_previous_5yr_mean,37.4,37.4,count,187,,5,final,bnr_sdc_v1,0,0,cvd_2023_12,,,,not_applicable,0,0,0,none,No disclosure restriction identified.,No disclosure restriction identified.
CVD-BURDEN-001,cvd_2024_01,quarterly,2015_q2,2015-04-01,2015,4,2,1,ami,female,all,hospital_registered,quarterly_count,22,22,count,22,,,final,bnr_sdc_v1,0,0,cvd_2023_12,,,,not_applicable,0,0,0,none,No disclosure restriction identified.,No disclosure restriction identified.
CVD-BURDEN-001,cvd_2024_01,quarterly,2015_q2,2015-04-01,2015,4,2,1,ami,female,all,hospital_registered,quarterly_same_quarter_previous_5yr_mean,17,17,count,85,,5,final,bnr_sdc_v1,0,0,cvd_2023_12,,,,not_applicable,0,0,0,none,No disclosure restriction identified.,No disclosure restriction identified.
CVD-BURDEN-001,cvd_2024_01,quarterly,2015_q2,2015-04-01,2015,4,2,1,ami,male,all,hospital_registered,quarterly_count,31,31,count,31,,,final,bnr_sdc_v1,0,0,cvd_2023_12,,,,not_applicable,0,0,0,none,No disclosure restriction identified.,No disclosure restriction identified.
CVD-BURDEN-001,cvd_2024_01,quarterly,2015_q2,2015-04-01,2015,4,2,1,ami,male,all,hospital_registered,quarterly_same_quarter_previous_5yr_mean,20.4,20.4,count,102,,5,final,bnr_sdc_v1,0,0,cvd_2023_12,,,,not_applicable,0,0,0,none,No disclosure restriction identified.,No disclosure restriction identified.
CVD-BURDEN-001,cvd_2024_01,quarterly,2015_q2,2015-04-01,2015,4,2,1,stroke,all,all,hospital_registered,quarterly_count,106,106,count,106,,,final,bnr_sdc_v1,0,0,cvd_2023_12,,,,not_applicable,0,0,0,none,No disclosure restriction identified.,No disclosure restriction identified.
CVD-BURDEN-001,cvd_2024_01,quarterly,2015_q2,2015-04-01,2015,4,2,1,stroke,all,all,hospital_registered,quarterly_same_quarter_previous_5yr_mean,110.4,110.4,count,552,,5,final,bnr_sdc_v1,0,0,cvd_2023_12,,,,not_applicable,0,0,0,none,No disclosure restriction identified.,No disclosure restriction identified.
CVD-BURDEN-001,cvd_2024_01,quarterly,2015_q2,2015-04-01,2015,4,2,1,stroke,female,all,hospital_registered,quarterly_count,51,51,count,51,,,final,bnr_sdc_v1,0,0,cvd_2023_12,,,,not_applicable,0,0,0,none,No disclosure restriction identified.,No disclosure restriction identified.
CVD-BURDEN-001,cvd_2024_01,quarterly,2015_q2,2015-04-01,2015,4,2,1,stroke,female,all,hospital_registered,quarterly_same_quarter_previous_5yr_mean,57,57,count,285,,5,final,bnr_sdc_v1,0,0,cvd_2023_12,,,,not_applicable,0,0,0,none,No disclosure restriction identified.,No disclosure restriction identified.
CVD-BURDEN-001,cvd_2024_01,quarterly,2015_q2,2015-04-01,2015,4,2,1,stroke,male,all,hospital_registered,quarterly_count,55,55,count,55,,,final,bnr_sdc_v1,0,0,cvd_2023_12,,,,not_applicable,0,0,0,none,No disclosure restriction identified.,No disclosure restriction identified.
CVD-BURDEN-001,cvd_2024_01,quarterly,2015_q2,2015-04-01,2015,4,2,1,stroke,male,all,hospital_registered,quarterly_same_quarter_previous_5yr_mean,53.4,53.4,count,267,,5,final,bnr_sdc_v1,0,0,cvd_2023_12,,,,not_applicable,0,0,0,none,No disclosure restriction identified.,No disclosure restriction identified.
CVD-BURDEN-001,cvd_2024_01,quarterly,2015_q3,2015-07-01,2015,7,3,1,all_cvd,all,all,hospital_registered,quarterly_count,162,162,count,162,,,final,bnr_sdc_v1,0,0,cvd_2023_12,,,,not_applicable,0,0,0,none,No disclosure restriction identified.,No disclosure restriction identified.
CVD-BURDEN-001,cvd_2024_01,quarterly,2015_q3,2015-07-01,2015,7,3,1,all_cvd,all,all,hospital_registered,quarterly_same_quarter_previous_5yr_mean,148.4,148.4,count,742,,5,final,bnr_sdc_v1,0,0,cvd_2023_12,,,,not_applicable,0,0,0,none,No disclosure restriction identified.,No disclosure restriction identified.
CVD-BURDEN-001,cvd_2024_01,quarterly,2015_q3,2015-07-01,2015,7,3,1,all_cvd,female,all,hospital_registered,quarterly_count,89,89,count,89,,,final,bnr_sdc_v1,0,0,cvd_2023_12,,,,not_applicable,0,0,0,none,No disclosure restriction identified.,No disclosure restriction identified.
CVD-BURDEN-001,cvd_2024_01,quarterly,2015_q3,2015-07-01,2015,7,3,1,all_cvd,female,all,hospital_registered,quarterly_same_quarter_previous_5yr_mean,76.2,76.2,count,381,,5,final,bnr_sdc_v1,0,0,cvd_2023_12,,,,not_applicable,0,0,0,none,No disclosure restriction identified.,No disclosure restriction identified.
CVD-BURDEN-001,cvd_2024_01,quarterly,2015_q3,2015-07-01,2015,7,3,1,all_cvd,male,all,hospital_registered,quarterly_count,73,73,count,73,,,final,bnr_sdc_v1,0,0,cvd_2023_12,,,,not_applicable,0,0,0,none,No disclosure restriction identified.,No disclosure restriction identified.
CVD-BURDEN-001,cvd_2024_01,quarterly,2015_q3,2015-07-01,2015,7,3,1,all_cvd,male,all,hospital_registered,quarterly_same_quarter_previous_5yr_mean,72.2,72.2,count,361,,5,final,bnr_sdc_v1,0,0,cvd_2023_12,,,,not_applicable,0,0,0,none,No disclosure restriction identified.,No disclosure restriction identified.
CVD-BURDEN-001,cvd_2024_01,quarterly,2015_q3,2015-07-01,2015,7,3,1,ami,all,all,hospital_registered,quarterly_count,47,47,count,47,,,final,bnr_sdc_v1,0,0,cvd_2023_12,,,,not_applicable,0,0,0,none,No disclosure restriction identified.,No disclosure restriction identified.
CVD-BURDEN-001,cvd_2024_01,quarterly,2015_q3,2015-07-01,2015,7,3,1,ami,all,all,hospital_registered,quarterly_same_quarter_previous_5yr_mean,39.6,39.6,count,198,,5,final,bnr_sdc_v1,0,0,cvd_2023_12,,,,not_applicable,0,0,0,none,No disclosure restriction identified.,No disclosure restriction identified.
CVD-BURDEN-001,cvd_2024_01,quarterly,2015_q3,2015-07-01,2015,7,3,1,ami,female,all,hospital_registered,quarterly_count,19,19,count,19,,,final,bnr_sdc_v1,0,0,cvd_2023_12,,,,not_applicable,0,0,0,none,No disclosure restriction identified.,No disclosure restriction identified.
CVD-BURDEN-001,cvd_2024_01,quarterly,2015_q3,2015-07-01,2015,7,3,1,ami,female,all,hospital_registered,quarterly_same_quarter_previous_5yr_mean,18.6,18.6,count,93,,5,final,bnr_sdc_v1,0,0,cvd_2023_12,,,,not_applicable,0,0,0,none,No disclosure restriction identified.,No disclosure restriction identified.
CVD-BURDEN-001,cvd_2024_01,quarterly,2015_q3,2015-07-01,2015,7,3,1,ami,male,all,hospital_registered,quarterly_count,28,28,count,28,,,final,bnr_sdc_v1,0,0,cvd_2023_12,,,,not_applicable,0,0,0,none,No disclosure restriction identified.,No disclosure restriction identified.
CVD-BURDEN-001,cvd_2024_01,quarterly,2015_q3,2015-07-01,2015,7,3,1,ami,male,all,hospital_registered,quarterly_same_quarter_previous_5yr_mean,21,21,count,105,,5,final,bnr_sdc_v1,0,0,cvd_2023_12,,,,not_applicable,0,0,0,none,No disclosure restriction identified.,No disclosure restriction identified.
CVD-BURDEN-001,cvd_2024_01,quarterly,2015_q3,2015-07-01,2015,7,3,1,stroke,all,all,hospital_registered,quarterly_count,115,115,count,115,,,final,bnr_sdc_v1,0,0,cvd_2023_12,,,,not_applicable,0,0,0,none,No disclosure restriction identified.,No disclosure restriction identified.
CVD-BURDEN-001,cvd_2024_01,quarterly,2015_q3,2015-07-01,2015,7,3,1,stroke,all,all,hospital_registered,quarterly_same_quarter_previous_5yr_mean,108.8,108.8,count,544,,5,final,bnr_sdc_v1,0,0,cvd_2023_12,,,,not_applicable,0,0,0,none,No disclosure restriction identified.,No disclosure restriction identified.
CVD-BURDEN-001,cvd_2024_01,quarterly,2015_q3,2015-07-01,2015,7,3,1,stroke,female,all,hospital_registered,quarterly_count,70,70,count,70,,,final,bnr_sdc_v1,0,0,cvd_2023_12,,,,not_applicable,0,0,0,none,No disclosure restriction identified.,No disclosure restriction identified.
CVD-BURDEN-001,cvd_2024_01,quarterly,2015_q3,2015-07-01,2015,7,3,1,stroke,female,all,hospital_registered,quarterly_same_quarter_previous_5yr_mean,57.6,57.6,count,288,,5,final,bnr_sdc_v1,0,0,cvd_2023_12,,,,not_applicable,0,0,0,none,No disclosure restriction identified.,No disclosure restriction identified.
CVD-BURDEN-001,cvd_2024_01,quarterly,2015_q3,2015-07-01,2015,7,3,1,stroke,male,all,hospital_registered,quarterly_count,45,45,count,45,,,final,bnr_sdc_v1,0,0,cvd_2023_12,,,,not_applicable,0,0,0,none,No disclosure restriction identified.,No disclosure restriction identified.
CVD-BURDEN-001,cvd_2024_01,quarterly,2015_q3,2015-07-01,2015,7,3,1,stroke,male,all,hospital_registered,quarterly_same_quarter_previous_5yr_mean,51.2,51.2,count,256,,5,final,bnr_sdc_v1,0,0,cvd_2023_12,,,,not_applicable,0,0,0,none,No disclosure restriction identified.,No disclosure restriction identified.
CVD-BURDEN-001,cvd_2024_01,quarterly,2015_q4,2015-10-01,2015,10,4,1,all_cvd,all,all,hospital_registered,quarterly_count,177,177,count,177,,,final,bnr_sdc_v1,0,0,cvd_2023_12,,,,not_applicable,0,0,0,none,No disclosure restriction identified.,No disclosure restriction identified.
CVD-BURDEN-001,cvd_2024_01,quarterly,2015_q4,2015-10-01,2015,10,4,1,all_cvd,all,all,hospital_registered,quarterly_same_quarter_previous_5yr_mean,154.8,154.8,count,774,,5,final,bnr_sdc_v1,0,0,cvd_2023_12,,,,not_applicable,0,0,0,none,No disclosure restriction identified.,No disclosure restriction identified.
CVD-BURDEN-001,cvd_2024_01,quarterly,2015_q4,2015-10-01,2015,10,4,1,all_cvd,female,all,hospital_registered,quarterly_count,95,95,count,95,,,final,bnr_sdc_v1,0,0,cvd_2023_12,,,,not_applicable,0,0,0,none,No disclosure restriction identified.,No disclosure restriction identified.
CVD-BURDEN-001,cvd_2024_01,quarterly,2015_q4,2015-10-01,2015,10,4,1,all_cvd,female,all,hospital_registered,quarterly_same_quarter_previous_5yr_mean,77.8,77.8,count,389,,5,final,bnr_sdc_v1,0,0,cvd_2023_12,,,,not_applicable,0,0,0,none,No disclosure restriction identified.,No disclosure restriction identified.
CVD-BURDEN-001,cvd_2024_01,quarterly,2015_q4,2015-10-01,2015,10,4,1,all_cvd,male,all,hospital_registered,quarterly_count,82,82,count,82,,,final,bnr_sdc_v1,0,0,cvd_2023_12,,,,not_applicable,0,0,0,none,No disclosure restriction identified.,No disclosure restriction identified.
CVD-BURDEN-001,cvd_2024_01,quarterly,2015_q4,2015-10-01,2015,10,4,1,all_cvd,male,all,hospital_registered,quarterly_same_quarter_previous_5yr_mean,77,77,count,385,,5,final,bnr_sdc_v1,0,0,cvd_2023_12,,,,not_applicable,0,0,0,none,No disclosure restriction identified.,No disclosure restriction identified.
CVD-BURDEN-001,cvd_2024_01,quarterly,2015_q4,2015-10-01,2015,10,4,1,ami,all,all,hospital_registered,quarterly_count,49,49,count,49,,,final,bnr_sdc_v1,0,0,cvd_2023_12,,,,not_applicable,0,0,0,none,No disclosure restriction identified.,No disclosure restriction identified.
CVD-BURDEN-001,cvd_2024_01,quarterly,2015_q4,2015-10-01,2015,10,4,1,ami,all,all,hospital_registered,quarterly_same_quarter_previous_5yr_mean,45,45,count,225,,5,final,bnr_sdc_v1,0,0,cvd_2023_12,,,,not_applicable,0,0,0,none,No disclosure restriction identified.,No disclosure restriction identified.
CVD-BURDEN-001,cvd_2024_01,quarterly,2015_q4,2015-10-01,2015,10,4,1,ami,female,all,hospital_registered,quarterly_count,29,29,count,29,,,final,bnr_sdc_v1,0,0,cvd_2023_12,,,,not_applicable,0,0,0,none,No disclosure restriction identified.,No disclosure restriction identified.
CVD-BURDEN-001,cvd_2024_01,quarterly,2015_q4,2015-10-01,2015,10,4,1,ami,female,all,hospital_registered,quarterly_same_quarter_previous_5yr_mean,21.8,21.8,count,109,,5,final,bnr_sdc_v1,0,0,cvd_2023_12,,,,not_applicable,0,0,0,none,No disclosure restriction identified.,No disclosure restriction identified.
CVD-BURDEN-001,cvd_2024_01,quarterly,2015_q4,2015-10-01,2015,10,4,1,ami,male,all,hospital_registered,quarterly_count,20,20,count,20,,,final,bnr_sdc_v1,0,0,cvd_2023_12,,,,not_applicable,0,0,0,none,No disclosure restriction identified.,No disclosure restriction identified.
CVD-BURDEN-001,cvd_2024_01,quarterly,2015_q4,2015-10-01,2015,10,4,1,ami,male,all,hospital_registered,quarterly_same_quarter_previous_5yr_mean,23.2,23.2,count,116,,5,final,bnr_sdc_v1,0,0,cvd_2023_12,,,,not_applicable,0,0,0,none,No disclosure restriction identified.,No disclosure restriction identified.
CVD-BURDEN-001,cvd_2024_01,quarterly,2015_q4,2015-10-01,2015,10,4,1,stroke,all,all,hospital_registered,quarterly_count,128,128,count,128,,,final,bnr_sdc_v1,0,0,cvd_2023_12,,,,not_applicable,0,0,0,none,No disclosure restriction identified.,No disclosure restriction identified.
CVD-BURDEN-001,cvd_2024_01,quarterly,2015_q4,2015-10-01,2015,10,4,1,stroke,all,all,hospital_registered,quarterly_same_quarter_previous_5yr_mean,109.8,109.8,count,549,,5,final,bnr_sdc_v1,0,0,cvd_2023_12,,,,not_applicable,0,0,0,none,No disclosure restriction identified.,No disclosure restriction identified.
CVD-BURDEN-001,cvd_2024_01,quarterly,2015_q4,2015-10-01,2015,10,4,1,stroke,female,all,hospital_registered,quarterly_count,66,66,count,66,,,final,bnr_sdc_v1,0,0,cvd_2023_12,,,,not_applicable,0,0,0,none,No disclosure restriction identified.,No disclosure restriction identified.
CVD-BURDEN-001,cvd_2024_01,quarterly,2015_q4,2015-10-01,2015,10,4,1,stroke,female,all,hospital_registered,quarterly_same_quarter_previous_5yr_mean,56,56,count,280,,5,final,bnr_sdc_v1,0,0,cvd_2023_12,,,,not_applicable,0,0,0,none,No disclosure restriction identified.,No disclosure restriction identified.
CVD-BURDEN-001,cvd_2024_01,quarterly,2015_q4,2015-10-01,2015,10,4,1,stroke,male,all,hospital_registered,quarterly_count,62,62,count,62,,,final,bnr_sdc_v1,0,0,cvd_2023_12,,,,not_applicable,0,0,0,none,No disclosure restriction identified.,No disclosure restriction identified.
CVD-BURDEN-001,cvd_2024_01,quarterly,2015_q4,2015-10-01,2015,10,4,1,stroke,male,all,hospital_registered,quarterly_same_quarter_previous_5yr_mean,53.8,53.8,count,269,,5,final,bnr_sdc_v1,0,0,cvd_2023_12,,,,not_applicable,0,0,0,none,No disclosure restriction identified.,No disclosure restriction identified.
CVD-BURDEN-001,cvd_2024_01,quarterly,2016_q1,2016-01-01,2016,1,1,1,all_cvd,all,all,hospital_registered,quarterly_count,193,193,count,193,,,final,bnr_sdc_v1,0,0,cvd_2023_12,,,,not_applicable,0,0,0,none,No disclosure restriction identified.,No disclosure restriction identified.
CVD-BURDEN-001,cvd_2024_01,quarterly,2016_q1,2016-01-01,2016,1,1,1,all_cvd,all,all,hospital_registered,quarterly_same_quarter_previous_5yr_mean,166.2,166.2,count,831,,5,final,bnr_sdc_v1,0,0,cvd_2023_12,,,,not_applicable,0,0,0,none,No disclosure restriction identified.,No disclosure restriction identified.
CVD-BURDEN-001,cvd_2024_01,quarterly,2016_q1,2016-01-01,2016,1,1,1,all_cvd,female,all,hospital_registered,quarterly_count,101,101,count,101,,,final,bnr_sdc_v1,0,0,cvd_2023_12,,,,not_applicable,0,0,0,none,No disclosure restriction identified.,No disclosure restriction identified.
CVD-BURDEN-001,cvd_2024_01,quarterly,2016_q1,2016-01-01,2016,1,1,1,all_cvd,female,all,hospital_registered,quarterly_same_quarter_previous_5yr_mean,82.59999999999999,82.6,count,413,,5,final,bnr_sdc_v1,0,0,cvd_2023_12,,,,not_applicable,0,0,0,none,No disclosure restriction identified.,No disclosure restriction identified.
CVD-BURDEN-001,cvd_2024_01,quarterly,2016_q1,2016-01-01,2016,1,1,1,all_cvd,male,all,hospital_registered,quarterly_count,92,92,count,92,,,final,bnr_sdc_v1,0,0,cvd_2023_12,,,,not_applicable,0,0,0,none,No disclosure restriction identified.,No disclosure restriction identified.
CVD-BURDEN-001,cvd_2024_01,quarterly,2016_q1,2016-01-01,2016,1,1,1,all_cvd,male,all,hospital_registered,quarterly_same_quarter_previous_5yr_mean,83.59999999999999,83.6,count,418,,5,final,bnr_sdc_v1,0,0,cvd_2023_12,,,,not_applicable,0,0,0,none,No disclosure restriction identified.,No disclosure restriction identified.
CVD-BURDEN-001,cvd_2024_01,quarterly,2016_q1,2016-01-01,2016,1,1,1,ami,all,all,hospital_registered,quarterly_count,46,46,count,46,,,final,bnr_sdc_v1,0,0,cvd_2023_12,,,,not_applicable,0,0,0,none,No disclosure restriction identified.,No disclosure restriction identified.
CVD-BURDEN-001,cvd_2024_01,quarterly,2016_q1,2016-01-01,2016,1,1,1,ami,all,all,hospital_registered,quarterly_same_quarter_previous_5yr_mean,46.6,46.6,count,233,,5,final,bnr_sdc_v1,0,0,cvd_2023_12,,,,not_applicable,0,0,0,none,No disclosure restriction identified.,No disclosure restriction identified.
CVD-BURDEN-001,cvd_2024_01,quarterly,2016_q1,2016-01-01,2016,1,1,1,ami,female,all,hospital_registered,quarterly_count,18,18,count,18,,,final,bnr_sdc_v1,0,0,cvd_2023_12,,,,not_applicable,0,0,0,none,No disclosure restriction identified.,No disclosure restriction identified.
CVD-BURDEN-001,cvd_2024_01,quarterly,2016_q1,2016-01-01,2016,1,1,1,ami,female,all,hospital_registered,quarterly_same_quarter_previous_5yr_mean,19.8,19.8,count,99,,5,final,bnr_sdc_v1,0,0,cvd_2023_12,,,,not_applicable,0,0,0,none,No disclosure restriction identified.,No disclosure restriction identified.
CVD-BURDEN-001,cvd_2024_01,quarterly,2016_q1,2016-01-01,2016,1,1,1,ami,male,all,hospital_registered,quarterly_count,28,28,count,28,,,final,bnr_sdc_v1,0,0,cvd_2023_12,,,,not_applicable,0,0,0,none,No disclosure restriction identified.,No disclosure restriction identified.
CVD-BURDEN-001,cvd_2024_01,quarterly,2016_q1,2016-01-01,2016,1,1,1,ami,male,all,hospital_registered,quarterly_same_quarter_previous_5yr_mean,26.8,26.8,count,134,,5,final,bnr_sdc_v1,0,0,cvd_2023_12,,,,not_applicable,0,0,0,none,No disclosure restriction identified.,No disclosure restriction identified.
CVD-BURDEN-001,cvd_2024_01,quarterly,2016_q1,2016-01-01,2016,1,1,1,stroke,all,all,hospital_registered,quarterly_count,147,147,count,147,,,final,bnr_sdc_v1,0,0,cvd_2023_12,,,,not_applicable,0,0,0,none,No disclosure restriction identified.,No disclosure restriction identified.
CVD-BURDEN-001,cvd_2024_01,quarterly,2016_q1,2016-01-01,2016,1,1,1,stroke,all,all,hospital_registered,quarterly_same_quarter_previous_5yr_mean,119.6,119.6,count,598,,5,final,bnr_sdc_v1,0,0,cvd_2023_12,,,,not_applicable,0,0,0,none,No disclosure restriction identified.,No disclosure restriction identified.
CVD-BURDEN-001,cvd_2024_01,quarterly,2016_q1,2016-01-01,2016,1,1,1,stroke,female,all,hospital_registered,quarterly_count,83,83,count,83,,,final,bnr_sdc_v1,0,0,cvd_2023_12,,,,not_applicable,0,0,0,none,No disclosure restriction identified.,No disclosure restriction identified.
CVD-BURDEN-001,cvd_2024_01,quarterly,2016_q1,2016-01-01,2016,1,1,1,stroke,female,all,hospital_registered,quarterly_same_quarter_previous_5yr_mean,62.8,62.8,count,314,,5,final,bnr_sdc_v1,0,0,cvd_2023_12,,,,not_applicable,0,0,0,none,No disclosure restriction identified.,No disclosure restriction identified.
CVD-BURDEN-001,cvd_2024_01,quarterly,2016_q1,2016-01-01,2016,1,1,1,stroke,male,all,hospital_registered,quarterly_count,64,64,count,64,,,final,bnr_sdc_v1,0,0,cvd_2023_12,,,,not_applicable,0,0,0,none,No disclosure restriction identified.,No disclosure restriction identified.
CVD-BURDEN-001,cvd_2024_01,quarterly,2016_q1,2016-01-01,2016,1,1,1,stroke,male,all,hospital_registered,quarterly_same_quarter_previous_5yr_mean,56.8,56.8,count,284,,5,final,bnr_sdc_v1,0,0,cvd_2023_12,,,,not_applicable,0,0,0,none,No disclosure restriction identified.,No disclosure restriction identified.
CVD-BURDEN-001,cvd_2024_01,quarterly,2016_q2,2016-04-01,2016,4,2,1,all_cvd,all,all,hospital_registered,quarterly_count,194,194,count,194,,,final,bnr_sdc_v1,0,0,cvd_2023_12,,,,not_applicable,0,0,0,none,No disclosure restriction identified.,No disclosure restriction identified.
CVD-BURDEN-001,cvd_2024_01,quarterly,2016_q2,2016-04-01,2016,4,2,1,all_cvd,all,all,hospital_registered,quarterly_same_quarter_previous_5yr_mean,157,157,count,785,,5,final,bnr_sdc_v1,0,0,cvd_2023_12,,,,not_applicable,0,0,0,none,No disclosure restriction identified.,No disclosure restriction identified.
CVD-BURDEN-001,cvd_2024_01,quarterly,2016_q2,2016-04-01,2016,4,2,1,all_cvd,female,all,hospital_registered,quarterly_count,91,91,count,91,,,final,bnr_sdc_v1,0,0,cvd_2023_12,,,,not_applicable,0,0,0,none,No disclosure restriction identified.,No disclosure restriction identified.
CVD-BURDEN-001,cvd_2024_01,quarterly,2016_q2,2016-04-01,2016,4,2,1,all_cvd,female,all,hospital_registered,quarterly_same_quarter_previous_5yr_mean,77.2,77.2,count,386,,5,final,bnr_sdc_v1,0,0,cvd_2023_12,,,,not_applicable,0,0,0,none,No disclosure restriction identified.,No disclosure restriction identified.
CVD-BURDEN-001,cvd_2024_01,quarterly,2016_q2,2016-04-01,2016,4,2,1,all_cvd,male,all,hospital_registered,quarterly_count,103,103,count,103,,,final,bnr_sdc_v1,0,0,cvd_2023_12,,,,not_applicable,0,0,0,none,No disclosure restriction identified.,No disclosure restriction identified.
CVD-BURDEN-001,cvd_2024_01,quarterly,2016_q2,2016-04-01,2016,4,2,1,all_cvd,male,all,hospital_registered,quarterly_same_quarter_previous_5yr_mean,79.8,79.8,count,399,,5,final,bnr_sdc_v1,0,0,cvd_2023_12,,,,not_applicable,0,0,0,none,No disclosure restriction identified.,No disclosure restriction identified.
CVD-BURDEN-001,cvd_2024_01,quarterly,2016_q2,2016-04-01,2016,4,2,1,ami,all,all,hospital_registered,quarterly_count,70,70,count,70,,,final,bnr_sdc_v1,0,0,cvd_2023_12,,,,not_applicable,0,0,0,none,No disclosure restriction identified.,No disclosure restriction identified.
CVD-BURDEN-001,cvd_2024_01,quarterly,2016_q2,2016-04-01,2016,4,2,1,ami,all,all,hospital_registered,quarterly_same_quarter_previous_5yr_mean,44.2,44.2,count,221,,5,final,bnr_sdc_v1,0,0,cvd_2023_12,,,,not_applicable,0,0,0,none,No disclosure restriction identified.,No disclosure restriction identified.
CVD-BURDEN-001,cvd_2024_01,quarterly,2016_q2,2016-04-01,2016,4,2,1,ami,female,all,hospital_registered,quarterly_count,31,31,count,31,,,final,bnr_sdc_v1,0,0,cvd_2023_12,,,,not_applicable,0,0,0,none,No disclosure restriction identified.,No disclosure restriction identified.
CVD-BURDEN-001,cvd_2024_01,quarterly,2016_q2,2016-04-01,2016,4,2,1,ami,female,all,hospital_registered,quarterly_same_quarter_previous_5yr_mean,19.8,19.8,count,99,,5,final,bnr_sdc_v1,0,0,cvd_2023_12,,,,not_applicable,0,0,0,none,No disclosure restriction identified.,No disclosure restriction identified.
CVD-BURDEN-001,cvd_2024_01,quarterly,2016_q2,2016-04-01,2016,4,2,1,ami,male,all,hospital_registered,quarterly_count,39,39,count,39,,,final,bnr_sdc_v1,0,0,cvd_2023_12,,,,not_applicable,0,0,0,none,No disclosure restriction identified.,No disclosure restriction identified.
CVD-BURDEN-001,cvd_2024_01,quarterly,2016_q2,2016-04-01,2016,4,2,1,ami,male,all,hospital_registered,quarterly_same_quarter_previous_5yr_mean,24.4,24.4,count,122,,5,final,bnr_sdc_v1,0,0,cvd_2023_12,,,,not_applicable,0,0,0,none,No disclosure restriction identified.,No disclosure restriction identified.
CVD-BURDEN-001,cvd_2024_01,quarterly,2016_q2,2016-04-01,2016,4,2,1,stroke,all,all,hospital_registered,quarterly_count,124,124,count,124,,,final,bnr_sdc_v1,0,0,cvd_2023_12,,,,not_applicable,0,0,0,none,No disclosure restriction identified.,No disclosure restriction identified.
CVD-BURDEN-001,cvd_2024_01,quarterly,2016_q2,2016-04-01,2016,4,2,1,stroke,all,all,hospital_registered,quarterly_same_quarter_previous_5yr_mean,112.8,112.8,count,564,,5,final,bnr_sdc_v1,0,0,cvd_2023_12,,,,not_applicable,0,0,0,none,No disclosure restriction identified.,No disclosure restriction identified.
CVD-BURDEN-001,cvd_2024_01,quarterly,2016_q2,2016-04-01,2016,4,2,1,stroke,female,all,hospital_registered,quarterly_count,60,60,count,60,,,final,bnr_sdc_v1,0,0,cvd_2023_12,,,,not_applicable,0,0,0,none,No disclosure restriction identified.,No disclosure restriction identified.
CVD-BURDEN-001,cvd_2024_01,quarterly,2016_q2,2016-04-01,2016,4,2,1,stroke,female,all,hospital_registered,quarterly_same_quarter_previous_5yr_mean,57.4,57.4,count,287,,5,final,bnr_sdc_v1,0,0,cvd_2023_12,,,,not_applicable,0,0,0,none,No disclosure restriction identified.,No disclosure restriction identified.
CVD-BURDEN-001,cvd_2024_01,quarterly,2016_q2,2016-04-01,2016,4,2,1,stroke,male,all,hospital_registered,quarterly_count,64,64,count,64,,,final,bnr_sdc_v1,0,0,cvd_2023_12,,,,not_applicable,0,0,0,none,No disclosure restriction identified.,No disclosure restriction identified.
CVD-BURDEN-001,cvd_2024_01,quarterly,2016_q2,2016-04-01,2016,4,2,1,stroke,male,all,hospital_registered,quarterly_same_quarter_previous_5yr_mean,55.4,55.4,count,277,,5,final,bnr_sdc_v1,0,0,cvd_2023_12,,,,not_applicable,0,0,0,none,No disclosure restriction identified.,No disclosure restriction identified.
CVD-BURDEN-001,cvd_2024_01,quarterly,2016_q3,2016-07-01,2016,7,3,1,all_cvd,all,all,hospital_registered,quarterly_count,199,199,count,199,,,final,bnr_sdc_v1,0,0,cvd_2023_12,,,,not_applicable,0,0,0,none,No disclosure restriction identified.,No disclosure restriction identified.
CVD-BURDEN-001,cvd_2024_01,quarterly,2016_q3,2016-07-01,2016,7,3,1,all_cvd,all,all,hospital_registered,quarterly_same_quarter_previous_5yr_mean,155.6,155.6,count,778,,5,final,bnr_sdc_v1,0,0,cvd_2023_12,,,,not_applicable,0,0,0,none,No disclosure restriction identified.,No disclosure restriction identified.
CVD-BURDEN-001,cvd_2024_01,quarterly,2016_q3,2016-07-01,2016,7,3,1,all_cvd,female,all,hospital_registered,quarterly_count,107,107,count,107,,,final,bnr_sdc_v1,0,0,cvd_2023_12,,,,not_applicable,0,0,0,none,No disclosure restriction identified.,No disclosure restriction identified.
CVD-BURDEN-001,cvd_2024_01,quarterly,2016_q3,2016-07-01,2016,7,3,1,all_cvd,female,all,hospital_registered,quarterly_same_quarter_previous_5yr_mean,81.2,81.2,count,406,,5,final,bnr_sdc_v1,0,0,cvd_2023_12,,,,not_applicable,0,0,0,none,No disclosure restriction identified.,No disclosure restriction identified.
CVD-BURDEN-001,cvd_2024_01,quarterly,2016_q3,2016-07-01,2016,7,3,1,all_cvd,male,all,hospital_registered,quarterly_count,92,92,count,92,,,final,bnr_sdc_v1,0,0,cvd_2023_12,,,,not_applicable,0,0,0,none,No disclosure restriction identified.,No disclosure restriction identified.
CVD-BURDEN-001,cvd_2024_01,quarterly,2016_q3,2016-07-01,2016,7,3,1,all_cvd,male,all,hospital_registered,quarterly_same_quarter_previous_5yr_mean,74.40000000000001,74.4,count,372,,5,final,bnr_sdc_v1,0,0,cvd_2023_12,,,,not_applicable,0,0,0,none,No disclosure restriction identified.,No disclosure restriction identified.
CVD-BURDEN-001,cvd_2024_01,quarterly,2016_q3,2016-07-01,2016,7,3,1,ami,all,all,hospital_registered,quarterly_count,52,52,count,52,,,final,bnr_sdc_v1,0,0,cvd_2023_12,,,,not_applicable,0,0,0,none,No disclosure restriction identified.,No disclosure restriction identified.
CVD-BURDEN-001,cvd_2024_01,quarterly,2016_q3,2016-07-01,2016,7,3,1,ami,all,all,hospital_registered,quarterly_same_quarter_previous_5yr_mean,43.8,43.8,count,219,,5,final,bnr_sdc_v1,0,0,cvd_2023_12,,,,not_applicable,0,0,0,none,No disclosure restriction identified.,No disclosure restriction identified.
CVD-BURDEN-001,cvd_2024_01,quarterly,2016_q3,2016-07-01,2016,7,3,1,ami,female,all,hospital_registered,quarterly_count,26,26,count,26,,,final,bnr_sdc_v1,0,0,cvd_2023_12,,,,not_applicable,0,0,0,none,No disclosure restriction identified.,No disclosure restriction identified.
CVD-BURDEN-001,cvd_2024_01,quarterly,2016_q3,2016-07-01,2016,7,3,1,ami,female,all,hospital_registered,quarterly_same_quarter_previous_5yr_mean,20.2,20.2,count,101,,5,final,bnr_sdc_v1,0,0,cvd_2023_12,,,,not_applicable,0,0,0,none,No disclosure restriction identified.,No disclosure restriction identified.
CVD-BURDEN-001,cvd_2024_01,quarterly,2016_q3,2016-07-01,2016,7,3,1,ami,male,all,hospital_registered,quarterly_count,26,26,count,26,,,final,bnr_sdc_v1,0,0,cvd_2023_12,,,,not_applicable,0,0,0,none,No disclosure restriction identified.,No disclosure restriction identified.
CVD-BURDEN-001,cvd_2024_01,quarterly,2016_q3,2016-07-01,2016,7,3,1,ami,male,all,hospital_registered,quarterly_same_quarter_previous_5yr_mean,23.6,23.6,count,118,,5,final,bnr_sdc_v1,0,0,cvd_2023_12,,,,not_applicable,0,0,0,none,No disclosure restriction identified.,No disclosure restriction identified.
CVD-BURDEN-001,cvd_2024_01,quarterly,2016_q3,2016-07-01,2016,7,3,1,stroke,all,all,hospital_registered,quarterly_count,147,147,count,147,,,final,bnr_sdc_v1,0,0,cvd_2023_12,,,,not_applicable,0,0,0,none,No disclosure restriction identified.,No disclosure restriction identified.
CVD-BURDEN-001,cvd_2024_01,quarterly,2016_q3,2016-07-01,2016,7,3,1,stroke,all,all,hospital_registered,quarterly_same_quarter_previous_5yr_mean,111.8,111.8,count,559,,5,final,bnr_sdc_v1,0,0,cvd_2023_12,,,,not_applicable,0,0,0,none,No disclosure restriction identified.,No disclosure restriction identified.
CVD-BURDEN-001,cvd_2024_01,quarterly,2016_q3,2016-07-01,2016,7,3,1,stroke,female,all,hospital_registered,quarterly_count,81,81,count,81,,,final,bnr_sdc_v1,0,0,cvd_2023_12,,,,not_applicable,0,0,0,none,No disclosure restriction identified.,No disclosure restriction identified.
CVD-BURDEN-001,cvd_2024_01,quarterly,2016_q3,2016-07-01,2016,7,3,1,stroke,female,all,hospital_registered,quarterly_same_quarter_previous_5yr_mean,61,61,count,305,,5,final,bnr_sdc_v1,0,0,cvd_2023_12,,,,not_applicable,0,0,0,none,No disclosure restriction identified.,No disclosure restriction identified.
CVD-BURDEN-001,cvd_2024_01,quarterly,2016_q3,2016-07-01,2016,7,3,1,stroke,male,all,hospital_registered,quarterly_count,66,66,count,66,,,final,bnr_sdc_v1,0,0,cvd_2023_12,,,,not_applicable,0,0,0,none,No disclosure restriction identified.,No disclosure restriction identified.
CVD-BURDEN-001,cvd_2024_01,quarterly,2016_q3,2016-07-01,2016,7,3,1,stroke,male,all,hospital_registered,quarterly_same_quarter_previous_5yr_mean,50.8,50.8,count,254,,5,final,bnr_sdc_v1,0,0,cvd_2023_12,,,,not_applicable,0,0,0,none,No disclosure restriction identified.,No disclosure restriction identified.
CVD-BURDEN-001,cvd_2024_01,quarterly,2016_q4,2016-10-01,2016,10,4,1,all_cvd,all,all,hospital_registered,quarterly_count,194,194,count,194,,,final,bnr_sdc_v1,0,0,cvd_2023_12,,,,not_applicable,0,0,0,none,No disclosure restriction identified.,No disclosure restriction identified.
CVD-BURDEN-001,cvd_2024_01,quarterly,2016_q4,2016-10-01,2016,10,4,1,all_cvd,all,all,hospital_registered,quarterly_same_quarter_previous_5yr_mean,160.2,160.2,count,801,,5,final,bnr_sdc_v1,0,0,cvd_2023_12,,,,not_applicable,0,0,0,none,No disclosure restriction identified.,No disclosure restriction identified.
CVD-BURDEN-001,cvd_2024_01,quarterly,2016_q4,2016-10-01,2016,10,4,1,all_cvd,female,all,hospital_registered,quarterly_count,98,98,count,98,,,final,bnr_sdc_v1,0,0,cvd_2023_12,,,,not_applicable,0,0,0,none,No disclosure restriction identified.,No disclosure restriction identified.
CVD-BURDEN-001,cvd_2024_01,quarterly,2016_q4,2016-10-01,2016,10,4,1,all_cvd,female,all,hospital_registered,quarterly_same_quarter_previous_5yr_mean,81,81,count,405,,5,final,bnr_sdc_v1,0,0,cvd_2023_12,,,,not_applicable,0,0,0,none,No disclosure restriction identified.,No disclosure restriction identified.
CVD-BURDEN-001,cvd_2024_01,quarterly,2016_q4,2016-10-01,2016,10,4,1,all_cvd,male,all,hospital_registered,quarterly_count,96,96,count,96,,,final,bnr_sdc_v1,0,0,cvd_2023_12,,,,not_applicable,0,0,0,none,No disclosure restriction identified.,No disclosure restriction identified.
CVD-BURDEN-001,cvd_2024_01,quarterly,2016_q4,2016-10-01,2016,10,4,1,all_cvd,male,all,hospital_registered,quarterly_same_quarter_previous_5yr_mean,79.2,79.2,count,396,,5,final,bnr_sdc_v1,0,0,cvd_2023_12,,,,not_applicable,0,0,0,none,No disclosure restriction identified.,No disclosure restriction identified.
CVD-BURDEN-001,cvd_2024_01,quarterly,2016_q4,2016-10-01,2016,10,4,1,ami,all,all,hospital_registered,quarterly_count,49,49,count,49,,,final,bnr_sdc_v1,0,0,cvd_2023_12,,,,not_applicable,0,0,0,none,No disclosure restriction identified.,No disclosure restriction identified.
CVD-BURDEN-001,cvd_2024_01,quarterly,2016_q4,2016-10-01,2016,10,4,1,ami,all,all,hospital_registered,quarterly_same_quarter_previous_5yr_mean,46.2,46.2,count,231,,5,final,bnr_sdc_v1,0,0,cvd_2023_12,,,,not_applicable,0,0,0,none,No disclosure restriction identified.,No disclosure restriction identified.
CVD-BURDEN-001,cvd_2024_01,quarterly,2016_q4,2016-10-01,2016,10,4,1,ami,female,all,hospital_registered,quarterly_count,20,20,count,20,,,final,bnr_sdc_v1,0,0,cvd_2023_12,,,,not_applicable,0,0,0,none,No disclosure restriction identified.,No disclosure restriction identified.
CVD-BURDEN-001,cvd_2024_01,quarterly,2016_q4,2016-10-01,2016,10,4,1,ami,female,all,hospital_registered,quarterly_same_quarter_previous_5yr_mean,23,23,count,115,,5,final,bnr_sdc_v1,0,0,cvd_2023_12,,,,not_applicable,0,0,0,none,No disclosure restriction identified.,No disclosure restriction identified.
CVD-BURDEN-001,cvd_2024_01,quarterly,2016_q4,2016-10-01,2016,10,4,1,ami,male,all,hospital_registered,quarterly_count,29,29,count,29,,,final,bnr_sdc_v1,0,0,cvd_2023_12,,,,not_applicable,0,0,0,none,No disclosure restriction identified.,No disclosure restriction identified.
CVD-BURDEN-001,cvd_2024_01,quarterly,2016_q4,2016-10-01,2016,10,4,1,ami,male,all,hospital_registered,quarterly_same_quarter_previous_5yr_mean,23.2,23.2,count,116,,5,final,bnr_sdc_v1,0,0,cvd_2023_12,,,,not_applicable,0,0,0,none,No disclosure restriction identified.,No disclosure restriction identified.
CVD-BURDEN-001,cvd_2024_01,quarterly,2016_q4,2016-10-01,2016,10,4,1,stroke,all,all,hospital_registered,quarterly_count,145,145,count,145,,,final,bnr_sdc_v1,0,0,cvd_2023_12,,,,not_applicable,0,0,0,none,No disclosure restriction identified.,No disclosure restriction identified.
CVD-BURDEN-001,cvd_2024_01,quarterly,2016_q4,2016-10-01,2016,10,4,1,stroke,all,all,hospital_registered,quarterly_same_quarter_previous_5yr_mean,114,114,count,570,,5,final,bnr_sdc_v1,0,0,cvd_2023_12,,,,not_applicable,0,0,0,none,No disclosure restriction identified.,No disclosure restriction identified.
CVD-BURDEN-001,cvd_2024_01,quarterly,2016_q4,2016-10-01,2016,10,4,1,stroke,female,all,hospital_registered,quarterly_count,78,78,count,78,,,final,bnr_sdc_v1,0,0,cvd_2023_12,,,,not_applicable,0,0,0,none,No disclosure restriction identified.,No disclosure restriction identified.
CVD-BURDEN-001,cvd_2024_01,quarterly,2016_q4,2016-10-01,2016,10,4,1,stroke,female,all,hospital_registered,quarterly_same_quarter_previous_5yr_mean,58,58,count,290,,5,final,bnr_sdc_v1,0,0,cvd_2023_12,,,,not_applicable,0,0,0,none,No disclosure restriction identified.,No disclosure restriction identified.
CVD-BURDEN-001,cvd_2024_01,quarterly,2016_q4,2016-10-01,2016,10,4,1,stroke,male,all,hospital_registered,quarterly_count,67,67,count,67,,,final,bnr_sdc_v1,0,0,cvd_2023_12,,,,not_applicable,0,0,0,none,No disclosure restriction identified.,No disclosure restriction identified.
CVD-BURDEN-001,cvd_2024_01,quarterly,2016_q4,2016-10-01,2016,10,4,1,stroke,male,all,hospital_registered,quarterly_same_quarter_previous_5yr_mean,56,56,count,280,,5,final,bnr_sdc_v1,0,0,cvd_2023_12,,,,not_applicable,0,0,0,none,No disclosure restriction identified.,No disclosure restriction identified.
CVD-BURDEN-001,cvd_2024_01,quarterly,2017_q1,2017-01-01,2017,1,1,1,all_cvd,all,all,hospital_registered,quarterly_count,221,221,count,221,,,final,bnr_sdc_v1,0,0,cvd_2023_12,,,,not_applicable,0,0,0,none,No disclosure restriction identified.,No disclosure restriction identified.
CVD-BURDEN-001,cvd_2024_01,quarterly,2017_q1,2017-01-01,2017,1,1,1,all_cvd,all,all,hospital_registered,quarterly_same_quarter_previous_5yr_mean,182.4,182.4,count,912,,5,final,bnr_sdc_v1,0,0,cvd_2023_12,,,,not_applicable,0,0,0,none,No disclosure restriction identified.,No disclosure restriction identified.
CVD-BURDEN-001,cvd_2024_01,quarterly,2017_q1,2017-01-01,2017,1,1,1,all_cvd,female,all,hospital_registered,quarterly_count,111,111,count,111,,,final,bnr_sdc_v1,0,0,cvd_2023_12,,,,not_applicable,0,0,0,none,No disclosure restriction identified.,No disclosure restriction identified.
CVD-BURDEN-001,cvd_2024_01,quarterly,2017_q1,2017-01-01,2017,1,1,1,all_cvd,female,all,hospital_registered,quarterly_same_quarter_previous_5yr_mean,90.59999999999999,90.6,count,453,,5,final,bnr_sdc_v1,0,0,cvd_2023_12,,,,not_applicable,0,0,0,none,No disclosure restriction identified.,No disclosure restriction identified.
CVD-BURDEN-001,cvd_2024_01,quarterly,2017_q1,2017-01-01,2017,1,1,1,all_cvd,male,all,hospital_registered,quarterly_count,110,110,count,110,,,final,bnr_sdc_v1,0,0,cvd_2023_12,,,,not_applicable,0,0,0,none,No disclosure restriction identified.,No disclosure restriction identified.
CVD-BURDEN-001,cvd_2024_01,quarterly,2017_q1,2017-01-01,2017,1,1,1,all_cvd,male,all,hospital_registered,quarterly_same_quarter_previous_5yr_mean,91.8,91.8,count,459,,5,final,bnr_sdc_v1,0,0,cvd_2023_12,,,,not_applicable,0,0,0,none,No disclosure restriction identified.,No disclosure restriction identified.
CVD-BURDEN-001,cvd_2024_01,quarterly,2017_q1,2017-01-01,2017,1,1,1,ami,all,all,hospital_registered,quarterly_count,73,73,count,73,,,final,bnr_sdc_v1,0,0,cvd_2023_12,,,,not_applicable,0,0,0,none,No disclosure restriction identified.,No disclosure restriction identified.
CVD-BURDEN-001,cvd_2024_01,quarterly,2017_q1,2017-01-01,2017,1,1,1,ami,all,all,hospital_registered,quarterly_same_quarter_previous_5yr_mean,51.6,51.6,count,258,,5,final,bnr_sdc_v1,0,0,cvd_2023_12,,,,not_applicable,0,0,0,none,No disclosure restriction identified.,No disclosure restriction identified.
CVD-BURDEN-001,cvd_2024_01,quarterly,2017_q1,2017-01-01,2017,1,1,1,ami,female,all,hospital_registered,quarterly_count,31,31,count,31,,,final,bnr_sdc_v1,0,0,cvd_2023_12,,,,not_applicable,0,0,0,none,No disclosure restriction identified.,No disclosure restriction identified.
CVD-BURDEN-001,cvd_2024_01,quarterly,2017_q1,2017-01-01,2017,1,1,1,ami,female,all,hospital_registered,quarterly_same_quarter_previous_5yr_mean,22,22,count,110,,5,final,bnr_sdc_v1,0,0,cvd_2023_12,,,,not_applicable,0,0,0,none,No disclosure restriction identified.,No disclosure restriction identified.
CVD-BURDEN-001,cvd_2024_01,quarterly,2017_q1,2017-01-01,2017,1,1,1,ami,male,all,hospital_registered,quarterly_count,42,42,count,42,,,final,bnr_sdc_v1,0,0,cvd_2023_12,,,,not_applicable,0,0,0,none,No disclosure restriction identified.,No disclosure restriction identified.
CVD-BURDEN-001,cvd_2024_01,quarterly,2017_q1,2017-01-01,2017,1,1,1,ami,male,all,hospital_registered,quarterly_same_quarter_previous_5yr_mean,29.6,29.6,count,148,,5,final,bnr_sdc_v1,0,0,cvd_2023_12,,,,not_applicable,0,0,0,none,No disclosure restriction identified.,No disclosure restriction identified.
CVD-BURDEN-001,cvd_2024_01,quarterly,2017_q1,2017-01-01,2017,1,1,1,stroke,all,all,hospital_registered,quarterly_count,148,148,count,148,,,final,bnr_sdc_v1,0,0,cvd_2023_12,,,,not_applicable,0,0,0,none,No disclosure restriction identified.,No disclosure restriction identified.
CVD-BURDEN-001,cvd_2024_01,quarterly,2017_q1,2017-01-01,2017,1,1,1,stroke,all,all,hospital_registered,quarterly_same_quarter_previous_5yr_mean,130.8,130.8,count,654,,5,final,bnr_sdc_v1,0,0,cvd_2023_12,,,,not_applicable,0,0,0,none,No disclosure restriction identified.,No disclosure restriction identified.
CVD-BURDEN-001,cvd_2024_01,quarterly,2017_q1,2017-01-01,2017,1,1,1,stroke,female,all,hospital_registered,quarterly_count,80,80,count,80,,,final,bnr_sdc_v1,0,0,cvd_2023_12,,,,not_applicable,0,0,0,none,No disclosure restriction identified.,No disclosure restriction identified.
CVD-BURDEN-001,cvd_2024_01,quarterly,2017_q1,2017-01-01,2017,1,1,1,stroke,female,all,hospital_registered,quarterly_same_quarter_previous_5yr_mean,68.59999999999999,68.6,count,343,,5,final,bnr_sdc_v1,0,0,cvd_2023_12,,,,not_applicable,0,0,0,none,No disclosure restriction identified.,No disclosure restriction identified.
CVD-BURDEN-001,cvd_2024_01,quarterly,2017_q1,2017-01-01,2017,1,1,1,stroke,male,all,hospital_registered,quarterly_count,68,68,count,68,,,final,bnr_sdc_v1,0,0,cvd_2023_12,,,,not_applicable,0,0,0,none,No disclosure restriction identified.,No disclosure restriction identified.
CVD-BURDEN-001,cvd_2024_01,quarterly,2017_q1,2017-01-01,2017,1,1,1,stroke,male,all,hospital_registered,quarterly_same_quarter_previous_5yr_mean,62.2,62.2,count,311,,5,final,bnr_sdc_v1,0,0,cvd_2023_12,,,,not_applicable,0,0,0,none,No disclosure restriction identified.,No disclosure restriction identified.
CVD-BURDEN-001,cvd_2024_01,quarterly,2017_q2,2017-04-01,2017,4,2,1,all_cvd,all,all,hospital_registered,quarterly_count,198,198,count,198,,,final,bnr_sdc_v1,0,0,cvd_2023_12,,,,not_applicable,0,0,0,none,No disclosure restriction identified.,No disclosure restriction identified.
CVD-BURDEN-001,cvd_2024_01,quarterly,2017_q2,2017-04-01,2017,4,2,1,all_cvd,all,all,hospital_registered,quarterly_same_quarter_previous_5yr_mean,168.8,168.8,count,844,,5,final,bnr_sdc_v1,0,0,cvd_2023_12,,,,not_applicable,0,0,0,none,No disclosure restriction identified.,No disclosure restriction identified.
CVD-BURDEN-001,cvd_2024_01,quarterly,2017_q2,2017-04-01,2017,4,2,1,all_cvd,female,all,hospital_registered,quarterly_count,98,98,count,98,,,final,bnr_sdc_v1,0,0,cvd_2023_12,,,,not_applicable,0,0,0,none,No disclosure restriction identified.,No disclosure restriction identified.
CVD-BURDEN-001,cvd_2024_01,quarterly,2017_q2,2017-04-01,2017,4,2,1,all_cvd,female,all,hospital_registered,quarterly_same_quarter_previous_5yr_mean,82.2,82.2,count,411,,5,final,bnr_sdc_v1,0,0,cvd_2023_12,,,,not_applicable,0,0,0,none,No disclosure restriction identified.,No disclosure restriction identified.
CVD-BURDEN-001,cvd_2024_01,quarterly,2017_q2,2017-04-01,2017,4,2,1,all_cvd,male,all,hospital_registered,quarterly_count,100,100,count,100,,,final,bnr_sdc_v1,0,0,cvd_2023_12,,,,not_applicable,0,0,0,none,No disclosure restriction identified.,No disclosure restriction identified.
CVD-BURDEN-001,cvd_2024_01,quarterly,2017_q2,2017-04-01,2017,4,2,1,all_cvd,male,all,hospital_registered,quarterly_same_quarter_previous_5yr_mean,86.59999999999999,86.6,count,433,,5,final,bnr_sdc_v1,0,0,cvd_2023_12,,,,not_applicable,0,0,0,none,No disclosure restriction identified.,No disclosure restriction identified.
CVD-BURDEN-001,cvd_2024_01,quarterly,2017_q2,2017-04-01,2017,4,2,1,ami,all,all,hospital_registered,quarterly_count,61,61,count,61,,,final,bnr_sdc_v1,0,0,cvd_2023_12,,,,not_applicable,0,0,0,none,No disclosure restriction identified.,No disclosure restriction identified.
CVD-BURDEN-001,cvd_2024_01,quarterly,2017_q2,2017-04-01,2017,4,2,1,ami,all,all,hospital_registered,quarterly_same_quarter_previous_5yr_mean,51.4,51.4,count,257,,5,final,bnr_sdc_v1,0,0,cvd_2023_12,,,,not_applicable,0,0,0,none,No disclosure restriction identified.,No disclosure restriction identified.
CVD-BURDEN-001,cvd_2024_01,quarterly,2017_q2,2017-04-01,2017,4,2,1,ami,female,all,hospital_registered,quarterly_count,29,29,count,29,,,final,bnr_sdc_v1,0,0,cvd_2023_12,,,,not_applicable,0,0,0,none,No disclosure restriction identified.,No disclosure restriction identified.
CVD-BURDEN-001,cvd_2024_01,quarterly,2017_q2,2017-04-01,2017,4,2,1,ami,female,all,hospital_registered,quarterly_same_quarter_previous_5yr_mean,23.4,23.4,count,117,,5,final,bnr_sdc_v1,0,0,cvd_2023_12,,,,not_applicable,0,0,0,none,No disclosure restriction identified.,No disclosure restriction identified.
CVD-BURDEN-001,cvd_2024_01,quarterly,2017_q2,2017-04-01,2017,4,2,1,ami,male,all,hospital_registered,quarterly_count,32,32,count,32,,,final,bnr_sdc_v1,0,0,cvd_2023_12,,,,not_applicable,0,0,0,none,No disclosure restriction identified.,No disclosure restriction identified.
CVD-BURDEN-001,cvd_2024_01,quarterly,2017_q2,2017-04-01,2017,4,2,1,ami,male,all,hospital_registered,quarterly_same_quarter_previous_5yr_mean,28,28,count,140,,5,final,bnr_sdc_v1,0,0,cvd_2023_12,,,,not_applicable,0,0,0,none,No disclosure restriction identified.,No disclosure restriction identified.
CVD-BURDEN-001,cvd_2024_01,quarterly,2017_q2,2017-04-01,2017,4,2,1,stroke,all,all,hospital_registered,quarterly_count,137,137,count,137,,,final,bnr_sdc_v1,0,0,cvd_2023_12,,,,not_applicable,0,0,0,none,No disclosure restriction identified.,No disclosure restriction identified.
CVD-BURDEN-001,cvd_2024_01,quarterly,2017_q2,2017-04-01,2017,4,2,1,stroke,all,all,hospital_registered,quarterly_same_quarter_previous_5yr_mean,117.4,117.4,count,587,,5,final,bnr_sdc_v1,0,0,cvd_2023_12,,,,not_applicable,0,0,0,none,No disclosure restriction identified.,No disclosure restriction identified.
CVD-BURDEN-001,cvd_2024_01,quarterly,2017_q2,2017-04-01,2017,4,2,1,stroke,female,all,hospital_registered,quarterly_count,69,69,count,69,,,final,bnr_sdc_v1,0,0,cvd_2023_12,,,,not_applicable,0,0,0,none,No disclosure restriction identified.,No disclosure restriction identified.
CVD-BURDEN-001,cvd_2024_01,quarterly,2017_q2,2017-04-01,2017,4,2,1,stroke,female,all,hospital_registered,quarterly_same_quarter_previous_5yr_mean,58.8,58.8,count,294,,5,final,bnr_sdc_v1,0,0,cvd_2023_12,,,,not_applicable,0,0,0,none,No disclosure restriction identified.,No disclosure restriction identified.
CVD-BURDEN-001,cvd_2024_01,quarterly,2017_q2,2017-04-01,2017,4,2,1,stroke,male,all,hospital_registered,quarterly_count,68,68,count,68,,,final,bnr_sdc_v1,0,0,cvd_2023_12,,,,not_applicable,0,0,0,none,No disclosure restriction identified.,No disclosure restriction identified.
CVD-BURDEN-001,cvd_2024_01,quarterly,2017_q2,2017-04-01,2017,4,2,1,stroke,male,all,hospital_registered,quarterly_same_quarter_previous_5yr_mean,58.6,58.6,count,293,,5,final,bnr_sdc_v1,0,0,cvd_2023_12,,,,not_applicable,0,0,0,none,No disclosure restriction identified.,No disclosure restriction identified.
CVD-BURDEN-001,cvd_2024_01,quarterly,2017_q3,2017-07-01,2017,7,3,1,all_cvd,all,all,hospital_registered,quarterly_count,189,189,count,189,,,final,bnr_sdc_v1,0,0,cvd_2023_12,,,,not_applicable,0,0,0,none,No disclosure restriction identified.,No disclosure restriction identified.
CVD-BURDEN-001,cvd_2024_01,quarterly,2017_q3,2017-07-01,2017,7,3,1,all_cvd,all,all,hospital_registered,quarterly_same_quarter_previous_5yr_mean,171.6,171.6,count,858,,5,final,bnr_sdc_v1,0,0,cvd_2023_12,,,,not_applicable,0,0,0,none,No disclosure restriction identified.,No disclosure restriction identified.
CVD-BURDEN-001,cvd_2024_01,quarterly,2017_q3,2017-07-01,2017,7,3,1,all_cvd,female,all,hospital_registered,quarterly_count,91,91,count,91,,,final,bnr_sdc_v1,0,0,cvd_2023_12,,,,not_applicable,0,0,0,none,No disclosure restriction identified.,No disclosure restriction identified.
CVD-BURDEN-001,cvd_2024_01,quarterly,2017_q3,2017-07-01,2017,7,3,1,all_cvd,female,all,hospital_registered,quarterly_same_quarter_previous_5yr_mean,90.59999999999999,90.6,count,453,,5,final,bnr_sdc_v1,0,0,cvd_2023_12,,,,not_applicable,0,0,0,none,No disclosure restriction identified.,No disclosure restriction identified.
CVD-BURDEN-001,cvd_2024_01,quarterly,2017_q3,2017-07-01,2017,7,3,1,all_cvd,male,all,hospital_registered,quarterly_count,98,98,count,98,,,final,bnr_sdc_v1,0,0,cvd_2023_12,,,,not_applicable,0,0,0,none,No disclosure restriction identified.,No disclosure restriction identified.
CVD-BURDEN-001,cvd_2024_01,quarterly,2017_q3,2017-07-01,2017,7,3,1,all_cvd,male,all,hospital_registered,quarterly_same_quarter_previous_5yr_mean,81,81,count,405,,5,final,bnr_sdc_v1,0,0,cvd_2023_12,,,,not_applicable,0,0,0,none,No disclosure restriction identified.,No disclosure restriction identified.
CVD-BURDEN-001,cvd_2024_01,quarterly,2017_q3,2017-07-01,2017,7,3,1,ami,all,all,hospital_registered,quarterly_count,64,64,count,64,,,final,bnr_sdc_v1,0,0,cvd_2023_12,,,,not_applicable,0,0,0,none,No disclosure restriction identified.,No disclosure restriction identified.
CVD-BURDEN-001,cvd_2024_01,quarterly,2017_q3,2017-07-01,2017,7,3,1,ami,all,all,hospital_registered,quarterly_same_quarter_previous_5yr_mean,48.6,48.6,count,243,,5,final,bnr_sdc_v1,0,0,cvd_2023_12,,,,not_applicable,0,0,0,none,No disclosure restriction identified.,No disclosure restriction identified.
CVD-BURDEN-001,cvd_2024_01,quarterly,2017_q3,2017-07-01,2017,7,3,1,ami,female,all,hospital_registered,quarterly_count,35,35,count,35,,,final,bnr_sdc_v1,0,0,cvd_2023_12,,,,not_applicable,0,0,0,none,No disclosure restriction identified.,No disclosure restriction identified.
CVD-BURDEN-001,cvd_2024_01,quarterly,2017_q3,2017-07-01,2017,7,3,1,ami,female,all,hospital_registered,quarterly_same_quarter_previous_5yr_mean,22.8,22.8,count,114,,5,final,bnr_sdc_v1,0,0,cvd_2023_12,,,,not_applicable,0,0,0,none,No disclosure restriction identified.,No disclosure restriction identified.
CVD-BURDEN-001,cvd_2024_01,quarterly,2017_q3,2017-07-01,2017,7,3,1,ami,male,all,hospital_registered,quarterly_count,29,29,count,29,,,final,bnr_sdc_v1,0,0,cvd_2023_12,,,,not_applicable,0,0,0,none,No disclosure restriction identified.,No disclosure restriction identified.
CVD-BURDEN-001,cvd_2024_01,quarterly,2017_q3,2017-07-01,2017,7,3,1,ami,male,all,hospital_registered,quarterly_same_quarter_previous_5yr_mean,25.8,25.8,count,129,,5,final,bnr_sdc_v1,0,0,cvd_2023_12,,,,not_applicable,0,0,0,none,No disclosure restriction identified.,No disclosure restriction identified.
CVD-BURDEN-001,cvd_2024_01,quarterly,2017_q3,2017-07-01,2017,7,3,1,stroke,all,all,hospital_registered,quarterly_count,125,125,count,125,,,final,bnr_sdc_v1,0,0,cvd_2023_12,,,,not_applicable,0,0,0,none,No disclosure restriction identified.,No disclosure restriction identified.
CVD-BURDEN-001,cvd_2024_01,quarterly,2017_q3,2017-07-01,2017,7,3,1,stroke,all,all,hospital_registered,quarterly_same_quarter_previous_5yr_mean,123,123,count,615,,5,final,bnr_sdc_v1,0,0,cvd_2023_12,,,,not_applicable,0,0,0,none,No disclosure restriction identified.,No disclosure restriction identified.
CVD-BURDEN-001,cvd_2024_01,quarterly,2017_q3,2017-07-01,2017,7,3,1,stroke,female,all,hospital_registered,quarterly_count,56,56,count,56,,,final,bnr_sdc_v1,0,0,cvd_2023_12,,,,not_applicable,0,0,0,none,No disclosure restriction identified.,No disclosure restriction identified.
CVD-BURDEN-001,cvd_2024_01,quarterly,2017_q3,2017-07-01,2017,7,3,1,stroke,female,all,hospital_registered,quarterly_same_quarter_previous_5yr_mean,67.8,67.8,count,339,,5,final,bnr_sdc_v1,0,0,cvd_2023_12,,,,not_applicable,0,0,0,none,No disclosure restriction identified.,No disclosure restriction identified.
CVD-BURDEN-001,cvd_2024_01,quarterly,2017_q3,2017-07-01,2017,7,3,1,stroke,male,all,hospital_registered,quarterly_count,69,69,count,69,,,final,bnr_sdc_v1,0,0,cvd_2023_12,,,,not_applicable,0,0,0,none,No disclosure restriction identified.,No disclosure restriction identified.
CVD-BURDEN-001,cvd_2024_01,quarterly,2017_q3,2017-07-01,2017,7,3,1,stroke,male,all,hospital_registered,quarterly_same_quarter_previous_5yr_mean,55.2,55.2,count,276,,5,final,bnr_sdc_v1,0,0,cvd_2023_12,,,,not_applicable,0,0,0,none,No disclosure restriction identified.,No disclosure restriction identified.
CVD-BURDEN-001,cvd_2024_01,quarterly,2017_q4,2017-10-01,2017,10,4,1,all_cvd,all,all,hospital_registered,quarterly_count,214,214,count,214,,,final,bnr_sdc_v1,0,0,cvd_2023_12,,,,not_applicable,0,0,0,none,No disclosure restriction identified.,No disclosure restriction identified.
CVD-BURDEN-001,cvd_2024_01,quarterly,2017_q4,2017-10-01,2017,10,4,1,all_cvd,all,all,hospital_registered,quarterly_same_quarter_previous_5yr_mean,171.4,171.4,count,857,,5,final,bnr_sdc_v1,0,0,cvd_2023_12,,,,not_applicable,0,0,0,none,No disclosure restriction identified.,No disclosure restriction identified.
CVD-BURDEN-001,cvd_2024_01,quarterly,2017_q4,2017-10-01,2017,10,4,1,all_cvd,female,all,hospital_registered,quarterly_count,118,118,count,118,,,final,bnr_sdc_v1,0,0,cvd_2023_12,,,,not_applicable,0,0,0,none,No disclosure restriction identified.,No disclosure restriction identified.
CVD-BURDEN-001,cvd_2024_01,quarterly,2017_q4,2017-10-01,2017,10,4,1,all_cvd,female,all,hospital_registered,quarterly_same_quarter_previous_5yr_mean,88.8,88.8,count,444,,5,final,bnr_sdc_v1,0,0,cvd_2023_12,,,,not_applicable,0,0,0,none,No disclosure restriction identified.,No disclosure restriction identified.
CVD-BURDEN-001,cvd_2024_01,quarterly,2017_q4,2017-10-01,2017,10,4,1,all_cvd,male,all,hospital_registered,quarterly_count,96,96,count,96,,,final,bnr_sdc_v1,0,0,cvd_2023_12,,,,not_applicable,0,0,0,none,No disclosure restriction identified.,No disclosure restriction identified.
CVD-BURDEN-001,cvd_2024_01,quarterly,2017_q4,2017-10-01,2017,10,4,1,all_cvd,male,all,hospital_registered,quarterly_same_quarter_previous_5yr_mean,82.59999999999999,82.6,count,413,,5,final,bnr_sdc_v1,0,0,cvd_2023_12,,,,not_applicable,0,0,0,none,No disclosure restriction identified.,No disclosure restriction identified.
CVD-BURDEN-001,cvd_2024_01,quarterly,2017_q4,2017-10-01,2017,10,4,1,ami,all,all,hospital_registered,quarterly_count,80,80,count,80,,,final,bnr_sdc_v1,0,0,cvd_2023_12,,,,not_applicable,0,0,0,none,No disclosure restriction identified.,No disclosure restriction identified.
CVD-BURDEN-001,cvd_2024_01,quarterly,2017_q4,2017-10-01,2017,10,4,1,ami,all,all,hospital_registered,quarterly_same_quarter_previous_5yr_mean,48.8,48.8,count,244,,5,final,bnr_sdc_v1,0,0,cvd_2023_12,,,,not_applicable,0,0,0,none,No disclosure restriction identified.,No disclosure restriction identified.
CVD-BURDEN-001,cvd_2024_01,quarterly,2017_q4,2017-10-01,2017,10,4,1,ami,female,all,hospital_registered,quarterly_count,36,36,count,36,,,final,bnr_sdc_v1,0,0,cvd_2023_12,,,,not_applicable,0,0,0,none,No disclosure restriction identified.,No disclosure restriction identified.
CVD-BURDEN-001,cvd_2024_01,quarterly,2017_q4,2017-10-01,2017,10,4,1,ami,female,all,hospital_registered,quarterly_same_quarter_previous_5yr_mean,24.6,24.6,count,123,,5,final,bnr_sdc_v1,0,0,cvd_2023_12,,,,not_applicable,0,0,0,none,No disclosure restriction identified.,No disclosure restriction identified.
CVD-BURDEN-001,cvd_2024_01,quarterly,2017_q4,2017-10-01,2017,10,4,1,ami,male,all,hospital_registered,quarterly_count,44,44,count,44,,,final,bnr_sdc_v1,0,0,cvd_2023_12,,,,not_applicable,0,0,0,none,No disclosure restriction identified.,No disclosure restriction identified.
CVD-BURDEN-001,cvd_2024_01,quarterly,2017_q4,2017-10-01,2017,10,4,1,ami,male,all,hospital_registered,quarterly_same_quarter_previous_5yr_mean,24.2,24.2,count,121,,5,final,bnr_sdc_v1,0,0,cvd_2023_12,,,,not_applicable,0,0,0,none,No disclosure restriction identified.,No disclosure restriction identified.
CVD-BURDEN-001,cvd_2024_01,quarterly,2017_q4,2017-10-01,2017,10,4,1,stroke,all,all,hospital_registered,quarterly_count,134,134,count,134,,,final,bnr_sdc_v1,0,0,cvd_2023_12,,,,not_applicable,0,0,0,none,No disclosure restriction identified.,No disclosure restriction identified.
CVD-BURDEN-001,cvd_2024_01,quarterly,2017_q4,2017-10-01,2017,10,4,1,stroke,all,all,hospital_registered,quarterly_same_quarter_previous_5yr_mean,122.6,122.6,count,613,,5,final,bnr_sdc_v1,0,0,cvd_2023_12,,,,not_applicable,0,0,0,none,No disclosure restriction identified.,No disclosure restriction identified.
CVD-BURDEN-001,cvd_2024_01,quarterly,2017_q4,2017-10-01,2017,10,4,1,stroke,female,all,hospital_registered,quarterly_count,82,82,count,82,,,final,bnr_sdc_v1,0,0,cvd_2023_12,,,,not_applicable,0,0,0,none,No disclosure restriction identified.,No disclosure restriction identified.
CVD-BURDEN-001,cvd_2024_01,quarterly,2017_q4,2017-10-01,2017,10,4,1,stroke,female,all,hospital_registered,quarterly_same_quarter_previous_5yr_mean,64.2,64.2,count,321,,5,final,bnr_sdc_v1,0,0,cvd_2023_12,,,,not_applicable,0,0,0,none,No disclosure restriction identified.,No disclosure restriction identified.
CVD-BURDEN-001,cvd_2024_01,quarterly,2017_q4,2017-10-01,2017,10,4,1,stroke,male,all,hospital_registered,quarterly_count,52,52,count,52,,,final,bnr_sdc_v1,0,0,cvd_2023_12,,,,not_applicable,0,0,0,none,No disclosure restriction identified.,No disclosure restriction identified.
CVD-BURDEN-001,cvd_2024_01,quarterly,2017_q4,2017-10-01,2017,10,4,1,stroke,male,all,hospital_registered,quarterly_same_quarter_previous_5yr_mean,58.4,58.4,count,292,,5,final,bnr_sdc_v1,0,0,cvd_2023_12,,,,not_applicable,0,0,0,none,No disclosure restriction identified.,No disclosure restriction identified.
CVD-BURDEN-001,cvd_2024_01,quarterly,2018_q1,2018-01-01,2018,1,1,1,all_cvd,all,all,hospital_registered,quarterly_count,212,212,count,212,,,final,bnr_sdc_v1,0,0,cvd_2023_12,,,,not_applicable,0,0,0,none,No disclosure restriction identified.,No disclosure restriction identified.
CVD-BURDEN-001,cvd_2024_01,quarterly,2018_q1,2018-01-01,2018,1,1,1,all_cvd,all,all,hospital_registered,quarterly_same_quarter_previous_5yr_mean,199.6,199.6,count,998,,5,final,bnr_sdc_v1,0,0,cvd_2023_12,,,,not_applicable,0,0,0,none,No disclosure restriction identified.,No disclosure restriction identified.
CVD-BURDEN-001,cvd_2024_01,quarterly,2018_q1,2018-01-01,2018,1,1,1,all_cvd,female,all,hospital_registered,quarterly_count,99,99,count,99,,,final,bnr_sdc_v1,0,0,cvd_2023_12,,,,not_applicable,0,0,0,none,No disclosure restriction identified.,No disclosure restriction identified.
CVD-BURDEN-001,cvd_2024_01,quarterly,2018_q1,2018-01-01,2018,1,1,1,all_cvd,female,all,hospital_registered,quarterly_same_quarter_previous_5yr_mean,100.8,100.8,count,504,,5,final,bnr_sdc_v1,0,0,cvd_2023_12,,,,not_applicable,0,0,0,none,No disclosure restriction identified.,No disclosure restriction identified.
CVD-BURDEN-001,cvd_2024_01,quarterly,2018_q1,2018-01-01,2018,1,1,1,all_cvd,male,all,hospital_registered,quarterly_count,113,113,count,113,,,final,bnr_sdc_v1,0,0,cvd_2023_12,,,,not_applicable,0,0,0,none,No disclosure restriction identified.,No disclosure restriction identified.
CVD-BURDEN-001,cvd_2024_01,quarterly,2018_q1,2018-01-01,2018,1,1,1,all_cvd,male,all,hospital_registered,quarterly_same_quarter_previous_5yr_mean,98.8,98.8,count,494,,5,final,bnr_sdc_v1,0,0,cvd_2023_12,,,,not_applicable,0,0,0,none,No disclosure restriction identified.,No disclosure restriction identified.
CVD-BURDEN-001,cvd_2024_01,quarterly,2018_q1,2018-01-01,2018,1,1,1,ami,all,all,hospital_registered,quarterly_count,59,59,count,59,,,final,bnr_sdc_v1,0,0,cvd_2023_12,,,,not_applicable,0,0,0,none,No disclosure restriction identified.,No disclosure restriction identified.
CVD-BURDEN-001,cvd_2024_01,quarterly,2018_q1,2018-01-01,2018,1,1,1,ami,all,all,hospital_registered,quarterly_same_quarter_previous_5yr_mean,56.4,56.4,count,282,,5,final,bnr_sdc_v1,0,0,cvd_2023_12,,,,not_applicable,0,0,0,none,No disclosure restriction identified.,No disclosure restriction identified.
CVD-BURDEN-001,cvd_2024_01,quarterly,2018_q1,2018-01-01,2018,1,1,1,ami,female,all,hospital_registered,quarterly_count,17,17,count,17,,,final,bnr_sdc_v1,0,0,cvd_2023_12,,,,not_applicable,0,0,0,none,No disclosure restriction identified.,No disclosure restriction identified.
CVD-BURDEN-001,cvd_2024_01,quarterly,2018_q1,2018-01-01,2018,1,1,1,ami,female,all,hospital_registered,quarterly_same_quarter_previous_5yr_mean,24.6,24.6,count,123,,5,final,bnr_sdc_v1,0,0,cvd_2023_12,,,,not_applicable,0,0,0,none,No disclosure restriction identified.,No disclosure restriction identified.
CVD-BURDEN-001,cvd_2024_01,quarterly,2018_q1,2018-01-01,2018,1,1,1,ami,male,all,hospital_registered,quarterly_count,42,42,count,42,,,final,bnr_sdc_v1,0,0,cvd_2023_12,,,,not_applicable,0,0,0,none,No disclosure restriction identified.,No disclosure restriction identified.
CVD-BURDEN-001,cvd_2024_01,quarterly,2018_q1,2018-01-01,2018,1,1,1,ami,male,all,hospital_registered,quarterly_same_quarter_previous_5yr_mean,31.8,31.8,count,159,,5,final,bnr_sdc_v1,0,0,cvd_2023_12,,,,not_applicable,0,0,0,none,No disclosure restriction identified.,No disclosure restriction identified.
CVD-BURDEN-001,cvd_2024_01,quarterly,2018_q1,2018-01-01,2018,1,1,1,stroke,all,all,hospital_registered,quarterly_count,153,153,count,153,,,final,bnr_sdc_v1,0,0,cvd_2023_12,,,,not_applicable,0,0,0,none,No disclosure restriction identified.,No disclosure restriction identified.
CVD-BURDEN-001,cvd_2024_01,quarterly,2018_q1,2018-01-01,2018,1,1,1,stroke,all,all,hospital_registered,quarterly_same_quarter_previous_5yr_mean,143.2,143.2,count,716,,5,final,bnr_sdc_v1,0,0,cvd_2023_12,,,,not_applicable,0,0,0,none,No disclosure restriction identified.,No disclosure restriction identified.
CVD-BURDEN-001,cvd_2024_01,quarterly,2018_q1,2018-01-01,2018,1,1,1,stroke,female,all,hospital_registered,quarterly_count,82,82,count,82,,,final,bnr_sdc_v1,0,0,cvd_2023_12,,,,not_applicable,0,0,0,none,No disclosure restriction identified.,No disclosure restriction identified.
CVD-BURDEN-001,cvd_2024_01,quarterly,2018_q1,2018-01-01,2018,1,1,1,stroke,female,all,hospital_registered,quarterly_same_quarter_previous_5yr_mean,76.2,76.2,count,381,,5,final,bnr_sdc_v1,0,0,cvd_2023_12,,,,not_applicable,0,0,0,none,No disclosure restriction identified.,No disclosure restriction identified.
CVD-BURDEN-001,cvd_2024_01,quarterly,2018_q1,2018-01-01,2018,1,1,1,stroke,male,all,hospital_registered,quarterly_count,71,71,count,71,,,final,bnr_sdc_v1,0,0,cvd_2023_12,,,,not_applicable,0,0,0,none,No disclosure restriction identified.,No disclosure restriction identified.
CVD-BURDEN-001,cvd_2024_01,quarterly,2018_q1,2018-01-01,2018,1,1,1,stroke,male,all,hospital_registered,quarterly_same_quarter_previous_5yr_mean,67,67,count,335,,5,final,bnr_sdc_v1,0,0,cvd_2023_12,,,,not_applicable,0,0,0,none,No disclosure restriction identified.,No disclosure restriction identified.
CVD-BURDEN-001,cvd_2024_01,quarterly,2018_q2,2018-04-01,2018,4,2,1,all_cvd,all,all,hospital_registered,quarterly_count,222,222,count,222,,,final,bnr_sdc_v1,0,0,cvd_2023_12,,,,not_applicable,0,0,0,none,No disclosure restriction identified.,No disclosure restriction identified.
CVD-BURDEN-001,cvd_2024_01,quarterly,2018_q2,2018-04-01,2018,4,2,1,all_cvd,all,all,hospital_registered,quarterly_same_quarter_previous_5yr_mean,173,173,count,865,,5,final,bnr_sdc_v1,0,0,cvd_2023_12,,,,not_applicable,0,0,0,none,No disclosure restriction identified.,No disclosure restriction identified.
CVD-BURDEN-001,cvd_2024_01,quarterly,2018_q2,2018-04-01,2018,4,2,1,all_cvd,female,all,hospital_registered,quarterly_count,107,107,count,107,,,final,bnr_sdc_v1,0,0,cvd_2023_12,,,,not_applicable,0,0,0,none,No disclosure restriction identified.,No disclosure restriction identified.
CVD-BURDEN-001,cvd_2024_01,quarterly,2018_q2,2018-04-01,2018,4,2,1,all_cvd,female,all,hospital_registered,quarterly_same_quarter_previous_5yr_mean,83.40000000000001,83.4,count,417,,5,final,bnr_sdc_v1,0,0,cvd_2023_12,,,,not_applicable,0,0,0,none,No disclosure restriction identified.,No disclosure restriction identified.
CVD-BURDEN-001,cvd_2024_01,quarterly,2018_q2,2018-04-01,2018,4,2,1,all_cvd,male,all,hospital_registered,quarterly_count,115,115,count,115,,,final,bnr_sdc_v1,0,0,cvd_2023_12,,,,not_applicable,0,0,0,none,No disclosure restriction identified.,No disclosure restriction identified.
CVD-BURDEN-001,cvd_2024_01,quarterly,2018_q2,2018-04-01,2018,4,2,1,all_cvd,male,all,hospital_registered,quarterly_same_quarter_previous_5yr_mean,89.59999999999999,89.6,count,448,,5,final,bnr_sdc_v1,0,0,cvd_2023_12,,,,not_applicable,0,0,0,none,No disclosure restriction identified.,No disclosure restriction identified.
CVD-BURDEN-001,cvd_2024_01,quarterly,2018_q2,2018-04-01,2018,4,2,1,ami,all,all,hospital_registered,quarterly_count,82,82,count,82,,,final,bnr_sdc_v1,0,0,cvd_2023_12,,,,not_applicable,0,0,0,none,No disclosure restriction identified.,No disclosure restriction identified.
CVD-BURDEN-001,cvd_2024_01,quarterly,2018_q2,2018-04-01,2018,4,2,1,ami,all,all,hospital_registered,quarterly_same_quarter_previous_5yr_mean,54.2,54.2,count,271,,5,final,bnr_sdc_v1,0,0,cvd_2023_12,,,,not_applicable,0,0,0,none,No disclosure restriction identified.,No disclosure restriction identified.
CVD-BURDEN-001,cvd_2024_01,quarterly,2018_q2,2018-04-01,2018,4,2,1,ami,female,all,hospital_registered,quarterly_count,36,36,count,36,,,final,bnr_sdc_v1,0,0,cvd_2023_12,,,,not_applicable,0,0,0,none,No disclosure restriction identified.,No disclosure restriction identified.
CVD-BURDEN-001,cvd_2024_01,quarterly,2018_q2,2018-04-01,2018,4,2,1,ami,female,all,hospital_registered,quarterly_same_quarter_previous_5yr_mean,24.4,24.4,count,122,,5,final,bnr_sdc_v1,0,0,cvd_2023_12,,,,not_applicable,0,0,0,none,No disclosure restriction identified.,No disclosure restriction identified.
CVD-BURDEN-001,cvd_2024_01,quarterly,2018_q2,2018-04-01,2018,4,2,1,ami,male,all,hospital_registered,quarterly_count,46,46,count,46,,,final,bnr_sdc_v1,0,0,cvd_2023_12,,,,not_applicable,0,0,0,none,No disclosure restriction identified.,No disclosure restriction identified.
CVD-BURDEN-001,cvd_2024_01,quarterly,2018_q2,2018-04-01,2018,4,2,1,ami,male,all,hospital_registered,quarterly_same_quarter_previous_5yr_mean,29.8,29.8,count,149,,5,final,bnr_sdc_v1,0,0,cvd_2023_12,,,,not_applicable,0,0,0,none,No disclosure restriction identified.,No disclosure restriction identified.
CVD-BURDEN-001,cvd_2024_01,quarterly,2018_q2,2018-04-01,2018,4,2,1,stroke,all,all,hospital_registered,quarterly_count,140,140,count,140,,,final,bnr_sdc_v1,0,0,cvd_2023_12,,,,not_applicable,0,0,0,none,No disclosure restriction identified.,No disclosure restriction identified.
CVD-BURDEN-001,cvd_2024_01,quarterly,2018_q2,2018-04-01,2018,4,2,1,stroke,all,all,hospital_registered,quarterly_same_quarter_previous_5yr_mean,118.8,118.8,count,594,,5,final,bnr_sdc_v1,0,0,cvd_2023_12,,,,not_applicable,0,0,0,none,No disclosure restriction identified.,No disclosure restriction identified.
CVD-BURDEN-001,cvd_2024_01,quarterly,2018_q2,2018-04-01,2018,4,2,1,stroke,female,all,hospital_registered,quarterly_count,71,71,count,71,,,final,bnr_sdc_v1,0,0,cvd_2023_12,,,,not_applicable,0,0,0,none,No disclosure restriction identified.,No disclosure restriction identified.
CVD-BURDEN-001,cvd_2024_01,quarterly,2018_q2,2018-04-01,2018,4,2,1,stroke,female,all,hospital_registered,quarterly_same_quarter_previous_5yr_mean,59,59,count,295,,5,final,bnr_sdc_v1,0,0,cvd_2023_12,,,,not_applicable,0,0,0,none,No disclosure restriction identified.,No disclosure restriction identified.
CVD-BURDEN-001,cvd_2024_01,quarterly,2018_q2,2018-04-01,2018,4,2,1,stroke,male,all,hospital_registered,quarterly_count,69,69,count,69,,,final,bnr_sdc_v1,0,0,cvd_2023_12,,,,not_applicable,0,0,0,none,No disclosure restriction identified.,No disclosure restriction identified.
CVD-BURDEN-001,cvd_2024_01,quarterly,2018_q2,2018-04-01,2018,4,2,1,stroke,male,all,hospital_registered,quarterly_same_quarter_previous_5yr_mean,59.8,59.8,count,299,,5,final,bnr_sdc_v1,0,0,cvd_2023_12,,,,not_applicable,0,0,0,none,No disclosure restriction identified.,No disclosure restriction identified.
CVD-BURDEN-001,cvd_2024_01,quarterly,2018_q3,2018-07-01,2018,7,3,1,all_cvd,all,all,hospital_registered,quarterly_count,189,189,count,189,,,final,bnr_sdc_v1,0,0,cvd_2023_12,,,,not_applicable,0,0,0,none,No disclosure restriction identified.,No disclosure restriction identified.
CVD-BURDEN-001,cvd_2024_01,quarterly,2018_q3,2018-07-01,2018,7,3,1,all_cvd,all,all,hospital_registered,quarterly_same_quarter_previous_5yr_mean,180.2,180.2,count,901,,5,final,bnr_sdc_v1,0,0,cvd_2023_12,,,,not_applicable,0,0,0,none,No disclosure restriction identified.,No disclosure restriction identified.
CVD-BURDEN-001,cvd_2024_01,quarterly,2018_q3,2018-07-01,2018,7,3,1,all_cvd,female,all,hospital_registered,quarterly_count,81,81,count,81,,,final,bnr_sdc_v1,0,0,cvd_2023_12,,,,not_applicable,0,0,0,none,No disclosure restriction identified.,No disclosure restriction identified.
CVD-BURDEN-001,cvd_2024_01,quarterly,2018_q3,2018-07-01,2018,7,3,1,all_cvd,female,all,hospital_registered,quarterly_same_quarter_previous_5yr_mean,94.2,94.2,count,471,,5,final,bnr_sdc_v1,0,0,cvd_2023_12,,,,not_applicable,0,0,0,none,No disclosure restriction identified.,No disclosure restriction identified.
CVD-BURDEN-001,cvd_2024_01,quarterly,2018_q3,2018-07-01,2018,7,3,1,all_cvd,male,all,hospital_registered,quarterly_count,108,108,count,108,,,final,bnr_sdc_v1,0,0,cvd_2023_12,,,,not_applicable,0,0,0,none,No disclosure restriction identified.,No disclosure restriction identified.
CVD-BURDEN-001,cvd_2024_01,quarterly,2018_q3,2018-07-01,2018,7,3,1,all_cvd,male,all,hospital_registered,quarterly_same_quarter_previous_5yr_mean,86,86,count,430,,5,final,bnr_sdc_v1,0,0,cvd_2023_12,,,,not_applicable,0,0,0,none,No disclosure restriction identified.,No disclosure restriction identified.
CVD-BURDEN-001,cvd_2024_01,quarterly,2018_q3,2018-07-01,2018,7,3,1,ami,all,all,hospital_registered,quarterly_count,54,54,count,54,,,final,bnr_sdc_v1,0,0,cvd_2023_12,,,,not_applicable,0,0,0,none,No disclosure restriction identified.,No disclosure restriction identified.
CVD-BURDEN-001,cvd_2024_01,quarterly,2018_q3,2018-07-01,2018,7,3,1,ami,all,all,hospital_registered,quarterly_same_quarter_previous_5yr_mean,52.8,52.8,count,264,,5,final,bnr_sdc_v1,0,0,cvd_2023_12,,,,not_applicable,0,0,0,none,No disclosure restriction identified.,No disclosure restriction identified.
CVD-BURDEN-001,cvd_2024_01,quarterly,2018_q3,2018-07-01,2018,7,3,1,ami,female,all,hospital_registered,quarterly_count,21,21,count,21,,,final,bnr_sdc_v1,0,0,cvd_2023_12,,,,not_applicable,0,0,0,none,No disclosure restriction identified.,No disclosure restriction identified.
CVD-BURDEN-001,cvd_2024_01,quarterly,2018_q3,2018-07-01,2018,7,3,1,ami,female,all,hospital_registered,quarterly_same_quarter_previous_5yr_mean,25.2,25.2,count,126,,5,final,bnr_sdc_v1,0,0,cvd_2023_12,,,,not_applicable,0,0,0,none,No disclosure restriction identified.,No disclosure restriction identified.
CVD-BURDEN-001,cvd_2024_01,quarterly,2018_q3,2018-07-01,2018,7,3,1,ami,male,all,hospital_registered,quarterly_count,33,33,count,33,,,final,bnr_sdc_v1,0,0,cvd_2023_12,,,,not_applicable,0,0,0,none,No disclosure restriction identified.,No disclosure restriction identified.
CVD-BURDEN-001,cvd_2024_01,quarterly,2018_q3,2018-07-01,2018,7,3,1,ami,male,all,hospital_registered,quarterly_same_quarter_previous_5yr_mean,27.6,27.6,count,138,,5,final,bnr_sdc_v1,0,0,cvd_2023_12,,,,not_applicable,0,0,0,none,No disclosure restriction identified.,No disclosure restriction identified.
CVD-BURDEN-001,cvd_2024_01,quarterly,2018_q3,2018-07-01,2018,7,3,1,stroke,all,all,hospital_registered,quarterly_count,135,135,count,135,,,final,bnr_sdc_v1,0,0,cvd_2023_12,,,,not_applicable,0,0,0,none,No disclosure restriction identified.,No disclosure restriction identified.
CVD-BURDEN-001,cvd_2024_01,quarterly,2018_q3,2018-07-01,2018,7,3,1,stroke,all,all,hospital_registered,quarterly_same_quarter_previous_5yr_mean,127.4,127.4,count,637,,5,final,bnr_sdc_v1,0,0,cvd_2023_12,,,,not_applicable,0,0,0,none,No disclosure restriction identified.,No disclosure restriction identified.
CVD-BURDEN-001,cvd_2024_01,quarterly,2018_q3,2018-07-01,2018,7,3,1,stroke,female,all,hospital_registered,quarterly_count,60,60,count,60,,,final,bnr_sdc_v1,0,0,cvd_2023_12,,,,not_applicable,0,0,0,none,No disclosure restriction identified.,No disclosure restriction identified.
CVD-BURDEN-001,cvd_2024_01,quarterly,2018_q3,2018-07-01,2018,7,3,1,stroke,female,all,hospital_registered,quarterly_same_quarter_previous_5yr_mean,69,69,count,345,,5,final,bnr_sdc_v1,0,0,cvd_2023_12,,,,not_applicable,0,0,0,none,No disclosure restriction identified.,No disclosure restriction identified.
CVD-BURDEN-001,cvd_2024_01,quarterly,2018_q3,2018-07-01,2018,7,3,1,stroke,male,all,hospital_registered,quarterly_count,75,75,count,75,,,final,bnr_sdc_v1,0,0,cvd_2023_12,,,,not_applicable,0,0,0,none,No disclosure restriction identified.,No disclosure restriction identified.
CVD-BURDEN-001,cvd_2024_01,quarterly,2018_q3,2018-07-01,2018,7,3,1,stroke,male,all,hospital_registered,quarterly_same_quarter_previous_5yr_mean,58.4,58.4,count,292,,5,final,bnr_sdc_v1,0,0,cvd_2023_12,,,,not_applicable,0,0,0,none,No disclosure restriction identified.,No disclosure restriction identified.
CVD-BURDEN-001,cvd_2024_01,quarterly,2018_q4,2018-10-01,2018,10,4,1,all_cvd,all,all,hospital_registered,quarterly_count,184,184,count,184,,,final,bnr_sdc_v1,0,0,cvd_2023_12,,,,not_applicable,0,0,0,none,No disclosure restriction identified.,No disclosure restriction identified.
CVD-BURDEN-001,cvd_2024_01,quarterly,2018_q4,2018-10-01,2018,10,4,1,all_cvd,all,all,hospital_registered,quarterly_same_quarter_previous_5yr_mean,189,189,count,945,,5,final,bnr_sdc_v1,0,0,cvd_2023_12,,,,not_applicable,0,0,0,none,No disclosure restriction identified.,No disclosure restriction identified.
CVD-BURDEN-001,cvd_2024_01,quarterly,2018_q4,2018-10-01,2018,10,4,1,all_cvd,female,all,hospital_registered,quarterly_count,96,96,count,96,,,final,bnr_sdc_v1,0,0,cvd_2023_12,,,,not_applicable,0,0,0,none,No disclosure restriction identified.,No disclosure restriction identified.
CVD-BURDEN-001,cvd_2024_01,quarterly,2018_q4,2018-10-01,2018,10,4,1,all_cvd,female,all,hospital_registered,quarterly_same_quarter_previous_5yr_mean,97.8,97.8,count,489,,5,final,bnr_sdc_v1,0,0,cvd_2023_12,,,,not_applicable,0,0,0,none,No disclosure restriction identified.,No disclosure restriction identified.
CVD-BURDEN-001,cvd_2024_01,quarterly,2018_q4,2018-10-01,2018,10,4,1,all_cvd,male,all,hospital_registered,quarterly_count,88,88,count,88,,,final,bnr_sdc_v1,0,0,cvd_2023_12,,,,not_applicable,0,0,0,none,No disclosure restriction identified.,No disclosure restriction identified.
CVD-BURDEN-001,cvd_2024_01,quarterly,2018_q4,2018-10-01,2018,10,4,1,all_cvd,male,all,hospital_registered,quarterly_same_quarter_previous_5yr_mean,91.2,91.2,count,456,,5,final,bnr_sdc_v1,0,0,cvd_2023_12,,,,not_applicable,0,0,0,none,No disclosure restriction identified.,No disclosure restriction identified.
CVD-BURDEN-001,cvd_2024_01,quarterly,2018_q4,2018-10-01,2018,10,4,1,ami,all,all,hospital_registered,quarterly_count,62,62,count,62,,,final,bnr_sdc_v1,0,0,cvd_2023_12,,,,not_applicable,0,0,0,none,No disclosure restriction identified.,No disclosure restriction identified.
CVD-BURDEN-001,cvd_2024_01,quarterly,2018_q4,2018-10-01,2018,10,4,1,ami,all,all,hospital_registered,quarterly_same_quarter_previous_5yr_mean,55.2,55.2,count,276,,5,final,bnr_sdc_v1,0,0,cvd_2023_12,,,,not_applicable,0,0,0,none,No disclosure restriction identified.,No disclosure restriction identified.
CVD-BURDEN-001,cvd_2024_01,quarterly,2018_q4,2018-10-01,2018,10,4,1,ami,female,all,hospital_registered,quarterly_count,32,32,count,32,,,final,bnr_sdc_v1,0,0,cvd_2023_12,,,,not_applicable,0,0,0,none,No disclosure restriction identified.,No disclosure restriction identified.
CVD-BURDEN-001,cvd_2024_01,quarterly,2018_q4,2018-10-01,2018,10,4,1,ami,female,all,hospital_registered,quarterly_same_quarter_previous_5yr_mean,25.6,25.6,count,128,,5,final,bnr_sdc_v1,0,0,cvd_2023_12,,,,not_applicable,0,0,0,none,No disclosure restriction identified.,No disclosure restriction identified.
CVD-BURDEN-001,cvd_2024_01,quarterly,2018_q4,2018-10-01,2018,10,4,1,ami,male,all,hospital_registered,quarterly_count,30,30,count,30,,,final,bnr_sdc_v1,0,0,cvd_2023_12,,,,not_applicable,0,0,0,none,No disclosure restriction identified.,No disclosure restriction identified.
CVD-BURDEN-001,cvd_2024_01,quarterly,2018_q4,2018-10-01,2018,10,4,1,ami,male,all,hospital_registered,quarterly_same_quarter_previous_5yr_mean,29.6,29.6,count,148,,5,final,bnr_sdc_v1,0,0,cvd_2023_12,,,,not_applicable,0,0,0,none,No disclosure restriction identified.,No disclosure restriction identified.
CVD-BURDEN-001,cvd_2024_01,quarterly,2018_q4,2018-10-01,2018,10,4,1,stroke,all,all,hospital_registered,quarterly_count,122,122,count,122,,,final,bnr_sdc_v1,0,0,cvd_2023_12,,,,not_applicable,0,0,0,none,No disclosure restriction identified.,No disclosure restriction identified.
CVD-BURDEN-001,cvd_2024_01,quarterly,2018_q4,2018-10-01,2018,10,4,1,stroke,all,all,hospital_registered,quarterly_same_quarter_previous_5yr_mean,133.8,133.8,count,669,,5,final,bnr_sdc_v1,0,0,cvd_2023_12,,,,not_applicable,0,0,0,none,No disclosure restriction identified.,No disclosure restriction identified.
CVD-BURDEN-001,cvd_2024_01,quarterly,2018_q4,2018-10-01,2018,10,4,1,stroke,female,all,hospital_registered,quarterly_count,64,64,count,64,,,final,bnr_sdc_v1,0,0,cvd_2023_12,,,,not_applicable,0,0,0,none,No disclosure restriction identified.,No disclosure restriction identified.
CVD-BURDEN-001,cvd_2024_01,quarterly,2018_q4,2018-10-01,2018,10,4,1,stroke,female,all,hospital_registered,quarterly_same_quarter_previous_5yr_mean,72.2,72.2,count,361,,5,final,bnr_sdc_v1,0,0,cvd_2023_12,,,,not_applicable,0,0,0,none,No disclosure restriction identified.,No disclosure restriction identified.
CVD-BURDEN-001,cvd_2024_01,quarterly,2018_q4,2018-10-01,2018,10,4,1,stroke,male,all,hospital_registered,quarterly_count,58,58,count,58,,,final,bnr_sdc_v1,0,0,cvd_2023_12,,,,not_applicable,0,0,0,none,No disclosure restriction identified.,No disclosure restriction identified.
CVD-BURDEN-001,cvd_2024_01,quarterly,2018_q4,2018-10-01,2018,10,4,1,stroke,male,all,hospital_registered,quarterly_same_quarter_previous_5yr_mean,61.6,61.6,count,308,,5,final,bnr_sdc_v1,0,0,cvd_2023_12,,,,not_applicable,0,0,0,none,No disclosure restriction identified.,No disclosure restriction identified.
CVD-BURDEN-001,cvd_2024_01,quarterly,2019_q1,2019-01-01,2019,1,1,1,all_cvd,all,all,hospital_registered,quarterly_count,252,252,count,252,,,final,bnr_sdc_v1,0,0,cvd_2023_12,,,,not_applicable,0,0,0,none,No disclosure restriction identified.,No disclosure restriction identified.
CVD-BURDEN-001,cvd_2024_01,quarterly,2019_q1,2019-01-01,2019,1,1,1,all_cvd,all,all,hospital_registered,quarterly_same_quarter_previous_5yr_mean,202,202,count,1010,,5,final,bnr_sdc_v1,0,0,cvd_2023_12,,,,not_applicable,0,0,0,none,No disclosure restriction identified.,No disclosure restriction identified.
CVD-BURDEN-001,cvd_2024_01,quarterly,2019_q1,2019-01-01,2019,1,1,1,all_cvd,female,all,hospital_registered,quarterly_count,124,124,count,124,,,final,bnr_sdc_v1,0,0,cvd_2023_12,,,,not_applicable,0,0,0,none,No disclosure restriction identified.,No disclosure restriction identified.
CVD-BURDEN-001,cvd_2024_01,quarterly,2019_q1,2019-01-01,2019,1,1,1,all_cvd,female,all,hospital_registered,quarterly_same_quarter_previous_5yr_mean,100.2,100.2,count,501,,5,final,bnr_sdc_v1,0,0,cvd_2023_12,,,,not_applicable,0,0,0,none,No disclosure restriction identified.,No disclosure restriction identified.
CVD-BURDEN-001,cvd_2024_01,quarterly,2019_q1,2019-01-01,2019,1,1,1,all_cvd,male,all,hospital_registered,quarterly_count,128,128,count,128,,,final,bnr_sdc_v1,0,0,cvd_2023_12,,,,not_applicable,0,0,0,none,No disclosure restriction identified.,No disclosure restriction identified.
CVD-BURDEN-001,cvd_2024_01,quarterly,2019_q1,2019-01-01,2019,1,1,1,all_cvd,male,all,hospital_registered,quarterly_same_quarter_previous_5yr_mean,101.8,101.8,count,509,,5,final,bnr_sdc_v1,0,0,cvd_2023_12,,,,not_applicable,0,0,0,none,No disclosure restriction identified.,No disclosure restriction identified.
CVD-BURDEN-001,cvd_2024_01,quarterly,2019_q1,2019-01-01,2019,1,1,1,ami,all,all,hospital_registered,quarterly_count,73,73,count,73,,,final,bnr_sdc_v1,0,0,cvd_2023_12,,,,not_applicable,0,0,0,none,No disclosure restriction identified.,No disclosure restriction identified.
CVD-BURDEN-001,cvd_2024_01,quarterly,2019_q1,2019-01-01,2019,1,1,1,ami,all,all,hospital_registered,quarterly_same_quarter_previous_5yr_mean,59.6,59.6,count,298,,5,final,bnr_sdc_v1,0,0,cvd_2023_12,,,,not_applicable,0,0,0,none,No disclosure restriction identified.,No disclosure restriction identified.
CVD-BURDEN-001,cvd_2024_01,quarterly,2019_q1,2019-01-01,2019,1,1,1,ami,female,all,hospital_registered,quarterly_count,36,36,count,36,,,final,bnr_sdc_v1,0,0,cvd_2023_12,,,,not_applicable,0,0,0,none,No disclosure restriction identified.,No disclosure restriction identified.
CVD-BURDEN-001,cvd_2024_01,quarterly,2019_q1,2019-01-01,2019,1,1,1,ami,female,all,hospital_registered,quarterly_same_quarter_previous_5yr_mean,24.4,24.4,count,122,,5,final,bnr_sdc_v1,0,0,cvd_2023_12,,,,not_applicable,0,0,0,none,No disclosure restriction identified.,No disclosure restriction identified.
CVD-BURDEN-001,cvd_2024_01,quarterly,2019_q1,2019-01-01,2019,1,1,1,ami,male,all,hospital_registered,quarterly_count,37,37,count,37,,,final,bnr_sdc_v1,0,0,cvd_2023_12,,,,not_applicable,0,0,0,none,No disclosure restriction identified.,No disclosure restriction identified.
CVD-BURDEN-001,cvd_2024_01,quarterly,2019_q1,2019-01-01,2019,1,1,1,ami,male,all,hospital_registered,quarterly_same_quarter_previous_5yr_mean,35.2,35.2,count,176,,5,final,bnr_sdc_v1,0,0,cvd_2023_12,,,,not_applicable,0,0,0,none,No disclosure restriction identified.,No disclosure restriction identified.
CVD-BURDEN-001,cvd_2024_01,quarterly,2019_q1,2019-01-01,2019,1,1,1,stroke,all,all,hospital_registered,quarterly_count,179,179,count,179,,,final,bnr_sdc_v1,0,0,cvd_2023_12,,,,not_applicable,0,0,0,none,No disclosure restriction identified.,No disclosure restriction identified.
CVD-BURDEN-001,cvd_2024_01,quarterly,2019_q1,2019-01-01,2019,1,1,1,stroke,all,all,hospital_registered,quarterly_same_quarter_previous_5yr_mean,142.4,142.4,count,712,,5,final,bnr_sdc_v1,0,0,cvd_2023_12,,,,not_applicable,0,0,0,none,No disclosure restriction identified.,No disclosure restriction identified.
CVD-BURDEN-001,cvd_2024_01,quarterly,2019_q1,2019-01-01,2019,1,1,1,stroke,female,all,hospital_registered,quarterly_count,88,88,count,88,,,final,bnr_sdc_v1,0,0,cvd_2023_12,,,,not_applicable,0,0,0,none,No disclosure restriction identified.,No disclosure restriction identified.
CVD-BURDEN-001,cvd_2024_01,quarterly,2019_q1,2019-01-01,2019,1,1,1,stroke,female,all,hospital_registered,quarterly_same_quarter_previous_5yr_mean,75.8,75.8,count,379,,5,final,bnr_sdc_v1,0,0,cvd_2023_12,,,,not_applicable,0,0,0,none,No disclosure restriction identified.,No disclosure restriction identified.
CVD-BURDEN-001,cvd_2024_01,quarterly,2019_q1,2019-01-01,2019,1,1,1,stroke,male,all,hospital_registered,quarterly_count,91,91,count,91,,,final,bnr_sdc_v1,0,0,cvd_2023_12,,,,not_applicable,0,0,0,none,No disclosure restriction identified.,No disclosure restriction identified.
CVD-BURDEN-001,cvd_2024_01,quarterly,2019_q1,2019-01-01,2019,1,1,1,stroke,male,all,hospital_registered,quarterly_same_quarter_previous_5yr_mean,66.59999999999999,66.6,count,333,,5,final,bnr_sdc_v1,0,0,cvd_2023_12,,,,not_applicable,0,0,0,none,No disclosure restriction identified.,No disclosure restriction identified.
CVD-BURDEN-001,cvd_2024_01,quarterly,2019_q2,2019-04-01,2019,4,2,1,all_cvd,all,all,hospital_registered,quarterly_count,243,243,count,243,,,final,bnr_sdc_v1,0,0,cvd_2023_12,,,,not_applicable,0,0,0,none,No disclosure restriction identified.,No disclosure restriction identified.
CVD-BURDEN-001,cvd_2024_01,quarterly,2019_q2,2019-04-01,2019,4,2,1,all_cvd,all,all,hospital_registered,quarterly_same_quarter_previous_5yr_mean,187,187,count,935,,5,final,bnr_sdc_v1,0,0,cvd_2023_12,,,,not_applicable,0,0,0,none,No disclosure restriction identified.,No disclosure restriction identified.
CVD-BURDEN-001,cvd_2024_01,quarterly,2019_q2,2019-04-01,2019,4,2,1,all_cvd,female,all,hospital_registered,quarterly_count,136,136,count,136,,,final,bnr_sdc_v1,0,0,cvd_2023_12,,,,not_applicable,0,0,0,none,No disclosure restriction identified.,No disclosure restriction identified.
CVD-BURDEN-001,cvd_2024_01,quarterly,2019_q2,2019-04-01,2019,4,2,1,all_cvd,female,all,hospital_registered,quarterly_same_quarter_previous_5yr_mean,91,91,count,455,,5,final,bnr_sdc_v1,0,0,cvd_2023_12,,,,not_applicable,0,0,0,none,No disclosure restriction identified.,No disclosure restriction identified.
CVD-BURDEN-001,cvd_2024_01,quarterly,2019_q2,2019-04-01,2019,4,2,1,all_cvd,male,all,hospital_registered,quarterly_count,107,107,count,107,,,final,bnr_sdc_v1,0,0,cvd_2023_12,,,,not_applicable,0,0,0,none,No disclosure restriction identified.,No disclosure restriction identified.
CVD-BURDEN-001,cvd_2024_01,quarterly,2019_q2,2019-04-01,2019,4,2,1,all_cvd,male,all,hospital_registered,quarterly_same_quarter_previous_5yr_mean,96,96,count,480,,5,final,bnr_sdc_v1,0,0,cvd_2023_12,,,,not_applicable,0,0,0,none,No disclosure restriction identified.,No disclosure restriction identified.
CVD-BURDEN-001,cvd_2024_01,quarterly,2019_q2,2019-04-01,2019,4,2,1,ami,all,all,hospital_registered,quarterly_count,80,80,count,80,,,final,bnr_sdc_v1,0,0,cvd_2023_12,,,,not_applicable,0,0,0,none,No disclosure restriction identified.,No disclosure restriction identified.
CVD-BURDEN-001,cvd_2024_01,quarterly,2019_q2,2019-04-01,2019,4,2,1,ami,all,all,hospital_registered,quarterly_same_quarter_previous_5yr_mean,63.2,63.2,count,316,,5,final,bnr_sdc_v1,0,0,cvd_2023_12,,,,not_applicable,0,0,0,none,No disclosure restriction identified.,No disclosure restriction identified.
CVD-BURDEN-001,cvd_2024_01,quarterly,2019_q2,2019-04-01,2019,4,2,1,ami,female,all,hospital_registered,quarterly_count,38,38,count,38,,,final,bnr_sdc_v1,0,0,cvd_2023_12,,,,not_applicable,0,0,0,none,No disclosure restriction identified.,No disclosure restriction identified.
CVD-BURDEN-001,cvd_2024_01,quarterly,2019_q2,2019-04-01,2019,4,2,1,ami,female,all,hospital_registered,quarterly_same_quarter_previous_5yr_mean,28.4,28.4,count,142,,5,final,bnr_sdc_v1,0,0,cvd_2023_12,,,,not_applicable,0,0,0,none,No disclosure restriction identified.,No disclosure restriction identified.
CVD-BURDEN-001,cvd_2024_01,quarterly,2019_q2,2019-04-01,2019,4,2,1,ami,male,all,hospital_registered,quarterly_count,42,42,count,42,,,final,bnr_sdc_v1,0,0,cvd_2023_12,,,,not_applicable,0,0,0,none,No disclosure restriction identified.,No disclosure restriction identified.
CVD-BURDEN-001,cvd_2024_01,quarterly,2019_q2,2019-04-01,2019,4,2,1,ami,male,all,hospital_registered,quarterly_same_quarter_previous_5yr_mean,34.8,34.8,count,174,,5,final,bnr_sdc_v1,0,0,cvd_2023_12,,,,not_applicable,0,0,0,none,No disclosure restriction identified.,No disclosure restriction identified.
CVD-BURDEN-001,cvd_2024_01,quarterly,2019_q2,2019-04-01,2019,4,2,1,stroke,all,all,hospital_registered,quarterly_count,163,163,count,163,,,final,bnr_sdc_v1,0,0,cvd_2023_12,,,,not_applicable,0,0,0,none,No disclosure restriction identified.,No disclosure restriction identified.
CVD-BURDEN-001,cvd_2024_01,quarterly,2019_q2,2019-04-01,2019,4,2,1,stroke,all,all,hospital_registered,quarterly_same_quarter_previous_5yr_mean,123.8,123.8,count,619,,5,final,bnr_sdc_v1,0,0,cvd_2023_12,,,,not_applicable,0,0,0,none,No disclosure restriction identified.,No disclosure restriction identified.
CVD-BURDEN-001,cvd_2024_01,quarterly,2019_q2,2019-04-01,2019,4,2,1,stroke,female,all,hospital_registered,quarterly_count,98,98,count,98,,,final,bnr_sdc_v1,0,0,cvd_2023_12,,,,not_applicable,0,0,0,none,No disclosure restriction identified.,No disclosure restriction identified.
CVD-BURDEN-001,cvd_2024_01,quarterly,2019_q2,2019-04-01,2019,4,2,1,stroke,female,all,hospital_registered,quarterly_same_quarter_previous_5yr_mean,62.6,62.6,count,313,,5,final,bnr_sdc_v1,0,0,cvd_2023_12,,,,not_applicable,0,0,0,none,No disclosure restriction identified.,No disclosure restriction identified.
CVD-BURDEN-001,cvd_2024_01,quarterly,2019_q2,2019-04-01,2019,4,2,1,stroke,male,all,hospital_registered,quarterly_count,65,65,count,65,,,final,bnr_sdc_v1,0,0,cvd_2023_12,,,,not_applicable,0,0,0,none,No disclosure restriction identified.,No disclosure restriction identified.
CVD-BURDEN-001,cvd_2024_01,quarterly,2019_q2,2019-04-01,2019,4,2,1,stroke,male,all,hospital_registered,quarterly_same_quarter_previous_5yr_mean,61.2,61.2,count,306,,5,final,bnr_sdc_v1,0,0,cvd_2023_12,,,,not_applicable,0,0,0,none,No disclosure restriction identified.,No disclosure restriction identified.
CVD-BURDEN-001,cvd_2024_01,quarterly,2019_q3,2019-07-01,2019,7,3,1,all_cvd,all,all,hospital_registered,quarterly_count,231,231,count,231,,,final,bnr_sdc_v1,0,0,cvd_2023_12,,,,not_applicable,0,0,0,none,No disclosure restriction identified.,No disclosure restriction identified.
CVD-BURDEN-001,cvd_2024_01,quarterly,2019_q3,2019-07-01,2019,7,3,1,all_cvd,all,all,hospital_registered,quarterly_same_quarter_previous_5yr_mean,184,184,count,920,,5,final,bnr_sdc_v1,0,0,cvd_2023_12,,,,not_applicable,0,0,0,none,No disclosure restriction identified.,No disclosure restriction identified.
CVD-BURDEN-001,cvd_2024_01,quarterly,2019_q3,2019-07-01,2019,7,3,1,all_cvd,female,all,hospital_registered,quarterly_count,116,116,count,116,,,final,bnr_sdc_v1,0,0,cvd_2023_12,,,,not_applicable,0,0,0,none,No disclosure restriction identified.,No disclosure restriction identified.
CVD-BURDEN-001,cvd_2024_01,quarterly,2019_q3,2019-07-01,2019,7,3,1,all_cvd,female,all,hospital_registered,quarterly_same_quarter_previous_5yr_mean,91.8,91.8,count,459,,5,final,bnr_sdc_v1,0,0,cvd_2023_12,,,,not_applicable,0,0,0,none,No disclosure restriction identified.,No disclosure restriction identified.
CVD-BURDEN-001,cvd_2024_01,quarterly,2019_q3,2019-07-01,2019,7,3,1,all_cvd,male,all,hospital_registered,quarterly_count,115,115,count,115,,,final,bnr_sdc_v1,0,0,cvd_2023_12,,,,not_applicable,0,0,0,none,No disclosure restriction identified.,No disclosure restriction identified.
CVD-BURDEN-001,cvd_2024_01,quarterly,2019_q3,2019-07-01,2019,7,3,1,all_cvd,male,all,hospital_registered,quarterly_same_quarter_previous_5yr_mean,92.2,92.2,count,461,,5,final,bnr_sdc_v1,0,0,cvd_2023_12,,,,not_applicable,0,0,0,none,No disclosure restriction identified.,No disclosure restriction identified.
CVD-BURDEN-001,cvd_2024_01,quarterly,2019_q3,2019-07-01,2019,7,3,1,ami,all,all,hospital_registered,quarterly_count,84,84,count,84,,,final,bnr_sdc_v1,0,0,cvd_2023_12,,,,not_applicable,0,0,0,none,No disclosure restriction identified.,No disclosure restriction identified.
CVD-BURDEN-001,cvd_2024_01,quarterly,2019_q3,2019-07-01,2019,7,3,1,ami,all,all,hospital_registered,quarterly_same_quarter_previous_5yr_mean,55.8,55.8,count,279,,5,final,bnr_sdc_v1,0,0,cvd_2023_12,,,,not_applicable,0,0,0,none,No disclosure restriction identified.,No disclosure restriction identified.
CVD-BURDEN-001,cvd_2024_01,quarterly,2019_q3,2019-07-01,2019,7,3,1,ami,female,all,hospital_registered,quarterly_count,44,44,count,44,,,final,bnr_sdc_v1,0,0,cvd_2023_12,,,,not_applicable,0,0,0,none,No disclosure restriction identified.,No disclosure restriction identified.
CVD-BURDEN-001,cvd_2024_01,quarterly,2019_q3,2019-07-01,2019,7,3,1,ami,female,all,hospital_registered,quarterly_same_quarter_previous_5yr_mean,26.2,26.2,count,131,,5,final,bnr_sdc_v1,0,0,cvd_2023_12,,,,not_applicable,0,0,0,none,No disclosure restriction identified.,No disclosure restriction identified.
CVD-BURDEN-001,cvd_2024_01,quarterly,2019_q3,2019-07-01,2019,7,3,1,ami,male,all,hospital_registered,quarterly_count,40,40,count,40,,,final,bnr_sdc_v1,0,0,cvd_2023_12,,,,not_applicable,0,0,0,none,No disclosure restriction identified.,No disclosure restriction identified.
CVD-BURDEN-001,cvd_2024_01,quarterly,2019_q3,2019-07-01,2019,7,3,1,ami,male,all,hospital_registered,quarterly_same_quarter_previous_5yr_mean,29.6,29.6,count,148,,5,final,bnr_sdc_v1,0,0,cvd_2023_12,,,,not_applicable,0,0,0,none,No disclosure restriction identified.,No disclosure restriction identified.
CVD-BURDEN-001,cvd_2024_01,quarterly,2019_q3,2019-07-01,2019,7,3,1,stroke,all,all,hospital_registered,quarterly_count,147,147,count,147,,,final,bnr_sdc_v1,0,0,cvd_2023_12,,,,not_applicable,0,0,0,none,No disclosure restriction identified.,No disclosure restriction identified.
CVD-BURDEN-001,cvd_2024_01,quarterly,2019_q3,2019-07-01,2019,7,3,1,stroke,all,all,hospital_registered,quarterly_same_quarter_previous_5yr_mean,128.2,128.2,count,641,,5,final,bnr_sdc_v1,0,0,cvd_2023_12,,,,not_applicable,0,0,0,none,No disclosure restriction identified.,No disclosure restriction identified.
CVD-BURDEN-001,cvd_2024_01,quarterly,2019_q3,2019-07-01,2019,7,3,1,stroke,female,all,hospital_registered,quarterly_count,72,72,count,72,,,final,bnr_sdc_v1,0,0,cvd_2023_12,,,,not_applicable,0,0,0,none,No disclosure restriction identified.,No disclosure restriction identified.
CVD-BURDEN-001,cvd_2024_01,quarterly,2019_q3,2019-07-01,2019,7,3,1,stroke,female,all,hospital_registered,quarterly_same_quarter_previous_5yr_mean,65.59999999999999,65.6,count,328,,5,final,bnr_sdc_v1,0,0,cvd_2023_12,,,,not_applicable,0,0,0,none,No disclosure restriction identified.,No disclosure restriction identified.
CVD-BURDEN-001,cvd_2024_01,quarterly,2019_q3,2019-07-01,2019,7,3,1,stroke,male,all,hospital_registered,quarterly_count,75,75,count,75,,,final,bnr_sdc_v1,0,0,cvd_2023_12,,,,not_applicable,0,0,0,none,No disclosure restriction identified.,No disclosure restriction identified.
CVD-BURDEN-001,cvd_2024_01,quarterly,2019_q3,2019-07-01,2019,7,3,1,stroke,male,all,hospital_registered,quarterly_same_quarter_previous_5yr_mean,62.6,62.6,count,313,,5,final,bnr_sdc_v1,0,0,cvd_2023_12,,,,not_applicable,0,0,0,none,No disclosure restriction identified.,No disclosure restriction identified.
CVD-BURDEN-001,cvd_2024_01,quarterly,2019_q4,2019-10-01,2019,10,4,1,all_cvd,all,all,hospital_registered,quarterly_count,207,207,count,207,,,final,bnr_sdc_v1,0,0,cvd_2023_12,,,,not_applicable,0,0,0,none,No disclosure restriction identified.,No disclosure restriction identified.
CVD-BURDEN-001,cvd_2024_01,quarterly,2019_q4,2019-10-01,2019,10,4,1,all_cvd,all,all,hospital_registered,quarterly_same_quarter_previous_5yr_mean,190.8,190.8,count,954,,5,final,bnr_sdc_v1,0,0,cvd_2023_12,,,,not_applicable,0,0,0,none,No disclosure restriction identified.,No disclosure restriction identified.
CVD-BURDEN-001,cvd_2024_01,quarterly,2019_q4,2019-10-01,2019,10,4,1,all_cvd,female,all,hospital_registered,quarterly_count,94,94,count,94,,,final,bnr_sdc_v1,0,0,cvd_2023_12,,,,not_applicable,0,0,0,none,No disclosure restriction identified.,No disclosure restriction identified.
CVD-BURDEN-001,cvd_2024_01,quarterly,2019_q4,2019-10-01,2019,10,4,1,all_cvd,female,all,hospital_registered,quarterly_same_quarter_previous_5yr_mean,101.4,101.4,count,507,,5,final,bnr_sdc_v1,0,0,cvd_2023_12,,,,not_applicable,0,0,0,none,No disclosure restriction identified.,No disclosure restriction identified.
CVD-BURDEN-001,cvd_2024_01,quarterly,2019_q4,2019-10-01,2019,10,4,1,all_cvd,male,all,hospital_registered,quarterly_count,113,113,count,113,,,final,bnr_sdc_v1,0,0,cvd_2023_12,,,,not_applicable,0,0,0,none,No disclosure restriction identified.,No disclosure restriction identified.
CVD-BURDEN-001,cvd_2024_01,quarterly,2019_q4,2019-10-01,2019,10,4,1,all_cvd,male,all,hospital_registered,quarterly_same_quarter_previous_5yr_mean,89.40000000000001,89.4,count,447,,5,final,bnr_sdc_v1,0,0,cvd_2023_12,,,,not_applicable,0,0,0,none,No disclosure restriction identified.,No disclosure restriction identified.
CVD-BURDEN-001,cvd_2024_01,quarterly,2019_q4,2019-10-01,2019,10,4,1,ami,all,all,hospital_registered,quarterly_count,74,74,count,74,,,final,bnr_sdc_v1,0,0,cvd_2023_12,,,,not_applicable,0,0,0,none,No disclosure restriction identified.,No disclosure restriction identified.
CVD-BURDEN-001,cvd_2024_01,quarterly,2019_q4,2019-10-01,2019,10,4,1,ami,all,all,hospital_registered,quarterly_same_quarter_previous_5yr_mean,60.8,60.8,count,304,,5,final,bnr_sdc_v1,0,0,cvd_2023_12,,,,not_applicable,0,0,0,none,No disclosure restriction identified.,No disclosure restriction identified.
CVD-BURDEN-001,cvd_2024_01,quarterly,2019_q4,2019-10-01,2019,10,4,1,ami,female,all,hospital_registered,quarterly_count,33,33,count,33,,,final,bnr_sdc_v1,0,0,cvd_2023_12,,,,not_applicable,0,0,0,none,No disclosure restriction identified.,No disclosure restriction identified.
CVD-BURDEN-001,cvd_2024_01,quarterly,2019_q4,2019-10-01,2019,10,4,1,ami,female,all,hospital_registered,quarterly_same_quarter_previous_5yr_mean,29.2,29.2,count,146,,5,final,bnr_sdc_v1,0,0,cvd_2023_12,,,,not_applicable,0,0,0,none,No disclosure restriction identified.,No disclosure restriction identified.
CVD-BURDEN-001,cvd_2024_01,quarterly,2019_q4,2019-10-01,2019,10,4,1,ami,male,all,hospital_registered,quarterly_count,41,41,count,41,,,final,bnr_sdc_v1,0,0,cvd_2023_12,,,,not_applicable,0,0,0,none,No disclosure restriction identified.,No disclosure restriction identified.
CVD-BURDEN-001,cvd_2024_01,quarterly,2019_q4,2019-10-01,2019,10,4,1,ami,male,all,hospital_registered,quarterly_same_quarter_previous_5yr_mean,31.6,31.6,count,158,,5,final,bnr_sdc_v1,0,0,cvd_2023_12,,,,not_applicable,0,0,0,none,No disclosure restriction identified.,No disclosure restriction identified.
CVD-BURDEN-001,cvd_2024_01,quarterly,2019_q4,2019-10-01,2019,10,4,1,stroke,all,all,hospital_registered,quarterly_count,133,133,count,133,,,final,bnr_sdc_v1,0,0,cvd_2023_12,,,,not_applicable,0,0,0,none,No disclosure restriction identified.,No disclosure restriction identified.
CVD-BURDEN-001,cvd_2024_01,quarterly,2019_q4,2019-10-01,2019,10,4,1,stroke,all,all,hospital_registered,quarterly_same_quarter_previous_5yr_mean,130,130,count,650,,5,final,bnr_sdc_v1,0,0,cvd_2023_12,,,,not_applicable,0,0,0,none,No disclosure restriction identified.,No disclosure restriction identified.
CVD-BURDEN-001,cvd_2024_01,quarterly,2019_q4,2019-10-01,2019,10,4,1,stroke,female,all,hospital_registered,quarterly_count,61,61,count,61,,,final,bnr_sdc_v1,0,0,cvd_2023_12,,,,not_applicable,0,0,0,none,No disclosure restriction identified.,No disclosure restriction identified.
CVD-BURDEN-001,cvd_2024_01,quarterly,2019_q4,2019-10-01,2019,10,4,1,stroke,female,all,hospital_registered,quarterly_same_quarter_previous_5yr_mean,72.2,72.2,count,361,,5,final,bnr_sdc_v1,0,0,cvd_2023_12,,,,not_applicable,0,0,0,none,No disclosure restriction identified.,No disclosure restriction identified.
CVD-BURDEN-001,cvd_2024_01,quarterly,2019_q4,2019-10-01,2019,10,4,1,stroke,male,all,hospital_registered,quarterly_count,72,72,count,72,,,final,bnr_sdc_v1,0,0,cvd_2023_12,,,,not_applicable,0,0,0,none,No disclosure restriction identified.,No disclosure restriction identified.
CVD-BURDEN-001,cvd_2024_01,quarterly,2019_q4,2019-10-01,2019,10,4,1,stroke,male,all,hospital_registered,quarterly_same_quarter_previous_5yr_mean,57.8,57.8,count,289,,5,final,bnr_sdc_v1,0,0,cvd_2023_12,,,,not_applicable,0,0,0,none,No disclosure restriction identified.,No disclosure restriction identified.
CVD-BURDEN-001,cvd_2024_01,quarterly,2020_q1,2020-01-01,2020,1,1,1,all_cvd,all,all,hospital_registered,quarterly_count,217,217,count,217,,,final,bnr_sdc_v1,0,0,cvd_2023_12,,,,not_applicable,0,0,0,none,No disclosure restriction identified.,No disclosure restriction identified.
CVD-BURDEN-001,cvd_2024_01,quarterly,2020_q1,2020-01-01,2020,1,1,1,all_cvd,all,all,hospital_registered,quarterly_same_quarter_previous_5yr_mean,215,215,count,1075,,5,final,bnr_sdc_v1,0,0,cvd_2023_12,,,,not_applicable,0,0,0,none,No disclosure restriction identified.,No disclosure restriction identified.
CVD-BURDEN-001,cvd_2024_01,quarterly,2020_q1,2020-01-01,2020,1,1,1,all_cvd,female,all,hospital_registered,quarterly_count,107,107,count,107,,,final,bnr_sdc_v1,0,0,cvd_2023_12,,,,not_applicable,0,0,0,none,No disclosure restriction identified.,No disclosure restriction identified.
CVD-BURDEN-001,cvd_2024_01,quarterly,2020_q1,2020-01-01,2020,1,1,1,all_cvd,female,all,hospital_registered,quarterly_same_quarter_previous_5yr_mean,106.6,106.6,count,533,,5,final,bnr_sdc_v1,0,0,cvd_2023_12,,,,not_applicable,0,0,0,none,No disclosure restriction identified.,No disclosure restriction identified.
CVD-BURDEN-001,cvd_2024_01,quarterly,2020_q1,2020-01-01,2020,1,1,1,all_cvd,male,all,hospital_registered,quarterly_count,110,110,count,110,,,final,bnr_sdc_v1,0,0,cvd_2023_12,,,,not_applicable,0,0,0,none,No disclosure restriction identified.,No disclosure restriction identified.
CVD-BURDEN-001,cvd_2024_01,quarterly,2020_q1,2020-01-01,2020,1,1,1,all_cvd,male,all,hospital_registered,quarterly_same_quarter_previous_5yr_mean,108.4,108.4,count,542,,5,final,bnr_sdc_v1,0,0,cvd_2023_12,,,,not_applicable,0,0,0,none,No disclosure restriction identified.,No disclosure restriction identified.
CVD-BURDEN-001,cvd_2024_01,quarterly,2020_q1,2020-01-01,2020,1,1,1,ami,all,all,hospital_registered,quarterly_count,79,79,count,79,,,final,bnr_sdc_v1,0,0,cvd_2023_12,,,,not_applicable,0,0,0,none,No disclosure restriction identified.,No disclosure restriction identified.
CVD-BURDEN-001,cvd_2024_01,quarterly,2020_q1,2020-01-01,2020,1,1,1,ami,all,all,hospital_registered,quarterly_same_quarter_previous_5yr_mean,62.6,62.6,count,313,,5,final,bnr_sdc_v1,0,0,cvd_2023_12,,,,not_applicable,0,0,0,none,No disclosure restriction identified.,No disclosure restriction identified.
CVD-BURDEN-001,cvd_2024_01,quarterly,2020_q1,2020-01-01,2020,1,1,1,ami,female,all,hospital_registered,quarterly_count,33,33,count,33,,,final,bnr_sdc_v1,0,0,cvd_2023_12,,,,not_applicable,0,0,0,none,No disclosure restriction identified.,No disclosure restriction identified.
CVD-BURDEN-001,cvd_2024_01,quarterly,2020_q1,2020-01-01,2020,1,1,1,ami,female,all,hospital_registered,quarterly_same_quarter_previous_5yr_mean,26.4,26.4,count,132,,5,final,bnr_sdc_v1,0,0,cvd_2023_12,,,,not_applicable,0,0,0,none,No disclosure restriction identified.,No disclosure restriction identified.
CVD-BURDEN-001,cvd_2024_01,quarterly,2020_q1,2020-01-01,2020,1,1,1,ami,male,all,hospital_registered,quarterly_count,46,46,count,46,,,final,bnr_sdc_v1,0,0,cvd_2023_12,,,,not_applicable,0,0,0,none,No disclosure restriction identified.,No disclosure restriction identified.
CVD-BURDEN-001,cvd_2024_01,quarterly,2020_q1,2020-01-01,2020,1,1,1,ami,male,all,hospital_registered,quarterly_same_quarter_previous_5yr_mean,36.2,36.2,count,181,,5,final,bnr_sdc_v1,0,0,cvd_2023_12,,,,not_applicable,0,0,0,none,No disclosure restriction identified.,No disclosure restriction identified.
CVD-BURDEN-001,cvd_2024_01,quarterly,2020_q1,2020-01-01,2020,1,1,1,stroke,all,all,hospital_registered,quarterly_count,138,138,count,138,,,final,bnr_sdc_v1,0,0,cvd_2023_12,,,,not_applicable,0,0,0,none,No disclosure restriction identified.,No disclosure restriction identified.
CVD-BURDEN-001,cvd_2024_01,quarterly,2020_q1,2020-01-01,2020,1,1,1,stroke,all,all,hospital_registered,quarterly_same_quarter_previous_5yr_mean,152.4,152.4,count,762,,5,final,bnr_sdc_v1,0,0,cvd_2023_12,,,,not_applicable,0,0,0,none,No disclosure restriction identified.,No disclosure restriction identified.
CVD-BURDEN-001,cvd_2024_01,quarterly,2020_q1,2020-01-01,2020,1,1,1,stroke,female,all,hospital_registered,quarterly_count,74,74,count,74,,,final,bnr_sdc_v1,0,0,cvd_2023_12,,,,not_applicable,0,0,0,none,No disclosure restriction identified.,No disclosure restriction identified.
CVD-BURDEN-001,cvd_2024_01,quarterly,2020_q1,2020-01-01,2020,1,1,1,stroke,female,all,hospital_registered,quarterly_same_quarter_previous_5yr_mean,80.2,80.2,count,401,,5,final,bnr_sdc_v1,0,0,cvd_2023_12,,,,not_applicable,0,0,0,none,No disclosure restriction identified.,No disclosure restriction identified.
CVD-BURDEN-001,cvd_2024_01,quarterly,2020_q1,2020-01-01,2020,1,1,1,stroke,male,all,hospital_registered,quarterly_count,64,64,count,64,,,final,bnr_sdc_v1,0,0,cvd_2023_12,,,,not_applicable,0,0,0,none,No disclosure restriction identified.,No disclosure restriction identified.
CVD-BURDEN-001,cvd_2024_01,quarterly,2020_q1,2020-01-01,2020,1,1,1,stroke,male,all,hospital_registered,quarterly_same_quarter_previous_5yr_mean,72.2,72.2,count,361,,5,final,bnr_sdc_v1,0,0,cvd_2023_12,,,,not_applicable,0,0,0,none,No disclosure restriction identified.,No disclosure restriction identified.
CVD-BURDEN-001,cvd_2024_01,quarterly,2020_q2,2020-04-01,2020,4,2,1,all_cvd,all,all,hospital_registered,quarterly_count,219,219,count,219,,,final,bnr_sdc_v1,0,0,cvd_2023_12,,,,not_applicable,0,0,0,none,No disclosure restriction identified.,No disclosure restriction identified.
CVD-BURDEN-001,cvd_2024_01,quarterly,2020_q2,2020-04-01,2020,4,2,1,all_cvd,all,all,hospital_registered,quarterly_same_quarter_previous_5yr_mean,203.2,203.2,count,1016,,5,final,bnr_sdc_v1,0,0,cvd_2023_12,,,,not_applicable,0,0,0,none,No disclosure restriction identified.,No disclosure restriction identified.
CVD-BURDEN-001,cvd_2024_01,quarterly,2020_q2,2020-04-01,2020,4,2,1,all_cvd,female,all,hospital_registered,quarterly_count,102,102,count,102,,,final,bnr_sdc_v1,0,0,cvd_2023_12,,,,not_applicable,0,0,0,none,No disclosure restriction identified.,No disclosure restriction identified.
CVD-BURDEN-001,cvd_2024_01,quarterly,2020_q2,2020-04-01,2020,4,2,1,all_cvd,female,all,hospital_registered,quarterly_same_quarter_previous_5yr_mean,101,101,count,505,,5,final,bnr_sdc_v1,0,0,cvd_2023_12,,,,not_applicable,0,0,0,none,No disclosure restriction identified.,No disclosure restriction identified.
CVD-BURDEN-001,cvd_2024_01,quarterly,2020_q2,2020-04-01,2020,4,2,1,all_cvd,male,all,hospital_registered,quarterly_count,117,117,count,117,,,final,bnr_sdc_v1,0,0,cvd_2023_12,,,,not_applicable,0,0,0,none,No disclosure restriction identified.,No disclosure restriction identified.
CVD-BURDEN-001,cvd_2024_01,quarterly,2020_q2,2020-04-01,2020,4,2,1,all_cvd,male,all,hospital_registered,quarterly_same_quarter_previous_5yr_mean,102.2,102.2,count,511,,5,final,bnr_sdc_v1,0,0,cvd_2023_12,,,,not_applicable,0,0,0,none,No disclosure restriction identified.,No disclosure restriction identified.
CVD-BURDEN-001,cvd_2024_01,quarterly,2020_q2,2020-04-01,2020,4,2,1,ami,all,all,hospital_registered,quarterly_count,76,76,count,76,,,final,bnr_sdc_v1,0,0,cvd_2023_12,,,,not_applicable,0,0,0,none,No disclosure restriction identified.,No disclosure restriction identified.
CVD-BURDEN-001,cvd_2024_01,quarterly,2020_q2,2020-04-01,2020,4,2,1,ami,all,all,hospital_registered,quarterly_same_quarter_previous_5yr_mean,69.2,69.2,count,346,,5,final,bnr_sdc_v1,0,0,cvd_2023_12,,,,not_applicable,0,0,0,none,No disclosure restriction identified.,No disclosure restriction identified.
CVD-BURDEN-001,cvd_2024_01,quarterly,2020_q2,2020-04-01,2020,4,2,1,ami,female,all,hospital_registered,quarterly_count,30,30,count,30,,,final,bnr_sdc_v1,0,0,cvd_2023_12,,,,not_applicable,0,0,0,none,No disclosure restriction identified.,No disclosure restriction identified.
CVD-BURDEN-001,cvd_2024_01,quarterly,2020_q2,2020-04-01,2020,4,2,1,ami,female,all,hospital_registered,quarterly_same_quarter_previous_5yr_mean,31.2,31.2,count,156,,5,final,bnr_sdc_v1,0,0,cvd_2023_12,,,,not_applicable,0,0,0,none,No disclosure restriction identified.,No disclosure restriction identified.
CVD-BURDEN-001,cvd_2024_01,quarterly,2020_q2,2020-04-01,2020,4,2,1,ami,male,all,hospital_registered,quarterly_count,46,46,count,46,,,final,bnr_sdc_v1,0,0,cvd_2023_12,,,,not_applicable,0,0,0,none,No disclosure restriction identified.,No disclosure restriction identified.
CVD-BURDEN-001,cvd_2024_01,quarterly,2020_q2,2020-04-01,2020,4,2,1,ami,male,all,hospital_registered,quarterly_same_quarter_previous_5yr_mean,38,38,count,190,,5,final,bnr_sdc_v1,0,0,cvd_2023_12,,,,not_applicable,0,0,0,none,No disclosure restriction identified.,No disclosure restriction identified.
CVD-BURDEN-001,cvd_2024_01,quarterly,2020_q2,2020-04-01,2020,4,2,1,stroke,all,all,hospital_registered,quarterly_count,143,143,count,143,,,final,bnr_sdc_v1,0,0,cvd_2023_12,,,,not_applicable,0,0,0,none,No disclosure restriction identified.,No disclosure restriction identified.
CVD-BURDEN-001,cvd_2024_01,quarterly,2020_q2,2020-04-01,2020,4,2,1,stroke,all,all,hospital_registered,quarterly_same_quarter_previous_5yr_mean,134,134,count,670,,5,final,bnr_sdc_v1,0,0,cvd_2023_12,,,,not_applicable,0,0,0,none,No disclosure restriction identified.,No disclosure restriction identified.
CVD-BURDEN-001,cvd_2024_01,quarterly,2020_q2,2020-04-01,2020,4,2,1,stroke,female,all,hospital_registered,quarterly_count,72,72,count,72,,,final,bnr_sdc_v1,0,0,cvd_2023_12,,,,not_applicable,0,0,0,none,No disclosure restriction identified.,No disclosure restriction identified.
CVD-BURDEN-001,cvd_2024_01,quarterly,2020_q2,2020-04-01,2020,4,2,1,stroke,female,all,hospital_registered,quarterly_same_quarter_previous_5yr_mean,69.8,69.8,count,349,,5,final,bnr_sdc_v1,0,0,cvd_2023_12,,,,not_applicable,0,0,0,none,No disclosure restriction identified.,No disclosure restriction identified.
CVD-BURDEN-001,cvd_2024_01,quarterly,2020_q2,2020-04-01,2020,4,2,1,stroke,male,all,hospital_registered,quarterly_count,71,71,count,71,,,final,bnr_sdc_v1,0,0,cvd_2023_12,,,,not_applicable,0,0,0,none,No disclosure restriction identified.,No disclosure restriction identified.
CVD-BURDEN-001,cvd_2024_01,quarterly,2020_q2,2020-04-01,2020,4,2,1,stroke,male,all,hospital_registered,quarterly_same_quarter_previous_5yr_mean,64.2,64.2,count,321,,5,final,bnr_sdc_v1,0,0,cvd_2023_12,,,,not_applicable,0,0,0,none,No disclosure restriction identified.,No disclosure restriction identified.
CVD-BURDEN-001,cvd_2024_01,quarterly,2020_q3,2020-07-01,2020,7,3,1,all_cvd,all,all,hospital_registered,quarterly_count,228,228,count,228,,,final,bnr_sdc_v1,0,0,cvd_2023_12,,,,not_applicable,0,0,0,none,No disclosure restriction identified.,No disclosure restriction identified.
CVD-BURDEN-001,cvd_2024_01,quarterly,2020_q3,2020-07-01,2020,7,3,1,all_cvd,all,all,hospital_registered,quarterly_same_quarter_previous_5yr_mean,194,194,count,970,,5,final,bnr_sdc_v1,0,0,cvd_2023_12,,,,not_applicable,0,0,0,none,No disclosure restriction identified.,No disclosure restriction identified.
CVD-BURDEN-001,cvd_2024_01,quarterly,2020_q3,2020-07-01,2020,7,3,1,all_cvd,female,all,hospital_registered,quarterly_count,123,123,count,123,,,final,bnr_sdc_v1,0,0,cvd_2023_12,,,,not_applicable,0,0,0,none,No disclosure restriction identified.,No disclosure restriction identified.
CVD-BURDEN-001,cvd_2024_01,quarterly,2020_q3,2020-07-01,2020,7,3,1,all_cvd,female,all,hospital_registered,quarterly_same_quarter_previous_5yr_mean,96.8,96.8,count,484,,5,final,bnr_sdc_v1,0,0,cvd_2023_12,,,,not_applicable,0,0,0,none,No disclosure restriction identified.,No disclosure restriction identified.
CVD-BURDEN-001,cvd_2024_01,quarterly,2020_q3,2020-07-01,2020,7,3,1,all_cvd,male,all,hospital_registered,quarterly_count,105,105,count,105,,,final,bnr_sdc_v1,0,0,cvd_2023_12,,,,not_applicable,0,0,0,none,No disclosure restriction identified.,No disclosure restriction identified.
CVD-BURDEN-001,cvd_2024_01,quarterly,2020_q3,2020-07-01,2020,7,3,1,all_cvd,male,all,hospital_registered,quarterly_same_quarter_previous_5yr_mean,97.2,97.2,count,486,,5,final,bnr_sdc_v1,0,0,cvd_2023_12,,,,not_applicable,0,0,0,none,No disclosure restriction identified.,No disclosure restriction identified.
CVD-BURDEN-001,cvd_2024_01,quarterly,2020_q3,2020-07-01,2020,7,3,1,ami,all,all,hospital_registered,quarterly_count,75,75,count,75,,,final,bnr_sdc_v1,0,0,cvd_2023_12,,,,not_applicable,0,0,0,none,No disclosure restriction identified.,No disclosure restriction identified.
CVD-BURDEN-001,cvd_2024_01,quarterly,2020_q3,2020-07-01,2020,7,3,1,ami,all,all,hospital_registered,quarterly_same_quarter_previous_5yr_mean,60.2,60.2,count,301,,5,final,bnr_sdc_v1,0,0,cvd_2023_12,,,,not_applicable,0,0,0,none,No disclosure restriction identified.,No disclosure restriction identified.
CVD-BURDEN-001,cvd_2024_01,quarterly,2020_q3,2020-07-01,2020,7,3,1,ami,female,all,hospital_registered,quarterly_count,39,39,count,39,,,final,bnr_sdc_v1,0,0,cvd_2023_12,,,,not_applicable,0,0,0,none,No disclosure restriction identified.,No disclosure restriction identified.
CVD-BURDEN-001,cvd_2024_01,quarterly,2020_q3,2020-07-01,2020,7,3,1,ami,female,all,hospital_registered,quarterly_same_quarter_previous_5yr_mean,29,29,count,145,,5,final,bnr_sdc_v1,0,0,cvd_2023_12,,,,not_applicable,0,0,0,none,No disclosure restriction identified.,No disclosure restriction identified.
CVD-BURDEN-001,cvd_2024_01,quarterly,2020_q3,2020-07-01,2020,7,3,1,ami,male,all,hospital_registered,quarterly_count,36,36,count,36,,,final,bnr_sdc_v1,0,0,cvd_2023_12,,,,not_applicable,0,0,0,none,No disclosure restriction identified.,No disclosure restriction identified.
CVD-BURDEN-001,cvd_2024_01,quarterly,2020_q3,2020-07-01,2020,7,3,1,ami,male,all,hospital_registered,quarterly_same_quarter_previous_5yr_mean,31.2,31.2,count,156,,5,final,bnr_sdc_v1,0,0,cvd_2023_12,,,,not_applicable,0,0,0,none,No disclosure restriction identified.,No disclosure restriction identified.
CVD-BURDEN-001,cvd_2024_01,quarterly,2020_q3,2020-07-01,2020,7,3,1,stroke,all,all,hospital_registered,quarterly_count,153,153,count,153,,,final,bnr_sdc_v1,0,0,cvd_2023_12,,,,not_applicable,0,0,0,none,No disclosure restriction identified.,No disclosure restriction identified.
CVD-BURDEN-001,cvd_2024_01,quarterly,2020_q3,2020-07-01,2020,7,3,1,stroke,all,all,hospital_registered,quarterly_same_quarter_previous_5yr_mean,133.8,133.8,count,669,,5,final,bnr_sdc_v1,0,0,cvd_2023_12,,,,not_applicable,0,0,0,none,No disclosure restriction identified.,No disclosure restriction identified.
CVD-BURDEN-001,cvd_2024_01,quarterly,2020_q3,2020-07-01,2020,7,3,1,stroke,female,all,hospital_registered,quarterly_count,84,84,count,84,,,final,bnr_sdc_v1,0,0,cvd_2023_12,,,,not_applicable,0,0,0,none,No disclosure restriction identified.,No disclosure restriction identified.
CVD-BURDEN-001,cvd_2024_01,quarterly,2020_q3,2020-07-01,2020,7,3,1,stroke,female,all,hospital_registered,quarterly_same_quarter_previous_5yr_mean,67.8,67.8,count,339,,5,final,bnr_sdc_v1,0,0,cvd_2023_12,,,,not_applicable,0,0,0,none,No disclosure restriction identified.,No disclosure restriction identified.
CVD-BURDEN-001,cvd_2024_01,quarterly,2020_q3,2020-07-01,2020,7,3,1,stroke,male,all,hospital_registered,quarterly_count,69,69,count,69,,,final,bnr_sdc_v1,0,0,cvd_2023_12,,,,not_applicable,0,0,0,none,No disclosure restriction identified.,No disclosure restriction identified.
CVD-BURDEN-001,cvd_2024_01,quarterly,2020_q3,2020-07-01,2020,7,3,1,stroke,male,all,hospital_registered,quarterly_same_quarter_previous_5yr_mean,66,66,count,330,,5,final,bnr_sdc_v1,0,0,cvd_2023_12,,,,not_applicable,0,0,0,none,No disclosure restriction identified.,No disclosure restriction identified.
CVD-BURDEN-001,cvd_2024_01,quarterly,2020_q4,2020-10-01,2020,10,4,1,all_cvd,all,all,hospital_registered,quarterly_count,190,190,count,190,,,final,bnr_sdc_v1,0,0,cvd_2023_12,,,,not_applicable,0,0,0,none,No disclosure restriction identified.,No disclosure restriction identified.
CVD-BURDEN-001,cvd_2024_01,quarterly,2020_q4,2020-10-01,2020,10,4,1,all_cvd,all,all,hospital_registered,quarterly_same_quarter_previous_5yr_mean,195.2,195.2,count,976,,5,final,bnr_sdc_v1,0,0,cvd_2023_12,,,,not_applicable,0,0,0,none,No disclosure restriction identified.,No disclosure restriction identified.
CVD-BURDEN-001,cvd_2024_01,quarterly,2020_q4,2020-10-01,2020,10,4,1,all_cvd,female,all,hospital_registered,quarterly_count,81,81,count,81,,,final,bnr_sdc_v1,0,0,cvd_2023_12,,,,not_applicable,0,0,0,none,No disclosure restriction identified.,No disclosure restriction identified.
CVD-BURDEN-001,cvd_2024_01,quarterly,2020_q4,2020-10-01,2020,10,4,1,all_cvd,female,all,hospital_registered,quarterly_same_quarter_previous_5yr_mean,100.2,100.2,count,501,,5,final,bnr_sdc_v1,0,0,cvd_2023_12,,,,not_applicable,0,0,0,none,No disclosure restriction identified.,No disclosure restriction identified.
CVD-BURDEN-001,cvd_2024_01,quarterly,2020_q4,2020-10-01,2020,10,4,1,all_cvd,male,all,hospital_registered,quarterly_count,109,109,count,109,,,final,bnr_sdc_v1,0,0,cvd_2023_12,,,,not_applicable,0,0,0,none,No disclosure restriction identified.,No disclosure restriction identified.
CVD-BURDEN-001,cvd_2024_01,quarterly,2020_q4,2020-10-01,2020,10,4,1,all_cvd,male,all,hospital_registered,quarterly_same_quarter_previous_5yr_mean,95,95,count,475,,5,final,bnr_sdc_v1,0,0,cvd_2023_12,,,,not_applicable,0,0,0,none,No disclosure restriction identified.,No disclosure restriction identified.
CVD-BURDEN-001,cvd_2024_01,quarterly,2020_q4,2020-10-01,2020,10,4,1,ami,all,all,hospital_registered,quarterly_count,61,61,count,61,,,final,bnr_sdc_v1,0,0,cvd_2023_12,,,,not_applicable,0,0,0,none,No disclosure restriction identified.,No disclosure restriction identified.
CVD-BURDEN-001,cvd_2024_01,quarterly,2020_q4,2020-10-01,2020,10,4,1,ami,all,all,hospital_registered,quarterly_same_quarter_previous_5yr_mean,62.8,62.8,count,314,,5,final,bnr_sdc_v1,0,0,cvd_2023_12,,,,not_applicable,0,0,0,none,No disclosure restriction identified.,No disclosure restriction identified.
CVD-BURDEN-001,cvd_2024_01,quarterly,2020_q4,2020-10-01,2020,10,4,1,ami,female,all,hospital_registered,quarterly_count,23,23,count,23,,,final,bnr_sdc_v1,0,0,cvd_2023_12,,,,not_applicable,0,0,0,none,No disclosure restriction identified.,No disclosure restriction identified.
CVD-BURDEN-001,cvd_2024_01,quarterly,2020_q4,2020-10-01,2020,10,4,1,ami,female,all,hospital_registered,quarterly_same_quarter_previous_5yr_mean,30,30,count,150,,5,final,bnr_sdc_v1,0,0,cvd_2023_12,,,,not_applicable,0,0,0,none,No disclosure restriction identified.,No disclosure restriction identified.
CVD-BURDEN-001,cvd_2024_01,quarterly,2020_q4,2020-10-01,2020,10,4,1,ami,male,all,hospital_registered,quarterly_count,38,38,count,38,,,final,bnr_sdc_v1,0,0,cvd_2023_12,,,,not_applicable,0,0,0,none,No disclosure restriction identified.,No disclosure restriction identified.
CVD-BURDEN-001,cvd_2024_01,quarterly,2020_q4,2020-10-01,2020,10,4,1,ami,male,all,hospital_registered,quarterly_same_quarter_previous_5yr_mean,32.8,32.8,count,164,,5,final,bnr_sdc_v1,0,0,cvd_2023_12,,,,not_applicable,0,0,0,none,No disclosure restriction identified.,No disclosure restriction identified.
CVD-BURDEN-001,cvd_2024_01,quarterly,2020_q4,2020-10-01,2020,10,4,1,stroke,all,all,hospital_registered,quarterly_count,129,129,count,129,,,final,bnr_sdc_v1,0,0,cvd_2023_12,,,,not_applicable,0,0,0,none,No disclosure restriction identified.,No disclosure restriction identified.
CVD-BURDEN-001,cvd_2024_01,quarterly,2020_q4,2020-10-01,2020,10,4,1,stroke,all,all,hospital_registered,quarterly_same_quarter_previous_5yr_mean,132.4,132.4,count,662,,5,final,bnr_sdc_v1,0,0,cvd_2023_12,,,,not_applicable,0,0,0,none,No disclosure restriction identified.,No disclosure restriction identified.
CVD-BURDEN-001,cvd_2024_01,quarterly,2020_q4,2020-10-01,2020,10,4,1,stroke,female,all,hospital_registered,quarterly_count,58,58,count,58,,,final,bnr_sdc_v1,0,0,cvd_2023_12,,,,not_applicable,0,0,0,none,No disclosure restriction identified.,No disclosure restriction identified.
CVD-BURDEN-001,cvd_2024_01,quarterly,2020_q4,2020-10-01,2020,10,4,1,stroke,female,all,hospital_registered,quarterly_same_quarter_previous_5yr_mean,70.2,70.2,count,351,,5,final,bnr_sdc_v1,0,0,cvd_2023_12,,,,not_applicable,0,0,0,none,No disclosure restriction identified.,No disclosure restriction identified.
CVD-BURDEN-001,cvd_2024_01,quarterly,2020_q4,2020-10-01,2020,10,4,1,stroke,male,all,hospital_registered,quarterly_count,71,71,count,71,,,final,bnr_sdc_v1,0,0,cvd_2023_12,,,,not_applicable,0,0,0,none,No disclosure restriction identified.,No disclosure restriction identified.
CVD-BURDEN-001,cvd_2024_01,quarterly,2020_q4,2020-10-01,2020,10,4,1,stroke,male,all,hospital_registered,quarterly_same_quarter_previous_5yr_mean,62.2,62.2,count,311,,5,final,bnr_sdc_v1,0,0,cvd_2023_12,,,,not_applicable,0,0,0,none,No disclosure restriction identified.,No disclosure restriction identified.
CVD-BURDEN-001,cvd_2024_01,quarterly,2021_q1,2021-01-01,2021,1,1,1,all_cvd,all,all,hospital_registered,quarterly_count,163,163,count,163,,,final,bnr_sdc_v1,0,0,cvd_2023_12,,,,not_applicable,0,0,0,none,No disclosure restriction identified.,No disclosure restriction identified.
CVD-BURDEN-001,cvd_2024_01,quarterly,2021_q1,2021-01-01,2021,1,1,1,all_cvd,all,all,hospital_registered,quarterly_same_quarter_previous_5yr_mean,219,219,count,1095,,5,final,bnr_sdc_v1,0,0,cvd_2023_12,,,,not_applicable,0,0,0,none,No disclosure restriction identified.,No disclosure restriction identified.
CVD-BURDEN-001,cvd_2024_01,quarterly,2021_q1,2021-01-01,2021,1,1,1,all_cvd,female,all,hospital_registered,quarterly_count,78,78,count,78,,,final,bnr_sdc_v1,0,0,cvd_2023_12,,,,not_applicable,0,0,0,none,No disclosure restriction identified.,No disclosure restriction identified.
CVD-BURDEN-001,cvd_2024_01,quarterly,2021_q1,2021-01-01,2021,1,1,1,all_cvd,female,all,hospital_registered,quarterly_same_quarter_previous_5yr_mean,108.4,108.4,count,542,,5,final,bnr_sdc_v1,0,0,cvd_2023_12,,,,not_applicable,0,0,0,none,No disclosure restriction identified.,No disclosure restriction identified.
CVD-BURDEN-001,cvd_2024_01,quarterly,2021_q1,2021-01-01,2021,1,1,1,all_cvd,male,all,hospital_registered,quarterly_count,85,85,count,85,,,final,bnr_sdc_v1,0,0,cvd_2023_12,,,,not_applicable,0,0,0,none,No disclosure restriction identified.,No disclosure restriction identified.
CVD-BURDEN-001,cvd_2024_01,quarterly,2021_q1,2021-01-01,2021,1,1,1,all_cvd,male,all,hospital_registered,quarterly_same_quarter_previous_5yr_mean,110.6,110.6,count,553,,5,final,bnr_sdc_v1,0,0,cvd_2023_12,,,,not_applicable,0,0,0,none,No disclosure restriction identified.,No disclosure restriction identified.
CVD-BURDEN-001,cvd_2024_01,quarterly,2021_q1,2021-01-01,2021,1,1,1,ami,all,all,hospital_registered,quarterly_count,37,37,count,37,,,final,bnr_sdc_v1,0,0,cvd_2023_12,,,,not_applicable,0,0,0,none,No disclosure restriction identified.,No disclosure restriction identified.
CVD-BURDEN-001,cvd_2024_01,quarterly,2021_q1,2021-01-01,2021,1,1,1,ami,all,all,hospital_registered,quarterly_same_quarter_previous_5yr_mean,66,66,count,330,,5,final,bnr_sdc_v1,0,0,cvd_2023_12,,,,not_applicable,0,0,0,none,No disclosure restriction identified.,No disclosure restriction identified.
CVD-BURDEN-001,cvd_2024_01,quarterly,2021_q1,2021-01-01,2021,1,1,1,ami,female,all,hospital_registered,quarterly_count,19,19,count,19,,,final,bnr_sdc_v1,0,0,cvd_2023_12,,,,not_applicable,0,0,0,none,No disclosure restriction identified.,No disclosure restriction identified.
CVD-BURDEN-001,cvd_2024_01,quarterly,2021_q1,2021-01-01,2021,1,1,1,ami,female,all,hospital_registered,quarterly_same_quarter_previous_5yr_mean,27,27,count,135,,5,final,bnr_sdc_v1,0,0,cvd_2023_12,,,,not_applicable,0,0,0,none,No disclosure restriction identified.,No disclosure restriction identified.
CVD-BURDEN-001,cvd_2024_01,quarterly,2021_q1,2021-01-01,2021,1,1,1,ami,male,all,hospital_registered,quarterly_count,18,18,count,18,,,final,bnr_sdc_v1,0,0,cvd_2023_12,,,,not_applicable,0,0,0,none,No disclosure restriction identified.,No disclosure restriction identified.
CVD-BURDEN-001,cvd_2024_01,quarterly,2021_q1,2021-01-01,2021,1,1,1,ami,male,all,hospital_registered,quarterly_same_quarter_previous_5yr_mean,39,39,count,195,,5,final,bnr_sdc_v1,0,0,cvd_2023_12,,,,not_applicable,0,0,0,none,No disclosure restriction identified.,No disclosure restriction identified.
CVD-BURDEN-001,cvd_2024_01,quarterly,2021_q1,2021-01-01,2021,1,1,1,stroke,all,all,hospital_registered,quarterly_count,126,126,count,126,,,final,bnr_sdc_v1,0,0,cvd_2023_12,,,,not_applicable,0,0,0,none,No disclosure restriction identified.,No disclosure restriction identified.
CVD-BURDEN-001,cvd_2024_01,quarterly,2021_q1,2021-01-01,2021,1,1,1,stroke,all,all,hospital_registered,quarterly_same_quarter_previous_5yr_mean,153,153,count,765,,5,final,bnr_sdc_v1,0,0,cvd_2023_12,,,,not_applicable,0,0,0,none,No disclosure restriction identified.,No disclosure restriction identified.
CVD-BURDEN-001,cvd_2024_01,quarterly,2021_q1,2021-01-01,2021,1,1,1,stroke,female,all,hospital_registered,quarterly_count,59,59,count,59,,,final,bnr_sdc_v1,0,0,cvd_2023_12,,,,not_applicable,0,0,0,none,No disclosure restriction identified.,No disclosure restriction identified.
CVD-BURDEN-001,cvd_2024_01,quarterly,2021_q1,2021-01-01,2021,1,1,1,stroke,female,all,hospital_registered,quarterly_same_quarter_previous_5yr_mean,81.40000000000001,81.4,count,407,,5,final,bnr_sdc_v1,0,0,cvd_2023_12,,,,not_applicable,0,0,0,none,No disclosure restriction identified.,No disclosure restriction identified.
CVD-BURDEN-001,cvd_2024_01,quarterly,2021_q1,2021-01-01,2021,1,1,1,stroke,male,all,hospital_registered,quarterly_count,67,67,count,67,,,final,bnr_sdc_v1,0,0,cvd_2023_12,,,,not_applicable,0,0,0,none,No disclosure restriction identified.,No disclosure restriction identified.
CVD-BURDEN-001,cvd_2024_01,quarterly,2021_q1,2021-01-01,2021,1,1,1,stroke,male,all,hospital_registered,quarterly_same_quarter_previous_5yr_mean,71.59999999999999,71.6,count,358,,5,final,bnr_sdc_v1,0,0,cvd_2023_12,,,,not_applicable,0,0,0,none,No disclosure restriction identified.,No disclosure restriction identified.
CVD-BURDEN-001,cvd_2024_01,quarterly,2021_q2,2021-04-01,2021,4,2,1,all_cvd,all,all,hospital_registered,quarterly_count,172,172,count,172,,,final,bnr_sdc_v1,0,0,cvd_2023_12,,,,not_applicable,0,0,0,none,No disclosure restriction identified.,No disclosure restriction identified.
CVD-BURDEN-001,cvd_2024_01,quarterly,2021_q2,2021-04-01,2021,4,2,1,all_cvd,all,all,hospital_registered,quarterly_same_quarter_previous_5yr_mean,215.2,215.2,count,1076,,5,final,bnr_sdc_v1,0,0,cvd_2023_12,,,,not_applicable,0,0,0,none,No disclosure restriction identified.,No disclosure restriction identified.
CVD-BURDEN-001,cvd_2024_01,quarterly,2021_q2,2021-04-01,2021,4,2,1,all_cvd,female,all,hospital_registered,quarterly_count,86,86,count,86,,,final,bnr_sdc_v1,0,0,cvd_2023_12,,,,not_applicable,0,0,0,none,No disclosure restriction identified.,No disclosure restriction identified.
CVD-BURDEN-001,cvd_2024_01,quarterly,2021_q2,2021-04-01,2021,4,2,1,all_cvd,female,all,hospital_registered,quarterly_same_quarter_previous_5yr_mean,106.8,106.8,count,534,,5,final,bnr_sdc_v1,0,0,cvd_2023_12,,,,not_applicable,0,0,0,none,No disclosure restriction identified.,No disclosure restriction identified.
CVD-BURDEN-001,cvd_2024_01,quarterly,2021_q2,2021-04-01,2021,4,2,1,all_cvd,male,all,hospital_registered,quarterly_count,86,86,count,86,,,final,bnr_sdc_v1,0,0,cvd_2023_12,,,,not_applicable,0,0,0,none,No disclosure restriction identified.,No disclosure restriction identified.
CVD-BURDEN-001,cvd_2024_01,quarterly,2021_q2,2021-04-01,2021,4,2,1,all_cvd,male,all,hospital_registered,quarterly_same_quarter_previous_5yr_mean,108.4,108.4,count,542,,5,final,bnr_sdc_v1,0,0,cvd_2023_12,,,,not_applicable,0,0,0,none,No disclosure restriction identified.,No disclosure restriction identified.
CVD-BURDEN-001,cvd_2024_01,quarterly,2021_q2,2021-04-01,2021,4,2,1,ami,all,all,hospital_registered,quarterly_count,49,49,count,49,,,final,bnr_sdc_v1,0,0,cvd_2023_12,,,,not_applicable,0,0,0,none,No disclosure restriction identified.,No disclosure restriction identified.
CVD-BURDEN-001,cvd_2024_01,quarterly,2021_q2,2021-04-01,2021,4,2,1,ami,all,all,hospital_registered,quarterly_same_quarter_previous_5yr_mean,73.8,73.8,count,369,,5,final,bnr_sdc_v1,0,0,cvd_2023_12,,,,not_applicable,0,0,0,none,No disclosure restriction identified.,No disclosure restriction identified.
CVD-BURDEN-001,cvd_2024_01,quarterly,2021_q2,2021-04-01,2021,4,2,1,ami,female,all,hospital_registered,quarterly_count,20,20,count,20,,,final,bnr_sdc_v1,0,0,cvd_2023_12,,,,not_applicable,0,0,0,none,No disclosure restriction identified.,No disclosure restriction identified.
CVD-BURDEN-001,cvd_2024_01,quarterly,2021_q2,2021-04-01,2021,4,2,1,ami,female,all,hospital_registered,quarterly_same_quarter_previous_5yr_mean,32.8,32.8,count,164,,5,final,bnr_sdc_v1,0,0,cvd_2023_12,,,,not_applicable,0,0,0,none,No disclosure restriction identified.,No disclosure restriction identified.
CVD-BURDEN-001,cvd_2024_01,quarterly,2021_q2,2021-04-01,2021,4,2,1,ami,male,all,hospital_registered,quarterly_count,29,29,count,29,,,final,bnr_sdc_v1,0,0,cvd_2023_12,,,,not_applicable,0,0,0,none,No disclosure restriction identified.,No disclosure restriction identified.
CVD-BURDEN-001,cvd_2024_01,quarterly,2021_q2,2021-04-01,2021,4,2,1,ami,male,all,hospital_registered,quarterly_same_quarter_previous_5yr_mean,41,41,count,205,,5,final,bnr_sdc_v1,0,0,cvd_2023_12,,,,not_applicable,0,0,0,none,No disclosure restriction identified.,No disclosure restriction identified.
CVD-BURDEN-001,cvd_2024_01,quarterly,2021_q2,2021-04-01,2021,4,2,1,stroke,all,all,hospital_registered,quarterly_count,123,123,count,123,,,final,bnr_sdc_v1,0,0,cvd_2023_12,,,,not_applicable,0,0,0,none,No disclosure restriction identified.,No disclosure restriction identified.
CVD-BURDEN-001,cvd_2024_01,quarterly,2021_q2,2021-04-01,2021,4,2,1,stroke,all,all,hospital_registered,quarterly_same_quarter_previous_5yr_mean,141.4,141.4,count,707,,5,final,bnr_sdc_v1,0,0,cvd_2023_12,,,,not_applicable,0,0,0,none,No disclosure restriction identified.,No disclosure restriction identified.
CVD-BURDEN-001,cvd_2024_01,quarterly,2021_q2,2021-04-01,2021,4,2,1,stroke,female,all,hospital_registered,quarterly_count,66,66,count,66,,,final,bnr_sdc_v1,0,0,cvd_2023_12,,,,not_applicable,0,0,0,none,No disclosure restriction identified.,No disclosure restriction identified.
CVD-BURDEN-001,cvd_2024_01,quarterly,2021_q2,2021-04-01,2021,4,2,1,stroke,female,all,hospital_registered,quarterly_same_quarter_previous_5yr_mean,74,74,count,370,,5,final,bnr_sdc_v1,0,0,cvd_2023_12,,,,not_applicable,0,0,0,none,No disclosure restriction identified.,No disclosure restriction identified.
CVD-BURDEN-001,cvd_2024_01,quarterly,2021_q2,2021-04-01,2021,4,2,1,stroke,male,all,hospital_registered,quarterly_count,57,57,count,57,,,final,bnr_sdc_v1,0,0,cvd_2023_12,,,,not_applicable,0,0,0,none,No disclosure restriction identified.,No disclosure restriction identified.
CVD-BURDEN-001,cvd_2024_01,quarterly,2021_q2,2021-04-01,2021,4,2,1,stroke,male,all,hospital_registered,quarterly_same_quarter_previous_5yr_mean,67.40000000000001,67.4,count,337,,5,final,bnr_sdc_v1,0,0,cvd_2023_12,,,,not_applicable,0,0,0,none,No disclosure restriction identified.,No disclosure restriction identified.
CVD-BURDEN-001,cvd_2024_01,quarterly,2021_q3,2021-07-01,2021,7,3,1,all_cvd,all,all,hospital_registered,quarterly_count,223,223,count,223,,,final,bnr_sdc_v1,0,0,cvd_2023_12,,,,not_applicable,0,0,0,none,No disclosure restriction identified.,No disclosure restriction identified.
CVD-BURDEN-001,cvd_2024_01,quarterly,2021_q3,2021-07-01,2021,7,3,1,all_cvd,all,all,hospital_registered,quarterly_same_quarter_previous_5yr_mean,207.2,207.2,count,1036,,5,final,bnr_sdc_v1,0,0,cvd_2023_12,,,,not_applicable,0,0,0,none,No disclosure restriction identified.,No disclosure restriction identified.
CVD-BURDEN-001,cvd_2024_01,quarterly,2021_q3,2021-07-01,2021,7,3,1,all_cvd,female,all,hospital_registered,quarterly_count,107,107,count,107,,,final,bnr_sdc_v1,0,0,cvd_2023_12,,,,not_applicable,0,0,0,none,No disclosure restriction identified.,No disclosure restriction identified.
CVD-BURDEN-001,cvd_2024_01,quarterly,2021_q3,2021-07-01,2021,7,3,1,all_cvd,female,all,hospital_registered,quarterly_same_quarter_previous_5yr_mean,103.6,103.6,count,518,,5,final,bnr_sdc_v1,0,0,cvd_2023_12,,,,not_applicable,0,0,0,none,No disclosure restriction identified.,No disclosure restriction identified.
CVD-BURDEN-001,cvd_2024_01,quarterly,2021_q3,2021-07-01,2021,7,3,1,all_cvd,male,all,hospital_registered,quarterly_count,116,116,count,116,,,final,bnr_sdc_v1,0,0,cvd_2023_12,,,,not_applicable,0,0,0,none,No disclosure restriction identified.,No disclosure restriction identified.
CVD-BURDEN-001,cvd_2024_01,quarterly,2021_q3,2021-07-01,2021,7,3,1,all_cvd,male,all,hospital_registered,quarterly_same_quarter_previous_5yr_mean,103.6,103.6,count,518,,5,final,bnr_sdc_v1,0,0,cvd_2023_12,,,,not_applicable,0,0,0,none,No disclosure restriction identified.,No disclosure restriction identified.
CVD-BURDEN-001,cvd_2024_01,quarterly,2021_q3,2021-07-01,2021,7,3,1,ami,all,all,hospital_registered,quarterly_count,71,71,count,71,,,final,bnr_sdc_v1,0,0,cvd_2023_12,,,,not_applicable,0,0,0,none,No disclosure restriction identified.,No disclosure restriction identified.
CVD-BURDEN-001,cvd_2024_01,quarterly,2021_q3,2021-07-01,2021,7,3,1,ami,all,all,hospital_registered,quarterly_same_quarter_previous_5yr_mean,65.8,65.8,count,329,,5,final,bnr_sdc_v1,0,0,cvd_2023_12,,,,not_applicable,0,0,0,none,No disclosure restriction identified.,No disclosure restriction identified.
CVD-BURDEN-001,cvd_2024_01,quarterly,2021_q3,2021-07-01,2021,7,3,1,ami,female,all,hospital_registered,quarterly_count,32,32,count,32,,,final,bnr_sdc_v1,0,0,cvd_2023_12,,,,not_applicable,0,0,0,none,No disclosure restriction identified.,No disclosure restriction identified.
CVD-BURDEN-001,cvd_2024_01,quarterly,2021_q3,2021-07-01,2021,7,3,1,ami,female,all,hospital_registered,quarterly_same_quarter_previous_5yr_mean,33,33,count,165,,5,final,bnr_sdc_v1,0,0,cvd_2023_12,,,,not_applicable,0,0,0,none,No disclosure restriction identified.,No disclosure restriction identified.
CVD-BURDEN-001,cvd_2024_01,quarterly,2021_q3,2021-07-01,2021,7,3,1,ami,male,all,hospital_registered,quarterly_count,39,39,count,39,,,final,bnr_sdc_v1,0,0,cvd_2023_12,,,,not_applicable,0,0,0,none,No disclosure restriction identified.,No disclosure restriction identified.
CVD-BURDEN-001,cvd_2024_01,quarterly,2021_q3,2021-07-01,2021,7,3,1,ami,male,all,hospital_registered,quarterly_same_quarter_previous_5yr_mean,32.8,32.8,count,164,,5,final,bnr_sdc_v1,0,0,cvd_2023_12,,,,not_applicable,0,0,0,none,No disclosure restriction identified.,No disclosure restriction identified.
CVD-BURDEN-001,cvd_2024_01,quarterly,2021_q3,2021-07-01,2021,7,3,1,stroke,all,all,hospital_registered,quarterly_count,152,152,count,152,,,final,bnr_sdc_v1,0,0,cvd_2023_12,,,,not_applicable,0,0,0,none,No disclosure restriction identified.,No disclosure restriction identified.
CVD-BURDEN-001,cvd_2024_01,quarterly,2021_q3,2021-07-01,2021,7,3,1,stroke,all,all,hospital_registered,quarterly_same_quarter_previous_5yr_mean,141.4,141.4,count,707,,5,final,bnr_sdc_v1,0,0,cvd_2023_12,,,,not_applicable,0,0,0,none,No disclosure restriction identified.,No disclosure restriction identified.
CVD-BURDEN-001,cvd_2024_01,quarterly,2021_q3,2021-07-01,2021,7,3,1,stroke,female,all,hospital_registered,quarterly_count,75,75,count,75,,,final,bnr_sdc_v1,0,0,cvd_2023_12,,,,not_applicable,0,0,0,none,No disclosure restriction identified.,No disclosure restriction identified.
CVD-BURDEN-001,cvd_2024_01,quarterly,2021_q3,2021-07-01,2021,7,3,1,stroke,female,all,hospital_registered,quarterly_same_quarter_previous_5yr_mean,70.59999999999999,70.6,count,353,,5,final,bnr_sdc_v1,0,0,cvd_2023_12,,,,not_applicable,0,0,0,none,No disclosure restriction identified.,No disclosure restriction identified.
CVD-BURDEN-001,cvd_2024_01,quarterly,2021_q3,2021-07-01,2021,7,3,1,stroke,male,all,hospital_registered,quarterly_count,77,77,count,77,,,final,bnr_sdc_v1,0,0,cvd_2023_12,,,,not_applicable,0,0,0,none,No disclosure restriction identified.,No disclosure restriction identified.
CVD-BURDEN-001,cvd_2024_01,quarterly,2021_q3,2021-07-01,2021,7,3,1,stroke,male,all,hospital_registered,quarterly_same_quarter_previous_5yr_mean,70.8,70.8,count,354,,5,final,bnr_sdc_v1,0,0,cvd_2023_12,,,,not_applicable,0,0,0,none,No disclosure restriction identified.,No disclosure restriction identified.
CVD-BURDEN-001,cvd_2024_01,quarterly,2021_q4,2021-10-01,2021,10,4,1,all_cvd,all,all,hospital_registered,quarterly_count,172,172,count,172,,,final,bnr_sdc_v1,0,0,cvd_2023_12,,,,not_applicable,0,0,0,none,No disclosure restriction identified.,No disclosure restriction identified.
CVD-BURDEN-001,cvd_2024_01,quarterly,2021_q4,2021-10-01,2021,10,4,1,all_cvd,all,all,hospital_registered,quarterly_same_quarter_previous_5yr_mean,197.8,197.8,count,989,,5,final,bnr_sdc_v1,0,0,cvd_2023_12,,,,not_applicable,0,0,0,none,No disclosure restriction identified.,No disclosure restriction identified.
CVD-BURDEN-001,cvd_2024_01,quarterly,2021_q4,2021-10-01,2021,10,4,1,all_cvd,female,all,hospital_registered,quarterly_count,81,81,count,81,,,final,bnr_sdc_v1,0,0,cvd_2023_12,,,,not_applicable,0,0,0,none,No disclosure restriction identified.,No disclosure restriction identified.
CVD-BURDEN-001,cvd_2024_01,quarterly,2021_q4,2021-10-01,2021,10,4,1,all_cvd,female,all,hospital_registered,quarterly_same_quarter_previous_5yr_mean,97.40000000000001,97.4,count,487,,5,final,bnr_sdc_v1,0,0,cvd_2023_12,,,,not_applicable,0,0,0,none,No disclosure restriction identified.,No disclosure restriction identified.
CVD-BURDEN-001,cvd_2024_01,quarterly,2021_q4,2021-10-01,2021,10,4,1,all_cvd,male,all,hospital_registered,quarterly_count,91,91,count,91,,,final,bnr_sdc_v1,0,0,cvd_2023_12,,,,not_applicable,0,0,0,none,No disclosure restriction identified.,No disclosure restriction identified.
CVD-BURDEN-001,cvd_2024_01,quarterly,2021_q4,2021-10-01,2021,10,4,1,all_cvd,male,all,hospital_registered,quarterly_same_quarter_previous_5yr_mean,100.4,100.4,count,502,,5,final,bnr_sdc_v1,0,0,cvd_2023_12,,,,not_applicable,0,0,0,none,No disclosure restriction identified.,No disclosure restriction identified.
CVD-BURDEN-001,cvd_2024_01,quarterly,2021_q4,2021-10-01,2021,10,4,1,ami,all,all,hospital_registered,quarterly_count,44,44,count,44,,,final,bnr_sdc_v1,0,0,cvd_2023_12,,,,not_applicable,0,0,0,none,No disclosure restriction identified.,No disclosure restriction identified.
CVD-BURDEN-001,cvd_2024_01,quarterly,2021_q4,2021-10-01,2021,10,4,1,ami,all,all,hospital_registered,quarterly_same_quarter_previous_5yr_mean,65.2,65.2,count,326,,5,final,bnr_sdc_v1,0,0,cvd_2023_12,,,,not_applicable,0,0,0,none,No disclosure restriction identified.,No disclosure restriction identified.
CVD-BURDEN-001,cvd_2024_01,quarterly,2021_q4,2021-10-01,2021,10,4,1,ami,female,all,hospital_registered,quarterly_count,18,18,count,18,,,final,bnr_sdc_v1,0,0,cvd_2023_12,,,,not_applicable,0,0,0,none,No disclosure restriction identified.,No disclosure restriction identified.
CVD-BURDEN-001,cvd_2024_01,quarterly,2021_q4,2021-10-01,2021,10,4,1,ami,female,all,hospital_registered,quarterly_same_quarter_previous_5yr_mean,28.8,28.8,count,144,,5,final,bnr_sdc_v1,0,0,cvd_2023_12,,,,not_applicable,0,0,0,none,No disclosure restriction identified.,No disclosure restriction identified.
CVD-BURDEN-001,cvd_2024_01,quarterly,2021_q4,2021-10-01,2021,10,4,1,ami,male,all,hospital_registered,quarterly_count,26,26,count,26,,,final,bnr_sdc_v1,0,0,cvd_2023_12,,,,not_applicable,0,0,0,none,No disclosure restriction identified.,No disclosure restriction identified.
CVD-BURDEN-001,cvd_2024_01,quarterly,2021_q4,2021-10-01,2021,10,4,1,ami,male,all,hospital_registered,quarterly_same_quarter_previous_5yr_mean,36.4,36.4,count,182,,5,final,bnr_sdc_v1,0,0,cvd_2023_12,,,,not_applicable,0,0,0,none,No disclosure restriction identified.,No disclosure restriction identified.
CVD-BURDEN-001,cvd_2024_01,quarterly,2021_q4,2021-10-01,2021,10,4,1,stroke,all,all,hospital_registered,quarterly_count,128,128,count,128,,,final,bnr_sdc_v1,0,0,cvd_2023_12,,,,not_applicable,0,0,0,none,No disclosure restriction identified.,No disclosure restriction identified.
CVD-BURDEN-001,cvd_2024_01,quarterly,2021_q4,2021-10-01,2021,10,4,1,stroke,all,all,hospital_registered,quarterly_same_quarter_previous_5yr_mean,132.6,132.6,count,663,,5,final,bnr_sdc_v1,0,0,cvd_2023_12,,,,not_applicable,0,0,0,none,No disclosure restriction identified.,No disclosure restriction identified.
CVD-BURDEN-001,cvd_2024_01,quarterly,2021_q4,2021-10-01,2021,10,4,1,stroke,female,all,hospital_registered,quarterly_count,63,63,count,63,,,final,bnr_sdc_v1,0,0,cvd_2023_12,,,,not_applicable,0,0,0,none,No disclosure restriction identified.,No disclosure restriction identified.
CVD-BURDEN-001,cvd_2024_01,quarterly,2021_q4,2021-10-01,2021,10,4,1,stroke,female,all,hospital_registered,quarterly_same_quarter_previous_5yr_mean,68.59999999999999,68.6,count,343,,5,final,bnr_sdc_v1,0,0,cvd_2023_12,,,,not_applicable,0,0,0,none,No disclosure restriction identified.,No disclosure restriction identified.
CVD-BURDEN-001,cvd_2024_01,quarterly,2021_q4,2021-10-01,2021,10,4,1,stroke,male,all,hospital_registered,quarterly_count,65,65,count,65,,,final,bnr_sdc_v1,0,0,cvd_2023_12,,,,not_applicable,0,0,0,none,No disclosure restriction identified.,No disclosure restriction identified.
CVD-BURDEN-001,cvd_2024_01,quarterly,2021_q4,2021-10-01,2021,10,4,1,stroke,male,all,hospital_registered,quarterly_same_quarter_previous_5yr_mean,64,64,count,320,,5,final,bnr_sdc_v1,0,0,cvd_2023_12,,,,not_applicable,0,0,0,none,No disclosure restriction identified.,No disclosure restriction identified.
CVD-BURDEN-001,cvd_2024_01,quarterly,2022_q1,2022-01-01,2022,1,1,1,all_cvd,all,all,hospital_registered,quarterly_count,212,212,count,212,,,final,bnr_sdc_v1,0,0,cvd_2023_12,,,,not_applicable,0,0,0,none,No disclosure restriction identified.,No disclosure restriction identified.
CVD-BURDEN-001,cvd_2024_01,quarterly,2022_q1,2022-01-01,2022,1,1,1,all_cvd,all,all,hospital_registered,quarterly_same_quarter_previous_5yr_mean,213,213,count,1065,,5,final,bnr_sdc_v1,0,0,cvd_2023_12,,,,not_applicable,0,0,0,none,No disclosure restriction identified.,No disclosure restriction identified.
CVD-BURDEN-001,cvd_2024_01,quarterly,2022_q1,2022-01-01,2022,1,1,1,all_cvd,female,all,hospital_registered,quarterly_count,107,107,count,107,,,final,bnr_sdc_v1,0,0,cvd_2023_12,,,,not_applicable,0,0,0,none,No disclosure restriction identified.,No disclosure restriction identified.
CVD-BURDEN-001,cvd_2024_01,quarterly,2022_q1,2022-01-01,2022,1,1,1,all_cvd,female,all,hospital_registered,quarterly_same_quarter_previous_5yr_mean,103.8,103.8,count,519,,5,final,bnr_sdc_v1,0,0,cvd_2023_12,,,,not_applicable,0,0,0,none,No disclosure restriction identified.,No disclosure restriction identified.
CVD-BURDEN-001,cvd_2024_01,quarterly,2022_q1,2022-01-01,2022,1,1,1,all_cvd,male,all,hospital_registered,quarterly_count,105,105,count,105,,,final,bnr_sdc_v1,0,0,cvd_2023_12,,,,not_applicable,0,0,0,none,No disclosure restriction identified.,No disclosure restriction identified.
CVD-BURDEN-001,cvd_2024_01,quarterly,2022_q1,2022-01-01,2022,1,1,1,all_cvd,male,all,hospital_registered,quarterly_same_quarter_previous_5yr_mean,109.2,109.2,count,546,,5,final,bnr_sdc_v1,0,0,cvd_2023_12,,,,not_applicable,0,0,0,none,No disclosure restriction identified.,No disclosure restriction identified.
CVD-BURDEN-001,cvd_2024_01,quarterly,2022_q1,2022-01-01,2022,1,1,1,ami,all,all,hospital_registered,quarterly_count,64,64,count,64,,,final,bnr_sdc_v1,0,0,cvd_2023_12,,,,not_applicable,0,0,0,none,No disclosure restriction identified.,No disclosure restriction identified.
CVD-BURDEN-001,cvd_2024_01,quarterly,2022_q1,2022-01-01,2022,1,1,1,ami,all,all,hospital_registered,quarterly_same_quarter_previous_5yr_mean,64.2,64.2,count,321,,5,final,bnr_sdc_v1,0,0,cvd_2023_12,,,,not_applicable,0,0,0,none,No disclosure restriction identified.,No disclosure restriction identified.
CVD-BURDEN-001,cvd_2024_01,quarterly,2022_q1,2022-01-01,2022,1,1,1,ami,female,all,hospital_registered,quarterly_count,32,32,count,32,,,final,bnr_sdc_v1,0,0,cvd_2023_12,,,,not_applicable,0,0,0,none,No disclosure restriction identified.,No disclosure restriction identified.
CVD-BURDEN-001,cvd_2024_01,quarterly,2022_q1,2022-01-01,2022,1,1,1,ami,female,all,hospital_registered,quarterly_same_quarter_previous_5yr_mean,27.2,27.2,count,136,,5,final,bnr_sdc_v1,0,0,cvd_2023_12,,,,not_applicable,0,0,0,none,No disclosure restriction identified.,No disclosure restriction identified.
CVD-BURDEN-001,cvd_2024_01,quarterly,2022_q1,2022-01-01,2022,1,1,1,ami,male,all,hospital_registered,quarterly_count,32,32,count,32,,,final,bnr_sdc_v1,0,0,cvd_2023_12,,,,not_applicable,0,0,0,none,No disclosure restriction identified.,No disclosure restriction identified.
CVD-BURDEN-001,cvd_2024_01,quarterly,2022_q1,2022-01-01,2022,1,1,1,ami,male,all,hospital_registered,quarterly_same_quarter_previous_5yr_mean,37,37,count,185,,5,final,bnr_sdc_v1,0,0,cvd_2023_12,,,,not_applicable,0,0,0,none,No disclosure restriction identified.,No disclosure restriction identified.
CVD-BURDEN-001,cvd_2024_01,quarterly,2022_q1,2022-01-01,2022,1,1,1,stroke,all,all,hospital_registered,quarterly_count,148,148,count,148,,,final,bnr_sdc_v1,0,0,cvd_2023_12,,,,not_applicable,0,0,0,none,No disclosure restriction identified.,No disclosure restriction identified.
CVD-BURDEN-001,cvd_2024_01,quarterly,2022_q1,2022-01-01,2022,1,1,1,stroke,all,all,hospital_registered,quarterly_same_quarter_previous_5yr_mean,148.8,148.8,count,744,,5,final,bnr_sdc_v1,0,0,cvd_2023_12,,,,not_applicable,0,0,0,none,No disclosure restriction identified.,No disclosure restriction identified.
CVD-BURDEN-001,cvd_2024_01,quarterly,2022_q1,2022-01-01,2022,1,1,1,stroke,female,all,hospital_registered,quarterly_count,75,75,count,75,,,final,bnr_sdc_v1,0,0,cvd_2023_12,,,,not_applicable,0,0,0,none,No disclosure restriction identified.,No disclosure restriction identified.
CVD-BURDEN-001,cvd_2024_01,quarterly,2022_q1,2022-01-01,2022,1,1,1,stroke,female,all,hospital_registered,quarterly_same_quarter_previous_5yr_mean,76.59999999999999,76.6,count,383,,5,final,bnr_sdc_v1,0,0,cvd_2023_12,,,,not_applicable,0,0,0,none,No disclosure restriction identified.,No disclosure restriction identified.
CVD-BURDEN-001,cvd_2024_01,quarterly,2022_q1,2022-01-01,2022,1,1,1,stroke,male,all,hospital_registered,quarterly_count,73,73,count,73,,,final,bnr_sdc_v1,0,0,cvd_2023_12,,,,not_applicable,0,0,0,none,No disclosure restriction identified.,No disclosure restriction identified.
CVD-BURDEN-001,cvd_2024_01,quarterly,2022_q1,2022-01-01,2022,1,1,1,stroke,male,all,hospital_registered,quarterly_same_quarter_previous_5yr_mean,72.2,72.2,count,361,,5,final,bnr_sdc_v1,0,0,cvd_2023_12,,,,not_applicable,0,0,0,none,No disclosure restriction identified.,No disclosure restriction identified.
CVD-BURDEN-001,cvd_2024_01,quarterly,2022_q2,2022-04-01,2022,4,2,1,all_cvd,all,all,hospital_registered,quarterly_count,196,196,count,196,,,final,bnr_sdc_v1,0,0,cvd_2023_12,,,,not_applicable,0,0,0,none,No disclosure restriction identified.,No disclosure restriction identified.
CVD-BURDEN-001,cvd_2024_01,quarterly,2022_q2,2022-04-01,2022,4,2,1,all_cvd,all,all,hospital_registered,quarterly_same_quarter_previous_5yr_mean,210.8,210.8,count,1054,,5,final,bnr_sdc_v1,0,0,cvd_2023_12,,,,not_applicable,0,0,0,none,No disclosure restriction identified.,No disclosure restriction identified.
CVD-BURDEN-001,cvd_2024_01,quarterly,2022_q2,2022-04-01,2022,4,2,1,all_cvd,female,all,hospital_registered,quarterly_count,97,97,count,97,,,final,bnr_sdc_v1,0,0,cvd_2023_12,,,,not_applicable,0,0,0,none,No disclosure restriction identified.,No disclosure restriction identified.
CVD-BURDEN-001,cvd_2024_01,quarterly,2022_q2,2022-04-01,2022,4,2,1,all_cvd,female,all,hospital_registered,quarterly_same_quarter_previous_5yr_mean,105.8,105.8,count,529,,5,final,bnr_sdc_v1,0,0,cvd_2023_12,,,,not_applicable,0,0,0,none,No disclosure restriction identified.,No disclosure restriction identified.
CVD-BURDEN-001,cvd_2024_01,quarterly,2022_q2,2022-04-01,2022,4,2,1,all_cvd,male,all,hospital_registered,quarterly_count,99,99,count,99,,,final,bnr_sdc_v1,0,0,cvd_2023_12,,,,not_applicable,0,0,0,none,No disclosure restriction identified.,No disclosure restriction identified.
CVD-BURDEN-001,cvd_2024_01,quarterly,2022_q2,2022-04-01,2022,4,2,1,all_cvd,male,all,hospital_registered,quarterly_same_quarter_previous_5yr_mean,105,105,count,525,,5,final,bnr_sdc_v1,0,0,cvd_2023_12,,,,not_applicable,0,0,0,none,No disclosure restriction identified.,No disclosure restriction identified.
CVD-BURDEN-001,cvd_2024_01,quarterly,2022_q2,2022-04-01,2022,4,2,1,ami,all,all,hospital_registered,quarterly_count,69,69,count,69,,,final,bnr_sdc_v1,0,0,cvd_2023_12,,,,not_applicable,0,0,0,none,No disclosure restriction identified.,No disclosure restriction identified.
CVD-BURDEN-001,cvd_2024_01,quarterly,2022_q2,2022-04-01,2022,4,2,1,ami,all,all,hospital_registered,quarterly_same_quarter_previous_5yr_mean,69.59999999999999,69.6,count,348,,5,final,bnr_sdc_v1,0,0,cvd_2023_12,,,,not_applicable,0,0,0,none,No disclosure restriction identified.,No disclosure restriction identified.
CVD-BURDEN-001,cvd_2024_01,quarterly,2022_q2,2022-04-01,2022,4,2,1,ami,female,all,hospital_registered,quarterly_count,30,30,count,30,,,final,bnr_sdc_v1,0,0,cvd_2023_12,,,,not_applicable,0,0,0,none,No disclosure restriction identified.,No disclosure restriction identified.
CVD-BURDEN-001,cvd_2024_01,quarterly,2022_q2,2022-04-01,2022,4,2,1,ami,female,all,hospital_registered,quarterly_same_quarter_previous_5yr_mean,30.6,30.6,count,153,,5,final,bnr_sdc_v1,0,0,cvd_2023_12,,,,not_applicable,0,0,0,none,No disclosure restriction identified.,No disclosure restriction identified.
CVD-BURDEN-001,cvd_2024_01,quarterly,2022_q2,2022-04-01,2022,4,2,1,ami,male,all,hospital_registered,quarterly_count,39,39,count,39,,,final,bnr_sdc_v1,0,0,cvd_2023_12,,,,not_applicable,0,0,0,none,No disclosure restriction identified.,No disclosure restriction identified.
CVD-BURDEN-001,cvd_2024_01,quarterly,2022_q2,2022-04-01,2022,4,2,1,ami,male,all,hospital_registered,quarterly_same_quarter_previous_5yr_mean,39,39,count,195,,5,final,bnr_sdc_v1,0,0,cvd_2023_12,,,,not_applicable,0,0,0,none,No disclosure restriction identified.,No disclosure restriction identified.
CVD-BURDEN-001,cvd_2024_01,quarterly,2022_q2,2022-04-01,2022,4,2,1,stroke,all,all,hospital_registered,quarterly_count,127,127,count,127,,,final,bnr_sdc_v1,0,0,cvd_2023_12,,,,not_applicable,0,0,0,none,No disclosure restriction identified.,No disclosure restriction identified.
CVD-BURDEN-001,cvd_2024_01,quarterly,2022_q2,2022-04-01,2022,4,2,1,stroke,all,all,hospital_registered,quarterly_same_quarter_previous_5yr_mean,141.2,141.2,count,706,,5,final,bnr_sdc_v1,0,0,cvd_2023_12,,,,not_applicable,0,0,0,none,No disclosure restriction identified.,No disclosure restriction identified.
CVD-BURDEN-001,cvd_2024_01,quarterly,2022_q2,2022-04-01,2022,4,2,1,stroke,female,all,hospital_registered,quarterly_count,67,67,count,67,,,final,bnr_sdc_v1,0,0,cvd_2023_12,,,,not_applicable,0,0,0,none,No disclosure restriction identified.,No disclosure restriction identified.
CVD-BURDEN-001,cvd_2024_01,quarterly,2022_q2,2022-04-01,2022,4,2,1,stroke,female,all,hospital_registered,quarterly_same_quarter_previous_5yr_mean,75.2,75.2,count,376,,5,final,bnr_sdc_v1,0,0,cvd_2023_12,,,,not_applicable,0,0,0,none,No disclosure restriction identified.,No disclosure restriction identified.
CVD-BURDEN-001,cvd_2024_01,quarterly,2022_q2,2022-04-01,2022,4,2,1,stroke,male,all,hospital_registered,quarterly_count,60,60,count,60,,,final,bnr_sdc_v1,0,0,cvd_2023_12,,,,not_applicable,0,0,0,none,No disclosure restriction identified.,No disclosure restriction identified.
CVD-BURDEN-001,cvd_2024_01,quarterly,2022_q2,2022-04-01,2022,4,2,1,stroke,male,all,hospital_registered,quarterly_same_quarter_previous_5yr_mean,66,66,count,330,,5,final,bnr_sdc_v1,0,0,cvd_2023_12,,,,not_applicable,0,0,0,none,No disclosure restriction identified.,No disclosure restriction identified.
CVD-BURDEN-001,cvd_2024_01,quarterly,2022_q3,2022-07-01,2022,7,3,1,all_cvd,all,all,hospital_registered,quarterly_count,194,194,count,194,,,final,bnr_sdc_v1,0,0,cvd_2023_12,,,,not_applicable,0,0,0,none,No disclosure restriction identified.,No disclosure restriction identified.
CVD-BURDEN-001,cvd_2024_01,quarterly,2022_q3,2022-07-01,2022,7,3,1,all_cvd,all,all,hospital_registered,quarterly_same_quarter_previous_5yr_mean,212,212,count,1060,,5,final,bnr_sdc_v1,0,0,cvd_2023_12,,,,not_applicable,0,0,0,none,No disclosure restriction identified.,No disclosure restriction identified.
CVD-BURDEN-001,cvd_2024_01,quarterly,2022_q3,2022-07-01,2022,7,3,1,all_cvd,female,all,hospital_registered,quarterly_count,87,87,count,87,,,final,bnr_sdc_v1,0,0,cvd_2023_12,,,,not_applicable,0,0,0,none,No disclosure restriction identified.,No disclosure restriction identified.
CVD-BURDEN-001,cvd_2024_01,quarterly,2022_q3,2022-07-01,2022,7,3,1,all_cvd,female,all,hospital_registered,quarterly_same_quarter_previous_5yr_mean,103.6,103.6,count,518,,5,final,bnr_sdc_v1,0,0,cvd_2023_12,,,,not_applicable,0,0,0,none,No disclosure restriction identified.,No disclosure restriction identified.
CVD-BURDEN-001,cvd_2024_01,quarterly,2022_q3,2022-07-01,2022,7,3,1,all_cvd,male,all,hospital_registered,quarterly_count,107,107,count,107,,,final,bnr_sdc_v1,0,0,cvd_2023_12,,,,not_applicable,0,0,0,none,No disclosure restriction identified.,No disclosure restriction identified.
CVD-BURDEN-001,cvd_2024_01,quarterly,2022_q3,2022-07-01,2022,7,3,1,all_cvd,male,all,hospital_registered,quarterly_same_quarter_previous_5yr_mean,108.4,108.4,count,542,,5,final,bnr_sdc_v1,0,0,cvd_2023_12,,,,not_applicable,0,0,0,none,No disclosure restriction identified.,No disclosure restriction identified.
CVD-BURDEN-001,cvd_2024_01,quarterly,2022_q3,2022-07-01,2022,7,3,1,ami,all,all,hospital_registered,quarterly_count,48,48,count,48,,,final,bnr_sdc_v1,0,0,cvd_2023_12,,,,not_applicable,0,0,0,none,No disclosure restriction identified.,No disclosure restriction identified.
CVD-BURDEN-001,cvd_2024_01,quarterly,2022_q3,2022-07-01,2022,7,3,1,ami,all,all,hospital_registered,quarterly_same_quarter_previous_5yr_mean,69.59999999999999,69.6,count,348,,5,final,bnr_sdc_v1,0,0,cvd_2023_12,,,,not_applicable,0,0,0,none,No disclosure restriction identified.,No disclosure restriction identified.
CVD-BURDEN-001,cvd_2024_01,quarterly,2022_q3,2022-07-01,2022,7,3,1,ami,female,all,hospital_registered,quarterly_count,21,21,count,21,,,final,bnr_sdc_v1,0,0,cvd_2023_12,,,,not_applicable,0,0,0,none,No disclosure restriction identified.,No disclosure restriction identified.
CVD-BURDEN-001,cvd_2024_01,quarterly,2022_q3,2022-07-01,2022,7,3,1,ami,female,all,hospital_registered,quarterly_same_quarter_previous_5yr_mean,34.2,34.2,count,171,,5,final,bnr_sdc_v1,0,0,cvd_2023_12,,,,not_applicable,0,0,0,none,No disclosure restriction identified.,No disclosure restriction identified.
CVD-BURDEN-001,cvd_2024_01,quarterly,2022_q3,2022-07-01,2022,7,3,1,ami,male,all,hospital_registered,quarterly_count,27,27,count,27,,,final,bnr_sdc_v1,0,0,cvd_2023_12,,,,not_applicable,0,0,0,none,No disclosure restriction identified.,No disclosure restriction identified.
CVD-BURDEN-001,cvd_2024_01,quarterly,2022_q3,2022-07-01,2022,7,3,1,ami,male,all,hospital_registered,quarterly_same_quarter_previous_5yr_mean,35.4,35.4,count,177,,5,final,bnr_sdc_v1,0,0,cvd_2023_12,,,,not_applicable,0,0,0,none,No disclosure restriction identified.,No disclosure restriction identified.
CVD-BURDEN-001,cvd_2024_01,quarterly,2022_q3,2022-07-01,2022,7,3,1,stroke,all,all,hospital_registered,quarterly_count,146,146,count,146,,,final,bnr_sdc_v1,0,0,cvd_2023_12,,,,not_applicable,0,0,0,none,No disclosure restriction identified.,No disclosure restriction identified.
CVD-BURDEN-001,cvd_2024_01,quarterly,2022_q3,2022-07-01,2022,7,3,1,stroke,all,all,hospital_registered,quarterly_same_quarter_previous_5yr_mean,142.4,142.4,count,712,,5,final,bnr_sdc_v1,0,0,cvd_2023_12,,,,not_applicable,0,0,0,none,No disclosure restriction identified.,No disclosure restriction identified.
CVD-BURDEN-001,cvd_2024_01,quarterly,2022_q3,2022-07-01,2022,7,3,1,stroke,female,all,hospital_registered,quarterly_count,66,66,count,66,,,final,bnr_sdc_v1,0,0,cvd_2023_12,,,,not_applicable,0,0,0,none,No disclosure restriction identified.,No disclosure restriction identified.
CVD-BURDEN-001,cvd_2024_01,quarterly,2022_q3,2022-07-01,2022,7,3,1,stroke,female,all,hospital_registered,quarterly_same_quarter_previous_5yr_mean,69.40000000000001,69.4,count,347,,5,final,bnr_sdc_v1,0,0,cvd_2023_12,,,,not_applicable,0,0,0,none,No disclosure restriction identified.,No disclosure restriction identified.
CVD-BURDEN-001,cvd_2024_01,quarterly,2022_q3,2022-07-01,2022,7,3,1,stroke,male,all,hospital_registered,quarterly_count,80,80,count,80,,,final,bnr_sdc_v1,0,0,cvd_2023_12,,,,not_applicable,0,0,0,none,No disclosure restriction identified.,No disclosure restriction identified.
CVD-BURDEN-001,cvd_2024_01,quarterly,2022_q3,2022-07-01,2022,7,3,1,stroke,male,all,hospital_registered,quarterly_same_quarter_previous_5yr_mean,73,73,count,365,,5,final,bnr_sdc_v1,0,0,cvd_2023_12,,,,not_applicable,0,0,0,none,No disclosure restriction identified.,No disclosure restriction identified.
CVD-BURDEN-001,cvd_2024_01,quarterly,2022_q4,2022-10-01,2022,10,4,1,all_cvd,all,all,hospital_registered,quarterly_count,207,207,count,207,,,final,bnr_sdc_v1,0,0,cvd_2023_12,,,,not_applicable,0,0,0,none,No disclosure restriction identified.,No disclosure restriction identified.
CVD-BURDEN-001,cvd_2024_01,quarterly,2022_q4,2022-10-01,2022,10,4,1,all_cvd,all,all,hospital_registered,quarterly_same_quarter_previous_5yr_mean,193.4,193.4,count,967,,5,final,bnr_sdc_v1,0,0,cvd_2023_12,,,,not_applicable,0,0,0,none,No disclosure restriction identified.,No disclosure restriction identified.
CVD-BURDEN-001,cvd_2024_01,quarterly,2022_q4,2022-10-01,2022,10,4,1,all_cvd,female,all,hospital_registered,quarterly_count,100,100,count,100,,,final,bnr_sdc_v1,0,0,cvd_2023_12,,,,not_applicable,0,0,0,none,No disclosure restriction identified.,No disclosure restriction identified.
CVD-BURDEN-001,cvd_2024_01,quarterly,2022_q4,2022-10-01,2022,10,4,1,all_cvd,female,all,hospital_registered,quarterly_same_quarter_previous_5yr_mean,94,94,count,470,,5,final,bnr_sdc_v1,0,0,cvd_2023_12,,,,not_applicable,0,0,0,none,No disclosure restriction identified.,No disclosure restriction identified.
CVD-BURDEN-001,cvd_2024_01,quarterly,2022_q4,2022-10-01,2022,10,4,1,all_cvd,male,all,hospital_registered,quarterly_count,107,107,count,107,,,final,bnr_sdc_v1,0,0,cvd_2023_12,,,,not_applicable,0,0,0,none,No disclosure restriction identified.,No disclosure restriction identified.
CVD-BURDEN-001,cvd_2024_01,quarterly,2022_q4,2022-10-01,2022,10,4,1,all_cvd,male,all,hospital_registered,quarterly_same_quarter_previous_5yr_mean,99.40000000000001,99.4,count,497,,5,final,bnr_sdc_v1,0,0,cvd_2023_12,,,,not_applicable,0,0,0,none,No disclosure restriction identified.,No disclosure restriction identified.
CVD-BURDEN-001,cvd_2024_01,quarterly,2022_q4,2022-10-01,2022,10,4,1,ami,all,all,hospital_registered,quarterly_count,59,59,count,59,,,final,bnr_sdc_v1,0,0,cvd_2023_12,,,,not_applicable,0,0,0,none,No disclosure restriction identified.,No disclosure restriction identified.
CVD-BURDEN-001,cvd_2024_01,quarterly,2022_q4,2022-10-01,2022,10,4,1,ami,all,all,hospital_registered,quarterly_same_quarter_previous_5yr_mean,64.2,64.2,count,321,,5,final,bnr_sdc_v1,0,0,cvd_2023_12,,,,not_applicable,0,0,0,none,No disclosure restriction identified.,No disclosure restriction identified.
CVD-BURDEN-001,cvd_2024_01,quarterly,2022_q4,2022-10-01,2022,10,4,1,ami,female,all,hospital_registered,quarterly_count,22,22,count,22,,,final,bnr_sdc_v1,0,0,cvd_2023_12,,,,not_applicable,0,0,0,none,No disclosure restriction identified.,No disclosure restriction identified.
CVD-BURDEN-001,cvd_2024_01,quarterly,2022_q4,2022-10-01,2022,10,4,1,ami,female,all,hospital_registered,quarterly_same_quarter_previous_5yr_mean,28.4,28.4,count,142,,5,final,bnr_sdc_v1,0,0,cvd_2023_12,,,,not_applicable,0,0,0,none,No disclosure restriction identified.,No disclosure restriction identified.
CVD-BURDEN-001,cvd_2024_01,quarterly,2022_q4,2022-10-01,2022,10,4,1,ami,male,all,hospital_registered,quarterly_count,37,37,count,37,,,final,bnr_sdc_v1,0,0,cvd_2023_12,,,,not_applicable,0,0,0,none,No disclosure restriction identified.,No disclosure restriction identified.
CVD-BURDEN-001,cvd_2024_01,quarterly,2022_q4,2022-10-01,2022,10,4,1,ami,male,all,hospital_registered,quarterly_same_quarter_previous_5yr_mean,35.8,35.8,count,179,,5,final,bnr_sdc_v1,0,0,cvd_2023_12,,,,not_applicable,0,0,0,none,No disclosure restriction identified.,No disclosure restriction identified.
CVD-BURDEN-001,cvd_2024_01,quarterly,2022_q4,2022-10-01,2022,10,4,1,stroke,all,all,hospital_registered,quarterly_count,148,148,count,148,,,final,bnr_sdc_v1,0,0,cvd_2023_12,,,,not_applicable,0,0,0,none,No disclosure restriction identified.,No disclosure restriction identified.
CVD-BURDEN-001,cvd_2024_01,quarterly,2022_q4,2022-10-01,2022,10,4,1,stroke,all,all,hospital_registered,quarterly_same_quarter_previous_5yr_mean,129.2,129.2,count,646,,5,final,bnr_sdc_v1,0,0,cvd_2023_12,,,,not_applicable,0,0,0,none,No disclosure restriction identified.,No disclosure restriction identified.
CVD-BURDEN-001,cvd_2024_01,quarterly,2022_q4,2022-10-01,2022,10,4,1,stroke,female,all,hospital_registered,quarterly_count,78,78,count,78,,,final,bnr_sdc_v1,0,0,cvd_2023_12,,,,not_applicable,0,0,0,none,No disclosure restriction identified.,No disclosure restriction identified.
CVD-BURDEN-001,cvd_2024_01,quarterly,2022_q4,2022-10-01,2022,10,4,1,stroke,female,all,hospital_registered,quarterly_same_quarter_previous_5yr_mean,65.59999999999999,65.6,count,328,,5,final,bnr_sdc_v1,0,0,cvd_2023_12,,,,not_applicable,0,0,0,none,No disclosure restriction identified.,No disclosure restriction identified.
CVD-BURDEN-001,cvd_2024_01,quarterly,2022_q4,2022-10-01,2022,10,4,1,stroke,male,all,hospital_registered,quarterly_count,70,70,count,70,,,final,bnr_sdc_v1,0,0,cvd_2023_12,,,,not_applicable,0,0,0,none,No disclosure restriction identified.,No disclosure restriction identified.
CVD-BURDEN-001,cvd_2024_01,quarterly,2022_q4,2022-10-01,2022,10,4,1,stroke,male,all,hospital_registered,quarterly_same_quarter_previous_5yr_mean,63.6,63.6,count,318,,5,final,bnr_sdc_v1,0,0,cvd_2023_12,,,,not_applicable,0,0,0,none,No disclosure restriction identified.,No disclosure restriction identified.
CVD-BURDEN-001,cvd_2024_01,quarterly,2023_q1,2023-01-01,2023,1,1,1,all_cvd,all,all,hospital_registered,quarterly_count,215,215,count,215,,,final,bnr_sdc_v1,0,0,cvd_2023_12,,,,not_applicable,0,0,0,none,No disclosure restriction identified.,No disclosure restriction identified.
CVD-BURDEN-001,cvd_2024_01,quarterly,2023_q1,2023-01-01,2023,1,1,1,all_cvd,all,all,hospital_registered,quarterly_same_quarter_previous_5yr_mean,211.2,211.2,count,1056,,5,final,bnr_sdc_v1,0,0,cvd_2023_12,,,,not_applicable,0,0,0,none,No disclosure restriction identified.,No disclosure restriction identified.
CVD-BURDEN-001,cvd_2024_01,quarterly,2023_q1,2023-01-01,2023,1,1,1,all_cvd,female,all,hospital_registered,quarterly_count,108,108,count,108,,,final,bnr_sdc_v1,0,0,cvd_2023_12,,,,not_applicable,0,0,0,none,No disclosure restriction identified.,No disclosure restriction identified.
CVD-BURDEN-001,cvd_2024_01,quarterly,2023_q1,2023-01-01,2023,1,1,1,all_cvd,female,all,hospital_registered,quarterly_same_quarter_previous_5yr_mean,103,103,count,515,,5,final,bnr_sdc_v1,0,0,cvd_2023_12,,,,not_applicable,0,0,0,none,No disclosure restriction identified.,No disclosure restriction identified.
CVD-BURDEN-001,cvd_2024_01,quarterly,2023_q1,2023-01-01,2023,1,1,1,all_cvd,male,all,hospital_registered,quarterly_count,107,107,count,107,,,final,bnr_sdc_v1,0,0,cvd_2023_12,,,,not_applicable,0,0,0,none,No disclosure restriction identified.,No disclosure restriction identified.
CVD-BURDEN-001,cvd_2024_01,quarterly,2023_q1,2023-01-01,2023,1,1,1,all_cvd,male,all,hospital_registered,quarterly_same_quarter_previous_5yr_mean,108.2,108.2,count,541,,5,final,bnr_sdc_v1,0,0,cvd_2023_12,,,,not_applicable,0,0,0,none,No disclosure restriction identified.,No disclosure restriction identified.
CVD-BURDEN-001,cvd_2024_01,quarterly,2023_q1,2023-01-01,2023,1,1,1,ami,all,all,hospital_registered,quarterly_count,55,55,count,55,,,final,bnr_sdc_v1,0,0,cvd_2023_12,,,,not_applicable,0,0,0,none,No disclosure restriction identified.,No disclosure restriction identified.
CVD-BURDEN-001,cvd_2024_01,quarterly,2023_q1,2023-01-01,2023,1,1,1,ami,all,all,hospital_registered,quarterly_same_quarter_previous_5yr_mean,62.4,62.4,count,312,,5,final,bnr_sdc_v1,0,0,cvd_2023_12,,,,not_applicable,0,0,0,none,No disclosure restriction identified.,No disclosure restriction identified.
CVD-BURDEN-001,cvd_2024_01,quarterly,2023_q1,2023-01-01,2023,1,1,1,ami,female,all,hospital_registered,quarterly_count,26,26,count,26,,,final,bnr_sdc_v1,0,0,cvd_2023_12,,,,not_applicable,0,0,0,none,No disclosure restriction identified.,No disclosure restriction identified.
CVD-BURDEN-001,cvd_2024_01,quarterly,2023_q1,2023-01-01,2023,1,1,1,ami,female,all,hospital_registered,quarterly_same_quarter_previous_5yr_mean,27.4,27.4,count,137,,5,final,bnr_sdc_v1,0,0,cvd_2023_12,,,,not_applicable,0,0,0,none,No disclosure restriction identified.,No disclosure restriction identified.
CVD-BURDEN-001,cvd_2024_01,quarterly,2023_q1,2023-01-01,2023,1,1,1,ami,male,all,hospital_registered,quarterly_count,29,29,count,29,,,final,bnr_sdc_v1,0,0,cvd_2023_12,,,,not_applicable,0,0,0,none,No disclosure restriction identified.,No disclosure restriction identified.
CVD-BURDEN-001,cvd_2024_01,quarterly,2023_q1,2023-01-01,2023,1,1,1,ami,male,all,hospital_registered,quarterly_same_quarter_previous_5yr_mean,35,35,count,175,,5,final,bnr_sdc_v1,0,0,cvd_2023_12,,,,not_applicable,0,0,0,none,No disclosure restriction identified.,No disclosure restriction identified.
CVD-BURDEN-001,cvd_2024_01,quarterly,2023_q1,2023-01-01,2023,1,1,1,stroke,all,all,hospital_registered,quarterly_count,160,160,count,160,,,final,bnr_sdc_v1,0,0,cvd_2023_12,,,,not_applicable,0,0,0,none,No disclosure restriction identified.,No disclosure restriction identified.
CVD-BURDEN-001,cvd_2024_01,quarterly,2023_q1,2023-01-01,2023,1,1,1,stroke,all,all,hospital_registered,quarterly_same_quarter_previous_5yr_mean,148.8,148.8,count,744,,5,final,bnr_sdc_v1,0,0,cvd_2023_12,,,,not_applicable,0,0,0,none,No disclosure restriction identified.,No disclosure restriction identified.
CVD-BURDEN-001,cvd_2024_01,quarterly,2023_q1,2023-01-01,2023,1,1,1,stroke,female,all,hospital_registered,quarterly_count,82,82,count,82,,,final,bnr_sdc_v1,0,0,cvd_2023_12,,,,not_applicable,0,0,0,none,No disclosure restriction identified.,No disclosure restriction identified.
CVD-BURDEN-001,cvd_2024_01,quarterly,2023_q1,2023-01-01,2023,1,1,1,stroke,female,all,hospital_registered,quarterly_same_quarter_previous_5yr_mean,75.59999999999999,75.6,count,378,,5,final,bnr_sdc_v1,0,0,cvd_2023_12,,,,not_applicable,0,0,0,none,No disclosure restriction identified.,No disclosure restriction identified.
CVD-BURDEN-001,cvd_2024_01,quarterly,2023_q1,2023-01-01,2023,1,1,1,stroke,male,all,hospital_registered,quarterly_count,78,78,count,78,,,final,bnr_sdc_v1,0,0,cvd_2023_12,,,,not_applicable,0,0,0,none,No disclosure restriction identified.,No disclosure restriction identified.
CVD-BURDEN-001,cvd_2024_01,quarterly,2023_q1,2023-01-01,2023,1,1,1,stroke,male,all,hospital_registered,quarterly_same_quarter_previous_5yr_mean,73.2,73.2,count,366,,5,final,bnr_sdc_v1,0,0,cvd_2023_12,,,,not_applicable,0,0,0,none,No disclosure restriction identified.,No disclosure restriction identified.
CVD-BURDEN-001,cvd_2024_01,quarterly,2023_q2,2023-04-01,2023,4,2,1,all_cvd,all,all,hospital_registered,quarterly_count,235,235,count,235,,,final,bnr_sdc_v1,0,0,cvd_2023_12,,,,not_applicable,0,0,0,none,No disclosure restriction identified.,No disclosure restriction identified.
CVD-BURDEN-001,cvd_2024_01,quarterly,2023_q2,2023-04-01,2023,4,2,1,all_cvd,all,all,hospital_registered,quarterly_same_quarter_previous_5yr_mean,210.4,210.4,count,1052,,5,final,bnr_sdc_v1,0,0,cvd_2023_12,,,,not_applicable,0,0,0,none,No disclosure restriction identified.,No disclosure restriction identified.
CVD-BURDEN-001,cvd_2024_01,quarterly,2023_q2,2023-04-01,2023,4,2,1,all_cvd,female,all,hospital_registered,quarterly_count,106,106,count,106,,,final,bnr_sdc_v1,0,0,cvd_2023_12,,,,not_applicable,0,0,0,none,No disclosure restriction identified.,No disclosure restriction identified.
CVD-BURDEN-001,cvd_2024_01,quarterly,2023_q2,2023-04-01,2023,4,2,1,all_cvd,female,all,hospital_registered,quarterly_same_quarter_previous_5yr_mean,105.6,105.6,count,528,,5,final,bnr_sdc_v1,0,0,cvd_2023_12,,,,not_applicable,0,0,0,none,No disclosure restriction identified.,No disclosure restriction identified.
CVD-BURDEN-001,cvd_2024_01,quarterly,2023_q2,2023-04-01,2023,4,2,1,all_cvd,male,all,hospital_registered,quarterly_count,129,129,count,129,,,final,bnr_sdc_v1,0,0,cvd_2023_12,,,,not_applicable,0,0,0,none,No disclosure restriction identified.,No disclosure restriction identified.
CVD-BURDEN-001,cvd_2024_01,quarterly,2023_q2,2023-04-01,2023,4,2,1,all_cvd,male,all,hospital_registered,quarterly_same_quarter_previous_5yr_mean,104.8,104.8,count,524,,5,final,bnr_sdc_v1,0,0,cvd_2023_12,,,,not_applicable,0,0,0,none,No disclosure restriction identified.,No disclosure restriction identified.
CVD-BURDEN-001,cvd_2024_01,quarterly,2023_q2,2023-04-01,2023,4,2,1,ami,all,all,hospital_registered,quarterly_count,63,63,count,63,,,final,bnr_sdc_v1,0,0,cvd_2023_12,,,,not_applicable,0,0,0,none,No disclosure restriction identified.,No disclosure restriction identified.
CVD-BURDEN-001,cvd_2024_01,quarterly,2023_q2,2023-04-01,2023,4,2,1,ami,all,all,hospital_registered,quarterly_same_quarter_previous_5yr_mean,71.2,71.2,count,356,,5,final,bnr_sdc_v1,0,0,cvd_2023_12,,,,not_applicable,0,0,0,none,No disclosure restriction identified.,No disclosure restriction identified.
CVD-BURDEN-001,cvd_2024_01,quarterly,2023_q2,2023-04-01,2023,4,2,1,ami,female,all,hospital_registered,quarterly_count,24,24,count,24,,,final,bnr_sdc_v1,0,0,cvd_2023_12,,,,not_applicable,0,0,0,none,No disclosure restriction identified.,No disclosure restriction identified.
CVD-BURDEN-001,cvd_2024_01,quarterly,2023_q2,2023-04-01,2023,4,2,1,ami,female,all,hospital_registered,quarterly_same_quarter_previous_5yr_mean,30.8,30.8,count,154,,5,final,bnr_sdc_v1,0,0,cvd_2023_12,,,,not_applicable,0,0,0,none,No disclosure restriction identified.,No disclosure restriction identified.
CVD-BURDEN-001,cvd_2024_01,quarterly,2023_q2,2023-04-01,2023,4,2,1,ami,male,all,hospital_registered,quarterly_count,39,39,count,39,,,final,bnr_sdc_v1,0,0,cvd_2023_12,,,,not_applicable,0,0,0,none,No disclosure restriction identified.,No disclosure restriction identified.
CVD-BURDEN-001,cvd_2024_01,quarterly,2023_q2,2023-04-01,2023,4,2,1,ami,male,all,hospital_registered,quarterly_same_quarter_previous_5yr_mean,40.4,40.4,count,202,,5,final,bnr_sdc_v1,0,0,cvd_2023_12,,,,not_applicable,0,0,0,none,No disclosure restriction identified.,No disclosure restriction identified.
CVD-BURDEN-001,cvd_2024_01,quarterly,2023_q2,2023-04-01,2023,4,2,1,stroke,all,all,hospital_registered,quarterly_count,172,172,count,172,,,final,bnr_sdc_v1,0,0,cvd_2023_12,,,,not_applicable,0,0,0,none,No disclosure restriction identified.,No disclosure restriction identified.
CVD-BURDEN-001,cvd_2024_01,quarterly,2023_q2,2023-04-01,2023,4,2,1,stroke,all,all,hospital_registered,quarterly_same_quarter_previous_5yr_mean,139.2,139.2,count,696,,5,final,bnr_sdc_v1,0,0,cvd_2023_12,,,,not_applicable,0,0,0,none,No disclosure restriction identified.,No disclosure restriction identified.
CVD-BURDEN-001,cvd_2024_01,quarterly,2023_q2,2023-04-01,2023,4,2,1,stroke,female,all,hospital_registered,quarterly_count,82,82,count,82,,,final,bnr_sdc_v1,0,0,cvd_2023_12,,,,not_applicable,0,0,0,none,No disclosure restriction identified.,No disclosure restriction identified.
CVD-BURDEN-001,cvd_2024_01,quarterly,2023_q2,2023-04-01,2023,4,2,1,stroke,female,all,hospital_registered,quarterly_same_quarter_previous_5yr_mean,74.8,74.8,count,374,,5,final,bnr_sdc_v1,0,0,cvd_2023_12,,,,not_applicable,0,0,0,none,No disclosure restriction identified.,No disclosure restriction identified.
CVD-BURDEN-001,cvd_2024_01,quarterly,2023_q2,2023-04-01,2023,4,2,1,stroke,male,all,hospital_registered,quarterly_count,90,90,count,90,,,final,bnr_sdc_v1,0,0,cvd_2023_12,,,,not_applicable,0,0,0,none,No disclosure restriction identified.,No disclosure restriction identified.
CVD-BURDEN-001,cvd_2024_01,quarterly,2023_q2,2023-04-01,2023,4,2,1,stroke,male,all,hospital_registered,quarterly_same_quarter_previous_5yr_mean,64.40000000000001,64.4,count,322,,5,final,bnr_sdc_v1,0,0,cvd_2023_12,,,,not_applicable,0,0,0,none,No disclosure restriction identified.,No disclosure restriction identified.
CVD-BURDEN-001,cvd_2024_01,quarterly,2023_q3,2023-07-01,2023,7,3,1,all_cvd,all,all,hospital_registered,quarterly_count,208,208,count,208,,,final,bnr_sdc_v1,0,0,cvd_2023_12,,,,not_applicable,0,0,0,none,No disclosure restriction identified.,No disclosure restriction identified.
CVD-BURDEN-001,cvd_2024_01,quarterly,2023_q3,2023-07-01,2023,7,3,1,all_cvd,all,all,hospital_registered,quarterly_same_quarter_previous_5yr_mean,213,213,count,1065,,5,final,bnr_sdc_v1,0,0,cvd_2023_12,,,,not_applicable,0,0,0,none,No disclosure restriction identified.,No disclosure restriction identified.
CVD-BURDEN-001,cvd_2024_01,quarterly,2023_q3,2023-07-01,2023,7,3,1,all_cvd,female,all,hospital_registered,quarterly_count,98,98,count,98,,,final,bnr_sdc_v1,0,0,cvd_2023_12,,,,not_applicable,0,0,0,none,No disclosure restriction identified.,No disclosure restriction identified.
CVD-BURDEN-001,cvd_2024_01,quarterly,2023_q3,2023-07-01,2023,7,3,1,all_cvd,female,all,hospital_registered,quarterly_same_quarter_previous_5yr_mean,102.8,102.8,count,514,,5,final,bnr_sdc_v1,0,0,cvd_2023_12,,,,not_applicable,0,0,0,none,No disclosure restriction identified.,No disclosure restriction identified.
CVD-BURDEN-001,cvd_2024_01,quarterly,2023_q3,2023-07-01,2023,7,3,1,all_cvd,male,all,hospital_registered,quarterly_count,110,110,count,110,,,final,bnr_sdc_v1,0,0,cvd_2023_12,,,,not_applicable,0,0,0,none,No disclosure restriction identified.,No disclosure restriction identified.
CVD-BURDEN-001,cvd_2024_01,quarterly,2023_q3,2023-07-01,2023,7,3,1,all_cvd,male,all,hospital_registered,quarterly_same_quarter_previous_5yr_mean,110.2,110.2,count,551,,5,final,bnr_sdc_v1,0,0,cvd_2023_12,,,,not_applicable,0,0,0,none,No disclosure restriction identified.,No disclosure restriction identified.
CVD-BURDEN-001,cvd_2024_01,quarterly,2023_q3,2023-07-01,2023,7,3,1,ami,all,all,hospital_registered,quarterly_count,54,54,count,54,,,final,bnr_sdc_v1,0,0,cvd_2023_12,,,,not_applicable,0,0,0,none,No disclosure restriction identified.,No disclosure restriction identified.
CVD-BURDEN-001,cvd_2024_01,quarterly,2023_q3,2023-07-01,2023,7,3,1,ami,all,all,hospital_registered,quarterly_same_quarter_previous_5yr_mean,66.40000000000001,66.4,count,332,,5,final,bnr_sdc_v1,0,0,cvd_2023_12,,,,not_applicable,0,0,0,none,No disclosure restriction identified.,No disclosure restriction identified.
CVD-BURDEN-001,cvd_2024_01,quarterly,2023_q3,2023-07-01,2023,7,3,1,ami,female,all,hospital_registered,quarterly_count,25,25,count,25,,,final,bnr_sdc_v1,0,0,cvd_2023_12,,,,not_applicable,0,0,0,none,No disclosure restriction identified.,No disclosure restriction identified.
CVD-BURDEN-001,cvd_2024_01,quarterly,2023_q3,2023-07-01,2023,7,3,1,ami,female,all,hospital_registered,quarterly_same_quarter_previous_5yr_mean,31.4,31.4,count,157,,5,final,bnr_sdc_v1,0,0,cvd_2023_12,,,,not_applicable,0,0,0,none,No disclosure restriction identified.,No disclosure restriction identified.
CVD-BURDEN-001,cvd_2024_01,quarterly,2023_q3,2023-07-01,2023,7,3,1,ami,male,all,hospital_registered,quarterly_count,29,29,count,29,,,final,bnr_sdc_v1,0,0,cvd_2023_12,,,,not_applicable,0,0,0,none,No disclosure restriction identified.,No disclosure restriction identified.
CVD-BURDEN-001,cvd_2024_01,quarterly,2023_q3,2023-07-01,2023,7,3,1,ami,male,all,hospital_registered,quarterly_same_quarter_previous_5yr_mean,35,35,count,175,,5,final,bnr_sdc_v1,0,0,cvd_2023_12,,,,not_applicable,0,0,0,none,No disclosure restriction identified.,No disclosure restriction identified.
CVD-BURDEN-001,cvd_2024_01,quarterly,2023_q3,2023-07-01,2023,7,3,1,stroke,all,all,hospital_registered,quarterly_count,154,154,count,154,,,final,bnr_sdc_v1,0,0,cvd_2023_12,,,,not_applicable,0,0,0,none,No disclosure restriction identified.,No disclosure restriction identified.
CVD-BURDEN-001,cvd_2024_01,quarterly,2023_q3,2023-07-01,2023,7,3,1,stroke,all,all,hospital_registered,quarterly_same_quarter_previous_5yr_mean,146.6,146.6,count,733,,5,final,bnr_sdc_v1,0,0,cvd_2023_12,,,,not_applicable,0,0,0,none,No disclosure restriction identified.,No disclosure restriction identified.
CVD-BURDEN-001,cvd_2024_01,quarterly,2023_q3,2023-07-01,2023,7,3,1,stroke,female,all,hospital_registered,quarterly_count,73,73,count,73,,,final,bnr_sdc_v1,0,0,cvd_2023_12,,,,not_applicable,0,0,0,none,No disclosure restriction identified.,No disclosure restriction identified.
CVD-BURDEN-001,cvd_2024_01,quarterly,2023_q3,2023-07-01,2023,7,3,1,stroke,female,all,hospital_registered,quarterly_same_quarter_previous_5yr_mean,71.40000000000001,71.4,count,357,,5,final,bnr_sdc_v1,0,0,cvd_2023_12,,,,not_applicable,0,0,0,none,No disclosure restriction identified.,No disclosure restriction identified.
CVD-BURDEN-001,cvd_2024_01,quarterly,2023_q3,2023-07-01,2023,7,3,1,stroke,male,all,hospital_registered,quarterly_count,81,81,count,81,,,final,bnr_sdc_v1,0,0,cvd_2023_12,,,,not_applicable,0,0,0,none,No disclosure restriction identified.,No disclosure restriction identified.
CVD-BURDEN-001,cvd_2024_01,quarterly,2023_q3,2023-07-01,2023,7,3,1,stroke,male,all,hospital_registered,quarterly_same_quarter_previous_5yr_mean,75.2,75.2,count,376,,5,final,bnr_sdc_v1,0,0,cvd_2023_12,,,,not_applicable,0,0,0,none,No disclosure restriction identified.,No disclosure restriction identified.
CVD-BURDEN-001,cvd_2024_01,quarterly,2023_q4,2023-10-01,2023,10,4,1,all_cvd,all,all,hospital_registered,quarterly_count,212,212,count,212,,,final,bnr_sdc_v1,0,0,cvd_2023_12,,,,not_applicable,0,0,0,none,No disclosure restriction identified.,No disclosure restriction identified.
CVD-BURDEN-001,cvd_2024_01,quarterly,2023_q4,2023-10-01,2023,10,4,1,all_cvd,all,all,hospital_registered,quarterly_same_quarter_previous_5yr_mean,192,192,count,960,,5,final,bnr_sdc_v1,0,0,cvd_2023_12,,,,not_applicable,0,0,0,none,No disclosure restriction identified.,No disclosure restriction identified.
CVD-BURDEN-001,cvd_2024_01,quarterly,2023_q4,2023-10-01,2023,10,4,1,all_cvd,female,all,hospital_registered,quarterly_count,105,105,count,105,,,final,bnr_sdc_v1,0,0,cvd_2023_12,,,,not_applicable,0,0,0,none,No disclosure restriction identified.,No disclosure restriction identified.
CVD-BURDEN-001,cvd_2024_01,quarterly,2023_q4,2023-10-01,2023,10,4,1,all_cvd,female,all,hospital_registered,quarterly_same_quarter_previous_5yr_mean,90.40000000000001,90.4,count,452,,5,final,bnr_sdc_v1,0,0,cvd_2023_12,,,,not_applicable,0,0,0,none,No disclosure restriction identified.,No disclosure restriction identified.
CVD-BURDEN-001,cvd_2024_01,quarterly,2023_q4,2023-10-01,2023,10,4,1,all_cvd,male,all,hospital_registered,quarterly_count,107,107,count,107,,,final,bnr_sdc_v1,0,0,cvd_2023_12,,,,not_applicable,0,0,0,none,No disclosure restriction identified.,No disclosure restriction identified.
CVD-BURDEN-001,cvd_2024_01,quarterly,2023_q4,2023-10-01,2023,10,4,1,all_cvd,male,all,hospital_registered,quarterly_same_quarter_previous_5yr_mean,101.6,101.6,count,508,,5,final,bnr_sdc_v1,0,0,cvd_2023_12,,,,not_applicable,0,0,0,none,No disclosure restriction identified.,No disclosure restriction identified.
CVD-BURDEN-001,cvd_2024_01,quarterly,2023_q4,2023-10-01,2023,10,4,1,ami,all,all,hospital_registered,quarterly_count,74,74,count,74,,,final,bnr_sdc_v1,0,0,cvd_2023_12,,,,not_applicable,0,0,0,none,No disclosure restriction identified.,No disclosure restriction identified.
CVD-BURDEN-001,cvd_2024_01,quarterly,2023_q4,2023-10-01,2023,10,4,1,ami,all,all,hospital_registered,quarterly_same_quarter_previous_5yr_mean,60,60,count,300,,5,final,bnr_sdc_v1,0,0,cvd_2023_12,,,,not_applicable,0,0,0,none,No disclosure restriction identified.,No disclosure restriction identified.
CVD-BURDEN-001,cvd_2024_01,quarterly,2023_q4,2023-10-01,2023,10,4,1,ami,female,all,hospital_registered,quarterly_count,30,30,count,30,,,final,bnr_sdc_v1,0,0,cvd_2023_12,,,,not_applicable,0,0,0,none,No disclosure restriction identified.,No disclosure restriction identified.
CVD-BURDEN-001,cvd_2024_01,quarterly,2023_q4,2023-10-01,2023,10,4,1,ami,female,all,hospital_registered,quarterly_same_quarter_previous_5yr_mean,25.6,25.6,count,128,,5,final,bnr_sdc_v1,0,0,cvd_2023_12,,,,not_applicable,0,0,0,none,No disclosure restriction identified.,No disclosure restriction identified.
CVD-BURDEN-001,cvd_2024_01,quarterly,2023_q4,2023-10-01,2023,10,4,1,ami,male,all,hospital_registered,quarterly_count,44,44,count,44,,,final,bnr_sdc_v1,0,0,cvd_2023_12,,,,not_applicable,0,0,0,none,No disclosure restriction identified.,No disclosure restriction identified.
CVD-BURDEN-001,cvd_2024_01,quarterly,2023_q4,2023-10-01,2023,10,4,1,ami,male,all,hospital_registered,quarterly_same_quarter_previous_5yr_mean,34.4,34.4,count,172,,5,final,bnr_sdc_v1,0,0,cvd_2023_12,,,,not_applicable,0,0,0,none,No disclosure restriction identified.,No disclosure restriction identified.
CVD-BURDEN-001,cvd_2024_01,quarterly,2023_q4,2023-10-01,2023,10,4,1,stroke,all,all,hospital_registered,quarterly_count,138,138,count,138,,,final,bnr_sdc_v1,0,0,cvd_2023_12,,,,not_applicable,0,0,0,none,No disclosure restriction identified.,No disclosure restriction identified.
CVD-BURDEN-001,cvd_2024_01,quarterly,2023_q4,2023-10-01,2023,10,4,1,stroke,all,all,hospital_registered,quarterly_same_quarter_previous_5yr_mean,132,132,count,660,,5,final,bnr_sdc_v1,0,0,cvd_2023_12,,,,not_applicable,0,0,0,none,No disclosure restriction identified.,No disclosure restriction identified.
CVD-BURDEN-001,cvd_2024_01,quarterly,2023_q4,2023-10-01,2023,10,4,1,stroke,female,all,hospital_registered,quarterly_count,75,75,count,75,,,final,bnr_sdc_v1,0,0,cvd_2023_12,,,,not_applicable,0,0,0,none,No disclosure restriction identified.,No disclosure restriction identified.
CVD-BURDEN-001,cvd_2024_01,quarterly,2023_q4,2023-10-01,2023,10,4,1,stroke,female,all,hospital_registered,quarterly_same_quarter_previous_5yr_mean,64.8,64.8,count,324,,5,final,bnr_sdc_v1,0,0,cvd_2023_12,,,,not_applicable,0,0,0,none,No disclosure restriction identified.,No disclosure restriction identified.
CVD-BURDEN-001,cvd_2024_01,quarterly,2023_q4,2023-10-01,2023,10,4,1,stroke,male,all,hospital_registered,quarterly_count,63,63,count,63,,,final,bnr_sdc_v1,0,0,cvd_2023_12,,,,not_applicable,0,0,0,none,No disclosure restriction identified.,No disclosure restriction identified.
CVD-BURDEN-001,cvd_2024_01,quarterly,2023_q4,2023-10-01,2023,10,4,1,stroke,male,all,hospital_registered,quarterly_same_quarter_previous_5yr_mean,67.2,67.2,count,336,,5,final,bnr_sdc_v1,0,0,cvd_2023_12,,,,not_applicable,0,0,0,none,No disclosure restriction identified.,No disclosure restriction identified.
CVD-BURDEN-001,cvd_2024_01,quarterly,2024_q1,2024-01-01,2024,1,1,0,all_cvd,all,all,hospital_registered,quarterly_count,65,65,count,65,,,final,bnr_sdc_v1,0,0,cvd_2023_12,,,,not_applicable,0,0,0,none,No disclosure restriction identified.,No disclosure restriction identified.
CVD-BURDEN-001,cvd_2024_01,quarterly,2024_q1,2024-01-01,2024,1,1,0,all_cvd,all,all,hospital_registered,quarterly_same_quarter_previous_5yr_mean,211.8,211.8,count,1059,,5,final,bnr_sdc_v1,0,0,cvd_2023_12,,,,not_applicable,0,0,0,none,No disclosure restriction identified.,No disclosure restriction identified.
CVD-BURDEN-001,cvd_2024_01,quarterly,2024_q1,2024-01-01,2024,1,1,0,all_cvd,female,all,hospital_registered,quarterly_count,33,33,count,33,,,final,bnr_sdc_v1,0,0,cvd_2023_12,,,,not_applicable,0,0,0,none,No disclosure restriction identified.,No disclosure restriction identified.
CVD-BURDEN-001,cvd_2024_01,quarterly,2024_q1,2024-01-01,2024,1,1,0,all_cvd,female,all,hospital_registered,quarterly_same_quarter_previous_5yr_mean,104.8,104.8,count,524,,5,final,bnr_sdc_v1,0,0,cvd_2023_12,,,,not_applicable,0,0,0,none,No disclosure restriction identified.,No disclosure restriction identified.
CVD-BURDEN-001,cvd_2024_01,quarterly,2024_q1,2024-01-01,2024,1,1,0,all_cvd,male,all,hospital_registered,quarterly_count,32,32,count,32,,,final,bnr_sdc_v1,0,0,cvd_2023_12,,,,not_applicable,0,0,0,none,No disclosure restriction identified.,No disclosure restriction identified.
CVD-BURDEN-001,cvd_2024_01,quarterly,2024_q1,2024-01-01,2024,1,1,0,all_cvd,male,all,hospital_registered,quarterly_same_quarter_previous_5yr_mean,107,107,count,535,,5,final,bnr_sdc_v1,0,0,cvd_2023_12,,,,not_applicable,0,0,0,none,No disclosure restriction identified.,No disclosure restriction identified.
CVD-BURDEN-001,cvd_2024_01,quarterly,2024_q1,2024-01-01,2024,1,1,0,ami,all,all,hospital_registered,quarterly_count,16,16,count,16,,,final,bnr_sdc_v1,0,0,cvd_2023_12,1,0,16,period_start,0,0,0,none,No disclosure restriction identified.,No disclosure restriction identified.
CVD-BURDEN-001,cvd_2024_01,quarterly,2024_q1,2024-01-01,2024,1,1,0,ami,all,all,hospital_registered,quarterly_same_quarter_previous_5yr_mean,61.6,61.6,count,308,,5,final,bnr_sdc_v1,0,0,cvd_2023_12,,,,not_applicable,0,0,0,none,No disclosure restriction identified.,No disclosure restriction identified.
CVD-BURDEN-001,cvd_2024_01,quarterly,2024_q1,2024-01-01,2024,1,1,0,ami,female,all,hospital_registered,quarterly_count,,*,count,,,,final,bnr_sdc_v1,1,0,cvd_2023_12,1,0,5,period_start,1,0,0,primary,Suppressed: underlying count is between 1 and 5.,Suppressed: underlying count is between 1 and 5.
CVD-BURDEN-001,cvd_2024_01,quarterly,2024_q1,2024-01-01,2024,1,1,0,ami,female,all,hospital_registered,quarterly_same_quarter_previous_5yr_mean,29.2,29.2,count,146,,5,final,bnr_sdc_v1,0,0,cvd_2023_12,,,,not_applicable,0,0,0,none,No disclosure restriction identified.,No disclosure restriction identified.
CVD-BURDEN-001,cvd_2024_01,quarterly,2024_q1,2024-01-01,2024,1,1,0,ami,male,all,hospital_registered,quarterly_count,,*,count,,,,final,bnr_sdc_v1,0,0,cvd_2023_12,1,0,11,period_start,0,1,0,secondary,Suppressed: complementary protection prevents calculation of another small count.,Suppressed: complementary protection prevents calculation of another small count.
CVD-BURDEN-001,cvd_2024_01,quarterly,2024_q1,2024-01-01,2024,1,1,0,ami,male,all,hospital_registered,quarterly_same_quarter_previous_5yr_mean,32.4,32.4,count,162,,5,final,bnr_sdc_v1,0,0,cvd_2023_12,,,,not_applicable,0,0,0,none,No disclosure restriction identified.,No disclosure restriction identified.
CVD-BURDEN-001,cvd_2024_01,quarterly,2024_q1,2024-01-01,2024,1,1,0,stroke,all,all,hospital_registered,quarterly_count,49,49,count,49,,,final,bnr_sdc_v1,0,0,cvd_2023_12,1,0,49,period_start,0,0,0,none,No disclosure restriction identified.,No disclosure restriction identified.
CVD-BURDEN-001,cvd_2024_01,quarterly,2024_q1,2024-01-01,2024,1,1,0,stroke,all,all,hospital_registered,quarterly_same_quarter_previous_5yr_mean,150.2,150.2,count,751,,5,final,bnr_sdc_v1,0,0,cvd_2023_12,,,,not_applicable,0,0,0,none,No disclosure restriction identified.,No disclosure restriction identified.
CVD-BURDEN-001,cvd_2024_01,quarterly,2024_q1,2024-01-01,2024,1,1,0,stroke,female,all,hospital_registered,quarterly_count,,*,count,,,,final,bnr_sdc_v1,0,0,cvd_2023_12,1,0,28,period_start,0,1,0,secondary,Suppressed: complementary protection prevents calculation of another small count.,Suppressed: complementary protection prevents calculation of another small count.
CVD-BURDEN-001,cvd_2024_01,quarterly,2024_q1,2024-01-01,2024,1,1,0,stroke,female,all,hospital_registered,quarterly_same_quarter_previous_5yr_mean,75.59999999999999,75.6,count,378,,5,final,bnr_sdc_v1,0,0,cvd_2023_12,,,,not_applicable,0,0,0,none,No disclosure restriction identified.,No disclosure restriction identified.
CVD-BURDEN-001,cvd_2024_01,quarterly,2024_q1,2024-01-01,2024,1,1,0,stroke,male,all,hospital_registered,quarterly_count,,*,count,,,,final,bnr_sdc_v1,0,0,cvd_2023_12,1,0,21,period_start,0,1,0,secondary,Suppressed: complementary protection prevents calculation of another small count.,Suppressed: complementary protection prevents calculation of another small count.
CVD-BURDEN-001,cvd_2024_01,quarterly,2024_q1,2024-01-01,2024,1,1,0,stroke,male,all,hospital_registered,quarterly_same_quarter_previous_5yr_mean,74.59999999999999,74.6,count,373,,5,final,bnr_sdc_v1,0,0,cvd_2023_12,,,,not_applicable,0,0,0,none,No disclosure restriction identified.,No disclosure restriction identified.
CVD-BURDEN-002,cvd_2024_01,annual,2010,2010-01-01,2010,,,1,all_cvd,all,age_70_plus,hospital_registered,age_distribution,52.97297297297298,52.972973,percent,294,555,,final,bnr_sdc_v1,0,0,cvd_2023_12,,,,not_applicable,0,0,0,none,No disclosure restriction identified.,No disclosure restriction identified.
CVD-BURDEN-002,cvd_2024_01,annual,2010,2010-01-01,2010,,,1,all_cvd,all,under_70,hospital_registered,age_distribution,47.02702702702703,47.027027,percent,261,555,,final,bnr_sdc_v1,0,0,cvd_2023_12,,,,not_applicable,0,0,0,none,No disclosure restriction identified.,No disclosure restriction identified.
CVD-BURDEN-002,cvd_2024_01,annual,2010,2010-01-01,2010,,,1,all_cvd,female,all,hospital_registered,sex_distribution,51.53153153153153,51.531532,percent,286,555,,final,bnr_sdc_v1,0,0,cvd_2023_12,,,,not_applicable,0,0,0,none,No disclosure restriction identified.,No disclosure restriction identified.
CVD-BURDEN-002,cvd_2024_01,annual,2010,2010-01-01,2010,,,1,all_cvd,male,all,hospital_registered,sex_distribution,48.46846846846847,48.468468,percent,269,555,,final,bnr_sdc_v1,0,0,cvd_2023_12,,,,not_applicable,0,0,0,none,No disclosure restriction identified.,No disclosure restriction identified.
CVD-BURDEN-002,cvd_2024_01,annual,2010,2010-01-01,2010,,,1,ami,all,all,hospital_registered,event_type_distribution,22.70270270270271,22.702703,percent,126,555,,final,bnr_sdc_v1,0,0,cvd_2023_12,,,,not_applicable,0,0,0,none,No disclosure restriction identified.,No disclosure restriction identified.
CVD-BURDEN-002,cvd_2024_01,annual,2010,2010-01-01,2010,,,1,ami,female,all,hospital_registered,sex_distribution,47.61904761904761,47.619048,percent,60,126,,final,bnr_sdc_v1,0,0,cvd_2023_12,,,,not_applicable,0,0,0,none,No disclosure restriction identified.,No disclosure restriction identified.
CVD-BURDEN-002,cvd_2024_01,annual,2010,2010-01-01,2010,,,1,ami,male,all,hospital_registered,sex_distribution,52.38095238095239,52.380952,percent,66,126,,final,bnr_sdc_v1,0,0,cvd_2023_12,,,,not_applicable,0,0,0,none,No disclosure restriction identified.,No disclosure restriction identified.
CVD-BURDEN-002,cvd_2024_01,annual,2010,2010-01-01,2010,,,1,stroke,all,all,hospital_registered,event_type_distribution,77.29729729729729,77.297297,percent,429,555,,final,bnr_sdc_v1,0,0,cvd_2023_12,,,,not_applicable,0,0,0,none,No disclosure restriction identified.,No disclosure restriction identified.
CVD-BURDEN-002,cvd_2024_01,annual,2010,2010-01-01,2010,,,1,stroke,female,all,hospital_registered,sex_distribution,52.68065268065268,52.680653,percent,226,429,,final,bnr_sdc_v1,0,0,cvd_2023_12,,,,not_applicable,0,0,0,none,No disclosure restriction identified.,No disclosure restriction identified.
CVD-BURDEN-002,cvd_2024_01,annual,2010,2010-01-01,2010,,,1,stroke,male,all,hospital_registered,sex_distribution,47.31934731934732,47.319347,percent,203,429,,final,bnr_sdc_v1,0,0,cvd_2023_12,,,,not_applicable,0,0,0,none,No disclosure restriction identified.,No disclosure restriction identified.
CVD-BURDEN-002,cvd_2024_01,annual,2011,2011-01-01,2011,,,1,all_cvd,all,age_70_plus,hospital_registered,age_distribution,49.8015873015873,49.801587,percent,251,504,,final,bnr_sdc_v1,0,0,cvd_2023_12,,,,not_applicable,0,0,0,none,No disclosure restriction identified.,No disclosure restriction identified.
CVD-BURDEN-002,cvd_2024_01,annual,2011,2011-01-01,2011,,,1,all_cvd,all,under_70,hospital_registered,age_distribution,50.1984126984127,50.198413,percent,253,504,,final,bnr_sdc_v1,0,0,cvd_2023_12,,,,not_applicable,0,0,0,none,No disclosure restriction identified.,No disclosure restriction identified.
CVD-BURDEN-002,cvd_2024_01,annual,2011,2011-01-01,2011,,,1,all_cvd,female,all,hospital_registered,sex_distribution,48.80952380952381,48.809524,percent,246,504,,final,bnr_sdc_v1,0,0,cvd_2023_12,,,,not_applicable,0,0,0,none,No disclosure restriction identified.,No disclosure restriction identified.
CVD-BURDEN-002,cvd_2024_01,annual,2011,2011-01-01,2011,,,1,all_cvd,male,all,hospital_registered,sex_distribution,51.19047619047619,51.190476,percent,258,504,,final,bnr_sdc_v1,0,0,cvd_2023_12,,,,not_applicable,0,0,0,none,No disclosure restriction identified.,No disclosure restriction identified.
CVD-BURDEN-002,cvd_2024_01,annual,2011,2011-01-01,2011,,,1,ami,all,all,hospital_registered,event_type_distribution,23.61111111111111,23.611111,percent,119,504,,final,bnr_sdc_v1,0,0,cvd_2023_12,,,,not_applicable,0,0,0,none,No disclosure restriction identified.,No disclosure restriction identified.
CVD-BURDEN-002,cvd_2024_01,annual,2011,2011-01-01,2011,,,1,ami,female,all,hospital_registered,sex_distribution,37.81512605042017,37.815126,percent,45,119,,final,bnr_sdc_v1,0,0,cvd_2023_12,,,,not_applicable,0,0,0,none,No disclosure restriction identified.,No disclosure restriction identified.
CVD-BURDEN-002,cvd_2024_01,annual,2011,2011-01-01,2011,,,1,ami,male,all,hospital_registered,sex_distribution,62.18487394957983,62.184874,percent,74,119,,final,bnr_sdc_v1,0,0,cvd_2023_12,,,,not_applicable,0,0,0,none,No disclosure restriction identified.,No disclosure restriction identified.
CVD-BURDEN-002,cvd_2024_01,annual,2011,2011-01-01,2011,,,1,stroke,all,all,hospital_registered,event_type_distribution,76.38888888888889,76.388889,percent,385,504,,final,bnr_sdc_v1,0,0,cvd_2023_12,,,,not_applicable,0,0,0,none,No disclosure restriction identified.,No disclosure restriction identified.
CVD-BURDEN-002,cvd_2024_01,annual,2011,2011-01-01,2011,,,1,stroke,female,all,hospital_registered,sex_distribution,52.2077922077922,52.207792,percent,201,385,,final,bnr_sdc_v1,0,0,cvd_2023_12,,,,not_applicable,0,0,0,none,No disclosure restriction identified.,No disclosure restriction identified.
CVD-BURDEN-002,cvd_2024_01,annual,2011,2011-01-01,2011,,,1,stroke,male,all,hospital_registered,sex_distribution,47.79220779220779,47.792208,percent,184,385,,final,bnr_sdc_v1,0,0,cvd_2023_12,,,,not_applicable,0,0,0,none,No disclosure restriction identified.,No disclosure restriction identified.
CVD-BURDEN-002,cvd_2024_01,annual,2012,2012-01-01,2012,,,1,all_cvd,all,age_70_plus,hospital_registered,age_distribution,52.05479452054794,52.054795,percent,304,584,,final,bnr_sdc_v1,0,0,cvd_2023_12,,,,not_applicable,0,0,0,none,No disclosure restriction identified.,No disclosure restriction identified.
CVD-BURDEN-002,cvd_2024_01,annual,2012,2012-01-01,2012,,,1,all_cvd,all,under_70,hospital_registered,age_distribution,47.94520547945205,47.945205,percent,280,584,,final,bnr_sdc_v1,0,0,cvd_2023_12,,,,not_applicable,0,0,0,none,No disclosure restriction identified.,No disclosure restriction identified.
CVD-BURDEN-002,cvd_2024_01,annual,2012,2012-01-01,2012,,,1,all_cvd,female,all,hospital_registered,sex_distribution,51.02739726027398,51.027397,percent,298,584,,final,bnr_sdc_v1,0,0,cvd_2023_12,,,,not_applicable,0,0,0,none,No disclosure restriction identified.,No disclosure restriction identified.
CVD-BURDEN-002,cvd_2024_01,annual,2012,2012-01-01,2012,,,1,all_cvd,male,all,hospital_registered,sex_distribution,48.97260273972603,48.972603,percent,286,584,,final,bnr_sdc_v1,0,0,cvd_2023_12,,,,not_applicable,0,0,0,none,No disclosure restriction identified.,No disclosure restriction identified.
CVD-BURDEN-002,cvd_2024_01,annual,2012,2012-01-01,2012,,,1,ami,all,all,hospital_registered,event_type_distribution,32.02054794520548,32.020548,percent,187,584,,final,bnr_sdc_v1,0,0,cvd_2023_12,,,,not_applicable,0,0,0,none,No disclosure restriction identified.,No disclosure restriction identified.
CVD-BURDEN-002,cvd_2024_01,annual,2012,2012-01-01,2012,,,1,ami,female,all,hospital_registered,sex_distribution,51.33689839572193,51.336898,percent,96,187,,final,bnr_sdc_v1,0,0,cvd_2023_12,,,,not_applicable,0,0,0,none,No disclosure restriction identified.,No disclosure restriction identified.
CVD-BURDEN-002,cvd_2024_01,annual,2012,2012-01-01,2012,,,1,ami,male,all,hospital_registered,sex_distribution,48.66310160427808,48.663102,percent,91,187,,final,bnr_sdc_v1,0,0,cvd_2023_12,,,,not_applicable,0,0,0,none,No disclosure restriction identified.,No disclosure restriction identified.
CVD-BURDEN-002,cvd_2024_01,annual,2012,2012-01-01,2012,,,1,stroke,all,all,hospital_registered,event_type_distribution,67.97945205479452,67.979452,percent,397,584,,final,bnr_sdc_v1,0,0,cvd_2023_12,,,,not_applicable,0,0,0,none,No disclosure restriction identified.,No disclosure restriction identified.
CVD-BURDEN-002,cvd_2024_01,annual,2012,2012-01-01,2012,,,1,stroke,female,all,hospital_registered,sex_distribution,50.88161209068011,50.881612,percent,202,397,,final,bnr_sdc_v1,0,0,cvd_2023_12,,,,not_applicable,0,0,0,none,No disclosure restriction identified.,No disclosure restriction identified.
CVD-BURDEN-002,cvd_2024_01,annual,2012,2012-01-01,2012,,,1,stroke,male,all,hospital_registered,sex_distribution,49.1183879093199,49.118388,percent,195,397,,final,bnr_sdc_v1,0,0,cvd_2023_12,,,,not_applicable,0,0,0,none,No disclosure restriction identified.,No disclosure restriction identified.
CVD-BURDEN-002,cvd_2024_01,annual,2013,2013-01-01,2013,,,1,all_cvd,all,age_70_plus,hospital_registered,age_distribution,50.07173601147776,50.071736,percent,349,697,,final,bnr_sdc_v1,0,0,cvd_2023_12,,,,not_applicable,0,0,0,none,No disclosure restriction identified.,No disclosure restriction identified.
CVD-BURDEN-002,cvd_2024_01,annual,2013,2013-01-01,2013,,,1,all_cvd,all,under_70,hospital_registered,age_distribution,49.92826398852224,49.928264,percent,348,697,,final,bnr_sdc_v1,0,0,cvd_2023_12,,,,not_applicable,0,0,0,none,No disclosure restriction identified.,No disclosure restriction identified.
CVD-BURDEN-002,cvd_2024_01,annual,2013,2013-01-01,2013,,,1,all_cvd,female,all,hospital_registered,sex_distribution,49.06743185078909,49.067432,percent,342,697,,final,bnr_sdc_v1,0,0,cvd_2023_12,,,,not_applicable,0,0,0,none,No disclosure restriction identified.,No disclosure restriction identified.
CVD-BURDEN-002,cvd_2024_01,annual,2013,2013-01-01,2013,,,1,all_cvd,male,all,hospital_registered,sex_distribution,50.9325681492109,50.932568,percent,355,697,,final,bnr_sdc_v1,0,0,cvd_2023_12,,,,not_applicable,0,0,0,none,No disclosure restriction identified.,No disclosure restriction identified.
CVD-BURDEN-002,cvd_2024_01,annual,2013,2013-01-01,2013,,,1,ami,all,all,hospital_registered,event_type_distribution,21.95121951219512,21.95122,percent,153,697,,final,bnr_sdc_v1,0,0,cvd_2023_12,,,,not_applicable,0,0,0,none,No disclosure restriction identified.,No disclosure restriction identified.
CVD-BURDEN-002,cvd_2024_01,annual,2013,2013-01-01,2013,,,1,ami,female,all,hospital_registered,sex_distribution,41.83006535947712,41.830065,percent,64,153,,final,bnr_sdc_v1,0,0,cvd_2023_12,,,,not_applicable,0,0,0,none,No disclosure restriction identified.,No disclosure restriction identified.
CVD-BURDEN-002,cvd_2024_01,annual,2013,2013-01-01,2013,,,1,ami,male,all,hospital_registered,sex_distribution,58.16993464052288,58.169935,percent,89,153,,final,bnr_sdc_v1,0,0,cvd_2023_12,,,,not_applicable,0,0,0,none,No disclosure restriction identified.,No disclosure restriction identified.
CVD-BURDEN-002,cvd_2024_01,annual,2013,2013-01-01,2013,,,1,stroke,all,all,hospital_registered,event_type_distribution,78.04878048780488,78.04878,percent,544,697,,final,bnr_sdc_v1,0,0,cvd_2023_12,,,,not_applicable,0,0,0,none,No disclosure restriction identified.,No disclosure restriction identified.
CVD-BURDEN-002,cvd_2024_01,annual,2013,2013-01-01,2013,,,1,stroke,female,all,hospital_registered,sex_distribution,51.10294117647059,51.102941,percent,278,544,,final,bnr_sdc_v1,0,0,cvd_2023_12,,,,not_applicable,0,0,0,none,No disclosure restriction identified.,No disclosure restriction identified.
CVD-BURDEN-002,cvd_2024_01,annual,2013,2013-01-01,2013,,,1,stroke,male,all,hospital_registered,sex_distribution,48.89705882352941,48.897059,percent,266,544,,final,bnr_sdc_v1,0,0,cvd_2023_12,,,,not_applicable,0,0,0,none,No disclosure restriction identified.,No disclosure restriction identified.
CVD-BURDEN-002,cvd_2024_01,annual,2014,2014-01-01,2014,,,1,all_cvd,all,age_70_plus,hospital_registered,age_distribution,52.16783216783217,52.167832,percent,373,715,,final,bnr_sdc_v1,0,0,cvd_2023_12,,,,not_applicable,0,0,0,none,No disclosure restriction identified.,No disclosure restriction identified.
CVD-BURDEN-002,cvd_2024_01,annual,2014,2014-01-01,2014,,,1,all_cvd,all,under_70,hospital_registered,age_distribution,47.83216783216783,47.832168,percent,342,715,,final,bnr_sdc_v1,0,0,cvd_2023_12,,,,not_applicable,0,0,0,none,No disclosure restriction identified.,No disclosure restriction identified.
CVD-BURDEN-002,cvd_2024_01,annual,2014,2014-01-01,2014,,,1,all_cvd,female,all,hospital_registered,sex_distribution,51.60839160839161,51.608392,percent,369,715,,final,bnr_sdc_v1,0,0,cvd_2023_12,,,,not_applicable,0,0,0,none,No disclosure restriction identified.,No disclosure restriction identified.
CVD-BURDEN-002,cvd_2024_01,annual,2014,2014-01-01,2014,,,1,all_cvd,male,all,hospital_registered,sex_distribution,48.39160839160839,48.391608,percent,346,715,,final,bnr_sdc_v1,0,0,cvd_2023_12,,,,not_applicable,0,0,0,none,No disclosure restriction identified.,No disclosure restriction identified.
CVD-BURDEN-002,cvd_2024_01,annual,2014,2014-01-01,2014,,,1,ami,all,all,hospital_registered,event_type_distribution,32.72727272727273,32.727273,percent,234,715,,final,bnr_sdc_v1,0,0,cvd_2023_12,,,,not_applicable,0,0,0,none,No disclosure restriction identified.,No disclosure restriction identified.
CVD-BURDEN-002,cvd_2024_01,annual,2014,2014-01-01,2014,,,1,ami,female,all,hospital_registered,sex_distribution,46.58119658119658,46.581197,percent,109,234,,final,bnr_sdc_v1,0,0,cvd_2023_12,,,,not_applicable,0,0,0,none,No disclosure restriction identified.,No disclosure restriction identified.
CVD-BURDEN-002,cvd_2024_01,annual,2014,2014-01-01,2014,,,1,ami,male,all,hospital_registered,sex_distribution,53.41880341880342,53.418803,percent,125,234,,final,bnr_sdc_v1,0,0,cvd_2023_12,,,,not_applicable,0,0,0,none,No disclosure restriction identified.,No disclosure restriction identified.
CVD-BURDEN-002,cvd_2024_01,annual,2014,2014-01-01,2014,,,1,stroke,all,all,hospital_registered,event_type_distribution,67.27272727272727,67.272727,percent,481,715,,final,bnr_sdc_v1,0,0,cvd_2023_12,,,,not_applicable,0,0,0,none,No disclosure restriction identified.,No disclosure restriction identified.
CVD-BURDEN-002,cvd_2024_01,annual,2014,2014-01-01,2014,,,1,stroke,female,all,hospital_registered,sex_distribution,54.05405405405406,54.054054,percent,260,481,,final,bnr_sdc_v1,0,0,cvd_2023_12,,,,not_applicable,0,0,0,none,No disclosure restriction identified.,No disclosure restriction identified.
CVD-BURDEN-002,cvd_2024_01,annual,2014,2014-01-01,2014,,,1,stroke,male,all,hospital_registered,sex_distribution,45.94594594594595,45.945946,percent,221,481,,final,bnr_sdc_v1,0,0,cvd_2023_12,,,,not_applicable,0,0,0,none,No disclosure restriction identified.,No disclosure restriction identified.
CVD-BURDEN-002,cvd_2024_01,annual,2015,2015-01-01,2015,,,1,all_cvd,all,age_70_plus,hospital_registered,age_distribution,49.64028776978417,49.640288,percent,345,695,,final,bnr_sdc_v1,0,0,cvd_2023_12,,,,not_applicable,0,0,0,none,No disclosure restriction identified.,No disclosure restriction identified.
CVD-BURDEN-002,cvd_2024_01,annual,2015,2015-01-01,2015,,,1,all_cvd,all,under_70,hospital_registered,age_distribution,50.35971223021583,50.359712,percent,350,695,,final,bnr_sdc_v1,0,0,cvd_2023_12,,,,not_applicable,0,0,0,none,No disclosure restriction identified.,No disclosure restriction identified.
CVD-BURDEN-002,cvd_2024_01,annual,2015,2015-01-01,2015,,,1,all_cvd,female,all,hospital_registered,sex_distribution,51.07913669064749,51.079137,percent,355,695,,final,bnr_sdc_v1,0,0,cvd_2023_12,,,,not_applicable,0,0,0,none,No disclosure restriction identified.,No disclosure restriction identified.
CVD-BURDEN-002,cvd_2024_01,annual,2015,2015-01-01,2015,,,1,all_cvd,male,all,hospital_registered,sex_distribution,48.92086330935252,48.920863,percent,340,695,,final,bnr_sdc_v1,0,0,cvd_2023_12,,,,not_applicable,0,0,0,none,No disclosure restriction identified.,No disclosure restriction identified.
CVD-BURDEN-002,cvd_2024_01,annual,2015,2015-01-01,2015,,,1,ami,all,all,hospital_registered,event_type_distribution,30.35971223021583,30.359712,percent,211,695,,final,bnr_sdc_v1,0,0,cvd_2023_12,,,,not_applicable,0,0,0,none,No disclosure restriction identified.,No disclosure restriction identified.
CVD-BURDEN-002,cvd_2024_01,annual,2015,2015-01-01,2015,,,1,ami,female,all,hospital_registered,sex_distribution,47.39336492890995,47.393365,percent,100,211,,final,bnr_sdc_v1,0,0,cvd_2023_12,,,,not_applicable,0,0,0,none,No disclosure restriction identified.,No disclosure restriction identified.
CVD-BURDEN-002,cvd_2024_01,annual,2015,2015-01-01,2015,,,1,ami,male,all,hospital_registered,sex_distribution,52.60663507109005,52.606635,percent,111,211,,final,bnr_sdc_v1,0,0,cvd_2023_12,,,,not_applicable,0,0,0,none,No disclosure restriction identified.,No disclosure restriction identified.
CVD-BURDEN-002,cvd_2024_01,annual,2015,2015-01-01,2015,,,1,stroke,all,all,hospital_registered,event_type_distribution,69.64028776978417,69.640288,percent,484,695,,final,bnr_sdc_v1,0,0,cvd_2023_12,,,,not_applicable,0,0,0,none,No disclosure restriction identified.,No disclosure restriction identified.
CVD-BURDEN-002,cvd_2024_01,annual,2015,2015-01-01,2015,,,1,stroke,female,all,hospital_registered,sex_distribution,52.68595041322314,52.68595,percent,255,484,,final,bnr_sdc_v1,0,0,cvd_2023_12,,,,not_applicable,0,0,0,none,No disclosure restriction identified.,No disclosure restriction identified.
CVD-BURDEN-002,cvd_2024_01,annual,2015,2015-01-01,2015,,,1,stroke,male,all,hospital_registered,sex_distribution,47.31404958677686,47.31405,percent,229,484,,final,bnr_sdc_v1,0,0,cvd_2023_12,,,,not_applicable,0,0,0,none,No disclosure restriction identified.,No disclosure restriction identified.
CVD-BURDEN-002,cvd_2024_01,annual,2016,2016-01-01,2016,,,1,all_cvd,all,age_70_plus,hospital_registered,age_distribution,48.84318766066838,48.843188,percent,380,778,,final,bnr_sdc_v1,0,0,cvd_2023_12,,,,not_applicable,0,0,0,none,No disclosure restriction identified.,No disclosure restriction identified.
CVD-BURDEN-002,cvd_2024_01,annual,2016,2016-01-01,2016,,,1,all_cvd,all,under_70,hospital_registered,age_distribution,51.15681233933162,51.156812,percent,398,778,,final,bnr_sdc_v1,0,0,cvd_2023_12,,,,not_applicable,0,0,0,none,No disclosure restriction identified.,No disclosure restriction identified.
CVD-BURDEN-002,cvd_2024_01,annual,2016,2016-01-01,2016,,,1,all_cvd,female,all,hospital_registered,sex_distribution,50.8974358974359,50.897436,percent,397,780,,final,bnr_sdc_v1,0,0,cvd_2023_12,,,,not_applicable,0,0,0,none,No disclosure restriction identified.,No disclosure restriction identified.
CVD-BURDEN-002,cvd_2024_01,annual,2016,2016-01-01,2016,,,1,all_cvd,male,all,hospital_registered,sex_distribution,49.1025641025641,49.102564,percent,383,780,,final,bnr_sdc_v1,0,0,cvd_2023_12,,,,not_applicable,0,0,0,none,No disclosure restriction identified.,No disclosure restriction identified.
CVD-BURDEN-002,cvd_2024_01,annual,2016,2016-01-01,2016,,,1,ami,all,all,hospital_registered,event_type_distribution,27.82051282051282,27.820513,percent,217,780,,final,bnr_sdc_v1,0,0,cvd_2023_12,,,,not_applicable,0,0,0,none,No disclosure restriction identified.,No disclosure restriction identified.
CVD-BURDEN-002,cvd_2024_01,annual,2016,2016-01-01,2016,,,1,ami,female,all,hospital_registered,sex_distribution,43.77880184331797,43.778802,percent,95,217,,final,bnr_sdc_v1,0,0,cvd_2023_12,,,,not_applicable,0,0,0,none,No disclosure restriction identified.,No disclosure restriction identified.
CVD-BURDEN-002,cvd_2024_01,annual,2016,2016-01-01,2016,,,1,ami,male,all,hospital_registered,sex_distribution,56.22119815668203,56.221198,percent,122,217,,final,bnr_sdc_v1,0,0,cvd_2023_12,,,,not_applicable,0,0,0,none,No disclosure restriction identified.,No disclosure restriction identified.
CVD-BURDEN-002,cvd_2024_01,annual,2016,2016-01-01,2016,,,1,stroke,all,all,hospital_registered,event_type_distribution,72.17948717948718,72.179487,percent,563,780,,final,bnr_sdc_v1,0,0,cvd_2023_12,,,,not_applicable,0,0,0,none,No disclosure restriction identified.,No disclosure restriction identified.
CVD-BURDEN-002,cvd_2024_01,annual,2016,2016-01-01,2016,,,1,stroke,female,all,hospital_registered,sex_distribution,53.64120781527532,53.641208,percent,302,563,,final,bnr_sdc_v1,0,0,cvd_2023_12,,,,not_applicable,0,0,0,none,No disclosure restriction identified.,No disclosure restriction identified.
CVD-BURDEN-002,cvd_2024_01,annual,2016,2016-01-01,2016,,,1,stroke,male,all,hospital_registered,sex_distribution,46.35879218472469,46.358792,percent,261,563,,final,bnr_sdc_v1,0,0,cvd_2023_12,,,,not_applicable,0,0,0,none,No disclosure restriction identified.,No disclosure restriction identified.
CVD-BURDEN-002,cvd_2024_01,annual,2017,2017-01-01,2017,,,1,all_cvd,all,age_70_plus,hospital_registered,age_distribution,50.60975609756098,50.609756,percent,415,820,,final,bnr_sdc_v1,0,0,cvd_2023_12,,,,not_applicable,0,0,0,none,No disclosure restriction identified.,No disclosure restriction identified.
CVD-BURDEN-002,cvd_2024_01,annual,2017,2017-01-01,2017,,,1,all_cvd,all,under_70,hospital_registered,age_distribution,49.39024390243902,49.390244,percent,405,820,,final,bnr_sdc_v1,0,0,cvd_2023_12,,,,not_applicable,0,0,0,none,No disclosure restriction identified.,No disclosure restriction identified.
CVD-BURDEN-002,cvd_2024_01,annual,2017,2017-01-01,2017,,,1,all_cvd,female,all,hospital_registered,sex_distribution,50.85158150851582,50.851582,percent,418,822,,final,bnr_sdc_v1,0,0,cvd_2023_12,,,,not_applicable,0,0,0,none,No disclosure restriction identified.,No disclosure restriction identified.
CVD-BURDEN-002,cvd_2024_01,annual,2017,2017-01-01,2017,,,1,all_cvd,male,all,hospital_registered,sex_distribution,49.14841849148419,49.148418,percent,404,822,,final,bnr_sdc_v1,0,0,cvd_2023_12,,,,not_applicable,0,0,0,none,No disclosure restriction identified.,No disclosure restriction identified.
CVD-BURDEN-002,cvd_2024_01,annual,2017,2017-01-01,2017,,,1,ami,all,all,hospital_registered,event_type_distribution,33.81995133819951,33.819951,percent,278,822,,final,bnr_sdc_v1,0,0,cvd_2023_12,,,,not_applicable,0,0,0,none,No disclosure restriction identified.,No disclosure restriction identified.
CVD-BURDEN-002,cvd_2024_01,annual,2017,2017-01-01,2017,,,1,ami,female,all,hospital_registered,sex_distribution,47.12230215827338,47.122302,percent,131,278,,final,bnr_sdc_v1,0,0,cvd_2023_12,,,,not_applicable,0,0,0,none,No disclosure restriction identified.,No disclosure restriction identified.
CVD-BURDEN-002,cvd_2024_01,annual,2017,2017-01-01,2017,,,1,ami,male,all,hospital_registered,sex_distribution,52.87769784172662,52.877698,percent,147,278,,final,bnr_sdc_v1,0,0,cvd_2023_12,,,,not_applicable,0,0,0,none,No disclosure restriction identified.,No disclosure restriction identified.
CVD-BURDEN-002,cvd_2024_01,annual,2017,2017-01-01,2017,,,1,stroke,all,all,hospital_registered,event_type_distribution,66.18004866180048,66.180049,percent,544,822,,final,bnr_sdc_v1,0,0,cvd_2023_12,,,,not_applicable,0,0,0,none,No disclosure restriction identified.,No disclosure restriction identified.
CVD-BURDEN-002,cvd_2024_01,annual,2017,2017-01-01,2017,,,1,stroke,female,all,hospital_registered,sex_distribution,52.75735294117647,52.757353,percent,287,544,,final,bnr_sdc_v1,0,0,cvd_2023_12,,,,not_applicable,0,0,0,none,No disclosure restriction identified.,No disclosure restriction identified.
CVD-BURDEN-002,cvd_2024_01,annual,2017,2017-01-01,2017,,,1,stroke,male,all,hospital_registered,sex_distribution,47.24264705882353,47.242647,percent,257,544,,final,bnr_sdc_v1,0,0,cvd_2023_12,,,,not_applicable,0,0,0,none,No disclosure restriction identified.,No disclosure restriction identified.
CVD-BURDEN-002,cvd_2024_01,annual,2018,2018-01-01,2018,,,1,all_cvd,all,age_70_plus,hospital_registered,age_distribution,50.06195786864932,50.061958,percent,404,807,,final,bnr_sdc_v1,0,0,cvd_2023_12,,,,not_applicable,0,0,0,none,No disclosure restriction identified.,No disclosure restriction identified.
CVD-BURDEN-002,cvd_2024_01,annual,2018,2018-01-01,2018,,,1,all_cvd,all,under_70,hospital_registered,age_distribution,49.93804213135068,49.938042,percent,403,807,,final,bnr_sdc_v1,0,0,cvd_2023_12,,,,not_applicable,0,0,0,none,No disclosure restriction identified.,No disclosure restriction identified.
CVD-BURDEN-002,cvd_2024_01,annual,2018,2018-01-01,2018,,,1,all_cvd,female,all,hospital_registered,sex_distribution,47.45972738537795,47.459727,percent,383,807,,final,bnr_sdc_v1,0,0,cvd_2023_12,,,,not_applicable,0,0,0,none,No disclosure restriction identified.,No disclosure restriction identified.
CVD-BURDEN-002,cvd_2024_01,annual,2018,2018-01-01,2018,,,1,all_cvd,male,all,hospital_registered,sex_distribution,52.54027261462205,52.540273,percent,424,807,,final,bnr_sdc_v1,0,0,cvd_2023_12,,,,not_applicable,0,0,0,none,No disclosure restriction identified.,No disclosure restriction identified.
CVD-BURDEN-002,cvd_2024_01,annual,2018,2018-01-01,2018,,,1,ami,all,all,hospital_registered,event_type_distribution,31.84634448574969,31.846344,percent,257,807,,final,bnr_sdc_v1,0,0,cvd_2023_12,,,,not_applicable,0,0,0,none,No disclosure restriction identified.,No disclosure restriction identified.
CVD-BURDEN-002,cvd_2024_01,annual,2018,2018-01-01,2018,,,1,ami,female,all,hospital_registered,sex_distribution,41.24513618677042,41.245136,percent,106,257,,final,bnr_sdc_v1,0,0,cvd_2023_12,,,,not_applicable,0,0,0,none,No disclosure restriction identified.,No disclosure restriction identified.
CVD-BURDEN-002,cvd_2024_01,annual,2018,2018-01-01,2018,,,1,ami,male,all,hospital_registered,sex_distribution,58.75486381322958,58.754864,percent,151,257,,final,bnr_sdc_v1,0,0,cvd_2023_12,,,,not_applicable,0,0,0,none,No disclosure restriction identified.,No disclosure restriction identified.
CVD-BURDEN-002,cvd_2024_01,annual,2018,2018-01-01,2018,,,1,stroke,all,all,hospital_registered,event_type_distribution,68.15365551425032,68.153656,percent,550,807,,final,bnr_sdc_v1,0,0,cvd_2023_12,,,,not_applicable,0,0,0,none,No disclosure restriction identified.,No disclosure restriction identified.
CVD-BURDEN-002,cvd_2024_01,annual,2018,2018-01-01,2018,,,1,stroke,female,all,hospital_registered,sex_distribution,50.36363636363637,50.363636,percent,277,550,,final,bnr_sdc_v1,0,0,cvd_2023_12,,,,not_applicable,0,0,0,none,No disclosure restriction identified.,No disclosure restriction identified.
CVD-BURDEN-002,cvd_2024_01,annual,2018,2018-01-01,2018,,,1,stroke,male,all,hospital_registered,sex_distribution,49.63636363636363,49.636364,percent,273,550,,final,bnr_sdc_v1,0,0,cvd_2023_12,,,,not_applicable,0,0,0,none,No disclosure restriction identified.,No disclosure restriction identified.
CVD-BURDEN-002,cvd_2024_01,annual,2019,2019-01-01,2019,,,1,all_cvd,all,age_70_plus,hospital_registered,age_distribution,52.62593783494105,52.625938,percent,491,933,,final,bnr_sdc_v1,0,0,cvd_2023_12,,,,not_applicable,0,0,0,none,No disclosure restriction identified.,No disclosure restriction identified.
CVD-BURDEN-002,cvd_2024_01,annual,2019,2019-01-01,2019,,,1,all_cvd,all,under_70,hospital_registered,age_distribution,47.37406216505895,47.374062,percent,442,933,,final,bnr_sdc_v1,0,0,cvd_2023_12,,,,not_applicable,0,0,0,none,No disclosure restriction identified.,No disclosure restriction identified.
CVD-BURDEN-002,cvd_2024_01,annual,2019,2019-01-01,2019,,,1,all_cvd,female,all,hospital_registered,sex_distribution,50.37513397642015,50.375134,percent,470,933,,final,bnr_sdc_v1,0,0,cvd_2023_12,,,,not_applicable,0,0,0,none,No disclosure restriction identified.,No disclosure restriction identified.
CVD-BURDEN-002,cvd_2024_01,annual,2019,2019-01-01,2019,,,1,all_cvd,male,all,hospital_registered,sex_distribution,49.62486602357985,49.624866,percent,463,933,,final,bnr_sdc_v1,0,0,cvd_2023_12,,,,not_applicable,0,0,0,none,No disclosure restriction identified.,No disclosure restriction identified.
CVD-BURDEN-002,cvd_2024_01,annual,2019,2019-01-01,2019,,,1,ami,all,all,hospital_registered,event_type_distribution,33.33333333333333,33.333333,percent,311,933,,final,bnr_sdc_v1,0,0,cvd_2023_12,,,,not_applicable,0,0,0,none,No disclosure restriction identified.,No disclosure restriction identified.
CVD-BURDEN-002,cvd_2024_01,annual,2019,2019-01-01,2019,,,1,ami,female,all,hospital_registered,sex_distribution,48.55305466237942,48.553055,percent,151,311,,final,bnr_sdc_v1,0,0,cvd_2023_12,,,,not_applicable,0,0,0,none,No disclosure restriction identified.,No disclosure restriction identified.
CVD-BURDEN-002,cvd_2024_01,annual,2019,2019-01-01,2019,,,1,ami,male,all,hospital_registered,sex_distribution,51.44694533762058,51.446945,percent,160,311,,final,bnr_sdc_v1,0,0,cvd_2023_12,,,,not_applicable,0,0,0,none,No disclosure restriction identified.,No disclosure restriction identified.
CVD-BURDEN-002,cvd_2024_01,annual,2019,2019-01-01,2019,,,1,stroke,all,all,hospital_registered,event_type_distribution,66.66666666666666,66.666667,percent,622,933,,final,bnr_sdc_v1,0,0,cvd_2023_12,,,,not_applicable,0,0,0,none,No disclosure restriction identified.,No disclosure restriction identified.
CVD-BURDEN-002,cvd_2024_01,annual,2019,2019-01-01,2019,,,1,stroke,female,all,hospital_registered,sex_distribution,51.28617363344051,51.286174,percent,319,622,,final,bnr_sdc_v1,0,0,cvd_2023_12,,,,not_applicable,0,0,0,none,No disclosure restriction identified.,No disclosure restriction identified.
CVD-BURDEN-002,cvd_2024_01,annual,2019,2019-01-01,2019,,,1,stroke,male,all,hospital_registered,sex_distribution,48.71382636655949,48.713826,percent,303,622,,final,bnr_sdc_v1,0,0,cvd_2023_12,,,,not_applicable,0,0,0,none,No disclosure restriction identified.,No disclosure restriction identified.
CVD-BURDEN-002,cvd_2024_01,annual,2020,2020-01-01,2020,,,1,all_cvd,all,age_70_plus,hospital_registered,age_distribution,49.06323185011709,49.063232,percent,419,854,,final,bnr_sdc_v1,0,0,cvd_2023_12,,,,not_applicable,0,0,0,none,No disclosure restriction identified.,No disclosure restriction identified.
CVD-BURDEN-002,cvd_2024_01,annual,2020,2020-01-01,2020,,,1,all_cvd,all,under_70,hospital_registered,age_distribution,50.93676814988291,50.936768,percent,435,854,,final,bnr_sdc_v1,0,0,cvd_2023_12,,,,not_applicable,0,0,0,none,No disclosure restriction identified.,No disclosure restriction identified.
CVD-BURDEN-002,cvd_2024_01,annual,2020,2020-01-01,2020,,,1,all_cvd,female,all,hospital_registered,sex_distribution,48.36065573770492,48.360656,percent,413,854,,final,bnr_sdc_v1,0,0,cvd_2023_12,,,,not_applicable,0,0,0,none,No disclosure restriction identified.,No disclosure restriction identified.
CVD-BURDEN-002,cvd_2024_01,annual,2020,2020-01-01,2020,,,1,all_cvd,male,all,hospital_registered,sex_distribution,51.63934426229508,51.639344,percent,441,854,,final,bnr_sdc_v1,0,0,cvd_2023_12,,,,not_applicable,0,0,0,none,No disclosure restriction identified.,No disclosure restriction identified.
CVD-BURDEN-002,cvd_2024_01,annual,2020,2020-01-01,2020,,,1,ami,all,all,hospital_registered,event_type_distribution,34.07494145199063,34.074941,percent,291,854,,final,bnr_sdc_v1,0,0,cvd_2023_12,,,,not_applicable,0,0,0,none,No disclosure restriction identified.,No disclosure restriction identified.
CVD-BURDEN-002,cvd_2024_01,annual,2020,2020-01-01,2020,,,1,ami,female,all,hospital_registered,sex_distribution,42.9553264604811,42.955326,percent,125,291,,final,bnr_sdc_v1,0,0,cvd_2023_12,,,,not_applicable,0,0,0,none,No disclosure restriction identified.,No disclosure restriction identified.
CVD-BURDEN-002,cvd_2024_01,annual,2020,2020-01-01,2020,,,1,ami,male,all,hospital_registered,sex_distribution,57.0446735395189,57.044674,percent,166,291,,final,bnr_sdc_v1,0,0,cvd_2023_12,,,,not_applicable,0,0,0,none,No disclosure restriction identified.,No disclosure restriction identified.
CVD-BURDEN-002,cvd_2024_01,annual,2020,2020-01-01,2020,,,1,stroke,all,all,hospital_registered,event_type_distribution,65.92505854800936,65.925059,percent,563,854,,final,bnr_sdc_v1,0,0,cvd_2023_12,,,,not_applicable,0,0,0,none,No disclosure restriction identified.,No disclosure restriction identified.
CVD-BURDEN-002,cvd_2024_01,annual,2020,2020-01-01,2020,,,1,stroke,female,all,hospital_registered,sex_distribution,51.15452930728242,51.154529,percent,288,563,,final,bnr_sdc_v1,0,0,cvd_2023_12,,,,not_applicable,0,0,0,none,No disclosure restriction identified.,No disclosure restriction identified.
CVD-BURDEN-002,cvd_2024_01,annual,2020,2020-01-01,2020,,,1,stroke,male,all,hospital_registered,sex_distribution,48.84547069271758,48.845471,percent,275,563,,final,bnr_sdc_v1,0,0,cvd_2023_12,,,,not_applicable,0,0,0,none,No disclosure restriction identified.,No disclosure restriction identified.
CVD-BURDEN-002,cvd_2024_01,annual,2021,2021-01-01,2021,,,1,all_cvd,all,age_70_plus,hospital_registered,age_distribution,48.21917808219178,48.219178,percent,352,730,,final,bnr_sdc_v1,0,0,cvd_2023_12,,,,not_applicable,0,0,0,none,No disclosure restriction identified.,No disclosure restriction identified.
CVD-BURDEN-002,cvd_2024_01,annual,2021,2021-01-01,2021,,,1,all_cvd,all,under_70,hospital_registered,age_distribution,51.78082191780822,51.780822,percent,378,730,,final,bnr_sdc_v1,0,0,cvd_2023_12,,,,not_applicable,0,0,0,none,No disclosure restriction identified.,No disclosure restriction identified.
CVD-BURDEN-002,cvd_2024_01,annual,2021,2021-01-01,2021,,,1,all_cvd,female,all,hospital_registered,sex_distribution,48.21917808219178,48.219178,percent,352,730,,final,bnr_sdc_v1,0,0,cvd_2023_12,,,,not_applicable,0,0,0,none,No disclosure restriction identified.,No disclosure restriction identified.
CVD-BURDEN-002,cvd_2024_01,annual,2021,2021-01-01,2021,,,1,all_cvd,male,all,hospital_registered,sex_distribution,51.78082191780822,51.780822,percent,378,730,,final,bnr_sdc_v1,0,0,cvd_2023_12,,,,not_applicable,0,0,0,none,No disclosure restriction identified.,No disclosure restriction identified.
CVD-BURDEN-002,cvd_2024_01,annual,2021,2021-01-01,2021,,,1,ami,all,all,hospital_registered,event_type_distribution,27.53424657534246,27.534247,percent,201,730,,final,bnr_sdc_v1,0,0,cvd_2023_12,,,,not_applicable,0,0,0,none,No disclosure restriction identified.,No disclosure restriction identified.
CVD-BURDEN-002,cvd_2024_01,annual,2021,2021-01-01,2021,,,1,ami,female,all,hospital_registered,sex_distribution,44.27860696517413,44.278607,percent,89,201,,final,bnr_sdc_v1,0,0,cvd_2023_12,,,,not_applicable,0,0,0,none,No disclosure restriction identified.,No disclosure restriction identified.
CVD-BURDEN-002,cvd_2024_01,annual,2021,2021-01-01,2021,,,1,ami,male,all,hospital_registered,sex_distribution,55.72139303482587,55.721393,percent,112,201,,final,bnr_sdc_v1,0,0,cvd_2023_12,,,,not_applicable,0,0,0,none,No disclosure restriction identified.,No disclosure restriction identified.
CVD-BURDEN-002,cvd_2024_01,annual,2021,2021-01-01,2021,,,1,stroke,all,all,hospital_registered,event_type_distribution,72.46575342465754,72.465753,percent,529,730,,final,bnr_sdc_v1,0,0,cvd_2023_12,,,,not_applicable,0,0,0,none,No disclosure restriction identified.,No disclosure restriction identified.
CVD-BURDEN-002,cvd_2024_01,annual,2021,2021-01-01,2021,,,1,stroke,female,all,hospital_registered,sex_distribution,49.7164461247637,49.716446,percent,263,529,,final,bnr_sdc_v1,0,0,cvd_2023_12,,,,not_applicable,0,0,0,none,No disclosure restriction identified.,No disclosure restriction identified.
CVD-BURDEN-002,cvd_2024_01,annual,2021,2021-01-01,2021,,,1,stroke,male,all,hospital_registered,sex_distribution,50.2835538752363,50.283554,percent,266,529,,final,bnr_sdc_v1,0,0,cvd_2023_12,,,,not_applicable,0,0,0,none,No disclosure restriction identified.,No disclosure restriction identified.
CVD-BURDEN-002,cvd_2024_01,annual,2022,2022-01-01,2022,,,1,all_cvd,all,age_70_plus,hospital_registered,age_distribution,48.94932014833127,48.94932,percent,396,809,,final,bnr_sdc_v1,0,0,cvd_2023_12,,,,not_applicable,0,0,0,none,No disclosure restriction identified.,No disclosure restriction identified.
CVD-BURDEN-002,cvd_2024_01,annual,2022,2022-01-01,2022,,,1,all_cvd,all,under_70,hospital_registered,age_distribution,51.05067985166873,51.05068,percent,413,809,,final,bnr_sdc_v1,0,0,cvd_2023_12,,,,not_applicable,0,0,0,none,No disclosure restriction identified.,No disclosure restriction identified.
CVD-BURDEN-002,cvd_2024_01,annual,2022,2022-01-01,2022,,,1,all_cvd,female,all,hospital_registered,sex_distribution,48.33127317676144,48.331273,percent,391,809,,final,bnr_sdc_v1,0,0,cvd_2023_12,,,,not_applicable,0,0,0,none,No disclosure restriction identified.,No disclosure restriction identified.
CVD-BURDEN-002,cvd_2024_01,annual,2022,2022-01-01,2022,,,1,all_cvd,male,all,hospital_registered,sex_distribution,51.66872682323856,51.668727,percent,418,809,,final,bnr_sdc_v1,0,0,cvd_2023_12,,,,not_applicable,0,0,0,none,No disclosure restriction identified.,No disclosure restriction identified.
CVD-BURDEN-002,cvd_2024_01,annual,2022,2022-01-01,2022,,,1,ami,all,all,hospital_registered,event_type_distribution,29.66625463535228,29.666255,percent,240,809,,final,bnr_sdc_v1,0,0,cvd_2023_12,,,,not_applicable,0,0,0,none,No disclosure restriction identified.,No disclosure restriction identified.
CVD-BURDEN-002,cvd_2024_01,annual,2022,2022-01-01,2022,,,1,ami,female,all,hospital_registered,sex_distribution,43.75,43.75,percent,105,240,,final,bnr_sdc_v1,0,0,cvd_2023_12,,,,not_applicable,0,0,0,none,No disclosure restriction identified.,No disclosure restriction identified.
CVD-BURDEN-002,cvd_2024_01,annual,2022,2022-01-01,2022,,,1,ami,male,all,hospital_registered,sex_distribution,56.25,56.25,percent,135,240,,final,bnr_sdc_v1,0,0,cvd_2023_12,,,,not_applicable,0,0,0,none,No disclosure restriction identified.,No disclosure restriction identified.
CVD-BURDEN-002,cvd_2024_01,annual,2022,2022-01-01,2022,,,1,stroke,all,all,hospital_registered,event_type_distribution,70.33374536464771,70.333745,percent,569,809,,final,bnr_sdc_v1,0,0,cvd_2023_12,,,,not_applicable,0,0,0,none,No disclosure restriction identified.,No disclosure restriction identified.
CVD-BURDEN-002,cvd_2024_01,annual,2022,2022-01-01,2022,,,1,stroke,female,all,hospital_registered,sex_distribution,50.26362038664324,50.26362,percent,286,569,,final,bnr_sdc_v1,0,0,cvd_2023_12,,,,not_applicable,0,0,0,none,No disclosure restriction identified.,No disclosure restriction identified.
CVD-BURDEN-002,cvd_2024_01,annual,2022,2022-01-01,2022,,,1,stroke,male,all,hospital_registered,sex_distribution,49.73637961335677,49.73638,percent,283,569,,final,bnr_sdc_v1,0,0,cvd_2023_12,,,,not_applicable,0,0,0,none,No disclosure restriction identified.,No disclosure restriction identified.
CVD-BURDEN-002,cvd_2024_01,annual,2023,2023-01-01,2023,,,1,all_cvd,all,age_70_plus,hospital_registered,age_distribution,50.68965517241379,50.689655,percent,441,870,,final,bnr_sdc_v1,0,0,cvd_2023_12,,,,not_applicable,0,0,0,none,No disclosure restriction identified.,No disclosure restriction identified.
CVD-BURDEN-002,cvd_2024_01,annual,2023,2023-01-01,2023,,,1,all_cvd,all,under_70,hospital_registered,age_distribution,49.31034482758621,49.310345,percent,429,870,,final,bnr_sdc_v1,0,0,cvd_2023_12,,,,not_applicable,0,0,0,none,No disclosure restriction identified.,No disclosure restriction identified.
CVD-BURDEN-002,cvd_2024_01,annual,2023,2023-01-01,2023,,,1,all_cvd,female,all,hospital_registered,sex_distribution,47.93103448275862,47.931034,percent,417,870,,final,bnr_sdc_v1,0,0,cvd_2023_12,,,,not_applicable,0,0,0,none,No disclosure restriction identified.,No disclosure restriction identified.
CVD-BURDEN-002,cvd_2024_01,annual,2023,2023-01-01,2023,,,1,all_cvd,male,all,hospital_registered,sex_distribution,52.06896551724138,52.068966,percent,453,870,,final,bnr_sdc_v1,0,0,cvd_2023_12,,,,not_applicable,0,0,0,none,No disclosure restriction identified.,No disclosure restriction identified.
CVD-BURDEN-002,cvd_2024_01,annual,2023,2023-01-01,2023,,,1,ami,all,all,hospital_registered,event_type_distribution,28.27586206896552,28.275862,percent,246,870,,final,bnr_sdc_v1,0,0,cvd_2023_12,,,,not_applicable,0,0,0,none,No disclosure restriction identified.,No disclosure restriction identified.
CVD-BURDEN-002,cvd_2024_01,annual,2023,2023-01-01,2023,,,1,ami,female,all,hospital_registered,sex_distribution,42.68292682926829,42.682927,percent,105,246,,final,bnr_sdc_v1,0,0,cvd_2023_12,,,,not_applicable,0,0,0,none,No disclosure restriction identified.,No disclosure restriction identified.
CVD-BURDEN-002,cvd_2024_01,annual,2023,2023-01-01,2023,,,1,ami,male,all,hospital_registered,sex_distribution,57.3170731707317,57.317073,percent,141,246,,final,bnr_sdc_v1,0,0,cvd_2023_12,,,,not_applicable,0,0,0,none,No disclosure restriction identified.,No disclosure restriction identified.
CVD-BURDEN-002,cvd_2024_01,annual,2023,2023-01-01,2023,,,1,stroke,all,all,hospital_registered,event_type_distribution,71.72413793103448,71.724138,percent,624,870,,final,bnr_sdc_v1,0,0,cvd_2023_12,,,,not_applicable,0,0,0,none,No disclosure restriction identified.,No disclosure restriction identified.
CVD-BURDEN-002,cvd_2024_01,annual,2023,2023-01-01,2023,,,1,stroke,female,all,hospital_registered,sex_distribution,50,50,percent,312,624,,final,bnr_sdc_v1,0,0,cvd_2023_12,,,,not_applicable,0,0,0,none,No disclosure restriction identified.,No disclosure restriction identified.
CVD-BURDEN-002,cvd_2024_01,annual,2023,2023-01-01,2023,,,1,stroke,male,all,hospital_registered,sex_distribution,50,50,percent,312,624,,final,bnr_sdc_v1,0,0,cvd_2023_12,,,,not_applicable,0,0,0,none,No disclosure restriction identified.,No disclosure restriction identified.
CVD-BURDEN-002,cvd_2024_01,annual,2024,2024-01-01,2024,,,0,all_cvd,all,age_70_plus,hospital_registered,age_distribution,39.34426229508197,39.344262,percent,24,61,,final,bnr_sdc_v1,0,0,cvd_2023_12,,,,not_applicable,0,0,0,none,No disclosure restriction identified.,No disclosure restriction identified.
CVD-BURDEN-002,cvd_2024_01,annual,2024,2024-01-01,2024,,,0,all_cvd,all,under_70,hospital_registered,age_distribution,60.65573770491803,60.655738,percent,37,61,,final,bnr_sdc_v1,0,0,cvd_2023_12,,,,not_applicable,0,0,0,none,No disclosure restriction identified.,No disclosure restriction identified.
CVD-BURDEN-002,cvd_2024_01,annual,2024,2024-01-01,2024,,,0,all_cvd,female,all,hospital_registered,sex_distribution,50.76923076923077,50.769231,percent,33,65,,final,bnr_sdc_v1,0,0,cvd_2023_12,,,,not_applicable,0,0,0,none,No disclosure restriction identified.,No disclosure restriction identified.
CVD-BURDEN-002,cvd_2024_01,annual,2024,2024-01-01,2024,,,0,all_cvd,male,all,hospital_registered,sex_distribution,49.23076923076923,49.230769,percent,32,65,,final,bnr_sdc_v1,0,0,cvd_2023_12,,,,not_applicable,0,0,0,none,No disclosure restriction identified.,No disclosure restriction identified.
CVD-BURDEN-002,cvd_2024_01,annual,2024,2024-01-01,2024,,,0,ami,all,all,hospital_registered,event_type_distribution,24.61538461538462,24.615385,percent,16,65,,final,bnr_sdc_v1,0,0,cvd_2023_12,,,,not_applicable,0,0,0,none,No disclosure restriction identified.,No disclosure restriction identified.
CVD-BURDEN-002,cvd_2024_01,annual,2024,2024-01-01,2024,,,0,ami,female,all,hospital_registered,sex_distribution,,*,percent,,,,final,bnr_sdc_v1,1,0,cvd_2023_12,,,,not_applicable,0,0,1,primary,Suppressed: underlying count is between 1 and 5.,Suppressed: underlying count is between 1 and 5.
CVD-BURDEN-002,cvd_2024_01,annual,2024,2024-01-01,2024,,,0,ami,male,all,hospital_registered,sex_distribution,,*,percent,,,,final,bnr_sdc_v1,0,0,cvd_2023_12,,,,not_applicable,0,0,1,derived,Suppressed: this value is derived from one or more suppressed counts.,Suppressed: this value is derived from one or more suppressed counts.
CVD-BURDEN-002,cvd_2024_01,annual,2024,2024-01-01,2024,,,0,stroke,all,all,hospital_registered,event_type_distribution,75.38461538461539,75.384615,percent,49,65,,final,bnr_sdc_v1,0,0,cvd_2023_12,,,,not_applicable,0,0,0,none,No disclosure restriction identified.,No disclosure restriction identified.
CVD-BURDEN-002,cvd_2024_01,annual,2024,2024-01-01,2024,,,0,stroke,female,all,hospital_registered,sex_distribution,,*,percent,,,,final,bnr_sdc_v1,0,0,cvd_2023_12,,,,not_applicable,0,0,1,derived,Suppressed: this value is derived from one or more suppressed counts.,Suppressed: this value is derived from one or more suppressed counts.
CVD-BURDEN-002,cvd_2024_01,annual,2024,2024-01-01,2024,,,0,stroke,male,all,hospital_registered,sex_distribution,,*,percent,,,,final,bnr_sdc_v1,0,0,cvd_2023_12,,,,not_applicable,0,0,1,derived,Suppressed: this value is derived from one or more suppressed counts.,Suppressed: this value is derived from one or more suppressed counts.
