schema_version,metric_id,release_id,period_type,period,period_start,period_year,period_month,period_quarter,period_complete,event_type,sex,age_group,source_status,ascertainment_scope,mortality_definition,estimate_basis,statistic,value,linkage_lower_value,linkage_upper_value,unit,numerator,denominator,comparison_n,status_flag,method_version,population_source,country_iso3,population_unit,population_extraction_date,population_basis,standard_population,suppression_status,disclosure_note,display_value
bnr_cvd_public_metric_v2,CVD-INCIDENCE-001,cvd_2024_04,annual,2010,2010-01-01,2010,,,1,stroke,all,all,national_estimate,hospital_plus_dco,inclusive,estimated,annual_crude_rate,177.4755563295431,161.6750259315842,279.3889773963781,rate_per_100000,488.4899328859061,275243.5,,final,cvd_rates_v1_0_7,UN_WPP_2024,BRB,persons,2026-08-26,historical_estimate,WHO_WORLD_2000_2025,none,No disclosure restriction identified.,177.476
bnr_cvd_public_metric_v2,CVD-INCIDENCE-001,cvd_2024_04,annual,2010,2010-01-01,2010,,,1,all_cvd,all,all,national_estimate,hospital_plus_dco,inclusive,estimated,annual_crude_rate,228.6565953809563,208.9059323835077,356.0483717145,rate_per_100000,629.3624161073826,275243.5,,final,cvd_rates_v1_0_7,UN_WPP_2024,BRB,persons,2026-08-26,historical_estimate,WHO_WORLD_2000_2025,none,No disclosure restriction identified.,228.657
bnr_cvd_public_metric_v2,CVD-INCIDENCE-001,cvd_2024_04,annual,2010,2010-01-01,2010,,,1,all_cvd,all,age_standardised,national_estimate,hospital_plus_dco,inclusive,estimated,annual_age_standardised_rate,159.1068083131344,146.3250886631605,241.5489000554654,rate_per_100000,,,,final,cvd_rates_v1_0_7,UN_WPP_2024,BRB,persons,2026-08-26,historical_estimate,WHO_WORLD_2000_2025,none,No disclosure restriction identified.,159.107
bnr_cvd_public_metric_v2,CVD-INCIDENCE-001,cvd_2024_04,annual,2010,2010-01-01,2010,,,1,stroke,all,age_standardised,national_estimate,hospital_plus_dco,inclusive,estimated,annual_age_standardised_rate,122.7864553219425,112.5830777479709,188.5982406740588,rate_per_100000,,,,final,cvd_rates_v1_0_7,UN_WPP_2024,BRB,persons,2026-08-26,historical_estimate,WHO_WORLD_2000_2025,none,No disclosure restriction identified.,122.786
bnr_cvd_public_metric_v2,CVD-INCIDENCE-001,cvd_2024_04,annual,2010,2010-01-01,2010,,,1,heart,all,age_standardised,national_estimate,hospital_plus_dco,inclusive,estimated,annual_age_standardised_rate,,,,rate_per_100000,,,,final,cvd_rates_v1_0_7,UN_WPP_2024,BRB,persons,2026-08-26,historical_estimate,WHO_WORLD_2000_2025,primary,Primary suppression: supporting frequency 1-5.,*
bnr_cvd_public_metric_v2,CVD-INCIDENCE-001,cvd_2024_04,annual,2010,2010-01-01,2010,,,1,heart,all,all,national_estimate,hospital_plus_dco,inclusive,estimated,annual_crude_rate,,,,rate_per_100000,,,,final,cvd_rates_v1_0_7,UN_WPP_2024,BRB,persons,2026-08-26,historical_estimate,WHO_WORLD_2000_2025,primary,Primary suppression: supporting frequency 1-5.,*
bnr_cvd_public_metric_v2,CVD-INCIDENCE-001,cvd_2024_04,annual,2010,2010-01-01,2010,,,1,heart,female,all,national_estimate,hospital_plus_dco,inclusive,estimated,annual_crude_rate,,,,rate_per_100000,,,,final,cvd_rates_v1_0_7,UN_WPP_2024,BRB,persons,2026-08-26,historical_estimate,WHO_WORLD_2000_2025,primary,Primary suppression: supporting frequency 1-5.,*
bnr_cvd_public_metric_v2,CVD-INCIDENCE-001,cvd_2024_04,annual,2010,2010-01-01,2010,,,1,stroke,female,age_standardised,national_estimate,hospital_plus_dco,inclusive,estimated,annual_age_standardised_rate,109.3546435225796,99.03125228015099,175.9405170362443,rate_per_100000,,,,final,cvd_rates_v1_0_7,UN_WPP_2024,BRB,persons,2026-08-26,historical_estimate,WHO_WORLD_2000_2025,none,No disclosure restriction identified.,109.355
bnr_cvd_public_metric_v2,CVD-INCIDENCE-001,cvd_2024_04,annual,2010,2010-01-01,2010,,,1,all_cvd,female,age_standardised,national_estimate,hospital_plus_dco,inclusive,estimated,annual_age_standardised_rate,139.1833697405829,126.537388254012,220.7499503289655,rate_per_100000,,,,final,cvd_rates_v1_0_7,UN_WPP_2024,BRB,persons,2026-08-26,historical_estimate,WHO_WORLD_2000_2025,none,No disclosure restriction identified.,139.183
bnr_cvd_public_metric_v2,CVD-INCIDENCE-001,cvd_2024_04,annual,2010,2010-01-01,2010,,,1,heart,female,age_standardised,national_estimate,hospital_plus_dco,inclusive,estimated,annual_age_standardised_rate,,,,rate_per_100000,,,,final,cvd_rates_v1_0_7,UN_WPP_2024,BRB,persons,2026-08-26,historical_estimate,WHO_WORLD_2000_2025,primary,Primary suppression: supporting frequency 1-5.,*
bnr_cvd_public_metric_v2,CVD-INCIDENCE-001,cvd_2024_04,annual,2010,2010-01-01,2010,,,1,stroke,female,all,national_estimate,hospital_plus_dco,inclusive,estimated,annual_crude_rate,185.6503718644452,164.8529365733544,319.7938294919817,rate_per_100000,266.8993288590604,143764.5,,final,cvd_rates_v1_0_7,UN_WPP_2024,BRB,persons,2026-08-26,historical_estimate,WHO_WORLD_2000_2025,none,No disclosure restriction identified.,185.650
bnr_cvd_public_metric_v2,CVD-INCIDENCE-001,cvd_2024_04,annual,2010,2010-01-01,2010,,,1,all_cvd,female,all,national_estimate,hospital_plus_dco,inclusive,estimated,annual_crude_rate,232.5578084087509,207.9790212465525,391.0909856049303,rate_per_100000,334.3355704697987,143764.5,,final,cvd_rates_v1_0_7,UN_WPP_2024,BRB,persons,2026-08-26,historical_estimate,WHO_WORLD_2000_2025,none,No disclosure restriction identified.,232.558
bnr_cvd_public_metric_v2,CVD-INCIDENCE-001,cvd_2024_04,annual,2010,2010-01-01,2010,,,1,heart,male,age_standardised,national_estimate,hospital_plus_dco,inclusive,estimated,annual_age_standardised_rate,,,,rate_per_100000,,,,final,cvd_rates_v1_0_7,UN_WPP_2024,BRB,persons,2026-08-26,historical_estimate,WHO_WORLD_2000_2025,primary,Primary suppression: supporting frequency 1-5.,*
bnr_cvd_public_metric_v2,CVD-INCIDENCE-001,cvd_2024_04,annual,2010,2010-01-01,2010,,,1,stroke,male,age_standardised,national_estimate,hospital_plus_dco,inclusive,estimated,annual_age_standardised_rate,,,,rate_per_100000,,,,final,cvd_rates_v1_0_7,UN_WPP_2024,BRB,persons,2026-08-26,historical_estimate,WHO_WORLD_2000_2025,primary,Primary suppression: supporting frequency 1-5.,*
bnr_cvd_public_metric_v2,CVD-INCIDENCE-001,cvd_2024_04,annual,2010,2010-01-01,2010,,,1,heart,male,all,national_estimate,hospital_plus_dco,inclusive,estimated,annual_crude_rate,,,,rate_per_100000,,,,final,cvd_rates_v1_0_7,UN_WPP_2024,BRB,persons,2026-08-26,historical_estimate,WHO_WORLD_2000_2025,primary,Primary suppression: supporting frequency 1-5.,*
bnr_cvd_public_metric_v2,CVD-INCIDENCE-001,cvd_2024_04,annual,2010,2010-01-01,2010,,,1,stroke,male,all,national_estimate,hospital_plus_dco,inclusive,estimated,annual_crude_rate,,,,rate_per_100000,,,,final,cvd_rates_v1_0_7,UN_WPP_2024,BRB,persons,2026-08-26,historical_estimate,WHO_WORLD_2000_2025,primary,Primary suppression: supporting frequency 1-5.,*
bnr_cvd_public_metric_v2,CVD-INCIDENCE-001,cvd_2024_04,annual,2010,2010-01-01,2010,,,1,all_cvd,male,age_standardised,national_estimate,hospital_plus_dco,inclusive,estimated,annual_age_standardised_rate,183.7374990110902,170.5468226271232,268.8173616876775,rate_per_100000,,,,final,cvd_rates_v1_0_7,UN_WPP_2024,BRB,persons,2026-08-26,historical_estimate,WHO_WORLD_2000_2025,none,No disclosure restriction identified.,183.737
bnr_cvd_public_metric_v2,CVD-INCIDENCE-001,cvd_2024_04,annual,2010,2010-01-01,2010,,,1,all_cvd,male,all,national_estimate,hospital_plus_dco,inclusive,estimated,annual_crude_rate,224.3908499742042,209.9194548178797,317.7313487324972,rate_per_100000,295.0268456375839,131479,,final,cvd_rates_v1_0_7,UN_WPP_2024,BRB,persons,2026-08-26,historical_estimate,WHO_WORLD_2000_2025,none,No disclosure restriction identified.,224.391
bnr_cvd_public_metric_v2,CVD-INCIDENCE-001,cvd_2024_04,annual,2011,2011-01-01,2011,,,1,heart,all,age_standardised,national_estimate,hospital_plus_dco,inclusive,estimated,annual_age_standardised_rate,,,,rate_per_100000,,,,final,cvd_rates_v1_0_7,UN_WPP_2024,BRB,persons,2026-08-26,historical_estimate,WHO_WORLD_2000_2025,primary,Primary suppression: supporting frequency 1-5.,*
bnr_cvd_public_metric_v2,CVD-INCIDENCE-001,cvd_2024_04,annual,2011,2011-01-01,2011,,,1,stroke,all,age_standardised,national_estimate,hospital_plus_dco,inclusive,estimated,annual_age_standardised_rate,,,,rate_per_100000,,,,final,cvd_rates_v1_0_7,UN_WPP_2024,BRB,persons,2026-08-26,historical_estimate,WHO_WORLD_2000_2025,secondary,Secondary suppression: protects a related confidential value.,*
bnr_cvd_public_metric_v2,CVD-INCIDENCE-001,cvd_2024_04,annual,2011,2011-01-01,2011,,,1,all_cvd,all,all,national_estimate,hospital_plus_dco,inclusive,estimated,annual_crude_rate,230.6291914061914,193.7430062396112,343.6675007876468,rate_per_100000,636.8571428571429,276139,,final,cvd_rates_v1_0_7,UN_WPP_2024,BRB,persons,2026-08-26,historical_estimate,WHO_WORLD_2000_2025,none,No disclosure restriction identified.,230.629
bnr_cvd_public_metric_v2,CVD-INCIDENCE-001,cvd_2024_04,annual,2011,2011-01-01,2011,,,1,stroke,all,all,national_estimate,hospital_plus_dco,inclusive,estimated,annual_crude_rate,,,,rate_per_100000,,,,final,cvd_rates_v1_0_7,UN_WPP_2024,BRB,persons,2026-08-26,historical_estimate,WHO_WORLD_2000_2025,secondary,Secondary suppression: protects a related confidential value.,*
bnr_cvd_public_metric_v2,CVD-INCIDENCE-001,cvd_2024_04,annual,2011,2011-01-01,2011,,,1,all_cvd,all,age_standardised,national_estimate,hospital_plus_dco,inclusive,estimated,annual_age_standardised_rate,159.0326918314628,136.3409418059712,228.5719257805498,rate_per_100000,,,,final,cvd_rates_v1_0_7,UN_WPP_2024,BRB,persons,2026-08-26,historical_estimate,WHO_WORLD_2000_2025,none,No disclosure restriction identified.,159.033
bnr_cvd_public_metric_v2,CVD-INCIDENCE-001,cvd_2024_04,annual,2011,2011-01-01,2011,,,1,heart,all,all,national_estimate,hospital_plus_dco,inclusive,estimated,annual_crude_rate,,,,rate_per_100000,,,,final,cvd_rates_v1_0_7,UN_WPP_2024,BRB,persons,2026-08-26,historical_estimate,WHO_WORLD_2000_2025,primary,Primary suppression: supporting frequency 1-5.,*
bnr_cvd_public_metric_v2,CVD-INCIDENCE-001,cvd_2024_04,annual,2011,2011-01-01,2011,,,1,stroke,female,age_standardised,national_estimate,hospital_plus_dco,inclusive,estimated,annual_age_standardised_rate,,,,rate_per_100000,,,,final,cvd_rates_v1_0_7,UN_WPP_2024,BRB,persons,2026-08-26,historical_estimate,WHO_WORLD_2000_2025,secondary,Secondary suppression: protects a related confidential value.,*
bnr_cvd_public_metric_v2,CVD-INCIDENCE-001,cvd_2024_04,annual,2011,2011-01-01,2011,,,1,all_cvd,female,age_standardised,national_estimate,hospital_plus_dco,inclusive,estimated,annual_age_standardised_rate,133.7729605889213,113.9744800965707,194.4457233880599,rate_per_100000,,,,final,cvd_rates_v1_0_7,UN_WPP_2024,BRB,persons,2026-08-26,historical_estimate,WHO_WORLD_2000_2025,none,No disclosure restriction identified.,133.773
bnr_cvd_public_metric_v2,CVD-INCIDENCE-001,cvd_2024_04,annual,2011,2011-01-01,2011,,,1,all_cvd,female,all,national_estimate,hospital_plus_dco,inclusive,estimated,annual_crude_rate,224.1487031431851,183.1241394379338,349.8691403044394,rate_per_100000,323.1428571428571,144164.5,,final,cvd_rates_v1_0_7,UN_WPP_2024,BRB,persons,2026-08-26,historical_estimate,WHO_WORLD_2000_2025,none,No disclosure restriction identified.,224.149
bnr_cvd_public_metric_v2,CVD-INCIDENCE-001,cvd_2024_04,annual,2011,2011-01-01,2011,,,1,stroke,female,all,national_estimate,hospital_plus_dco,inclusive,estimated,annual_crude_rate,,,,rate_per_100000,,,,final,cvd_rates_v1_0_7,UN_WPP_2024,BRB,persons,2026-08-26,historical_estimate,WHO_WORLD_2000_2025,secondary,Secondary suppression: protects a related confidential value.,*
bnr_cvd_public_metric_v2,CVD-INCIDENCE-001,cvd_2024_04,annual,2011,2011-01-01,2011,,,1,heart,female,all,national_estimate,hospital_plus_dco,inclusive,estimated,annual_crude_rate,,,,rate_per_100000,,,,final,cvd_rates_v1_0_7,UN_WPP_2024,BRB,persons,2026-08-26,historical_estimate,WHO_WORLD_2000_2025,primary,Primary suppression: supporting frequency 1-5.,*
bnr_cvd_public_metric_v2,CVD-INCIDENCE-001,cvd_2024_04,annual,2011,2011-01-01,2011,,,1,heart,female,age_standardised,national_estimate,hospital_plus_dco,inclusive,estimated,annual_age_standardised_rate,,,,rate_per_100000,,,,final,cvd_rates_v1_0_7,UN_WPP_2024,BRB,persons,2026-08-26,historical_estimate,WHO_WORLD_2000_2025,primary,Primary suppression: supporting frequency 1-5.,*
bnr_cvd_public_metric_v2,CVD-INCIDENCE-001,cvd_2024_04,annual,2011,2011-01-01,2011,,,1,stroke,male,all,national_estimate,hospital_plus_dco,inclusive,estimated,annual_crude_rate,175.1420593696943,147.7558164645443,259.0676424661216,rate_per_100000,231.1428571428571,131974.5,,final,cvd_rates_v1_0_7,UN_WPP_2024,BRB,persons,2026-08-26,historical_estimate,WHO_WORLD_2000_2025,none,No disclosure restriction identified.,175.142
bnr_cvd_public_metric_v2,CVD-INCIDENCE-001,cvd_2024_04,annual,2011,2011-01-01,2011,,,1,all_cvd,male,age_standardised,national_estimate,hospital_plus_dco,inclusive,estimated,annual_age_standardised_rate,189.340224133246,164.2750749741663,266.1527780078451,rate_per_100000,,,,final,cvd_rates_v1_0_7,UN_WPP_2024,BRB,persons,2026-08-26,historical_estimate,WHO_WORLD_2000_2025,none,No disclosure restriction identified.,189.340
bnr_cvd_public_metric_v2,CVD-INCIDENCE-001,cvd_2024_04,annual,2011,2011-01-01,2011,,,1,heart,male,age_standardised,national_estimate,hospital_plus_dco,inclusive,estimated,annual_age_standardised_rate,,,,rate_per_100000,,,,final,cvd_rates_v1_0_7,UN_WPP_2024,BRB,persons,2026-08-26,historical_estimate,WHO_WORLD_2000_2025,primary,Primary suppression: supporting frequency 1-5.,*
bnr_cvd_public_metric_v2,CVD-INCIDENCE-001,cvd_2024_04,annual,2011,2011-01-01,2011,,,1,all_cvd,male,all,national_estimate,hospital_plus_dco,inclusive,estimated,annual_crude_rate,237.7082585759262,205.3426987789308,336.8930385989767,rate_per_100000,313.7142857142857,131974.5,,final,cvd_rates_v1_0_7,UN_WPP_2024,BRB,persons,2026-08-26,historical_estimate,WHO_WORLD_2000_2025,none,No disclosure restriction identified.,237.708
bnr_cvd_public_metric_v2,CVD-INCIDENCE-001,cvd_2024_04,annual,2011,2011-01-01,2011,,,1,stroke,male,age_standardised,national_estimate,hospital_plus_dco,inclusive,estimated,annual_age_standardised_rate,140.2166247758404,118.8543566374821,205.6816400385514,rate_per_100000,,,,final,cvd_rates_v1_0_7,UN_WPP_2024,BRB,persons,2026-08-26,historical_estimate,WHO_WORLD_2000_2025,none,No disclosure restriction identified.,140.217
bnr_cvd_public_metric_v2,CVD-INCIDENCE-001,cvd_2024_04,annual,2011,2011-01-01,2011,,,1,heart,male,all,national_estimate,hospital_plus_dco,inclusive,estimated,annual_crude_rate,,,,rate_per_100000,,,,final,cvd_rates_v1_0_7,UN_WPP_2024,BRB,persons,2026-08-26,historical_estimate,WHO_WORLD_2000_2025,primary,Primary suppression: supporting frequency 1-5.,*
bnr_cvd_public_metric_v2,CVD-INCIDENCE-001,cvd_2024_04,annual,2012,2012-01-01,2012,,,1,heart,all,all,national_estimate,hospital_plus_dco,inclusive,estimated,annual_crude_rate,,,,rate_per_100000,,,,final,cvd_rates_v1_0_7,UN_WPP_2024,BRB,persons,2026-08-26,historical_estimate,WHO_WORLD_2000_2025,primary,Primary suppression: supporting frequency 1-5.,*
bnr_cvd_public_metric_v2,CVD-INCIDENCE-001,cvd_2024_04,annual,2012,2012-01-01,2012,,,1,stroke,all,age_standardised,national_estimate,hospital_plus_dco,inclusive,estimated,annual_age_standardised_rate,,,,rate_per_100000,,,,final,cvd_rates_v1_0_7,UN_WPP_2024,BRB,persons,2026-08-26,historical_estimate,WHO_WORLD_2000_2025,secondary,Secondary suppression: protects a related confidential value.,*
bnr_cvd_public_metric_v2,CVD-INCIDENCE-001,cvd_2024_04,annual,2012,2012-01-01,2012,,,1,heart,all,age_standardised,national_estimate,hospital_plus_dco,inclusive,estimated,annual_age_standardised_rate,,,,rate_per_100000,,,,final,cvd_rates_v1_0_7,UN_WPP_2024,BRB,persons,2026-08-26,historical_estimate,WHO_WORLD_2000_2025,primary,Primary suppression: supporting frequency 1-5.,*
bnr_cvd_public_metric_v2,CVD-INCIDENCE-001,cvd_2024_04,annual,2012,2012-01-01,2012,,,1,stroke,all,all,national_estimate,hospital_plus_dco,inclusive,estimated,annual_crude_rate,,,,rate_per_100000,,,,final,cvd_rates_v1_0_7,UN_WPP_2024,BRB,persons,2026-08-26,historical_estimate,WHO_WORLD_2000_2025,secondary,Secondary suppression: protects a related confidential value.,*
bnr_cvd_public_metric_v2,CVD-INCIDENCE-001,cvd_2024_04,annual,2012,2012-01-01,2012,,,1,all_cvd,all,all,national_estimate,hospital_plus_dco,inclusive,estimated,annual_crude_rate,265.9070102153353,225.6826901376664,381.6745655608215,rate_per_100000,736.3962264150944,276937.5,,final,cvd_rates_v1_0_7,UN_WPP_2024,BRB,persons,2026-08-26,historical_estimate,WHO_WORLD_2000_2025,none,No disclosure restriction identified.,265.907
bnr_cvd_public_metric_v2,CVD-INCIDENCE-001,cvd_2024_04,annual,2012,2012-01-01,2012,,,1,all_cvd,all,age_standardised,national_estimate,hospital_plus_dco,inclusive,estimated,annual_age_standardised_rate,178.5425062447734,153.5659094480176,250.4263701964119,rate_per_100000,,,,final,cvd_rates_v1_0_7,UN_WPP_2024,BRB,persons,2026-08-26,historical_estimate,WHO_WORLD_2000_2025,none,No disclosure restriction identified.,178.543
bnr_cvd_public_metric_v2,CVD-INCIDENCE-001,cvd_2024_04,annual,2012,2012-01-01,2012,,,1,stroke,female,age_standardised,national_estimate,hospital_plus_dco,inclusive,estimated,annual_age_standardised_rate,,,,rate_per_100000,,,,final,cvd_rates_v1_0_7,UN_WPP_2024,BRB,persons,2026-08-26,historical_estimate,WHO_WORLD_2000_2025,secondary,Secondary suppression: protects a related confidential value.,*
bnr_cvd_public_metric_v2,CVD-INCIDENCE-001,cvd_2024_04,annual,2012,2012-01-01,2012,,,1,all_cvd,female,all,national_estimate,hospital_plus_dco,inclusive,estimated,annual_crude_rate,257.6432768637081,220.0425553998651,365.8599874181834,rate_per_100000,372.3396226415094,144517.5,,final,cvd_rates_v1_0_7,UN_WPP_2024,BRB,persons,2026-08-26,historical_estimate,WHO_WORLD_2000_2025,none,No disclosure restriction identified.,257.643
bnr_cvd_public_metric_v2,CVD-INCIDENCE-001,cvd_2024_04,annual,2012,2012-01-01,2012,,,1,stroke,female,all,national_estimate,hospital_plus_dco,inclusive,estimated,annual_crude_rate,,,,rate_per_100000,,,,final,cvd_rates_v1_0_7,UN_WPP_2024,BRB,persons,2026-08-26,historical_estimate,WHO_WORLD_2000_2025,secondary,Secondary suppression: protects a related confidential value.,*
bnr_cvd_public_metric_v2,CVD-INCIDENCE-001,cvd_2024_04,annual,2012,2012-01-01,2012,,,1,heart,female,age_standardised,national_estimate,hospital_plus_dco,inclusive,estimated,annual_age_standardised_rate,,,,rate_per_100000,,,,final,cvd_rates_v1_0_7,UN_WPP_2024,BRB,persons,2026-08-26,historical_estimate,WHO_WORLD_2000_2025,primary,Primary suppression: supporting frequency 1-5.,*
bnr_cvd_public_metric_v2,CVD-INCIDENCE-001,cvd_2024_04,annual,2012,2012-01-01,2012,,,1,heart,female,all,national_estimate,hospital_plus_dco,inclusive,estimated,annual_crude_rate,,,,rate_per_100000,,,,final,cvd_rates_v1_0_7,UN_WPP_2024,BRB,persons,2026-08-26,historical_estimate,WHO_WORLD_2000_2025,primary,Primary suppression: supporting frequency 1-5.,*
bnr_cvd_public_metric_v2,CVD-INCIDENCE-001,cvd_2024_04,annual,2012,2012-01-01,2012,,,1,all_cvd,female,age_standardised,national_estimate,hospital_plus_dco,inclusive,estimated,annual_age_standardised_rate,150.9813298334252,132.0644255439423,205.4251031543758,rate_per_100000,,,,final,cvd_rates_v1_0_7,UN_WPP_2024,BRB,persons,2026-08-26,historical_estimate,WHO_WORLD_2000_2025,none,No disclosure restriction identified.,150.981
bnr_cvd_public_metric_v2,CVD-INCIDENCE-001,cvd_2024_04,annual,2012,2012-01-01,2012,,,1,stroke,male,age_standardised,national_estimate,hospital_plus_dco,inclusive,estimated,annual_age_standardised_rate,,,,rate_per_100000,,,,final,cvd_rates_v1_0_7,UN_WPP_2024,BRB,persons,2026-08-26,historical_estimate,WHO_WORLD_2000_2025,secondary,Secondary suppression: protects a related confidential value.,*
bnr_cvd_public_metric_v2,CVD-INCIDENCE-001,cvd_2024_04,annual,2012,2012-01-01,2012,,,1,all_cvd,male,all,national_estimate,hospital_plus_dco,inclusive,estimated,annual_crude_rate,274.9256938329444,231.8380909228213,398.9339168425667,rate_per_100000,364.0566037735849,132420,,final,cvd_rates_v1_0_7,UN_WPP_2024,BRB,persons,2026-08-26,historical_estimate,WHO_WORLD_2000_2025,none,No disclosure restriction identified.,274.926
bnr_cvd_public_metric_v2,CVD-INCIDENCE-001,cvd_2024_04,annual,2012,2012-01-01,2012,,,1,stroke,male,all,national_estimate,hospital_plus_dco,inclusive,estimated,annual_crude_rate,,,,rate_per_100000,,,,final,cvd_rates_v1_0_7,UN_WPP_2024,BRB,persons,2026-08-26,historical_estimate,WHO_WORLD_2000_2025,secondary,Secondary suppression: protects a related confidential value.,*
bnr_cvd_public_metric_v2,CVD-INCIDENCE-001,cvd_2024_04,annual,2012,2012-01-01,2012,,,1,all_cvd,male,age_standardised,national_estimate,hospital_plus_dco,inclusive,estimated,annual_age_standardised_rate,213.7007829623286,180.845567515276,308.2596957123823,rate_per_100000,,,,final,cvd_rates_v1_0_7,UN_WPP_2024,BRB,persons,2026-08-26,historical_estimate,WHO_WORLD_2000_2025,none,No disclosure restriction identified.,213.701
bnr_cvd_public_metric_v2,CVD-INCIDENCE-001,cvd_2024_04,annual,2012,2012-01-01,2012,,,1,heart,male,age_standardised,national_estimate,hospital_plus_dco,inclusive,estimated,annual_age_standardised_rate,,,,rate_per_100000,,,,final,cvd_rates_v1_0_7,UN_WPP_2024,BRB,persons,2026-08-26,historical_estimate,WHO_WORLD_2000_2025,primary,Primary suppression: supporting frequency 1-5.,*
bnr_cvd_public_metric_v2,CVD-INCIDENCE-001,cvd_2024_04,annual,2012,2012-01-01,2012,,,1,heart,male,all,national_estimate,hospital_plus_dco,inclusive,estimated,annual_crude_rate,,,,rate_per_100000,,,,final,cvd_rates_v1_0_7,UN_WPP_2024,BRB,persons,2026-08-26,historical_estimate,WHO_WORLD_2000_2025,primary,Primary suppression: supporting frequency 1-5.,*
bnr_cvd_public_metric_v2,CVD-INCIDENCE-001,cvd_2024_04,annual,2013,2013-01-01,2013,,,1,heart,all,all,national_estimate,hospital_plus_dco,inclusive,estimated,annual_crude_rate,63.71817727228023,57.98354131777501,100.5836941226709,rate_per_100000,176.9230769230769,277665,,final,cvd_rates_v1_0_7,UN_WPP_2024,BRB,persons,2026-08-26,historical_estimate,WHO_WORLD_2000_2025,none,No disclosure restriction identified.,63.718
bnr_cvd_public_metric_v2,CVD-INCIDENCE-001,cvd_2024_04,annual,2013,2013-01-01,2013,,,1,stroke,all,all,national_estimate,hospital_plus_dco,inclusive,estimated,annual_crude_rate,217.4590576081581,203.1224677218951,309.6228497341349,rate_per_100000,603.8076923076923,277665,,final,cvd_rates_v1_0_7,UN_WPP_2024,BRB,persons,2026-08-26,historical_estimate,WHO_WORLD_2000_2025,none,No disclosure restriction identified.,217.459
bnr_cvd_public_metric_v2,CVD-INCIDENCE-001,cvd_2024_04,annual,2013,2013-01-01,2013,,,1,heart,all,age_standardised,national_estimate,hospital_plus_dco,inclusive,estimated,annual_age_standardised_rate,44.38340678162685,40.45905070543645,69.61141012856518,rate_per_100000,,,,final,cvd_rates_v1_0_7,UN_WPP_2024,BRB,persons,2026-08-26,historical_estimate,WHO_WORLD_2000_2025,none,No disclosure restriction identified.,44.383
bnr_cvd_public_metric_v2,CVD-INCIDENCE-001,cvd_2024_04,annual,2013,2013-01-01,2013,,,1,all_cvd,all,all,national_estimate,hospital_plus_dco,inclusive,estimated,annual_crude_rate,281.1772348804383,261.1060090396701,410.2065438568059,rate_per_100000,780.7307692307692,277665,,final,cvd_rates_v1_0_7,UN_WPP_2024,BRB,persons,2026-08-26,historical_estimate,WHO_WORLD_2000_2025,none,No disclosure restriction identified.,281.177
bnr_cvd_public_metric_v2,CVD-INCIDENCE-001,cvd_2024_04,annual,2013,2013-01-01,2013,,,1,all_cvd,all,age_standardised,national_estimate,hospital_plus_dco,inclusive,estimated,annual_age_standardised_rate,192.1306180347474,178.7975868041506,277.8429616600129,rate_per_100000,,,,final,cvd_rates_v1_0_7,UN_WPP_2024,BRB,persons,2026-08-26,historical_estimate,WHO_WORLD_2000_2025,none,No disclosure restriction identified.,192.131
bnr_cvd_public_metric_v2,CVD-INCIDENCE-001,cvd_2024_04,annual,2013,2013-01-01,2013,,,1,stroke,all,age_standardised,national_estimate,hospital_plus_dco,inclusive,estimated,annual_age_standardised_rate,147.7472112531206,138.3385360987141,208.2315515314478,rate_per_100000,,,,final,cvd_rates_v1_0_7,UN_WPP_2024,BRB,persons,2026-08-26,historical_estimate,WHO_WORLD_2000_2025,none,No disclosure restriction identified.,147.747
bnr_cvd_public_metric_v2,CVD-INCIDENCE-001,cvd_2024_04,annual,2013,2013-01-01,2013,,,1,heart,female,age_standardised,national_estimate,hospital_plus_dco,inclusive,estimated,annual_age_standardised_rate,37.07080025813821,31.01397133695518,76.00755760860056,rate_per_100000,,,,final,cvd_rates_v1_0_7,UN_WPP_2024,BRB,persons,2026-08-26,historical_estimate,WHO_WORLD_2000_2025,none,No disclosure restriction identified.,37.071
bnr_cvd_public_metric_v2,CVD-INCIDENCE-001,cvd_2024_04,annual,2013,2013-01-01,2013,,,1,stroke,female,age_standardised,national_estimate,hospital_plus_dco,inclusive,estimated,annual_age_standardised_rate,131.3946366227284,121.5080468569867,194.9512851167827,rate_per_100000,,,,final,cvd_rates_v1_0_7,UN_WPP_2024,BRB,persons,2026-08-26,historical_estimate,WHO_WORLD_2000_2025,none,No disclosure restriction identified.,131.395
bnr_cvd_public_metric_v2,CVD-INCIDENCE-001,cvd_2024_04,annual,2013,2013-01-01,2013,,,1,all_cvd,female,all,national_estimate,hospital_plus_dco,inclusive,estimated,annual_crude_rate,277.4129509653291,249.929232744872,454.0939966682677,rate_per_100000,401.8076923076923,144841,,final,cvd_rates_v1_0_7,UN_WPP_2024,BRB,persons,2026-08-26,historical_estimate,WHO_WORLD_2000_2025,none,No disclosure restriction identified.,277.413
bnr_cvd_public_metric_v2,CVD-INCIDENCE-001,cvd_2024_04,annual,2013,2013-01-01,2013,,,1,heart,female,all,national_estimate,hospital_plus_dco,inclusive,estimated,annual_crude_rate,58.63857078292217,49.01926940576218,120.4769367789507,rate_per_100000,84.93269230769231,144841,,final,cvd_rates_v1_0_7,UN_WPP_2024,BRB,persons,2026-08-26,historical_estimate,WHO_WORLD_2000_2025,none,No disclosure restriction identified.,58.639
bnr_cvd_public_metric_v2,CVD-INCIDENCE-001,cvd_2024_04,annual,2013,2013-01-01,2013,,,1,stroke,female,all,national_estimate,hospital_plus_dco,inclusive,estimated,annual_crude_rate,218.7743801824069,200.9099633391098,333.617059889317,rate_per_100000,316.875,144841,,final,cvd_rates_v1_0_7,UN_WPP_2024,BRB,persons,2026-08-26,historical_estimate,WHO_WORLD_2000_2025,none,No disclosure restriction identified.,218.774
bnr_cvd_public_metric_v2,CVD-INCIDENCE-001,cvd_2024_04,annual,2013,2013-01-01,2013,,,1,all_cvd,female,age_standardised,national_estimate,hospital_plus_dco,inclusive,estimated,annual_age_standardised_rate,168.4654368808666,152.5220181939418,270.9588427253832,rate_per_100000,,,,final,cvd_rates_v1_0_7,UN_WPP_2024,BRB,persons,2026-08-26,historical_estimate,WHO_WORLD_2000_2025,none,No disclosure restriction identified.,168.465
bnr_cvd_public_metric_v2,CVD-INCIDENCE-001,cvd_2024_04,annual,2013,2013-01-01,2013,,,1,all_cvd,male,age_standardised,national_estimate,hospital_plus_dco,inclusive,estimated,annual_age_standardised_rate,224.34713198747,213.6879231909225,292.8706171081323,rate_per_100000,,,,final,cvd_rates_v1_0_7,UN_WPP_2024,BRB,persons,2026-08-26,historical_estimate,WHO_WORLD_2000_2025,none,No disclosure restriction identified.,224.347
bnr_cvd_public_metric_v2,CVD-INCIDENCE-001,cvd_2024_04,annual,2013,2013-01-01,2013,,,1,heart,male,all,national_estimate,hospital_plus_dco,inclusive,estimated,annual_crude_rate,,,,rate_per_100000,,,,final,cvd_rates_v1_0_7,UN_WPP_2024,BRB,persons,2026-08-26,historical_estimate,WHO_WORLD_2000_2025,primary,Primary suppression: supporting frequency 1-5.,*
bnr_cvd_public_metric_v2,CVD-INCIDENCE-001,cvd_2024_04,annual,2013,2013-01-01,2013,,,1,stroke,male,all,national_estimate,hospital_plus_dco,inclusive,estimated,annual_crude_rate,216.024733713555,205.535144251039,283.4578088297296,rate_per_100000,286.9326923076923,132824,,final,cvd_rates_v1_0_7,UN_WPP_2024,BRB,persons,2026-08-26,historical_estimate,WHO_WORLD_2000_2025,none,No disclosure restriction identified.,216.025
bnr_cvd_public_metric_v2,CVD-INCIDENCE-001,cvd_2024_04,annual,2013,2013-01-01,2013,,,1,stroke,male,age_standardised,national_estimate,hospital_plus_dco,inclusive,estimated,annual_age_standardised_rate,170.3630872863555,160.8022076477191,231.825884963304,rate_per_100000,,,,final,cvd_rates_v1_0_7,UN_WPP_2024,BRB,persons,2026-08-26,historical_estimate,WHO_WORLD_2000_2025,none,No disclosure restriction identified.,170.363
bnr_cvd_public_metric_v2,CVD-INCIDENCE-001,cvd_2024_04,annual,2013,2013-01-01,2013,,,1,heart,male,age_standardised,national_estimate,hospital_plus_dco,inclusive,estimated,annual_age_standardised_rate,,,,rate_per_100000,,,,final,cvd_rates_v1_0_7,UN_WPP_2024,BRB,persons,2026-08-26,historical_estimate,WHO_WORLD_2000_2025,primary,Primary suppression: supporting frequency 1-5.,*
bnr_cvd_public_metric_v2,CVD-INCIDENCE-001,cvd_2024_04,annual,2013,2013-01-01,2013,,,1,all_cvd,male,all,national_estimate,hospital_plus_dco,inclusive,estimated,annual_crude_rate,285.2820852579932,273.2939830151178,362.3484568193356,rate_per_100000,378.9230769230769,132824,,final,cvd_rates_v1_0_7,UN_WPP_2024,BRB,persons,2026-08-26,historical_estimate,WHO_WORLD_2000_2025,none,No disclosure restriction identified.,285.282
bnr_cvd_public_metric_v2,CVD-INCIDENCE-001,cvd_2024_04,annual,2014,2014-01-01,2014,,,1,heart,all,all,national_estimate,hospital_plus_dco,inclusive,estimated,annual_crude_rate,104.8148361044448,91.611939011597,142.5704891945183,rate_per_100000,291.75,278348,,final,cvd_rates_v1_0_7,UN_WPP_2024,BRB,persons,2026-08-26,historical_estimate,WHO_WORLD_2000_2025,none,No disclosure restriction identified.,104.815
bnr_cvd_public_metric_v2,CVD-INCIDENCE-001,cvd_2024_04,annual,2014,2014-01-01,2014,,,1,stroke,all,all,national_estimate,hospital_plus_dco,inclusive,estimated,annual_crude_rate,,,,rate_per_100000,,,,final,cvd_rates_v1_0_7,UN_WPP_2024,BRB,persons,2026-08-26,historical_estimate,WHO_WORLD_2000_2025,secondary,Secondary suppression: protects a related confidential value.,*
bnr_cvd_public_metric_v2,CVD-INCIDENCE-001,cvd_2024_04,annual,2014,2014-01-01,2014,,,1,stroke,all,age_standardised,national_estimate,hospital_plus_dco,inclusive,estimated,annual_age_standardised_rate,,,,rate_per_100000,,,,final,cvd_rates_v1_0_7,UN_WPP_2024,BRB,persons,2026-08-26,historical_estimate,WHO_WORLD_2000_2025,secondary,Secondary suppression: protects a related confidential value.,*
bnr_cvd_public_metric_v2,CVD-INCIDENCE-001,cvd_2024_04,annual,2014,2014-01-01,2014,,,1,all_cvd,all,age_standardised,national_estimate,hospital_plus_dco,inclusive,estimated,annual_age_standardised_rate,208.4525471429209,186.0910856205438,272.3984809700692,rate_per_100000,,,,final,cvd_rates_v1_0_7,UN_WPP_2024,BRB,persons,2026-08-26,historical_estimate,WHO_WORLD_2000_2025,none,No disclosure restriction identified.,208.453
bnr_cvd_public_metric_v2,CVD-INCIDENCE-001,cvd_2024_04,annual,2014,2014-01-01,2014,,,1,all_cvd,all,all,national_estimate,hospital_plus_dco,inclusive,estimated,annual_crude_rate,313.187089542587,277.3506545762858,415.6667193585009,rate_per_100000,871.75,278348,,final,cvd_rates_v1_0_7,UN_WPP_2024,BRB,persons,2026-08-26,historical_estimate,WHO_WORLD_2000_2025,none,No disclosure restriction identified.,313.187
bnr_cvd_public_metric_v2,CVD-INCIDENCE-001,cvd_2024_04,annual,2014,2014-01-01,2014,,,1,heart,all,age_standardised,national_estimate,hospital_plus_dco,inclusive,estimated,annual_age_standardised_rate,68.77082821779851,61.01478493365045,90.95039059176572,rate_per_100000,,,,final,cvd_rates_v1_0_7,UN_WPP_2024,BRB,persons,2026-08-26,historical_estimate,WHO_WORLD_2000_2025,none,No disclosure restriction identified.,68.771
bnr_cvd_public_metric_v2,CVD-INCIDENCE-001,cvd_2024_04,annual,2014,2014-01-01,2014,,,1,heart,female,all,national_estimate,hospital_plus_dco,inclusive,estimated,annual_crude_rate,94.04453508240093,81.98754340517003,128.5233007558857,rate_per_100000,136.5,145144,,final,cvd_rates_v1_0_7,UN_WPP_2024,BRB,persons,2026-08-26,historical_estimate,WHO_WORLD_2000_2025,none,No disclosure restriction identified.,94.045
bnr_cvd_public_metric_v2,CVD-INCIDENCE-001,cvd_2024_04,annual,2014,2014-01-01,2014,,,1,stroke,female,all,national_estimate,hospital_plus_dco,inclusive,estimated,annual_crude_rate,,,,rate_per_100000,,,,final,cvd_rates_v1_0_7,UN_WPP_2024,BRB,persons,2026-08-26,historical_estimate,WHO_WORLD_2000_2025,secondary,Secondary suppression: protects a related confidential value.,*
bnr_cvd_public_metric_v2,CVD-INCIDENCE-001,cvd_2024_04,annual,2014,2014-01-01,2014,,,1,heart,female,age_standardised,national_estimate,hospital_plus_dco,inclusive,estimated,annual_age_standardised_rate,54.12700005810534,48.22955192622229,70.99163243524455,rate_per_100000,,,,final,cvd_rates_v1_0_7,UN_WPP_2024,BRB,persons,2026-08-26,historical_estimate,WHO_WORLD_2000_2025,none,No disclosure restriction identified.,54.127
bnr_cvd_public_metric_v2,CVD-INCIDENCE-001,cvd_2024_04,annual,2014,2014-01-01,2014,,,1,all_cvd,female,all,national_estimate,hospital_plus_dco,inclusive,estimated,annual_crude_rate,309.1757151518492,274.2104392878796,409.1641356049552,rate_per_100000,448.75,145144,,final,cvd_rates_v1_0_7,UN_WPP_2024,BRB,persons,2026-08-26,historical_estimate,WHO_WORLD_2000_2025,none,No disclosure restriction identified.,309.176
bnr_cvd_public_metric_v2,CVD-INCIDENCE-001,cvd_2024_04,annual,2014,2014-01-01,2014,,,1,all_cvd,female,age_standardised,national_estimate,hospital_plus_dco,inclusive,estimated,annual_age_standardised_rate,180.3123805300022,162.4461949549926,231.4034024374855,rate_per_100000,,,,final,cvd_rates_v1_0_7,UN_WPP_2024,BRB,persons,2026-08-26,historical_estimate,WHO_WORLD_2000_2025,none,No disclosure restriction identified.,180.312
bnr_cvd_public_metric_v2,CVD-INCIDENCE-001,cvd_2024_04,annual,2014,2014-01-01,2014,,,1,stroke,female,age_standardised,national_estimate,hospital_plus_dco,inclusive,estimated,annual_age_standardised_rate,,,,rate_per_100000,,,,final,cvd_rates_v1_0_7,UN_WPP_2024,BRB,persons,2026-08-26,historical_estimate,WHO_WORLD_2000_2025,secondary,Secondary suppression: protects a related confidential value.,*
bnr_cvd_public_metric_v2,CVD-INCIDENCE-001,cvd_2024_04,annual,2014,2014-01-01,2014,,,1,stroke,male,age_standardised,national_estimate,hospital_plus_dco,inclusive,estimated,annual_age_standardised_rate,,,,rate_per_100000,,,,final,cvd_rates_v1_0_7,UN_WPP_2024,BRB,persons,2026-08-26,historical_estimate,WHO_WORLD_2000_2025,secondary,Secondary suppression: protects a related confidential value.,*
bnr_cvd_public_metric_v2,CVD-INCIDENCE-001,cvd_2024_04,annual,2014,2014-01-01,2014,,,1,stroke,male,all,national_estimate,hospital_plus_dco,inclusive,estimated,annual_crude_rate,,,,rate_per_100000,,,,final,cvd_rates_v1_0_7,UN_WPP_2024,BRB,persons,2026-08-26,historical_estimate,WHO_WORLD_2000_2025,secondary,Secondary suppression: protects a related confidential value.,*
bnr_cvd_public_metric_v2,CVD-INCIDENCE-001,cvd_2024_04,annual,2014,2014-01-01,2014,,,1,heart,male,age_standardised,national_estimate,hospital_plus_dco,inclusive,estimated,annual_age_standardised_rate,87.15342127940265,76.65324066766377,117.180253555077,rate_per_100000,,,,final,cvd_rates_v1_0_7,UN_WPP_2024,BRB,persons,2026-08-26,historical_estimate,WHO_WORLD_2000_2025,none,No disclosure restriction identified.,87.153
bnr_cvd_public_metric_v2,CVD-INCIDENCE-001,cvd_2024_04,annual,2014,2014-01-01,2014,,,1,heart,male,all,national_estimate,hospital_plus_dco,inclusive,estimated,annual_crude_rate,116.5505540374163,102.099036064983,157.8768247305149,rate_per_100000,155.25,133204,,final,cvd_rates_v1_0_7,UN_WPP_2024,BRB,persons,2026-08-26,historical_estimate,WHO_WORLD_2000_2025,none,No disclosure restriction identified.,116.551
bnr_cvd_public_metric_v2,CVD-INCIDENCE-001,cvd_2024_04,annual,2014,2014-01-01,2014,,,1,all_cvd,male,all,national_estimate,hospital_plus_dco,inclusive,estimated,annual_crude_rate,317.5580312903517,280.7723491787033,422.7521748727844,rate_per_100000,423,133204,,final,cvd_rates_v1_0_7,UN_WPP_2024,BRB,persons,2026-08-26,historical_estimate,WHO_WORLD_2000_2025,none,No disclosure restriction identified.,317.558
bnr_cvd_public_metric_v2,CVD-INCIDENCE-001,cvd_2024_04,annual,2014,2014-01-01,2014,,,1,all_cvd,male,age_standardised,national_estimate,hospital_plus_dco,inclusive,estimated,annual_age_standardised_rate,247.9920750027226,217.5129441258915,335.1516948785731,rate_per_100000,,,,final,cvd_rates_v1_0_7,UN_WPP_2024,BRB,persons,2026-08-26,historical_estimate,WHO_WORLD_2000_2025,none,No disclosure restriction identified.,247.992
bnr_cvd_public_metric_v2,CVD-INCIDENCE-001,cvd_2024_04,annual,2015,2015-01-01,2015,,,1,heart,all,age_standardised,national_estimate,hospital_plus_dco,inclusive,estimated,annual_age_standardised_rate,65.38400212582387,56.91844926608036,84.62389498887727,rate_per_100000,,,,final,cvd_rates_v1_0_7,UN_WPP_2024,BRB,persons,2026-08-26,historical_estimate,WHO_WORLD_2000_2025,none,No disclosure restriction identified.,65.384
bnr_cvd_public_metric_v2,CVD-INCIDENCE-001,cvd_2024_04,annual,2015,2015-01-01,2015,,,1,all_cvd,all,age_standardised,national_estimate,hospital_plus_dco,inclusive,estimated,annual_age_standardised_rate,211.4477992109105,184.3300005282044,273.0791598534244,rate_per_100000,,,,final,cvd_rates_v1_0_7,UN_WPP_2024,BRB,persons,2026-08-26,historical_estimate,WHO_WORLD_2000_2025,none,No disclosure restriction identified.,211.448
bnr_cvd_public_metric_v2,CVD-INCIDENCE-001,cvd_2024_04,annual,2015,2015-01-01,2015,,,1,heart,all,all,national_estimate,hospital_plus_dco,inclusive,estimated,annual_crude_rate,97.64814919121525,84.23240976379081,128.1384660717253,rate_per_100000,272.4285714285714,278990,,final,cvd_rates_v1_0_7,UN_WPP_2024,BRB,persons,2026-08-26,historical_estimate,WHO_WORLD_2000_2025,none,No disclosure restriction identified.,97.648
bnr_cvd_public_metric_v2,CVD-INCIDENCE-001,cvd_2024_04,annual,2015,2015-01-01,2015,,,1,stroke,all,all,national_estimate,hospital_plus_dco,inclusive,estimated,annual_crude_rate,,,,rate_per_100000,,,,final,cvd_rates_v1_0_7,UN_WPP_2024,BRB,persons,2026-08-26,historical_estimate,WHO_WORLD_2000_2025,secondary,Secondary suppression: protects a related confidential value.,*
bnr_cvd_public_metric_v2,CVD-INCIDENCE-001,cvd_2024_04,annual,2015,2015-01-01,2015,,,1,stroke,all,age_standardised,national_estimate,hospital_plus_dco,inclusive,estimated,annual_age_standardised_rate,,,,rate_per_100000,,,,final,cvd_rates_v1_0_7,UN_WPP_2024,BRB,persons,2026-08-26,historical_estimate,WHO_WORLD_2000_2025,secondary,Secondary suppression: protects a related confidential value.,*
bnr_cvd_public_metric_v2,CVD-INCIDENCE-001,cvd_2024_04,annual,2015,2015-01-01,2015,,,1,all_cvd,all,all,national_estimate,hospital_plus_dco,inclusive,estimated,annual_crude_rate,319.7545909650286,276.7124269687086,417.5776909566651,rate_per_100000,892.0833333333333,278990,,final,cvd_rates_v1_0_7,UN_WPP_2024,BRB,persons,2026-08-26,historical_estimate,WHO_WORLD_2000_2025,none,No disclosure restriction identified.,319.755
bnr_cvd_public_metric_v2,CVD-INCIDENCE-001,cvd_2024_04,annual,2015,2015-01-01,2015,,,1,stroke,female,age_standardised,national_estimate,hospital_plus_dco,inclusive,estimated,annual_age_standardised_rate,,,,rate_per_100000,,,,final,cvd_rates_v1_0_7,UN_WPP_2024,BRB,persons,2026-08-26,historical_estimate,WHO_WORLD_2000_2025,secondary,Secondary suppression: protects a related confidential value.,*
bnr_cvd_public_metric_v2,CVD-INCIDENCE-001,cvd_2024_04,annual,2015,2015-01-01,2015,,,1,all_cvd,female,age_standardised,national_estimate,hospital_plus_dco,inclusive,estimated,annual_age_standardised_rate,181.3305864802485,158.9749562649236,232.1388369696233,rate_per_100000,,,,final,cvd_rates_v1_0_7,UN_WPP_2024,BRB,persons,2026-08-26,historical_estimate,WHO_WORLD_2000_2025,none,No disclosure restriction identified.,181.331
bnr_cvd_public_metric_v2,CVD-INCIDENCE-001,cvd_2024_04,annual,2015,2015-01-01,2015,,,1,stroke,female,all,national_estimate,hospital_plus_dco,inclusive,estimated,annual_crude_rate,,,,rate_per_100000,,,,final,cvd_rates_v1_0_7,UN_WPP_2024,BRB,persons,2026-08-26,historical_estimate,WHO_WORLD_2000_2025,secondary,Secondary suppression: protects a related confidential value.,*
bnr_cvd_public_metric_v2,CVD-INCIDENCE-001,cvd_2024_04,annual,2015,2015-01-01,2015,,,1,all_cvd,female,all,national_estimate,hospital_plus_dco,inclusive,estimated,annual_crude_rate,312.7554107791208,270.9318956980966,407.8088541450848,rate_per_100000,454.8214285714286,145424,,final,cvd_rates_v1_0_7,UN_WPP_2024,BRB,persons,2026-08-26,historical_estimate,WHO_WORLD_2000_2025,none,No disclosure restriction identified.,312.755
bnr_cvd_public_metric_v2,CVD-INCIDENCE-001,cvd_2024_04,annual,2015,2015-01-01,2015,,,1,heart,female,age_standardised,national_estimate,hospital_plus_dco,inclusive,estimated,annual_age_standardised_rate,52.97433463968333,45.53680136353108,69.87781935821118,rate_per_100000,,,,final,cvd_rates_v1_0_7,UN_WPP_2024,BRB,persons,2026-08-26,historical_estimate,WHO_WORLD_2000_2025,none,No disclosure restriction identified.,52.974
bnr_cvd_public_metric_v2,CVD-INCIDENCE-001,cvd_2024_04,annual,2015,2015-01-01,2015,,,1,heart,female,all,national_estimate,hospital_plus_dco,inclusive,estimated,annual_crude_rate,91.64498949541309,77.70381780173837,123.3294706174011,rate_per_100000,133.2738095238095,145424,,final,cvd_rates_v1_0_7,UN_WPP_2024,BRB,persons,2026-08-26,historical_estimate,WHO_WORLD_2000_2025,none,No disclosure restriction identified.,91.645
bnr_cvd_public_metric_v2,CVD-INCIDENCE-001,cvd_2024_04,annual,2015,2015-01-01,2015,,,1,stroke,male,age_standardised,national_estimate,hospital_plus_dco,inclusive,estimated,annual_age_standardised_rate,,,,rate_per_100000,,,,final,cvd_rates_v1_0_7,UN_WPP_2024,BRB,persons,2026-08-26,historical_estimate,WHO_WORLD_2000_2025,secondary,Secondary suppression: protects a related confidential value.,*
bnr_cvd_public_metric_v2,CVD-INCIDENCE-001,cvd_2024_04,annual,2015,2015-01-01,2015,,,1,heart,male,age_standardised,national_estimate,hospital_plus_dco,inclusive,estimated,annual_age_standardised_rate,78.26007933113586,68.94885344018944,99.42195635601409,rate_per_100000,,,,final,cvd_rates_v1_0_7,UN_WPP_2024,BRB,persons,2026-08-26,historical_estimate,WHO_WORLD_2000_2025,none,No disclosure restriction identified.,78.260
bnr_cvd_public_metric_v2,CVD-INCIDENCE-001,cvd_2024_04,annual,2015,2015-01-01,2015,,,1,all_cvd,male,age_standardised,national_estimate,hospital_plus_dco,inclusive,estimated,annual_age_standardised_rate,245.1435388019,212.0446671359382,320.3682471336314,rate_per_100000,,,,final,cvd_rates_v1_0_7,UN_WPP_2024,BRB,persons,2026-08-26,historical_estimate,WHO_WORLD_2000_2025,none,No disclosure restriction identified.,245.144
bnr_cvd_public_metric_v2,CVD-INCIDENCE-001,cvd_2024_04,annual,2015,2015-01-01,2015,,,1,stroke,male,all,national_estimate,hospital_plus_dco,inclusive,estimated,annual_crude_rate,,,,rate_per_100000,,,,final,cvd_rates_v1_0_7,UN_WPP_2024,BRB,persons,2026-08-26,historical_estimate,WHO_WORLD_2000_2025,secondary,Secondary suppression: protects a related confidential value.,*
bnr_cvd_public_metric_v2,CVD-INCIDENCE-001,cvd_2024_04,annual,2015,2015-01-01,2015,,,1,all_cvd,male,all,national_estimate,hospital_plus_dco,inclusive,estimated,annual_crude_rate,327.3751589191147,283.0061542608149,428.2138058697961,rate_per_100000,437.2619047619048,133566,,final,cvd_rates_v1_0_7,UN_WPP_2024,BRB,persons,2026-08-26,historical_estimate,WHO_WORLD_2000_2025,none,No disclosure restriction identified.,327.375
bnr_cvd_public_metric_v2,CVD-INCIDENCE-001,cvd_2024_04,annual,2015,2015-01-01,2015,,,1,heart,male,all,national_estimate,hospital_plus_dco,inclusive,estimated,annual_crude_rate,104.184269877635,91.3406106344429,133.3744045212533,rate_per_100000,139.1547619047619,133566,,final,cvd_rates_v1_0_7,UN_WPP_2024,BRB,persons,2026-08-26,historical_estimate,WHO_WORLD_2000_2025,none,No disclosure restriction identified.,104.184
bnr_cvd_public_metric_v2,CVD-INCIDENCE-001,cvd_2024_04,annual,2016,2016-01-01,2016,,,1,stroke,all,age_standardised,national_estimate,hospital_plus_dco,inclusive,estimated,annual_age_standardised_rate,,,,rate_per_100000,,,,final,cvd_rates_v1_0_7,UN_WPP_2024,BRB,persons,2026-08-26,historical_estimate,WHO_WORLD_2000_2025,secondary,Secondary suppression: protects a related confidential value.,*
bnr_cvd_public_metric_v2,CVD-INCIDENCE-001,cvd_2024_04,annual,2016,2016-01-01,2016,,,1,stroke,all,all,national_estimate,hospital_plus_dco,inclusive,estimated,annual_crude_rate,,,,rate_per_100000,,,,final,cvd_rates_v1_0_7,UN_WPP_2024,BRB,persons,2026-08-26,historical_estimate,WHO_WORLD_2000_2025,secondary,Secondary suppression: protects a related confidential value.,*
bnr_cvd_public_metric_v2,CVD-INCIDENCE-001,cvd_2024_04,annual,2016,2016-01-01,2016,,,1,heart,all,age_standardised,national_estimate,hospital_plus_dco,inclusive,estimated,annual_age_standardised_rate,60.95725090227944,55.78177043262312,72.46588510454151,rate_per_100000,,,,final,cvd_rates_v1_0_7,UN_WPP_2024,BRB,persons,2026-08-26,historical_estimate,WHO_WORLD_2000_2025,none,No disclosure restriction identified.,60.957
bnr_cvd_public_metric_v2,CVD-INCIDENCE-001,cvd_2024_04,annual,2016,2016-01-01,2016,,,1,heart,all,all,national_estimate,hospital_plus_dco,inclusive,estimated,annual_crude_rate,90.26240526879839,82.61876447393128,107.2594486152792,rate_per_100000,252.3714285714286,279597.5,,final,cvd_rates_v1_0_7,UN_WPP_2024,BRB,persons,2026-08-26,historical_estimate,WHO_WORLD_2000_2025,none,No disclosure restriction identified.,90.262
bnr_cvd_public_metric_v2,CVD-INCIDENCE-001,cvd_2024_04,annual,2016,2016-01-01,2016,,,1,all_cvd,all,all,national_estimate,hospital_plus_dco,inclusive,estimated,annual_crude_rate,347.6484326686083,306.1543826393298,439.9180965495042,rate_per_100000,972.0163265306122,279597.5,,final,cvd_rates_v1_0_7,UN_WPP_2024,BRB,persons,2026-08-26,historical_estimate,WHO_WORLD_2000_2025,none,No disclosure restriction identified.,347.648
bnr_cvd_public_metric_v2,CVD-INCIDENCE-001,cvd_2024_04,annual,2016,2016-01-01,2016,,,1,all_cvd,all,age_standardised,national_estimate,hospital_plus_dco,inclusive,estimated,annual_age_standardised_rate,228.2351776205801,202.9842980127833,284.385159906339,rate_per_100000,,,,final,cvd_rates_v1_0_7,UN_WPP_2024,BRB,persons,2026-08-26,historical_estimate,WHO_WORLD_2000_2025,none,No disclosure restriction identified.,228.235
bnr_cvd_public_metric_v2,CVD-INCIDENCE-001,cvd_2024_04,annual,2016,2016-01-01,2016,,,1,all_cvd,female,all,national_estimate,hospital_plus_dco,inclusive,estimated,annual_crude_rate,350.5334099004536,303.3828561230828,455.3813518527651,rate_per_100000,510.6938775510204,145690.5,,final,cvd_rates_v1_0_7,UN_WPP_2024,BRB,persons,2026-08-26,historical_estimate,WHO_WORLD_2000_2025,none,No disclosure restriction identified.,350.533
bnr_cvd_public_metric_v2,CVD-INCIDENCE-001,cvd_2024_04,annual,2016,2016-01-01,2016,,,1,stroke,female,all,national_estimate,hospital_plus_dco,inclusive,estimated,annual_crude_rate,,,,rate_per_100000,,,,final,cvd_rates_v1_0_7,UN_WPP_2024,BRB,persons,2026-08-26,historical_estimate,WHO_WORLD_2000_2025,secondary,Secondary suppression: protects a related confidential value.,*
bnr_cvd_public_metric_v2,CVD-INCIDENCE-001,cvd_2024_04,annual,2016,2016-01-01,2016,,,1,heart,female,all,national_estimate,hospital_plus_dco,inclusive,estimated,annual_crude_rate,75.61178228743081,69.32504178378137,89.59150788107235,rate_per_100000,110.1591836734694,145690.5,,final,cvd_rates_v1_0_7,UN_WPP_2024,BRB,persons,2026-08-26,historical_estimate,WHO_WORLD_2000_2025,none,No disclosure restriction identified.,75.612
bnr_cvd_public_metric_v2,CVD-INCIDENCE-001,cvd_2024_04,annual,2016,2016-01-01,2016,,,1,all_cvd,female,age_standardised,national_estimate,hospital_plus_dco,inclusive,estimated,annual_age_standardised_rate,204.9084564199065,179.4137883604068,261.6005472364255,rate_per_100000,,,,final,cvd_rates_v1_0_7,UN_WPP_2024,BRB,persons,2026-08-26,historical_estimate,WHO_WORLD_2000_2025,none,No disclosure restriction identified.,204.908
bnr_cvd_public_metric_v2,CVD-INCIDENCE-001,cvd_2024_04,annual,2016,2016-01-01,2016,,,1,heart,female,age_standardised,national_estimate,hospital_plus_dco,inclusive,estimated,annual_age_standardised_rate,46.10721186079076,41.62633884945053,56.07125842548153,rate_per_100000,,,,final,cvd_rates_v1_0_7,UN_WPP_2024,BRB,persons,2026-08-26,historical_estimate,WHO_WORLD_2000_2025,none,No disclosure restriction identified.,46.107
bnr_cvd_public_metric_v2,CVD-INCIDENCE-001,cvd_2024_04,annual,2016,2016-01-01,2016,,,1,stroke,female,age_standardised,national_estimate,hospital_plus_dco,inclusive,estimated,annual_age_standardised_rate,,,,rate_per_100000,,,,final,cvd_rates_v1_0_7,UN_WPP_2024,BRB,persons,2026-08-26,historical_estimate,WHO_WORLD_2000_2025,secondary,Secondary suppression: protects a related confidential value.,*
bnr_cvd_public_metric_v2,CVD-INCIDENCE-001,cvd_2024_04,annual,2016,2016-01-01,2016,,,1,stroke,male,all,national_estimate,hospital_plus_dco,inclusive,estimated,annual_crude_rate,,,,rate_per_100000,,,,final,cvd_rates_v1_0_7,UN_WPP_2024,BRB,persons,2026-08-26,historical_estimate,WHO_WORLD_2000_2025,secondary,Secondary suppression: protects a related confidential value.,*
bnr_cvd_public_metric_v2,CVD-INCIDENCE-001,cvd_2024_04,annual,2016,2016-01-01,2016,,,1,all_cvd,male,all,national_estimate,hospital_plus_dco,inclusive,estimated,annual_crude_rate,344.5095842484649,309.1697969486285,423.0941112704694,rate_per_100000,461.3224489795919,133907,,final,cvd_rates_v1_0_7,UN_WPP_2024,BRB,persons,2026-08-26,historical_estimate,WHO_WORLD_2000_2025,none,No disclosure restriction identified.,344.510
bnr_cvd_public_metric_v2,CVD-INCIDENCE-001,cvd_2024_04,annual,2016,2016-01-01,2016,,,1,heart,male,all,national_estimate,hospital_plus_dco,inclusive,estimated,annual_crude_rate,106.2022484993011,97.08230338966597,126.4821264404636,rate_per_100000,142.2122448979592,133907,,final,cvd_rates_v1_0_7,UN_WPP_2024,BRB,persons,2026-08-26,historical_estimate,WHO_WORLD_2000_2025,none,No disclosure restriction identified.,106.202
bnr_cvd_public_metric_v2,CVD-INCIDENCE-001,cvd_2024_04,annual,2016,2016-01-01,2016,,,1,heart,male,age_standardised,national_estimate,hospital_plus_dco,inclusive,estimated,annual_age_standardised_rate,79.26641402095184,72.51893028561889,94.27068706399487,rate_per_100000,,,,final,cvd_rates_v1_0_7,UN_WPP_2024,BRB,persons,2026-08-26,historical_estimate,WHO_WORLD_2000_2025,none,No disclosure restriction identified.,79.266
bnr_cvd_public_metric_v2,CVD-INCIDENCE-001,cvd_2024_04,annual,2016,2016-01-01,2016,,,1,all_cvd,male,age_standardised,national_estimate,hospital_plus_dco,inclusive,estimated,annual_age_standardised_rate,252.824909525072,228.067680716963,307.8771683220511,rate_per_100000,,,,final,cvd_rates_v1_0_7,UN_WPP_2024,BRB,persons,2026-08-26,historical_estimate,WHO_WORLD_2000_2025,none,No disclosure restriction identified.,252.825
bnr_cvd_public_metric_v2,CVD-INCIDENCE-001,cvd_2024_04,annual,2016,2016-01-01,2016,,,1,stroke,male,age_standardised,national_estimate,hospital_plus_dco,inclusive,estimated,annual_age_standardised_rate,,,,rate_per_100000,,,,final,cvd_rates_v1_0_7,UN_WPP_2024,BRB,persons,2026-08-26,historical_estimate,WHO_WORLD_2000_2025,secondary,Secondary suppression: protects a related confidential value.,*
bnr_cvd_public_metric_v2,CVD-INCIDENCE-001,cvd_2024_04,annual,2017,2017-01-01,2017,,,1,all_cvd,all,all,national_estimate,hospital_plus_dco,inclusive,estimated,annual_crude_rate,343.4092321646098,315.8785170485168,430.808327771254,rate_per_100000,962.1330798479088,280171,,final,cvd_rates_v1_0_7,UN_WPP_2024,BRB,persons,2026-08-26,historical_estimate,WHO_WORLD_2000_2025,none,No disclosure restriction identified.,343.409
bnr_cvd_public_metric_v2,CVD-INCIDENCE-001,cvd_2024_04,annual,2017,2017-01-01,2017,,,1,heart,all,age_standardised,national_estimate,hospital_plus_dco,inclusive,estimated,annual_age_standardised_rate,77.90764124265766,70.5593550851473,101.2355338061826,rate_per_100000,,,,final,cvd_rates_v1_0_7,UN_WPP_2024,BRB,persons,2026-08-26,historical_estimate,WHO_WORLD_2000_2025,none,No disclosure restriction identified.,77.908
bnr_cvd_public_metric_v2,CVD-INCIDENCE-001,cvd_2024_04,annual,2017,2017-01-01,2017,,,1,stroke,all,all,national_estimate,hospital_plus_dco,inclusive,estimated,annual_crude_rate,,,,rate_per_100000,,,,final,cvd_rates_v1_0_7,UN_WPP_2024,BRB,persons,2026-08-26,historical_estimate,WHO_WORLD_2000_2025,secondary,Secondary suppression: protects a related confidential value.,*
bnr_cvd_public_metric_v2,CVD-INCIDENCE-001,cvd_2024_04,annual,2017,2017-01-01,2017,,,1,stroke,all,age_standardised,national_estimate,hospital_plus_dco,inclusive,estimated,annual_age_standardised_rate,,,,rate_per_100000,,,,final,cvd_rates_v1_0_7,UN_WPP_2024,BRB,persons,2026-08-26,historical_estimate,WHO_WORLD_2000_2025,secondary,Secondary suppression: protects a related confidential value.,*
bnr_cvd_public_metric_v2,CVD-INCIDENCE-001,cvd_2024_04,annual,2017,2017-01-01,2017,,,1,all_cvd,all,age_standardised,national_estimate,hospital_plus_dco,inclusive,estimated,annual_age_standardised_rate,220.2208098924441,203.4499302475983,273.4616976538596,rate_per_100000,,,,final,cvd_rates_v1_0_7,UN_WPP_2024,BRB,persons,2026-08-26,historical_estimate,WHO_WORLD_2000_2025,none,No disclosure restriction identified.,220.221
bnr_cvd_public_metric_v2,CVD-INCIDENCE-001,cvd_2024_04,annual,2017,2017-01-01,2017,,,1,heart,all,all,national_estimate,hospital_plus_dco,inclusive,estimated,annual_crude_rate,120.6609657032785,108.8620877963815,158.1177209632689,rate_per_100000,338.0570342205323,280171,,final,cvd_rates_v1_0_7,UN_WPP_2024,BRB,persons,2026-08-26,historical_estimate,WHO_WORLD_2000_2025,none,No disclosure restriction identified.,120.661
bnr_cvd_public_metric_v2,CVD-INCIDENCE-001,cvd_2024_04,annual,2017,2017-01-01,2017,,,1,all_cvd,female,age_standardised,national_estimate,hospital_plus_dco,inclusive,estimated,annual_age_standardised_rate,190.1965039215824,177.3713659097655,230.91122776862,rate_per_100000,,,,final,cvd_rates_v1_0_7,UN_WPP_2024,BRB,persons,2026-08-26,historical_estimate,WHO_WORLD_2000_2025,none,No disclosure restriction identified.,190.197
bnr_cvd_public_metric_v2,CVD-INCIDENCE-001,cvd_2024_04,annual,2017,2017-01-01,2017,,,1,all_cvd,female,all,national_estimate,hospital_plus_dco,inclusive,estimated,annual_crude_rate,330.6192294244575,306.2902562696999,407.8540648363863,rate_per_100000,482.5057034220532,145940,,final,cvd_rates_v1_0_7,UN_WPP_2024,BRB,persons,2026-08-26,historical_estimate,WHO_WORLD_2000_2025,none,No disclosure restriction identified.,330.619
bnr_cvd_public_metric_v2,CVD-INCIDENCE-001,cvd_2024_04,annual,2017,2017-01-01,2017,,,1,heart,female,age_standardised,national_estimate,hospital_plus_dco,inclusive,estimated,annual_age_standardised_rate,61.04120265039659,56.52226777923117,75.38702763822333,rate_per_100000,,,,final,cvd_rates_v1_0_7,UN_WPP_2024,BRB,persons,2026-08-26,historical_estimate,WHO_WORLD_2000_2025,none,No disclosure restriction identified.,61.041
bnr_cvd_public_metric_v2,CVD-INCIDENCE-001,cvd_2024_04,annual,2017,2017-01-01,2017,,,1,stroke,female,all,national_estimate,hospital_plus_dco,inclusive,estimated,annual_crude_rate,,,,rate_per_100000,,,,final,cvd_rates_v1_0_7,UN_WPP_2024,BRB,persons,2026-08-26,historical_estimate,WHO_WORLD_2000_2025,secondary,Secondary suppression: protects a related confidential value.,*
bnr_cvd_public_metric_v2,CVD-INCIDENCE-001,cvd_2024_04,annual,2017,2017-01-01,2017,,,1,heart,female,all,national_estimate,hospital_plus_dco,inclusive,estimated,annual_crude_rate,105.0043483675514,96.61504727970399,131.6370502337338,rate_per_100000,153.2433460076046,145940,,final,cvd_rates_v1_0_7,UN_WPP_2024,BRB,persons,2026-08-26,historical_estimate,WHO_WORLD_2000_2025,none,No disclosure restriction identified.,105.004
bnr_cvd_public_metric_v2,CVD-INCIDENCE-001,cvd_2024_04,annual,2017,2017-01-01,2017,,,1,stroke,female,age_standardised,national_estimate,hospital_plus_dco,inclusive,estimated,annual_age_standardised_rate,,,,rate_per_100000,,,,final,cvd_rates_v1_0_7,UN_WPP_2024,BRB,persons,2026-08-26,historical_estimate,WHO_WORLD_2000_2025,secondary,Secondary suppression: protects a related confidential value.,*
bnr_cvd_public_metric_v2,CVD-INCIDENCE-001,cvd_2024_04,annual,2017,2017-01-01,2017,,,1,all_cvd,male,age_standardised,national_estimate,hospital_plus_dco,inclusive,estimated,annual_age_standardised_rate,258.5959616321236,236.2565277469724,329.5147993627622,rate_per_100000,,,,final,cvd_rates_v1_0_7,UN_WPP_2024,BRB,persons,2026-08-26,historical_estimate,WHO_WORLD_2000_2025,none,No disclosure restriction identified.,258.596
bnr_cvd_public_metric_v2,CVD-INCIDENCE-001,cvd_2024_04,annual,2017,2017-01-01,2017,,,1,stroke,male,age_standardised,national_estimate,hospital_plus_dco,inclusive,estimated,annual_age_standardised_rate,159.9749026285833,148.5174012355143,196.3479229240403,rate_per_100000,,,,final,cvd_rates_v1_0_7,UN_WPP_2024,BRB,persons,2026-08-26,historical_estimate,WHO_WORLD_2000_2025,none,No disclosure restriction identified.,159.975
bnr_cvd_public_metric_v2,CVD-INCIDENCE-001,cvd_2024_04,annual,2017,2017-01-01,2017,,,1,all_cvd,male,all,national_estimate,hospital_plus_dco,inclusive,estimated,annual_crude_rate,357.3149096899044,326.3031639487153,455.7648961698698,rate_per_100000,479.6273764258555,134231,,final,cvd_rates_v1_0_7,UN_WPP_2024,BRB,persons,2026-08-26,historical_estimate,WHO_WORLD_2000_2025,none,No disclosure restriction identified.,357.315
bnr_cvd_public_metric_v2,CVD-INCIDENCE-001,cvd_2024_04,annual,2017,2017-01-01,2017,,,1,heart,male,all,national_estimate,hospital_plus_dco,inclusive,estimated,annual_crude_rate,137.6833132532185,122.177440382624,186.9083064932012,rate_per_100000,184.8136882129278,134231,,final,cvd_rates_v1_0_7,UN_WPP_2024,BRB,persons,2026-08-26,historical_estimate,WHO_WORLD_2000_2025,none,No disclosure restriction identified.,137.683
bnr_cvd_public_metric_v2,CVD-INCIDENCE-001,cvd_2024_04,annual,2017,2017-01-01,2017,,,1,heart,male,age_standardised,national_estimate,hospital_plus_dco,inclusive,estimated,annual_age_standardised_rate,98.6210590035403,87.73912651145808,133.1668764387219,rate_per_100000,,,,final,cvd_rates_v1_0_7,UN_WPP_2024,BRB,persons,2026-08-26,historical_estimate,WHO_WORLD_2000_2025,none,No disclosure restriction identified.,98.621
bnr_cvd_public_metric_v2,CVD-INCIDENCE-001,cvd_2024_04,annual,2017,2017-01-01,2017,,,1,stroke,male,all,national_estimate,hospital_plus_dco,inclusive,estimated,annual_crude_rate,219.6315964366858,204.1257235660913,268.8565896766685,rate_per_100000,294.8136882129278,134231,,final,cvd_rates_v1_0_7,UN_WPP_2024,BRB,persons,2026-08-26,historical_estimate,WHO_WORLD_2000_2025,none,No disclosure restriction identified.,219.632
bnr_cvd_public_metric_v2,CVD-INCIDENCE-001,cvd_2024_04,annual,2018,2018-01-01,2018,,,1,stroke,all,all,national_estimate,hospital_plus_dco,inclusive,estimated,annual_crude_rate,,,,rate_per_100000,,,,final,cvd_rates_v1_0_7,UN_WPP_2024,BRB,persons,2026-08-26,historical_estimate,WHO_WORLD_2000_2025,secondary,Secondary suppression: protects a related confidential value.,*
bnr_cvd_public_metric_v2,CVD-INCIDENCE-001,cvd_2024_04,annual,2018,2018-01-01,2018,,,1,heart,all,all,national_estimate,hospital_plus_dco,inclusive,estimated,annual_crude_rate,108.357005357984,99.39065335995625,130.5091691178173,rate_per_100000,304.1694915254237,280710.5,,final,cvd_rates_v1_0_7,UN_WPP_2024,BRB,persons,2026-08-26,historical_estimate,WHO_WORLD_2000_2025,none,No disclosure restriction identified.,108.357
bnr_cvd_public_metric_v2,CVD-INCIDENCE-001,cvd_2024_04,annual,2018,2018-01-01,2018,,,1,all_cvd,all,age_standardised,national_estimate,hospital_plus_dco,inclusive,estimated,annual_age_standardised_rate,216.257385912277,199.9519969975165,256.5412879369792,rate_per_100000,,,,final,cvd_rates_v1_0_7,UN_WPP_2024,BRB,persons,2026-08-26,historical_estimate,WHO_WORLD_2000_2025,none,No disclosure restriction identified.,216.257
bnr_cvd_public_metric_v2,CVD-INCIDENCE-001,cvd_2024_04,annual,2018,2018-01-01,2018,,,1,all_cvd,all,all,national_estimate,hospital_plus_dco,inclusive,estimated,annual_crude_rate,339.4232172182699,311.709038315275,407.8935415668456,rate_per_100000,952.7966101694915,280710.5,,final,cvd_rates_v1_0_7,UN_WPP_2024,BRB,persons,2026-08-26,historical_estimate,WHO_WORLD_2000_2025,none,No disclosure restriction identified.,339.423
bnr_cvd_public_metric_v2,CVD-INCIDENCE-001,cvd_2024_04,annual,2018,2018-01-01,2018,,,1,stroke,all,age_standardised,national_estimate,hospital_plus_dco,inclusive,estimated,annual_age_standardised_rate,,,,rate_per_100000,,,,final,cvd_rates_v1_0_7,UN_WPP_2024,BRB,persons,2026-08-26,historical_estimate,WHO_WORLD_2000_2025,secondary,Secondary suppression: protects a related confidential value.,*
bnr_cvd_public_metric_v2,CVD-INCIDENCE-001,cvd_2024_04,annual,2018,2018-01-01,2018,,,1,heart,all,age_standardised,national_estimate,hospital_plus_dco,inclusive,estimated,annual_age_standardised_rate,68.48860944104281,63.23699470021949,81.46318703601806,rate_per_100000,,,,final,cvd_rates_v1_0_7,UN_WPP_2024,BRB,persons,2026-08-26,historical_estimate,WHO_WORLD_2000_2025,none,No disclosure restriction identified.,68.489
bnr_cvd_public_metric_v2,CVD-INCIDENCE-001,cvd_2024_04,annual,2018,2018-01-01,2018,,,1,all_cvd,female,all,national_estimate,hospital_plus_dco,inclusive,estimated,annual_crude_rate,316.2888680058809,287.3297827581607,387.8348433237778,rate_per_100000,462.3305084745763,146173.5,,final,cvd_rates_v1_0_7,UN_WPP_2024,BRB,persons,2026-08-26,historical_estimate,WHO_WORLD_2000_2025,none,No disclosure restriction identified.,316.289
bnr_cvd_public_metric_v2,CVD-INCIDENCE-001,cvd_2024_04,annual,2018,2018-01-01,2018,,,1,stroke,female,all,national_estimate,hospital_plus_dco,inclusive,estimated,annual_crude_rate,226.1707456654279,206.6037961737251,274.5126208802231,rate_per_100000,330.6016949152543,146173.5,,final,cvd_rates_v1_0_7,UN_WPP_2024,BRB,persons,2026-08-26,historical_estimate,WHO_WORLD_2000_2025,none,No disclosure restriction identified.,226.171
bnr_cvd_public_metric_v2,CVD-INCIDENCE-001,cvd_2024_04,annual,2018,2018-01-01,2018,,,1,all_cvd,female,age_standardised,national_estimate,hospital_plus_dco,inclusive,estimated,annual_age_standardised_rate,177.6046075460645,163.6449970655718,212.0930569684583,rate_per_100000,,,,final,cvd_rates_v1_0_7,UN_WPP_2024,BRB,persons,2026-08-26,historical_estimate,WHO_WORLD_2000_2025,none,No disclosure restriction identified.,177.605
bnr_cvd_public_metric_v2,CVD-INCIDENCE-001,cvd_2024_04,annual,2018,2018-01-01,2018,,,1,stroke,female,age_standardised,national_estimate,hospital_plus_dco,inclusive,estimated,annual_age_standardised_rate,127.3043155339083,118.2216436702498,149.7438577852998,rate_per_100000,,,,final,cvd_rates_v1_0_7,UN_WPP_2024,BRB,persons,2026-08-26,historical_estimate,WHO_WORLD_2000_2025,none,No disclosure restriction identified.,127.304
bnr_cvd_public_metric_v2,CVD-INCIDENCE-001,cvd_2024_04,annual,2018,2018-01-01,2018,,,1,heart,female,age_standardised,national_estimate,hospital_plus_dco,inclusive,estimated,annual_age_standardised_rate,50.30029201215624,45.423353395322,62.34919918315848,rate_per_100000,,,,final,cvd_rates_v1_0_7,UN_WPP_2024,BRB,persons,2026-08-26,historical_estimate,WHO_WORLD_2000_2025,none,No disclosure restriction identified.,50.300
bnr_cvd_public_metric_v2,CVD-INCIDENCE-001,cvd_2024_04,annual,2018,2018-01-01,2018,,,1,heart,female,all,national_estimate,hospital_plus_dco,inclusive,estimated,annual_crude_rate,90.11812234045297,80.72598658443562,113.3222224435547,rate_per_100000,131.728813559322,146173.5,,final,cvd_rates_v1_0_7,UN_WPP_2024,BRB,persons,2026-08-26,historical_estimate,WHO_WORLD_2000_2025,none,No disclosure restriction identified.,90.118
bnr_cvd_public_metric_v2,CVD-INCIDENCE-001,cvd_2024_04,annual,2018,2018-01-01,2018,,,1,stroke,male,age_standardised,national_estimate,hospital_plus_dco,inclusive,estimated,annual_age_standardised_rate,,,,rate_per_100000,,,,final,cvd_rates_v1_0_7,UN_WPP_2024,BRB,persons,2026-08-26,historical_estimate,WHO_WORLD_2000_2025,secondary,Secondary suppression: protects a related confidential value.,*
bnr_cvd_public_metric_v2,CVD-INCIDENCE-001,cvd_2024_04,annual,2018,2018-01-01,2018,,,1,heart,male,all,national_estimate,hospital_plus_dco,inclusive,estimated,annual_crude_rate,128.1734228993524,119.6696819462304,149.1826652541243,rate_per_100000,172.4406779661017,134537,,final,cvd_rates_v1_0_7,UN_WPP_2024,BRB,persons,2026-08-26,historical_estimate,WHO_WORLD_2000_2025,none,No disclosure restriction identified.,128.173
bnr_cvd_public_metric_v2,CVD-INCIDENCE-001,cvd_2024_04,annual,2018,2018-01-01,2018,,,1,all_cvd,male,all,national_estimate,hospital_plus_dco,inclusive,estimated,annual_crude_rate,364.5585241940249,338.1969272393468,429.6871754938178,rate_per_100000,490.4661016949153,134537,,final,cvd_rates_v1_0_7,UN_WPP_2024,BRB,persons,2026-08-26,historical_estimate,WHO_WORLD_2000_2025,none,No disclosure restriction identified.,364.559
bnr_cvd_public_metric_v2,CVD-INCIDENCE-001,cvd_2024_04,annual,2018,2018-01-01,2018,,,1,heart,male,age_standardised,national_estimate,hospital_plus_dco,inclusive,estimated,annual_age_standardised_rate,91.30243065892124,85.5970216668229,105.3981469923406,rate_per_100000,,,,final,cvd_rates_v1_0_7,UN_WPP_2024,BRB,persons,2026-08-26,historical_estimate,WHO_WORLD_2000_2025,none,No disclosure restriction identified.,91.302
bnr_cvd_public_metric_v2,CVD-INCIDENCE-001,cvd_2024_04,annual,2018,2018-01-01,2018,,,1,stroke,male,all,national_estimate,hospital_plus_dco,inclusive,estimated,annual_crude_rate,,,,rate_per_100000,,,,final,cvd_rates_v1_0_7,UN_WPP_2024,BRB,persons,2026-08-26,historical_estimate,WHO_WORLD_2000_2025,secondary,Secondary suppression: protects a related confidential value.,*
bnr_cvd_public_metric_v2,CVD-INCIDENCE-001,cvd_2024_04,annual,2018,2018-01-01,2018,,,1,all_cvd,male,age_standardised,national_estimate,hospital_plus_dco,inclusive,estimated,annual_age_standardised_rate,262.1859981402467,242.3969587411902,311.0765660673275,rate_per_100000,,,,final,cvd_rates_v1_0_7,UN_WPP_2024,BRB,persons,2026-08-26,historical_estimate,WHO_WORLD_2000_2025,none,No disclosure restriction identified.,262.186
bnr_cvd_public_metric_v2,CVD-INCIDENCE-001,cvd_2024_04,annual,2019,2019-01-01,2019,,,1,stroke,all,all,national_estimate,hospital_plus_dco,inclusive,estimated,annual_crude_rate,,,,rate_per_100000,,,,final,cvd_rates_v1_0_7,UN_WPP_2024,BRB,persons,2026-08-26,historical_estimate,WHO_WORLD_2000_2025,secondary,Secondary suppression: protects a related confidential value.,*
bnr_cvd_public_metric_v2,CVD-INCIDENCE-001,cvd_2024_04,annual,2019,2019-01-01,2019,,,1,heart,all,all,national_estimate,hospital_plus_dco,inclusive,estimated,annual_crude_rate,135.5140803768596,123.752033640639,166.4056097170434,rate_per_100000,381.0757575757576,281207.5,,final,cvd_rates_v1_0_7,UN_WPP_2024,BRB,persons,2026-08-26,historical_estimate,WHO_WORLD_2000_2025,none,No disclosure restriction identified.,135.514
bnr_cvd_public_metric_v2,CVD-INCIDENCE-001,cvd_2024_04,annual,2019,2019-01-01,2019,,,1,all_cvd,all,age_standardised,national_estimate,hospital_plus_dco,inclusive,estimated,annual_age_standardised_rate,243.2368636715265,225.788118408885,289.0637880426399,rate_per_100000,,,,final,cvd_rates_v1_0_7,UN_WPP_2024,BRB,persons,2026-08-26,historical_estimate,WHO_WORLD_2000_2025,none,No disclosure restriction identified.,243.237
bnr_cvd_public_metric_v2,CVD-INCIDENCE-001,cvd_2024_04,annual,2019,2019-01-01,2019,,,1,heart,all,age_standardised,national_estimate,hospital_plus_dco,inclusive,estimated,annual_age_standardised_rate,84.25730185750669,77.00965855982071,103.2923210679127,rate_per_100000,,,,final,cvd_rates_v1_0_7,UN_WPP_2024,BRB,persons,2026-08-26,historical_estimate,WHO_WORLD_2000_2025,none,No disclosure restriction identified.,84.257
bnr_cvd_public_metric_v2,CVD-INCIDENCE-001,cvd_2024_04,annual,2019,2019-01-01,2019,,,1,stroke,all,age_standardised,national_estimate,hospital_plus_dco,inclusive,estimated,annual_age_standardised_rate,,,,rate_per_100000,,,,final,cvd_rates_v1_0_7,UN_WPP_2024,BRB,persons,2026-08-26,historical_estimate,WHO_WORLD_2000_2025,secondary,Secondary suppression: protects a related confidential value.,*
bnr_cvd_public_metric_v2,CVD-INCIDENCE-001,cvd_2024_04,annual,2019,2019-01-01,2019,,,1,all_cvd,all,all,national_estimate,hospital_plus_dco,inclusive,estimated,annual_crude_rate,393.0721921885031,364.1439150805011,469.0486562413876,rate_per_100000,1105.348484848485,281207.5,,final,cvd_rates_v1_0_7,UN_WPP_2024,BRB,persons,2026-08-26,historical_estimate,WHO_WORLD_2000_2025,none,No disclosure restriction identified.,393.072
bnr_cvd_public_metric_v2,CVD-INCIDENCE-001,cvd_2024_04,annual,2019,2019-01-01,2019,,,1,heart,female,age_standardised,national_estimate,hospital_plus_dco,inclusive,estimated,annual_age_standardised_rate,69.86208224309514,63.25323855213982,87.219375013846,rate_per_100000,,,,final,cvd_rates_v1_0_7,UN_WPP_2024,BRB,persons,2026-08-26,historical_estimate,WHO_WORLD_2000_2025,none,No disclosure restriction identified.,69.862
bnr_cvd_public_metric_v2,CVD-INCIDENCE-001,cvd_2024_04,annual,2019,2019-01-01,2019,,,1,heart,female,all,national_estimate,hospital_plus_dco,inclusive,estimated,annual_crude_rate,130.3194767845338,117.4955682994224,163.9998518168593,rate_per_100000,190.7727272727273,146388.5,,final,cvd_rates_v1_0_7,UN_WPP_2024,BRB,persons,2026-08-26,historical_estimate,WHO_WORLD_2000_2025,none,No disclosure restriction identified.,130.319
bnr_cvd_public_metric_v2,CVD-INCIDENCE-001,cvd_2024_04,annual,2019,2019-01-01,2019,,,1,all_cvd,female,all,national_estimate,hospital_plus_dco,inclusive,estimated,annual_crude_rate,380.5771711037494,352.4867048982672,454.3532306983672,rate_per_100000,557.1212121212121,146388.5,,final,cvd_rates_v1_0_7,UN_WPP_2024,BRB,persons,2026-08-26,historical_estimate,WHO_WORLD_2000_2025,none,No disclosure restriction identified.,380.577
bnr_cvd_public_metric_v2,CVD-INCIDENCE-001,cvd_2024_04,annual,2019,2019-01-01,2019,,,1,all_cvd,female,age_standardised,national_estimate,hospital_plus_dco,inclusive,estimated,annual_age_standardised_rate,207.1908252240789,193.0251644268362,244.3951431421119,rate_per_100000,,,,final,cvd_rates_v1_0_7,UN_WPP_2024,BRB,persons,2026-08-26,historical_estimate,WHO_WORLD_2000_2025,none,No disclosure restriction identified.,207.191
bnr_cvd_public_metric_v2,CVD-INCIDENCE-001,cvd_2024_04,annual,2019,2019-01-01,2019,,,1,stroke,female,all,national_estimate,hospital_plus_dco,inclusive,estimated,annual_crude_rate,,,,rate_per_100000,,,,final,cvd_rates_v1_0_7,UN_WPP_2024,BRB,persons,2026-08-26,historical_estimate,WHO_WORLD_2000_2025,secondary,Secondary suppression: protects a related confidential value.,*
bnr_cvd_public_metric_v2,CVD-INCIDENCE-001,cvd_2024_04,annual,2019,2019-01-01,2019,,,1,stroke,female,age_standardised,national_estimate,hospital_plus_dco,inclusive,estimated,annual_age_standardised_rate,,,,rate_per_100000,,,,final,cvd_rates_v1_0_7,UN_WPP_2024,BRB,persons,2026-08-26,historical_estimate,WHO_WORLD_2000_2025,secondary,Secondary suppression: protects a related confidential value.,*
bnr_cvd_public_metric_v2,CVD-INCIDENCE-001,cvd_2024_04,annual,2019,2019-01-01,2019,,,1,stroke,male,age_standardised,national_estimate,hospital_plus_dco,inclusive,estimated,annual_age_standardised_rate,180.7003921740139,167.3022358901357,215.8889564800237,rate_per_100000,,,,final,cvd_rates_v1_0_7,UN_WPP_2024,BRB,persons,2026-08-26,historical_estimate,WHO_WORLD_2000_2025,none,No disclosure restriction identified.,180.700
bnr_cvd_public_metric_v2,CVD-INCIDENCE-001,cvd_2024_04,annual,2019,2019-01-01,2019,,,1,all_cvd,male,all,national_estimate,hospital_plus_dco,inclusive,estimated,annual_crude_rate,406.639474204135,376.8014894043124,485.005170546526,rate_per_100000,548.2272727272727,134819,,final,cvd_rates_v1_0_7,UN_WPP_2024,BRB,persons,2026-08-26,historical_estimate,WHO_WORLD_2000_2025,none,No disclosure restriction identified.,406.639
bnr_cvd_public_metric_v2,CVD-INCIDENCE-001,cvd_2024_04,annual,2019,2019-01-01,2019,,,1,heart,male,all,national_estimate,hospital_plus_dco,inclusive,estimated,annual_crude_rate,141.1544591660154,130.5453979038563,169.0178178655322,rate_per_100000,190.3030303030303,134819,,final,cvd_rates_v1_0_7,UN_WPP_2024,BRB,persons,2026-08-26,historical_estimate,WHO_WORLD_2000_2025,none,No disclosure restriction identified.,141.154
bnr_cvd_public_metric_v2,CVD-INCIDENCE-001,cvd_2024_04,annual,2019,2019-01-01,2019,,,1,stroke,male,all,national_estimate,hospital_plus_dco,inclusive,estimated,annual_crude_rate,265.4850150381196,246.2560915004562,315.9873526809938,rate_per_100000,357.9242424242424,134819,,final,cvd_rates_v1_0_7,UN_WPP_2024,BRB,persons,2026-08-26,historical_estimate,WHO_WORLD_2000_2025,none,No disclosure restriction identified.,265.485
bnr_cvd_public_metric_v2,CVD-INCIDENCE-001,cvd_2024_04,annual,2019,2019-01-01,2019,,,1,heart,male,age_standardised,national_estimate,hospital_plus_dco,inclusive,estimated,annual_age_standardised_rate,99.95388557164037,92.00189587018552,120.8387816007361,rate_per_100000,,,,final,cvd_rates_v1_0_7,UN_WPP_2024,BRB,persons,2026-08-26,historical_estimate,WHO_WORLD_2000_2025,none,No disclosure restriction identified.,99.954
bnr_cvd_public_metric_v2,CVD-INCIDENCE-001,cvd_2024_04,annual,2019,2019-01-01,2019,,,1,all_cvd,male,age_standardised,national_estimate,hospital_plus_dco,inclusive,estimated,annual_age_standardised_rate,280.6542777456543,259.3041317603212,336.7277380807599,rate_per_100000,,,,final,cvd_rates_v1_0_7,UN_WPP_2024,BRB,persons,2026-08-26,historical_estimate,WHO_WORLD_2000_2025,none,No disclosure restriction identified.,280.654
bnr_cvd_public_metric_v2,CVD-INCIDENCE-001,cvd_2024_04,annual,2020,2020-01-01,2020,,,1,heart,all,all,national_estimate,hospital_plus_dco,inclusive,estimated,annual_crude_rate,122.0377062591065,112.1768702653196,142.1033608976263,rate_per_100000,343.7777777777778,281698,,final,cvd_rates_v1_0_7,UN_WPP_2024,BRB,persons,2026-08-26,historical_estimate,WHO_WORLD_2000_2025,none,No disclosure restriction identified.,122.038
bnr_cvd_public_metric_v2,CVD-INCIDENCE-001,cvd_2024_04,annual,2020,2020-01-01,2020,,,1,stroke,all,all,national_estimate,hospital_plus_dco,inclusive,estimated,annual_crude_rate,,,,rate_per_100000,,,,final,cvd_rates_v1_0_7,UN_WPP_2024,BRB,persons,2026-08-26,historical_estimate,WHO_WORLD_2000_2025,secondary,Secondary suppression: protects a related confidential value.,*
bnr_cvd_public_metric_v2,CVD-INCIDENCE-001,cvd_2024_04,annual,2020,2020-01-01,2020,,,1,stroke,all,age_standardised,national_estimate,hospital_plus_dco,inclusive,estimated,annual_age_standardised_rate,,,,rate_per_100000,,,,final,cvd_rates_v1_0_7,UN_WPP_2024,BRB,persons,2026-08-26,historical_estimate,WHO_WORLD_2000_2025,secondary,Secondary suppression: protects a related confidential value.,*
bnr_cvd_public_metric_v2,CVD-INCIDENCE-001,cvd_2024_04,annual,2020,2020-01-01,2020,,,1,all_cvd,all,age_standardised,national_estimate,hospital_plus_dco,inclusive,estimated,annual_age_standardised_rate,227.1576738733678,207.2958806332092,267.5741136062487,rate_per_100000,,,,final,cvd_rates_v1_0_7,UN_WPP_2024,BRB,persons,2026-08-26,historical_estimate,WHO_WORLD_2000_2025,none,No disclosure restriction identified.,227.158
bnr_cvd_public_metric_v2,CVD-INCIDENCE-001,cvd_2024_04,annual,2020,2020-01-01,2020,,,1,all_cvd,all,all,national_estimate,hospital_plus_dco,inclusive,estimated,annual_crude_rate,367.611965848375,333.6906900297482,436.6378178048832,rate_per_100000,1035.555555555555,281698,,final,cvd_rates_v1_0_7,UN_WPP_2024,BRB,persons,2026-08-26,historical_estimate,WHO_WORLD_2000_2025,none,No disclosure restriction identified.,367.612
bnr_cvd_public_metric_v2,CVD-INCIDENCE-001,cvd_2024_04,annual,2020,2020-01-01,2020,,,1,heart,all,age_standardised,national_estimate,hospital_plus_dco,inclusive,estimated,annual_age_standardised_rate,74.43040338306037,68.60194503909517,86.29063838531512,rate_per_100000,,,,final,cvd_rates_v1_0_7,UN_WPP_2024,BRB,persons,2026-08-26,historical_estimate,WHO_WORLD_2000_2025,none,No disclosure restriction identified.,74.430
bnr_cvd_public_metric_v2,CVD-INCIDENCE-001,cvd_2024_04,annual,2020,2020-01-01,2020,,,1,stroke,female,all,national_estimate,hospital_plus_dco,inclusive,estimated,annual_crude_rate,,,,rate_per_100000,,,,final,cvd_rates_v1_0_7,UN_WPP_2024,BRB,persons,2026-08-26,historical_estimate,WHO_WORLD_2000_2025,secondary,Secondary suppression: protects a related confidential value.,*
bnr_cvd_public_metric_v2,CVD-INCIDENCE-001,cvd_2024_04,annual,2020,2020-01-01,2020,,,1,heart,female,all,national_estimate,hospital_plus_dco,inclusive,estimated,annual_crude_rate,99.66957451702891,92.09013919254001,115.0928440726749,rate_per_100000,146.1111111111111,146595.5,,final,cvd_rates_v1_0_7,UN_WPP_2024,BRB,persons,2026-08-26,historical_estimate,WHO_WORLD_2000_2025,none,No disclosure restriction identified.,99.670
bnr_cvd_public_metric_v2,CVD-INCIDENCE-001,cvd_2024_04,annual,2020,2020-01-01,2020,,,1,heart,female,age_standardised,national_estimate,hospital_plus_dco,inclusive,estimated,annual_age_standardised_rate,52.80347849085761,49.15435272067228,60.22902511623472,rate_per_100000,,,,final,cvd_rates_v1_0_7,UN_WPP_2024,BRB,persons,2026-08-26,historical_estimate,WHO_WORLD_2000_2025,none,No disclosure restriction identified.,52.803
bnr_cvd_public_metric_v2,CVD-INCIDENCE-001,cvd_2024_04,annual,2020,2020-01-01,2020,,,1,all_cvd,female,age_standardised,national_estimate,hospital_plus_dco,inclusive,estimated,annual_age_standardised_rate,189.013792624403,172.5436447380679,222.5286284396196,rate_per_100000,,,,final,cvd_rates_v1_0_7,UN_WPP_2024,BRB,persons,2026-08-26,historical_estimate,WHO_WORLD_2000_2025,none,No disclosure restriction identified.,189.014
bnr_cvd_public_metric_v2,CVD-INCIDENCE-001,cvd_2024_04,annual,2020,2020-01-01,2020,,,1,all_cvd,female,all,national_estimate,hospital_plus_dco,inclusive,estimated,annual_crude_rate,343.6515976123263,311.0600257170241,409.971656701604,rate_per_100000,503.7777777777778,146595.5,,final,cvd_rates_v1_0_7,UN_WPP_2024,BRB,persons,2026-08-26,historical_estimate,WHO_WORLD_2000_2025,none,No disclosure restriction identified.,343.652
bnr_cvd_public_metric_v2,CVD-INCIDENCE-001,cvd_2024_04,annual,2020,2020-01-01,2020,,,1,stroke,female,age_standardised,national_estimate,hospital_plus_dco,inclusive,estimated,annual_age_standardised_rate,,,,rate_per_100000,,,,final,cvd_rates_v1_0_7,UN_WPP_2024,BRB,persons,2026-08-26,historical_estimate,WHO_WORLD_2000_2025,secondary,Secondary suppression: protects a related confidential value.,*
bnr_cvd_public_metric_v2,CVD-INCIDENCE-001,cvd_2024_04,annual,2020,2020-01-01,2020,,,1,stroke,male,all,national_estimate,hospital_plus_dco,inclusive,estimated,annual_crude_rate,,,,rate_per_100000,,,,final,cvd_rates_v1_0_7,UN_WPP_2024,BRB,persons,2026-08-26,historical_estimate,WHO_WORLD_2000_2025,secondary,Secondary suppression: protects a related confidential value.,*
bnr_cvd_public_metric_v2,CVD-INCIDENCE-001,cvd_2024_04,annual,2020,2020-01-01,2020,,,1,heart,male,all,national_estimate,hospital_plus_dco,inclusive,estimated,annual_crude_rate,146.308666876384,133.9723543235691,171.4116284664142,rate_per_100000,197.6666666666667,135102.5,,final,cvd_rates_v1_0_7,UN_WPP_2024,BRB,persons,2026-08-26,historical_estimate,WHO_WORLD_2000_2025,none,No disclosure restriction identified.,146.309
bnr_cvd_public_metric_v2,CVD-INCIDENCE-001,cvd_2024_04,annual,2020,2020-01-01,2020,,,1,heart,male,age_standardised,national_estimate,hospital_plus_dco,inclusive,estimated,annual_age_standardised_rate,99.87666676994941,92.16878070920883,115.5613186377355,rate_per_100000,,,,final,cvd_rates_v1_0_7,UN_WPP_2024,BRB,persons,2026-08-26,historical_estimate,WHO_WORLD_2000_2025,none,No disclosure restriction identified.,99.877
bnr_cvd_public_metric_v2,CVD-INCIDENCE-001,cvd_2024_04,annual,2020,2020-01-01,2020,,,1,all_cvd,male,all,national_estimate,hospital_plus_dco,inclusive,estimated,annual_crude_rate,393.6106125184787,358.2465165337429,465.572435743232,rate_per_100000,531.7777777777777,135102.5,,final,cvd_rates_v1_0_7,UN_WPP_2024,BRB,persons,2026-08-26,historical_estimate,WHO_WORLD_2000_2025,none,No disclosure restriction identified.,393.611
bnr_cvd_public_metric_v2,CVD-INCIDENCE-001,cvd_2024_04,annual,2020,2020-01-01,2020,,,1,all_cvd,male,age_standardised,national_estimate,hospital_plus_dco,inclusive,estimated,annual_age_standardised_rate,270.1515809445328,246.3812259820425,318.5214892984375,rate_per_100000,,,,final,cvd_rates_v1_0_7,UN_WPP_2024,BRB,persons,2026-08-26,historical_estimate,WHO_WORLD_2000_2025,none,No disclosure restriction identified.,270.152
bnr_cvd_public_metric_v2,CVD-INCIDENCE-001,cvd_2024_04,annual,2020,2020-01-01,2020,,,1,stroke,male,age_standardised,national_estimate,hospital_plus_dco,inclusive,estimated,annual_age_standardised_rate,,,,rate_per_100000,,,,final,cvd_rates_v1_0_7,UN_WPP_2024,BRB,persons,2026-08-26,historical_estimate,WHO_WORLD_2000_2025,secondary,Secondary suppression: protects a related confidential value.,*
bnr_cvd_public_metric_v2,CVD-INCIDENCE-001,cvd_2024_04,annual,2021,2021-01-01,2021,,,1,stroke,all,age_standardised,national_estimate,hospital_plus_dco,inclusive,estimated,annual_age_standardised_rate,,,,rate_per_100000,,,,final,cvd_rates_v1_0_7,UN_WPP_2024,BRB,persons,2026-08-26,historical_estimate,WHO_WORLD_2000_2025,secondary,Secondary suppression: protects a related confidential value.,*
bnr_cvd_public_metric_v2,CVD-INCIDENCE-001,cvd_2024_04,annual,2021,2021-01-01,2021,,,1,heart,all,age_standardised,national_estimate,hospital_plus_dco,inclusive,estimated,annual_age_standardised_rate,55.37635417111284,49.69490032721316,69.74231603354484,rate_per_100000,,,,final,cvd_rates_v1_0_7,UN_WPP_2024,BRB,persons,2026-08-26,historical_estimate,WHO_WORLD_2000_2025,none,No disclosure restriction identified.,55.376
bnr_cvd_public_metric_v2,CVD-INCIDENCE-001,cvd_2024_04,annual,2021,2021-01-01,2021,,,1,stroke,all,all,national_estimate,hospital_plus_dco,inclusive,estimated,annual_crude_rate,,,,rate_per_100000,,,,final,cvd_rates_v1_0_7,UN_WPP_2024,BRB,persons,2026-08-26,historical_estimate,WHO_WORLD_2000_2025,secondary,Secondary suppression: protects a related confidential value.,*
bnr_cvd_public_metric_v2,CVD-INCIDENCE-001,cvd_2024_04,annual,2021,2021-01-01,2021,,,1,all_cvd,all,all,national_estimate,hospital_plus_dco,inclusive,estimated,annual_crude_rate,312.1673424158126,283.5406428929652,384.5519969235841,rate_per_100000,880.7692307692308,282146.5,,final,cvd_rates_v1_0_7,UN_WPP_2024,BRB,persons,2026-08-26,historical_estimate,WHO_WORLD_2000_2025,none,No disclosure restriction identified.,312.167
bnr_cvd_public_metric_v2,CVD-INCIDENCE-001,cvd_2024_04,annual,2021,2021-01-01,2021,,,1,heart,all,all,national_estimate,hospital_plus_dco,inclusive,estimated,annual_crude_rate,88.79729556753728,79.39138001003025,112.580824905805,rate_per_100000,250.5384615384615,282146.5,,final,cvd_rates_v1_0_7,UN_WPP_2024,BRB,persons,2026-08-26,historical_estimate,WHO_WORLD_2000_2025,none,No disclosure restriction identified.,88.797
bnr_cvd_public_metric_v2,CVD-INCIDENCE-001,cvd_2024_04,annual,2021,2021-01-01,2021,,,1,all_cvd,all,age_standardised,national_estimate,hospital_plus_dco,inclusive,estimated,annual_age_standardised_rate,190.7418374382447,173.9647381624839,233.1639313212397,rate_per_100000,,,,final,cvd_rates_v1_0_7,UN_WPP_2024,BRB,persons,2026-08-26,historical_estimate,WHO_WORLD_2000_2025,none,No disclosure restriction identified.,190.742
bnr_cvd_public_metric_v2,CVD-INCIDENCE-001,cvd_2024_04,annual,2021,2021-01-01,2021,,,1,heart,female,age_standardised,national_estimate,hospital_plus_dco,inclusive,estimated,annual_age_standardised_rate,44.75406457328832,39.00637057252059,59.28751940380102,rate_per_100000,,,,final,cvd_rates_v1_0_7,UN_WPP_2024,BRB,persons,2026-08-26,historical_estimate,WHO_WORLD_2000_2025,none,No disclosure restriction identified.,44.754
bnr_cvd_public_metric_v2,CVD-INCIDENCE-001,cvd_2024_04,annual,2021,2021-01-01,2021,,,1,all_cvd,female,all,national_estimate,hospital_plus_dco,inclusive,estimated,annual_crude_rate,294.0893644929015,265.0053307627589,367.6304212105478,rate_per_100000,431.6923076923077,146789.5,,final,cvd_rates_v1_0_7,UN_WPP_2024,BRB,persons,2026-08-26,historical_estimate,WHO_WORLD_2000_2025,none,No disclosure restriction identified.,294.089
bnr_cvd_public_metric_v2,CVD-INCIDENCE-001,cvd_2024_04,annual,2021,2021-01-01,2021,,,1,heart,female,all,national_estimate,hospital_plus_dco,inclusive,estimated,annual_crude_rate,79.70597351990435,69.48725896607046,105.5447231774558,rate_per_100000,117,146789.5,,final,cvd_rates_v1_0_7,UN_WPP_2024,BRB,persons,2026-08-26,historical_estimate,WHO_WORLD_2000_2025,none,No disclosure restriction identified.,79.706
bnr_cvd_public_metric_v2,CVD-INCIDENCE-001,cvd_2024_04,annual,2021,2021-01-01,2021,,,1,stroke,female,all,national_estimate,hospital_plus_dco,inclusive,estimated,annual_crude_rate,,,,rate_per_100000,,,,final,cvd_rates_v1_0_7,UN_WPP_2024,BRB,persons,2026-08-26,historical_estimate,WHO_WORLD_2000_2025,secondary,Secondary suppression: protects a related confidential value.,*
bnr_cvd_public_metric_v2,CVD-INCIDENCE-001,cvd_2024_04,annual,2021,2021-01-01,2021,,,1,all_cvd,female,age_standardised,national_estimate,hospital_plus_dco,inclusive,estimated,annual_age_standardised_rate,161.7375025306365,146.3177638961755,200.7274130777733,rate_per_100000,,,,final,cvd_rates_v1_0_7,UN_WPP_2024,BRB,persons,2026-08-26,historical_estimate,WHO_WORLD_2000_2025,none,No disclosure restriction identified.,161.738
bnr_cvd_public_metric_v2,CVD-INCIDENCE-001,cvd_2024_04,annual,2021,2021-01-01,2021,,,1,stroke,female,age_standardised,national_estimate,hospital_plus_dco,inclusive,estimated,annual_age_standardised_rate,,,,rate_per_100000,,,,final,cvd_rates_v1_0_7,UN_WPP_2024,BRB,persons,2026-08-26,historical_estimate,WHO_WORLD_2000_2025,secondary,Secondary suppression: protects a related confidential value.,*
bnr_cvd_public_metric_v2,CVD-INCIDENCE-001,cvd_2024_04,annual,2021,2021-01-01,2021,,,1,all_cvd,male,age_standardised,national_estimate,hospital_plus_dco,inclusive,estimated,annual_age_standardised_rate,225.6390229845486,207.3639327834304,271.848893921662,rate_per_100000,,,,final,cvd_rates_v1_0_7,UN_WPP_2024,BRB,persons,2026-08-26,historical_estimate,WHO_WORLD_2000_2025,none,No disclosure restriction identified.,225.639
bnr_cvd_public_metric_v2,CVD-INCIDENCE-001,cvd_2024_04,annual,2021,2021-01-01,2021,,,1,all_cvd,male,all,national_estimate,hospital_plus_dco,inclusive,estimated,annual_crude_rate,331.772219447035,303.6414814158115,402.9027998974141,rate_per_100000,449.0769230769231,135357,,final,cvd_rates_v1_0_7,UN_WPP_2024,BRB,persons,2026-08-26,historical_estimate,WHO_WORLD_2000_2025,none,No disclosure restriction identified.,331.772
bnr_cvd_public_metric_v2,CVD-INCIDENCE-001,cvd_2024_04,annual,2021,2021-01-01,2021,,,1,stroke,male,age_standardised,national_estimate,hospital_plus_dco,inclusive,estimated,annual_age_standardised_rate,158.9186305764092,145.7739954495931,192.1557793970729,rate_per_100000,,,,final,cvd_rates_v1_0_7,UN_WPP_2024,BRB,persons,2026-08-26,historical_estimate,WHO_WORLD_2000_2025,none,No disclosure restriction identified.,158.919
bnr_cvd_public_metric_v2,CVD-INCIDENCE-001,cvd_2024_04,annual,2021,2021-01-01,2021,,,1,stroke,male,all,national_estimate,hospital_plus_dco,inclusive,estimated,annual_crude_rate,233.1157321294514,213.5094601682957,282.6915912312309,rate_per_100000,315.5384615384615,135357,,final,cvd_rates_v1_0_7,UN_WPP_2024,BRB,persons,2026-08-26,historical_estimate,WHO_WORLD_2000_2025,none,No disclosure restriction identified.,233.116
bnr_cvd_public_metric_v2,CVD-INCIDENCE-001,cvd_2024_04,annual,2021,2021-01-01,2021,,,1,heart,male,all,national_estimate,hospital_plus_dco,inclusive,estimated,annual_crude_rate,98.65648731758354,90.13202124751582,120.2112086661833,rate_per_100000,133.5384615384615,135357,,final,cvd_rates_v1_0_7,UN_WPP_2024,BRB,persons,2026-08-26,historical_estimate,WHO_WORLD_2000_2025,none,No disclosure restriction identified.,98.656
bnr_cvd_public_metric_v2,CVD-INCIDENCE-001,cvd_2024_04,annual,2021,2021-01-01,2021,,,1,heart,male,age_standardised,national_estimate,hospital_plus_dco,inclusive,estimated,annual_age_standardised_rate,66.7203924081394,61.58993733383725,79.69311452458911,rate_per_100000,,,,final,cvd_rates_v1_0_7,UN_WPP_2024,BRB,persons,2026-08-26,historical_estimate,WHO_WORLD_2000_2025,none,No disclosure restriction identified.,66.720
bnr_cvd_public_metric_v2,CVD-INCIDENCE-001,cvd_2024_04,annual,2022,2022-01-01,2022,,,1,heart,all,all,national_estimate,hospital_plus_dco,inclusive,estimated,annual_crude_rate,112.2919573542124,98.11630855985096,145.4758624864676,rate_per_100000,317.0204081632653,282318,,final,cvd_rates_v1_0_7,UN_WPP_2024,BRB,persons,2026-08-26,historical_estimate,WHO_WORLD_2000_2025,none,No disclosure restriction identified.,112.292
bnr_cvd_public_metric_v2,CVD-INCIDENCE-001,cvd_2024_04,annual,2022,2022-01-01,2022,,,1,stroke,all,age_standardised,national_estimate,hospital_plus_dco,inclusive,estimated,annual_age_standardised_rate,143.0339664358594,131.7065769865567,169.5503553739997,rate_per_100000,,,,final,cvd_rates_v1_0_7,UN_WPP_2024,BRB,persons,2026-08-26,historical_estimate,WHO_WORLD_2000_2025,none,No disclosure restriction identified.,143.034
bnr_cvd_public_metric_v2,CVD-INCIDENCE-001,cvd_2024_04,annual,2022,2022-01-01,2022,,,1,stroke,all,all,national_estimate,hospital_plus_dco,inclusive,estimated,annual_crude_rate,239.1499179315957,219.6105101339624,284.8898952760555,rate_per_100000,675.1632653061224,282318,,final,cvd_rates_v1_0_7,UN_WPP_2024,BRB,persons,2026-08-26,historical_estimate,WHO_WORLD_2000_2025,none,No disclosure restriction identified.,239.150
bnr_cvd_public_metric_v2,CVD-INCIDENCE-001,cvd_2024_04,annual,2022,2022-01-01,2022,,,1,heart,all,age_standardised,national_estimate,hospital_plus_dco,inclusive,estimated,annual_age_standardised_rate,67.12542607054621,58.66163947761151,86.93838104946155,rate_per_100000,,,,final,cvd_rates_v1_0_7,UN_WPP_2024,BRB,persons,2026-08-26,historical_estimate,WHO_WORLD_2000_2025,none,No disclosure restriction identified.,67.125
bnr_cvd_public_metric_v2,CVD-INCIDENCE-001,cvd_2024_04,annual,2022,2022-01-01,2022,,,1,all_cvd,all,all,national_estimate,hospital_plus_dco,inclusive,estimated,annual_crude_rate,351.4418752858081,317.7268186938134,430.3657577625231,rate_per_100000,992.1836734693877,282318,,final,cvd_rates_v1_0_7,UN_WPP_2024,BRB,persons,2026-08-26,historical_estimate,WHO_WORLD_2000_2025,none,No disclosure restriction identified.,351.442
bnr_cvd_public_metric_v2,CVD-INCIDENCE-001,cvd_2024_04,annual,2022,2022-01-01,2022,,,1,all_cvd,all,age_standardised,national_estimate,hospital_plus_dco,inclusive,estimated,annual_age_standardised_rate,210.1593925064056,190.3682164641682,256.4887364234613,rate_per_100000,,,,final,cvd_rates_v1_0_7,UN_WPP_2024,BRB,persons,2026-08-26,historical_estimate,WHO_WORLD_2000_2025,none,No disclosure restriction identified.,210.159
bnr_cvd_public_metric_v2,CVD-INCIDENCE-001,cvd_2024_04,annual,2022,2022-01-01,2022,,,1,stroke,female,age_standardised,national_estimate,hospital_plus_dco,inclusive,estimated,annual_age_standardised_rate,125.9935339177113,116.2402338176817,148.8251227882349,rate_per_100000,,,,final,cvd_rates_v1_0_7,UN_WPP_2024,BRB,persons,2026-08-26,historical_estimate,WHO_WORLD_2000_2025,none,No disclosure restriction identified.,125.994
bnr_cvd_public_metric_v2,CVD-INCIDENCE-001,cvd_2024_04,annual,2022,2022-01-01,2022,,,1,heart,female,age_standardised,national_estimate,hospital_plus_dco,inclusive,estimated,annual_age_standardised_rate,50.56177856088777,44.40708653363271,64.96935307923482,rate_per_100000,,,,final,cvd_rates_v1_0_7,UN_WPP_2024,BRB,persons,2026-08-26,historical_estimate,WHO_WORLD_2000_2025,none,No disclosure restriction identified.,50.562
bnr_cvd_public_metric_v2,CVD-INCIDENCE-001,cvd_2024_04,annual,2022,2022-01-01,2022,,,1,all_cvd,female,all,national_estimate,hospital_plus_dco,inclusive,estimated,annual_crude_rate,325.6687562691722,294.7452971788179,398.0577627761381,rate_per_100000,478.4285714285714,146906.5,,final,cvd_rates_v1_0_7,UN_WPP_2024,BRB,persons,2026-08-26,historical_estimate,WHO_WORLD_2000_2025,none,No disclosure restriction identified.,325.669
bnr_cvd_public_metric_v2,CVD-INCIDENCE-001,cvd_2024_04,annual,2022,2022-01-01,2022,,,1,stroke,female,all,national_estimate,hospital_plus_dco,inclusive,estimated,annual_crude_rate,232.9400548189856,213.0606882609006,279.4758447163208,rate_per_100000,342.2040816326531,146906.5,,final,cvd_rates_v1_0_7,UN_WPP_2024,BRB,persons,2026-08-26,historical_estimate,WHO_WORLD_2000_2025,none,No disclosure restriction identified.,232.940
bnr_cvd_public_metric_v2,CVD-INCIDENCE-001,cvd_2024_04,annual,2022,2022-01-01,2022,,,1,heart,female,all,national_estimate,hospital_plus_dco,inclusive,estimated,annual_crude_rate,92.72870145018661,81.68460891791719,118.5819180598173,rate_per_100000,136.2244897959184,146906.5,,final,cvd_rates_v1_0_7,UN_WPP_2024,BRB,persons,2026-08-26,historical_estimate,WHO_WORLD_2000_2025,none,No disclosure restriction identified.,92.729
bnr_cvd_public_metric_v2,CVD-INCIDENCE-001,cvd_2024_04,annual,2022,2022-01-01,2022,,,1,all_cvd,female,age_standardised,national_estimate,hospital_plus_dco,inclusive,estimated,annual_age_standardised_rate,176.555312478599,160.6473203513144,213.7944758674698,rate_per_100000,,,,final,cvd_rates_v1_0_7,UN_WPP_2024,BRB,persons,2026-08-26,historical_estimate,WHO_WORLD_2000_2025,none,No disclosure restriction identified.,176.555
bnr_cvd_public_metric_v2,CVD-INCIDENCE-001,cvd_2024_04,annual,2022,2022-01-01,2022,,,1,stroke,male,all,national_estimate,hospital_plus_dco,inclusive,estimated,annual_crude_rate,245.886932552604,226.7163424081411,290.7635412998695,rate_per_100000,332.9591836734694,135411.5,,final,cvd_rates_v1_0_7,UN_WPP_2024,BRB,persons,2026-08-26,historical_estimate,WHO_WORLD_2000_2025,none,No disclosure restriction identified.,245.887
bnr_cvd_public_metric_v2,CVD-INCIDENCE-001,cvd_2024_04,annual,2022,2022-01-01,2022,,,1,heart,male,age_standardised,national_estimate,hospital_plus_dco,inclusive,estimated,annual_age_standardised_rate,89.89288046783422,77.22873993290133,119.5384821746089,rate_per_100000,,,,final,cvd_rates_v1_0_7,UN_WPP_2024,BRB,persons,2026-08-26,historical_estimate,WHO_WORLD_2000_2025,none,No disclosure restriction identified.,89.893
bnr_cvd_public_metric_v2,CVD-INCIDENCE-001,cvd_2024_04,annual,2022,2022-01-01,2022,,,1,stroke,male,age_standardised,national_estimate,hospital_plus_dco,inclusive,estimated,annual_age_standardised_rate,163.7332874044794,151.1603756096521,193.1653309241888,rate_per_100000,,,,final,cvd_rates_v1_0_7,UN_WPP_2024,BRB,persons,2026-08-26,historical_estimate,WHO_WORLD_2000_2025,none,No disclosure restriction identified.,163.733
bnr_cvd_public_metric_v2,CVD-INCIDENCE-001,cvd_2024_04,annual,2022,2022-01-01,2022,,,1,all_cvd,male,age_standardised,national_estimate,hospital_plus_dco,inclusive,estimated,annual_age_standardised_rate,253.6261678723136,228.3891155425534,312.7038130987977,rate_per_100000,,,,final,cvd_rates_v1_0_7,UN_WPP_2024,BRB,persons,2026-08-26,historical_estimate,WHO_WORLD_2000_2025,none,No disclosure restriction identified.,253.626
bnr_cvd_public_metric_v2,CVD-INCIDENCE-001,cvd_2024_04,annual,2022,2022-01-01,2022,,,1,heart,male,all,national_estimate,hospital_plus_dco,inclusive,estimated,annual_crude_rate,133.515926171224,115.9428852054663,174.6528175228839,rate_per_100000,180.7959183673469,135411.5,,final,cvd_rates_v1_0_7,UN_WPP_2024,BRB,persons,2026-08-26,historical_estimate,WHO_WORLD_2000_2025,none,No disclosure restriction identified.,133.516
bnr_cvd_public_metric_v2,CVD-INCIDENCE-001,cvd_2024_04,annual,2022,2022-01-01,2022,,,1,all_cvd,male,all,national_estimate,hospital_plus_dco,inclusive,estimated,annual_crude_rate,379.4028587238279,342.6592276136074,465.4163588227535,rate_per_100000,513.7551020408163,135411.5,,final,cvd_rates_v1_0_7,UN_WPP_2024,BRB,persons,2026-08-26,historical_estimate,WHO_WORLD_2000_2025,none,No disclosure restriction identified.,379.403
bnr_cvd_public_metric_v2,CVD-INCIDENCE-001,cvd_2024_04,annual,2023,2023-01-01,2023,,,1,heart,all,age_standardised,national_estimate,hospital_plus_dco,inclusive,estimated,annual_age_standardised_rate,68.79845245499297,60.81999635262921,86.6144223923101,rate_per_100000,,,,final,cvd_rates_v1_0_7,UN_WPP_2024,BRB,persons,2026-08-26,historical_estimate,WHO_WORLD_2000_2025,none,No disclosure restriction identified.,68.798
bnr_cvd_public_metric_v2,CVD-INCIDENCE-001,cvd_2024_04,annual,2023,2023-01-01,2023,,,1,stroke,all,age_standardised,national_estimate,hospital_plus_dco,inclusive,estimated,annual_age_standardised_rate,,,,rate_per_100000,,,,final,cvd_rates_v1_0_7,UN_WPP_2024,BRB,persons,2026-08-26,historical_estimate,WHO_WORLD_2000_2025,secondary,Secondary suppression: protects a related confidential value.,*
bnr_cvd_public_metric_v2,CVD-INCIDENCE-001,cvd_2024_04,annual,2023,2023-01-01,2023,,,1,stroke,all,all,national_estimate,hospital_plus_dco,inclusive,estimated,annual_crude_rate,,,,rate_per_100000,,,,final,cvd_rates_v1_0_7,UN_WPP_2024,BRB,persons,2026-08-26,historical_estimate,WHO_WORLD_2000_2025,secondary,Secondary suppression: protects a related confidential value.,*
bnr_cvd_public_metric_v2,CVD-INCIDENCE-001,cvd_2024_04,annual,2023,2023-01-01,2023,,,1,all_cvd,all,all,national_estimate,hospital_plus_dco,inclusive,estimated,annual_crude_rate,379.9011098824088,344.6248441573161,458.6733537345575,rate_per_100000,1072.597597597598,282336,,final,cvd_rates_v1_0_7,UN_WPP_2024,BRB,persons,2026-08-26,historical_estimate,WHO_WORLD_2000_2025,none,No disclosure restriction identified.,379.901
bnr_cvd_public_metric_v2,CVD-INCIDENCE-001,cvd_2024_04,annual,2023,2023-01-01,2023,,,1,all_cvd,all,age_standardised,national_estimate,hospital_plus_dco,inclusive,estimated,annual_age_standardised_rate,224.2160848649637,204.4004455461354,268.4645998487551,rate_per_100000,,,,final,cvd_rates_v1_0_7,UN_WPP_2024,BRB,persons,2026-08-26,historical_estimate,WHO_WORLD_2000_2025,none,No disclosure restriction identified.,224.216
bnr_cvd_public_metric_v2,CVD-INCIDENCE-001,cvd_2024_04,annual,2023,2023-01-01,2023,,,1,heart,all,all,national_estimate,hospital_plus_dco,inclusive,estimated,annual_crude_rate,114.9972652012774,101.2977445313386,145.588427862306,rate_per_100000,324.6786786786787,282336,,final,cvd_rates_v1_0_7,UN_WPP_2024,BRB,persons,2026-08-26,historical_estimate,WHO_WORLD_2000_2025,none,No disclosure restriction identified.,114.997
bnr_cvd_public_metric_v2,CVD-INCIDENCE-001,cvd_2024_04,annual,2023,2023-01-01,2023,,,1,stroke,female,age_standardised,national_estimate,hospital_plus_dco,inclusive,estimated,annual_age_standardised_rate,130.5258970755585,121.7647142863468,150.0897033038953,rate_per_100000,,,,final,cvd_rates_v1_0_7,UN_WPP_2024,BRB,persons,2026-08-26,historical_estimate,WHO_WORLD_2000_2025,none,No disclosure restriction identified.,130.526
bnr_cvd_public_metric_v2,CVD-INCIDENCE-001,cvd_2024_04,annual,2023,2023-01-01,2023,,,1,heart,female,age_standardised,national_estimate,hospital_plus_dco,inclusive,estimated,annual_age_standardised_rate,50.06332062771194,44.37600760493747,62.7631458241986,rate_per_100000,,,,final,cvd_rates_v1_0_7,UN_WPP_2024,BRB,persons,2026-08-26,historical_estimate,WHO_WORLD_2000_2025,none,No disclosure restriction identified.,50.063
bnr_cvd_public_metric_v2,CVD-INCIDENCE-001,cvd_2024_04,annual,2023,2023-01-01,2023,,,1,stroke,female,all,national_estimate,hospital_plus_dco,inclusive,estimated,annual_crude_rate,249.7593581579252,231.3373681291951,290.8958407463517,rate_per_100000,367.0750750750751,146971.5,,final,cvd_rates_v1_0_7,UN_WPP_2024,BRB,persons,2026-08-26,historical_estimate,WHO_WORLD_2000_2025,none,No disclosure restriction identified.,249.759
bnr_cvd_public_metric_v2,CVD-INCIDENCE-001,cvd_2024_04,annual,2023,2023-01-01,2023,,,1,all_cvd,female,age_standardised,national_estimate,hospital_plus_dco,inclusive,estimated,annual_age_standardised_rate,180.5892177032705,166.1407218912843,212.852849128094,rate_per_100000,,,,final,cvd_rates_v1_0_7,UN_WPP_2024,BRB,persons,2026-08-26,historical_estimate,WHO_WORLD_2000_2025,none,No disclosure restriction identified.,180.589
bnr_cvd_public_metric_v2,CVD-INCIDENCE-001,cvd_2024_04,annual,2023,2023-01-01,2023,,,1,all_cvd,female,all,national_estimate,hospital_plus_dco,inclusive,estimated,annual_crude_rate,345.2917609743933,315.027063070051,412.8731252268082,rate_per_100000,507.4804804804805,146971.5,,final,cvd_rates_v1_0_7,UN_WPP_2024,BRB,persons,2026-08-26,historical_estimate,WHO_WORLD_2000_2025,none,No disclosure restriction identified.,345.292
bnr_cvd_public_metric_v2,CVD-INCIDENCE-001,cvd_2024_04,annual,2023,2023-01-01,2023,,,1,heart,female,all,national_estimate,hospital_plus_dco,inclusive,estimated,annual_crude_rate,95.53240281646811,83.68969494085587,121.9772844804565,rate_per_100000,140.4054054054054,146971.5,,final,cvd_rates_v1_0_7,UN_WPP_2024,BRB,persons,2026-08-26,historical_estimate,WHO_WORLD_2000_2025,none,No disclosure restriction identified.,95.532
bnr_cvd_public_metric_v2,CVD-INCIDENCE-001,cvd_2024_04,annual,2023,2023-01-01,2023,,,1,heart,male,age_standardised,national_estimate,hospital_plus_dco,inclusive,estimated,annual_age_standardised_rate,90.85316468654528,79.98702236485705,115.1173659874025,rate_per_100000,,,,final,cvd_rates_v1_0_7,UN_WPP_2024,BRB,persons,2026-08-26,historical_estimate,WHO_WORLD_2000_2025,none,No disclosure restriction identified.,90.853
bnr_cvd_public_metric_v2,CVD-INCIDENCE-001,cvd_2024_04,annual,2023,2023-01-01,2023,,,1,stroke,male,age_standardised,national_estimate,hospital_plus_dco,inclusive,estimated,annual_age_standardised_rate,,,,rate_per_100000,,,,final,cvd_rates_v1_0_7,UN_WPP_2024,BRB,persons,2026-08-26,historical_estimate,WHO_WORLD_2000_2025,secondary,Secondary suppression: protects a related confidential value.,*
bnr_cvd_public_metric_v2,CVD-INCIDENCE-001,cvd_2024_04,annual,2023,2023-01-01,2023,,,1,stroke,male,all,national_estimate,hospital_plus_dco,inclusive,estimated,annual_crude_rate,,,,rate_per_100000,,,,final,cvd_rates_v1_0_7,UN_WPP_2024,BRB,persons,2026-08-26,historical_estimate,WHO_WORLD_2000_2025,secondary,Secondary suppression: protects a related confidential value.,*
bnr_cvd_public_metric_v2,CVD-INCIDENCE-001,cvd_2024_04,annual,2023,2023-01-01,2023,,,1,all_cvd,male,all,national_estimate,hospital_plus_dco,inclusive,estimated,annual_crude_rate,417.4780811195824,376.7605243620004,508.4007806753481,rate_per_100000,565.1171171171171,135364.5,,final,cvd_rates_v1_0_7,UN_WPP_2024,BRB,persons,2026-08-26,historical_estimate,WHO_WORLD_2000_2025,none,No disclosure restriction identified.,417.478
bnr_cvd_public_metric_v2,CVD-INCIDENCE-001,cvd_2024_04,annual,2023,2023-01-01,2023,,,1,all_cvd,male,age_standardised,national_estimate,hospital_plus_dco,inclusive,estimated,annual_age_standardised_rate,279.9534368585827,252.5367535603814,341.1751568448574,rate_per_100000,,,,final,cvd_rates_v1_0_7,UN_WPP_2024,BRB,persons,2026-08-26,historical_estimate,WHO_WORLD_2000_2025,none,No disclosure restriction identified.,279.953
bnr_cvd_public_metric_v2,CVD-INCIDENCE-001,cvd_2024_04,annual,2023,2023-01-01,2023,,,1,heart,male,all,national_estimate,hospital_plus_dco,inclusive,estimated,annual_crude_rate,136.1311667928248,120.4156185706001,171.2241385511905,rate_per_100000,184.2732732732733,135364.5,,final,cvd_rates_v1_0_7,UN_WPP_2024,BRB,persons,2026-08-26,historical_estimate,WHO_WORLD_2000_2025,none,No disclosure restriction identified.,136.131
bnr_cvd_public_metric_v2,CVD-INCIDENCE-001,cvd_2024_04,annual,2010,2010-01-01,2010,,,1,all_cvd,all,all,hospital_registered,hospital_only,not_applicable,observed,annual_crude_rate,201.6396390832118,,,rate_per_100000,555,275243.5,,final,cvd_rates_v1_0_7,UN_WPP_2024,BRB,persons,2026-08-26,historical_estimate,WHO_WORLD_2000_2025,none,No disclosure restriction identified.,201.640
bnr_cvd_public_metric_v2,CVD-INCIDENCE-001,cvd_2024_04,annual,2010,2010-01-01,2010,,,1,stroke,all,age_standardised,hospital_registered,hospital_only,not_applicable,observed,annual_age_standardised_rate,108.8292425417444,,,rate_per_100000,,,,final,cvd_rates_v1_0_7,UN_WPP_2024,BRB,persons,2026-08-26,historical_estimate,WHO_WORLD_2000_2025,none,No disclosure restriction identified.,108.829
bnr_cvd_public_metric_v2,CVD-BURDEN-001,cvd_2024_04,monthly,2010_m07,2010-07-01,2010,7,,1,all_cvd,all,all,hospital_registered,hospital_only,not_applicable,observed,monthly_count,43,,,count,43,,,final,,,,,,,,none,No disclosure restriction identified.,43.000
bnr_cvd_public_metric_v2,CVD-BURDEN-001,cvd_2024_04,monthly,2010_m02,2010-02-01,2010,2,,1,all_cvd,all,all,hospital_registered,hospital_only,not_applicable,observed,monthly_count,52,,,count,52,,,final,,,,,,,,none,No disclosure restriction identified.,52.000
bnr_cvd_public_metric_v2,CVD-BURDEN-002,cvd_2024_04,annual,2010,2010-01-01,2010,,,1,heart,all,all,hospital_registered,hospital_only,not_applicable,observed,event_type_distribution,22.70270270270271,,,percent,126,555,,final,,,,,,,,none,No disclosure restriction identified.,22.703
bnr_cvd_public_metric_v2,CVD-BURDEN-001,cvd_2024_04,quarterly,2010_q2,2010-04-01,2010,4,2,1,heart,all,all,hospital_registered,hospital_only,not_applicable,observed,quarterly_count,19,,,count,19,,,final,,,,,,,,none,No disclosure restriction identified.,19.000
bnr_cvd_public_metric_v2,CVD-BURDEN-001,cvd_2024_04,quarterly,2010_q1,2010-01-01,2010,1,1,1,all_cvd,all,all,hospital_registered,hospital_only,not_applicable,observed,quarterly_count,166,,,count,166,,,final,,,,,,,,none,No disclosure restriction identified.,166.000
bnr_cvd_public_metric_v2,CVD-BURDEN-001,cvd_2024_04,annual,2010,2010-01-01,2010,,,1,heart,all,all,hospital_registered,hospital_only,not_applicable,observed,annual_count,126,,,count,126,,,final,,,,,,,,none,No disclosure restriction identified.,126.000
bnr_cvd_public_metric_v2,CVD-BURDEN-002,cvd_2024_04,annual,2010,2010-01-01,2010,,,1,all_cvd,all,under_70,hospital_registered,hospital_only,not_applicable,observed,age_distribution,47.02702702702703,,,percent,261,555,,final,,,,,,,,none,No disclosure restriction identified.,47.027
bnr_cvd_public_metric_v2,CVD-BURDEN-001,cvd_2024_04,quarterly,2010_q4,2010-10-01,2010,10,4,1,all_cvd,all,all,hospital_registered,hospital_only,not_applicable,observed,quarterly_count,150,,,count,150,,,final,,,,,,,,none,No disclosure restriction identified.,150.000
bnr_cvd_public_metric_v2,CVD-BURDEN-001,cvd_2024_04,quarterly,2010_q2,2010-04-01,2010,4,2,1,all_cvd,all,all,hospital_registered,hospital_only,not_applicable,observed,quarterly_count,113,,,count,113,,,final,,,,,,,,none,No disclosure restriction identified.,113.000
bnr_cvd_public_metric_v2,CVD-BURDEN-001,cvd_2024_04,monthly,2010_m10,2010-10-01,2010,10,,1,all_cvd,all,all,hospital_registered,hospital_only,not_applicable,observed,monthly_count,42,,,count,42,,,final,,,,,,,,none,No disclosure restriction identified.,42.000
bnr_cvd_public_metric_v2,CVD-BURDEN-001,cvd_2024_04,monthly,2010_m06,2010-06-01,2010,6,,1,all_cvd,all,all,hospital_registered,hospital_only,not_applicable,observed,monthly_count,39,,,count,39,,,final,,,,,,,,none,No disclosure restriction identified.,39.000
bnr_cvd_public_metric_v2,CVD-BURDEN-001,cvd_2024_04,annual,2010,2010-01-01,2010,,,1,all_cvd,all,under_70,hospital_registered,hospital_only,not_applicable,observed,annual_count,261,,,count,261,,,final,,,,,,,,none,No disclosure restriction identified.,261.000
bnr_cvd_public_metric_v2,CVD-BURDEN-001,cvd_2024_04,monthly,2010_m04,2010-04-01,2010,4,,1,all_cvd,all,all,hospital_registered,hospital_only,not_applicable,observed,monthly_count,28,,,count,28,,,final,,,,,,,,none,No disclosure restriction identified.,28.000
bnr_cvd_public_metric_v2,CVD-BURDEN-001,cvd_2024_04,quarterly,2010_q4,2010-10-01,2010,10,4,1,stroke,all,all,hospital_registered,hospital_only,not_applicable,observed,quarterly_count,107,,,count,107,,,final,,,,,,,,none,No disclosure restriction identified.,107.000
bnr_cvd_public_metric_v2,CVD-BURDEN-001,cvd_2024_04,monthly,2010_m03,2010-03-01,2010,3,,1,all_cvd,all,all,hospital_registered,hospital_only,not_applicable,observed,monthly_count,54,,,count,54,,,final,,,,,,,,none,No disclosure restriction identified.,54.000
bnr_cvd_public_metric_v2,CVD-BURDEN-001,cvd_2024_04,monthly,2010_m05,2010-05-01,2010,5,,1,all_cvd,all,all,hospital_registered,hospital_only,not_applicable,observed,monthly_count,46,,,count,46,,,final,,,,,,,,none,No disclosure restriction identified.,46.000
bnr_cvd_public_metric_v2,CVD-BURDEN-001,cvd_2024_04,annual,2010,2010-01-01,2010,,,1,all_cvd,all,all,hospital_registered,hospital_only,not_applicable,observed,annual_count,555,,,count,555,,,final,,,,,,,,none,No disclosure restriction identified.,555.000
bnr_cvd_public_metric_v2,CVD-BURDEN-001,cvd_2024_04,monthly,2010_m09,2010-09-01,2010,9,,1,all_cvd,all,all,hospital_registered,hospital_only,not_applicable,observed,monthly_count,44,,,count,44,,,final,,,,,,,,none,No disclosure restriction identified.,44.000
bnr_cvd_public_metric_v2,CVD-BURDEN-001,cvd_2024_04,quarterly,2010_q3,2010-07-01,2010,7,3,1,all_cvd,all,all,hospital_registered,hospital_only,not_applicable,observed,quarterly_count,126,,,count,126,,,final,,,,,,,,none,No disclosure restriction identified.,126.000
bnr_cvd_public_metric_v2,CVD-INCIDENCE-001,cvd_2024_04,annual,2010,2010-01-01,2010,,,1,all_cvd,all,age_standardised,hospital_registered,hospital_only,not_applicable,observed,annual_age_standardised_rate,141.6226782240344,,,rate_per_100000,,,,final,cvd_rates_v1_0_7,UN_WPP_2024,BRB,persons,2026-08-26,historical_estimate,WHO_WORLD_2000_2025,none,No disclosure restriction identified.,141.623
bnr_cvd_public_metric_v2,CVD-BURDEN-001,cvd_2024_04,annual,2010,2010-01-01,2010,,,1,stroke,all,all,hospital_registered,hospital_only,not_applicable,observed,annual_count,429,,,count,429,,,final,,,,,,,,none,No disclosure restriction identified.,429.000
bnr_cvd_public_metric_v2,CVD-INCIDENCE-001,cvd_2024_04,annual,2010,2010-01-01,2010,,,1,heart,all,age_standardised,hospital_registered,hospital_only,not_applicable,observed,annual_age_standardised_rate,32.79343568228999,,,rate_per_100000,,,,final,cvd_rates_v1_0_7,UN_WPP_2024,BRB,persons,2026-08-26,historical_estimate,WHO_WORLD_2000_2025,none,No disclosure restriction identified.,32.793
bnr_cvd_public_metric_v2,CVD-BURDEN-001,cvd_2024_04,quarterly,2010_q1,2010-01-01,2010,1,1,1,stroke,all,all,hospital_registered,hospital_only,not_applicable,observed,quarterly_count,128,,,count,128,,,final,,,,,,,,none,No disclosure restriction identified.,128.000
bnr_cvd_public_metric_v2,CVD-BURDEN-001,cvd_2024_04,monthly,2010_m08,2010-08-01,2010,8,,1,all_cvd,all,all,hospital_registered,hospital_only,not_applicable,observed,monthly_count,39,,,count,39,,,final,,,,,,,,none,No disclosure restriction identified.,39.000
bnr_cvd_public_metric_v2,CVD-BURDEN-001,cvd_2024_04,quarterly,2010_q3,2010-07-01,2010,7,3,1,heart,all,all,hospital_registered,hospital_only,not_applicable,observed,quarterly_count,26,,,count,26,,,final,,,,,,,,none,No disclosure restriction identified.,26.000
bnr_cvd_public_metric_v2,CVD-BURDEN-001,cvd_2024_04,quarterly,2010_q1,2010-01-01,2010,1,1,1,heart,all,all,hospital_registered,hospital_only,not_applicable,observed,quarterly_count,38,,,count,38,,,final,,,,,,,,none,No disclosure restriction identified.,38.000
bnr_cvd_public_metric_v2,CVD-BURDEN-001,cvd_2024_04,annual,2010,2010-01-01,2010,,,1,all_cvd,all,age_70_plus,hospital_registered,hospital_only,not_applicable,observed,annual_count,294,,,count,294,,,final,,,,,,,,none,No disclosure restriction identified.,294.000
bnr_cvd_public_metric_v2,CVD-BURDEN-002,cvd_2024_04,annual,2010,2010-01-01,2010,,,1,all_cvd,all,age_70_plus,hospital_registered,hospital_only,not_applicable,observed,age_distribution,52.97297297297298,,,percent,294,555,,final,,,,,,,,none,No disclosure restriction identified.,52.973
bnr_cvd_public_metric_v2,CVD-BURDEN-001,cvd_2024_04,monthly,2010_m01,2010-01-01,2010,1,,1,all_cvd,all,all,hospital_registered,hospital_only,not_applicable,observed,monthly_count,60,,,count,60,,,final,,,,,,,,none,No disclosure restriction identified.,60.000
bnr_cvd_public_metric_v2,CVD-INCIDENCE-001,cvd_2024_04,annual,2010,2010-01-01,2010,,,1,stroke,all,all,hospital_registered,hospital_only,not_applicable,observed,annual_crude_rate,155.8619912913475,,,rate_per_100000,429,275243.5,,final,cvd_rates_v1_0_7,UN_WPP_2024,BRB,persons,2026-08-26,historical_estimate,WHO_WORLD_2000_2025,none,No disclosure restriction identified.,155.862
bnr_cvd_public_metric_v2,CVD-BURDEN-002,cvd_2024_04,annual,2010,2010-01-01,2010,,,1,stroke,all,all,hospital_registered,hospital_only,not_applicable,observed,event_type_distribution,77.29729729729729,,,percent,429,555,,final,,,,,,,,none,No disclosure restriction identified.,77.297
bnr_cvd_public_metric_v2,CVD-BURDEN-001,cvd_2024_04,quarterly,2010_q2,2010-04-01,2010,4,2,1,stroke,all,all,hospital_registered,hospital_only,not_applicable,observed,quarterly_count,94,,,count,94,,,final,,,,,,,,none,No disclosure restriction identified.,94.000
bnr_cvd_public_metric_v2,CVD-BURDEN-001,cvd_2024_04,monthly,2010_m12,2010-12-01,2010,12,,1,all_cvd,all,all,hospital_registered,hospital_only,not_applicable,observed,monthly_count,58,,,count,58,,,final,,,,,,,,none,No disclosure restriction identified.,58.000
bnr_cvd_public_metric_v2,CVD-BURDEN-001,cvd_2024_04,quarterly,2010_q4,2010-10-01,2010,10,4,1,heart,all,all,hospital_registered,hospital_only,not_applicable,observed,quarterly_count,43,,,count,43,,,final,,,,,,,,none,No disclosure restriction identified.,43.000
bnr_cvd_public_metric_v2,CVD-INCIDENCE-001,cvd_2024_04,annual,2010,2010-01-01,2010,,,1,heart,all,all,hospital_registered,hospital_only,not_applicable,observed,annual_crude_rate,45.7776477918643,,,rate_per_100000,126,275243.5,,final,cvd_rates_v1_0_7,UN_WPP_2024,BRB,persons,2026-08-26,historical_estimate,WHO_WORLD_2000_2025,none,No disclosure restriction identified.,45.778
bnr_cvd_public_metric_v2,CVD-BURDEN-001,cvd_2024_04,monthly,2010_m11,2010-11-01,2010,11,,1,all_cvd,all,all,hospital_registered,hospital_only,not_applicable,observed,monthly_count,50,,,count,50,,,final,,,,,,,,none,No disclosure restriction identified.,50.000
bnr_cvd_public_metric_v2,CVD-BURDEN-001,cvd_2024_04,quarterly,2010_q3,2010-07-01,2010,7,3,1,stroke,all,all,hospital_registered,hospital_only,not_applicable,observed,quarterly_count,100,,,count,100,,,final,,,,,,,,none,No disclosure restriction identified.,100.000
bnr_cvd_public_metric_v2,CVD-BURDEN-002,cvd_2024_04,annual,2010,2010-01-01,2010,,,1,stroke,female,all,hospital_registered,hospital_only,not_applicable,observed,sex_distribution,52.68065268065268,,,percent,226,429,,final,,,,,,,,none,No disclosure restriction identified.,52.681
bnr_cvd_public_metric_v2,CVD-BURDEN-002,cvd_2024_04,annual,2010,2010-01-01,2010,,,1,heart,female,all,hospital_registered,hospital_only,not_applicable,observed,sex_distribution,47.61904761904761,,,percent,60,126,,final,,,,,,,,none,No disclosure restriction identified.,47.619
bnr_cvd_public_metric_v2,CVD-BURDEN-001,cvd_2024_04,quarterly,2010_q3,2010-07-01,2010,7,3,1,stroke,female,all,hospital_registered,hospital_only,not_applicable,observed,quarterly_count,53,,,count,53,,,final,,,,,,,,none,No disclosure restriction identified.,53.000
bnr_cvd_public_metric_v2,CVD-BURDEN-001,cvd_2024_04,annual,2010,2010-01-01,2010,,,1,all_cvd,female,all,hospital_registered,hospital_only,not_applicable,observed,annual_count,286,,,count,286,,,final,,,,,,,,none,No disclosure restriction identified.,286.000
bnr_cvd_public_metric_v2,CVD-INCIDENCE-001,cvd_2024_04,annual,2010,2010-01-01,2010,,,1,heart,female,age_standardised,hospital_registered,hospital_only,not_applicable,observed,annual_age_standardised_rate,26.65165215564566,,,rate_per_100000,,,,final,cvd_rates_v1_0_7,UN_WPP_2024,BRB,persons,2026-08-26,historical_estimate,WHO_WORLD_2000_2025,none,No disclosure restriction identified.,26.652
bnr_cvd_public_metric_v2,CVD-BURDEN-001,cvd_2024_04,quarterly,2010_q4,2010-10-01,2010,10,4,1,stroke,female,all,hospital_registered,hospital_only,not_applicable,observed,quarterly_count,56,,,count,56,,,final,,,,,,,,none,No disclosure restriction identified.,56.000
bnr_cvd_public_metric_v2,CVD-BURDEN-001,cvd_2024_04,annual,2010,2010-01-01,2010,,,1,stroke,female,all,hospital_registered,hospital_only,not_applicable,observed,annual_count,226,,,count,226,,,final,,,,,,,,none,No disclosure restriction identified.,226.000
bnr_cvd_public_metric_v2,CVD-BURDEN-001,cvd_2024_04,quarterly,2010_q2,2010-04-01,2010,4,2,1,stroke,female,all,hospital_registered,hospital_only,not_applicable,observed,quarterly_count,49,,,count,49,,,final,,,,,,,,none,No disclosure restriction identified.,49.000
bnr_cvd_public_metric_v2,CVD-INCIDENCE-001,cvd_2024_04,annual,2010,2010-01-01,2010,,,1,stroke,female,all,hospital_registered,hospital_only,not_applicable,observed,annual_crude_rate,157.2015344539159,,,rate_per_100000,226,143764.5,,final,cvd_rates_v1_0_7,UN_WPP_2024,BRB,persons,2026-08-26,historical_estimate,WHO_WORLD_2000_2025,none,No disclosure restriction identified.,157.202
bnr_cvd_public_metric_v2,CVD-BURDEN-001,cvd_2024_04,quarterly,2010_q4,2010-10-01,2010,10,4,1,heart,female,all,hospital_registered,hospital_only,not_applicable,observed,quarterly_count,23,,,count,23,,,final,,,,,,,,none,No disclosure restriction identified.,23.000
bnr_cvd_public_metric_v2,CVD-BURDEN-001,cvd_2024_04,quarterly,2010_q4,2010-10-01,2010,10,4,1,all_cvd,female,all,hospital_registered,hospital_only,not_applicable,observed,quarterly_count,79,,,count,79,,,final,,,,,,,,none,No disclosure restriction identified.,79.000
bnr_cvd_public_metric_v2,CVD-INCIDENCE-001,cvd_2024_04,annual,2010,2010-01-01,2010,,,1,all_cvd,female,all,hospital_registered,hospital_only,not_applicable,observed,annual_crude_rate,198.9364551053981,,,rate_per_100000,286,143764.5,,final,cvd_rates_v1_0_7,UN_WPP_2024,BRB,persons,2026-08-26,historical_estimate,WHO_WORLD_2000_2025,none,No disclosure restriction identified.,198.936
bnr_cvd_public_metric_v2,CVD-BURDEN-001,cvd_2024_04,quarterly,2010_q2,2010-04-01,2010,4,2,1,heart,female,all,hospital_registered,hospital_only,not_applicable,observed,quarterly_count,8,,,count,8,,,final,,,,,,,,none,No disclosure restriction identified.,8.000
bnr_cvd_public_metric_v2,CVD-BURDEN-001,cvd_2024_04,annual,2010,2010-01-01,2010,,,1,heart,female,all,hospital_registered,hospital_only,not_applicable,observed,annual_count,60,,,count,60,,,final,,,,,,,,none,No disclosure restriction identified.,60.000
bnr_cvd_public_metric_v2,CVD-BURDEN-001,cvd_2024_04,quarterly,2010_q1,2010-01-01,2010,1,1,1,stroke,female,all,hospital_registered,hospital_only,not_applicable,observed,quarterly_count,68,,,count,68,,,final,,,,,,,,none,No disclosure restriction identified.,68.000
bnr_cvd_public_metric_v2,CVD-BURDEN-001,cvd_2024_04,quarterly,2010_q1,2010-01-01,2010,1,1,1,heart,female,all,hospital_registered,hospital_only,not_applicable,observed,quarterly_count,18,,,count,18,,,final,,,,,,,,none,No disclosure restriction identified.,18.000
bnr_cvd_public_metric_v2,CVD-BURDEN-001,cvd_2024_04,quarterly,2010_q3,2010-07-01,2010,7,3,1,all_cvd,female,all,hospital_registered,hospital_only,not_applicable,observed,quarterly_count,64,,,count,64,,,final,,,,,,,,none,No disclosure restriction identified.,64.000
bnr_cvd_public_metric_v2,CVD-BURDEN-001,cvd_2024_04,quarterly,2010_q2,2010-04-01,2010,4,2,1,all_cvd,female,all,hospital_registered,hospital_only,not_applicable,observed,quarterly_count,57,,,count,57,,,final,,,,,,,,none,No disclosure restriction identified.,57.000
bnr_cvd_public_metric_v2,CVD-INCIDENCE-001,cvd_2024_04,annual,2010,2010-01-01,2010,,,1,heart,female,all,hospital_registered,hospital_only,not_applicable,observed,annual_crude_rate,41.73492065148211,,,rate_per_100000,60,143764.5,,final,cvd_rates_v1_0_7,UN_WPP_2024,BRB,persons,2026-08-26,historical_estimate,WHO_WORLD_2000_2025,none,No disclosure restriction identified.,41.735
bnr_cvd_public_metric_v2,CVD-BURDEN-001,cvd_2024_04,quarterly,2010_q3,2010-07-01,2010,7,3,1,heart,female,all,hospital_registered,hospital_only,not_applicable,observed,quarterly_count,11,,,count,11,,,final,,,,,,,,none,No disclosure restriction identified.,11.000
bnr_cvd_public_metric_v2,CVD-BURDEN-002,cvd_2024_04,annual,2010,2010-01-01,2010,,,1,all_cvd,female,all,hospital_registered,hospital_only,not_applicable,observed,sex_distribution,51.53153153153153,,,percent,286,555,,final,,,,,,,,none,No disclosure restriction identified.,51.532
bnr_cvd_public_metric_v2,CVD-BURDEN-001,cvd_2024_04,quarterly,2010_q1,2010-01-01,2010,1,1,1,all_cvd,female,all,hospital_registered,hospital_only,not_applicable,observed,quarterly_count,86,,,count,86,,,final,,,,,,,,none,No disclosure restriction identified.,86.000
bnr_cvd_public_metric_v2,CVD-INCIDENCE-001,cvd_2024_04,annual,2010,2010-01-01,2010,,,1,all_cvd,female,age_standardised,hospital_registered,hospital_only,not_applicable,observed,annual_age_standardised_rate,121.8849160527797,,,rate_per_100000,,,,final,cvd_rates_v1_0_7,UN_WPP_2024,BRB,persons,2026-08-26,historical_estimate,WHO_WORLD_2000_2025,none,No disclosure restriction identified.,121.885
bnr_cvd_public_metric_v2,CVD-INCIDENCE-001,cvd_2024_04,annual,2010,2010-01-01,2010,,,1,stroke,female,age_standardised,hospital_registered,hospital_only,not_applicable,observed,annual_age_standardised_rate,95.23326389713402,,,rate_per_100000,,,,final,cvd_rates_v1_0_7,UN_WPP_2024,BRB,persons,2026-08-26,historical_estimate,WHO_WORLD_2000_2025,none,No disclosure restriction identified.,95.233
bnr_cvd_public_metric_v2,CVD-INCIDENCE-001,cvd_2024_04,annual,2010,2010-01-01,2010,,,1,heart,male,all,hospital_registered,hospital_only,not_applicable,observed,annual_crude_rate,50.19813049992774,,,rate_per_100000,66,131479,,final,cvd_rates_v1_0_7,UN_WPP_2024,BRB,persons,2026-08-26,historical_estimate,WHO_WORLD_2000_2025,none,No disclosure restriction identified.,50.198
bnr_cvd_public_metric_v2,CVD-BURDEN-002,cvd_2024_04,annual,2010,2010-01-01,2010,,,1,heart,male,all,hospital_registered,hospital_only,not_applicable,observed,sex_distribution,52.38095238095239,,,percent,66,126,,final,,,,,,,,none,No disclosure restriction identified.,52.381
bnr_cvd_public_metric_v2,CVD-BURDEN-001,cvd_2024_04,annual,2010,2010-01-01,2010,,,1,all_cvd,male,all,hospital_registered,hospital_only,not_applicable,observed,annual_count,269,,,count,269,,,final,,,,,,,,none,No disclosure restriction identified.,269.000
bnr_cvd_public_metric_v2,CVD-BURDEN-001,cvd_2024_04,quarterly,2010_q3,2010-07-01,2010,7,3,1,stroke,male,all,hospital_registered,hospital_only,not_applicable,observed,quarterly_count,47,,,count,47,,,final,,,,,,,,none,No disclosure restriction identified.,47.000
bnr_cvd_public_metric_v2,CVD-BURDEN-001,cvd_2024_04,quarterly,2010_q2,2010-04-01,2010,4,2,1,all_cvd,male,all,hospital_registered,hospital_only,not_applicable,observed,quarterly_count,56,,,count,56,,,final,,,,,,,,none,No disclosure restriction identified.,56.000
bnr_cvd_public_metric_v2,CVD-BURDEN-001,cvd_2024_04,annual,2010,2010-01-01,2010,,,1,stroke,male,all,hospital_registered,hospital_only,not_applicable,observed,annual_count,203,,,count,203,,,final,,,,,,,,none,No disclosure restriction identified.,203.000
bnr_cvd_public_metric_v2,CVD-INCIDENCE-001,cvd_2024_04,annual,2010,2010-01-01,2010,,,1,stroke,male,age_standardised,hospital_registered,hospital_only,not_applicable,observed,annual_age_standardised_rate,125.9589154143779,,,rate_per_100000,,,,final,cvd_rates_v1_0_7,UN_WPP_2024,BRB,persons,2026-08-26,historical_estimate,WHO_WORLD_2000_2025,none,No disclosure restriction identified.,125.959
bnr_cvd_public_metric_v2,CVD-BURDEN-001,cvd_2024_04,quarterly,2010_q2,2010-04-01,2010,4,2,1,stroke,male,all,hospital_registered,hospital_only,not_applicable,observed,quarterly_count,45,,,count,45,,,final,,,,,,,,none,No disclosure restriction identified.,45.000
bnr_cvd_public_metric_v2,CVD-BURDEN-002,cvd_2024_04,annual,2010,2010-01-01,2010,,,1,all_cvd,male,all,hospital_registered,hospital_only,not_applicable,observed,sex_distribution,48.46846846846847,,,percent,269,555,,final,,,,,,,,none,No disclosure restriction identified.,48.468
bnr_cvd_public_metric_v2,CVD-BURDEN-001,cvd_2024_04,annual,2010,2010-01-01,2010,,,1,heart,male,all,hospital_registered,hospital_only,not_applicable,observed,annual_count,66,,,count,66,,,final,,,,,,,,none,No disclosure restriction identified.,66.000
bnr_cvd_public_metric_v2,CVD-INCIDENCE-001,cvd_2024_04,annual,2010,2010-01-01,2010,,,1,all_cvd,male,all,hospital_registered,hospital_only,not_applicable,observed,annual_crude_rate,204.5954106739479,,,rate_per_100000,269,131479,,final,cvd_rates_v1_0_7,UN_WPP_2024,BRB,persons,2026-08-26,historical_estimate,WHO_WORLD_2000_2025,none,No disclosure restriction identified.,204.595
bnr_cvd_public_metric_v2,CVD-BURDEN-001,cvd_2024_04,quarterly,2010_q3,2010-07-01,2010,7,3,1,heart,male,all,hospital_registered,hospital_only,not_applicable,observed,quarterly_count,15,,,count,15,,,final,,,,,,,,none,No disclosure restriction identified.,15.000
bnr_cvd_public_metric_v2,CVD-BURDEN-001,cvd_2024_04,quarterly,2010_q3,2010-07-01,2010,7,3,1,all_cvd,male,all,hospital_registered,hospital_only,not_applicable,observed,quarterly_count,62,,,count,62,,,final,,,,,,,,none,No disclosure restriction identified.,62.000
bnr_cvd_public_metric_v2,CVD-BURDEN-001,cvd_2024_04,quarterly,2010_q4,2010-10-01,2010,10,4,1,heart,male,all,hospital_registered,hospital_only,not_applicable,observed,quarterly_count,20,,,count,20,,,final,,,,,,,,none,No disclosure restriction identified.,20.000
bnr_cvd_public_metric_v2,CVD-INCIDENCE-001,cvd_2024_04,annual,2010,2010-01-01,2010,,,1,stroke,male,all,hospital_registered,hospital_only,not_applicable,observed,annual_crude_rate,154.3972801740202,,,rate_per_100000,203,131479,,final,cvd_rates_v1_0_7,UN_WPP_2024,BRB,persons,2026-08-26,historical_estimate,WHO_WORLD_2000_2025,none,No disclosure restriction identified.,154.397
bnr_cvd_public_metric_v2,CVD-INCIDENCE-001,cvd_2024_04,annual,2010,2010-01-01,2010,,,1,all_cvd,male,age_standardised,hospital_registered,hospital_only,not_applicable,observed,annual_age_standardised_rate,165.6939565006761,,,rate_per_100000,,,,final,cvd_rates_v1_0_7,UN_WPP_2024,BRB,persons,2026-08-26,historical_estimate,WHO_WORLD_2000_2025,none,No disclosure restriction identified.,165.694
bnr_cvd_public_metric_v2,CVD-INCIDENCE-001,cvd_2024_04,annual,2010,2010-01-01,2010,,,1,heart,male,age_standardised,hospital_registered,hospital_only,not_applicable,observed,annual_age_standardised_rate,39.73504108629818,,,rate_per_100000,,,,final,cvd_rates_v1_0_7,UN_WPP_2024,BRB,persons,2026-08-26,historical_estimate,WHO_WORLD_2000_2025,none,No disclosure restriction identified.,39.735
bnr_cvd_public_metric_v2,CVD-BURDEN-001,cvd_2024_04,quarterly,2010_q1,2010-01-01,2010,1,1,1,all_cvd,male,all,hospital_registered,hospital_only,not_applicable,observed,quarterly_count,80,,,count,80,,,final,,,,,,,,none,No disclosure restriction identified.,80.000
bnr_cvd_public_metric_v2,CVD-BURDEN-001,cvd_2024_04,quarterly,2010_q4,2010-10-01,2010,10,4,1,stroke,male,all,hospital_registered,hospital_only,not_applicable,observed,quarterly_count,51,,,count,51,,,final,,,,,,,,none,No disclosure restriction identified.,51.000
bnr_cvd_public_metric_v2,CVD-BURDEN-001,cvd_2024_04,quarterly,2010_q2,2010-04-01,2010,4,2,1,heart,male,all,hospital_registered,hospital_only,not_applicable,observed,quarterly_count,11,,,count,11,,,final,,,,,,,,none,No disclosure restriction identified.,11.000
bnr_cvd_public_metric_v2,CVD-BURDEN-002,cvd_2024_04,annual,2010,2010-01-01,2010,,,1,stroke,male,all,hospital_registered,hospital_only,not_applicable,observed,sex_distribution,47.31934731934732,,,percent,203,429,,final,,,,,,,,none,No disclosure restriction identified.,47.319
bnr_cvd_public_metric_v2,CVD-BURDEN-001,cvd_2024_04,quarterly,2010_q4,2010-10-01,2010,10,4,1,all_cvd,male,all,hospital_registered,hospital_only,not_applicable,observed,quarterly_count,71,,,count,71,,,final,,,,,,,,none,No disclosure restriction identified.,71.000
bnr_cvd_public_metric_v2,CVD-BURDEN-001,cvd_2024_04,quarterly,2010_q1,2010-01-01,2010,1,1,1,stroke,male,all,hospital_registered,hospital_only,not_applicable,observed,quarterly_count,60,,,count,60,,,final,,,,,,,,none,No disclosure restriction identified.,60.000
bnr_cvd_public_metric_v2,CVD-BURDEN-001,cvd_2024_04,quarterly,2010_q1,2010-01-01,2010,1,1,1,heart,male,all,hospital_registered,hospital_only,not_applicable,observed,quarterly_count,20,,,count,20,,,final,,,,,,,,none,No disclosure restriction identified.,20.000
bnr_cvd_public_metric_v2,CVD-BURDEN-001,cvd_2024_04,annual,2011,2011-01-01,2011,,,1,all_cvd,all,all,hospital_registered,hospital_only,not_applicable,observed,annual_count,504,,,count,504,,,final,,,,,,,,none,No disclosure restriction identified.,504.000
bnr_cvd_public_metric_v2,CVD-BURDEN-001,cvd_2024_04,monthly,2011_m06,2011-06-01,2011,6,,1,all_cvd,all,all,hospital_registered,hospital_only,not_applicable,observed,monthly_count,31,,,count,31,,,final,,,,,,,,none,No disclosure restriction identified.,31.000
bnr_cvd_public_metric_v2,CVD-BURDEN-001,cvd_2024_04,monthly,2011_m09,2011-09-01,2011,9,,1,all_cvd,all,all,hospital_registered,hospital_only,not_applicable,observed,monthly_count,38,,,count,38,,,final,,,,,,,,none,No disclosure restriction identified.,38.000
bnr_cvd_public_metric_v2,CVD-BURDEN-001,cvd_2024_04,quarterly,2011_q3,2011-07-01,2011,7,3,1,stroke,all,all,hospital_registered,hospital_only,not_applicable,observed,quarterly_same_quarter_previous_5yr_mean,,,,count,,,1,insufficient_history,,,,,,,,none,No disclosure restriction identified.,.
bnr_cvd_public_metric_v2,CVD-BURDEN-001,cvd_2024_04,quarterly,2011_q2,2011-04-01,2011,4,2,1,all_cvd,all,all,hospital_registered,hospital_only,not_applicable,observed,quarterly_same_quarter_previous_5yr_mean,,,,count,,,1,insufficient_history,,,,,,,,none,No disclosure restriction identified.,.
bnr_cvd_public_metric_v2,CVD-BURDEN-001,cvd_2024_04,quarterly,2011_q3,2011-07-01,2011,7,3,1,heart,all,all,hospital_registered,hospital_only,not_applicable,observed,quarterly_same_quarter_previous_5yr_mean,,,,count,,,1,insufficient_history,,,,,,,,none,No disclosure restriction identified.,.
bnr_cvd_public_metric_v2,CVD-BURDEN-001,cvd_2024_04,annual,2011,2011-01-01,2011,,,1,heart,all,all,hospital_registered,hospital_only,not_applicable,observed,annual_previous_5yr_mean,,,,count,,,1,insufficient_history,,,,,,,,none,No disclosure restriction identified.,.
bnr_cvd_public_metric_v2,CVD-BURDEN-001,cvd_2024_04,quarterly,2011_q2,2011-04-01,2011,4,2,1,heart,all,all,hospital_registered,hospital_only,not_applicable,observed,quarterly_count,34,,,count,34,,,final,,,,,,,,none,No disclosure restriction identified.,34.000
bnr_cvd_public_metric_v2,CVD-BURDEN-001,cvd_2024_04,quarterly,2011_q1,2011-01-01,2011,1,1,1,all_cvd,all,all,hospital_registered,hospital_only,not_applicable,observed,quarterly_count,112,,,count,112,,,final,,,,,,,,none,No disclosure restriction identified.,112.000
bnr_cvd_public_metric_v2,CVD-BURDEN-001,cvd_2024_04,monthly,2011_m05,2011-05-01,2011,5,,1,all_cvd,all,all,hospital_registered,hospital_only,not_applicable,observed,monthly_count,43,,,count,43,,,final,,,,,,,,none,No disclosure restriction identified.,43.000
bnr_cvd_public_metric_v2,CVD-BURDEN-001,cvd_2024_04,quarterly,2011_q4,2011-10-01,2011,10,4,1,all_cvd,all,all,hospital_registered,hospital_only,not_applicable,observed,quarterly_count,138,,,count,138,,,final,,,,,,,,none,No disclosure restriction identified.,138.000
bnr_cvd_public_metric_v2,CVD-BURDEN-002,cvd_2024_04,annual,2011,2011-01-01,2011,,,1,stroke,all,all,hospital_registered,hospital_only,not_applicable,observed,event_type_distribution,76.38888888888889,,,percent,385,504,,final,,,,,,,,none,No disclosure restriction identified.,76.389
bnr_cvd_public_metric_v2,CVD-BURDEN-001,cvd_2024_04,monthly,2011_m03,2011-03-01,2011,3,,1,all_cvd,all,all,hospital_registered,hospital_only,not_applicable,observed,monthly_count,44,,,count,44,,,final,,,,,,,,none,No disclosure restriction identified.,44.000
bnr_cvd_public_metric_v2,CVD-BURDEN-001,cvd_2024_04,monthly,2011_m07,2011-07-01,2011,7,,1,all_cvd,all,all,hospital_registered,hospital_only,not_applicable,observed,monthly_count,39,,,count,39,,,final,,,,,,,,none,No disclosure restriction identified.,39.000
bnr_cvd_public_metric_v2,CVD-BURDEN-002,cvd_2024_04,annual,2011,2011-01-01,2011,,,1,all_cvd,all,under_70,hospital_registered,hospital_only,not_applicable,observed,age_distribution,50.1984126984127,,,percent,253,504,,final,,,,,,,,none,No disclosure restriction identified.,50.198
bnr_cvd_public_metric_v2,CVD-BURDEN-001,cvd_2024_04,annual,2011,2011-01-01,2011,,,1,all_cvd,all,age_70_plus,hospital_registered,hospital_only,not_applicable,observed,annual_count,251,,,count,251,,,final,,,,,,,,none,No disclosure restriction identified.,251.000
bnr_cvd_public_metric_v2,CVD-BURDEN-002,cvd_2024_04,annual,2011,2011-01-01,2011,,,1,heart,all,all,hospital_registered,hospital_only,not_applicable,observed,event_type_distribution,23.61111111111111,,,percent,119,504,,final,,,,,,,,none,No disclosure restriction identified.,23.611
bnr_cvd_public_metric_v2,CVD-INCIDENCE-001,cvd_2024_04,annual,2011,2011-01-01,2011,,,1,heart,all,all,hospital_registered,hospital_only,not_applicable,observed,annual_crude_rate,43.09423877105371,,,rate_per_100000,119,276139,,final,cvd_rates_v1_0_7,UN_WPP_2024,BRB,persons,2026-08-26,historical_estimate,WHO_WORLD_2000_2025,none,No disclosure restriction identified.,43.094
bnr_cvd_public_metric_v2,CVD-BURDEN-001,cvd_2024_04,annual,2011,2011-01-01,2011,,,1,all_cvd,all,under_70,hospital_registered,hospital_only,not_applicable,observed,annual_previous_5yr_mean,,,,count,,,1,insufficient_history,,,,,,,,none,No disclosure restriction identified.,.
bnr_cvd_public_metric_v2,CVD-BURDEN-001,cvd_2024_04,quarterly,2011_q1,2011-01-01,2011,1,1,1,all_cvd,all,all,hospital_registered,hospital_only,not_applicable,observed,quarterly_same_quarter_previous_5yr_mean,,,,count,,,1,insufficient_history,,,,,,,,none,No disclosure restriction identified.,.
bnr_cvd_public_metric_v2,CVD-BURDEN-001,cvd_2024_04,quarterly,2011_q1,2011-01-01,2011,1,1,1,heart,all,all,hospital_registered,hospital_only,not_applicable,observed,quarterly_same_quarter_previous_5yr_mean,,,,count,,,1,insufficient_history,,,,,,,,none,No disclosure restriction identified.,.
bnr_cvd_public_metric_v2,CVD-BURDEN-001,cvd_2024_04,quarterly,2011_q1,2011-01-01,2011,1,1,1,stroke,all,all,hospital_registered,hospital_only,not_applicable,observed,quarterly_same_quarter_previous_5yr_mean,,,,count,,,1,insufficient_history,,,,,,,,none,No disclosure restriction identified.,.
bnr_cvd_public_metric_v2,CVD-BURDEN-001,cvd_2024_04,quarterly,2011_q4,2011-10-01,2011,10,4,1,heart,all,all,hospital_registered,hospital_only,not_applicable,observed,quarterly_same_quarter_previous_5yr_mean,,,,count,,,1,insufficient_history,,,,,,,,none,No disclosure restriction identified.,.
bnr_cvd_public_metric_v2,CVD-BURDEN-001,cvd_2024_04,annual,2011,2011-01-01,2011,,,1,stroke,all,all,hospital_registered,hospital_only,not_applicable,observed,annual_count,385,,,count,385,,,final,,,,,,,,none,No disclosure restriction identified.,385.000
bnr_cvd_public_metric_v2,CVD-BURDEN-001,cvd_2024_04,quarterly,2011_q3,2011-07-01,2011,7,3,1,all_cvd,all,all,hospital_registered,hospital_only,not_applicable,observed,quarterly_same_quarter_previous_5yr_mean,,,,count,,,1,insufficient_history,,,,,,,,none,No disclosure restriction identified.,.
bnr_cvd_public_metric_v2,CVD-BURDEN-002,cvd_2024_04,annual,2011,2011-01-01,2011,,,1,all_cvd,all,age_70_plus,hospital_registered,hospital_only,not_applicable,observed,age_distribution,49.8015873015873,,,percent,251,504,,final,,,,,,,,none,No disclosure restriction identified.,49.802
bnr_cvd_public_metric_v2,CVD-BURDEN-001,cvd_2024_04,annual,2011,2011-01-01,2011,,,1,all_cvd,all,under_70,hospital_registered,hospital_only,not_applicable,observed,annual_count,253,,,count,253,,,final,,,,,,,,none,No disclosure restriction identified.,253.000
bnr_cvd_public_metric_v2,CVD-BURDEN-001,cvd_2024_04,annual,2011,2011-01-01,2011,,,1,all_cvd,all,all,hospital_registered,hospital_only,not_applicable,observed,annual_previous_5yr_mean,,,,count,,,1,insufficient_history,,,,,,,,none,No disclosure restriction identified.,.
bnr_cvd_public_metric_v2,CVD-INCIDENCE-001,cvd_2024_04,annual,2011,2011-01-01,2011,,,1,heart,all,age_standardised,hospital_registered,hospital_only,not_applicable,observed,annual_age_standardised_rate,31.52207662816583,,,rate_per_100000,,,,final,cvd_rates_v1_0_7,UN_WPP_2024,BRB,persons,2026-08-26,historical_estimate,WHO_WORLD_2000_2025,none,No disclosure restriction identified.,31.522
bnr_cvd_public_metric_v2,CVD-BURDEN-001,cvd_2024_04,monthly,2011_m01,2011-01-01,2011,1,,1,all_cvd,all,all,hospital_registered,hospital_only,not_applicable,observed,monthly_count,41,,,count,41,,,final,,,,,,,,none,No disclosure restriction identified.,41.000
bnr_cvd_public_metric_v2,CVD-BURDEN-001,cvd_2024_04,quarterly,2011_q2,2011-04-01,2011,4,2,1,stroke,all,all,hospital_registered,hospital_only,not_applicable,observed,quarterly_count,101,,,count,101,,,final,,,,,,,,none,No disclosure restriction identified.,101.000
bnr_cvd_public_metric_v2,CVD-BURDEN-001,cvd_2024_04,monthly,2011_m02,2011-02-01,2011,2,,1,all_cvd,all,all,hospital_registered,hospital_only,not_applicable,observed,monthly_count,27,,,count,27,,,final,,,,,,,,none,No disclosure restriction identified.,27.000
bnr_cvd_public_metric_v2,CVD-BURDEN-001,cvd_2024_04,quarterly,2011_q3,2011-07-01,2011,7,3,1,all_cvd,all,all,hospital_registered,hospital_only,not_applicable,observed,quarterly_count,119,,,count,119,,,final,,,,,,,,none,No disclosure restriction identified.,119.000
bnr_cvd_public_metric_v2,CVD-BURDEN-001,cvd_2024_04,quarterly,2011_q2,2011-04-01,2011,4,2,1,heart,all,all,hospital_registered,hospital_only,not_applicable,observed,quarterly_same_quarter_previous_5yr_mean,,,,count,,,1,insufficient_history,,,,,,,,none,No disclosure restriction identified.,.
bnr_cvd_public_metric_v2,CVD-BURDEN-001,cvd_2024_04,quarterly,2011_q4,2011-10-01,2011,10,4,1,stroke,all,all,hospital_registered,hospital_only,not_applicable,observed,quarterly_count,102,,,count,102,,,final,,,,,,,,none,No disclosure restriction identified.,102.000
bnr_cvd_public_metric_v2,CVD-BURDEN-001,cvd_2024_04,monthly,2011_m12,2011-12-01,2011,12,,1,all_cvd,all,all,hospital_registered,hospital_only,not_applicable,observed,monthly_count,45,,,count,45,,,final,,,,,,,,none,No disclosure restriction identified.,45.000
bnr_cvd_public_metric_v2,CVD-INCIDENCE-001,cvd_2024_04,annual,2011,2011-01-01,2011,,,1,stroke,all,all,hospital_registered,hospital_only,not_applicable,observed,annual_crude_rate,139.4225372004679,,,rate_per_100000,385,276139,,final,cvd_rates_v1_0_7,UN_WPP_2024,BRB,persons,2026-08-26,historical_estimate,WHO_WORLD_2000_2025,none,No disclosure restriction identified.,139.423
bnr_cvd_public_metric_v2,CVD-BURDEN-001,cvd_2024_04,quarterly,2011_q3,2011-07-01,2011,7,3,1,stroke,all,all,hospital_registered,hospital_only,not_applicable,observed,quarterly_count,91,,,count,91,,,final,,,,,,,,none,No disclosure restriction identified.,91.000
bnr_cvd_public_metric_v2,CVD-BURDEN-001,cvd_2024_04,monthly,2011_m08,2011-08-01,2011,8,,1,all_cvd,all,all,hospital_registered,hospital_only,not_applicable,observed,monthly_count,42,,,count,42,,,final,,,,,,,,none,No disclosure restriction identified.,42.000
bnr_cvd_public_metric_v2,CVD-BURDEN-001,cvd_2024_04,quarterly,2011_q4,2011-10-01,2011,10,4,1,heart,all,all,hospital_registered,hospital_only,not_applicable,observed,quarterly_count,36,,,count,36,,,final,,,,,,,,none,No disclosure restriction identified.,36.000
bnr_cvd_public_metric_v2,CVD-BURDEN-001,cvd_2024_04,quarterly,2011_q3,2011-07-01,2011,7,3,1,heart,all,all,hospital_registered,hospital_only,not_applicable,observed,quarterly_count,28,,,count,28,,,final,,,,,,,,none,No disclosure restriction identified.,28.000
bnr_cvd_public_metric_v2,CVD-BURDEN-001,cvd_2024_04,monthly,2011_m11,2011-11-01,2011,11,,1,all_cvd,all,all,hospital_registered,hospital_only,not_applicable,observed,monthly_count,42,,,count,42,,,final,,,,,,,,none,No disclosure restriction identified.,42.000
bnr_cvd_public_metric_v2,CVD-BURDEN-001,cvd_2024_04,monthly,2011_m04,2011-04-01,2011,4,,1,all_cvd,all,all,hospital_registered,hospital_only,not_applicable,observed,monthly_count,61,,,count,61,,,final,,,,,,,,none,No disclosure restriction identified.,61.000
bnr_cvd_public_metric_v2,CVD-BURDEN-001,cvd_2024_04,annual,2011,2011-01-01,2011,,,1,all_cvd,all,age_70_plus,hospital_registered,hospital_only,not_applicable,observed,annual_previous_5yr_mean,,,,count,,,1,insufficient_history,,,,,,,,none,No disclosure restriction identified.,.
bnr_cvd_public_metric_v2,CVD-BURDEN-001,cvd_2024_04,quarterly,2011_q4,2011-10-01,2011,10,4,1,all_cvd,all,all,hospital_registered,hospital_only,not_applicable,observed,quarterly_same_quarter_previous_5yr_mean,,,,count,,,1,insufficient_history,,,,,,,,none,No disclosure restriction identified.,.
bnr_cvd_public_metric_v2,CVD-BURDEN-001,cvd_2024_04,annual,2011,2011-01-01,2011,,,1,heart,all,all,hospital_registered,hospital_only,not_applicable,observed,annual_count,119,,,count,119,,,final,,,,,,,,none,No disclosure restriction identified.,119.000
bnr_cvd_public_metric_v2,CVD-BURDEN-001,cvd_2024_04,quarterly,2011_q1,2011-01-01,2011,1,1,1,heart,all,all,hospital_registered,hospital_only,not_applicable,observed,quarterly_count,21,,,count,21,,,final,,,,,,,,none,No disclosure restriction identified.,21.000
bnr_cvd_public_metric_v2,CVD-BURDEN-001,cvd_2024_04,quarterly,2011_q4,2011-10-01,2011,10,4,1,stroke,all,all,hospital_registered,hospital_only,not_applicable,observed,quarterly_same_quarter_previous_5yr_mean,,,,count,,,1,insufficient_history,,,,,,,,none,No disclosure restriction identified.,.
bnr_cvd_public_metric_v2,CVD-INCIDENCE-001,cvd_2024_04,annual,2011,2011-01-01,2011,,,1,stroke,all,age_standardised,hospital_registered,hospital_only,not_applicable,observed,annual_age_standardised_rate,97.91268038743844,,,rate_per_100000,,,,final,cvd_rates_v1_0_7,UN_WPP_2024,BRB,persons,2026-08-26,historical_estimate,WHO_WORLD_2000_2025,none,No disclosure restriction identified.,97.913
bnr_cvd_public_metric_v2,CVD-BURDEN-001,cvd_2024_04,annual,2011,2011-01-01,2011,,,1,stroke,all,all,hospital_registered,hospital_only,not_applicable,observed,annual_previous_5yr_mean,,,,count,,,1,insufficient_history,,,,,,,,none,No disclosure restriction identified.,.
bnr_cvd_public_metric_v2,CVD-BURDEN-001,cvd_2024_04,monthly,2011_m10,2011-10-01,2011,10,,1,all_cvd,all,all,hospital_registered,hospital_only,not_applicable,observed,monthly_count,51,,,count,51,,,final,,,,,,,,none,No disclosure restriction identified.,51.000
bnr_cvd_public_metric_v2,CVD-BURDEN-001,cvd_2024_04,quarterly,2011_q2,2011-04-01,2011,4,2,1,stroke,all,all,hospital_registered,hospital_only,not_applicable,observed,quarterly_same_quarter_previous_5yr_mean,,,,count,,,1,insufficient_history,,,,,,,,none,No disclosure restriction identified.,.
bnr_cvd_public_metric_v2,CVD-INCIDENCE-001,cvd_2024_04,annual,2011,2011-01-01,2011,,,1,all_cvd,all,all,hospital_registered,hospital_only,not_applicable,observed,annual_crude_rate,182.5167759715216,,,rate_per_100000,504,276139,,final,cvd_rates_v1_0_7,UN_WPP_2024,BRB,persons,2026-08-26,historical_estimate,WHO_WORLD_2000_2025,none,No disclosure restriction identified.,182.517
bnr_cvd_public_metric_v2,CVD-INCIDENCE-001,cvd_2024_04,annual,2011,2011-01-01,2011,,,1,all_cvd,all,age_standardised,hospital_registered,hospital_only,not_applicable,observed,annual_age_standardised_rate,129.4347570156042,,,rate_per_100000,,,,final,cvd_rates_v1_0_7,UN_WPP_2024,BRB,persons,2026-08-26,historical_estimate,WHO_WORLD_2000_2025,none,No disclosure restriction identified.,129.435
bnr_cvd_public_metric_v2,CVD-BURDEN-001,cvd_2024_04,quarterly,2011_q2,2011-04-01,2011,4,2,1,all_cvd,all,all,hospital_registered,hospital_only,not_applicable,observed,quarterly_count,135,,,count,135,,,final,,,,,,,,none,No disclosure restriction identified.,135.000
bnr_cvd_public_metric_v2,CVD-BURDEN-001,cvd_2024_04,quarterly,2011_q1,2011-01-01,2011,1,1,1,stroke,all,all,hospital_registered,hospital_only,not_applicable,observed,quarterly_count,91,,,count,91,,,final,,,,,,,,none,No disclosure restriction identified.,91.000
bnr_cvd_public_metric_v2,CVD-BURDEN-002,cvd_2024_04,annual,2011,2011-01-01,2011,,,1,heart,female,all,hospital_registered,hospital_only,not_applicable,observed,sex_distribution,37.81512605042017,,,percent,45,119,,final,,,,,,,,none,No disclosure restriction identified.,37.815
bnr_cvd_public_metric_v2,CVD-BURDEN-001,cvd_2024_04,quarterly,2011_q1,2011-01-01,2011,1,1,1,all_cvd,female,all,hospital_registered,hospital_only,not_applicable,observed,quarterly_same_quarter_previous_5yr_mean,,,,count,,,1,insufficient_history,,,,,,,,none,No disclosure restriction identified.,.
bnr_cvd_public_metric_v2,CVD-BURDEN-001,cvd_2024_04,annual,2011,2011-01-01,2011,,,1,all_cvd,female,all,hospital_registered,hospital_only,not_applicable,observed,annual_count,246,,,count,246,,,final,,,,,,,,none,No disclosure restriction identified.,246.000
bnr_cvd_public_metric_v2,CVD-BURDEN-001,cvd_2024_04,quarterly,2011_q3,2011-07-01,2011,7,3,1,heart,female,all,hospital_registered,hospital_only,not_applicable,observed,quarterly_same_quarter_previous_5yr_mean,,,,count,,,1,insufficient_history,,,,,,,,none,No disclosure restriction identified.,.
bnr_cvd_public_metric_v2,CVD-BURDEN-001,cvd_2024_04,quarterly,2011_q1,2011-01-01,2011,1,1,1,stroke,female,all,hospital_registered,hospital_only,not_applicable,observed,quarterly_same_quarter_previous_5yr_mean,,,,count,,,1,insufficient_history,,,,,,,,none,No disclosure restriction identified.,.
bnr_cvd_public_metric_v2,CVD-BURDEN-001,cvd_2024_04,annual,2011,2011-01-01,2011,,,1,stroke,female,all,hospital_registered,hospital_only,not_applicable,observed,annual_count,201,,,count,201,,,final,,,,,,,,none,No disclosure restriction identified.,201.000
bnr_cvd_public_metric_v2,CVD-BURDEN-001,cvd_2024_04,quarterly,2011_q2,2011-04-01,2011,4,2,1,all_cvd,female,all,hospital_registered,hospital_only,not_applicable,observed,quarterly_count,66,,,count,66,,,final,,,,,,,,none,No disclosure restriction identified.,66.000
bnr_cvd_public_metric_v2,CVD-INCIDENCE-001,cvd_2024_04,annual,2011,2011-01-01,2011,,,1,stroke,female,all,hospital_registered,hospital_only,not_applicable,observed,annual_crude_rate,139.4240607084269,,,rate_per_100000,201,144164.5,,final,cvd_rates_v1_0_7,UN_WPP_2024,BRB,persons,2026-08-26,historical_estimate,WHO_WORLD_2000_2025,none,No disclosure restriction identified.,139.424
bnr_cvd_public_metric_v2,CVD-BURDEN-001,cvd_2024_04,annual,2011,2011-01-01,2011,,,1,heart,female,all,hospital_registered,hospital_only,not_applicable,observed,annual_count,45,,,count,45,,,final,,,,,,,,none,No disclosure restriction identified.,45.000
bnr_cvd_public_metric_v2,CVD-INCIDENCE-001,cvd_2024_04,annual,2011,2011-01-01,2011,,,1,heart,female,age_standardised,hospital_registered,hospital_only,not_applicable,observed,annual_age_standardised_rate,20.7100933438965,,,rate_per_100000,,,,final,cvd_rates_v1_0_7,UN_WPP_2024,BRB,persons,2026-08-26,historical_estimate,WHO_WORLD_2000_2025,none,No disclosure restriction identified.,20.710
bnr_cvd_public_metric_v2,CVD-BURDEN-001,cvd_2024_04,quarterly,2011_q3,2011-07-01,2011,7,3,1,all_cvd,female,all,hospital_registered,hospital_only,not_applicable,observed,quarterly_count,60,,,count,60,,,final,,,,,,,,none,No disclosure restriction identified.,60.000
bnr_cvd_public_metric_v2,CVD-BURDEN-001,cvd_2024_04,quarterly,2011_q2,2011-04-01,2011,4,2,1,heart,female,all,hospital_registered,hospital_only,not_applicable,observed,quarterly_count,13,,,count,13,,,final,,,,,,,,none,No disclosure restriction identified.,13.000
bnr_cvd_public_metric_v2,CVD-BURDEN-001,cvd_2024_04,quarterly,2011_q4,2011-10-01,2011,10,4,1,stroke,female,all,hospital_registered,hospital_only,not_applicable,observed,quarterly_same_quarter_previous_5yr_mean,,,,count,,,1,insufficient_history,,,,,,,,none,No disclosure restriction identified.,.
bnr_cvd_public_metric_v2,CVD-BURDEN-001,cvd_2024_04,quarterly,2011_q4,2011-10-01,2011,10,4,1,stroke,female,all,hospital_registered,hospital_only,not_applicable,observed,quarterly_count,47,,,count,47,,,final,,,,,,,,none,No disclosure restriction identified.,47.000
bnr_cvd_public_metric_v2,CVD-INCIDENCE-001,cvd_2024_04,annual,2011,2011-01-01,2011,,,1,all_cvd,female,all,hospital_registered,hospital_only,not_applicable,observed,annual_crude_rate,170.6384026580746,,,rate_per_100000,246,144164.5,,final,cvd_rates_v1_0_7,UN_WPP_2024,BRB,persons,2026-08-26,historical_estimate,WHO_WORLD_2000_2025,none,No disclosure restriction identified.,170.638
bnr_cvd_public_metric_v2,CVD-INCIDENCE-001,cvd_2024_04,annual,2011,2011-01-01,2011,,,1,stroke,female,age_standardised,hospital_registered,hospital_only,not_applicable,observed,annual_age_standardised_rate,87.23876225500238,,,rate_per_100000,,,,final,cvd_rates_v1_0_7,UN_WPP_2024,BRB,persons,2026-08-26,historical_estimate,WHO_WORLD_2000_2025,none,No disclosure restriction identified.,87.239
bnr_cvd_public_metric_v2,CVD-BURDEN-001,cvd_2024_04,annual,2011,2011-01-01,2011,,,1,all_cvd,female,all,hospital_registered,hospital_only,not_applicable,observed,annual_previous_5yr_mean,,,,count,,,1,insufficient_history,,,,,,,,none,No disclosure restriction identified.,.
bnr_cvd_public_metric_v2,CVD-BURDEN-001,cvd_2024_04,quarterly,2011_q2,2011-04-01,2011,4,2,1,stroke,female,all,hospital_registered,hospital_only,not_applicable,observed,quarterly_same_quarter_previous_5yr_mean,,,,count,,,1,insufficient_history,,,,,,,,none,No disclosure restriction identified.,.
bnr_cvd_public_metric_v2,CVD-BURDEN-001,cvd_2024_04,annual,2011,2011-01-01,2011,,,1,stroke,female,all,hospital_registered,hospital_only,not_applicable,observed,annual_previous_5yr_mean,,,,count,,,1,insufficient_history,,,,,,,,none,No disclosure restriction identified.,.
bnr_cvd_public_metric_v2,CVD-INCIDENCE-001,cvd_2024_04,annual,2011,2011-01-01,2011,,,1,all_cvd,female,age_standardised,hospital_registered,hospital_only,not_applicable,observed,annual_age_standardised_rate,107.9488555988989,,,rate_per_100000,,,,final,cvd_rates_v1_0_7,UN_WPP_2024,BRB,persons,2026-08-26,historical_estimate,WHO_WORLD_2000_2025,none,No disclosure restriction identified.,107.949
bnr_cvd_public_metric_v2,CVD-INCIDENCE-001,cvd_2024_04,annual,2011,2011-01-01,2011,,,1,heart,female,all,hospital_registered,hospital_only,not_applicable,observed,annual_crude_rate,31.2143419496478,,,rate_per_100000,45,144164.5,,final,cvd_rates_v1_0_7,UN_WPP_2024,BRB,persons,2026-08-26,historical_estimate,WHO_WORLD_2000_2025,none,No disclosure restriction identified.,31.214
bnr_cvd_public_metric_v2,CVD-BURDEN-001,cvd_2024_04,annual,2011,2011-01-01,2011,,,1,heart,female,all,hospital_registered,hospital_only,not_applicable,observed,annual_previous_5yr_mean,,,,count,,,1,insufficient_history,,,,,,,,none,No disclosure restriction identified.,.
bnr_cvd_public_metric_v2,CVD-BURDEN-001,cvd_2024_04,quarterly,2011_q3,2011-07-01,2011,7,3,1,stroke,female,all,hospital_registered,hospital_only,not_applicable,observed,quarterly_same_quarter_previous_5yr_mean,,,,count,,,1,insufficient_history,,,,,,,,none,No disclosure restriction identified.,.
bnr_cvd_public_metric_v2,CVD-BURDEN-001,cvd_2024_04,quarterly,2011_q3,2011-07-01,2011,7,3,1,all_cvd,female,all,hospital_registered,hospital_only,not_applicable,observed,quarterly_same_quarter_previous_5yr_mean,,,,count,,,1,insufficient_history,,,,,,,,none,No disclosure restriction identified.,.
bnr_cvd_public_metric_v2,CVD-BURDEN-002,cvd_2024_04,annual,2011,2011-01-01,2011,,,1,stroke,female,all,hospital_registered,hospital_only,not_applicable,observed,sex_distribution,52.2077922077922,,,percent,201,385,,final,,,,,,,,none,No disclosure restriction identified.,52.208
bnr_cvd_public_metric_v2,CVD-BURDEN-001,cvd_2024_04,quarterly,2011_q1,2011-01-01,2011,1,1,1,all_cvd,female,all,hospital_registered,hospital_only,not_applicable,observed,quarterly_count,61,,,count,61,,,final,,,,,,,,none,No disclosure restriction identified.,61.000
bnr_cvd_public_metric_v2,CVD-BURDEN-001,cvd_2024_04,quarterly,2011_q4,2011-10-01,2011,10,4,1,heart,female,all,hospital_registered,hospital_only,not_applicable,observed,quarterly_count,12,,,count,12,,,final,,,,,,,,none,No disclosure restriction identified.,12.000
bnr_cvd_public_metric_v2,CVD-BURDEN-001,cvd_2024_04,quarterly,2011_q1,2011-01-01,2011,1,1,1,heart,female,all,hospital_registered,hospital_only,not_applicable,observed,quarterly_same_quarter_previous_5yr_mean,,,,count,,,1,insufficient_history,,,,,,,,none,No disclosure restriction identified.,.
bnr_cvd_public_metric_v2,CVD-BURDEN-001,cvd_2024_04,quarterly,2011_q3,2011-07-01,2011,7,3,1,stroke,female,all,hospital_registered,hospital_only,not_applicable,observed,quarterly_count,47,,,count,47,,,final,,,,,,,,none,No disclosure restriction identified.,47.000
bnr_cvd_public_metric_v2,CVD-BURDEN-001,cvd_2024_04,quarterly,2011_q2,2011-04-01,2011,4,2,1,stroke,female,all,hospital_registered,hospital_only,not_applicable,observed,quarterly_count,53,,,count,53,,,final,,,,,,,,none,No disclosure restriction identified.,53.000
bnr_cvd_public_metric_v2,CVD-BURDEN-001,cvd_2024_04,quarterly,2011_q1,2011-01-01,2011,1,1,1,heart,female,all,hospital_registered,hospital_only,not_applicable,observed,quarterly_count,7,,,count,7,,,final,,,,,,,,none,No disclosure restriction identified.,7.000
bnr_cvd_public_metric_v2,CVD-BURDEN-001,cvd_2024_04,quarterly,2011_q3,2011-07-01,2011,7,3,1,heart,female,all,hospital_registered,hospital_only,not_applicable,observed,quarterly_count,13,,,count,13,,,final,,,,,,,,none,No disclosure restriction identified.,13.000
bnr_cvd_public_metric_v2,CVD-BURDEN-001,cvd_2024_04,quarterly,2011_q4,2011-10-01,2011,10,4,1,all_cvd,female,all,hospital_registered,hospital_only,not_applicable,observed,quarterly_same_quarter_previous_5yr_mean,,,,count,,,1,insufficient_history,,,,,,,,none,No disclosure restriction identified.,.
bnr_cvd_public_metric_v2,CVD-BURDEN-001,cvd_2024_04,quarterly,2011_q2,2011-04-01,2011,4,2,1,heart,female,all,hospital_registered,hospital_only,not_applicable,observed,quarterly_same_quarter_previous_5yr_mean,,,,count,,,1,insufficient_history,,,,,,,,none,No disclosure restriction identified.,.
bnr_cvd_public_metric_v2,CVD-BURDEN-001,cvd_2024_04,quarterly,2011_q2,2011-04-01,2011,4,2,1,all_cvd,female,all,hospital_registered,hospital_only,not_applicable,observed,quarterly_same_quarter_previous_5yr_mean,,,,count,,,1,insufficient_history,,,,,,,,none,No disclosure restriction identified.,.
bnr_cvd_public_metric_v2,CVD-BURDEN-002,cvd_2024_04,annual,2011,2011-01-01,2011,,,1,all_cvd,female,all,hospital_registered,hospital_only,not_applicable,observed,sex_distribution,48.80952380952381,,,percent,246,504,,final,,,,,,,,none,No disclosure restriction identified.,48.810
bnr_cvd_public_metric_v2,CVD-BURDEN-001,cvd_2024_04,quarterly,2011_q4,2011-10-01,2011,10,4,1,heart,female,all,hospital_registered,hospital_only,not_applicable,observed,quarterly_same_quarter_previous_5yr_mean,,,,count,,,1,insufficient_history,,,,,,,,none,No disclosure restriction identified.,.
bnr_cvd_public_metric_v2,CVD-BURDEN-001,cvd_2024_04,quarterly,2011_q4,2011-10-01,2011,10,4,1,all_cvd,female,all,hospital_registered,hospital_only,not_applicable,observed,quarterly_count,59,,,count,59,,,final,,,,,,,,none,No disclosure restriction identified.,59.000
bnr_cvd_public_metric_v2,CVD-BURDEN-001,cvd_2024_04,quarterly,2011_q1,2011-01-01,2011,1,1,1,stroke,female,all,hospital_registered,hospital_only,not_applicable,observed,quarterly_count,54,,,count,54,,,final,,,,,,,,none,No disclosure restriction identified.,54.000
bnr_cvd_public_metric_v2,CVD-BURDEN-001,cvd_2024_04,annual,2011,2011-01-01,2011,,,1,all_cvd,male,all,hospital_registered,hospital_only,not_applicable,observed,annual_count,258,,,count,258,,,final,,,,,,,,none,No disclosure restriction identified.,258.000
bnr_cvd_public_metric_v2,CVD-BURDEN-001,cvd_2024_04,quarterly,2011_q3,2011-07-01,2011,7,3,1,all_cvd,male,all,hospital_registered,hospital_only,not_applicable,observed,quarterly_count,59,,,count,59,,,final,,,,,,,,none,No disclosure restriction identified.,59.000
bnr_cvd_public_metric_v2,CVD-BURDEN-002,cvd_2024_04,annual,2011,2011-01-01,2011,,,1,all_cvd,male,all,hospital_registered,hospital_only,not_applicable,observed,sex_distribution,51.19047619047619,,,percent,258,504,,final,,,,,,,,none,No disclosure restriction identified.,51.190
bnr_cvd_public_metric_v2,CVD-BURDEN-001,cvd_2024_04,annual,2011,2011-01-01,2011,,,1,stroke,male,all,hospital_registered,hospital_only,not_applicable,observed,annual_count,184,,,count,184,,,final,,,,,,,,none,No disclosure restriction identified.,184.000
bnr_cvd_public_metric_v2,CVD-INCIDENCE-001,cvd_2024_04,annual,2011,2011-01-01,2011,,,1,heart,male,all,hospital_registered,hospital_only,not_applicable,observed,annual_crude_rate,56.07143804295527,,,rate_per_100000,74,131974.5,,final,cvd_rates_v1_0_7,UN_WPP_2024,BRB,persons,2026-08-26,historical_estimate,WHO_WORLD_2000_2025,none,No disclosure restriction identified.,56.071
bnr_cvd_public_metric_v2,CVD-BURDEN-001,cvd_2024_04,quarterly,2011_q2,2011-04-01,2011,4,2,1,stroke,male,all,hospital_registered,hospital_only,not_applicable,observed,quarterly_same_quarter_previous_5yr_mean,,,,count,,,1,insufficient_history,,,,,,,,none,No disclosure restriction identified.,.
bnr_cvd_public_metric_v2,CVD-BURDEN-001,cvd_2024_04,quarterly,2011_q1,2011-01-01,2011,1,1,1,all_cvd,male,all,hospital_registered,hospital_only,not_applicable,observed,quarterly_same_quarter_previous_5yr_mean,,,,count,,,1,insufficient_history,,,,,,,,none,No disclosure restriction identified.,.
bnr_cvd_public_metric_v2,CVD-INCIDENCE-001,cvd_2024_04,annual,2011,2011-01-01,2011,,,1,all_cvd,male,all,hospital_registered,hospital_only,not_applicable,observed,annual_crude_rate,195.4923110146278,,,rate_per_100000,258,131974.5,,final,cvd_rates_v1_0_7,UN_WPP_2024,BRB,persons,2026-08-26,historical_estimate,WHO_WORLD_2000_2025,none,No disclosure restriction identified.,195.492
bnr_cvd_public_metric_v2,CVD-BURDEN-001,cvd_2024_04,quarterly,2011_q1,2011-01-01,2011,1,1,1,stroke,male,all,hospital_registered,hospital_only,not_applicable,observed,quarterly_same_quarter_previous_5yr_mean,,,,count,,,1,insufficient_history,,,,,,,,none,No disclosure restriction identified.,.
bnr_cvd_public_metric_v2,CVD-BURDEN-001,cvd_2024_04,quarterly,2011_q2,2011-04-01,2011,4,2,1,all_cvd,male,all,hospital_registered,hospital_only,not_applicable,observed,quarterly_count,69,,,count,69,,,final,,,,,,,,none,No disclosure restriction identified.,69.000
bnr_cvd_public_metric_v2,CVD-BURDEN-002,cvd_2024_04,annual,2011,2011-01-01,2011,,,1,stroke,male,all,hospital_registered,hospital_only,not_applicable,observed,sex_distribution,47.79220779220779,,,percent,184,385,,final,,,,,,,,none,No disclosure restriction identified.,47.792
bnr_cvd_public_metric_v2,CVD-BURDEN-001,cvd_2024_04,annual,2011,2011-01-01,2011,,,1,heart,male,all,hospital_registered,hospital_only,not_applicable,observed,annual_count,74,,,count,74,,,final,,,,,,,,none,No disclosure restriction identified.,74.000
bnr_cvd_public_metric_v2,CVD-BURDEN-001,cvd_2024_04,quarterly,2011_q4,2011-10-01,2011,10,4,1,stroke,male,all,hospital_registered,hospital_only,not_applicable,observed,quarterly_same_quarter_previous_5yr_mean,,,,count,,,1,insufficient_history,,,,,,,,none,No disclosure restriction identified.,.
bnr_cvd_public_metric_v2,CVD-INCIDENCE-001,cvd_2024_04,annual,2011,2011-01-01,2011,,,1,all_cvd,male,age_standardised,hospital_registered,hospital_only,not_applicable,observed,annual_age_standardised_rate,156.646551317055,,,rate_per_100000,,,,final,cvd_rates_v1_0_7,UN_WPP_2024,BRB,persons,2026-08-26,historical_estimate,WHO_WORLD_2000_2025,none,No disclosure restriction identified.,156.647
bnr_cvd_public_metric_v2,CVD-BURDEN-001,cvd_2024_04,quarterly,2011_q3,2011-07-01,2011,7,3,1,heart,male,all,hospital_registered,hospital_only,not_applicable,observed,quarterly_count,15,,,count,15,,,final,,,,,,,,none,No disclosure restriction identified.,15.000
bnr_cvd_public_metric_v2,CVD-BURDEN-001,cvd_2024_04,quarterly,2011_q1,2011-01-01,2011,1,1,1,heart,male,all,hospital_registered,hospital_only,not_applicable,observed,quarterly_same_quarter_previous_5yr_mean,,,,count,,,1,insufficient_history,,,,,,,,none,No disclosure restriction identified.,.
bnr_cvd_public_metric_v2,CVD-BURDEN-002,cvd_2024_04,annual,2011,2011-01-01,2011,,,1,heart,male,all,hospital_registered,hospital_only,not_applicable,observed,sex_distribution,62.18487394957983,,,percent,74,119,,final,,,,,,,,none,No disclosure restriction identified.,62.185
bnr_cvd_public_metric_v2,CVD-BURDEN-001,cvd_2024_04,quarterly,2011_q2,2011-04-01,2011,4,2,1,heart,male,all,hospital_registered,hospital_only,not_applicable,observed,quarterly_same_quarter_previous_5yr_mean,,,,count,,,1,insufficient_history,,,,,,,,none,No disclosure restriction identified.,.
bnr_cvd_public_metric_v2,CVD-INCIDENCE-001,cvd_2024_04,annual,2011,2011-01-01,2011,,,1,stroke,male,all,hospital_registered,hospital_only,not_applicable,observed,annual_crude_rate,139.4208729716725,,,rate_per_100000,184,131974.5,,final,cvd_rates_v1_0_7,UN_WPP_2024,BRB,persons,2026-08-26,historical_estimate,WHO_WORLD_2000_2025,none,No disclosure restriction identified.,139.421
bnr_cvd_public_metric_v2,CVD-BURDEN-001,cvd_2024_04,quarterly,2011_q4,2011-10-01,2011,10,4,1,all_cvd,male,all,hospital_registered,hospital_only,not_applicable,observed,quarterly_same_quarter_previous_5yr_mean,,,,count,,,1,insufficient_history,,,,,,,,none,No disclosure restriction identified.,.
bnr_cvd_public_metric_v2,CVD-INCIDENCE-001,cvd_2024_04,annual,2011,2011-01-01,2011,,,1,heart,male,age_standardised,hospital_registered,hospital_only,not_applicable,observed,annual_age_standardised_rate,44.29375454776896,,,rate_per_100000,,,,final,cvd_rates_v1_0_7,UN_WPP_2024,BRB,persons,2026-08-26,historical_estimate,WHO_WORLD_2000_2025,none,No disclosure restriction identified.,44.294
bnr_cvd_public_metric_v2,CVD-BURDEN-001,cvd_2024_04,quarterly,2011_q4,2011-10-01,2011,10,4,1,heart,male,all,hospital_registered,hospital_only,not_applicable,observed,quarterly_count,24,,,count,24,,,final,,,,,,,,none,No disclosure restriction identified.,24.000
bnr_cvd_public_metric_v2,CVD-BURDEN-001,cvd_2024_04,quarterly,2011_q1,2011-01-01,2011,1,1,1,stroke,male,all,hospital_registered,hospital_only,not_applicable,observed,quarterly_count,37,,,count,37,,,final,,,,,,,,none,No disclosure restriction identified.,37.000
bnr_cvd_public_metric_v2,CVD-BURDEN-001,cvd_2024_04,quarterly,2011_q2,2011-04-01,2011,4,2,1,stroke,male,all,hospital_registered,hospital_only,not_applicable,observed,quarterly_count,48,,,count,48,,,final,,,,,,,,none,No disclosure restriction identified.,48.000
bnr_cvd_public_metric_v2,CVD-BURDEN-001,cvd_2024_04,quarterly,2011_q3,2011-07-01,2011,7,3,1,heart,male,all,hospital_registered,hospital_only,not_applicable,observed,quarterly_same_quarter_previous_5yr_mean,,,,count,,,1,insufficient_history,,,,,,,,none,No disclosure restriction identified.,.
bnr_cvd_public_metric_v2,CVD-BURDEN-001,cvd_2024_04,annual,2011,2011-01-01,2011,,,1,all_cvd,male,all,hospital_registered,hospital_only,not_applicable,observed,annual_previous_5yr_mean,,,,count,,,1,insufficient_history,,,,,,,,none,No disclosure restriction identified.,.
bnr_cvd_public_metric_v2,CVD-BURDEN-001,cvd_2024_04,quarterly,2011_q4,2011-10-01,2011,10,4,1,heart,male,all,hospital_registered,hospital_only,not_applicable,observed,quarterly_same_quarter_previous_5yr_mean,,,,count,,,1,insufficient_history,,,,,,,,none,No disclosure restriction identified.,.
bnr_cvd_public_metric_v2,CVD-INCIDENCE-001,cvd_2024_04,annual,2011,2011-01-01,2011,,,1,stroke,male,age_standardised,hospital_registered,hospital_only,not_applicable,observed,annual_age_standardised_rate,112.3527967692861,,,rate_per_100000,,,,final,cvd_rates_v1_0_7,UN_WPP_2024,BRB,persons,2026-08-26,historical_estimate,WHO_WORLD_2000_2025,none,No disclosure restriction identified.,112.353
bnr_cvd_public_metric_v2,CVD-BURDEN-001,cvd_2024_04,quarterly,2011_q4,2011-10-01,2011,10,4,1,stroke,male,all,hospital_registered,hospital_only,not_applicable,observed,quarterly_count,55,,,count,55,,,final,,,,,,,,none,No disclosure restriction identified.,55.000
bnr_cvd_public_metric_v2,CVD-BURDEN-001,cvd_2024_04,quarterly,2011_q1,2011-01-01,2011,1,1,1,all_cvd,male,all,hospital_registered,hospital_only,not_applicable,observed,quarterly_count,51,,,count,51,,,final,,,,,,,,none,No disclosure restriction identified.,51.000
bnr_cvd_public_metric_v2,CVD-BURDEN-001,cvd_2024_04,annual,2011,2011-01-01,2011,,,1,stroke,male,all,hospital_registered,hospital_only,not_applicable,observed,annual_previous_5yr_mean,,,,count,,,1,insufficient_history,,,,,,,,none,No disclosure restriction identified.,.
bnr_cvd_public_metric_v2,CVD-BURDEN-001,cvd_2024_04,quarterly,2011_q3,2011-07-01,2011,7,3,1,stroke,male,all,hospital_registered,hospital_only,not_applicable,observed,quarterly_same_quarter_previous_5yr_mean,,,,count,,,1,insufficient_history,,,,,,,,none,No disclosure restriction identified.,.
bnr_cvd_public_metric_v2,CVD-BURDEN-001,cvd_2024_04,quarterly,2011_q3,2011-07-01,2011,7,3,1,all_cvd,male,all,hospital_registered,hospital_only,not_applicable,observed,quarterly_same_quarter_previous_5yr_mean,,,,count,,,1,insufficient_history,,,,,,,,none,No disclosure restriction identified.,.
bnr_cvd_public_metric_v2,CVD-BURDEN-001,cvd_2024_04,quarterly,2011_q4,2011-10-01,2011,10,4,1,all_cvd,male,all,hospital_registered,hospital_only,not_applicable,observed,quarterly_count,79,,,count,79,,,final,,,,,,,,none,No disclosure restriction identified.,79.000
bnr_cvd_public_metric_v2,CVD-BURDEN-001,cvd_2024_04,quarterly,2011_q1,2011-01-01,2011,1,1,1,heart,male,all,hospital_registered,hospital_only,not_applicable,observed,quarterly_count,14,,,count,14,,,final,,,,,,,,none,No disclosure restriction identified.,14.000
bnr_cvd_public_metric_v2,CVD-BURDEN-001,cvd_2024_04,quarterly,2011_q2,2011-04-01,2011,4,2,1,heart,male,all,hospital_registered,hospital_only,not_applicable,observed,quarterly_count,21,,,count,21,,,final,,,,,,,,none,No disclosure restriction identified.,21.000
bnr_cvd_public_metric_v2,CVD-BURDEN-001,cvd_2024_04,quarterly,2011_q2,2011-04-01,2011,4,2,1,all_cvd,male,all,hospital_registered,hospital_only,not_applicable,observed,quarterly_same_quarter_previous_5yr_mean,,,,count,,,1,insufficient_history,,,,,,,,none,No disclosure restriction identified.,.
bnr_cvd_public_metric_v2,CVD-BURDEN-001,cvd_2024_04,quarterly,2011_q3,2011-07-01,2011,7,3,1,stroke,male,all,hospital_registered,hospital_only,not_applicable,observed,quarterly_count,44,,,count,44,,,final,,,,,,,,none,No disclosure restriction identified.,44.000
bnr_cvd_public_metric_v2,CVD-BURDEN-001,cvd_2024_04,annual,2011,2011-01-01,2011,,,1,heart,male,all,hospital_registered,hospital_only,not_applicable,observed,annual_previous_5yr_mean,,,,count,,,1,insufficient_history,,,,,,,,none,No disclosure restriction identified.,.
bnr_cvd_public_metric_v2,CVD-BURDEN-001,cvd_2024_04,quarterly,2012_q4,2012-10-01,2012,10,4,1,stroke,all,all,hospital_registered,hospital_only,not_applicable,observed,quarterly_same_quarter_previous_5yr_mean,,,,count,,,2,insufficient_history,,,,,,,,none,No disclosure restriction identified.,.
bnr_cvd_public_metric_v2,CVD-BURDEN-002,cvd_2024_04,annual,2012,2012-01-01,2012,,,1,all_cvd,all,under_70,hospital_registered,hospital_only,not_applicable,observed,age_distribution,47.94520547945205,,,percent,280,584,,final,,,,,,,,none,No disclosure restriction identified.,47.945
bnr_cvd_public_metric_v2,CVD-BURDEN-001,cvd_2024_04,monthly,2012_m07,2012-07-01,2012,7,,1,all_cvd,all,all,hospital_registered,hospital_only,not_applicable,observed,monthly_count,45,,,count,45,,,final,,,,,,,,none,No disclosure restriction identified.,45.000
bnr_cvd_public_metric_v2,CVD-BURDEN-001,cvd_2024_04,quarterly,2012_q2,2012-04-01,2012,4,2,1,all_cvd,all,all,hospital_registered,hospital_only,not_applicable,observed,quarterly_count,177,,,count,177,,,final,,,,,,,,none,No disclosure restriction identified.,177.000
bnr_cvd_public_metric_v2,CVD-BURDEN-001,cvd_2024_04,monthly,2012_m12,2012-12-01,2012,12,,1,all_cvd,all,all,hospital_registered,hospital_only,not_applicable,observed,monthly_count,51,,,count,51,,,final,,,,,,,,none,No disclosure restriction identified.,51.000
bnr_cvd_public_metric_v2,CVD-INCIDENCE-001,cvd_2024_04,annual,2012,2012-01-01,2012,,,1,heart,all,age_standardised,hospital_registered,hospital_only,not_applicable,observed,annual_age_standardised_rate,46.43226215838328,,,rate_per_100000,,,,final,cvd_rates_v1_0_7,UN_WPP_2024,BRB,persons,2026-08-26,historical_estimate,WHO_WORLD_2000_2025,none,No disclosure restriction identified.,46.432
bnr_cvd_public_metric_v2,CVD-BURDEN-001,cvd_2024_04,quarterly,2012_q3,2012-07-01,2012,7,3,1,all_cvd,all,all,hospital_registered,hospital_only,not_applicable,observed,quarterly_same_quarter_previous_5yr_mean,,,,count,,,2,insufficient_history,,,,,,,,none,No disclosure restriction identified.,.
bnr_cvd_public_metric_v2,CVD-BURDEN-001,cvd_2024_04,quarterly,2012_q3,2012-07-01,2012,7,3,1,heart,all,all,hospital_registered,hospital_only,not_applicable,observed,quarterly_count,43,,,count,43,,,final,,,,,,,,none,No disclosure restriction identified.,43.000
bnr_cvd_public_metric_v2,CVD-BURDEN-002,cvd_2024_04,annual,2012,2012-01-01,2012,,,1,stroke,all,all,hospital_registered,hospital_only,not_applicable,observed,event_type_distribution,67.97945205479452,,,percent,397,584,,final,,,,,,,,none,No disclosure restriction identified.,67.979
bnr_cvd_public_metric_v2,CVD-BURDEN-001,cvd_2024_04,annual,2012,2012-01-01,2012,,,1,all_cvd,all,all,hospital_registered,hospital_only,not_applicable,observed,annual_count,584,,,count,584,,,final,,,,,,,,none,No disclosure restriction identified.,584.000
bnr_cvd_public_metric_v2,CVD-BURDEN-001,cvd_2024_04,quarterly,2012_q1,2012-01-01,2012,1,1,1,all_cvd,all,all,hospital_registered,hospital_only,not_applicable,observed,quarterly_same_quarter_previous_5yr_mean,,,,count,,,2,insufficient_history,,,,,,,,none,No disclosure restriction identified.,.
bnr_cvd_public_metric_v2,CVD-BURDEN-001,cvd_2024_04,monthly,2012_m04,2012-04-01,2012,4,,1,all_cvd,all,all,hospital_registered,hospital_only,not_applicable,observed,monthly_count,53,,,count,53,,,final,,,,,,,,none,No disclosure restriction identified.,53.000
bnr_cvd_public_metric_v2,CVD-INCIDENCE-001,cvd_2024_04,annual,2012,2012-01-01,2012,,,1,all_cvd,all,age_standardised,hospital_registered,hospital_only,not_applicable,observed,annual_age_standardised_rate,144.3731342381005,,,rate_per_100000,,,,final,cvd_rates_v1_0_7,UN_WPP_2024,BRB,persons,2026-08-26,historical_estimate,WHO_WORLD_2000_2025,none,No disclosure restriction identified.,144.373
bnr_cvd_public_metric_v2,CVD-BURDEN-001,cvd_2024_04,quarterly,2012_q4,2012-10-01,2012,10,4,1,heart,all,all,hospital_registered,hospital_only,not_applicable,observed,quarterly_count,48,,,count,48,,,final,,,,,,,,none,No disclosure restriction identified.,48.000
bnr_cvd_public_metric_v2,CVD-BURDEN-001,cvd_2024_04,annual,2012,2012-01-01,2012,,,1,stroke,all,all,hospital_registered,hospital_only,not_applicable,observed,annual_previous_5yr_mean,,,,count,,,2,insufficient_history,,,,,,,,none,No disclosure restriction identified.,.
bnr_cvd_public_metric_v2,CVD-BURDEN-001,cvd_2024_04,annual,2012,2012-01-01,2012,,,1,heart,all,all,hospital_registered,hospital_only,not_applicable,observed,annual_count,187,,,count,187,,,final,,,,,,,,none,No disclosure restriction identified.,187.000
bnr_cvd_public_metric_v2,CVD-BURDEN-001,cvd_2024_04,monthly,2012_m06,2012-06-01,2012,6,,1,all_cvd,all,all,hospital_registered,hospital_only,not_applicable,observed,monthly_count,59,,,count,59,,,final,,,,,,,,none,No disclosure restriction identified.,59.000
bnr_cvd_public_metric_v2,CVD-BURDEN-001,cvd_2024_04,annual,2012,2012-01-01,2012,,,1,heart,all,all,hospital_registered,hospital_only,not_applicable,observed,annual_previous_5yr_mean,,,,count,,,2,insufficient_history,,,,,,,,none,No disclosure restriction identified.,.
bnr_cvd_public_metric_v2,CVD-BURDEN-001,cvd_2024_04,monthly,2012_m09,2012-09-01,2012,9,,1,all_cvd,all,all,hospital_registered,hospital_only,not_applicable,observed,monthly_count,41,,,count,41,,,final,,,,,,,,none,No disclosure restriction identified.,41.000
bnr_cvd_public_metric_v2,CVD-INCIDENCE-001,cvd_2024_04,annual,2012,2012-01-01,2012,,,1,all_cvd,all,all,hospital_registered,hospital_only,not_applicable,observed,annual_crude_rate,210.8779056646355,,,rate_per_100000,584,276937.5,,final,cvd_rates_v1_0_7,UN_WPP_2024,BRB,persons,2026-08-26,historical_estimate,WHO_WORLD_2000_2025,none,No disclosure restriction identified.,210.878
bnr_cvd_public_metric_v2,CVD-BURDEN-001,cvd_2024_04,quarterly,2012_q3,2012-07-01,2012,7,3,1,all_cvd,all,all,hospital_registered,hospital_only,not_applicable,observed,quarterly_count,146,,,count,146,,,final,,,,,,,,none,No disclosure restriction identified.,146.000
bnr_cvd_public_metric_v2,CVD-BURDEN-001,cvd_2024_04,quarterly,2012_q4,2012-10-01,2012,10,4,1,stroke,all,all,hospital_registered,hospital_only,not_applicable,observed,quarterly_count,78,,,count,78,,,final,,,,,,,,none,No disclosure restriction identified.,78.000
bnr_cvd_public_metric_v2,CVD-BURDEN-001,cvd_2024_04,monthly,2012_m10,2012-10-01,2012,10,,1,all_cvd,all,all,hospital_registered,hospital_only,not_applicable,observed,monthly_count,40,,,count,40,,,final,,,,,,,,none,No disclosure restriction identified.,40.000
bnr_cvd_public_metric_v2,CVD-INCIDENCE-001,cvd_2024_04,annual,2012,2012-01-01,2012,,,1,stroke,all,age_standardised,hospital_registered,hospital_only,not_applicable,observed,annual_age_standardised_rate,97.94087207971724,,,rate_per_100000,,,,final,cvd_rates_v1_0_7,UN_WPP_2024,BRB,persons,2026-08-26,historical_estimate,WHO_WORLD_2000_2025,none,No disclosure restriction identified.,97.941
bnr_cvd_public_metric_v2,CVD-BURDEN-001,cvd_2024_04,quarterly,2012_q1,2012-01-01,2012,1,1,1,heart,all,all,hospital_registered,hospital_only,not_applicable,observed,quarterly_count,49,,,count,49,,,final,,,,,,,,none,No disclosure restriction identified.,49.000
bnr_cvd_public_metric_v2,CVD-BURDEN-001,cvd_2024_04,quarterly,2012_q2,2012-04-01,2012,4,2,1,stroke,all,all,hospital_registered,hospital_only,not_applicable,observed,quarterly_count,130,,,count,130,,,final,,,,,,,,none,No disclosure restriction identified.,130.000
bnr_cvd_public_metric_v2,CVD-BURDEN-001,cvd_2024_04,quarterly,2012_q1,2012-01-01,2012,1,1,1,all_cvd,all,all,hospital_registered,hospital_only,not_applicable,observed,quarterly_count,135,,,count,135,,,final,,,,,,,,none,No disclosure restriction identified.,135.000
bnr_cvd_public_metric_v2,CVD-BURDEN-001,cvd_2024_04,quarterly,2012_q1,2012-01-01,2012,1,1,1,stroke,all,all,hospital_registered,hospital_only,not_applicable,observed,quarterly_same_quarter_previous_5yr_mean,,,,count,,,2,insufficient_history,,,,,,,,none,No disclosure restriction identified.,.
bnr_cvd_public_metric_v2,CVD-BURDEN-001,cvd_2024_04,monthly,2012_m08,2012-08-01,2012,8,,1,all_cvd,all,all,hospital_registered,hospital_only,not_applicable,observed,monthly_count,60,,,count,60,,,final,,,,,,,,none,No disclosure restriction identified.,60.000
bnr_cvd_public_metric_v2,CVD-BURDEN-001,cvd_2024_04,quarterly,2012_q2,2012-04-01,2012,4,2,1,heart,all,all,hospital_registered,hospital_only,not_applicable,observed,quarterly_same_quarter_previous_5yr_mean,,,,count,,,2,insufficient_history,,,,,,,,none,No disclosure restriction identified.,.
bnr_cvd_public_metric_v2,CVD-BURDEN-001,cvd_2024_04,monthly,2012_m05,2012-05-01,2012,5,,1,all_cvd,all,all,hospital_registered,hospital_only,not_applicable,observed,monthly_count,65,,,count,65,,,final,,,,,,,,none,No disclosure restriction identified.,65.000
bnr_cvd_public_metric_v2,CVD-INCIDENCE-001,cvd_2024_04,annual,2012,2012-01-01,2012,,,1,heart,all,all,hospital_registered,hospital_only,not_applicable,observed,annual_crude_rate,67.5242608891898,,,rate_per_100000,187,276937.5,,final,cvd_rates_v1_0_7,UN_WPP_2024,BRB,persons,2026-08-26,historical_estimate,WHO_WORLD_2000_2025,none,No disclosure restriction identified.,67.524
bnr_cvd_public_metric_v2,CVD-BURDEN-001,cvd_2024_04,quarterly,2012_q4,2012-10-01,2012,10,4,1,all_cvd,all,all,hospital_registered,hospital_only,not_applicable,observed,quarterly_count,126,,,count,126,,,final,,,,,,,,none,No disclosure restriction identified.,126.000
bnr_cvd_public_metric_v2,CVD-BURDEN-001,cvd_2024_04,quarterly,2012_q4,2012-10-01,2012,10,4,1,heart,all,all,hospital_registered,hospital_only,not_applicable,observed,quarterly_same_quarter_previous_5yr_mean,,,,count,,,2,insufficient_history,,,,,,,,none,No disclosure restriction identified.,.
bnr_cvd_public_metric_v2,CVD-BURDEN-002,cvd_2024_04,annual,2012,2012-01-01,2012,,,1,heart,all,all,hospital_registered,hospital_only,not_applicable,observed,event_type_distribution,32.02054794520548,,,percent,187,584,,final,,,,,,,,none,No disclosure restriction identified.,32.021
bnr_cvd_public_metric_v2,CVD-BURDEN-001,cvd_2024_04,annual,2012,2012-01-01,2012,,,1,all_cvd,all,all,hospital_registered,hospital_only,not_applicable,observed,annual_previous_5yr_mean,,,,count,,,2,insufficient_history,,,,,,,,none,No disclosure restriction identified.,.
bnr_cvd_public_metric_v2,CVD-BURDEN-001,cvd_2024_04,quarterly,2012_q3,2012-07-01,2012,7,3,1,heart,all,all,hospital_registered,hospital_only,not_applicable,observed,quarterly_same_quarter_previous_5yr_mean,,,,count,,,2,insufficient_history,,,,,,,,none,No disclosure restriction identified.,.
bnr_cvd_public_metric_v2,CVD-BURDEN-002,cvd_2024_04,annual,2012,2012-01-01,2012,,,1,all_cvd,all,age_70_plus,hospital_registered,hospital_only,not_applicable,observed,age_distribution,52.05479452054794,,,percent,304,584,,final,,,,,,,,none,No disclosure restriction identified.,52.055
bnr_cvd_public_metric_v2,CVD-BURDEN-001,cvd_2024_04,annual,2012,2012-01-01,2012,,,1,all_cvd,all,under_70,hospital_registered,hospital_only,not_applicable,observed,annual_count,280,,,count,280,,,final,,,,,,,,none,No disclosure restriction identified.,280.000
bnr_cvd_public_metric_v2,CVD-BURDEN-001,cvd_2024_04,annual,2012,2012-01-01,2012,,,1,stroke,all,all,hospital_registered,hospital_only,not_applicable,observed,annual_count,397,,,count,397,,,final,,,,,,,,none,No disclosure restriction identified.,397.000
bnr_cvd_public_metric_v2,CVD-BURDEN-001,cvd_2024_04,quarterly,2012_q4,2012-10-01,2012,10,4,1,all_cvd,all,all,hospital_registered,hospital_only,not_applicable,observed,quarterly_same_quarter_previous_5yr_mean,,,,count,,,2,insufficient_history,,,,,,,,none,No disclosure restriction identified.,.
bnr_cvd_public_metric_v2,CVD-BURDEN-001,cvd_2024_04,quarterly,2012_q1,2012-01-01,2012,1,1,1,stroke,all,all,hospital_registered,hospital_only,not_applicable,observed,quarterly_count,86,,,count,86,,,final,,,,,,,,none,No disclosure restriction identified.,86.000
bnr_cvd_public_metric_v2,CVD-BURDEN-001,cvd_2024_04,quarterly,2012_q3,2012-07-01,2012,7,3,1,stroke,all,all,hospital_registered,hospital_only,not_applicable,observed,quarterly_same_quarter_previous_5yr_mean,,,,count,,,2,insufficient_history,,,,,,,,none,No disclosure restriction identified.,.
bnr_cvd_public_metric_v2,CVD-INCIDENCE-001,cvd_2024_04,annual,2012,2012-01-01,2012,,,1,stroke,all,all,hospital_registered,hospital_only,not_applicable,observed,annual_crude_rate,143.3536447754457,,,rate_per_100000,397,276937.5,,final,cvd_rates_v1_0_7,UN_WPP_2024,BRB,persons,2026-08-26,historical_estimate,WHO_WORLD_2000_2025,none,No disclosure restriction identified.,143.354
bnr_cvd_public_metric_v2,CVD-BURDEN-001,cvd_2024_04,quarterly,2012_q2,2012-04-01,2012,4,2,1,stroke,all,all,hospital_registered,hospital_only,not_applicable,observed,quarterly_same_quarter_previous_5yr_mean,,,,count,,,2,insufficient_history,,,,,,,,none,No disclosure restriction identified.,.
bnr_cvd_public_metric_v2,CVD-BURDEN-001,cvd_2024_04,monthly,2012_m03,2012-03-01,2012,3,,1,all_cvd,all,all,hospital_registered,hospital_only,not_applicable,observed,monthly_count,42,,,count,42,,,final,,,,,,,,none,No disclosure restriction identified.,42.000
bnr_cvd_public_metric_v2,CVD-BURDEN-001,cvd_2024_04,annual,2012,2012-01-01,2012,,,1,all_cvd,all,age_70_plus,hospital_registered,hospital_only,not_applicable,observed,annual_count,304,,,count,304,,,final,,,,,,,,none,No disclosure restriction identified.,304.000
bnr_cvd_public_metric_v2,CVD-BURDEN-001,cvd_2024_04,monthly,2012_m01,2012-01-01,2012,1,,1,all_cvd,all,all,hospital_registered,hospital_only,not_applicable,observed,monthly_count,50,,,count,50,,,final,,,,,,,,none,No disclosure restriction identified.,50.000
bnr_cvd_public_metric_v2,CVD-BURDEN-001,cvd_2024_04,annual,2012,2012-01-01,2012,,,1,all_cvd,all,under_70,hospital_registered,hospital_only,not_applicable,observed,annual_previous_5yr_mean,,,,count,,,2,insufficient_history,,,,,,,,none,No disclosure restriction identified.,.
bnr_cvd_public_metric_v2,CVD-BURDEN-001,cvd_2024_04,quarterly,2012_q3,2012-07-01,2012,7,3,1,stroke,all,all,hospital_registered,hospital_only,not_applicable,observed,quarterly_count,103,,,count,103,,,final,,,,,,,,none,No disclosure restriction identified.,103.000
bnr_cvd_public_metric_v2,CVD-BURDEN-001,cvd_2024_04,monthly,2012_m02,2012-02-01,2012,2,,1,all_cvd,all,all,hospital_registered,hospital_only,not_applicable,observed,monthly_count,43,,,count,43,,,final,,,,,,,,none,No disclosure restriction identified.,43.000
bnr_cvd_public_metric_v2,CVD-BURDEN-001,cvd_2024_04,monthly,2012_m11,2012-11-01,2012,11,,1,all_cvd,all,all,hospital_registered,hospital_only,not_applicable,observed,monthly_count,35,,,count,35,,,final,,,,,,,,none,No disclosure restriction identified.,35.000
bnr_cvd_public_metric_v2,CVD-BURDEN-001,cvd_2024_04,annual,2012,2012-01-01,2012,,,1,all_cvd,all,age_70_plus,hospital_registered,hospital_only,not_applicable,observed,annual_previous_5yr_mean,,,,count,,,2,insufficient_history,,,,,,,,none,No disclosure restriction identified.,.
bnr_cvd_public_metric_v2,CVD-BURDEN-001,cvd_2024_04,quarterly,2012_q1,2012-01-01,2012,1,1,1,heart,all,all,hospital_registered,hospital_only,not_applicable,observed,quarterly_same_quarter_previous_5yr_mean,,,,count,,,2,insufficient_history,,,,,,,,none,No disclosure restriction identified.,.
bnr_cvd_public_metric_v2,CVD-BURDEN-001,cvd_2024_04,quarterly,2012_q2,2012-04-01,2012,4,2,1,all_cvd,all,all,hospital_registered,hospital_only,not_applicable,observed,quarterly_same_quarter_previous_5yr_mean,,,,count,,,2,insufficient_history,,,,,,,,none,No disclosure restriction identified.,.
bnr_cvd_public_metric_v2,CVD-BURDEN-001,cvd_2024_04,quarterly,2012_q2,2012-04-01,2012,4,2,1,heart,all,all,hospital_registered,hospital_only,not_applicable,observed,quarterly_count,47,,,count,47,,,final,,,,,,,,none,No disclosure restriction identified.,47.000
bnr_cvd_public_metric_v2,CVD-BURDEN-001,cvd_2024_04,quarterly,2012_q1,2012-01-01,2012,1,1,1,stroke,female,all,hospital_registered,hospital_only,not_applicable,observed,quarterly_count,42,,,count,42,,,final,,,,,,,,none,No disclosure restriction identified.,42.000
bnr_cvd_public_metric_v2,CVD-BURDEN-001,cvd_2024_04,quarterly,2012_q2,2012-04-01,2012,4,2,1,stroke,female,all,hospital_registered,hospital_only,not_applicable,observed,quarterly_same_quarter_previous_5yr_mean,,,,count,,,2,insufficient_history,,,,,,,,none,No disclosure restriction identified.,.
bnr_cvd_public_metric_v2,CVD-BURDEN-001,cvd_2024_04,quarterly,2012_q4,2012-10-01,2012,10,4,1,all_cvd,female,all,hospital_registered,hospital_only,not_applicable,observed,quarterly_count,73,,,count,73,,,final,,,,,,,,none,No disclosure restriction identified.,73.000
bnr_cvd_public_metric_v2,CVD-BURDEN-001,cvd_2024_04,quarterly,2012_q4,2012-10-01,2012,10,4,1,all_cvd,female,all,hospital_registered,hospital_only,not_applicable,observed,quarterly_same_quarter_previous_5yr_mean,,,,count,,,2,insufficient_history,,,,,,,,none,No disclosure restriction identified.,.
bnr_cvd_public_metric_v2,CVD-BURDEN-001,cvd_2024_04,quarterly,2012_q4,2012-10-01,2012,10,4,1,heart,female,all,hospital_registered,hospital_only,not_applicable,observed,quarterly_count,31,,,count,31,,,final,,,,,,,,none,No disclosure restriction identified.,31.000
bnr_cvd_public_metric_v2,CVD-BURDEN-001,cvd_2024_04,quarterly,2012_q1,2012-01-01,2012,1,1,1,all_cvd,female,all,hospital_registered,hospital_only,not_applicable,observed,quarterly_same_quarter_previous_5yr_mean,,,,count,,,2,insufficient_history,,,,,,,,none,No disclosure restriction identified.,.
bnr_cvd_public_metric_v2,CVD-BURDEN-001,cvd_2024_04,quarterly,2012_q2,2012-04-01,2012,4,2,1,stroke,female,all,hospital_registered,hospital_only,not_applicable,observed,quarterly_count,68,,,count,68,,,final,,,,,,,,none,No disclosure restriction identified.,68.000
bnr_cvd_public_metric_v2,CVD-BURDEN-002,cvd_2024_04,annual,2012,2012-01-01,2012,,,1,heart,female,all,hospital_registered,hospital_only,not_applicable,observed,sex_distribution,51.33689839572193,,,percent,96,187,,final,,,,,,,,none,No disclosure restriction identified.,51.337
bnr_cvd_public_metric_v2,CVD-BURDEN-001,cvd_2024_04,annual,2012,2012-01-01,2012,,,1,heart,female,all,hospital_registered,hospital_only,not_applicable,observed,annual_previous_5yr_mean,,,,count,,,2,insufficient_history,,,,,,,,none,No disclosure restriction identified.,.
bnr_cvd_public_metric_v2,CVD-BURDEN-001,cvd_2024_04,quarterly,2012_q4,2012-10-01,2012,10,4,1,heart,female,all,hospital_registered,hospital_only,not_applicable,observed,quarterly_same_quarter_previous_5yr_mean,,,,count,,,2,insufficient_history,,,,,,,,none,No disclosure restriction identified.,.
bnr_cvd_public_metric_v2,CVD-BURDEN-001,cvd_2024_04,annual,2012,2012-01-01,2012,,,1,heart,female,all,hospital_registered,hospital_only,not_applicable,observed,annual_count,96,,,count,96,,,final,,,,,,,,none,No disclosure restriction identified.,96.000
bnr_cvd_public_metric_v2,CVD-BURDEN-001,cvd_2024_04,quarterly,2012_q2,2012-04-01,2012,4,2,1,heart,female,all,hospital_registered,hospital_only,not_applicable,observed,quarterly_count,24,,,count,24,,,final,,,,,,,,none,No disclosure restriction identified.,24.000
bnr_cvd_public_metric_v2,CVD-BURDEN-001,cvd_2024_04,quarterly,2012_q3,2012-07-01,2012,7,3,1,heart,female,all,hospital_registered,hospital_only,not_applicable,observed,quarterly_same_quarter_previous_5yr_mean,,,,count,,,2,insufficient_history,,,,,,,,none,No disclosure restriction identified.,.
bnr_cvd_public_metric_v2,CVD-BURDEN-001,cvd_2024_04,quarterly,2012_q1,2012-01-01,2012,1,1,1,heart,female,all,hospital_registered,hospital_only,not_applicable,observed,quarterly_same_quarter_previous_5yr_mean,,,,count,,,2,insufficient_history,,,,,,,,none,No disclosure restriction identified.,.
bnr_cvd_public_metric_v2,CVD-BURDEN-001,cvd_2024_04,quarterly,2012_q2,2012-04-01,2012,4,2,1,heart,female,all,hospital_registered,hospital_only,not_applicable,observed,quarterly_same_quarter_previous_5yr_mean,,,,count,,,2,insufficient_history,,,,,,,,none,No disclosure restriction identified.,.
bnr_cvd_public_metric_v2,CVD-INCIDENCE-001,cvd_2024_04,annual,2012,2012-01-01,2012,,,1,all_cvd,female,age_standardised,hospital_registered,hospital_only,not_applicable,observed,annual_age_standardised_rate,125.1019538262854,,,rate_per_100000,,,,final,cvd_rates_v1_0_7,UN_WPP_2024,BRB,persons,2026-08-26,historical_estimate,WHO_WORLD_2000_2025,none,No disclosure restriction identified.,125.102
bnr_cvd_public_metric_v2,CVD-BURDEN-001,cvd_2024_04,quarterly,2012_q1,2012-01-01,2012,1,1,1,heart,female,all,hospital_registered,hospital_only,not_applicable,observed,quarterly_count,18,,,count,18,,,final,,,,,,,,none,No disclosure restriction identified.,18.000
bnr_cvd_public_metric_v2,CVD-BURDEN-001,cvd_2024_04,quarterly,2012_q4,2012-10-01,2012,10,4,1,stroke,female,all,hospital_registered,hospital_only,not_applicable,observed,quarterly_same_quarter_previous_5yr_mean,,,,count,,,2,insufficient_history,,,,,,,,none,No disclosure restriction identified.,.
bnr_cvd_public_metric_v2,CVD-BURDEN-001,cvd_2024_04,quarterly,2012_q3,2012-07-01,2012,7,3,1,all_cvd,female,all,hospital_registered,hospital_only,not_applicable,observed,quarterly_count,73,,,count,73,,,final,,,,,,,,none,No disclosure restriction identified.,73.000
bnr_cvd_public_metric_v2,CVD-BURDEN-001,cvd_2024_04,annual,2012,2012-01-01,2012,,,1,stroke,female,all,hospital_registered,hospital_only,not_applicable,observed,annual_previous_5yr_mean,,,,count,,,2,insufficient_history,,,,,,,,none,No disclosure restriction identified.,.
bnr_cvd_public_metric_v2,CVD-BURDEN-001,cvd_2024_04,quarterly,2012_q1,2012-01-01,2012,1,1,1,all_cvd,female,all,hospital_registered,hospital_only,not_applicable,observed,quarterly_count,60,,,count,60,,,final,,,,,,,,none,No disclosure restriction identified.,60.000
bnr_cvd_public_metric_v2,CVD-BURDEN-001,cvd_2024_04,quarterly,2012_q1,2012-01-01,2012,1,1,1,stroke,female,all,hospital_registered,hospital_only,not_applicable,observed,quarterly_same_quarter_previous_5yr_mean,,,,count,,,2,insufficient_history,,,,,,,,none,No disclosure restriction identified.,.
bnr_cvd_public_metric_v2,CVD-BURDEN-001,cvd_2024_04,annual,2012,2012-01-01,2012,,,1,all_cvd,female,all,hospital_registered,hospital_only,not_applicable,observed,annual_count,298,,,count,298,,,final,,,,,,,,none,No disclosure restriction identified.,298.000
bnr_cvd_public_metric_v2,CVD-INCIDENCE-001,cvd_2024_04,annual,2012,2012-01-01,2012,,,1,heart,female,all,hospital_registered,hospital_only,not_applicable,observed,annual_crude_rate,66.42794125278945,,,rate_per_100000,96,144517.5,,final,cvd_rates_v1_0_7,UN_WPP_2024,BRB,persons,2026-08-26,historical_estimate,WHO_WORLD_2000_2025,none,No disclosure restriction identified.,66.428
bnr_cvd_public_metric_v2,CVD-BURDEN-001,cvd_2024_04,quarterly,2012_q4,2012-10-01,2012,10,4,1,stroke,female,all,hospital_registered,hospital_only,not_applicable,observed,quarterly_count,42,,,count,42,,,final,,,,,,,,none,No disclosure restriction identified.,42.000
bnr_cvd_public_metric_v2,CVD-INCIDENCE-001,cvd_2024_04,annual,2012,2012-01-01,2012,,,1,heart,female,age_standardised,hospital_registered,hospital_only,not_applicable,observed,annual_age_standardised_rate,40.77430984614932,,,rate_per_100000,,,,final,cvd_rates_v1_0_7,UN_WPP_2024,BRB,persons,2026-08-26,historical_estimate,WHO_WORLD_2000_2025,none,No disclosure restriction identified.,40.774
bnr_cvd_public_metric_v2,CVD-BURDEN-001,cvd_2024_04,annual,2012,2012-01-01,2012,,,1,all_cvd,female,all,hospital_registered,hospital_only,not_applicable,observed,annual_previous_5yr_mean,,,,count,,,2,insufficient_history,,,,,,,,none,No disclosure restriction identified.,.
bnr_cvd_public_metric_v2,CVD-BURDEN-001,cvd_2024_04,quarterly,2012_q3,2012-07-01,2012,7,3,1,all_cvd,female,all,hospital_registered,hospital_only,not_applicable,observed,quarterly_same_quarter_previous_5yr_mean,,,,count,,,2,insufficient_history,,,,,,,,none,No disclosure restriction identified.,.
bnr_cvd_public_metric_v2,CVD-BURDEN-001,cvd_2024_04,quarterly,2012_q3,2012-07-01,2012,7,3,1,heart,female,all,hospital_registered,hospital_only,not_applicable,observed,quarterly_count,23,,,count,23,,,final,,,,,,,,none,No disclosure restriction identified.,23.000
bnr_cvd_public_metric_v2,CVD-BURDEN-001,cvd_2024_04,quarterly,2012_q3,2012-07-01,2012,7,3,1,stroke,female,all,hospital_registered,hospital_only,not_applicable,observed,quarterly_same_quarter_previous_5yr_mean,,,,count,,,2,insufficient_history,,,,,,,,none,No disclosure restriction identified.,.
bnr_cvd_public_metric_v2,CVD-INCIDENCE-001,cvd_2024_04,annual,2012,2012-01-01,2012,,,1,stroke,female,all,hospital_registered,hospital_only,not_applicable,observed,annual_crude_rate,139.7754597194111,,,rate_per_100000,202,144517.5,,final,cvd_rates_v1_0_7,UN_WPP_2024,BRB,persons,2026-08-26,historical_estimate,WHO_WORLD_2000_2025,none,No disclosure restriction identified.,139.775
bnr_cvd_public_metric_v2,CVD-BURDEN-001,cvd_2024_04,quarterly,2012_q2,2012-04-01,2012,4,2,1,all_cvd,female,all,hospital_registered,hospital_only,not_applicable,observed,quarterly_count,92,,,count,92,,,final,,,,,,,,none,No disclosure restriction identified.,92.000
bnr_cvd_public_metric_v2,CVD-INCIDENCE-001,cvd_2024_04,annual,2012,2012-01-01,2012,,,1,stroke,female,age_standardised,hospital_registered,hospital_only,not_applicable,observed,annual_age_standardised_rate,84.3276439801361,,,rate_per_100000,,,,final,cvd_rates_v1_0_7,UN_WPP_2024,BRB,persons,2026-08-26,historical_estimate,WHO_WORLD_2000_2025,none,No disclosure restriction identified.,84.328
bnr_cvd_public_metric_v2,CVD-BURDEN-002,cvd_2024_04,annual,2012,2012-01-01,2012,,,1,all_cvd,female,all,hospital_registered,hospital_only,not_applicable,observed,sex_distribution,51.02739726027398,,,percent,298,584,,final,,,,,,,,none,No disclosure restriction identified.,51.027
bnr_cvd_public_metric_v2,CVD-INCIDENCE-001,cvd_2024_04,annual,2012,2012-01-01,2012,,,1,all_cvd,female,all,hospital_registered,hospital_only,not_applicable,observed,annual_crude_rate,206.2034009722006,,,rate_per_100000,298,144517.5,,final,cvd_rates_v1_0_7,UN_WPP_2024,BRB,persons,2026-08-26,historical_estimate,WHO_WORLD_2000_2025,none,No disclosure restriction identified.,206.203
bnr_cvd_public_metric_v2,CVD-BURDEN-001,cvd_2024_04,quarterly,2012_q3,2012-07-01,2012,7,3,1,stroke,female,all,hospital_registered,hospital_only,not_applicable,observed,quarterly_count,50,,,count,50,,,final,,,,,,,,none,No disclosure restriction identified.,50.000
bnr_cvd_public_metric_v2,CVD-BURDEN-001,cvd_2024_04,annual,2012,2012-01-01,2012,,,1,stroke,female,all,hospital_registered,hospital_only,not_applicable,observed,annual_count,202,,,count,202,,,final,,,,,,,,none,No disclosure restriction identified.,202.000
bnr_cvd_public_metric_v2,CVD-BURDEN-001,cvd_2024_04,quarterly,2012_q2,2012-04-01,2012,4,2,1,all_cvd,female,all,hospital_registered,hospital_only,not_applicable,observed,quarterly_same_quarter_previous_5yr_mean,,,,count,,,2,insufficient_history,,,,,,,,none,No disclosure restriction identified.,.
bnr_cvd_public_metric_v2,CVD-BURDEN-002,cvd_2024_04,annual,2012,2012-01-01,2012,,,1,stroke,female,all,hospital_registered,hospital_only,not_applicable,observed,sex_distribution,50.88161209068011,,,percent,202,397,,final,,,,,,,,none,No disclosure restriction identified.,50.882
bnr_cvd_public_metric_v2,CVD-BURDEN-001,cvd_2024_04,annual,2012,2012-01-01,2012,,,1,stroke,male,all,hospital_registered,hospital_only,not_applicable,observed,annual_previous_5yr_mean,,,,count,,,2,insufficient_history,,,,,,,,none,No disclosure restriction identified.,.
bnr_cvd_public_metric_v2,CVD-BURDEN-001,cvd_2024_04,quarterly,2012_q2,2012-04-01,2012,4,2,1,all_cvd,male,all,hospital_registered,hospital_only,not_applicable,observed,quarterly_same_quarter_previous_5yr_mean,,,,count,,,2,insufficient_history,,,,,,,,none,No disclosure restriction identified.,.
bnr_cvd_public_metric_v2,CVD-BURDEN-001,cvd_2024_04,quarterly,2012_q3,2012-07-01,2012,7,3,1,heart,male,all,hospital_registered,hospital_only,not_applicable,observed,quarterly_count,20,,,count,20,,,final,,,,,,,,none,No disclosure restriction identified.,20.000
bnr_cvd_public_metric_v2,CVD-BURDEN-001,cvd_2024_04,quarterly,2012_q1,2012-01-01,2012,1,1,1,heart,male,all,hospital_registered,hospital_only,not_applicable,observed,quarterly_count,31,,,count,31,,,final,,,,,,,,none,No disclosure restriction identified.,31.000
bnr_cvd_public_metric_v2,CVD-BURDEN-002,cvd_2024_04,annual,2012,2012-01-01,2012,,,1,all_cvd,male,all,hospital_registered,hospital_only,not_applicable,observed,sex_distribution,48.97260273972603,,,percent,286,584,,final,,,,,,,,none,No disclosure restriction identified.,48.973
bnr_cvd_public_metric_v2,CVD-BURDEN-001,cvd_2024_04,quarterly,2012_q3,2012-07-01,2012,7,3,1,stroke,male,all,hospital_registered,hospital_only,not_applicable,observed,quarterly_count,53,,,count,53,,,final,,,,,,,,none,No disclosure restriction identified.,53.000
bnr_cvd_public_metric_v2,CVD-INCIDENCE-001,cvd_2024_04,annual,2012,2012-01-01,2012,,,1,stroke,male,all,hospital_registered,hospital_only,not_applicable,observed,annual_crude_rate,147.2587222473947,,,rate_per_100000,195,132420,,final,cvd_rates_v1_0_7,UN_WPP_2024,BRB,persons,2026-08-26,historical_estimate,WHO_WORLD_2000_2025,none,No disclosure restriction identified.,147.259
bnr_cvd_public_metric_v2,CVD-BURDEN-001,cvd_2024_04,annual,2012,2012-01-01,2012,,,1,all_cvd,male,all,hospital_registered,hospital_only,not_applicable,observed,annual_count,286,,,count,286,,,final,,,,,,,,none,No disclosure restriction identified.,286.000
bnr_cvd_public_metric_v2,CVD-INCIDENCE-001,cvd_2024_04,annual,2012,2012-01-01,2012,,,1,all_cvd,male,age_standardised,hospital_registered,hospital_only,not_applicable,observed,annual_age_standardised_rate,168.7530229410136,,,rate_per_100000,,,,final,cvd_rates_v1_0_7,UN_WPP_2024,BRB,persons,2026-08-26,historical_estimate,WHO_WORLD_2000_2025,none,No disclosure restriction identified.,168.753
bnr_cvd_public_metric_v2,CVD-BURDEN-001,cvd_2024_04,quarterly,2012_q2,2012-04-01,2012,4,2,1,heart,male,all,hospital_registered,hospital_only,not_applicable,observed,quarterly_count,23,,,count,23,,,final,,,,,,,,none,No disclosure restriction identified.,23.000
bnr_cvd_public_metric_v2,CVD-BURDEN-001,cvd_2024_04,quarterly,2012_q2,2012-04-01,2012,4,2,1,heart,male,all,hospital_registered,hospital_only,not_applicable,observed,quarterly_same_quarter_previous_5yr_mean,,,,count,,,2,insufficient_history,,,,,,,,none,No disclosure restriction identified.,.
bnr_cvd_public_metric_v2,CVD-BURDEN-001,cvd_2024_04,quarterly,2012_q3,2012-07-01,2012,7,3,1,heart,male,all,hospital_registered,hospital_only,not_applicable,observed,quarterly_same_quarter_previous_5yr_mean,,,,count,,,2,insufficient_history,,,,,,,,none,No disclosure restriction identified.,.
bnr_cvd_public_metric_v2,CVD-BURDEN-002,cvd_2024_04,annual,2012,2012-01-01,2012,,,1,stroke,male,all,hospital_registered,hospital_only,not_applicable,observed,sex_distribution,49.1183879093199,,,percent,195,397,,final,,,,,,,,none,No disclosure restriction identified.,49.118
bnr_cvd_public_metric_v2,CVD-BURDEN-001,cvd_2024_04,annual,2012,2012-01-01,2012,,,1,stroke,male,all,hospital_registered,hospital_only,not_applicable,observed,annual_count,195,,,count,195,,,final,,,,,,,,none,No disclosure restriction identified.,195.000
bnr_cvd_public_metric_v2,CVD-BURDEN-001,cvd_2024_04,quarterly,2012_q3,2012-07-01,2012,7,3,1,all_cvd,male,all,hospital_registered,hospital_only,not_applicable,observed,quarterly_count,73,,,count,73,,,final,,,,,,,,none,No disclosure restriction identified.,73.000
bnr_cvd_public_metric_v2,CVD-BURDEN-001,cvd_2024_04,quarterly,2012_q4,2012-10-01,2012,10,4,1,stroke,male,all,hospital_registered,hospital_only,not_applicable,observed,quarterly_count,36,,,count,36,,,final,,,,,,,,none,No disclosure restriction identified.,36.000
bnr_cvd_public_metric_v2,CVD-BURDEN-001,cvd_2024_04,quarterly,2012_q1,2012-01-01,2012,1,1,1,heart,male,all,hospital_registered,hospital_only,not_applicable,observed,quarterly_same_quarter_previous_5yr_mean,,,,count,,,2,insufficient_history,,,,,,,,none,No disclosure restriction identified.,.
bnr_cvd_public_metric_v2,CVD-BURDEN-001,cvd_2024_04,quarterly,2012_q4,2012-10-01,2012,10,4,1,all_cvd,male,all,hospital_registered,hospital_only,not_applicable,observed,quarterly_count,53,,,count,53,,,final,,,,,,,,none,No disclosure restriction identified.,53.000
bnr_cvd_public_metric_v2,CVD-INCIDENCE-001,cvd_2024_04,annual,2012,2012-01-01,2012,,,1,all_cvd,male,all,hospital_registered,hospital_only,not_applicable,observed,annual_crude_rate,215.9794592961788,,,rate_per_100000,286,132420,,final,cvd_rates_v1_0_7,UN_WPP_2024,BRB,persons,2026-08-26,historical_estimate,WHO_WORLD_2000_2025,none,No disclosure restriction identified.,215.979
bnr_cvd_public_metric_v2,CVD-BURDEN-001,cvd_2024_04,quarterly,2012_q4,2012-10-01,2012,10,4,1,all_cvd,male,all,hospital_registered,hospital_only,not_applicable,observed,quarterly_same_quarter_previous_5yr_mean,,,,count,,,2,insufficient_history,,,,,,,,none,No disclosure restriction identified.,.
bnr_cvd_public_metric_v2,CVD-BURDEN-001,cvd_2024_04,quarterly,2012_q4,2012-10-01,2012,10,4,1,heart,male,all,hospital_registered,hospital_only,not_applicable,observed,quarterly_count,17,,,count,17,,,final,,,,,,,,none,No disclosure restriction identified.,17.000
bnr_cvd_public_metric_v2,CVD-BURDEN-002,cvd_2024_04,annual,2012,2012-01-01,2012,,,1,heart,male,all,hospital_registered,hospital_only,not_applicable,observed,sex_distribution,48.66310160427808,,,percent,91,187,,final,,,,,,,,none,No disclosure restriction identified.,48.663
bnr_cvd_public_metric_v2,CVD-BURDEN-001,cvd_2024_04,annual,2012,2012-01-01,2012,,,1,heart,male,all,hospital_registered,hospital_only,not_applicable,observed,annual_previous_5yr_mean,,,,count,,,2,insufficient_history,,,,,,,,none,No disclosure restriction identified.,.
bnr_cvd_public_metric_v2,CVD-BURDEN-001,cvd_2024_04,quarterly,2012_q4,2012-10-01,2012,10,4,1,heart,male,all,hospital_registered,hospital_only,not_applicable,observed,quarterly_same_quarter_previous_5yr_mean,,,,count,,,2,insufficient_history,,,,,,,,none,No disclosure restriction identified.,.
bnr_cvd_public_metric_v2,CVD-INCIDENCE-001,cvd_2024_04,annual,2012,2012-01-01,2012,,,1,heart,male,age_standardised,hospital_registered,hospital_only,not_applicable,observed,annual_age_standardised_rate,53.61841418705716,,,rate_per_100000,,,,final,cvd_rates_v1_0_7,UN_WPP_2024,BRB,persons,2026-08-26,historical_estimate,WHO_WORLD_2000_2025,none,No disclosure restriction identified.,53.618
bnr_cvd_public_metric_v2,CVD-BURDEN-001,cvd_2024_04,quarterly,2012_q1,2012-01-01,2012,1,1,1,stroke,male,all,hospital_registered,hospital_only,not_applicable,observed,quarterly_same_quarter_previous_5yr_mean,,,,count,,,2,insufficient_history,,,,,,,,none,No disclosure restriction identified.,.
bnr_cvd_public_metric_v2,CVD-BURDEN-001,cvd_2024_04,quarterly,2012_q2,2012-04-01,2012,4,2,1,stroke,male,all,hospital_registered,hospital_only,not_applicable,observed,quarterly_same_quarter_previous_5yr_mean,,,,count,,,2,insufficient_history,,,,,,,,none,No disclosure restriction identified.,.
bnr_cvd_public_metric_v2,CVD-BURDEN-001,cvd_2024_04,quarterly,2012_q1,2012-01-01,2012,1,1,1,stroke,male,all,hospital_registered,hospital_only,not_applicable,observed,quarterly_count,44,,,count,44,,,final,,,,,,,,none,No disclosure restriction identified.,44.000
bnr_cvd_public_metric_v2,CVD-BURDEN-001,cvd_2024_04,annual,2012,2012-01-01,2012,,,1,all_cvd,male,all,hospital_registered,hospital_only,not_applicable,observed,annual_previous_5yr_mean,,,,count,,,2,insufficient_history,,,,,,,,none,No disclosure restriction identified.,.
bnr_cvd_public_metric_v2,CVD-BURDEN-001,cvd_2024_04,quarterly,2012_q3,2012-07-01,2012,7,3,1,all_cvd,male,all,hospital_registered,hospital_only,not_applicable,observed,quarterly_same_quarter_previous_5yr_mean,,,,count,,,2,insufficient_history,,,,,,,,none,No disclosure restriction identified.,.
bnr_cvd_public_metric_v2,CVD-INCIDENCE-001,cvd_2024_04,annual,2012,2012-01-01,2012,,,1,heart,male,all,hospital_registered,hospital_only,not_applicable,observed,annual_crude_rate,68.72073704878417,,,rate_per_100000,91,132420,,final,cvd_rates_v1_0_7,UN_WPP_2024,BRB,persons,2026-08-26,historical_estimate,WHO_WORLD_2000_2025,none,No disclosure restriction identified.,68.721
bnr_cvd_public_metric_v2,CVD-BURDEN-001,cvd_2024_04,quarterly,2012_q1,2012-01-01,2012,1,1,1,all_cvd,male,all,hospital_registered,hospital_only,not_applicable,observed,quarterly_count,75,,,count,75,,,final,,,,,,,,none,No disclosure restriction identified.,75.000
bnr_cvd_public_metric_v2,CVD-BURDEN-001,cvd_2024_04,quarterly,2012_q2,2012-04-01,2012,4,2,1,all_cvd,male,all,hospital_registered,hospital_only,not_applicable,observed,quarterly_count,85,,,count,85,,,final,,,,,,,,none,No disclosure restriction identified.,85.000
bnr_cvd_public_metric_v2,CVD-INCIDENCE-001,cvd_2024_04,annual,2012,2012-01-01,2012,,,1,stroke,male,age_standardised,hospital_registered,hospital_only,not_applicable,observed,annual_age_standardised_rate,115.1346087539564,,,rate_per_100000,,,,final,cvd_rates_v1_0_7,UN_WPP_2024,BRB,persons,2026-08-26,historical_estimate,WHO_WORLD_2000_2025,none,No disclosure restriction identified.,115.135
bnr_cvd_public_metric_v2,CVD-BURDEN-001,cvd_2024_04,quarterly,2012_q2,2012-04-01,2012,4,2,1,stroke,male,all,hospital_registered,hospital_only,not_applicable,observed,quarterly_count,62,,,count,62,,,final,,,,,,,,none,No disclosure restriction identified.,62.000
bnr_cvd_public_metric_v2,CVD-BURDEN-001,cvd_2024_04,annual,2012,2012-01-01,2012,,,1,heart,male,all,hospital_registered,hospital_only,not_applicable,observed,annual_count,91,,,count,91,,,final,,,,,,,,none,No disclosure restriction identified.,91.000
bnr_cvd_public_metric_v2,CVD-BURDEN-001,cvd_2024_04,quarterly,2012_q3,2012-07-01,2012,7,3,1,stroke,male,all,hospital_registered,hospital_only,not_applicable,observed,quarterly_same_quarter_previous_5yr_mean,,,,count,,,2,insufficient_history,,,,,,,,none,No disclosure restriction identified.,.
bnr_cvd_public_metric_v2,CVD-BURDEN-001,cvd_2024_04,quarterly,2012_q4,2012-10-01,2012,10,4,1,stroke,male,all,hospital_registered,hospital_only,not_applicable,observed,quarterly_same_quarter_previous_5yr_mean,,,,count,,,2,insufficient_history,,,,,,,,none,No disclosure restriction identified.,.
bnr_cvd_public_metric_v2,CVD-BURDEN-001,cvd_2024_04,quarterly,2012_q1,2012-01-01,2012,1,1,1,all_cvd,male,all,hospital_registered,hospital_only,not_applicable,observed,quarterly_same_quarter_previous_5yr_mean,,,,count,,,2,insufficient_history,,,,,,,,none,No disclosure restriction identified.,.
bnr_cvd_public_metric_v2,CVD-BURDEN-002,cvd_2024_04,annual,2013,2013-01-01,2013,,,1,all_cvd,all,under_70,hospital_registered,hospital_only,not_applicable,observed,age_distribution,49.92826398852224,,,percent,348,697,,final,,,,,,,,none,No disclosure restriction identified.,49.928
bnr_cvd_public_metric_v2,CVD-BURDEN-001,cvd_2024_04,annual,2013,2013-01-01,2013,,,1,all_cvd,all,all,hospital_registered,hospital_only,not_applicable,observed,annual_previous_5yr_mean,,,,count,,,3,insufficient_history,,,,,,,,none,No disclosure restriction identified.,.
bnr_cvd_public_metric_v2,CVD-BURDEN-001,cvd_2024_04,quarterly,2013_q2,2013-04-01,2013,4,2,1,all_cvd,all,all,hospital_registered,hospital_only,not_applicable,observed,quarterly_count,152,,,count,152,,,final,,,,,,,,none,No disclosure restriction identified.,152.000
bnr_cvd_public_metric_v2,CVD-BURDEN-001,cvd_2024_04,quarterly,2013_q4,2013-10-01,2013,10,4,1,heart,all,all,hospital_registered,hospital_only,not_applicable,observed,quarterly_count,34,,,count,34,,,final,,,,,,,,none,No disclosure restriction identified.,34.000
bnr_cvd_public_metric_v2,CVD-BURDEN-001,cvd_2024_04,quarterly,2013_q4,2013-10-01,2013,10,4,1,heart,all,all,hospital_registered,hospital_only,not_applicable,observed,quarterly_same_quarter_previous_5yr_mean,,,,count,,,3,insufficient_history,,,,,,,,none,No disclosure restriction identified.,.
bnr_cvd_public_metric_v2,CVD-BURDEN-001,cvd_2024_04,annual,2013,2013-01-01,2013,,,1,all_cvd,all,under_70,hospital_registered,hospital_only,not_applicable,observed,annual_previous_5yr_mean,,,,count,,,3,insufficient_history,,,,,,,,none,No disclosure restriction identified.,.
bnr_cvd_public_metric_v2,CVD-BURDEN-001,cvd_2024_04,monthly,2013_m11,2013-11-01,2013,11,,1,all_cvd,all,all,hospital_registered,hospital_only,not_applicable,observed,monthly_count,55,,,count,55,,,final,,,,,,,,none,No disclosure restriction identified.,55.000
bnr_cvd_public_metric_v2,CVD-INCIDENCE-001,cvd_2024_04,annual,2013,2013-01-01,2013,,,1,all_cvd,all,age_standardised,hospital_registered,hospital_only,not_applicable,observed,annual_age_standardised_rate,172.0988657994063,,,rate_per_100000,,,,final,cvd_rates_v1_0_7,UN_WPP_2024,BRB,persons,2026-08-26,historical_estimate,WHO_WORLD_2000_2025,none,No disclosure restriction identified.,172.099
bnr_cvd_public_metric_v2,CVD-BURDEN-001,cvd_2024_04,quarterly,2013_q1,2013-01-01,2013,1,1,1,all_cvd,all,all,hospital_registered,hospital_only,not_applicable,observed,quarterly_count,200,,,count,200,,,final,,,,,,,,none,No disclosure restriction identified.,200.000
bnr_cvd_public_metric_v2,CVD-BURDEN-001,cvd_2024_04,quarterly,2013_q2,2013-04-01,2013,4,2,1,heart,all,all,hospital_registered,hospital_only,not_applicable,observed,quarterly_same_quarter_previous_5yr_mean,,,,count,,,3,insufficient_history,,,,,,,,none,No disclosure restriction identified.,.
bnr_cvd_public_metric_v2,CVD-INCIDENCE-001,cvd_2024_04,annual,2013,2013-01-01,2013,,,1,heart,all,age_standardised,hospital_registered,hospital_only,not_applicable,observed,annual_age_standardised_rate,38.48739354638426,,,rate_per_100000,,,,final,cvd_rates_v1_0_7,UN_WPP_2024,BRB,persons,2026-08-26,historical_estimate,WHO_WORLD_2000_2025,none,No disclosure restriction identified.,38.487
bnr_cvd_public_metric_v2,CVD-BURDEN-001,cvd_2024_04,monthly,2013_m10,2013-10-01,2013,10,,1,all_cvd,all,all,hospital_registered,hospital_only,not_applicable,observed,monthly_count,61,,,count,61,,,final,,,,,,,,none,No disclosure restriction identified.,61.000
bnr_cvd_public_metric_v2,CVD-INCIDENCE-001,cvd_2024_04,annual,2013,2013-01-01,2013,,,1,heart,all,all,hospital_registered,hospital_only,not_applicable,observed,annual_crude_rate,55.10237156285452,,,rate_per_100000,153,277665,,final,cvd_rates_v1_0_7,UN_WPP_2024,BRB,persons,2026-08-26,historical_estimate,WHO_WORLD_2000_2025,none,No disclosure restriction identified.,55.102
bnr_cvd_public_metric_v2,CVD-INCIDENCE-001,cvd_2024_04,annual,2013,2013-01-01,2013,,,1,all_cvd,all,all,hospital_registered,hospital_only,not_applicable,observed,annual_crude_rate,251.0219148974483,,,rate_per_100000,697,277665,,final,cvd_rates_v1_0_7,UN_WPP_2024,BRB,persons,2026-08-26,historical_estimate,WHO_WORLD_2000_2025,none,No disclosure restriction identified.,251.022
bnr_cvd_public_metric_v2,CVD-BURDEN-001,cvd_2024_04,quarterly,2013_q4,2013-10-01,2013,10,4,1,stroke,all,all,hospital_registered,hospital_only,not_applicable,observed,quarterly_same_quarter_previous_5yr_mean,,,,count,,,3,insufficient_history,,,,,,,,none,No disclosure restriction identified.,.
bnr_cvd_public_metric_v2,CVD-BURDEN-001,cvd_2024_04,quarterly,2013_q1,2013-01-01,2013,1,1,1,stroke,all,all,hospital_registered,hospital_only,not_applicable,observed,quarterly_count,157,,,count,157,,,final,,,,,,,,none,No disclosure restriction identified.,157.000
bnr_cvd_public_metric_v2,CVD-BURDEN-002,cvd_2024_04,annual,2013,2013-01-01,2013,,,1,stroke,all,all,hospital_registered,hospital_only,not_applicable,observed,event_type_distribution,78.04878048780488,,,percent,544,697,,final,,,,,,,,none,No disclosure restriction identified.,78.049
bnr_cvd_public_metric_v2,CVD-BURDEN-001,cvd_2024_04,quarterly,2013_q2,2013-04-01,2013,4,2,1,all_cvd,all,all,hospital_registered,hospital_only,not_applicable,observed,quarterly_same_quarter_previous_5yr_mean,,,,count,,,3,insufficient_history,,,,,,,,none,No disclosure restriction identified.,.
bnr_cvd_public_metric_v2,CVD-BURDEN-001,cvd_2024_04,annual,2013,2013-01-01,2013,,,1,heart,all,all,hospital_registered,hospital_only,not_applicable,observed,annual_previous_5yr_mean,,,,count,,,3,insufficient_history,,,,,,,,none,No disclosure restriction identified.,.
bnr_cvd_public_metric_v2,CVD-BURDEN-001,cvd_2024_04,annual,2013,2013-01-01,2013,,,1,all_cvd,all,age_70_plus,hospital_registered,hospital_only,not_applicable,observed,annual_count,349,,,count,349,,,final,,,,,,,,none,No disclosure restriction identified.,349.000
bnr_cvd_public_metric_v2,CVD-BURDEN-001,cvd_2024_04,quarterly,2013_q4,2013-10-01,2013,10,4,1,all_cvd,all,all,hospital_registered,hospital_only,not_applicable,observed,quarterly_count,175,,,count,175,,,final,,,,,,,,none,No disclosure restriction identified.,175.000
bnr_cvd_public_metric_v2,CVD-BURDEN-001,cvd_2024_04,quarterly,2013_q3,2013-07-01,2013,7,3,1,all_cvd,all,all,hospital_registered,hospital_only,not_applicable,observed,quarterly_same_quarter_previous_5yr_mean,,,,count,,,3,insufficient_history,,,,,,,,none,No disclosure restriction identified.,.
bnr_cvd_public_metric_v2,CVD-BURDEN-001,cvd_2024_04,monthly,2013_m07,2013-07-01,2013,7,,1,all_cvd,all,all,hospital_registered,hospital_only,not_applicable,observed,monthly_count,68,,,count,68,,,final,,,,,,,,none,No disclosure restriction identified.,68.000
bnr_cvd_public_metric_v2,CVD-BURDEN-001,cvd_2024_04,monthly,2013_m06,2013-06-01,2013,6,,1,all_cvd,all,all,hospital_registered,hospital_only,not_applicable,observed,monthly_count,65,,,count,65,,,final,,,,,,,,none,No disclosure restriction identified.,65.000
bnr_cvd_public_metric_v2,CVD-BURDEN-001,cvd_2024_04,annual,2013,2013-01-01,2013,,,1,all_cvd,all,under_70,hospital_registered,hospital_only,not_applicable,observed,annual_count,348,,,count,348,,,final,,,,,,,,none,No disclosure restriction identified.,348.000
bnr_cvd_public_metric_v2,CVD-INCIDENCE-001,cvd_2024_04,annual,2013,2013-01-01,2013,,,1,stroke,all,all,hospital_registered,hospital_only,not_applicable,observed,annual_crude_rate,195.9195433345938,,,rate_per_100000,544,277665,,final,cvd_rates_v1_0_7,UN_WPP_2024,BRB,persons,2026-08-26,historical_estimate,WHO_WORLD_2000_2025,none,No disclosure restriction identified.,195.920
bnr_cvd_public_metric_v2,CVD-BURDEN-001,cvd_2024_04,annual,2013,2013-01-01,2013,,,1,stroke,all,all,hospital_registered,hospital_only,not_applicable,observed,annual_count,544,,,count,544,,,final,,,,,,,,none,No disclosure restriction identified.,544.000
bnr_cvd_public_metric_v2,CVD-BURDEN-001,cvd_2024_04,quarterly,2013_q2,2013-04-01,2013,4,2,1,stroke,all,all,hospital_registered,hospital_only,not_applicable,observed,quarterly_same_quarter_previous_5yr_mean,,,,count,,,3,insufficient_history,,,,,,,,none,No disclosure restriction identified.,.
bnr_cvd_public_metric_v2,CVD-BURDEN-002,cvd_2024_04,annual,2013,2013-01-01,2013,,,1,heart,all,all,hospital_registered,hospital_only,not_applicable,observed,event_type_distribution,21.95121951219512,,,percent,153,697,,final,,,,,,,,none,No disclosure restriction identified.,21.951
bnr_cvd_public_metric_v2,CVD-BURDEN-001,cvd_2024_04,quarterly,2013_q3,2013-07-01,2013,7,3,1,stroke,all,all,hospital_registered,hospital_only,not_applicable,observed,quarterly_count,131,,,count,131,,,final,,,,,,,,none,No disclosure restriction identified.,131.000
bnr_cvd_public_metric_v2,CVD-BURDEN-001,cvd_2024_04,monthly,2013_m01,2013-01-01,2013,1,,1,all_cvd,all,all,hospital_registered,hospital_only,not_applicable,observed,monthly_count,79,,,count,79,,,final,,,,,,,,none,No disclosure restriction identified.,79.000
bnr_cvd_public_metric_v2,CVD-BURDEN-001,cvd_2024_04,monthly,2013_m02,2013-02-01,2013,2,,1,all_cvd,all,all,hospital_registered,hospital_only,not_applicable,observed,monthly_count,62,,,count,62,,,final,,,,,,,,none,No disclosure restriction identified.,62.000
bnr_cvd_public_metric_v2,CVD-BURDEN-001,cvd_2024_04,quarterly,2013_q1,2013-01-01,2013,1,1,1,heart,all,all,hospital_registered,hospital_only,not_applicable,observed,quarterly_same_quarter_previous_5yr_mean,,,,count,,,3,insufficient_history,,,,,,,,none,No disclosure restriction identified.,.
bnr_cvd_public_metric_v2,CVD-BURDEN-001,cvd_2024_04,quarterly,2013_q3,2013-07-01,2013,7,3,1,stroke,all,all,hospital_registered,hospital_only,not_applicable,observed,quarterly_same_quarter_previous_5yr_mean,,,,count,,,3,insufficient_history,,,,,,,,none,No disclosure restriction identified.,.
bnr_cvd_public_metric_v2,CVD-BURDEN-001,cvd_2024_04,quarterly,2013_q4,2013-10-01,2013,10,4,1,all_cvd,all,all,hospital_registered,hospital_only,not_applicable,observed,quarterly_same_quarter_previous_5yr_mean,,,,count,,,3,insufficient_history,,,,,,,,none,No disclosure restriction identified.,.
bnr_cvd_public_metric_v2,CVD-BURDEN-001,cvd_2024_04,quarterly,2013_q1,2013-01-01,2013,1,1,1,stroke,all,all,hospital_registered,hospital_only,not_applicable,observed,quarterly_same_quarter_previous_5yr_mean,,,,count,,,3,insufficient_history,,,,,,,,none,No disclosure restriction identified.,.
bnr_cvd_public_metric_v2,CVD-BURDEN-001,cvd_2024_04,quarterly,2013_q2,2013-04-01,2013,4,2,1,stroke,all,all,hospital_registered,hospital_only,not_applicable,observed,quarterly_count,115,,,count,115,,,final,,,,,,,,none,No disclosure restriction identified.,115.000
bnr_cvd_public_metric_v2,CVD-BURDEN-001,cvd_2024_04,quarterly,2013_q1,2013-01-01,2013,1,1,1,heart,all,all,hospital_registered,hospital_only,not_applicable,observed,quarterly_count,43,,,count,43,,,final,,,,,,,,none,No disclosure restriction identified.,43.000
bnr_cvd_public_metric_v2,CVD-BURDEN-001,cvd_2024_04,quarterly,2013_q4,2013-10-01,2013,10,4,1,stroke,all,all,hospital_registered,hospital_only,not_applicable,observed,quarterly_count,141,,,count,141,,,final,,,,,,,,none,No disclosure restriction identified.,141.000
bnr_cvd_public_metric_v2,CVD-BURDEN-002,cvd_2024_04,annual,2013,2013-01-01,2013,,,1,all_cvd,all,age_70_plus,hospital_registered,hospital_only,not_applicable,observed,age_distribution,50.07173601147776,,,percent,349,697,,final,,,,,,,,none,No disclosure restriction identified.,50.072
bnr_cvd_public_metric_v2,CVD-INCIDENCE-001,cvd_2024_04,annual,2013,2013-01-01,2013,,,1,stroke,all,age_standardised,hospital_registered,hospital_only,not_applicable,observed,annual_age_standardised_rate,133.611472253022,,,rate_per_100000,,,,final,cvd_rates_v1_0_7,UN_WPP_2024,BRB,persons,2026-08-26,historical_estimate,WHO_WORLD_2000_2025,none,No disclosure restriction identified.,133.611
bnr_cvd_public_metric_v2,CVD-BURDEN-001,cvd_2024_04,monthly,2013_m03,2013-03-01,2013,3,,1,all_cvd,all,all,hospital_registered,hospital_only,not_applicable,observed,monthly_count,59,,,count,59,,,final,,,,,,,,none,No disclosure restriction identified.,59.000
bnr_cvd_public_metric_v2,CVD-BURDEN-001,cvd_2024_04,quarterly,2013_q3,2013-07-01,2013,7,3,1,heart,all,all,hospital_registered,hospital_only,not_applicable,observed,quarterly_count,39,,,count,39,,,final,,,,,,,,none,No disclosure restriction identified.,39.000
bnr_cvd_public_metric_v2,CVD-BURDEN-001,cvd_2024_04,quarterly,2013_q3,2013-07-01,2013,7,3,1,heart,all,all,hospital_registered,hospital_only,not_applicable,observed,quarterly_same_quarter_previous_5yr_mean,,,,count,,,3,insufficient_history,,,,,,,,none,No disclosure restriction identified.,.
bnr_cvd_public_metric_v2,CVD-BURDEN-001,cvd_2024_04,monthly,2013_m04,2013-04-01,2013,4,,1,all_cvd,all,all,hospital_registered,hospital_only,not_applicable,observed,monthly_count,42,,,count,42,,,final,,,,,,,,none,No disclosure restriction identified.,42.000
bnr_cvd_public_metric_v2,CVD-BURDEN-001,cvd_2024_04,annual,2013,2013-01-01,2013,,,1,all_cvd,all,all,hospital_registered,hospital_only,not_applicable,observed,annual_count,697,,,count,697,,,final,,,,,,,,none,No disclosure restriction identified.,697.000
bnr_cvd_public_metric_v2,CVD-BURDEN-001,cvd_2024_04,monthly,2013_m12,2013-12-01,2013,12,,1,all_cvd,all,all,hospital_registered,hospital_only,not_applicable,observed,monthly_count,59,,,count,59,,,final,,,,,,,,none,No disclosure restriction identified.,59.000
bnr_cvd_public_metric_v2,CVD-BURDEN-001,cvd_2024_04,annual,2013,2013-01-01,2013,,,1,stroke,all,all,hospital_registered,hospital_only,not_applicable,observed,annual_previous_5yr_mean,,,,count,,,3,insufficient_history,,,,,,,,none,No disclosure restriction identified.,.
bnr_cvd_public_metric_v2,CVD-BURDEN-001,cvd_2024_04,monthly,2013_m08,2013-08-01,2013,8,,1,all_cvd,all,all,hospital_registered,hospital_only,not_applicable,observed,monthly_count,52,,,count,52,,,final,,,,,,,,none,No disclosure restriction identified.,52.000
bnr_cvd_public_metric_v2,CVD-BURDEN-001,cvd_2024_04,quarterly,2013_q3,2013-07-01,2013,7,3,1,all_cvd,all,all,hospital_registered,hospital_only,not_applicable,observed,quarterly_count,170,,,count,170,,,final,,,,,,,,none,No disclosure restriction identified.,170.000
bnr_cvd_public_metric_v2,CVD-BURDEN-001,cvd_2024_04,monthly,2013_m09,2013-09-01,2013,9,,1,all_cvd,all,all,hospital_registered,hospital_only,not_applicable,observed,monthly_count,50,,,count,50,,,final,,,,,,,,none,No disclosure restriction identified.,50.000
bnr_cvd_public_metric_v2,CVD-BURDEN-001,cvd_2024_04,annual,2013,2013-01-01,2013,,,1,all_cvd,all,age_70_plus,hospital_registered,hospital_only,not_applicable,observed,annual_previous_5yr_mean,,,,count,,,3,insufficient_history,,,,,,,,none,No disclosure restriction identified.,.
bnr_cvd_public_metric_v2,CVD-BURDEN-001,cvd_2024_04,monthly,2013_m05,2013-05-01,2013,5,,1,all_cvd,all,all,hospital_registered,hospital_only,not_applicable,observed,monthly_count,45,,,count,45,,,final,,,,,,,,none,No disclosure restriction identified.,45.000
bnr_cvd_public_metric_v2,CVD-BURDEN-001,cvd_2024_04,quarterly,2013_q2,2013-04-01,2013,4,2,1,heart,all,all,hospital_registered,hospital_only,not_applicable,observed,quarterly_count,37,,,count,37,,,final,,,,,,,,none,No disclosure restriction identified.,37.000
bnr_cvd_public_metric_v2,CVD-BURDEN-001,cvd_2024_04,annual,2013,2013-01-01,2013,,,1,heart,all,all,hospital_registered,hospital_only,not_applicable,observed,annual_count,153,,,count,153,,,final,,,,,,,,none,No disclosure restriction identified.,153.000
bnr_cvd_public_metric_v2,CVD-BURDEN-001,cvd_2024_04,quarterly,2013_q1,2013-01-01,2013,1,1,1,all_cvd,all,all,hospital_registered,hospital_only,not_applicable,observed,quarterly_same_quarter_previous_5yr_mean,,,,count,,,3,insufficient_history,,,,,,,,none,No disclosure restriction identified.,.
bnr_cvd_public_metric_v2,CVD-INCIDENCE-001,cvd_2024_04,annual,2013,2013-01-01,2013,,,1,all_cvd,female,all,hospital_registered,hospital_only,not_applicable,observed,annual_crude_rate,236.1209878418404,,,rate_per_100000,342,144841,,final,cvd_rates_v1_0_7,UN_WPP_2024,BRB,persons,2026-08-26,historical_estimate,WHO_WORLD_2000_2025,none,No disclosure restriction identified.,236.121
bnr_cvd_public_metric_v2,CVD-BURDEN-001,cvd_2024_04,quarterly,2013_q1,2013-01-01,2013,1,1,1,stroke,female,all,hospital_registered,hospital_only,not_applicable,observed,quarterly_count,84,,,count,84,,,final,,,,,,,,none,No disclosure restriction identified.,84.000
bnr_cvd_public_metric_v2,CVD-BURDEN-001,cvd_2024_04,annual,2013,2013-01-01,2013,,,1,all_cvd,female,all,hospital_registered,hospital_only,not_applicable,observed,annual_count,342,,,count,342,,,final,,,,,,,,none,No disclosure restriction identified.,342.000
bnr_cvd_public_metric_v2,CVD-BURDEN-001,cvd_2024_04,annual,2013,2013-01-01,2013,,,1,stroke,female,all,hospital_registered,hospital_only,not_applicable,observed,annual_previous_5yr_mean,,,,count,,,3,insufficient_history,,,,,,,,none,No disclosure restriction identified.,.
bnr_cvd_public_metric_v2,CVD-BURDEN-001,cvd_2024_04,quarterly,2013_q1,2013-01-01,2013,1,1,1,all_cvd,female,all,hospital_registered,hospital_only,not_applicable,observed,quarterly_same_quarter_previous_5yr_mean,,,,count,,,3,insufficient_history,,,,,,,,none,No disclosure restriction identified.,.
bnr_cvd_public_metric_v2,CVD-BURDEN-001,cvd_2024_04,quarterly,2013_q3,2013-07-01,2013,7,3,1,stroke,female,all,hospital_registered,hospital_only,not_applicable,observed,quarterly_count,77,,,count,77,,,final,,,,,,,,none,No disclosure restriction identified.,77.000
bnr_cvd_public_metric_v2,CVD-BURDEN-002,cvd_2024_04,annual,2013,2013-01-01,2013,,,1,heart,female,all,hospital_registered,hospital_only,not_applicable,observed,sex_distribution,41.83006535947712,,,percent,64,153,,final,,,,,,,,none,No disclosure restriction identified.,41.830
bnr_cvd_public_metric_v2,CVD-INCIDENCE-001,cvd_2024_04,annual,2013,2013-01-01,2013,,,1,heart,female,age_standardised,hospital_registered,hospital_only,not_applicable,observed,annual_age_standardised_rate,27.97092685481491,,,rate_per_100000,,,,final,cvd_rates_v1_0_7,UN_WPP_2024,BRB,persons,2026-08-26,historical_estimate,WHO_WORLD_2000_2025,none,No disclosure restriction identified.,27.971
bnr_cvd_public_metric_v2,CVD-BURDEN-002,cvd_2024_04,annual,2013,2013-01-01,2013,,,1,stroke,female,all,hospital_registered,hospital_only,not_applicable,observed,sex_distribution,51.10294117647059,,,percent,278,544,,final,,,,,,,,none,No disclosure restriction identified.,51.103
bnr_cvd_public_metric_v2,CVD-BURDEN-001,cvd_2024_04,quarterly,2013_q4,2013-10-01,2013,10,4,1,all_cvd,female,all,hospital_registered,hospital_only,not_applicable,observed,quarterly_same_quarter_previous_5yr_mean,,,,count,,,3,insufficient_history,,,,,,,,none,No disclosure restriction identified.,.
bnr_cvd_public_metric_v2,CVD-BURDEN-001,cvd_2024_04,quarterly,2013_q4,2013-10-01,2013,10,4,1,all_cvd,female,all,hospital_registered,hospital_only,not_applicable,observed,quarterly_count,78,,,count,78,,,final,,,,,,,,none,No disclosure restriction identified.,78.000
bnr_cvd_public_metric_v2,CVD-BURDEN-001,cvd_2024_04,quarterly,2013_q3,2013-07-01,2013,7,3,1,all_cvd,female,all,hospital_registered,hospital_only,not_applicable,observed,quarterly_same_quarter_previous_5yr_mean,,,,count,,,3,insufficient_history,,,,,,,,none,No disclosure restriction identified.,.
bnr_cvd_public_metric_v2,CVD-BURDEN-001,cvd_2024_04,quarterly,2013_q2,2013-04-01,2013,4,2,1,stroke,female,all,hospital_registered,hospital_only,not_applicable,observed,quarterly_count,53,,,count,53,,,final,,,,,,,,none,No disclosure restriction identified.,53.000
bnr_cvd_public_metric_v2,CVD-INCIDENCE-001,cvd_2024_04,annual,2013,2013-01-01,2013,,,1,stroke,female,age_standardised,hospital_registered,hospital_only,not_applicable,observed,annual_age_standardised_rate,116.5408713225077,,,rate_per_100000,,,,final,cvd_rates_v1_0_7,UN_WPP_2024,BRB,persons,2026-08-26,historical_estimate,WHO_WORLD_2000_2025,none,No disclosure restriction identified.,116.541
bnr_cvd_public_metric_v2,CVD-BURDEN-001,cvd_2024_04,quarterly,2013_q2,2013-04-01,2013,4,2,1,heart,female,all,hospital_registered,hospital_only,not_applicable,observed,quarterly_count,16,,,count,16,,,final,,,,,,,,none,No disclosure restriction identified.,16.000
bnr_cvd_public_metric_v2,CVD-BURDEN-001,cvd_2024_04,annual,2013,2013-01-01,2013,,,1,heart,female,all,hospital_registered,hospital_only,not_applicable,observed,annual_previous_5yr_mean,,,,count,,,3,insufficient_history,,,,,,,,none,No disclosure restriction identified.,.
bnr_cvd_public_metric_v2,CVD-BURDEN-001,cvd_2024_04,quarterly,2013_q1,2013-01-01,2013,1,1,1,stroke,female,all,hospital_registered,hospital_only,not_applicable,observed,quarterly_same_quarter_previous_5yr_mean,,,,count,,,3,insufficient_history,,,,,,,,none,No disclosure restriction identified.,.
bnr_cvd_public_metric_v2,CVD-BURDEN-001,cvd_2024_04,quarterly,2013_q4,2013-10-01,2013,10,4,1,stroke,female,all,hospital_registered,hospital_only,not_applicable,observed,quarterly_count,64,,,count,64,,,final,,,,,,,,none,No disclosure restriction identified.,64.000
bnr_cvd_public_metric_v2,CVD-BURDEN-001,cvd_2024_04,quarterly,2013_q1,2013-01-01,2013,1,1,1,all_cvd,female,all,hospital_registered,hospital_only,not_applicable,observed,quarterly_count,102,,,count,102,,,final,,,,,,,,none,No disclosure restriction identified.,102.000
bnr_cvd_public_metric_v2,CVD-INCIDENCE-001,cvd_2024_04,annual,2013,2013-01-01,2013,,,1,stroke,female,all,hospital_registered,hospital_only,not_applicable,observed,annual_crude_rate,191.9346041521392,,,rate_per_100000,278,144841,,final,cvd_rates_v1_0_7,UN_WPP_2024,BRB,persons,2026-08-26,historical_estimate,WHO_WORLD_2000_2025,none,No disclosure restriction identified.,191.935
bnr_cvd_public_metric_v2,CVD-BURDEN-001,cvd_2024_04,quarterly,2013_q4,2013-10-01,2013,10,4,1,stroke,female,all,hospital_registered,hospital_only,not_applicable,observed,quarterly_same_quarter_previous_5yr_mean,,,,count,,,3,insufficient_history,,,,,,,,none,No disclosure restriction identified.,.
bnr_cvd_public_metric_v2,CVD-INCIDENCE-001,cvd_2024_04,annual,2013,2013-01-01,2013,,,1,heart,female,all,hospital_registered,hospital_only,not_applicable,observed,annual_crude_rate,44.18638368970112,,,rate_per_100000,64,144841,,final,cvd_rates_v1_0_7,UN_WPP_2024,BRB,persons,2026-08-26,historical_estimate,WHO_WORLD_2000_2025,none,No disclosure restriction identified.,44.186
bnr_cvd_public_metric_v2,CVD-BURDEN-001,cvd_2024_04,annual,2013,2013-01-01,2013,,,1,heart,female,all,hospital_registered,hospital_only,not_applicable,observed,annual_count,64,,,count,64,,,final,,,,,,,,none,No disclosure restriction identified.,64.000
bnr_cvd_public_metric_v2,CVD-BURDEN-001,cvd_2024_04,quarterly,2013_q2,2013-04-01,2013,4,2,1,all_cvd,female,all,hospital_registered,hospital_only,not_applicable,observed,quarterly_count,69,,,count,69,,,final,,,,,,,,none,No disclosure restriction identified.,69.000
bnr_cvd_public_metric_v2,CVD-BURDEN-001,cvd_2024_04,quarterly,2013_q1,2013-01-01,2013,1,1,1,heart,female,all,hospital_registered,hospital_only,not_applicable,observed,quarterly_count,18,,,count,18,,,final,,,,,,,,none,No disclosure restriction identified.,18.000
bnr_cvd_public_metric_v2,CVD-BURDEN-001,cvd_2024_04,quarterly,2013_q3,2013-07-01,2013,7,3,1,heart,female,all,hospital_registered,hospital_only,not_applicable,observed,quarterly_count,16,,,count,16,,,final,,,,,,,,none,No disclosure restriction identified.,16.000
bnr_cvd_public_metric_v2,CVD-BURDEN-001,cvd_2024_04,quarterly,2013_q4,2013-10-01,2013,10,4,1,heart,female,all,hospital_registered,hospital_only,not_applicable,observed,quarterly_count,14,,,count,14,,,final,,,,,,,,none,No disclosure restriction identified.,14.000
bnr_cvd_public_metric_v2,CVD-BURDEN-001,cvd_2024_04,quarterly,2013_q3,2013-07-01,2013,7,3,1,stroke,female,all,hospital_registered,hospital_only,not_applicable,observed,quarterly_same_quarter_previous_5yr_mean,,,,count,,,3,insufficient_history,,,,,,,,none,No disclosure restriction identified.,.
bnr_cvd_public_metric_v2,CVD-BURDEN-001,cvd_2024_04,quarterly,2013_q2,2013-04-01,2013,4,2,1,heart,female,all,hospital_registered,hospital_only,not_applicable,observed,quarterly_same_quarter_previous_5yr_mean,,,,count,,,3,insufficient_history,,,,,,,,none,No disclosure restriction identified.,.
bnr_cvd_public_metric_v2,CVD-BURDEN-001,cvd_2024_04,quarterly,2013_q3,2013-07-01,2013,7,3,1,all_cvd,female,all,hospital_registered,hospital_only,not_applicable,observed,quarterly_count,93,,,count,93,,,final,,,,,,,,none,No disclosure restriction identified.,93.000
bnr_cvd_public_metric_v2,CVD-BURDEN-001,cvd_2024_04,quarterly,2013_q4,2013-10-01,2013,10,4,1,heart,female,all,hospital_registered,hospital_only,not_applicable,observed,quarterly_same_quarter_previous_5yr_mean,,,,count,,,3,insufficient_history,,,,,,,,none,No disclosure restriction identified.,.
bnr_cvd_public_metric_v2,CVD-BURDEN-001,cvd_2024_04,quarterly,2013_q2,2013-04-01,2013,4,2,1,all_cvd,female,all,hospital_registered,hospital_only,not_applicable,observed,quarterly_same_quarter_previous_5yr_mean,,,,count,,,3,insufficient_history,,,,,,,,none,No disclosure restriction identified.,.
bnr_cvd_public_metric_v2,CVD-BURDEN-002,cvd_2024_04,annual,2013,2013-01-01,2013,,,1,all_cvd,female,all,hospital_registered,hospital_only,not_applicable,observed,sex_distribution,49.06743185078909,,,percent,342,697,,final,,,,,,,,none,No disclosure restriction identified.,49.067
bnr_cvd_public_metric_v2,CVD-BURDEN-001,cvd_2024_04,annual,2013,2013-01-01,2013,,,1,stroke,female,all,hospital_registered,hospital_only,not_applicable,observed,annual_count,278,,,count,278,,,final,,,,,,,,none,No disclosure restriction identified.,278.000
bnr_cvd_public_metric_v2,CVD-BURDEN-001,cvd_2024_04,annual,2013,2013-01-01,2013,,,1,all_cvd,female,all,hospital_registered,hospital_only,not_applicable,observed,annual_previous_5yr_mean,,,,count,,,3,insufficient_history,,,,,,,,none,No disclosure restriction identified.,.
bnr_cvd_public_metric_v2,CVD-INCIDENCE-001,cvd_2024_04,annual,2013,2013-01-01,2013,,,1,all_cvd,female,age_standardised,hospital_registered,hospital_only,not_applicable,observed,annual_age_standardised_rate,144.5117981773226,,,rate_per_100000,,,,final,cvd_rates_v1_0_7,UN_WPP_2024,BRB,persons,2026-08-26,historical_estimate,WHO_WORLD_2000_2025,none,No disclosure restriction identified.,144.512
bnr_cvd_public_metric_v2,CVD-BURDEN-001,cvd_2024_04,quarterly,2013_q2,2013-04-01,2013,4,2,1,stroke,female,all,hospital_registered,hospital_only,not_applicable,observed,quarterly_same_quarter_previous_5yr_mean,,,,count,,,3,insufficient_history,,,,,,,,none,No disclosure restriction identified.,.
bnr_cvd_public_metric_v2,CVD-BURDEN-001,cvd_2024_04,quarterly,2013_q3,2013-07-01,2013,7,3,1,heart,female,all,hospital_registered,hospital_only,not_applicable,observed,quarterly_same_quarter_previous_5yr_mean,,,,count,,,3,insufficient_history,,,,,,,,none,No disclosure restriction identified.,.
bnr_cvd_public_metric_v2,CVD-BURDEN-001,cvd_2024_04,quarterly,2013_q1,2013-01-01,2013,1,1,1,heart,female,all,hospital_registered,hospital_only,not_applicable,observed,quarterly_same_quarter_previous_5yr_mean,,,,count,,,3,insufficient_history,,,,,,,,none,No disclosure restriction identified.,.
bnr_cvd_public_metric_v2,CVD-BURDEN-001,cvd_2024_04,quarterly,2013_q1,2013-01-01,2013,1,1,1,heart,male,all,hospital_registered,hospital_only,not_applicable,observed,quarterly_count,25,,,count,25,,,final,,,,,,,,none,No disclosure restriction identified.,25.000
bnr_cvd_public_metric_v2,CVD-BURDEN-001,cvd_2024_04,quarterly,2013_q3,2013-07-01,2013,7,3,1,stroke,male,all,hospital_registered,hospital_only,not_applicable,observed,quarterly_count,54,,,count,54,,,final,,,,,,,,none,No disclosure restriction identified.,54.000
bnr_cvd_public_metric_v2,CVD-BURDEN-001,cvd_2024_04,annual,2013,2013-01-01,2013,,,1,all_cvd,male,all,hospital_registered,hospital_only,not_applicable,observed,annual_previous_5yr_mean,,,,count,,,3,insufficient_history,,,,,,,,none,No disclosure restriction identified.,.
bnr_cvd_public_metric_v2,CVD-INCIDENCE-001,cvd_2024_04,annual,2013,2013-01-01,2013,,,1,all_cvd,male,age_standardised,hospital_registered,hospital_only,not_applicable,observed,annual_age_standardised_rate,208.3325719114977,,,rate_per_100000,,,,final,cvd_rates_v1_0_7,UN_WPP_2024,BRB,persons,2026-08-26,historical_estimate,WHO_WORLD_2000_2025,none,No disclosure restriction identified.,208.333
bnr_cvd_public_metric_v2,CVD-BURDEN-001,cvd_2024_04,quarterly,2013_q4,2013-10-01,2013,10,4,1,all_cvd,male,all,hospital_registered,hospital_only,not_applicable,observed,quarterly_same_quarter_previous_5yr_mean,,,,count,,,3,insufficient_history,,,,,,,,none,No disclosure restriction identified.,.
bnr_cvd_public_metric_v2,CVD-INCIDENCE-001,cvd_2024_04,annual,2013,2013-01-01,2013,,,1,heart,male,age_standardised,hospital_registered,hospital_only,not_applicable,observed,annual_age_standardised_rate,52.33389799526746,,,rate_per_100000,,,,final,cvd_rates_v1_0_7,UN_WPP_2024,BRB,persons,2026-08-26,historical_estimate,WHO_WORLD_2000_2025,none,No disclosure restriction identified.,52.334
bnr_cvd_public_metric_v2,CVD-BURDEN-001,cvd_2024_04,quarterly,2013_q2,2013-04-01,2013,4,2,1,heart,male,all,hospital_registered,hospital_only,not_applicable,observed,quarterly_count,21,,,count,21,,,final,,,,,,,,none,No disclosure restriction identified.,21.000
bnr_cvd_public_metric_v2,CVD-BURDEN-001,cvd_2024_04,quarterly,2013_q2,2013-04-01,2013,4,2,1,all_cvd,male,all,hospital_registered,hospital_only,not_applicable,observed,quarterly_same_quarter_previous_5yr_mean,,,,count,,,3,insufficient_history,,,,,,,,none,No disclosure restriction identified.,.
bnr_cvd_public_metric_v2,CVD-BURDEN-001,cvd_2024_04,quarterly,2013_q3,2013-07-01,2013,7,3,1,all_cvd,male,all,hospital_registered,hospital_only,not_applicable,observed,quarterly_same_quarter_previous_5yr_mean,,,,count,,,3,insufficient_history,,,,,,,,none,No disclosure restriction identified.,.
bnr_cvd_public_metric_v2,CVD-BURDEN-001,cvd_2024_04,quarterly,2013_q1,2013-01-01,2013,1,1,1,all_cvd,male,all,hospital_registered,hospital_only,not_applicable,observed,quarterly_count,98,,,count,98,,,final,,,,,,,,none,No disclosure restriction identified.,98.000
bnr_cvd_public_metric_v2,CVD-BURDEN-001,cvd_2024_04,quarterly,2013_q4,2013-10-01,2013,10,4,1,heart,male,all,hospital_registered,hospital_only,not_applicable,observed,quarterly_count,20,,,count,20,,,final,,,,,,,,none,No disclosure restriction identified.,20.000
bnr_cvd_public_metric_v2,CVD-BURDEN-001,cvd_2024_04,annual,2013,2013-01-01,2013,,,1,all_cvd,male,all,hospital_registered,hospital_only,not_applicable,observed,annual_count,355,,,count,355,,,final,,,,,,,,none,No disclosure restriction identified.,355.000
bnr_cvd_public_metric_v2,CVD-BURDEN-001,cvd_2024_04,annual,2013,2013-01-01,2013,,,1,stroke,male,all,hospital_registered,hospital_only,not_applicable,observed,annual_count,266,,,count,266,,,final,,,,,,,,none,No disclosure restriction identified.,266.000
bnr_cvd_public_metric_v2,CVD-INCIDENCE-001,cvd_2024_04,annual,2013,2013-01-01,2013,,,1,all_cvd,male,all,hospital_registered,hospital_only,not_applicable,observed,annual_crude_rate,267.2709751249774,,,rate_per_100000,355,132824,,final,cvd_rates_v1_0_7,UN_WPP_2024,BRB,persons,2026-08-26,historical_estimate,WHO_WORLD_2000_2025,none,No disclosure restriction identified.,267.271
bnr_cvd_public_metric_v2,CVD-BURDEN-001,cvd_2024_04,quarterly,2013_q2,2013-04-01,2013,4,2,1,all_cvd,male,all,hospital_registered,hospital_only,not_applicable,observed,quarterly_count,83,,,count,83,,,final,,,,,,,,none,No disclosure restriction identified.,83.000
bnr_cvd_public_metric_v2,CVD-BURDEN-002,cvd_2024_04,annual,2013,2013-01-01,2013,,,1,heart,male,all,hospital_registered,hospital_only,not_applicable,observed,sex_distribution,58.16993464052288,,,percent,89,153,,final,,,,,,,,none,No disclosure restriction identified.,58.170
bnr_cvd_public_metric_v2,CVD-BURDEN-001,cvd_2024_04,quarterly,2013_q3,2013-07-01,2013,7,3,1,all_cvd,male,all,hospital_registered,hospital_only,not_applicable,observed,quarterly_count,77,,,count,77,,,final,,,,,,,,none,No disclosure restriction identified.,77.000
bnr_cvd_public_metric_v2,CVD-BURDEN-001,cvd_2024_04,annual,2013,2013-01-01,2013,,,1,heart,male,all,hospital_registered,hospital_only,not_applicable,observed,annual_count,89,,,count,89,,,final,,,,,,,,none,No disclosure restriction identified.,89.000
bnr_cvd_public_metric_v2,CVD-BURDEN-001,cvd_2024_04,annual,2013,2013-01-01,2013,,,1,heart,male,all,hospital_registered,hospital_only,not_applicable,observed,annual_previous_5yr_mean,,,,count,,,3,insufficient_history,,,,,,,,none,No disclosure restriction identified.,.
bnr_cvd_public_metric_v2,CVD-BURDEN-001,cvd_2024_04,quarterly,2013_q3,2013-07-01,2013,7,3,1,stroke,male,all,hospital_registered,hospital_only,not_applicable,observed,quarterly_same_quarter_previous_5yr_mean,,,,count,,,3,insufficient_history,,,,,,,,none,No disclosure restriction identified.,.
bnr_cvd_public_metric_v2,CVD-INCIDENCE-001,cvd_2024_04,annual,2013,2013-01-01,2013,,,1,stroke,male,age_standardised,hospital_registered,hospital_only,not_applicable,observed,annual_age_standardised_rate,155.9986739162302,,,rate_per_100000,,,,final,cvd_rates_v1_0_7,UN_WPP_2024,BRB,persons,2026-08-26,historical_estimate,WHO_WORLD_2000_2025,none,No disclosure restriction identified.,155.999
bnr_cvd_public_metric_v2,CVD-BURDEN-001,cvd_2024_04,quarterly,2013_q3,2013-07-01,2013,7,3,1,heart,male,all,hospital_registered,hospital_only,not_applicable,observed,quarterly_count,23,,,count,23,,,final,,,,,,,,none,No disclosure restriction identified.,23.000
bnr_cvd_public_metric_v2,CVD-BURDEN-001,cvd_2024_04,quarterly,2013_q4,2013-10-01,2013,10,4,1,heart,male,all,hospital_registered,hospital_only,not_applicable,observed,quarterly_same_quarter_previous_5yr_mean,,,,count,,,3,insufficient_history,,,,,,,,none,No disclosure restriction identified.,.
bnr_cvd_public_metric_v2,CVD-BURDEN-001,cvd_2024_04,quarterly,2013_q4,2013-10-01,2013,10,4,1,stroke,male,all,hospital_registered,hospital_only,not_applicable,observed,quarterly_count,77,,,count,77,,,final,,,,,,,,none,No disclosure restriction identified.,77.000
bnr_cvd_public_metric_v2,CVD-BURDEN-001,cvd_2024_04,quarterly,2013_q1,2013-01-01,2013,1,1,1,heart,male,all,hospital_registered,hospital_only,not_applicable,observed,quarterly_same_quarter_previous_5yr_mean,,,,count,,,3,insufficient_history,,,,,,,,none,No disclosure restriction identified.,.
bnr_cvd_public_metric_v2,CVD-BURDEN-001,cvd_2024_04,quarterly,2013_q2,2013-04-01,2013,4,2,1,stroke,male,all,hospital_registered,hospital_only,not_applicable,observed,quarterly_count,62,,,count,62,,,final,,,,,,,,none,No disclosure restriction identified.,62.000
bnr_cvd_public_metric_v2,CVD-BURDEN-002,cvd_2024_04,annual,2013,2013-01-01,2013,,,1,all_cvd,male,all,hospital_registered,hospital_only,not_applicable,observed,sex_distribution,50.9325681492109,,,percent,355,697,,final,,,,,,,,none,No disclosure restriction identified.,50.933
bnr_cvd_public_metric_v2,CVD-INCIDENCE-001,cvd_2024_04,annual,2013,2013-01-01,2013,,,1,stroke,male,all,hospital_registered,hospital_only,not_applicable,observed,annual_crude_rate,200.2650123471662,,,rate_per_100000,266,132824,,final,cvd_rates_v1_0_7,UN_WPP_2024,BRB,persons,2026-08-26,historical_estimate,WHO_WORLD_2000_2025,none,No disclosure restriction identified.,200.265
bnr_cvd_public_metric_v2,CVD-BURDEN-001,cvd_2024_04,quarterly,2013_q3,2013-07-01,2013,7,3,1,heart,male,all,hospital_registered,hospital_only,not_applicable,observed,quarterly_same_quarter_previous_5yr_mean,,,,count,,,3,insufficient_history,,,,,,,,none,No disclosure restriction identified.,.
bnr_cvd_public_metric_v2,CVD-BURDEN-001,cvd_2024_04,quarterly,2013_q1,2013-01-01,2013,1,1,1,all_cvd,male,all,hospital_registered,hospital_only,not_applicable,observed,quarterly_same_quarter_previous_5yr_mean,,,,count,,,3,insufficient_history,,,,,,,,none,No disclosure restriction identified.,.
bnr_cvd_public_metric_v2,CVD-BURDEN-001,cvd_2024_04,quarterly,2013_q2,2013-04-01,2013,4,2,1,heart,male,all,hospital_registered,hospital_only,not_applicable,observed,quarterly_same_quarter_previous_5yr_mean,,,,count,,,3,insufficient_history,,,,,,,,none,No disclosure restriction identified.,.
bnr_cvd_public_metric_v2,CVD-BURDEN-001,cvd_2024_04,quarterly,2013_q1,2013-01-01,2013,1,1,1,stroke,male,all,hospital_registered,hospital_only,not_applicable,observed,quarterly_same_quarter_previous_5yr_mean,,,,count,,,3,insufficient_history,,,,,,,,none,No disclosure restriction identified.,.
bnr_cvd_public_metric_v2,CVD-BURDEN-001,cvd_2024_04,annual,2013,2013-01-01,2013,,,1,stroke,male,all,hospital_registered,hospital_only,not_applicable,observed,annual_previous_5yr_mean,,,,count,,,3,insufficient_history,,,,,,,,none,No disclosure restriction identified.,.
bnr_cvd_public_metric_v2,CVD-BURDEN-001,cvd_2024_04,quarterly,2013_q4,2013-10-01,2013,10,4,1,stroke,male,all,hospital_registered,hospital_only,not_applicable,observed,quarterly_same_quarter_previous_5yr_mean,,,,count,,,3,insufficient_history,,,,,,,,none,No disclosure restriction identified.,.
bnr_cvd_public_metric_v2,CVD-BURDEN-002,cvd_2024_04,annual,2013,2013-01-01,2013,,,1,stroke,male,all,hospital_registered,hospital_only,not_applicable,observed,sex_distribution,48.89705882352941,,,percent,266,544,,final,,,,,,,,none,No disclosure restriction identified.,48.897
bnr_cvd_public_metric_v2,CVD-BURDEN-001,cvd_2024_04,quarterly,2013_q4,2013-10-01,2013,10,4,1,all_cvd,male,all,hospital_registered,hospital_only,not_applicable,observed,quarterly_count,97,,,count,97,,,final,,,,,,,,none,No disclosure restriction identified.,97.000
bnr_cvd_public_metric_v2,CVD-BURDEN-001,cvd_2024_04,quarterly,2013_q1,2013-01-01,2013,1,1,1,stroke,male,all,hospital_registered,hospital_only,not_applicable,observed,quarterly_count,73,,,count,73,,,final,,,,,,,,none,No disclosure restriction identified.,73.000
bnr_cvd_public_metric_v2,CVD-BURDEN-001,cvd_2024_04,quarterly,2013_q2,2013-04-01,2013,4,2,1,stroke,male,all,hospital_registered,hospital_only,not_applicable,observed,quarterly_same_quarter_previous_5yr_mean,,,,count,,,3,insufficient_history,,,,,,,,none,No disclosure restriction identified.,.
bnr_cvd_public_metric_v2,CVD-INCIDENCE-001,cvd_2024_04,annual,2013,2013-01-01,2013,,,1,heart,male,all,hospital_registered,hospital_only,not_applicable,observed,annual_crude_rate,67.00596277781123,,,rate_per_100000,89,132824,,final,cvd_rates_v1_0_7,UN_WPP_2024,BRB,persons,2026-08-26,historical_estimate,WHO_WORLD_2000_2025,none,No disclosure restriction identified.,67.006
bnr_cvd_public_metric_v2,CVD-BURDEN-001,cvd_2024_04,monthly,2014_m11,2014-11-01,2014,11,,1,all_cvd,all,all,hospital_registered,hospital_only,not_applicable,observed,monthly_count,46,,,count,46,,,final,,,,,,,,none,No disclosure restriction identified.,46.000
bnr_cvd_public_metric_v2,CVD-BURDEN-001,cvd_2024_04,quarterly,2014_q2,2014-04-01,2014,4,2,1,stroke,all,all,hospital_registered,hospital_only,not_applicable,observed,quarterly_count,112,,,count,112,,,final,,,,,,,,none,No disclosure restriction identified.,112.000
bnr_cvd_public_metric_v2,CVD-BURDEN-001,cvd_2024_04,annual,2014,2014-01-01,2014,,,1,all_cvd,all,under_70,hospital_registered,hospital_only,not_applicable,observed,annual_count,342,,,count,342,,,final,,,,,,,,none,No disclosure restriction identified.,342.000
bnr_cvd_public_metric_v2,CVD-INCIDENCE-001,cvd_2024_04,annual,2014,2014-01-01,2014,,,1,stroke,all,all,hospital_registered,hospital_only,not_applicable,observed,annual_crude_rate,172.8052653512869,,,rate_per_100000,481,278348,,final,cvd_rates_v1_0_7,UN_WPP_2024,BRB,persons,2026-08-26,historical_estimate,WHO_WORLD_2000_2025,none,No disclosure restriction identified.,172.805
bnr_cvd_public_metric_v2,CVD-BURDEN-001,cvd_2024_04,monthly,2014_m03,2014-03-01,2014,3,,1,all_cvd,all,all,hospital_registered,hospital_only,not_applicable,observed,monthly_count,72,,,count,72,,,final,,,,,,,,none,No disclosure restriction identified.,72.000
bnr_cvd_public_metric_v2,CVD-BURDEN-001,cvd_2024_04,monthly,2014_m10,2014-10-01,2014,10,,1,all_cvd,all,all,hospital_registered,hospital_only,not_applicable,observed,monthly_count,72,,,count,72,,,final,,,,,,,,none,No disclosure restriction identified.,72.000
bnr_cvd_public_metric_v2,CVD-BURDEN-001,cvd_2024_04,quarterly,2014_q3,2014-07-01,2014,7,3,1,stroke,all,all,hospital_registered,hospital_only,not_applicable,observed,quarterly_count,119,,,count,119,,,final,,,,,,,,none,No disclosure restriction identified.,119.000
bnr_cvd_public_metric_v2,CVD-BURDEN-002,cvd_2024_04,annual,2014,2014-01-01,2014,,,1,heart,all,all,hospital_registered,hospital_only,not_applicable,observed,event_type_distribution,32.72727272727273,,,percent,234,715,,final,,,,,,,,none,No disclosure restriction identified.,32.727
bnr_cvd_public_metric_v2,CVD-BURDEN-001,cvd_2024_04,quarterly,2014_q2,2014-04-01,2014,4,2,1,heart,all,all,hospital_registered,hospital_only,not_applicable,observed,quarterly_count,50,,,count,50,,,final,,,,,,,,none,No disclosure restriction identified.,50.000
bnr_cvd_public_metric_v2,CVD-BURDEN-001,cvd_2024_04,quarterly,2014_q3,2014-07-01,2014,7,3,1,stroke,all,all,hospital_registered,hospital_only,not_applicable,observed,quarterly_same_quarter_previous_5yr_mean,,,,count,,,4,insufficient_history,,,,,,,,none,No disclosure restriction identified.,.
bnr_cvd_public_metric_v2,CVD-BURDEN-001,cvd_2024_04,monthly,2014_m09,2014-09-01,2014,9,,1,all_cvd,all,all,hospital_registered,hospital_only,not_applicable,observed,monthly_count,61,,,count,61,,,final,,,,,,,,none,No disclosure restriction identified.,61.000
bnr_cvd_public_metric_v2,CVD-BURDEN-001,cvd_2024_04,annual,2014,2014-01-01,2014,,,1,heart,all,all,hospital_registered,hospital_only,not_applicable,observed,annual_previous_5yr_mean,,,,count,,,4,insufficient_history,,,,,,,,none,No disclosure restriction identified.,.
bnr_cvd_public_metric_v2,CVD-BURDEN-001,cvd_2024_04,quarterly,2014_q2,2014-04-01,2014,4,2,1,stroke,all,all,hospital_registered,hospital_only,not_applicable,observed,quarterly_same_quarter_previous_5yr_mean,,,,count,,,4,insufficient_history,,,,,,,,none,No disclosure restriction identified.,.
bnr_cvd_public_metric_v2,CVD-INCIDENCE-001,cvd_2024_04,annual,2014,2014-01-01,2014,,,1,all_cvd,all,all,hospital_registered,hospital_only,not_applicable,observed,annual_crude_rate,256.8726917383994,,,rate_per_100000,715,278348,,final,cvd_rates_v1_0_7,UN_WPP_2024,BRB,persons,2026-08-26,historical_estimate,WHO_WORLD_2000_2025,none,No disclosure restriction identified.,256.873
bnr_cvd_public_metric_v2,CVD-BURDEN-001,cvd_2024_04,quarterly,2014_q4,2014-10-01,2014,10,4,1,stroke,all,all,hospital_registered,hospital_only,not_applicable,observed,quarterly_count,121,,,count,121,,,final,,,,,,,,none,No disclosure restriction identified.,121.000
bnr_cvd_public_metric_v2,CVD-BURDEN-001,cvd_2024_04,quarterly,2014_q3,2014-07-01,2014,7,3,1,heart,all,all,hospital_registered,hospital_only,not_applicable,observed,quarterly_count,62,,,count,62,,,final,,,,,,,,none,No disclosure restriction identified.,62.000
bnr_cvd_public_metric_v2,CVD-BURDEN-001,cvd_2024_04,annual,2014,2014-01-01,2014,,,1,stroke,all,all,hospital_registered,hospital_only,not_applicable,observed,annual_count,481,,,count,481,,,final,,,,,,,,none,No disclosure restriction identified.,481.000
bnr_cvd_public_metric_v2,CVD-BURDEN-001,cvd_2024_04,quarterly,2014_q3,2014-07-01,2014,7,3,1,all_cvd,all,all,hospital_registered,hospital_only,not_applicable,observed,quarterly_same_quarter_previous_5yr_mean,,,,count,,,4,insufficient_history,,,,,,,,none,No disclosure restriction identified.,.
bnr_cvd_public_metric_v2,CVD-BURDEN-001,cvd_2024_04,monthly,2014_m07,2014-07-01,2014,7,,1,all_cvd,all,all,hospital_registered,hospital_only,not_applicable,observed,monthly_count,56,,,count,56,,,final,,,,,,,,none,No disclosure restriction identified.,56.000
bnr_cvd_public_metric_v2,CVD-BURDEN-001,cvd_2024_04,monthly,2014_m12,2014-12-01,2014,12,,1,all_cvd,all,all,hospital_registered,hospital_only,not_applicable,observed,monthly_count,67,,,count,67,,,final,,,,,,,,none,No disclosure restriction identified.,67.000
bnr_cvd_public_metric_v2,CVD-BURDEN-001,cvd_2024_04,quarterly,2014_q4,2014-10-01,2014,10,4,1,all_cvd,all,all,hospital_registered,hospital_only,not_applicable,observed,quarterly_count,185,,,count,185,,,final,,,,,,,,none,No disclosure restriction identified.,185.000
bnr_cvd_public_metric_v2,CVD-BURDEN-001,cvd_2024_04,quarterly,2014_q1,2014-01-01,2014,1,1,1,all_cvd,all,all,hospital_registered,hospital_only,not_applicable,observed,quarterly_count,187,,,count,187,,,final,,,,,,,,none,No disclosure restriction identified.,187.000
bnr_cvd_public_metric_v2,CVD-BURDEN-001,cvd_2024_04,quarterly,2014_q1,2014-01-01,2014,1,1,1,all_cvd,all,all,hospital_registered,hospital_only,not_applicable,observed,quarterly_same_quarter_previous_5yr_mean,,,,count,,,4,insufficient_history,,,,,,,,none,No disclosure restriction identified.,.
bnr_cvd_public_metric_v2,CVD-BURDEN-001,cvd_2024_04,quarterly,2014_q4,2014-10-01,2014,10,4,1,heart,all,all,hospital_registered,hospital_only,not_applicable,observed,quarterly_same_quarter_previous_5yr_mean,,,,count,,,4,insufficient_history,,,,,,,,none,No disclosure restriction identified.,.
bnr_cvd_public_metric_v2,CVD-BURDEN-001,cvd_2024_04,annual,2014,2014-01-01,2014,,,1,all_cvd,all,all,hospital_registered,hospital_only,not_applicable,observed,annual_previous_5yr_mean,,,,count,,,4,insufficient_history,,,,,,,,none,No disclosure restriction identified.,.
bnr_cvd_public_metric_v2,CVD-BURDEN-001,cvd_2024_04,quarterly,2014_q1,2014-01-01,2014,1,1,1,stroke,all,all,hospital_registered,hospital_only,not_applicable,observed,quarterly_same_quarter_previous_5yr_mean,,,,count,,,4,insufficient_history,,,,,,,,none,No disclosure restriction identified.,.
bnr_cvd_public_metric_v2,CVD-BURDEN-001,cvd_2024_04,annual,2014,2014-01-01,2014,,,1,heart,all,all,hospital_registered,hospital_only,not_applicable,observed,annual_count,234,,,count,234,,,final,,,,,,,,none,No disclosure restriction identified.,234.000
bnr_cvd_public_metric_v2,CVD-INCIDENCE-001,cvd_2024_04,annual,2014,2014-01-01,2014,,,1,stroke,all,age_standardised,hospital_registered,hospital_only,not_applicable,observed,annual_age_standardised_rate,116.7303474079054,,,rate_per_100000,,,,final,cvd_rates_v1_0_7,UN_WPP_2024,BRB,persons,2026-08-26,historical_estimate,WHO_WORLD_2000_2025,none,No disclosure restriction identified.,116.730
bnr_cvd_public_metric_v2,CVD-BURDEN-001,cvd_2024_04,quarterly,2014_q1,2014-01-01,2014,1,1,1,stroke,all,all,hospital_registered,hospital_only,not_applicable,observed,quarterly_count,129,,,count,129,,,final,,,,,,,,none,No disclosure restriction identified.,129.000
bnr_cvd_public_metric_v2,CVD-BURDEN-001,cvd_2024_04,monthly,2014_m01,2014-01-01,2014,1,,1,all_cvd,all,all,hospital_registered,hospital_only,not_applicable,observed,monthly_count,65,,,count,65,,,final,,,,,,,,none,No disclosure restriction identified.,65.000
bnr_cvd_public_metric_v2,CVD-BURDEN-001,cvd_2024_04,annual,2014,2014-01-01,2014,,,1,all_cvd,all,under_70,hospital_registered,hospital_only,not_applicable,observed,annual_previous_5yr_mean,,,,count,,,4,insufficient_history,,,,,,,,none,No disclosure restriction identified.,.
bnr_cvd_public_metric_v2,CVD-BURDEN-001,cvd_2024_04,monthly,2014_m06,2014-06-01,2014,6,,1,all_cvd,all,all,hospital_registered,hospital_only,not_applicable,observed,monthly_count,49,,,count,49,,,final,,,,,,,,none,No disclosure restriction identified.,49.000
bnr_cvd_public_metric_v2,CVD-BURDEN-002,cvd_2024_04,annual,2014,2014-01-01,2014,,,1,all_cvd,all,under_70,hospital_registered,hospital_only,not_applicable,observed,age_distribution,47.83216783216783,,,percent,342,715,,final,,,,,,,,none,No disclosure restriction identified.,47.832
bnr_cvd_public_metric_v2,CVD-BURDEN-001,cvd_2024_04,quarterly,2014_q2,2014-04-01,2014,4,2,1,all_cvd,all,all,hospital_registered,hospital_only,not_applicable,observed,quarterly_same_quarter_previous_5yr_mean,,,,count,,,4,insufficient_history,,,,,,,,none,No disclosure restriction identified.,.
bnr_cvd_public_metric_v2,CVD-BURDEN-001,cvd_2024_04,quarterly,2014_q4,2014-10-01,2014,10,4,1,all_cvd,all,all,hospital_registered,hospital_only,not_applicable,observed,quarterly_same_quarter_previous_5yr_mean,,,,count,,,4,insufficient_history,,,,,,,,none,No disclosure restriction identified.,.
bnr_cvd_public_metric_v2,CVD-BURDEN-001,cvd_2024_04,quarterly,2014_q2,2014-04-01,2014,4,2,1,all_cvd,all,all,hospital_registered,hospital_only,not_applicable,observed,quarterly_count,162,,,count,162,,,final,,,,,,,,none,No disclosure restriction identified.,162.000
bnr_cvd_public_metric_v2,CVD-INCIDENCE-001,cvd_2024_04,annual,2014,2014-01-01,2014,,,1,all_cvd,all,age_standardised,hospital_registered,hospital_only,not_applicable,observed,annual_age_standardised_rate,173.313107607757,,,rate_per_100000,,,,final,cvd_rates_v1_0_7,UN_WPP_2024,BRB,persons,2026-08-26,historical_estimate,WHO_WORLD_2000_2025,none,No disclosure restriction identified.,173.313
bnr_cvd_public_metric_v2,CVD-BURDEN-001,cvd_2024_04,quarterly,2014_q2,2014-04-01,2014,4,2,1,heart,all,all,hospital_registered,hospital_only,not_applicable,observed,quarterly_same_quarter_previous_5yr_mean,,,,count,,,4,insufficient_history,,,,,,,,none,No disclosure restriction identified.,.
bnr_cvd_public_metric_v2,CVD-INCIDENCE-001,cvd_2024_04,annual,2014,2014-01-01,2014,,,1,heart,all,age_standardised,hospital_registered,hospital_only,not_applicable,observed,annual_age_standardised_rate,56.58276019985158,,,rate_per_100000,,,,final,cvd_rates_v1_0_7,UN_WPP_2024,BRB,persons,2026-08-26,historical_estimate,WHO_WORLD_2000_2025,none,No disclosure restriction identified.,56.583
bnr_cvd_public_metric_v2,CVD-BURDEN-001,cvd_2024_04,monthly,2014_m05,2014-05-01,2014,5,,1,all_cvd,all,all,hospital_registered,hospital_only,not_applicable,observed,monthly_count,46,,,count,46,,,final,,,,,,,,none,No disclosure restriction identified.,46.000
bnr_cvd_public_metric_v2,CVD-BURDEN-002,cvd_2024_04,annual,2014,2014-01-01,2014,,,1,all_cvd,all,age_70_plus,hospital_registered,hospital_only,not_applicable,observed,age_distribution,52.16783216783217,,,percent,373,715,,final,,,,,,,,none,No disclosure restriction identified.,52.168
bnr_cvd_public_metric_v2,CVD-BURDEN-001,cvd_2024_04,monthly,2014_m08,2014-08-01,2014,8,,1,all_cvd,all,all,hospital_registered,hospital_only,not_applicable,observed,monthly_count,64,,,count,64,,,final,,,,,,,,none,No disclosure restriction identified.,64.000
bnr_cvd_public_metric_v2,CVD-BURDEN-001,cvd_2024_04,annual,2014,2014-01-01,2014,,,1,all_cvd,all,age_70_plus,hospital_registered,hospital_only,not_applicable,observed,annual_previous_5yr_mean,,,,count,,,4,insufficient_history,,,,,,,,none,No disclosure restriction identified.,.
bnr_cvd_public_metric_v2,CVD-BURDEN-001,cvd_2024_04,quarterly,2014_q1,2014-01-01,2014,1,1,1,heart,all,all,hospital_registered,hospital_only,not_applicable,observed,quarterly_count,58,,,count,58,,,final,,,,,,,,none,No disclosure restriction identified.,58.000
bnr_cvd_public_metric_v2,CVD-BURDEN-002,cvd_2024_04,annual,2014,2014-01-01,2014,,,1,stroke,all,all,hospital_registered,hospital_only,not_applicable,observed,event_type_distribution,67.27272727272727,,,percent,481,715,,final,,,,,,,,none,No disclosure restriction identified.,67.273
bnr_cvd_public_metric_v2,CVD-BURDEN-001,cvd_2024_04,quarterly,2014_q4,2014-10-01,2014,10,4,1,heart,all,all,hospital_registered,hospital_only,not_applicable,observed,quarterly_count,64,,,count,64,,,final,,,,,,,,none,No disclosure restriction identified.,64.000
bnr_cvd_public_metric_v2,CVD-INCIDENCE-001,cvd_2024_04,annual,2014,2014-01-01,2014,,,1,heart,all,all,hospital_registered,hospital_only,not_applicable,observed,annual_crude_rate,84.06742638711253,,,rate_per_100000,234,278348,,final,cvd_rates_v1_0_7,UN_WPP_2024,BRB,persons,2026-08-26,historical_estimate,WHO_WORLD_2000_2025,none,No disclosure restriction identified.,84.067
bnr_cvd_public_metric_v2,CVD-BURDEN-001,cvd_2024_04,quarterly,2014_q3,2014-07-01,2014,7,3,1,all_cvd,all,all,hospital_registered,hospital_only,not_applicable,observed,quarterly_count,181,,,count,181,,,final,,,,,,,,none,No disclosure restriction identified.,181.000
bnr_cvd_public_metric_v2,CVD-BURDEN-001,cvd_2024_04,annual,2014,2014-01-01,2014,,,1,stroke,all,all,hospital_registered,hospital_only,not_applicable,observed,annual_previous_5yr_mean,,,,count,,,4,insufficient_history,,,,,,,,none,No disclosure restriction identified.,.
bnr_cvd_public_metric_v2,CVD-BURDEN-001,cvd_2024_04,annual,2014,2014-01-01,2014,,,1,all_cvd,all,age_70_plus,hospital_registered,hospital_only,not_applicable,observed,annual_count,373,,,count,373,,,final,,,,,,,,none,No disclosure restriction identified.,373.000
bnr_cvd_public_metric_v2,CVD-BURDEN-001,cvd_2024_04,quarterly,2014_q3,2014-07-01,2014,7,3,1,heart,all,all,hospital_registered,hospital_only,not_applicable,observed,quarterly_same_quarter_previous_5yr_mean,,,,count,,,4,insufficient_history,,,,,,,,none,No disclosure restriction identified.,.
bnr_cvd_public_metric_v2,CVD-BURDEN-001,cvd_2024_04,quarterly,2014_q1,2014-01-01,2014,1,1,1,heart,all,all,hospital_registered,hospital_only,not_applicable,observed,quarterly_same_quarter_previous_5yr_mean,,,,count,,,4,insufficient_history,,,,,,,,none,No disclosure restriction identified.,.
bnr_cvd_public_metric_v2,CVD-BURDEN-001,cvd_2024_04,monthly,2014_m02,2014-02-01,2014,2,,1,all_cvd,all,all,hospital_registered,hospital_only,not_applicable,observed,monthly_count,50,,,count,50,,,final,,,,,,,,none,No disclosure restriction identified.,50.000
bnr_cvd_public_metric_v2,CVD-BURDEN-001,cvd_2024_04,quarterly,2014_q4,2014-10-01,2014,10,4,1,stroke,all,all,hospital_registered,hospital_only,not_applicable,observed,quarterly_same_quarter_previous_5yr_mean,,,,count,,,4,insufficient_history,,,,,,,,none,No disclosure restriction identified.,.
bnr_cvd_public_metric_v2,CVD-BURDEN-001,cvd_2024_04,monthly,2014_m04,2014-04-01,2014,4,,1,all_cvd,all,all,hospital_registered,hospital_only,not_applicable,observed,monthly_count,67,,,count,67,,,final,,,,,,,,none,No disclosure restriction identified.,67.000
bnr_cvd_public_metric_v2,CVD-BURDEN-001,cvd_2024_04,annual,2014,2014-01-01,2014,,,1,all_cvd,all,all,hospital_registered,hospital_only,not_applicable,observed,annual_count,715,,,count,715,,,final,,,,,,,,none,No disclosure restriction identified.,715.000
bnr_cvd_public_metric_v2,CVD-INCIDENCE-001,cvd_2024_04,annual,2014,2014-01-01,2014,,,1,all_cvd,female,age_standardised,hospital_registered,hospital_only,not_applicable,observed,annual_age_standardised_rate,152.2369460549872,,,rate_per_100000,,,,final,cvd_rates_v1_0_7,UN_WPP_2024,BRB,persons,2026-08-26,historical_estimate,WHO_WORLD_2000_2025,none,No disclosure restriction identified.,152.237
bnr_cvd_public_metric_v2,CVD-BURDEN-002,cvd_2024_04,annual,2014,2014-01-01,2014,,,1,all_cvd,female,all,hospital_registered,hospital_only,not_applicable,observed,sex_distribution,51.60839160839161,,,percent,369,715,,final,,,,,,,,none,No disclosure restriction identified.,51.608
bnr_cvd_public_metric_v2,CVD-BURDEN-001,cvd_2024_04,quarterly,2014_q3,2014-07-01,2014,7,3,1,heart,female,all,hospital_registered,hospital_only,not_applicable,observed,quarterly_same_quarter_previous_5yr_mean,,,,count,,,4,insufficient_history,,,,,,,,none,No disclosure restriction identified.,.
bnr_cvd_public_metric_v2,CVD-BURDEN-001,cvd_2024_04,quarterly,2014_q1,2014-01-01,2014,1,1,1,all_cvd,female,all,hospital_registered,hospital_only,not_applicable,observed,quarterly_same_quarter_previous_5yr_mean,,,,count,,,4,insufficient_history,,,,,,,,none,No disclosure restriction identified.,.
bnr_cvd_public_metric_v2,CVD-BURDEN-001,cvd_2024_04,annual,2014,2014-01-01,2014,,,1,heart,female,all,hospital_registered,hospital_only,not_applicable,observed,annual_previous_5yr_mean,,,,count,,,4,insufficient_history,,,,,,,,none,No disclosure restriction identified.,.
bnr_cvd_public_metric_v2,CVD-BURDEN-001,cvd_2024_04,annual,2014,2014-01-01,2014,,,1,all_cvd,female,all,hospital_registered,hospital_only,not_applicable,observed,annual_count,369,,,count,369,,,final,,,,,,,,none,No disclosure restriction identified.,369.000
bnr_cvd_public_metric_v2,CVD-INCIDENCE-001,cvd_2024_04,annual,2014,2014-01-01,2014,,,1,heart,female,all,hospital_registered,hospital_only,not_applicable,observed,annual_crude_rate,75.09783387532381,,,rate_per_100000,109,145144,,final,cvd_rates_v1_0_7,UN_WPP_2024,BRB,persons,2026-08-26,historical_estimate,WHO_WORLD_2000_2025,none,No disclosure restriction identified.,75.098
bnr_cvd_public_metric_v2,CVD-BURDEN-001,cvd_2024_04,quarterly,2014_q4,2014-10-01,2014,10,4,1,stroke,female,all,hospital_registered,hospital_only,not_applicable,observed,quarterly_same_quarter_previous_5yr_mean,,,,count,,,4,insufficient_history,,,,,,,,none,No disclosure restriction identified.,.
bnr_cvd_public_metric_v2,CVD-BURDEN-001,cvd_2024_04,quarterly,2014_q1,2014-01-01,2014,1,1,1,all_cvd,female,all,hospital_registered,hospital_only,not_applicable,observed,quarterly_count,92,,,count,92,,,final,,,,,,,,none,No disclosure restriction identified.,92.000
bnr_cvd_public_metric_v2,CVD-BURDEN-001,cvd_2024_04,quarterly,2014_q2,2014-04-01,2014,4,2,1,heart,female,all,hospital_registered,hospital_only,not_applicable,observed,quarterly_same_quarter_previous_5yr_mean,,,,count,,,4,insufficient_history,,,,,,,,none,No disclosure restriction identified.,.
bnr_cvd_public_metric_v2,CVD-INCIDENCE-001,cvd_2024_04,annual,2014,2014-01-01,2014,,,1,all_cvd,female,all,hospital_registered,hospital_only,not_applicable,observed,annual_crude_rate,254.2302816513256,,,rate_per_100000,369,145144,,final,cvd_rates_v1_0_7,UN_WPP_2024,BRB,persons,2026-08-26,historical_estimate,WHO_WORLD_2000_2025,none,No disclosure restriction identified.,254.230
bnr_cvd_public_metric_v2,CVD-BURDEN-001,cvd_2024_04,quarterly,2014_q1,2014-01-01,2014,1,1,1,heart,female,all,hospital_registered,hospital_only,not_applicable,observed,quarterly_same_quarter_previous_5yr_mean,,,,count,,,4,insufficient_history,,,,,,,,none,No disclosure restriction identified.,.
bnr_cvd_public_metric_v2,CVD-BURDEN-001,cvd_2024_04,quarterly,2014_q4,2014-10-01,2014,10,4,1,heart,female,all,hospital_registered,hospital_only,not_applicable,observed,quarterly_count,29,,,count,29,,,final,,,,,,,,none,No disclosure restriction identified.,29.000
bnr_cvd_public_metric_v2,CVD-INCIDENCE-001,cvd_2024_04,annual,2014,2014-01-01,2014,,,1,stroke,female,all,hospital_registered,hospital_only,not_applicable,observed,annual_crude_rate,179.1324477760018,,,rate_per_100000,260,145144,,final,cvd_rates_v1_0_7,UN_WPP_2024,BRB,persons,2026-08-26,historical_estimate,WHO_WORLD_2000_2025,none,No disclosure restriction identified.,179.132
bnr_cvd_public_metric_v2,CVD-BURDEN-001,cvd_2024_04,annual,2014,2014-01-01,2014,,,1,heart,female,all,hospital_registered,hospital_only,not_applicable,observed,annual_count,109,,,count,109,,,final,,,,,,,,none,No disclosure restriction identified.,109.000
bnr_cvd_public_metric_v2,CVD-BURDEN-001,cvd_2024_04,quarterly,2014_q3,2014-07-01,2014,7,3,1,all_cvd,female,all,hospital_registered,hospital_only,not_applicable,observed,quarterly_count,91,,,count,91,,,final,,,,,,,,none,No disclosure restriction identified.,91.000
bnr_cvd_public_metric_v2,CVD-BURDEN-001,cvd_2024_04,quarterly,2014_q2,2014-04-01,2014,4,2,1,stroke,female,all,hospital_registered,hospital_only,not_applicable,observed,quarterly_count,62,,,count,62,,,final,,,,,,,,none,No disclosure restriction identified.,62.000
bnr_cvd_public_metric_v2,CVD-BURDEN-001,cvd_2024_04,quarterly,2014_q3,2014-07-01,2014,7,3,1,stroke,female,all,hospital_registered,hospital_only,not_applicable,observed,quarterly_count,61,,,count,61,,,final,,,,,,,,none,No disclosure restriction identified.,61.000
bnr_cvd_public_metric_v2,CVD-INCIDENCE-001,cvd_2024_04,annual,2014,2014-01-01,2014,,,1,stroke,female,age_standardised,hospital_registered,hospital_only,not_applicable,observed,annual_age_standardised_rate,107.3773644898409,,,rate_per_100000,,,,final,cvd_rates_v1_0_7,UN_WPP_2024,BRB,persons,2026-08-26,historical_estimate,WHO_WORLD_2000_2025,none,No disclosure restriction identified.,107.377
bnr_cvd_public_metric_v2,CVD-BURDEN-002,cvd_2024_04,annual,2014,2014-01-01,2014,,,1,heart,female,all,hospital_registered,hospital_only,not_applicable,observed,sex_distribution,46.58119658119658,,,percent,109,234,,final,,,,,,,,none,No disclosure restriction identified.,46.581
bnr_cvd_public_metric_v2,CVD-BURDEN-001,cvd_2024_04,quarterly,2014_q1,2014-01-01,2014,1,1,1,heart,female,all,hospital_registered,hospital_only,not_applicable,observed,quarterly_count,26,,,count,26,,,final,,,,,,,,none,No disclosure restriction identified.,26.000
bnr_cvd_public_metric_v2,CVD-BURDEN-001,cvd_2024_04,quarterly,2014_q4,2014-10-01,2014,10,4,1,all_cvd,female,all,hospital_registered,hospital_only,not_applicable,observed,quarterly_count,100,,,count,100,,,final,,,,,,,,none,No disclosure restriction identified.,100.000
bnr_cvd_public_metric_v2,CVD-BURDEN-001,cvd_2024_04,quarterly,2014_q4,2014-10-01,2014,10,4,1,all_cvd,female,all,hospital_registered,hospital_only,not_applicable,observed,quarterly_same_quarter_previous_5yr_mean,,,,count,,,4,insufficient_history,,,,,,,,none,No disclosure restriction identified.,.
bnr_cvd_public_metric_v2,CVD-BURDEN-001,cvd_2024_04,quarterly,2014_q2,2014-04-01,2014,4,2,1,heart,female,all,hospital_registered,hospital_only,not_applicable,observed,quarterly_count,24,,,count,24,,,final,,,,,,,,none,No disclosure restriction identified.,24.000
bnr_cvd_public_metric_v2,CVD-INCIDENCE-001,cvd_2024_04,annual,2014,2014-01-01,2014,,,1,heart,female,age_standardised,hospital_registered,hospital_only,not_applicable,observed,annual_age_standardised_rate,44.85958156514628,,,rate_per_100000,,,,final,cvd_rates_v1_0_7,UN_WPP_2024,BRB,persons,2026-08-26,historical_estimate,WHO_WORLD_2000_2025,none,No disclosure restriction identified.,44.860
bnr_cvd_public_metric_v2,CVD-BURDEN-001,cvd_2024_04,annual,2014,2014-01-01,2014,,,1,stroke,female,all,hospital_registered,hospital_only,not_applicable,observed,annual_previous_5yr_mean,,,,count,,,4,insufficient_history,,,,,,,,none,No disclosure restriction identified.,.
bnr_cvd_public_metric_v2,CVD-BURDEN-002,cvd_2024_04,annual,2014,2014-01-01,2014,,,1,stroke,female,all,hospital_registered,hospital_only,not_applicable,observed,sex_distribution,54.05405405405406,,,percent,260,481,,final,,,,,,,,none,No disclosure restriction identified.,54.054
bnr_cvd_public_metric_v2,CVD-BURDEN-001,cvd_2024_04,annual,2014,2014-01-01,2014,,,1,stroke,female,all,hospital_registered,hospital_only,not_applicable,observed,annual_count,260,,,count,260,,,final,,,,,,,,none,No disclosure restriction identified.,260.000
bnr_cvd_public_metric_v2,CVD-BURDEN-001,cvd_2024_04,quarterly,2014_q3,2014-07-01,2014,7,3,1,stroke,female,all,hospital_registered,hospital_only,not_applicable,observed,quarterly_same_quarter_previous_5yr_mean,,,,count,,,4,insufficient_history,,,,,,,,none,No disclosure restriction identified.,.
bnr_cvd_public_metric_v2,CVD-BURDEN-001,cvd_2024_04,annual,2014,2014-01-01,2014,,,1,all_cvd,female,all,hospital_registered,hospital_only,not_applicable,observed,annual_previous_5yr_mean,,,,count,,,4,insufficient_history,,,,,,,,none,No disclosure restriction identified.,.
bnr_cvd_public_metric_v2,CVD-BURDEN-001,cvd_2024_04,quarterly,2014_q2,2014-04-01,2014,4,2,1,all_cvd,female,all,hospital_registered,hospital_only,not_applicable,observed,quarterly_same_quarter_previous_5yr_mean,,,,count,,,4,insufficient_history,,,,,,,,none,No disclosure restriction identified.,.
bnr_cvd_public_metric_v2,CVD-BURDEN-001,cvd_2024_04,quarterly,2014_q2,2014-04-01,2014,4,2,1,all_cvd,female,all,hospital_registered,hospital_only,not_applicable,observed,quarterly_count,86,,,count,86,,,final,,,,,,,,none,No disclosure restriction identified.,86.000
bnr_cvd_public_metric_v2,CVD-BURDEN-001,cvd_2024_04,quarterly,2014_q4,2014-10-01,2014,10,4,1,stroke,female,all,hospital_registered,hospital_only,not_applicable,observed,quarterly_count,71,,,count,71,,,final,,,,,,,,none,No disclosure restriction identified.,71.000
bnr_cvd_public_metric_v2,CVD-BURDEN-001,cvd_2024_04,quarterly,2014_q3,2014-07-01,2014,7,3,1,heart,female,all,hospital_registered,hospital_only,not_applicable,observed,quarterly_count,30,,,count,30,,,final,,,,,,,,none,No disclosure restriction identified.,30.000
bnr_cvd_public_metric_v2,CVD-BURDEN-001,cvd_2024_04,quarterly,2014_q1,2014-01-01,2014,1,1,1,stroke,female,all,hospital_registered,hospital_only,not_applicable,observed,quarterly_count,66,,,count,66,,,final,,,,,,,,none,No disclosure restriction identified.,66.000
bnr_cvd_public_metric_v2,CVD-BURDEN-001,cvd_2024_04,quarterly,2014_q2,2014-04-01,2014,4,2,1,stroke,female,all,hospital_registered,hospital_only,not_applicable,observed,quarterly_same_quarter_previous_5yr_mean,,,,count,,,4,insufficient_history,,,,,,,,none,No disclosure restriction identified.,.
bnr_cvd_public_metric_v2,CVD-BURDEN-001,cvd_2024_04,quarterly,2014_q1,2014-01-01,2014,1,1,1,stroke,female,all,hospital_registered,hospital_only,not_applicable,observed,quarterly_same_quarter_previous_5yr_mean,,,,count,,,4,insufficient_history,,,,,,,,none,No disclosure restriction identified.,.
bnr_cvd_public_metric_v2,CVD-BURDEN-001,cvd_2024_04,quarterly,2014_q4,2014-10-01,2014,10,4,1,heart,female,all,hospital_registered,hospital_only,not_applicable,observed,quarterly_same_quarter_previous_5yr_mean,,,,count,,,4,insufficient_history,,,,,,,,none,No disclosure restriction identified.,.
bnr_cvd_public_metric_v2,CVD-BURDEN-001,cvd_2024_04,quarterly,2014_q3,2014-07-01,2014,7,3,1,all_cvd,female,all,hospital_registered,hospital_only,not_applicable,observed,quarterly_same_quarter_previous_5yr_mean,,,,count,,,4,insufficient_history,,,,,,,,none,No disclosure restriction identified.,.
bnr_cvd_public_metric_v2,CVD-BURDEN-001,cvd_2024_04,annual,2014,2014-01-01,2014,,,1,all_cvd,male,all,hospital_registered,hospital_only,not_applicable,observed,annual_previous_5yr_mean,,,,count,,,4,insufficient_history,,,,,,,,none,No disclosure restriction identified.,.
bnr_cvd_public_metric_v2,CVD-BURDEN-001,cvd_2024_04,quarterly,2014_q2,2014-04-01,2014,4,2,1,stroke,male,all,hospital_registered,hospital_only,not_applicable,observed,quarterly_count,50,,,count,50,,,final,,,,,,,,none,No disclosure restriction identified.,50.000
bnr_cvd_public_metric_v2,CVD-BURDEN-001,cvd_2024_04,quarterly,2014_q2,2014-04-01,2014,4,2,1,heart,male,all,hospital_registered,hospital_only,not_applicable,observed,quarterly_same_quarter_previous_5yr_mean,,,,count,,,4,insufficient_history,,,,,,,,none,No disclosure restriction identified.,.
bnr_cvd_public_metric_v2,CVD-BURDEN-001,cvd_2024_04,quarterly,2014_q4,2014-10-01,2014,10,4,1,stroke,male,all,hospital_registered,hospital_only,not_applicable,observed,quarterly_count,50,,,count,50,,,final,,,,,,,,none,No disclosure restriction identified.,50.000
bnr_cvd_public_metric_v2,CVD-BURDEN-001,cvd_2024_04,quarterly,2014_q4,2014-10-01,2014,10,4,1,all_cvd,male,all,hospital_registered,hospital_only,not_applicable,observed,quarterly_same_quarter_previous_5yr_mean,,,,count,,,4,insufficient_history,,,,,,,,none,No disclosure restriction identified.,.
bnr_cvd_public_metric_v2,CVD-BURDEN-001,cvd_2024_04,quarterly,2014_q1,2014-01-01,2014,1,1,1,stroke,male,all,hospital_registered,hospital_only,not_applicable,observed,quarterly_count,63,,,count,63,,,final,,,,,,,,none,No disclosure restriction identified.,63.000
bnr_cvd_public_metric_v2,CVD-BURDEN-001,cvd_2024_04,quarterly,2014_q3,2014-07-01,2014,7,3,1,stroke,male,all,hospital_registered,hospital_only,not_applicable,observed,quarterly_count,58,,,count,58,,,final,,,,,,,,none,No disclosure restriction identified.,58.000
bnr_cvd_public_metric_v2,CVD-BURDEN-001,cvd_2024_04,quarterly,2014_q1,2014-01-01,2014,1,1,1,heart,male,all,hospital_registered,hospital_only,not_applicable,observed,quarterly_same_quarter_previous_5yr_mean,,,,count,,,4,insufficient_history,,,,,,,,none,No disclosure restriction identified.,.
bnr_cvd_public_metric_v2,CVD-BURDEN-001,cvd_2024_04,quarterly,2014_q4,2014-10-01,2014,10,4,1,stroke,male,all,hospital_registered,hospital_only,not_applicable,observed,quarterly_same_quarter_previous_5yr_mean,,,,count,,,4,insufficient_history,,,,,,,,none,No disclosure restriction identified.,.
bnr_cvd_public_metric_v2,CVD-INCIDENCE-001,cvd_2024_04,annual,2014,2014-01-01,2014,,,1,heart,male,all,hospital_registered,hospital_only,not_applicable,observed,annual_crude_rate,93.84102579502117,,,rate_per_100000,125,133204,,final,cvd_rates_v1_0_7,UN_WPP_2024,BRB,persons,2026-08-26,historical_estimate,WHO_WORLD_2000_2025,none,No disclosure restriction identified.,93.841
bnr_cvd_public_metric_v2,CVD-BURDEN-001,cvd_2024_04,annual,2014,2014-01-01,2014,,,1,heart,male,all,hospital_registered,hospital_only,not_applicable,observed,annual_previous_5yr_mean,,,,count,,,4,insufficient_history,,,,,,,,none,No disclosure restriction identified.,.
bnr_cvd_public_metric_v2,CVD-BURDEN-001,cvd_2024_04,annual,2014,2014-01-01,2014,,,1,all_cvd,male,all,hospital_registered,hospital_only,not_applicable,observed,annual_count,346,,,count,346,,,final,,,,,,,,none,No disclosure restriction identified.,346.000
bnr_cvd_public_metric_v2,CVD-BURDEN-001,cvd_2024_04,quarterly,2014_q4,2014-10-01,2014,10,4,1,all_cvd,male,all,hospital_registered,hospital_only,not_applicable,observed,quarterly_count,85,,,count,85,,,final,,,,,,,,none,No disclosure restriction identified.,85.000
bnr_cvd_public_metric_v2,CVD-INCIDENCE-001,cvd_2024_04,annual,2014,2014-01-01,2014,,,1,stroke,male,age_standardised,hospital_registered,hospital_only,not_applicable,observed,annual_age_standardised_rate,129.4431604496036,,,rate_per_100000,,,,final,cvd_rates_v1_0_7,UN_WPP_2024,BRB,persons,2026-08-26,historical_estimate,WHO_WORLD_2000_2025,none,No disclosure restriction identified.,129.443
bnr_cvd_public_metric_v2,CVD-BURDEN-002,cvd_2024_04,annual,2014,2014-01-01,2014,,,1,stroke,male,all,hospital_registered,hospital_only,not_applicable,observed,sex_distribution,45.94594594594595,,,percent,221,481,,final,,,,,,,,none,No disclosure restriction identified.,45.946
bnr_cvd_public_metric_v2,CVD-BURDEN-001,cvd_2024_04,annual,2014,2014-01-01,2014,,,1,stroke,male,all,hospital_registered,hospital_only,not_applicable,observed,annual_previous_5yr_mean,,,,count,,,4,insufficient_history,,,,,,,,none,No disclosure restriction identified.,.
bnr_cvd_public_metric_v2,CVD-BURDEN-001,cvd_2024_04,quarterly,2014_q1,2014-01-01,2014,1,1,1,stroke,male,all,hospital_registered,hospital_only,not_applicable,observed,quarterly_same_quarter_previous_5yr_mean,,,,count,,,4,insufficient_history,,,,,,,,none,No disclosure restriction identified.,.
bnr_cvd_public_metric_v2,CVD-BURDEN-001,cvd_2024_04,quarterly,2014_q3,2014-07-01,2014,7,3,1,all_cvd,male,all,hospital_registered,hospital_only,not_applicable,observed,quarterly_count,90,,,count,90,,,final,,,,,,,,none,No disclosure restriction identified.,90.000
bnr_cvd_public_metric_v2,CVD-BURDEN-001,cvd_2024_04,quarterly,2014_q4,2014-10-01,2014,10,4,1,heart,male,all,hospital_registered,hospital_only,not_applicable,observed,quarterly_count,35,,,count,35,,,final,,,,,,,,none,No disclosure restriction identified.,35.000
bnr_cvd_public_metric_v2,CVD-BURDEN-001,cvd_2024_04,quarterly,2014_q3,2014-07-01,2014,7,3,1,heart,male,all,hospital_registered,hospital_only,not_applicable,observed,quarterly_same_quarter_previous_5yr_mean,,,,count,,,4,insufficient_history,,,,,,,,none,No disclosure restriction identified.,.
bnr_cvd_public_metric_v2,CVD-BURDEN-001,cvd_2024_04,annual,2014,2014-01-01,2014,,,1,stroke,male,all,hospital_registered,hospital_only,not_applicable,observed,annual_count,221,,,count,221,,,final,,,,,,,,none,No disclosure restriction identified.,221.000
bnr_cvd_public_metric_v2,CVD-BURDEN-002,cvd_2024_04,annual,2014,2014-01-01,2014,,,1,all_cvd,male,all,hospital_registered,hospital_only,not_applicable,observed,sex_distribution,48.39160839160839,,,percent,346,715,,final,,,,,,,,none,No disclosure restriction identified.,48.392
bnr_cvd_public_metric_v2,CVD-INCIDENCE-001,cvd_2024_04,annual,2014,2014-01-01,2014,,,1,all_cvd,male,all,hospital_registered,hospital_only,not_applicable,observed,annual_crude_rate,259.7519594006186,,,rate_per_100000,346,133204,,final,cvd_rates_v1_0_7,UN_WPP_2024,BRB,persons,2026-08-26,historical_estimate,WHO_WORLD_2000_2025,none,No disclosure restriction identified.,259.752
bnr_cvd_public_metric_v2,CVD-BURDEN-001,cvd_2024_04,quarterly,2014_q2,2014-04-01,2014,4,2,1,stroke,male,all,hospital_registered,hospital_only,not_applicable,observed,quarterly_same_quarter_previous_5yr_mean,,,,count,,,4,insufficient_history,,,,,,,,none,No disclosure restriction identified.,.
bnr_cvd_public_metric_v2,CVD-INCIDENCE-001,cvd_2024_04,annual,2014,2014-01-01,2014,,,1,all_cvd,male,age_standardised,hospital_registered,hospital_only,not_applicable,observed,annual_age_standardised_rate,200.0962979105594,,,rate_per_100000,,,,final,cvd_rates_v1_0_7,UN_WPP_2024,BRB,persons,2026-08-26,historical_estimate,WHO_WORLD_2000_2025,none,No disclosure restriction identified.,200.096
bnr_cvd_public_metric_v2,CVD-BURDEN-001,cvd_2024_04,quarterly,2014_q1,2014-01-01,2014,1,1,1,heart,male,all,hospital_registered,hospital_only,not_applicable,observed,quarterly_count,32,,,count,32,,,final,,,,,,,,none,No disclosure restriction identified.,32.000
bnr_cvd_public_metric_v2,CVD-BURDEN-001,cvd_2024_04,quarterly,2014_q2,2014-04-01,2014,4,2,1,all_cvd,male,all,hospital_registered,hospital_only,not_applicable,observed,quarterly_count,76,,,count,76,,,final,,,,,,,,none,No disclosure restriction identified.,76.000
bnr_cvd_public_metric_v2,CVD-BURDEN-001,cvd_2024_04,quarterly,2014_q2,2014-04-01,2014,4,2,1,all_cvd,male,all,hospital_registered,hospital_only,not_applicable,observed,quarterly_same_quarter_previous_5yr_mean,,,,count,,,4,insufficient_history,,,,,,,,none,No disclosure restriction identified.,.
bnr_cvd_public_metric_v2,CVD-BURDEN-001,cvd_2024_04,quarterly,2014_q1,2014-01-01,2014,1,1,1,all_cvd,male,all,hospital_registered,hospital_only,not_applicable,observed,quarterly_count,95,,,count,95,,,final,,,,,,,,none,No disclosure restriction identified.,95.000
bnr_cvd_public_metric_v2,CVD-INCIDENCE-001,cvd_2024_04,annual,2014,2014-01-01,2014,,,1,stroke,male,all,hospital_registered,hospital_only,not_applicable,observed,annual_crude_rate,165.9109336055974,,,rate_per_100000,221,133204,,final,cvd_rates_v1_0_7,UN_WPP_2024,BRB,persons,2026-08-26,historical_estimate,WHO_WORLD_2000_2025,none,No disclosure restriction identified.,165.911
bnr_cvd_public_metric_v2,CVD-BURDEN-001,cvd_2024_04,quarterly,2014_q3,2014-07-01,2014,7,3,1,all_cvd,male,all,hospital_registered,hospital_only,not_applicable,observed,quarterly_same_quarter_previous_5yr_mean,,,,count,,,4,insufficient_history,,,,,,,,none,No disclosure restriction identified.,.
bnr_cvd_public_metric_v2,CVD-BURDEN-002,cvd_2024_04,annual,2014,2014-01-01,2014,,,1,heart,male,all,hospital_registered,hospital_only,not_applicable,observed,sex_distribution,53.41880341880342,,,percent,125,234,,final,,,,,,,,none,No disclosure restriction identified.,53.419
bnr_cvd_public_metric_v2,CVD-INCIDENCE-001,cvd_2024_04,annual,2014,2014-01-01,2014,,,1,heart,male,age_standardised,hospital_registered,hospital_only,not_applicable,observed,annual_age_standardised_rate,70.65313746095585,,,rate_per_100000,,,,final,cvd_rates_v1_0_7,UN_WPP_2024,BRB,persons,2026-08-26,historical_estimate,WHO_WORLD_2000_2025,none,No disclosure restriction identified.,70.653
bnr_cvd_public_metric_v2,CVD-BURDEN-001,cvd_2024_04,quarterly,2014_q2,2014-04-01,2014,4,2,1,heart,male,all,hospital_registered,hospital_only,not_applicable,observed,quarterly_count,26,,,count,26,,,final,,,,,,,,none,No disclosure restriction identified.,26.000
bnr_cvd_public_metric_v2,CVD-BURDEN-001,cvd_2024_04,quarterly,2014_q3,2014-07-01,2014,7,3,1,heart,male,all,hospital_registered,hospital_only,not_applicable,observed,quarterly_count,32,,,count,32,,,final,,,,,,,,none,No disclosure restriction identified.,32.000
bnr_cvd_public_metric_v2,CVD-BURDEN-001,cvd_2024_04,annual,2014,2014-01-01,2014,,,1,heart,male,all,hospital_registered,hospital_only,not_applicable,observed,annual_count,125,,,count,125,,,final,,,,,,,,none,No disclosure restriction identified.,125.000
bnr_cvd_public_metric_v2,CVD-BURDEN-001,cvd_2024_04,quarterly,2014_q4,2014-10-01,2014,10,4,1,heart,male,all,hospital_registered,hospital_only,not_applicable,observed,quarterly_same_quarter_previous_5yr_mean,,,,count,,,4,insufficient_history,,,,,,,,none,No disclosure restriction identified.,.
bnr_cvd_public_metric_v2,CVD-BURDEN-001,cvd_2024_04,quarterly,2014_q3,2014-07-01,2014,7,3,1,stroke,male,all,hospital_registered,hospital_only,not_applicable,observed,quarterly_same_quarter_previous_5yr_mean,,,,count,,,4,insufficient_history,,,,,,,,none,No disclosure restriction identified.,.
bnr_cvd_public_metric_v2,CVD-BURDEN-001,cvd_2024_04,quarterly,2014_q1,2014-01-01,2014,1,1,1,all_cvd,male,all,hospital_registered,hospital_only,not_applicable,observed,quarterly_same_quarter_previous_5yr_mean,,,,count,,,4,insufficient_history,,,,,,,,none,No disclosure restriction identified.,.
bnr_cvd_public_metric_v2,CVD-BURDEN-001,cvd_2024_04,quarterly,2015_q2,2015-04-01,2015,4,2,1,all_cvd,all,all,hospital_registered,hospital_only,not_applicable,observed,quarterly_same_quarter_previous_5yr_mean,147.8,,,count,739,,5,final,,,,,,,,none,No disclosure restriction identified.,147.800
bnr_cvd_public_metric_v2,CVD-BURDEN-001,cvd_2024_04,monthly,2015_m06,2015-06-01,2015,6,,1,all_cvd,all,all,hospital_registered,hospital_only,not_applicable,observed,monthly_count,48,,,count,48,,,final,,,,,,,,none,No disclosure restriction identified.,48.000
bnr_cvd_public_metric_v2,CVD-BURDEN-001,cvd_2024_04,monthly,2015_m05,2015-05-01,2015,5,,1,all_cvd,all,all,hospital_registered,hospital_only,not_applicable,observed,monthly_count,56,,,count,56,,,final,,,,,,,,none,No disclosure restriction identified.,56.000
bnr_cvd_public_metric_v2,CVD-BURDEN-001,cvd_2024_04,monthly,2015_m03,2015-03-01,2015,3,,1,all_cvd,all,all,hospital_registered,hospital_only,not_applicable,observed,monthly_count,63,,,count,63,,,final,,,,,,,,none,No disclosure restriction identified.,63.000
bnr_cvd_public_metric_v2,CVD-BURDEN-001,cvd_2024_04,monthly,2015_m09,2015-09-01,2015,9,,1,all_cvd,all,all,hospital_registered,hospital_only,not_applicable,observed,monthly_count,46,,,count,46,,,final,,,,,,,,none,No disclosure restriction identified.,46.000
bnr_cvd_public_metric_v2,CVD-BURDEN-001,cvd_2024_04,monthly,2015_m12,2015-12-01,2015,12,,1,all_cvd,all,all,hospital_registered,hospital_only,not_applicable,observed,monthly_count,44,,,count,44,,,final,,,,,,,,none,No disclosure restriction identified.,44.000
bnr_cvd_public_metric_v2,CVD-BURDEN-001,cvd_2024_04,quarterly,2015_q3,2015-07-01,2015,7,3,1,stroke,all,all,hospital_registered,hospital_only,not_applicable,observed,quarterly_same_quarter_previous_5yr_mean,108.8,,,count,544,,5,final,,,,,,,,none,No disclosure restriction identified.,108.800
bnr_cvd_public_metric_v2,CVD-BURDEN-001,cvd_2024_04,monthly,2015_m02,2015-02-01,2015,2,,1,all_cvd,all,all,hospital_registered,hospital_only,not_applicable,observed,monthly_count,66,,,count,66,,,final,,,,,,,,none,No disclosure restriction identified.,66.000
bnr_cvd_public_metric_v2,CVD-BURDEN-001,cvd_2024_04,annual,2015,2015-01-01,2015,,,1,all_cvd,all,all,hospital_registered,hospital_only,not_applicable,observed,annual_previous_5yr_mean,611,,,count,3055,,5,final,,,,,,,,none,No disclosure restriction identified.,611.000
bnr_cvd_public_metric_v2,CVD-BURDEN-001,cvd_2024_04,quarterly,2015_q4,2015-10-01,2015,10,4,1,all_cvd,all,all,hospital_registered,hospital_only,not_applicable,observed,quarterly_same_quarter_previous_5yr_mean,154.8,,,count,774,,5,final,,,,,,,,none,No disclosure restriction identified.,154.800
bnr_cvd_public_metric_v2,CVD-BURDEN-001,cvd_2024_04,quarterly,2015_q4,2015-10-01,2015,10,4,1,all_cvd,all,all,hospital_registered,hospital_only,not_applicable,observed,quarterly_count,177,,,count,177,,,final,,,,,,,,none,No disclosure restriction identified.,177.000
bnr_cvd_public_metric_v2,CVD-BURDEN-001,cvd_2024_04,quarterly,2015_q4,2015-10-01,2015,10,4,1,heart,all,all,hospital_registered,hospital_only,not_applicable,observed,quarterly_same_quarter_previous_5yr_mean,45,,,count,225,,5,final,,,,,,,,none,No disclosure restriction identified.,45.000
bnr_cvd_public_metric_v2,CVD-BURDEN-001,cvd_2024_04,annual,2015,2015-01-01,2015,,,1,all_cvd,all,all,hospital_registered,hospital_only,not_applicable,observed,annual_count,695,,,count,695,,,final,,,,,,,,none,No disclosure restriction identified.,695.000
bnr_cvd_public_metric_v2,CVD-BURDEN-001,cvd_2024_04,annual,2015,2015-01-01,2015,,,1,heart,all,all,hospital_registered,hospital_only,not_applicable,observed,annual_count,211,,,count,211,,,final,,,,,,,,none,No disclosure restriction identified.,211.000
bnr_cvd_public_metric_v2,CVD-BURDEN-001,cvd_2024_04,annual,2015,2015-01-01,2015,,,1,stroke,all,all,hospital_registered,hospital_only,not_applicable,observed,annual_previous_5yr_mean,447.2,,,count,2236,,5,final,,,,,,,,none,No disclosure restriction identified.,447.200
bnr_cvd_public_metric_v2,CVD-BURDEN-002,cvd_2024_04,annual,2015,2015-01-01,2015,,,1,all_cvd,all,under_70,hospital_registered,hospital_only,not_applicable,observed,age_distribution,50.35971223021583,,,percent,350,695,,final,,,,,,,,none,No disclosure restriction identified.,50.360
bnr_cvd_public_metric_v2,CVD-BURDEN-001,cvd_2024_04,quarterly,2015_q2,2015-04-01,2015,4,2,1,all_cvd,all,all,hospital_registered,hospital_only,not_applicable,observed,quarterly_count,159,,,count,159,,,final,,,,,,,,none,No disclosure restriction identified.,159.000
bnr_cvd_public_metric_v2,CVD-BURDEN-001,cvd_2024_04,quarterly,2015_q2,2015-04-01,2015,4,2,1,heart,all,all,hospital_registered,hospital_only,not_applicable,observed,quarterly_same_quarter_previous_5yr_mean,37.4,,,count,187,,5,final,,,,,,,,none,No disclosure restriction identified.,37.400
bnr_cvd_public_metric_v2,CVD-BURDEN-001,cvd_2024_04,quarterly,2015_q4,2015-10-01,2015,10,4,1,stroke,all,all,hospital_registered,hospital_only,not_applicable,observed,quarterly_count,128,,,count,128,,,final,,,,,,,,none,No disclosure restriction identified.,128.000
bnr_cvd_public_metric_v2,CVD-INCIDENCE-001,cvd_2024_04,annual,2015,2015-01-01,2015,,,1,all_cvd,all,all,hospital_registered,hospital_only,not_applicable,observed,annual_crude_rate,249.1128714290835,,,rate_per_100000,695,278990,,final,cvd_rates_v1_0_7,UN_WPP_2024,BRB,persons,2026-08-26,historical_estimate,WHO_WORLD_2000_2025,none,No disclosure restriction identified.,249.113
bnr_cvd_public_metric_v2,CVD-BURDEN-001,cvd_2024_04,monthly,2015_m07,2015-07-01,2015,7,,1,all_cvd,all,all,hospital_registered,hospital_only,not_applicable,observed,monthly_count,63,,,count,63,,,final,,,,,,,,none,No disclosure restriction identified.,63.000
bnr_cvd_public_metric_v2,CVD-BURDEN-002,cvd_2024_04,annual,2015,2015-01-01,2015,,,1,stroke,all,all,hospital_registered,hospital_only,not_applicable,observed,event_type_distribution,69.64028776978417,,,percent,484,695,,final,,,,,,,,none,No disclosure restriction identified.,69.640
bnr_cvd_public_metric_v2,CVD-BURDEN-001,cvd_2024_04,monthly,2015_m04,2015-04-01,2015,4,,1,all_cvd,all,all,hospital_registered,hospital_only,not_applicable,observed,monthly_count,55,,,count,55,,,final,,,,,,,,none,No disclosure restriction identified.,55.000
bnr_cvd_public_metric_v2,CVD-BURDEN-001,cvd_2024_04,quarterly,2015_q4,2015-10-01,2015,10,4,1,stroke,all,all,hospital_registered,hospital_only,not_applicable,observed,quarterly_same_quarter_previous_5yr_mean,109.8,,,count,549,,5,final,,,,,,,,none,No disclosure restriction identified.,109.800
bnr_cvd_public_metric_v2,CVD-INCIDENCE-001,cvd_2024_04,annual,2015,2015-01-01,2015,,,1,stroke,all,age_standardised,hospital_registered,hospital_only,not_applicable,observed,annual_age_standardised_rate,115.4513325664838,,,rate_per_100000,,,,final,cvd_rates_v1_0_7,UN_WPP_2024,BRB,persons,2026-08-26,historical_estimate,WHO_WORLD_2000_2025,none,No disclosure restriction identified.,115.451
bnr_cvd_public_metric_v2,CVD-BURDEN-001,cvd_2024_04,quarterly,2015_q3,2015-07-01,2015,7,3,1,heart,all,all,hospital_registered,hospital_only,not_applicable,observed,quarterly_count,47,,,count,47,,,final,,,,,,,,none,No disclosure restriction identified.,47.000
bnr_cvd_public_metric_v2,CVD-BURDEN-001,cvd_2024_04,quarterly,2015_q3,2015-07-01,2015,7,3,1,all_cvd,all,all,hospital_registered,hospital_only,not_applicable,observed,quarterly_same_quarter_previous_5yr_mean,148.4,,,count,742,,5,final,,,,,,,,none,No disclosure restriction identified.,148.400
bnr_cvd_public_metric_v2,CVD-BURDEN-001,cvd_2024_04,annual,2015,2015-01-01,2015,,,1,all_cvd,all,age_70_plus,hospital_registered,hospital_only,not_applicable,observed,annual_count,345,,,count,345,,,final,,,,,,,,none,No disclosure restriction identified.,345.000
bnr_cvd_public_metric_v2,CVD-BURDEN-002,cvd_2024_04,annual,2015,2015-01-01,2015,,,1,all_cvd,all,age_70_plus,hospital_registered,hospital_only,not_applicable,observed,age_distribution,49.64028776978417,,,percent,345,695,,final,,,,,,,,none,No disclosure restriction identified.,49.640
bnr_cvd_public_metric_v2,CVD-BURDEN-001,cvd_2024_04,annual,2015,2015-01-01,2015,,,1,all_cvd,all,under_70,hospital_registered,hospital_only,not_applicable,observed,annual_count,350,,,count,350,,,final,,,,,,,,none,No disclosure restriction identified.,350.000
bnr_cvd_public_metric_v2,CVD-BURDEN-001,cvd_2024_04,quarterly,2015_q4,2015-10-01,2015,10,4,1,heart,all,all,hospital_registered,hospital_only,not_applicable,observed,quarterly_count,49,,,count,49,,,final,,,,,,,,none,No disclosure restriction identified.,49.000
bnr_cvd_public_metric_v2,CVD-BURDEN-001,cvd_2024_04,quarterly,2015_q1,2015-01-01,2015,1,1,1,all_cvd,all,all,hospital_registered,hospital_only,not_applicable,observed,quarterly_same_quarter_previous_5yr_mean,160,,,count,800,,5,final,,,,,,,,none,No disclosure restriction identified.,160.000
bnr_cvd_public_metric_v2,CVD-BURDEN-001,cvd_2024_04,monthly,2015_m11,2015-11-01,2015,11,,1,all_cvd,all,all,hospital_registered,hospital_only,not_applicable,observed,monthly_count,72,,,count,72,,,final,,,,,,,,none,No disclosure restriction identified.,72.000
bnr_cvd_public_metric_v2,CVD-INCIDENCE-001,cvd_2024_04,annual,2015,2015-01-01,2015,,,1,heart,all,age_standardised,hospital_registered,hospital_only,not_applicable,observed,annual_age_standardised_rate,51.49015582929827,,,rate_per_100000,,,,final,cvd_rates_v1_0_7,UN_WPP_2024,BRB,persons,2026-08-26,historical_estimate,WHO_WORLD_2000_2025,none,No disclosure restriction identified.,51.490
bnr_cvd_public_metric_v2,CVD-BURDEN-001,cvd_2024_04,quarterly,2015_q1,2015-01-01,2015,1,1,1,heart,all,all,hospital_registered,hospital_only,not_applicable,observed,quarterly_same_quarter_previous_5yr_mean,41.8,,,count,209,,5,final,,,,,,,,none,No disclosure restriction identified.,41.800
bnr_cvd_public_metric_v2,CVD-BURDEN-001,cvd_2024_04,annual,2015,2015-01-01,2015,,,1,heart,all,all,hospital_registered,hospital_only,not_applicable,observed,annual_previous_5yr_mean,163.8,,,count,819,,5,final,,,,,,,,none,No disclosure restriction identified.,163.800
bnr_cvd_public_metric_v2,CVD-BURDEN-001,cvd_2024_04,quarterly,2015_q3,2015-07-01,2015,7,3,1,all_cvd,all,all,hospital_registered,hospital_only,not_applicable,observed,quarterly_count,162,,,count,162,,,final,,,,,,,,none,No disclosure restriction identified.,162.000
bnr_cvd_public_metric_v2,CVD-BURDEN-001,cvd_2024_04,quarterly,2015_q1,2015-01-01,2015,1,1,1,heart,all,all,hospital_registered,hospital_only,not_applicable,observed,quarterly_count,62,,,count,62,,,final,,,,,,,,none,No disclosure restriction identified.,62.000
bnr_cvd_public_metric_v2,CVD-BURDEN-001,cvd_2024_04,quarterly,2015_q2,2015-04-01,2015,4,2,1,heart,all,all,hospital_registered,hospital_only,not_applicable,observed,quarterly_count,53,,,count,53,,,final,,,,,,,,none,No disclosure restriction identified.,53.000
bnr_cvd_public_metric_v2,CVD-INCIDENCE-001,cvd_2024_04,annual,2015,2015-01-01,2015,,,1,all_cvd,all,age_standardised,hospital_registered,hospital_only,not_applicable,observed,annual_age_standardised_rate,166.9414883957821,,,rate_per_100000,,,,final,cvd_rates_v1_0_7,UN_WPP_2024,BRB,persons,2026-08-26,historical_estimate,WHO_WORLD_2000_2025,none,No disclosure restriction identified.,166.941
bnr_cvd_public_metric_v2,CVD-BURDEN-001,cvd_2024_04,monthly,2015_m08,2015-08-01,2015,8,,1,all_cvd,all,all,hospital_registered,hospital_only,not_applicable,observed,monthly_count,53,,,count,53,,,final,,,,,,,,none,No disclosure restriction identified.,53.000
bnr_cvd_public_metric_v2,CVD-BURDEN-001,cvd_2024_04,annual,2015,2015-01-01,2015,,,1,all_cvd,all,age_70_plus,hospital_registered,hospital_only,not_applicable,observed,annual_previous_5yr_mean,314.2,,,count,1571,,5,final,,,,,,,,none,No disclosure restriction identified.,314.200
bnr_cvd_public_metric_v2,CVD-BURDEN-001,cvd_2024_04,annual,2015,2015-01-01,2015,,,1,stroke,all,all,hospital_registered,hospital_only,not_applicable,observed,annual_count,484,,,count,484,,,final,,,,,,,,none,No disclosure restriction identified.,484.000
bnr_cvd_public_metric_v2,CVD-BURDEN-001,cvd_2024_04,quarterly,2015_q3,2015-07-01,2015,7,3,1,stroke,all,all,hospital_registered,hospital_only,not_applicable,observed,quarterly_count,115,,,count,115,,,final,,,,,,,,none,No disclosure restriction identified.,115.000
bnr_cvd_public_metric_v2,CVD-BURDEN-001,cvd_2024_04,quarterly,2015_q2,2015-04-01,2015,4,2,1,stroke,all,all,hospital_registered,hospital_only,not_applicable,observed,quarterly_same_quarter_previous_5yr_mean,110.4,,,count,552,,5,final,,,,,,,,none,No disclosure restriction identified.,110.400
bnr_cvd_public_metric_v2,CVD-BURDEN-001,cvd_2024_04,monthly,2015_m01,2015-01-01,2015,1,,1,all_cvd,all,all,hospital_registered,hospital_only,not_applicable,observed,monthly_count,68,,,count,68,,,final,,,,,,,,none,No disclosure restriction identified.,68.000
bnr_cvd_public_metric_v2,CVD-INCIDENCE-001,cvd_2024_04,annual,2015,2015-01-01,2015,,,1,stroke,all,all,hospital_registered,hospital_only,not_applicable,observed,annual_crude_rate,173.4829205347862,,,rate_per_100000,484,278990,,final,cvd_rates_v1_0_7,UN_WPP_2024,BRB,persons,2026-08-26,historical_estimate,WHO_WORLD_2000_2025,none,No disclosure restriction identified.,173.483
bnr_cvd_public_metric_v2,CVD-BURDEN-001,cvd_2024_04,quarterly,2015_q1,2015-01-01,2015,1,1,1,stroke,all,all,hospital_registered,hospital_only,not_applicable,observed,quarterly_same_quarter_previous_5yr_mean,118.2,,,count,591,,5,final,,,,,,,,none,No disclosure restriction identified.,118.200
bnr_cvd_public_metric_v2,CVD-BURDEN-001,cvd_2024_04,monthly,2015_m10,2015-10-01,2015,10,,1,all_cvd,all,all,hospital_registered,hospital_only,not_applicable,observed,monthly_count,61,,,count,61,,,final,,,,,,,,none,No disclosure restriction identified.,61.000
bnr_cvd_public_metric_v2,CVD-BURDEN-001,cvd_2024_04,quarterly,2015_q1,2015-01-01,2015,1,1,1,all_cvd,all,all,hospital_registered,hospital_only,not_applicable,observed,quarterly_count,197,,,count,197,,,final,,,,,,,,none,No disclosure restriction identified.,197.000
bnr_cvd_public_metric_v2,CVD-BURDEN-001,cvd_2024_04,annual,2015,2015-01-01,2015,,,1,all_cvd,all,under_70,hospital_registered,hospital_only,not_applicable,observed,annual_previous_5yr_mean,296.8,,,count,1484,,5,final,,,,,,,,none,No disclosure restriction identified.,296.800
bnr_cvd_public_metric_v2,CVD-BURDEN-001,cvd_2024_04,quarterly,2015_q1,2015-01-01,2015,1,1,1,stroke,all,all,hospital_registered,hospital_only,not_applicable,observed,quarterly_count,135,,,count,135,,,final,,,,,,,,none,No disclosure restriction identified.,135.000
bnr_cvd_public_metric_v2,CVD-BURDEN-001,cvd_2024_04,quarterly,2015_q3,2015-07-01,2015,7,3,1,heart,all,all,hospital_registered,hospital_only,not_applicable,observed,quarterly_same_quarter_previous_5yr_mean,39.6,,,count,198,,5,final,,,,,,,,none,No disclosure restriction identified.,39.600
bnr_cvd_public_metric_v2,CVD-BURDEN-001,cvd_2024_04,quarterly,2015_q2,2015-04-01,2015,4,2,1,stroke,all,all,hospital_registered,hospital_only,not_applicable,observed,quarterly_count,106,,,count,106,,,final,,,,,,,,none,No disclosure restriction identified.,106.000
bnr_cvd_public_metric_v2,CVD-INCIDENCE-001,cvd_2024_04,annual,2015,2015-01-01,2015,,,1,heart,all,all,hospital_registered,hospital_only,not_applicable,observed,annual_crude_rate,75.62995089429728,,,rate_per_100000,211,278990,,final,cvd_rates_v1_0_7,UN_WPP_2024,BRB,persons,2026-08-26,historical_estimate,WHO_WORLD_2000_2025,none,No disclosure restriction identified.,75.630
bnr_cvd_public_metric_v2,CVD-BURDEN-002,cvd_2024_04,annual,2015,2015-01-01,2015,,,1,heart,all,all,hospital_registered,hospital_only,not_applicable,observed,event_type_distribution,30.35971223021583,,,percent,211,695,,final,,,,,,,,none,No disclosure restriction identified.,30.360
bnr_cvd_public_metric_v2,CVD-BURDEN-001,cvd_2024_04,quarterly,2015_q1,2015-01-01,2015,1,1,1,all_cvd,female,all,hospital_registered,hospital_only,not_applicable,observed,quarterly_count,98,,,count,98,,,final,,,,,,,,none,No disclosure restriction identified.,98.000
bnr_cvd_public_metric_v2,CVD-BURDEN-001,cvd_2024_04,quarterly,2015_q1,2015-01-01,2015,1,1,1,stroke,female,all,hospital_registered,hospital_only,not_applicable,observed,quarterly_count,68,,,count,68,,,final,,,,,,,,none,No disclosure restriction identified.,68.000
bnr_cvd_public_metric_v2,CVD-BURDEN-001,cvd_2024_04,quarterly,2015_q2,2015-04-01,2015,4,2,1,heart,female,all,hospital_registered,hospital_only,not_applicable,observed,quarterly_count,22,,,count,22,,,final,,,,,,,,none,No disclosure restriction identified.,22.000
bnr_cvd_public_metric_v2,CVD-BURDEN-001,cvd_2024_04,quarterly,2015_q3,2015-07-01,2015,7,3,1,stroke,female,all,hospital_registered,hospital_only,not_applicable,observed,quarterly_count,70,,,count,70,,,final,,,,,,,,none,No disclosure restriction identified.,70.000
bnr_cvd_public_metric_v2,CVD-BURDEN-001,cvd_2024_04,quarterly,2015_q4,2015-10-01,2015,10,4,1,all_cvd,female,all,hospital_registered,hospital_only,not_applicable,observed,quarterly_same_quarter_previous_5yr_mean,77.8,,,count,389,,5,final,,,,,,,,none,No disclosure restriction identified.,77.800
bnr_cvd_public_metric_v2,CVD-INCIDENCE-001,cvd_2024_04,annual,2015,2015-01-01,2015,,,1,heart,female,age_standardised,hospital_registered,hospital_only,not_applicable,observed,annual_age_standardised_rate,40.76769605668535,,,rate_per_100000,,,,final,cvd_rates_v1_0_7,UN_WPP_2024,BRB,persons,2026-08-26,historical_estimate,WHO_WORLD_2000_2025,none,No disclosure restriction identified.,40.768
bnr_cvd_public_metric_v2,CVD-BURDEN-002,cvd_2024_04,annual,2015,2015-01-01,2015,,,1,heart,female,all,hospital_registered,hospital_only,not_applicable,observed,sex_distribution,47.39336492890995,,,percent,100,211,,final,,,,,,,,none,No disclosure restriction identified.,47.393
bnr_cvd_public_metric_v2,CVD-BURDEN-001,cvd_2024_04,quarterly,2015_q3,2015-07-01,2015,7,3,1,stroke,female,all,hospital_registered,hospital_only,not_applicable,observed,quarterly_same_quarter_previous_5yr_mean,57.6,,,count,288,,5,final,,,,,,,,none,No disclosure restriction identified.,57.600
bnr_cvd_public_metric_v2,CVD-BURDEN-001,cvd_2024_04,quarterly,2015_q2,2015-04-01,2015,4,2,1,all_cvd,female,all,hospital_registered,hospital_only,not_applicable,observed,quarterly_count,73,,,count,73,,,final,,,,,,,,none,No disclosure restriction identified.,73.000
bnr_cvd_public_metric_v2,CVD-BURDEN-001,cvd_2024_04,quarterly,2015_q1,2015-01-01,2015,1,1,1,all_cvd,female,all,hospital_registered,hospital_only,not_applicable,observed,quarterly_same_quarter_previous_5yr_mean,80.2,,,count,401,,5,final,,,,,,,,none,No disclosure restriction identified.,80.200
bnr_cvd_public_metric_v2,CVD-BURDEN-001,cvd_2024_04,annual,2015,2015-01-01,2015,,,1,all_cvd,female,all,hospital_registered,hospital_only,not_applicable,observed,annual_previous_5yr_mean,308.2,,,count,1541,,5,final,,,,,,,,none,No disclosure restriction identified.,308.200
bnr_cvd_public_metric_v2,CVD-BURDEN-001,cvd_2024_04,annual,2015,2015-01-01,2015,,,1,heart,female,all,hospital_registered,hospital_only,not_applicable,observed,annual_count,100,,,count,100,,,final,,,,,,,,none,No disclosure restriction identified.,100.000
bnr_cvd_public_metric_v2,CVD-INCIDENCE-001,cvd_2024_04,annual,2015,2015-01-01,2015,,,1,stroke,female,all,hospital_registered,hospital_only,not_applicable,observed,annual_crude_rate,175.3493233579051,,,rate_per_100000,255,145424,,final,cvd_rates_v1_0_7,UN_WPP_2024,BRB,persons,2026-08-26,historical_estimate,WHO_WORLD_2000_2025,none,No disclosure restriction identified.,175.349
bnr_cvd_public_metric_v2,CVD-BURDEN-001,cvd_2024_04,quarterly,2015_q4,2015-10-01,2015,10,4,1,stroke,female,all,hospital_registered,hospital_only,not_applicable,observed,quarterly_same_quarter_previous_5yr_mean,56,,,count,280,,5,final,,,,,,,,none,No disclosure restriction identified.,56.000
bnr_cvd_public_metric_v2,CVD-INCIDENCE-001,cvd_2024_04,annual,2015,2015-01-01,2015,,,1,all_cvd,female,all,hospital_registered,hospital_only,not_applicable,observed,annual_crude_rate,244.113763890417,,,rate_per_100000,355,145424,,final,cvd_rates_v1_0_7,UN_WPP_2024,BRB,persons,2026-08-26,historical_estimate,WHO_WORLD_2000_2025,none,No disclosure restriction identified.,244.114
bnr_cvd_public_metric_v2,CVD-BURDEN-001,cvd_2024_04,quarterly,2015_q1,2015-01-01,2015,1,1,1,heart,female,all,hospital_registered,hospital_only,not_applicable,observed,quarterly_same_quarter_previous_5yr_mean,17.4,,,count,87,,5,final,,,,,,,,none,No disclosure restriction identified.,17.400
bnr_cvd_public_metric_v2,CVD-BURDEN-001,cvd_2024_04,quarterly,2015_q2,2015-04-01,2015,4,2,1,heart,female,all,hospital_registered,hospital_only,not_applicable,observed,quarterly_same_quarter_previous_5yr_mean,17,,,count,85,,5,final,,,,,,,,none,No disclosure restriction identified.,17.000
bnr_cvd_public_metric_v2,CVD-BURDEN-001,cvd_2024_04,quarterly,2015_q3,2015-07-01,2015,7,3,1,heart,female,all,hospital_registered,hospital_only,not_applicable,observed,quarterly_count,19,,,count,19,,,final,,,,,,,,none,No disclosure restriction identified.,19.000
bnr_cvd_public_metric_v2,CVD-BURDEN-001,cvd_2024_04,quarterly,2015_q1,2015-01-01,2015,1,1,1,stroke,female,all,hospital_registered,hospital_only,not_applicable,observed,quarterly_same_quarter_previous_5yr_mean,62.8,,,count,314,,5,final,,,,,,,,none,No disclosure restriction identified.,62.800
bnr_cvd_public_metric_v2,CVD-BURDEN-001,cvd_2024_04,quarterly,2015_q4,2015-10-01,2015,10,4,1,heart,female,all,hospital_registered,hospital_only,not_applicable,observed,quarterly_count,29,,,count,29,,,final,,,,,,,,none,No disclosure restriction identified.,29.000
bnr_cvd_public_metric_v2,CVD-INCIDENCE-001,cvd_2024_04,annual,2015,2015-01-01,2015,,,1,all_cvd,female,age_standardised,hospital_registered,hospital_only,not_applicable,observed,annual_age_standardised_rate,144.6400483405932,,,rate_per_100000,,,,final,cvd_rates_v1_0_7,UN_WPP_2024,BRB,persons,2026-08-26,historical_estimate,WHO_WORLD_2000_2025,none,No disclosure restriction identified.,144.640
bnr_cvd_public_metric_v2,CVD-BURDEN-001,cvd_2024_04,quarterly,2015_q2,2015-04-01,2015,4,2,1,stroke,female,all,hospital_registered,hospital_only,not_applicable,observed,quarterly_count,51,,,count,51,,,final,,,,,,,,none,No disclosure restriction identified.,51.000
bnr_cvd_public_metric_v2,CVD-INCIDENCE-001,cvd_2024_04,annual,2015,2015-01-01,2015,,,1,stroke,female,age_standardised,hospital_registered,hospital_only,not_applicable,observed,annual_age_standardised_rate,103.8723522839078,,,rate_per_100000,,,,final,cvd_rates_v1_0_7,UN_WPP_2024,BRB,persons,2026-08-26,historical_estimate,WHO_WORLD_2000_2025,none,No disclosure restriction identified.,103.872
bnr_cvd_public_metric_v2,CVD-BURDEN-001,cvd_2024_04,annual,2015,2015-01-01,2015,,,1,stroke,female,all,hospital_registered,hospital_only,not_applicable,observed,annual_count,255,,,count,255,,,final,,,,,,,,none,No disclosure restriction identified.,255.000
bnr_cvd_public_metric_v2,CVD-BURDEN-001,cvd_2024_04,quarterly,2015_q4,2015-10-01,2015,10,4,1,all_cvd,female,all,hospital_registered,hospital_only,not_applicable,observed,quarterly_count,95,,,count,95,,,final,,,,,,,,none,No disclosure restriction identified.,95.000
bnr_cvd_public_metric_v2,CVD-BURDEN-001,cvd_2024_04,annual,2015,2015-01-01,2015,,,1,heart,female,all,hospital_registered,hospital_only,not_applicable,observed,annual_previous_5yr_mean,74.8,,,count,374,,5,final,,,,,,,,none,No disclosure restriction identified.,74.800
bnr_cvd_public_metric_v2,CVD-BURDEN-001,cvd_2024_04,quarterly,2015_q3,2015-07-01,2015,7,3,1,heart,female,all,hospital_registered,hospital_only,not_applicable,observed,quarterly_same_quarter_previous_5yr_mean,18.6,,,count,93,,5,final,,,,,,,,none,No disclosure restriction identified.,18.600
bnr_cvd_public_metric_v2,CVD-INCIDENCE-001,cvd_2024_04,annual,2015,2015-01-01,2015,,,1,heart,female,all,hospital_registered,hospital_only,not_applicable,observed,annual_crude_rate,68.76444053251183,,,rate_per_100000,100,145424,,final,cvd_rates_v1_0_7,UN_WPP_2024,BRB,persons,2026-08-26,historical_estimate,WHO_WORLD_2000_2025,none,No disclosure restriction identified.,68.764
bnr_cvd_public_metric_v2,CVD-BURDEN-001,cvd_2024_04,quarterly,2015_q3,2015-07-01,2015,7,3,1,all_cvd,female,all,hospital_registered,hospital_only,not_applicable,observed,quarterly_count,89,,,count,89,,,final,,,,,,,,none,No disclosure restriction identified.,89.000
bnr_cvd_public_metric_v2,CVD-BURDEN-002,cvd_2024_04,annual,2015,2015-01-01,2015,,,1,all_cvd,female,all,hospital_registered,hospital_only,not_applicable,observed,sex_distribution,51.07913669064749,,,percent,355,695,,final,,,,,,,,none,No disclosure restriction identified.,51.079
bnr_cvd_public_metric_v2,CVD-BURDEN-001,cvd_2024_04,quarterly,2015_q4,2015-10-01,2015,10,4,1,heart,female,all,hospital_registered,hospital_only,not_applicable,observed,quarterly_same_quarter_previous_5yr_mean,21.8,,,count,109,,5,final,,,,,,,,none,No disclosure restriction identified.,21.800
bnr_cvd_public_metric_v2,CVD-BURDEN-001,cvd_2024_04,quarterly,2015_q1,2015-01-01,2015,1,1,1,heart,female,all,hospital_registered,hospital_only,not_applicable,observed,quarterly_count,30,,,count,30,,,final,,,,,,,,none,No disclosure restriction identified.,30.000
bnr_cvd_public_metric_v2,CVD-BURDEN-001,cvd_2024_04,annual,2015,2015-01-01,2015,,,1,all_cvd,female,all,hospital_registered,hospital_only,not_applicable,observed,annual_count,355,,,count,355,,,final,,,,,,,,none,No disclosure restriction identified.,355.000
bnr_cvd_public_metric_v2,CVD-BURDEN-001,cvd_2024_04,quarterly,2015_q4,2015-10-01,2015,10,4,1,stroke,female,all,hospital_registered,hospital_only,not_applicable,observed,quarterly_count,66,,,count,66,,,final,,,,,,,,none,No disclosure restriction identified.,66.000
bnr_cvd_public_metric_v2,CVD-BURDEN-001,cvd_2024_04,quarterly,2015_q2,2015-04-01,2015,4,2,1,stroke,female,all,hospital_registered,hospital_only,not_applicable,observed,quarterly_same_quarter_previous_5yr_mean,57,,,count,285,,5,final,,,,,,,,none,No disclosure restriction identified.,57.000
bnr_cvd_public_metric_v2,CVD-BURDEN-001,cvd_2024_04,quarterly,2015_q2,2015-04-01,2015,4,2,1,all_cvd,female,all,hospital_registered,hospital_only,not_applicable,observed,quarterly_same_quarter_previous_5yr_mean,74,,,count,370,,5,final,,,,,,,,none,No disclosure restriction identified.,74.000
bnr_cvd_public_metric_v2,CVD-BURDEN-001,cvd_2024_04,quarterly,2015_q3,2015-07-01,2015,7,3,1,all_cvd,female,all,hospital_registered,hospital_only,not_applicable,observed,quarterly_same_quarter_previous_5yr_mean,76.2,,,count,381,,5,final,,,,,,,,none,No disclosure restriction identified.,76.200
bnr_cvd_public_metric_v2,CVD-BURDEN-002,cvd_2024_04,annual,2015,2015-01-01,2015,,,1,stroke,female,all,hospital_registered,hospital_only,not_applicable,observed,sex_distribution,52.68595041322314,,,percent,255,484,,final,,,,,,,,none,No disclosure restriction identified.,52.686
bnr_cvd_public_metric_v2,CVD-BURDEN-001,cvd_2024_04,annual,2015,2015-01-01,2015,,,1,stroke,female,all,hospital_registered,hospital_only,not_applicable,observed,annual_previous_5yr_mean,233.4,,,count,1167,,5,final,,,,,,,,none,No disclosure restriction identified.,233.400
bnr_cvd_public_metric_v2,CVD-BURDEN-001,cvd_2024_04,quarterly,2015_q1,2015-01-01,2015,1,1,1,stroke,male,all,hospital_registered,hospital_only,not_applicable,observed,quarterly_count,67,,,count,67,,,final,,,,,,,,none,No disclosure restriction identified.,67.000
bnr_cvd_public_metric_v2,CVD-BURDEN-001,cvd_2024_04,quarterly,2015_q3,2015-07-01,2015,7,3,1,stroke,male,all,hospital_registered,hospital_only,not_applicable,observed,quarterly_count,45,,,count,45,,,final,,,,,,,,none,No disclosure restriction identified.,45.000
bnr_cvd_public_metric_v2,CVD-BURDEN-001,cvd_2024_04,quarterly,2015_q4,2015-10-01,2015,10,4,1,stroke,male,all,hospital_registered,hospital_only,not_applicable,observed,quarterly_count,62,,,count,62,,,final,,,,,,,,none,No disclosure restriction identified.,62.000
bnr_cvd_public_metric_v2,CVD-BURDEN-001,cvd_2024_04,quarterly,2015_q2,2015-04-01,2015,4,2,1,heart,male,all,hospital_registered,hospital_only,not_applicable,observed,quarterly_same_quarter_previous_5yr_mean,20.4,,,count,102,,5,final,,,,,,,,none,No disclosure restriction identified.,20.400
bnr_cvd_public_metric_v2,CVD-BURDEN-001,cvd_2024_04,quarterly,2015_q1,2015-01-01,2015,1,1,1,all_cvd,male,all,hospital_registered,hospital_only,not_applicable,observed,quarterly_count,99,,,count,99,,,final,,,,,,,,none,No disclosure restriction identified.,99.000
bnr_cvd_public_metric_v2,CVD-BURDEN-001,cvd_2024_04,quarterly,2015_q2,2015-04-01,2015,4,2,1,stroke,male,all,hospital_registered,hospital_only,not_applicable,observed,quarterly_count,55,,,count,55,,,final,,,,,,,,none,No disclosure restriction identified.,55.000
bnr_cvd_public_metric_v2,CVD-BURDEN-001,cvd_2024_04,quarterly,2015_q1,2015-01-01,2015,1,1,1,heart,male,all,hospital_registered,hospital_only,not_applicable,observed,quarterly_count,32,,,count,32,,,final,,,,,,,,none,No disclosure restriction identified.,32.000
bnr_cvd_public_metric_v2,CVD-BURDEN-001,cvd_2024_04,quarterly,2015_q2,2015-04-01,2015,4,2,1,all_cvd,male,all,hospital_registered,hospital_only,not_applicable,observed,quarterly_same_quarter_previous_5yr_mean,73.8,,,count,369,,5,final,,,,,,,,none,No disclosure restriction identified.,73.800
bnr_cvd_public_metric_v2,CVD-BURDEN-001,cvd_2024_04,quarterly,2015_q3,2015-07-01,2015,7,3,1,heart,male,all,hospital_registered,hospital_only,not_applicable,observed,quarterly_same_quarter_previous_5yr_mean,21,,,count,105,,5,final,,,,,,,,none,No disclosure restriction identified.,21.000
bnr_cvd_public_metric_v2,CVD-BURDEN-001,cvd_2024_04,quarterly,2015_q4,2015-10-01,2015,10,4,1,stroke,male,all,hospital_registered,hospital_only,not_applicable,observed,quarterly_same_quarter_previous_5yr_mean,53.8,,,count,269,,5,final,,,,,,,,none,No disclosure restriction identified.,53.800
bnr_cvd_public_metric_v2,CVD-BURDEN-001,cvd_2024_04,quarterly,2015_q2,2015-04-01,2015,4,2,1,heart,male,all,hospital_registered,hospital_only,not_applicable,observed,quarterly_count,31,,,count,31,,,final,,,,,,,,none,No disclosure restriction identified.,31.000
bnr_cvd_public_metric_v2,CVD-BURDEN-001,cvd_2024_04,annual,2015,2015-01-01,2015,,,1,all_cvd,male,all,hospital_registered,hospital_only,not_applicable,observed,annual_previous_5yr_mean,302.8,,,count,1514,,5,final,,,,,,,,none,No disclosure restriction identified.,302.800
bnr_cvd_public_metric_v2,CVD-BURDEN-001,cvd_2024_04,quarterly,2015_q3,2015-07-01,2015,7,3,1,all_cvd,male,all,hospital_registered,hospital_only,not_applicable,observed,quarterly_count,73,,,count,73,,,final,,,,,,,,none,No disclosure restriction identified.,73.000
bnr_cvd_public_metric_v2,CVD-BURDEN-001,cvd_2024_04,annual,2015,2015-01-01,2015,,,1,stroke,male,all,hospital_registered,hospital_only,not_applicable,observed,annual_previous_5yr_mean,213.8,,,count,1069,,5,final,,,,,,,,none,No disclosure restriction identified.,213.800
bnr_cvd_public_metric_v2,CVD-BURDEN-001,cvd_2024_04,quarterly,2015_q4,2015-10-01,2015,10,4,1,heart,male,all,hospital_registered,hospital_only,not_applicable,observed,quarterly_count,20,,,count,20,,,final,,,,,,,,none,No disclosure restriction identified.,20.000
bnr_cvd_public_metric_v2,CVD-BURDEN-001,cvd_2024_04,quarterly,2015_q4,2015-10-01,2015,10,4,1,heart,male,all,hospital_registered,hospital_only,not_applicable,observed,quarterly_same_quarter_previous_5yr_mean,23.2,,,count,116,,5,final,,,,,,,,none,No disclosure restriction identified.,23.200
bnr_cvd_public_metric_v2,CVD-INCIDENCE-001,cvd_2024_04,annual,2015,2015-01-01,2015,,,1,heart,male,age_standardised,hospital_registered,hospital_only,not_applicable,observed,annual_age_standardised_rate,62.97829638034592,,,rate_per_100000,,,,final,cvd_rates_v1_0_7,UN_WPP_2024,BRB,persons,2026-08-26,historical_estimate,WHO_WORLD_2000_2025,none,No disclosure restriction identified.,62.978
bnr_cvd_public_metric_v2,CVD-BURDEN-001,cvd_2024_04,quarterly,2015_q1,2015-01-01,2015,1,1,1,stroke,male,all,hospital_registered,hospital_only,not_applicable,observed,quarterly_same_quarter_previous_5yr_mean,55.4,,,count,277,,5,final,,,,,,,,none,No disclosure restriction identified.,55.400
bnr_cvd_public_metric_v2,CVD-BURDEN-001,cvd_2024_04,quarterly,2015_q4,2015-10-01,2015,10,4,1,all_cvd,male,all,hospital_registered,hospital_only,not_applicable,observed,quarterly_same_quarter_previous_5yr_mean,77,,,count,385,,5,final,,,,,,,,none,No disclosure restriction identified.,77.000
bnr_cvd_public_metric_v2,CVD-INCIDENCE-001,cvd_2024_04,annual,2015,2015-01-01,2015,,,1,all_cvd,male,age_standardised,hospital_registered,hospital_only,not_applicable,observed,annual_age_standardised_rate,190.8209631669245,,,rate_per_100000,,,,final,cvd_rates_v1_0_7,UN_WPP_2024,BRB,persons,2026-08-26,historical_estimate,WHO_WORLD_2000_2025,none,No disclosure restriction identified.,190.821
bnr_cvd_public_metric_v2,CVD-BURDEN-001,cvd_2024_04,quarterly,2015_q1,2015-01-01,2015,1,1,1,all_cvd,male,all,hospital_registered,hospital_only,not_applicable,observed,quarterly_same_quarter_previous_5yr_mean,79.8,,,count,399,,5,final,,,,,,,,none,No disclosure restriction identified.,79.800
bnr_cvd_public_metric_v2,CVD-BURDEN-001,cvd_2024_04,quarterly,2015_q3,2015-07-01,2015,7,3,1,stroke,male,all,hospital_registered,hospital_only,not_applicable,observed,quarterly_same_quarter_previous_5yr_mean,51.2,,,count,256,,5,final,,,,,,,,none,No disclosure restriction identified.,51.200
bnr_cvd_public_metric_v2,CVD-BURDEN-002,cvd_2024_04,annual,2015,2015-01-01,2015,,,1,all_cvd,male,all,hospital_registered,hospital_only,not_applicable,observed,sex_distribution,48.92086330935252,,,percent,340,695,,final,,,,,,,,none,No disclosure restriction identified.,48.921
bnr_cvd_public_metric_v2,CVD-BURDEN-001,cvd_2024_04,quarterly,2015_q1,2015-01-01,2015,1,1,1,heart,male,all,hospital_registered,hospital_only,not_applicable,observed,quarterly_same_quarter_previous_5yr_mean,24.4,,,count,122,,5,final,,,,,,,,none,No disclosure restriction identified.,24.400
bnr_cvd_public_metric_v2,CVD-BURDEN-001,cvd_2024_04,annual,2015,2015-01-01,2015,,,1,stroke,male,all,hospital_registered,hospital_only,not_applicable,observed,annual_count,229,,,count,229,,,final,,,,,,,,none,No disclosure restriction identified.,229.000
bnr_cvd_public_metric_v2,CVD-INCIDENCE-001,cvd_2024_04,annual,2015,2015-01-01,2015,,,1,heart,male,all,hospital_registered,hospital_only,not_applicable,observed,annual_crude_rate,83.10498180674722,,,rate_per_100000,111,133566,,final,cvd_rates_v1_0_7,UN_WPP_2024,BRB,persons,2026-08-26,historical_estimate,WHO_WORLD_2000_2025,none,No disclosure restriction identified.,83.105
bnr_cvd_public_metric_v2,CVD-BURDEN-001,cvd_2024_04,annual,2015,2015-01-01,2015,,,1,heart,male,all,hospital_registered,hospital_only,not_applicable,observed,annual_previous_5yr_mean,89,,,count,445,,5,final,,,,,,,,none,No disclosure restriction identified.,89.000
bnr_cvd_public_metric_v2,CVD-BURDEN-002,cvd_2024_04,annual,2015,2015-01-01,2015,,,1,stroke,male,all,hospital_registered,hospital_only,not_applicable,observed,sex_distribution,47.31404958677686,,,percent,229,484,,final,,,,,,,,none,No disclosure restriction identified.,47.314
bnr_cvd_public_metric_v2,CVD-BURDEN-001,cvd_2024_04,annual,2015,2015-01-01,2015,,,1,heart,male,all,hospital_registered,hospital_only,not_applicable,observed,annual_count,111,,,count,111,,,final,,,,,,,,none,No disclosure restriction identified.,111.000
bnr_cvd_public_metric_v2,CVD-INCIDENCE-001,cvd_2024_04,annual,2015,2015-01-01,2015,,,1,all_cvd,male,all,hospital_registered,hospital_only,not_applicable,observed,annual_crude_rate,254.5558001287753,,,rate_per_100000,340,133566,,final,cvd_rates_v1_0_7,UN_WPP_2024,BRB,persons,2026-08-26,historical_estimate,WHO_WORLD_2000_2025,none,No disclosure restriction identified.,254.556
bnr_cvd_public_metric_v2,CVD-BURDEN-001,cvd_2024_04,annual,2015,2015-01-01,2015,,,1,all_cvd,male,all,hospital_registered,hospital_only,not_applicable,observed,annual_count,340,,,count,340,,,final,,,,,,,,none,No disclosure restriction identified.,340.000
bnr_cvd_public_metric_v2,CVD-BURDEN-001,cvd_2024_04,quarterly,2015_q3,2015-07-01,2015,7,3,1,heart,male,all,hospital_registered,hospital_only,not_applicable,observed,quarterly_count,28,,,count,28,,,final,,,,,,,,none,No disclosure restriction identified.,28.000
bnr_cvd_public_metric_v2,CVD-BURDEN-001,cvd_2024_04,quarterly,2015_q4,2015-10-01,2015,10,4,1,all_cvd,male,all,hospital_registered,hospital_only,not_applicable,observed,quarterly_count,82,,,count,82,,,final,,,,,,,,none,No disclosure restriction identified.,82.000
bnr_cvd_public_metric_v2,CVD-BURDEN-001,cvd_2024_04,quarterly,2015_q2,2015-04-01,2015,4,2,1,all_cvd,male,all,hospital_registered,hospital_only,not_applicable,observed,quarterly_count,86,,,count,86,,,final,,,,,,,,none,No disclosure restriction identified.,86.000
bnr_cvd_public_metric_v2,CVD-BURDEN-002,cvd_2024_04,annual,2015,2015-01-01,2015,,,1,heart,male,all,hospital_registered,hospital_only,not_applicable,observed,sex_distribution,52.60663507109005,,,percent,111,211,,final,,,,,,,,none,No disclosure restriction identified.,52.607
bnr_cvd_public_metric_v2,CVD-BURDEN-001,cvd_2024_04,quarterly,2015_q3,2015-07-01,2015,7,3,1,all_cvd,male,all,hospital_registered,hospital_only,not_applicable,observed,quarterly_same_quarter_previous_5yr_mean,72.2,,,count,361,,5,final,,,,,,,,none,No disclosure restriction identified.,72.200
bnr_cvd_public_metric_v2,CVD-INCIDENCE-001,cvd_2024_04,annual,2015,2015-01-01,2015,,,1,stroke,male,all,hospital_registered,hospital_only,not_applicable,observed,annual_crude_rate,171.4508183220281,,,rate_per_100000,229,133566,,final,cvd_rates_v1_0_7,UN_WPP_2024,BRB,persons,2026-08-26,historical_estimate,WHO_WORLD_2000_2025,none,No disclosure restriction identified.,171.451
bnr_cvd_public_metric_v2,CVD-BURDEN-001,cvd_2024_04,quarterly,2015_q2,2015-04-01,2015,4,2,1,stroke,male,all,hospital_registered,hospital_only,not_applicable,observed,quarterly_same_quarter_previous_5yr_mean,53.4,,,count,267,,5,final,,,,,,,,none,No disclosure restriction identified.,53.400
bnr_cvd_public_metric_v2,CVD-INCIDENCE-001,cvd_2024_04,annual,2015,2015-01-01,2015,,,1,stroke,male,age_standardised,hospital_registered,hospital_only,not_applicable,observed,annual_age_standardised_rate,127.8426667865786,,,rate_per_100000,,,,final,cvd_rates_v1_0_7,UN_WPP_2024,BRB,persons,2026-08-26,historical_estimate,WHO_WORLD_2000_2025,none,No disclosure restriction identified.,127.843
bnr_cvd_public_metric_v2,CVD-BURDEN-001,cvd_2024_04,monthly,2016_m05,2016-05-01,2016,5,,1,all_cvd,all,all,hospital_registered,hospital_only,not_applicable,observed,monthly_count,74,,,count,74,,,final,,,,,,,,none,No disclosure restriction identified.,74.000
bnr_cvd_public_metric_v2,CVD-BURDEN-001,cvd_2024_04,quarterly,2016_q4,2016-10-01,2016,10,4,1,stroke,all,all,hospital_registered,hospital_only,not_applicable,observed,quarterly_same_quarter_previous_5yr_mean,114,,,count,570,,5,final,,,,,,,,none,No disclosure restriction identified.,114.000
bnr_cvd_public_metric_v2,CVD-BURDEN-001,cvd_2024_04,annual,2016,2016-01-01,2016,,,1,all_cvd,all,all,hospital_registered,hospital_only,not_applicable,observed,annual_count,780,,,count,780,,,final,,,,,,,,none,No disclosure restriction identified.,780.000
bnr_cvd_public_metric_v2,CVD-BURDEN-001,cvd_2024_04,monthly,2016_m08,2016-08-01,2016,8,,1,all_cvd,all,all,hospital_registered,hospital_only,not_applicable,observed,monthly_count,68,,,count,68,,,final,,,,,,,,none,No disclosure restriction identified.,68.000
bnr_cvd_public_metric_v2,CVD-BURDEN-001,cvd_2024_04,quarterly,2016_q4,2016-10-01,2016,10,4,1,heart,all,all,hospital_registered,hospital_only,not_applicable,observed,quarterly_count,49,,,count,49,,,final,,,,,,,,none,No disclosure restriction identified.,49.000
bnr_cvd_public_metric_v2,CVD-BURDEN-001,cvd_2024_04,quarterly,2016_q3,2016-07-01,2016,7,3,1,stroke,all,all,hospital_registered,hospital_only,not_applicable,observed,quarterly_same_quarter_previous_5yr_mean,111.8,,,count,559,,5,final,,,,,,,,none,No disclosure restriction identified.,111.800
bnr_cvd_public_metric_v2,CVD-BURDEN-001,cvd_2024_04,quarterly,2016_q3,2016-07-01,2016,7,3,1,all_cvd,all,all,hospital_registered,hospital_only,not_applicable,observed,quarterly_same_quarter_previous_5yr_mean,155.6,,,count,778,,5,final,,,,,,,,none,No disclosure restriction identified.,155.600
bnr_cvd_public_metric_v2,CVD-BURDEN-001,cvd_2024_04,monthly,2016_m09,2016-09-01,2016,9,,1,all_cvd,all,all,hospital_registered,hospital_only,not_applicable,observed,monthly_count,67,,,count,67,,,final,,,,,,,,none,No disclosure restriction identified.,67.000
bnr_cvd_public_metric_v2,CVD-BURDEN-001,cvd_2024_04,monthly,2016_m04,2016-04-01,2016,4,,1,all_cvd,all,all,hospital_registered,hospital_only,not_applicable,observed,monthly_count,67,,,count,67,,,final,,,,,,,,none,No disclosure restriction identified.,67.000
bnr_cvd_public_metric_v2,CVD-BURDEN-002,cvd_2024_04,annual,2016,2016-01-01,2016,,,1,all_cvd,all,under_70,hospital_registered,hospital_only,not_applicable,observed,age_distribution,51.15681233933162,,,percent,398,778,,final,,,,,,,,none,No disclosure restriction identified.,51.157
bnr_cvd_public_metric_v2,CVD-BURDEN-001,cvd_2024_04,annual,2016,2016-01-01,2016,,,1,all_cvd,all,under_70,hospital_registered,hospital_only,not_applicable,observed,annual_previous_5yr_mean,314.6,,,count,1573,,5,final,,,,,,,,none,No disclosure restriction identified.,314.600
bnr_cvd_public_metric_v2,CVD-BURDEN-001,cvd_2024_04,annual,2016,2016-01-01,2016,,,1,stroke,all,all,hospital_registered,hospital_only,not_applicable,observed,annual_previous_5yr_mean,458.2,,,count,2291,,5,final,,,,,,,,none,No disclosure restriction identified.,458.200
bnr_cvd_public_metric_v2,CVD-INCIDENCE-001,cvd_2024_04,annual,2016,2016-01-01,2016,,,1,stroke,all,age_standardised,hospital_registered,hospital_only,not_applicable,observed,annual_age_standardised_rate,134.0515308185441,,,rate_per_100000,,,,final,cvd_rates_v1_0_7,UN_WPP_2024,BRB,persons,2026-08-26,historical_estimate,WHO_WORLD_2000_2025,none,No disclosure restriction identified.,134.052
bnr_cvd_public_metric_v2,CVD-BURDEN-001,cvd_2024_04,annual,2016,2016-01-01,2016,,,1,all_cvd,all,under_70,hospital_registered,hospital_only,not_applicable,observed,annual_count,398,,,count,398,,,final,,,,,,,,none,No disclosure restriction identified.,398.000
bnr_cvd_public_metric_v2,CVD-BURDEN-001,cvd_2024_04,quarterly,2016_q2,2016-04-01,2016,4,2,1,all_cvd,all,all,hospital_registered,hospital_only,not_applicable,observed,quarterly_same_quarter_previous_5yr_mean,157,,,count,785,,5,final,,,,,,,,none,No disclosure restriction identified.,157.000
bnr_cvd_public_metric_v2,CVD-BURDEN-002,cvd_2024_04,annual,2016,2016-01-01,2016,,,1,stroke,all,all,hospital_registered,hospital_only,not_applicable,observed,event_type_distribution,72.17948717948718,,,percent,563,780,,final,,,,,,,,none,No disclosure restriction identified.,72.179
bnr_cvd_public_metric_v2,CVD-BURDEN-001,cvd_2024_04,monthly,2016_m11,2016-11-01,2016,11,,1,all_cvd,all,all,hospital_registered,hospital_only,not_applicable,observed,monthly_count,63,,,count,63,,,final,,,,,,,,none,No disclosure restriction identified.,63.000
bnr_cvd_public_metric_v2,CVD-BURDEN-001,cvd_2024_04,quarterly,2016_q4,2016-10-01,2016,10,4,1,stroke,all,all,hospital_registered,hospital_only,not_applicable,observed,quarterly_count,145,,,count,145,,,final,,,,,,,,none,No disclosure restriction identified.,145.000
bnr_cvd_public_metric_v2,CVD-BURDEN-001,cvd_2024_04,monthly,2016_m02,2016-02-01,2016,2,,1,all_cvd,all,all,hospital_registered,hospital_only,not_applicable,observed,monthly_count,55,,,count,55,,,final,,,,,,,,none,No disclosure restriction identified.,55.000
bnr_cvd_public_metric_v2,CVD-BURDEN-001,cvd_2024_04,quarterly,2016_q3,2016-07-01,2016,7,3,1,stroke,all,all,hospital_registered,hospital_only,not_applicable,observed,quarterly_count,147,,,count,147,,,final,,,,,,,,none,No disclosure restriction identified.,147.000
bnr_cvd_public_metric_v2,CVD-BURDEN-001,cvd_2024_04,quarterly,2016_q4,2016-10-01,2016,10,4,1,all_cvd,all,all,hospital_registered,hospital_only,not_applicable,observed,quarterly_same_quarter_previous_5yr_mean,160.2,,,count,801,,5,final,,,,,,,,none,No disclosure restriction identified.,160.200
bnr_cvd_public_metric_v2,CVD-BURDEN-001,cvd_2024_04,quarterly,2016_q3,2016-07-01,2016,7,3,1,heart,all,all,hospital_registered,hospital_only,not_applicable,observed,quarterly_count,52,,,count,52,,,final,,,,,,,,none,No disclosure restriction identified.,52.000
bnr_cvd_public_metric_v2,CVD-BURDEN-001,cvd_2024_04,monthly,2016_m03,2016-03-01,2016,3,,1,all_cvd,all,all,hospital_registered,hospital_only,not_applicable,observed,monthly_count,58,,,count,58,,,final,,,,,,,,none,No disclosure restriction identified.,58.000
bnr_cvd_public_metric_v2,CVD-BURDEN-001,cvd_2024_04,annual,2016,2016-01-01,2016,,,1,all_cvd,all,all,hospital_registered,hospital_only,not_applicable,observed,annual_previous_5yr_mean,639,,,count,3195,,5,final,,,,,,,,none,No disclosure restriction identified.,639.000
bnr_cvd_public_metric_v2,CVD-BURDEN-001,cvd_2024_04,quarterly,2016_q3,2016-07-01,2016,7,3,1,all_cvd,all,all,hospital_registered,hospital_only,not_applicable,observed,quarterly_count,199,,,count,199,,,final,,,,,,,,none,No disclosure restriction identified.,199.000
bnr_cvd_public_metric_v2,CVD-BURDEN-001,cvd_2024_04,quarterly,2016_q2,2016-04-01,2016,4,2,1,stroke,all,all,hospital_registered,hospital_only,not_applicable,observed,quarterly_count,124,,,count,124,,,final,,,,,,,,none,No disclosure restriction identified.,124.000
bnr_cvd_public_metric_v2,CVD-INCIDENCE-001,cvd_2024_04,annual,2016,2016-01-01,2016,,,1,heart,all,age_standardised,hospital_registered,hospital_only,not_applicable,observed,annual_age_standardised_rate,52.39141557950601,,,rate_per_100000,,,,final,cvd_rates_v1_0_7,UN_WPP_2024,BRB,persons,2026-08-26,historical_estimate,WHO_WORLD_2000_2025,none,No disclosure restriction identified.,52.391
bnr_cvd_public_metric_v2,CVD-BURDEN-002,cvd_2024_04,annual,2016,2016-01-01,2016,,,1,all_cvd,all,age_70_plus,hospital_registered,hospital_only,not_applicable,observed,age_distribution,48.84318766066838,,,percent,380,778,,final,,,,,,,,none,No disclosure restriction identified.,48.843
bnr_cvd_public_metric_v2,CVD-BURDEN-001,cvd_2024_04,monthly,2016_m06,2016-06-01,2016,6,,1,all_cvd,all,all,hospital_registered,hospital_only,not_applicable,observed,monthly_count,53,,,count,53,,,final,,,,,,,,none,No disclosure restriction identified.,53.000
bnr_cvd_public_metric_v2,CVD-BURDEN-001,cvd_2024_04,quarterly,2016_q1,2016-01-01,2016,1,1,1,heart,all,all,hospital_registered,hospital_only,not_applicable,observed,quarterly_count,46,,,count,46,,,final,,,,,,,,none,No disclosure restriction identified.,46.000
bnr_cvd_public_metric_v2,CVD-BURDEN-001,cvd_2024_04,quarterly,2016_q4,2016-10-01,2016,10,4,1,all_cvd,all,all,hospital_registered,hospital_only,not_applicable,observed,quarterly_count,194,,,count,194,,,final,,,,,,,,none,No disclosure restriction identified.,194.000
bnr_cvd_public_metric_v2,CVD-BURDEN-001,cvd_2024_04,quarterly,2016_q3,2016-07-01,2016,7,3,1,heart,all,all,hospital_registered,hospital_only,not_applicable,observed,quarterly_same_quarter_previous_5yr_mean,43.8,,,count,219,,5,final,,,,,,,,none,No disclosure restriction identified.,43.800
bnr_cvd_public_metric_v2,CVD-INCIDENCE-001,cvd_2024_04,annual,2016,2016-01-01,2016,,,1,all_cvd,all,all,hospital_registered,hospital_only,not_applicable,observed,annual_crude_rate,278.9724514704173,,,rate_per_100000,780,279597.5,,final,cvd_rates_v1_0_7,UN_WPP_2024,BRB,persons,2026-08-26,historical_estimate,WHO_WORLD_2000_2025,none,No disclosure restriction identified.,278.972
bnr_cvd_public_metric_v2,CVD-BURDEN-001,cvd_2024_04,quarterly,2016_q1,2016-01-01,2016,1,1,1,stroke,all,all,hospital_registered,hospital_only,not_applicable,observed,quarterly_count,147,,,count,147,,,final,,,,,,,,none,No disclosure restriction identified.,147.000
bnr_cvd_public_metric_v2,CVD-BURDEN-001,cvd_2024_04,quarterly,2016_q1,2016-01-01,2016,1,1,1,stroke,all,all,hospital_registered,hospital_only,not_applicable,observed,quarterly_same_quarter_previous_5yr_mean,119.6,,,count,598,,5,final,,,,,,,,none,No disclosure restriction identified.,119.600
bnr_cvd_public_metric_v2,CVD-BURDEN-001,cvd_2024_04,monthly,2016_m12,2016-12-01,2016,12,,1,all_cvd,all,all,hospital_registered,hospital_only,not_applicable,observed,monthly_count,65,,,count,65,,,final,,,,,,,,none,No disclosure restriction identified.,65.000
bnr_cvd_public_metric_v2,CVD-BURDEN-001,cvd_2024_04,annual,2016,2016-01-01,2016,,,1,heart,all,all,hospital_registered,hospital_only,not_applicable,observed,annual_previous_5yr_mean,180.8,,,count,904,,5,final,,,,,,,,none,No disclosure restriction identified.,180.800
bnr_cvd_public_metric_v2,CVD-BURDEN-001,cvd_2024_04,quarterly,2016_q1,2016-01-01,2016,1,1,1,all_cvd,all,all,hospital_registered,hospital_only,not_applicable,observed,quarterly_count,193,,,count,193,,,final,,,,,,,,none,No disclosure restriction identified.,193.000
bnr_cvd_public_metric_v2,CVD-BURDEN-001,cvd_2024_04,quarterly,2016_q1,2016-01-01,2016,1,1,1,all_cvd,all,all,hospital_registered,hospital_only,not_applicable,observed,quarterly_same_quarter_previous_5yr_mean,166.2,,,count,831,,5,final,,,,,,,,none,No disclosure restriction identified.,166.200
bnr_cvd_public_metric_v2,CVD-BURDEN-001,cvd_2024_04,quarterly,2016_q4,2016-10-01,2016,10,4,1,heart,all,all,hospital_registered,hospital_only,not_applicable,observed,quarterly_same_quarter_previous_5yr_mean,46.2,,,count,231,,5,final,,,,,,,,none,No disclosure restriction identified.,46.200
bnr_cvd_public_metric_v2,CVD-BURDEN-001,cvd_2024_04,quarterly,2016_q2,2016-04-01,2016,4,2,1,heart,all,all,hospital_registered,hospital_only,not_applicable,observed,quarterly_same_quarter_previous_5yr_mean,44.2,,,count,221,,5,final,,,,,,,,none,No disclosure restriction identified.,44.200
bnr_cvd_public_metric_v2,CVD-BURDEN-001,cvd_2024_04,quarterly,2016_q2,2016-04-01,2016,4,2,1,all_cvd,all,all,hospital_registered,hospital_only,not_applicable,observed,quarterly_count,194,,,count,194,,,final,,,,,,,,none,No disclosure restriction identified.,194.000
bnr_cvd_public_metric_v2,CVD-BURDEN-002,cvd_2024_04,annual,2016,2016-01-01,2016,,,1,heart,all,all,hospital_registered,hospital_only,not_applicable,observed,event_type_distribution,27.82051282051282,,,percent,217,780,,final,,,,,,,,none,No disclosure restriction identified.,27.821
bnr_cvd_public_metric_v2,CVD-BURDEN-001,cvd_2024_04,monthly,2016_m07,2016-07-01,2016,7,,1,all_cvd,all,all,hospital_registered,hospital_only,not_applicable,observed,monthly_count,64,,,count,64,,,final,,,,,,,,none,No disclosure restriction identified.,64.000
bnr_cvd_public_metric_v2,CVD-BURDEN-001,cvd_2024_04,quarterly,2016_q1,2016-01-01,2016,1,1,1,heart,all,all,hospital_registered,hospital_only,not_applicable,observed,quarterly_same_quarter_previous_5yr_mean,46.6,,,count,233,,5,final,,,,,,,,none,No disclosure restriction identified.,46.600
bnr_cvd_public_metric_v2,CVD-BURDEN-001,cvd_2024_04,monthly,2016_m10,2016-10-01,2016,10,,1,all_cvd,all,all,hospital_registered,hospital_only,not_applicable,observed,monthly_count,66,,,count,66,,,final,,,,,,,,none,No disclosure restriction identified.,66.000
bnr_cvd_public_metric_v2,CVD-INCIDENCE-001,cvd_2024_04,annual,2016,2016-01-01,2016,,,1,all_cvd,all,age_standardised,hospital_registered,hospital_only,not_applicable,observed,annual_age_standardised_rate,186.4429463980501,,,rate_per_100000,,,,final,cvd_rates_v1_0_7,UN_WPP_2024,BRB,persons,2026-08-26,historical_estimate,WHO_WORLD_2000_2025,none,No disclosure restriction identified.,186.443
bnr_cvd_public_metric_v2,CVD-BURDEN-001,cvd_2024_04,annual,2016,2016-01-01,2016,,,1,heart,all,all,hospital_registered,hospital_only,not_applicable,observed,annual_count,217,,,count,217,,,final,,,,,,,,none,No disclosure restriction identified.,217.000
bnr_cvd_public_metric_v2,CVD-INCIDENCE-001,cvd_2024_04,annual,2016,2016-01-01,2016,,,1,stroke,all,all,hospital_registered,hospital_only,not_applicable,observed,annual_crude_rate,201.3608848433909,,,rate_per_100000,563,279597.5,,final,cvd_rates_v1_0_7,UN_WPP_2024,BRB,persons,2026-08-26,historical_estimate,WHO_WORLD_2000_2025,none,No disclosure restriction identified.,201.361
bnr_cvd_public_metric_v2,CVD-BURDEN-001,cvd_2024_04,monthly,2016_m01,2016-01-01,2016,1,,1,all_cvd,all,all,hospital_registered,hospital_only,not_applicable,observed,monthly_count,80,,,count,80,,,final,,,,,,,,none,No disclosure restriction identified.,80.000
bnr_cvd_public_metric_v2,CVD-BURDEN-001,cvd_2024_04,annual,2016,2016-01-01,2016,,,1,stroke,all,all,hospital_registered,hospital_only,not_applicable,observed,annual_count,563,,,count,563,,,final,,,,,,,,none,No disclosure restriction identified.,563.000
bnr_cvd_public_metric_v2,CVD-BURDEN-001,cvd_2024_04,annual,2016,2016-01-01,2016,,,1,all_cvd,all,age_70_plus,hospital_registered,hospital_only,not_applicable,observed,annual_count,380,,,count,380,,,final,,,,,,,,none,No disclosure restriction identified.,380.000
bnr_cvd_public_metric_v2,CVD-BURDEN-001,cvd_2024_04,quarterly,2016_q2,2016-04-01,2016,4,2,1,heart,all,all,hospital_registered,hospital_only,not_applicable,observed,quarterly_count,70,,,count,70,,,final,,,,,,,,none,No disclosure restriction identified.,70.000
bnr_cvd_public_metric_v2,CVD-BURDEN-001,cvd_2024_04,annual,2016,2016-01-01,2016,,,1,all_cvd,all,age_70_plus,hospital_registered,hospital_only,not_applicable,observed,annual_previous_5yr_mean,324.4,,,count,1622,,5,final,,,,,,,,none,No disclosure restriction identified.,324.400
bnr_cvd_public_metric_v2,CVD-INCIDENCE-001,cvd_2024_04,annual,2016,2016-01-01,2016,,,1,heart,all,all,hospital_registered,hospital_only,not_applicable,observed,annual_crude_rate,77.61156662702635,,,rate_per_100000,217,279597.5,,final,cvd_rates_v1_0_7,UN_WPP_2024,BRB,persons,2026-08-26,historical_estimate,WHO_WORLD_2000_2025,none,No disclosure restriction identified.,77.612
bnr_cvd_public_metric_v2,CVD-BURDEN-001,cvd_2024_04,quarterly,2016_q2,2016-04-01,2016,4,2,1,stroke,all,all,hospital_registered,hospital_only,not_applicable,observed,quarterly_same_quarter_previous_5yr_mean,112.8,,,count,564,,5,final,,,,,,,,none,No disclosure restriction identified.,112.800
bnr_cvd_public_metric_v2,CVD-INCIDENCE-001,cvd_2024_04,annual,2016,2016-01-01,2016,,,1,heart,female,age_standardised,hospital_registered,hospital_only,not_applicable,observed,annual_age_standardised_rate,38.69100759870626,,,rate_per_100000,,,,final,cvd_rates_v1_0_7,UN_WPP_2024,BRB,persons,2026-08-26,historical_estimate,WHO_WORLD_2000_2025,none,No disclosure restriction identified.,38.691
bnr_cvd_public_metric_v2,CVD-BURDEN-001,cvd_2024_04,quarterly,2016_q4,2016-10-01,2016,10,4,1,heart,female,all,hospital_registered,hospital_only,not_applicable,observed,quarterly_count,20,,,count,20,,,final,,,,,,,,none,No disclosure restriction identified.,20.000
bnr_cvd_public_metric_v2,CVD-BURDEN-001,cvd_2024_04,quarterly,2016_q2,2016-04-01,2016,4,2,1,stroke,female,all,hospital_registered,hospital_only,not_applicable,observed,quarterly_same_quarter_previous_5yr_mean,57.4,,,count,287,,5,final,,,,,,,,none,No disclosure restriction identified.,57.400
bnr_cvd_public_metric_v2,CVD-INCIDENCE-001,cvd_2024_04,annual,2016,2016-01-01,2016,,,1,all_cvd,female,age_standardised,hospital_registered,hospital_only,not_applicable,observed,annual_age_standardised_rate,162.7127357545848,,,rate_per_100000,,,,final,cvd_rates_v1_0_7,UN_WPP_2024,BRB,persons,2026-08-26,historical_estimate,WHO_WORLD_2000_2025,none,No disclosure restriction identified.,162.713
bnr_cvd_public_metric_v2,CVD-BURDEN-001,cvd_2024_04,quarterly,2016_q1,2016-01-01,2016,1,1,1,heart,female,all,hospital_registered,hospital_only,not_applicable,observed,quarterly_count,18,,,count,18,,,final,,,,,,,,none,No disclosure restriction identified.,18.000
bnr_cvd_public_metric_v2,CVD-BURDEN-001,cvd_2024_04,quarterly,2016_q1,2016-01-01,2016,1,1,1,stroke,female,all,hospital_registered,hospital_only,not_applicable,observed,quarterly_same_quarter_previous_5yr_mean,62.8,,,count,314,,5,final,,,,,,,,none,No disclosure restriction identified.,62.800
bnr_cvd_public_metric_v2,CVD-BURDEN-001,cvd_2024_04,quarterly,2016_q3,2016-07-01,2016,7,3,1,stroke,female,all,hospital_registered,hospital_only,not_applicable,observed,quarterly_count,81,,,count,81,,,final,,,,,,,,none,No disclosure restriction identified.,81.000
bnr_cvd_public_metric_v2,CVD-INCIDENCE-001,cvd_2024_04,annual,2016,2016-01-01,2016,,,1,heart,female,all,hospital_registered,hospital_only,not_applicable,observed,annual_crude_rate,65.20672246989336,,,rate_per_100000,95,145690.5,,final,cvd_rates_v1_0_7,UN_WPP_2024,BRB,persons,2026-08-26,historical_estimate,WHO_WORLD_2000_2025,none,No disclosure restriction identified.,65.207
bnr_cvd_public_metric_v2,CVD-BURDEN-001,cvd_2024_04,quarterly,2016_q2,2016-04-01,2016,4,2,1,all_cvd,female,all,hospital_registered,hospital_only,not_applicable,observed,quarterly_same_quarter_previous_5yr_mean,77.2,,,count,386,,5,final,,,,,,,,none,No disclosure restriction identified.,77.200
bnr_cvd_public_metric_v2,CVD-BURDEN-001,cvd_2024_04,annual,2016,2016-01-01,2016,,,1,all_cvd,female,all,hospital_registered,hospital_only,not_applicable,observed,annual_count,397,,,count,397,,,final,,,,,,,,none,No disclosure restriction identified.,397.000
bnr_cvd_public_metric_v2,CVD-BURDEN-001,cvd_2024_04,quarterly,2016_q3,2016-07-01,2016,7,3,1,all_cvd,female,all,hospital_registered,hospital_only,not_applicable,observed,quarterly_count,107,,,count,107,,,final,,,,,,,,none,No disclosure restriction identified.,107.000
bnr_cvd_public_metric_v2,CVD-BURDEN-001,cvd_2024_04,quarterly,2016_q4,2016-10-01,2016,10,4,1,stroke,female,all,hospital_registered,hospital_only,not_applicable,observed,quarterly_count,78,,,count,78,,,final,,,,,,,,none,No disclosure restriction identified.,78.000
bnr_cvd_public_metric_v2,CVD-BURDEN-001,cvd_2024_04,annual,2016,2016-01-01,2016,,,1,stroke,female,all,hospital_registered,hospital_only,not_applicable,observed,annual_count,302,,,count,302,,,final,,,,,,,,none,No disclosure restriction identified.,302.000
bnr_cvd_public_metric_v2,CVD-BURDEN-001,cvd_2024_04,quarterly,2016_q3,2016-07-01,2016,7,3,1,heart,female,all,hospital_registered,hospital_only,not_applicable,observed,quarterly_same_quarter_previous_5yr_mean,20.2,,,count,101,,5,final,,,,,,,,none,No disclosure restriction identified.,20.200
bnr_cvd_public_metric_v2,CVD-BURDEN-001,cvd_2024_04,quarterly,2016_q3,2016-07-01,2016,7,3,1,all_cvd,female,all,hospital_registered,hospital_only,not_applicable,observed,quarterly_same_quarter_previous_5yr_mean,81.2,,,count,406,,5,final,,,,,,,,none,No disclosure restriction identified.,81.200
bnr_cvd_public_metric_v2,CVD-BURDEN-001,cvd_2024_04,annual,2016,2016-01-01,2016,,,1,stroke,female,all,hospital_registered,hospital_only,not_applicable,observed,annual_previous_5yr_mean,239.2,,,count,1196,,5,final,,,,,,,,none,No disclosure restriction identified.,239.200
bnr_cvd_public_metric_v2,CVD-BURDEN-001,cvd_2024_04,annual,2016,2016-01-01,2016,,,1,all_cvd,female,all,hospital_registered,hospital_only,not_applicable,observed,annual_previous_5yr_mean,322,,,count,1610,,5,final,,,,,,,,none,No disclosure restriction identified.,322.000
bnr_cvd_public_metric_v2,CVD-BURDEN-001,cvd_2024_04,quarterly,2016_q2,2016-04-01,2016,4,2,1,heart,female,all,hospital_registered,hospital_only,not_applicable,observed,quarterly_same_quarter_previous_5yr_mean,19.8,,,count,99,,5,final,,,,,,,,none,No disclosure restriction identified.,19.800
bnr_cvd_public_metric_v2,CVD-BURDEN-001,cvd_2024_04,annual,2016,2016-01-01,2016,,,1,heart,female,all,hospital_registered,hospital_only,not_applicable,observed,annual_previous_5yr_mean,82.8,,,count,414,,5,final,,,,,,,,none,No disclosure restriction identified.,82.800
bnr_cvd_public_metric_v2,CVD-BURDEN-001,cvd_2024_04,quarterly,2016_q1,2016-01-01,2016,1,1,1,all_cvd,female,all,hospital_registered,hospital_only,not_applicable,observed,quarterly_count,101,,,count,101,,,final,,,,,,,,none,No disclosure restriction identified.,101.000
bnr_cvd_public_metric_v2,CVD-INCIDENCE-001,cvd_2024_04,annual,2016,2016-01-01,2016,,,1,stroke,female,age_standardised,hospital_registered,hospital_only,not_applicable,observed,annual_age_standardised_rate,124.0217281558785,,,rate_per_100000,,,,final,cvd_rates_v1_0_7,UN_WPP_2024,BRB,persons,2026-08-26,historical_estimate,WHO_WORLD_2000_2025,none,No disclosure restriction identified.,124.022
bnr_cvd_public_metric_v2,CVD-BURDEN-001,cvd_2024_04,quarterly,2016_q1,2016-01-01,2016,1,1,1,stroke,female,all,hospital_registered,hospital_only,not_applicable,observed,quarterly_count,83,,,count,83,,,final,,,,,,,,none,No disclosure restriction identified.,83.000
bnr_cvd_public_metric_v2,CVD-BURDEN-002,cvd_2024_04,annual,2016,2016-01-01,2016,,,1,stroke,female,all,hospital_registered,hospital_only,not_applicable,observed,sex_distribution,53.64120781527532,,,percent,302,563,,final,,,,,,,,none,No disclosure restriction identified.,53.641
bnr_cvd_public_metric_v2,CVD-BURDEN-002,cvd_2024_04,annual,2016,2016-01-01,2016,,,1,all_cvd,female,all,hospital_registered,hospital_only,not_applicable,observed,sex_distribution,50.8974358974359,,,percent,397,780,,final,,,,,,,,none,No disclosure restriction identified.,50.897
bnr_cvd_public_metric_v2,CVD-BURDEN-001,cvd_2024_04,quarterly,2016_q4,2016-10-01,2016,10,4,1,stroke,female,all,hospital_registered,hospital_only,not_applicable,observed,quarterly_same_quarter_previous_5yr_mean,58,,,count,290,,5,final,,,,,,,,none,No disclosure restriction identified.,58.000
bnr_cvd_public_metric_v2,CVD-BURDEN-001,cvd_2024_04,quarterly,2016_q1,2016-01-01,2016,1,1,1,heart,female,all,hospital_registered,hospital_only,not_applicable,observed,quarterly_same_quarter_previous_5yr_mean,19.8,,,count,99,,5,final,,,,,,,,none,No disclosure restriction identified.,19.800
bnr_cvd_public_metric_v2,CVD-BURDEN-001,cvd_2024_04,quarterly,2016_q3,2016-07-01,2016,7,3,1,stroke,female,all,hospital_registered,hospital_only,not_applicable,observed,quarterly_same_quarter_previous_5yr_mean,61,,,count,305,,5,final,,,,,,,,none,No disclosure restriction identified.,61.000
bnr_cvd_public_metric_v2,CVD-BURDEN-001,cvd_2024_04,quarterly,2016_q2,2016-04-01,2016,4,2,1,stroke,female,all,hospital_registered,hospital_only,not_applicable,observed,quarterly_count,60,,,count,60,,,final,,,,,,,,none,No disclosure restriction identified.,60.000
bnr_cvd_public_metric_v2,CVD-BURDEN-001,cvd_2024_04,quarterly,2016_q4,2016-10-01,2016,10,4,1,all_cvd,female,all,hospital_registered,hospital_only,not_applicable,observed,quarterly_same_quarter_previous_5yr_mean,81,,,count,405,,5,final,,,,,,,,none,No disclosure restriction identified.,81.000
bnr_cvd_public_metric_v2,CVD-BURDEN-001,cvd_2024_04,annual,2016,2016-01-01,2016,,,1,heart,female,all,hospital_registered,hospital_only,not_applicable,observed,annual_count,95,,,count,95,,,final,,,,,,,,none,No disclosure restriction identified.,95.000
bnr_cvd_public_metric_v2,CVD-INCIDENCE-001,cvd_2024_04,annual,2016,2016-01-01,2016,,,1,stroke,female,all,hospital_registered,hospital_only,not_applicable,observed,annual_crude_rate,207.2887387990295,,,rate_per_100000,302,145690.5,,final,cvd_rates_v1_0_7,UN_WPP_2024,BRB,persons,2026-08-26,historical_estimate,WHO_WORLD_2000_2025,none,No disclosure restriction identified.,207.289
bnr_cvd_public_metric_v2,CVD-BURDEN-001,cvd_2024_04,quarterly,2016_q2,2016-04-01,2016,4,2,1,heart,female,all,hospital_registered,hospital_only,not_applicable,observed,quarterly_count,31,,,count,31,,,final,,,,,,,,none,No disclosure restriction identified.,31.000
bnr_cvd_public_metric_v2,CVD-BURDEN-001,cvd_2024_04,quarterly,2016_q3,2016-07-01,2016,7,3,1,heart,female,all,hospital_registered,hospital_only,not_applicable,observed,quarterly_count,26,,,count,26,,,final,,,,,,,,none,No disclosure restriction identified.,26.000
bnr_cvd_public_metric_v2,CVD-BURDEN-001,cvd_2024_04,quarterly,2016_q4,2016-10-01,2016,10,4,1,all_cvd,female,all,hospital_registered,hospital_only,not_applicable,observed,quarterly_count,98,,,count,98,,,final,,,,,,,,none,No disclosure restriction identified.,98.000
bnr_cvd_public_metric_v2,CVD-BURDEN-002,cvd_2024_04,annual,2016,2016-01-01,2016,,,1,heart,female,all,hospital_registered,hospital_only,not_applicable,observed,sex_distribution,43.77880184331797,,,percent,95,217,,final,,,,,,,,none,No disclosure restriction identified.,43.779
bnr_cvd_public_metric_v2,CVD-BURDEN-001,cvd_2024_04,quarterly,2016_q2,2016-04-01,2016,4,2,1,all_cvd,female,all,hospital_registered,hospital_only,not_applicable,observed,quarterly_count,91,,,count,91,,,final,,,,,,,,none,No disclosure restriction identified.,91.000
bnr_cvd_public_metric_v2,CVD-INCIDENCE-001,cvd_2024_04,annual,2016,2016-01-01,2016,,,1,all_cvd,female,all,hospital_registered,hospital_only,not_applicable,observed,annual_crude_rate,272.4954612689228,,,rate_per_100000,397,145690.5,,final,cvd_rates_v1_0_7,UN_WPP_2024,BRB,persons,2026-08-26,historical_estimate,WHO_WORLD_2000_2025,none,No disclosure restriction identified.,272.495
bnr_cvd_public_metric_v2,CVD-BURDEN-001,cvd_2024_04,quarterly,2016_q4,2016-10-01,2016,10,4,1,heart,female,all,hospital_registered,hospital_only,not_applicable,observed,quarterly_same_quarter_previous_5yr_mean,23,,,count,115,,5,final,,,,,,,,none,No disclosure restriction identified.,23.000
bnr_cvd_public_metric_v2,CVD-BURDEN-001,cvd_2024_04,quarterly,2016_q1,2016-01-01,2016,1,1,1,all_cvd,female,all,hospital_registered,hospital_only,not_applicable,observed,quarterly_same_quarter_previous_5yr_mean,82.59999999999999,,,count,413,,5,final,,,,,,,,none,No disclosure restriction identified.,82.600
bnr_cvd_public_metric_v2,CVD-BURDEN-001,cvd_2024_04,quarterly,2016_q4,2016-10-01,2016,10,4,1,heart,male,all,hospital_registered,hospital_only,not_applicable,observed,quarterly_same_quarter_previous_5yr_mean,23.2,,,count,116,,5,final,,,,,,,,none,No disclosure restriction identified.,23.200
bnr_cvd_public_metric_v2,CVD-BURDEN-001,cvd_2024_04,quarterly,2016_q4,2016-10-01,2016,10,4,1,heart,male,all,hospital_registered,hospital_only,not_applicable,observed,quarterly_count,29,,,count,29,,,final,,,,,,,,none,No disclosure restriction identified.,29.000
bnr_cvd_public_metric_v2,CVD-BURDEN-001,cvd_2024_04,quarterly,2016_q4,2016-10-01,2016,10,4,1,all_cvd,male,all,hospital_registered,hospital_only,not_applicable,observed,quarterly_count,96,,,count,96,,,final,,,,,,,,none,No disclosure restriction identified.,96.000
bnr_cvd_public_metric_v2,CVD-BURDEN-001,cvd_2024_04,quarterly,2016_q2,2016-04-01,2016,4,2,1,stroke,male,all,hospital_registered,hospital_only,not_applicable,observed,quarterly_count,64,,,count,64,,,final,,,,,,,,none,No disclosure restriction identified.,64.000
bnr_cvd_public_metric_v2,CVD-INCIDENCE-001,cvd_2024_04,annual,2016,2016-01-01,2016,,,1,all_cvd,male,age_standardised,hospital_registered,hospital_only,not_applicable,observed,annual_age_standardised_rate,211.8497099736831,,,rate_per_100000,,,,final,cvd_rates_v1_0_7,UN_WPP_2024,BRB,persons,2026-08-26,historical_estimate,WHO_WORLD_2000_2025,none,No disclosure restriction identified.,211.850
bnr_cvd_public_metric_v2,CVD-BURDEN-001,cvd_2024_04,quarterly,2016_q3,2016-07-01,2016,7,3,1,stroke,male,all,hospital_registered,hospital_only,not_applicable,observed,quarterly_count,66,,,count,66,,,final,,,,,,,,none,No disclosure restriction identified.,66.000
bnr_cvd_public_metric_v2,CVD-BURDEN-001,cvd_2024_04,annual,2016,2016-01-01,2016,,,1,all_cvd,male,all,hospital_registered,hospital_only,not_applicable,observed,annual_count,383,,,count,383,,,final,,,,,,,,none,No disclosure restriction identified.,383.000
bnr_cvd_public_metric_v2,CVD-INCIDENCE-001,cvd_2024_04,annual,2016,2016-01-01,2016,,,1,stroke,male,age_standardised,hospital_registered,hospital_only,not_applicable,observed,annual_age_standardised_rate,143.7509227767182,,,rate_per_100000,,,,final,cvd_rates_v1_0_7,UN_WPP_2024,BRB,persons,2026-08-26,historical_estimate,WHO_WORLD_2000_2025,none,No disclosure restriction identified.,143.751
bnr_cvd_public_metric_v2,CVD-BURDEN-001,cvd_2024_04,quarterly,2016_q1,2016-01-01,2016,1,1,1,all_cvd,male,all,hospital_registered,hospital_only,not_applicable,observed,quarterly_same_quarter_previous_5yr_mean,83.59999999999999,,,count,418,,5,final,,,,,,,,none,No disclosure restriction identified.,83.600
bnr_cvd_public_metric_v2,CVD-BURDEN-002,cvd_2024_04,annual,2016,2016-01-01,2016,,,1,stroke,male,all,hospital_registered,hospital_only,not_applicable,observed,sex_distribution,46.35879218472469,,,percent,261,563,,final,,,,,,,,none,No disclosure restriction identified.,46.359
bnr_cvd_public_metric_v2,CVD-BURDEN-001,cvd_2024_04,annual,2016,2016-01-01,2016,,,1,heart,male,all,hospital_registered,hospital_only,not_applicable,observed,annual_previous_5yr_mean,98,,,count,490,,5,final,,,,,,,,none,No disclosure restriction identified.,98.000
bnr_cvd_public_metric_v2,CVD-BURDEN-001,cvd_2024_04,quarterly,2016_q3,2016-07-01,2016,7,3,1,all_cvd,male,all,hospital_registered,hospital_only,not_applicable,observed,quarterly_same_quarter_previous_5yr_mean,74.40000000000001,,,count,372,,5,final,,,,,,,,none,No disclosure restriction identified.,74.400
bnr_cvd_public_metric_v2,CVD-BURDEN-001,cvd_2024_04,annual,2016,2016-01-01,2016,,,1,stroke,male,all,hospital_registered,hospital_only,not_applicable,observed,annual_count,261,,,count,261,,,final,,,,,,,,none,No disclosure restriction identified.,261.000
bnr_cvd_public_metric_v2,CVD-INCIDENCE-001,cvd_2024_04,annual,2016,2016-01-01,2016,,,1,heart,male,age_standardised,hospital_registered,hospital_only,not_applicable,observed,annual_age_standardised_rate,68.09878719696495,,,rate_per_100000,,,,final,cvd_rates_v1_0_7,UN_WPP_2024,BRB,persons,2026-08-26,historical_estimate,WHO_WORLD_2000_2025,none,No disclosure restriction identified.,68.099
bnr_cvd_public_metric_v2,CVD-BURDEN-001,cvd_2024_04,quarterly,2016_q4,2016-10-01,2016,10,4,1,stroke,male,all,hospital_registered,hospital_only,not_applicable,observed,quarterly_same_quarter_previous_5yr_mean,56,,,count,280,,5,final,,,,,,,,none,No disclosure restriction identified.,56.000
bnr_cvd_public_metric_v2,CVD-BURDEN-001,cvd_2024_04,quarterly,2016_q4,2016-10-01,2016,10,4,1,stroke,male,all,hospital_registered,hospital_only,not_applicable,observed,quarterly_count,67,,,count,67,,,final,,,,,,,,none,No disclosure restriction identified.,67.000
bnr_cvd_public_metric_v2,CVD-BURDEN-001,cvd_2024_04,quarterly,2016_q3,2016-07-01,2016,7,3,1,stroke,male,all,hospital_registered,hospital_only,not_applicable,observed,quarterly_same_quarter_previous_5yr_mean,50.8,,,count,254,,5,final,,,,,,,,none,No disclosure restriction identified.,50.800
bnr_cvd_public_metric_v2,CVD-BURDEN-001,cvd_2024_04,quarterly,2016_q2,2016-04-01,2016,4,2,1,all_cvd,male,all,hospital_registered,hospital_only,not_applicable,observed,quarterly_same_quarter_previous_5yr_mean,79.8,,,count,399,,5,final,,,,,,,,none,No disclosure restriction identified.,79.800
bnr_cvd_public_metric_v2,CVD-BURDEN-001,cvd_2024_04,annual,2016,2016-01-01,2016,,,1,all_cvd,male,all,hospital_registered,hospital_only,not_applicable,observed,annual_previous_5yr_mean,317,,,count,1585,,5,final,,,,,,,,none,No disclosure restriction identified.,317.000
bnr_cvd_public_metric_v2,CVD-BURDEN-001,cvd_2024_04,quarterly,2016_q1,2016-01-01,2016,1,1,1,stroke,male,all,hospital_registered,hospital_only,not_applicable,observed,quarterly_same_quarter_previous_5yr_mean,56.8,,,count,284,,5,final,,,,,,,,none,No disclosure restriction identified.,56.800
bnr_cvd_public_metric_v2,CVD-BURDEN-001,cvd_2024_04,quarterly,2016_q3,2016-07-01,2016,7,3,1,all_cvd,male,all,hospital_registered,hospital_only,not_applicable,observed,quarterly_count,92,,,count,92,,,final,,,,,,,,none,No disclosure restriction identified.,92.000
bnr_cvd_public_metric_v2,CVD-BURDEN-001,cvd_2024_04,quarterly,2016_q1,2016-01-01,2016,1,1,1,heart,male,all,hospital_registered,hospital_only,not_applicable,observed,quarterly_same_quarter_previous_5yr_mean,26.8,,,count,134,,5,final,,,,,,,,none,No disclosure restriction identified.,26.800
bnr_cvd_public_metric_v2,CVD-BURDEN-001,cvd_2024_04,quarterly,2016_q1,2016-01-01,2016,1,1,1,heart,male,all,hospital_registered,hospital_only,not_applicable,observed,quarterly_count,28,,,count,28,,,final,,,,,,,,none,No disclosure restriction identified.,28.000
bnr_cvd_public_metric_v2,CVD-INCIDENCE-001,cvd_2024_04,annual,2016,2016-01-01,2016,,,1,all_cvd,male,all,hospital_registered,hospital_only,not_applicable,observed,annual_crude_rate,286.0194015249389,,,rate_per_100000,383,133907,,final,cvd_rates_v1_0_7,UN_WPP_2024,BRB,persons,2026-08-26,historical_estimate,WHO_WORLD_2000_2025,none,No disclosure restriction identified.,286.019
bnr_cvd_public_metric_v2,CVD-BURDEN-002,cvd_2024_04,annual,2016,2016-01-01,2016,,,1,heart,male,all,hospital_registered,hospital_only,not_applicable,observed,sex_distribution,56.22119815668203,,,percent,122,217,,final,,,,,,,,none,No disclosure restriction identified.,56.221
bnr_cvd_public_metric_v2,CVD-BURDEN-001,cvd_2024_04,quarterly,2016_q4,2016-10-01,2016,10,4,1,all_cvd,male,all,hospital_registered,hospital_only,not_applicable,observed,quarterly_same_quarter_previous_5yr_mean,79.2,,,count,396,,5,final,,,,,,,,none,No disclosure restriction identified.,79.200
bnr_cvd_public_metric_v2,CVD-BURDEN-001,cvd_2024_04,quarterly,2016_q1,2016-01-01,2016,1,1,1,stroke,male,all,hospital_registered,hospital_only,not_applicable,observed,quarterly_count,64,,,count,64,,,final,,,,,,,,none,No disclosure restriction identified.,64.000
bnr_cvd_public_metric_v2,CVD-BURDEN-001,cvd_2024_04,quarterly,2016_q3,2016-07-01,2016,7,3,1,heart,male,all,hospital_registered,hospital_only,not_applicable,observed,quarterly_count,26,,,count,26,,,final,,,,,,,,none,No disclosure restriction identified.,26.000
bnr_cvd_public_metric_v2,CVD-BURDEN-001,cvd_2024_04,annual,2016,2016-01-01,2016,,,1,stroke,male,all,hospital_registered,hospital_only,not_applicable,observed,annual_previous_5yr_mean,219,,,count,1095,,5,final,,,,,,,,none,No disclosure restriction identified.,219.000
bnr_cvd_public_metric_v2,CVD-BURDEN-001,cvd_2024_04,quarterly,2016_q3,2016-07-01,2016,7,3,1,heart,male,all,hospital_registered,hospital_only,not_applicable,observed,quarterly_same_quarter_previous_5yr_mean,23.6,,,count,118,,5,final,,,,,,,,none,No disclosure restriction identified.,23.600
bnr_cvd_public_metric_v2,CVD-BURDEN-002,cvd_2024_04,annual,2016,2016-01-01,2016,,,1,all_cvd,male,all,hospital_registered,hospital_only,not_applicable,observed,sex_distribution,49.1025641025641,,,percent,383,780,,final,,,,,,,,none,No disclosure restriction identified.,49.103
bnr_cvd_public_metric_v2,CVD-INCIDENCE-001,cvd_2024_04,annual,2016,2016-01-01,2016,,,1,heart,male,all,hospital_registered,hospital_only,not_applicable,observed,annual_crude_rate,91.10800779645575,,,rate_per_100000,122,133907,,final,cvd_rates_v1_0_7,UN_WPP_2024,BRB,persons,2026-08-26,historical_estimate,WHO_WORLD_2000_2025,none,No disclosure restriction identified.,91.108
bnr_cvd_public_metric_v2,CVD-INCIDENCE-001,cvd_2024_04,annual,2016,2016-01-01,2016,,,1,stroke,male,all,hospital_registered,hospital_only,not_applicable,observed,annual_crude_rate,194.9113937284832,,,rate_per_100000,261,133907,,final,cvd_rates_v1_0_7,UN_WPP_2024,BRB,persons,2026-08-26,historical_estimate,WHO_WORLD_2000_2025,none,No disclosure restriction identified.,194.911
bnr_cvd_public_metric_v2,CVD-BURDEN-001,cvd_2024_04,quarterly,2016_q1,2016-01-01,2016,1,1,1,all_cvd,male,all,hospital_registered,hospital_only,not_applicable,observed,quarterly_count,92,,,count,92,,,final,,,,,,,,none,No disclosure restriction identified.,92.000
bnr_cvd_public_metric_v2,CVD-BURDEN-001,cvd_2024_04,quarterly,2016_q2,2016-04-01,2016,4,2,1,heart,male,all,hospital_registered,hospital_only,not_applicable,observed,quarterly_count,39,,,count,39,,,final,,,,,,,,none,No disclosure restriction identified.,39.000
bnr_cvd_public_metric_v2,CVD-BURDEN-001,cvd_2024_04,annual,2016,2016-01-01,2016,,,1,heart,male,all,hospital_registered,hospital_only,not_applicable,observed,annual_count,122,,,count,122,,,final,,,,,,,,none,No disclosure restriction identified.,122.000
bnr_cvd_public_metric_v2,CVD-BURDEN-001,cvd_2024_04,quarterly,2016_q2,2016-04-01,2016,4,2,1,heart,male,all,hospital_registered,hospital_only,not_applicable,observed,quarterly_same_quarter_previous_5yr_mean,24.4,,,count,122,,5,final,,,,,,,,none,No disclosure restriction identified.,24.400
bnr_cvd_public_metric_v2,CVD-BURDEN-001,cvd_2024_04,quarterly,2016_q2,2016-04-01,2016,4,2,1,all_cvd,male,all,hospital_registered,hospital_only,not_applicable,observed,quarterly_count,103,,,count,103,,,final,,,,,,,,none,No disclosure restriction identified.,103.000
bnr_cvd_public_metric_v2,CVD-BURDEN-001,cvd_2024_04,quarterly,2016_q2,2016-04-01,2016,4,2,1,stroke,male,all,hospital_registered,hospital_only,not_applicable,observed,quarterly_same_quarter_previous_5yr_mean,55.4,,,count,277,,5,final,,,,,,,,none,No disclosure restriction identified.,55.400
bnr_cvd_public_metric_v2,CVD-BURDEN-001,cvd_2024_04,annual,2017,2017-01-01,2017,,,1,all_cvd,all,all,hospital_registered,hospital_only,not_applicable,observed,annual_previous_5yr_mean,694.2,,,count,3471,,5,final,,,,,,,,none,No disclosure restriction identified.,694.200
bnr_cvd_public_metric_v2,CVD-BURDEN-001,cvd_2024_04,quarterly,2017_q4,2017-10-01,2017,10,4,1,heart,all,all,hospital_registered,hospital_only,not_applicable,observed,quarterly_count,80,,,count,80,,,final,,,,,,,,none,No disclosure restriction identified.,80.000
bnr_cvd_public_metric_v2,CVD-BURDEN-001,cvd_2024_04,quarterly,2017_q2,2017-04-01,2017,4,2,1,stroke,all,all,hospital_registered,hospital_only,not_applicable,observed,quarterly_count,137,,,count,137,,,final,,,,,,,,none,No disclosure restriction identified.,137.000
bnr_cvd_public_metric_v2,CVD-BURDEN-002,cvd_2024_04,annual,2017,2017-01-01,2017,,,1,all_cvd,all,under_70,hospital_registered,hospital_only,not_applicable,observed,age_distribution,49.39024390243902,,,percent,405,820,,final,,,,,,,,none,No disclosure restriction identified.,49.390
bnr_cvd_public_metric_v2,CVD-BURDEN-001,cvd_2024_04,quarterly,2017_q2,2017-04-01,2017,4,2,1,stroke,all,all,hospital_registered,hospital_only,not_applicable,observed,quarterly_same_quarter_previous_5yr_mean,117.4,,,count,587,,5,final,,,,,,,,none,No disclosure restriction identified.,117.400
bnr_cvd_public_metric_v2,CVD-INCIDENCE-001,cvd_2024_04,annual,2017,2017-01-01,2017,,,1,stroke,all,all,hospital_registered,hospital_only,not_applicable,observed,annual_crude_rate,194.1671336433821,,,rate_per_100000,544,280171,,final,cvd_rates_v1_0_7,UN_WPP_2024,BRB,persons,2026-08-26,historical_estimate,WHO_WORLD_2000_2025,none,No disclosure restriction identified.,194.167
bnr_cvd_public_metric_v2,CVD-BURDEN-001,cvd_2024_04,annual,2017,2017-01-01,2017,,,1,all_cvd,all,age_70_plus,hospital_registered,hospital_only,not_applicable,observed,annual_count,415,,,count,415,,,final,,,,,,,,none,No disclosure restriction identified.,415.000
bnr_cvd_public_metric_v2,CVD-INCIDENCE-001,cvd_2024_04,annual,2017,2017-01-01,2017,,,1,all_cvd,all,age_standardised,hospital_registered,hospital_only,not_applicable,observed,annual_age_standardised_rate,189.7519757550689,,,rate_per_100000,,,,final,cvd_rates_v1_0_7,UN_WPP_2024,BRB,persons,2026-08-26,historical_estimate,WHO_WORLD_2000_2025,none,No disclosure restriction identified.,189.752
bnr_cvd_public_metric_v2,CVD-BURDEN-001,cvd_2024_04,quarterly,2017_q1,2017-01-01,2017,1,1,1,heart,all,all,hospital_registered,hospital_only,not_applicable,observed,quarterly_same_quarter_previous_5yr_mean,51.6,,,count,258,,5,final,,,,,,,,none,No disclosure restriction identified.,51.600
bnr_cvd_public_metric_v2,CVD-BURDEN-001,cvd_2024_04,quarterly,2017_q2,2017-04-01,2017,4,2,1,heart,all,all,hospital_registered,hospital_only,not_applicable,observed,quarterly_same_quarter_previous_5yr_mean,51.4,,,count,257,,5,final,,,,,,,,none,No disclosure restriction identified.,51.400
bnr_cvd_public_metric_v2,CVD-BURDEN-001,cvd_2024_04,quarterly,2017_q2,2017-04-01,2017,4,2,1,heart,all,all,hospital_registered,hospital_only,not_applicable,observed,quarterly_count,61,,,count,61,,,final,,,,,,,,none,No disclosure restriction identified.,61.000
bnr_cvd_public_metric_v2,CVD-INCIDENCE-001,cvd_2024_04,annual,2017,2017-01-01,2017,,,1,all_cvd,all,all,hospital_registered,hospital_only,not_applicable,observed,annual_crude_rate,293.3922497331986,,,rate_per_100000,822,280171,,final,cvd_rates_v1_0_7,UN_WPP_2024,BRB,persons,2026-08-26,historical_estimate,WHO_WORLD_2000_2025,none,No disclosure restriction identified.,293.392
bnr_cvd_public_metric_v2,CVD-BURDEN-001,cvd_2024_04,quarterly,2017_q3,2017-07-01,2017,7,3,1,stroke,all,all,hospital_registered,hospital_only,not_applicable,observed,quarterly_same_quarter_previous_5yr_mean,123,,,count,615,,5,final,,,,,,,,none,No disclosure restriction identified.,123.000
bnr_cvd_public_metric_v2,CVD-BURDEN-001,cvd_2024_04,monthly,2017_m07,2017-07-01,2017,7,,1,all_cvd,all,all,hospital_registered,hospital_only,not_applicable,observed,monthly_count,69,,,count,69,,,final,,,,,,,,none,No disclosure restriction identified.,69.000
bnr_cvd_public_metric_v2,CVD-BURDEN-001,cvd_2024_04,quarterly,2017_q3,2017-07-01,2017,7,3,1,heart,all,all,hospital_registered,hospital_only,not_applicable,observed,quarterly_same_quarter_previous_5yr_mean,48.6,,,count,243,,5,final,,,,,,,,none,No disclosure restriction identified.,48.600
bnr_cvd_public_metric_v2,CVD-BURDEN-001,cvd_2024_04,monthly,2017_m09,2017-09-01,2017,9,,1,all_cvd,all,all,hospital_registered,hospital_only,not_applicable,observed,monthly_count,59,,,count,59,,,final,,,,,,,,none,No disclosure restriction identified.,59.000
bnr_cvd_public_metric_v2,CVD-BURDEN-001,cvd_2024_04,quarterly,2017_q1,2017-01-01,2017,1,1,1,all_cvd,all,all,hospital_registered,hospital_only,not_applicable,observed,quarterly_count,221,,,count,221,,,final,,,,,,,,none,No disclosure restriction identified.,221.000
bnr_cvd_public_metric_v2,CVD-BURDEN-001,cvd_2024_04,annual,2017,2017-01-01,2017,,,1,stroke,all,all,hospital_registered,hospital_only,not_applicable,observed,annual_count,544,,,count,544,,,final,,,,,,,,none,No disclosure restriction identified.,544.000
bnr_cvd_public_metric_v2,CVD-INCIDENCE-001,cvd_2024_04,annual,2017,2017-01-01,2017,,,1,heart,all,age_standardised,hospital_registered,hospital_only,not_applicable,observed,annual_age_standardised_rate,64.55749403103171,,,rate_per_100000,,,,final,cvd_rates_v1_0_7,UN_WPP_2024,BRB,persons,2026-08-26,historical_estimate,WHO_WORLD_2000_2025,none,No disclosure restriction identified.,64.557
bnr_cvd_public_metric_v2,CVD-BURDEN-001,cvd_2024_04,annual,2017,2017-01-01,2017,,,1,all_cvd,all,age_70_plus,hospital_registered,hospital_only,not_applicable,observed,annual_previous_5yr_mean,350.2,,,count,1751,,5,final,,,,,,,,none,No disclosure restriction identified.,350.200
bnr_cvd_public_metric_v2,CVD-BURDEN-001,cvd_2024_04,monthly,2017_m12,2017-12-01,2017,12,,1,all_cvd,all,all,hospital_registered,hospital_only,not_applicable,observed,monthly_count,78,,,count,78,,,final,,,,,,,,none,No disclosure restriction identified.,78.000
bnr_cvd_public_metric_v2,CVD-BURDEN-001,cvd_2024_04,quarterly,2017_q3,2017-07-01,2017,7,3,1,heart,all,all,hospital_registered,hospital_only,not_applicable,observed,quarterly_count,64,,,count,64,,,final,,,,,,,,none,No disclosure restriction identified.,64.000
bnr_cvd_public_metric_v2,CVD-BURDEN-001,cvd_2024_04,monthly,2017_m03,2017-03-01,2017,3,,1,all_cvd,all,all,hospital_registered,hospital_only,not_applicable,observed,monthly_count,74,,,count,74,,,final,,,,,,,,none,No disclosure restriction identified.,74.000
bnr_cvd_public_metric_v2,CVD-BURDEN-001,cvd_2024_04,annual,2017,2017-01-01,2017,,,1,heart,all,all,hospital_registered,hospital_only,not_applicable,observed,annual_previous_5yr_mean,200.4,,,count,1002,,5,final,,,,,,,,none,No disclosure restriction identified.,200.400
bnr_cvd_public_metric_v2,CVD-BURDEN-001,cvd_2024_04,quarterly,2017_q4,2017-10-01,2017,10,4,1,all_cvd,all,all,hospital_registered,hospital_only,not_applicable,observed,quarterly_count,214,,,count,214,,,final,,,,,,,,none,No disclosure restriction identified.,214.000
bnr_cvd_public_metric_v2,CVD-BURDEN-001,cvd_2024_04,monthly,2017_m08,2017-08-01,2017,8,,1,all_cvd,all,all,hospital_registered,hospital_only,not_applicable,observed,monthly_count,61,,,count,61,,,final,,,,,,,,none,No disclosure restriction identified.,61.000
bnr_cvd_public_metric_v2,CVD-BURDEN-001,cvd_2024_04,quarterly,2017_q1,2017-01-01,2017,1,1,1,stroke,all,all,hospital_registered,hospital_only,not_applicable,observed,quarterly_count,148,,,count,148,,,final,,,,,,,,none,No disclosure restriction identified.,148.000
bnr_cvd_public_metric_v2,CVD-BURDEN-001,cvd_2024_04,monthly,2017_m05,2017-05-01,2017,5,,1,all_cvd,all,all,hospital_registered,hospital_only,not_applicable,observed,monthly_count,63,,,count,63,,,final,,,,,,,,none,No disclosure restriction identified.,63.000
bnr_cvd_public_metric_v2,CVD-BURDEN-001,cvd_2024_04,monthly,2017_m02,2017-02-01,2017,2,,1,all_cvd,all,all,hospital_registered,hospital_only,not_applicable,observed,monthly_count,69,,,count,69,,,final,,,,,,,,none,No disclosure restriction identified.,69.000
bnr_cvd_public_metric_v2,CVD-INCIDENCE-001,cvd_2024_04,annual,2017,2017-01-01,2017,,,1,stroke,all,age_standardised,hospital_registered,hospital_only,not_applicable,observed,annual_age_standardised_rate,125.1944817240372,,,rate_per_100000,,,,final,cvd_rates_v1_0_7,UN_WPP_2024,BRB,persons,2026-08-26,historical_estimate,WHO_WORLD_2000_2025,none,No disclosure restriction identified.,125.194
bnr_cvd_public_metric_v2,CVD-BURDEN-001,cvd_2024_04,annual,2017,2017-01-01,2017,,,1,all_cvd,all,all,hospital_registered,hospital_only,not_applicable,observed,annual_count,822,,,count,822,,,final,,,,,,,,none,No disclosure restriction identified.,822.000
bnr_cvd_public_metric_v2,CVD-BURDEN-002,cvd_2024_04,annual,2017,2017-01-01,2017,,,1,all_cvd,all,age_70_plus,hospital_registered,hospital_only,not_applicable,observed,age_distribution,50.60975609756098,,,percent,415,820,,final,,,,,,,,none,No disclosure restriction identified.,50.610
bnr_cvd_public_metric_v2,CVD-BURDEN-001,cvd_2024_04,quarterly,2017_q2,2017-04-01,2017,4,2,1,all_cvd,all,all,hospital_registered,hospital_only,not_applicable,observed,quarterly_count,198,,,count,198,,,final,,,,,,,,none,No disclosure restriction identified.,198.000
bnr_cvd_public_metric_v2,CVD-BURDEN-001,cvd_2024_04,monthly,2017_m10,2017-10-01,2017,10,,1,all_cvd,all,all,hospital_registered,hospital_only,not_applicable,observed,monthly_count,72,,,count,72,,,final,,,,,,,,none,No disclosure restriction identified.,72.000
bnr_cvd_public_metric_v2,CVD-BURDEN-001,cvd_2024_04,annual,2017,2017-01-01,2017,,,1,all_cvd,all,under_70,hospital_registered,hospital_only,not_applicable,observed,annual_previous_5yr_mean,343.6,,,count,1718,,5,final,,,,,,,,none,No disclosure restriction identified.,343.600
bnr_cvd_public_metric_v2,CVD-BURDEN-001,cvd_2024_04,quarterly,2017_q3,2017-07-01,2017,7,3,1,stroke,all,all,hospital_registered,hospital_only,not_applicable,observed,quarterly_count,125,,,count,125,,,final,,,,,,,,none,No disclosure restriction identified.,125.000
bnr_cvd_public_metric_v2,CVD-BURDEN-001,cvd_2024_04,quarterly,2017_q1,2017-01-01,2017,1,1,1,all_cvd,all,all,hospital_registered,hospital_only,not_applicable,observed,quarterly_same_quarter_previous_5yr_mean,182.4,,,count,912,,5,final,,,,,,,,none,No disclosure restriction identified.,182.400
bnr_cvd_public_metric_v2,CVD-BURDEN-001,cvd_2024_04,quarterly,2017_q4,2017-10-01,2017,10,4,1,stroke,all,all,hospital_registered,hospital_only,not_applicable,observed,quarterly_count,134,,,count,134,,,final,,,,,,,,none,No disclosure restriction identified.,134.000
bnr_cvd_public_metric_v2,CVD-BURDEN-001,cvd_2024_04,annual,2017,2017-01-01,2017,,,1,heart,all,all,hospital_registered,hospital_only,not_applicable,observed,annual_count,278,,,count,278,,,final,,,,,,,,none,No disclosure restriction identified.,278.000
bnr_cvd_public_metric_v2,CVD-BURDEN-001,cvd_2024_04,monthly,2017_m04,2017-04-01,2017,4,,1,all_cvd,all,all,hospital_registered,hospital_only,not_applicable,observed,monthly_count,69,,,count,69,,,final,,,,,,,,none,No disclosure restriction identified.,69.000
bnr_cvd_public_metric_v2,CVD-BURDEN-001,cvd_2024_04,monthly,2017_m11,2017-11-01,2017,11,,1,all_cvd,all,all,hospital_registered,hospital_only,not_applicable,observed,monthly_count,64,,,count,64,,,final,,,,,,,,none,No disclosure restriction identified.,64.000
bnr_cvd_public_metric_v2,CVD-BURDEN-001,cvd_2024_04,quarterly,2017_q4,2017-10-01,2017,10,4,1,all_cvd,all,all,hospital_registered,hospital_only,not_applicable,observed,quarterly_same_quarter_previous_5yr_mean,171.4,,,count,857,,5,final,,,,,,,,none,No disclosure restriction identified.,171.400
bnr_cvd_public_metric_v2,CVD-BURDEN-001,cvd_2024_04,quarterly,2017_q3,2017-07-01,2017,7,3,1,all_cvd,all,all,hospital_registered,hospital_only,not_applicable,observed,quarterly_same_quarter_previous_5yr_mean,171.6,,,count,858,,5,final,,,,,,,,none,No disclosure restriction identified.,171.600
bnr_cvd_public_metric_v2,CVD-BURDEN-001,cvd_2024_04,annual,2017,2017-01-01,2017,,,1,stroke,all,all,hospital_registered,hospital_only,not_applicable,observed,annual_previous_5yr_mean,493.8,,,count,2469,,5,final,,,,,,,,none,No disclosure restriction identified.,493.800
bnr_cvd_public_metric_v2,CVD-BURDEN-001,cvd_2024_04,quarterly,2017_q4,2017-10-01,2017,10,4,1,heart,all,all,hospital_registered,hospital_only,not_applicable,observed,quarterly_same_quarter_previous_5yr_mean,48.8,,,count,244,,5,final,,,,,,,,none,No disclosure restriction identified.,48.800
bnr_cvd_public_metric_v2,CVD-BURDEN-001,cvd_2024_04,quarterly,2017_q1,2017-01-01,2017,1,1,1,stroke,all,all,hospital_registered,hospital_only,not_applicable,observed,quarterly_same_quarter_previous_5yr_mean,130.8,,,count,654,,5,final,,,,,,,,none,No disclosure restriction identified.,130.800
bnr_cvd_public_metric_v2,CVD-INCIDENCE-001,cvd_2024_04,annual,2017,2017-01-01,2017,,,1,heart,all,all,hospital_registered,hospital_only,not_applicable,observed,annual_crude_rate,99.22511608981658,,,rate_per_100000,278,280171,,final,cvd_rates_v1_0_7,UN_WPP_2024,BRB,persons,2026-08-26,historical_estimate,WHO_WORLD_2000_2025,none,No disclosure restriction identified.,99.225
bnr_cvd_public_metric_v2,CVD-BURDEN-001,cvd_2024_04,quarterly,2017_q3,2017-07-01,2017,7,3,1,all_cvd,all,all,hospital_registered,hospital_only,not_applicable,observed,quarterly_count,189,,,count,189,,,final,,,,,,,,none,No disclosure restriction identified.,189.000
bnr_cvd_public_metric_v2,CVD-BURDEN-001,cvd_2024_04,monthly,2017_m06,2017-06-01,2017,6,,1,all_cvd,all,all,hospital_registered,hospital_only,not_applicable,observed,monthly_count,66,,,count,66,,,final,,,,,,,,none,No disclosure restriction identified.,66.000
bnr_cvd_public_metric_v2,CVD-BURDEN-001,cvd_2024_04,annual,2017,2017-01-01,2017,,,1,all_cvd,all,under_70,hospital_registered,hospital_only,not_applicable,observed,annual_count,405,,,count,405,,,final,,,,,,,,none,No disclosure restriction identified.,405.000
bnr_cvd_public_metric_v2,CVD-BURDEN-001,cvd_2024_04,quarterly,2017_q4,2017-10-01,2017,10,4,1,stroke,all,all,hospital_registered,hospital_only,not_applicable,observed,quarterly_same_quarter_previous_5yr_mean,122.6,,,count,613,,5,final,,,,,,,,none,No disclosure restriction identified.,122.600
bnr_cvd_public_metric_v2,CVD-BURDEN-001,cvd_2024_04,quarterly,2017_q1,2017-01-01,2017,1,1,1,heart,all,all,hospital_registered,hospital_only,not_applicable,observed,quarterly_count,73,,,count,73,,,final,,,,,,,,none,No disclosure restriction identified.,73.000
bnr_cvd_public_metric_v2,CVD-BURDEN-002,cvd_2024_04,annual,2017,2017-01-01,2017,,,1,heart,all,all,hospital_registered,hospital_only,not_applicable,observed,event_type_distribution,33.81995133819951,,,percent,278,822,,final,,,,,,,,none,No disclosure restriction identified.,33.820
bnr_cvd_public_metric_v2,CVD-BURDEN-001,cvd_2024_04,monthly,2017_m01,2017-01-01,2017,1,,1,all_cvd,all,all,hospital_registered,hospital_only,not_applicable,observed,monthly_count,78,,,count,78,,,final,,,,,,,,none,No disclosure restriction identified.,78.000
bnr_cvd_public_metric_v2,CVD-BURDEN-002,cvd_2024_04,annual,2017,2017-01-01,2017,,,1,stroke,all,all,hospital_registered,hospital_only,not_applicable,observed,event_type_distribution,66.18004866180048,,,percent,544,822,,final,,,,,,,,none,No disclosure restriction identified.,66.180
bnr_cvd_public_metric_v2,CVD-BURDEN-001,cvd_2024_04,quarterly,2017_q2,2017-04-01,2017,4,2,1,all_cvd,all,all,hospital_registered,hospital_only,not_applicable,observed,quarterly_same_quarter_previous_5yr_mean,168.8,,,count,844,,5,final,,,,,,,,none,No disclosure restriction identified.,168.800
bnr_cvd_public_metric_v2,CVD-BURDEN-001,cvd_2024_04,quarterly,2017_q4,2017-10-01,2017,10,4,1,all_cvd,female,all,hospital_registered,hospital_only,not_applicable,observed,quarterly_same_quarter_previous_5yr_mean,88.8,,,count,444,,5,final,,,,,,,,none,No disclosure restriction identified.,88.800
bnr_cvd_public_metric_v2,CVD-INCIDENCE-001,cvd_2024_04,annual,2017,2017-01-01,2017,,,1,heart,female,age_standardised,hospital_registered,hospital_only,not_applicable,observed,annual_age_standardised_rate,52.83133650247184,,,rate_per_100000,,,,final,cvd_rates_v1_0_7,UN_WPP_2024,BRB,persons,2026-08-26,historical_estimate,WHO_WORLD_2000_2025,none,No disclosure restriction identified.,52.831
bnr_cvd_public_metric_v2,CVD-BURDEN-001,cvd_2024_04,annual,2017,2017-01-01,2017,,,1,all_cvd,female,all,hospital_registered,hospital_only,not_applicable,observed,annual_previous_5yr_mean,352.2,,,count,1761,,5,final,,,,,,,,none,No disclosure restriction identified.,352.200
bnr_cvd_public_metric_v2,CVD-INCIDENCE-001,cvd_2024_04,annual,2017,2017-01-01,2017,,,1,heart,female,all,hospital_registered,hospital_only,not_applicable,observed,annual_crude_rate,89.76291626695902,,,rate_per_100000,131,145940,,final,cvd_rates_v1_0_7,UN_WPP_2024,BRB,persons,2026-08-26,historical_estimate,WHO_WORLD_2000_2025,none,No disclosure restriction identified.,89.763
bnr_cvd_public_metric_v2,CVD-BURDEN-001,cvd_2024_04,quarterly,2017_q2,2017-04-01,2017,4,2,1,stroke,female,all,hospital_registered,hospital_only,not_applicable,observed,quarterly_same_quarter_previous_5yr_mean,58.8,,,count,294,,5,final,,,,,,,,none,No disclosure restriction identified.,58.800
bnr_cvd_public_metric_v2,CVD-BURDEN-001,cvd_2024_04,annual,2017,2017-01-01,2017,,,1,stroke,female,all,hospital_registered,hospital_only,not_applicable,observed,annual_previous_5yr_mean,259.4,,,count,1297,,5,final,,,,,,,,none,No disclosure restriction identified.,259.400
bnr_cvd_public_metric_v2,CVD-BURDEN-002,cvd_2024_04,annual,2017,2017-01-01,2017,,,1,stroke,female,all,hospital_registered,hospital_only,not_applicable,observed,sex_distribution,52.75735294117647,,,percent,287,544,,final,,,,,,,,none,No disclosure restriction identified.,52.757
bnr_cvd_public_metric_v2,CVD-BURDEN-001,cvd_2024_04,quarterly,2017_q2,2017-04-01,2017,4,2,1,all_cvd,female,all,hospital_registered,hospital_only,not_applicable,observed,quarterly_count,98,,,count,98,,,final,,,,,,,,none,No disclosure restriction identified.,98.000
bnr_cvd_public_metric_v2,CVD-BURDEN-002,cvd_2024_04,annual,2017,2017-01-01,2017,,,1,heart,female,all,hospital_registered,hospital_only,not_applicable,observed,sex_distribution,47.12230215827338,,,percent,131,278,,final,,,,,,,,none,No disclosure restriction identified.,47.122
bnr_cvd_public_metric_v2,CVD-BURDEN-001,cvd_2024_04,quarterly,2017_q1,2017-01-01,2017,1,1,1,all_cvd,female,all,hospital_registered,hospital_only,not_applicable,observed,quarterly_count,111,,,count,111,,,final,,,,,,,,none,No disclosure restriction identified.,111.000
bnr_cvd_public_metric_v2,CVD-BURDEN-001,cvd_2024_04,annual,2017,2017-01-01,2017,,,1,heart,female,all,hospital_registered,hospital_only,not_applicable,observed,annual_previous_5yr_mean,92.8,,,count,464,,5,final,,,,,,,,none,No disclosure restriction identified.,92.800
bnr_cvd_public_metric_v2,CVD-BURDEN-001,cvd_2024_04,quarterly,2017_q2,2017-04-01,2017,4,2,1,stroke,female,all,hospital_registered,hospital_only,not_applicable,observed,quarterly_count,69,,,count,69,,,final,,,,,,,,none,No disclosure restriction identified.,69.000
bnr_cvd_public_metric_v2,CVD-BURDEN-001,cvd_2024_04,quarterly,2017_q1,2017-01-01,2017,1,1,1,stroke,female,all,hospital_registered,hospital_only,not_applicable,observed,quarterly_count,80,,,count,80,,,final,,,,,,,,none,No disclosure restriction identified.,80.000
bnr_cvd_public_metric_v2,CVD-BURDEN-001,cvd_2024_04,quarterly,2017_q4,2017-10-01,2017,10,4,1,heart,female,all,hospital_registered,hospital_only,not_applicable,observed,quarterly_same_quarter_previous_5yr_mean,24.6,,,count,123,,5,final,,,,,,,,none,No disclosure restriction identified.,24.600
bnr_cvd_public_metric_v2,CVD-INCIDENCE-001,cvd_2024_04,annual,2017,2017-01-01,2017,,,1,all_cvd,female,age_standardised,hospital_registered,hospital_only,not_applicable,observed,annual_age_standardised_rate,166.8961755460766,,,rate_per_100000,,,,final,cvd_rates_v1_0_7,UN_WPP_2024,BRB,persons,2026-08-26,historical_estimate,WHO_WORLD_2000_2025,none,No disclosure restriction identified.,166.896
bnr_cvd_public_metric_v2,CVD-BURDEN-002,cvd_2024_04,annual,2017,2017-01-01,2017,,,1,all_cvd,female,all,hospital_registered,hospital_only,not_applicable,observed,sex_distribution,50.85158150851582,,,percent,418,822,,final,,,,,,,,none,No disclosure restriction identified.,50.852
bnr_cvd_public_metric_v2,CVD-BURDEN-001,cvd_2024_04,quarterly,2017_q4,2017-10-01,2017,10,4,1,stroke,female,all,hospital_registered,hospital_only,not_applicable,observed,quarterly_same_quarter_previous_5yr_mean,64.2,,,count,321,,5,final,,,,,,,,none,No disclosure restriction identified.,64.200
bnr_cvd_public_metric_v2,CVD-INCIDENCE-001,cvd_2024_04,annual,2017,2017-01-01,2017,,,1,all_cvd,female,all,hospital_registered,hospital_only,not_applicable,observed,annual_crude_rate,286.4190763327395,,,rate_per_100000,418,145940,,final,cvd_rates_v1_0_7,UN_WPP_2024,BRB,persons,2026-08-26,historical_estimate,WHO_WORLD_2000_2025,none,No disclosure restriction identified.,286.419
bnr_cvd_public_metric_v2,CVD-BURDEN-001,cvd_2024_04,quarterly,2017_q2,2017-04-01,2017,4,2,1,heart,female,all,hospital_registered,hospital_only,not_applicable,observed,quarterly_same_quarter_previous_5yr_mean,23.4,,,count,117,,5,final,,,,,,,,none,No disclosure restriction identified.,23.400
bnr_cvd_public_metric_v2,CVD-BURDEN-001,cvd_2024_04,quarterly,2017_q4,2017-10-01,2017,10,4,1,stroke,female,all,hospital_registered,hospital_only,not_applicable,observed,quarterly_count,82,,,count,82,,,final,,,,,,,,none,No disclosure restriction identified.,82.000
bnr_cvd_public_metric_v2,CVD-BURDEN-001,cvd_2024_04,quarterly,2017_q1,2017-01-01,2017,1,1,1,stroke,female,all,hospital_registered,hospital_only,not_applicable,observed,quarterly_same_quarter_previous_5yr_mean,68.59999999999999,,,count,343,,5,final,,,,,,,,none,No disclosure restriction identified.,68.600
bnr_cvd_public_metric_v2,CVD-BURDEN-001,cvd_2024_04,quarterly,2017_q3,2017-07-01,2017,7,3,1,heart,female,all,hospital_registered,hospital_only,not_applicable,observed,quarterly_same_quarter_previous_5yr_mean,22.8,,,count,114,,5,final,,,,,,,,none,No disclosure restriction identified.,22.800
bnr_cvd_public_metric_v2,CVD-BURDEN-001,cvd_2024_04,quarterly,2017_q2,2017-04-01,2017,4,2,1,all_cvd,female,all,hospital_registered,hospital_only,not_applicable,observed,quarterly_same_quarter_previous_5yr_mean,82.2,,,count,411,,5,final,,,,,,,,none,No disclosure restriction identified.,82.200
bnr_cvd_public_metric_v2,CVD-BURDEN-001,cvd_2024_04,quarterly,2017_q1,2017-01-01,2017,1,1,1,heart,female,all,hospital_registered,hospital_only,not_applicable,observed,quarterly_same_quarter_previous_5yr_mean,22,,,count,110,,5,final,,,,,,,,none,No disclosure restriction identified.,22.000
bnr_cvd_public_metric_v2,CVD-BURDEN-001,cvd_2024_04,quarterly,2017_q3,2017-07-01,2017,7,3,1,stroke,female,all,hospital_registered,hospital_only,not_applicable,observed,quarterly_count,56,,,count,56,,,final,,,,,,,,none,No disclosure restriction identified.,56.000
bnr_cvd_public_metric_v2,CVD-BURDEN-001,cvd_2024_04,quarterly,2017_q3,2017-07-01,2017,7,3,1,stroke,female,all,hospital_registered,hospital_only,not_applicable,observed,quarterly_same_quarter_previous_5yr_mean,67.8,,,count,339,,5,final,,,,,,,,none,No disclosure restriction identified.,67.800
bnr_cvd_public_metric_v2,CVD-BURDEN-001,cvd_2024_04,quarterly,2017_q3,2017-07-01,2017,7,3,1,heart,female,all,hospital_registered,hospital_only,not_applicable,observed,quarterly_count,35,,,count,35,,,final,,,,,,,,none,No disclosure restriction identified.,35.000
bnr_cvd_public_metric_v2,CVD-BURDEN-001,cvd_2024_04,quarterly,2017_q1,2017-01-01,2017,1,1,1,all_cvd,female,all,hospital_registered,hospital_only,not_applicable,observed,quarterly_same_quarter_previous_5yr_mean,90.59999999999999,,,count,453,,5,final,,,,,,,,none,No disclosure restriction identified.,90.600
bnr_cvd_public_metric_v2,CVD-INCIDENCE-001,cvd_2024_04,annual,2017,2017-01-01,2017,,,1,stroke,female,age_standardised,hospital_registered,hospital_only,not_applicable,observed,annual_age_standardised_rate,114.0648390436048,,,rate_per_100000,,,,final,cvd_rates_v1_0_7,UN_WPP_2024,BRB,persons,2026-08-26,historical_estimate,WHO_WORLD_2000_2025,none,No disclosure restriction identified.,114.065
bnr_cvd_public_metric_v2,CVD-BURDEN-001,cvd_2024_04,quarterly,2017_q3,2017-07-01,2017,7,3,1,all_cvd,female,all,hospital_registered,hospital_only,not_applicable,observed,quarterly_same_quarter_previous_5yr_mean,90.59999999999999,,,count,453,,5,final,,,,,,,,none,No disclosure restriction identified.,90.600
bnr_cvd_public_metric_v2,CVD-BURDEN-001,cvd_2024_04,quarterly,2017_q4,2017-10-01,2017,10,4,1,all_cvd,female,all,hospital_registered,hospital_only,not_applicable,observed,quarterly_count,118,,,count,118,,,final,,,,,,,,none,No disclosure restriction identified.,118.000
bnr_cvd_public_metric_v2,CVD-INCIDENCE-001,cvd_2024_04,annual,2017,2017-01-01,2017,,,1,stroke,female,all,hospital_registered,hospital_only,not_applicable,observed,annual_crude_rate,196.6561600657805,,,rate_per_100000,287,145940,,final,cvd_rates_v1_0_7,UN_WPP_2024,BRB,persons,2026-08-26,historical_estimate,WHO_WORLD_2000_2025,none,No disclosure restriction identified.,196.656
bnr_cvd_public_metric_v2,CVD-BURDEN-001,cvd_2024_04,quarterly,2017_q4,2017-10-01,2017,10,4,1,heart,female,all,hospital_registered,hospital_only,not_applicable,observed,quarterly_count,36,,,count,36,,,final,,,,,,,,none,No disclosure restriction identified.,36.000
bnr_cvd_public_metric_v2,CVD-BURDEN-001,cvd_2024_04,annual,2017,2017-01-01,2017,,,1,stroke,female,all,hospital_registered,hospital_only,not_applicable,observed,annual_count,287,,,count,287,,,final,,,,,,,,none,No disclosure restriction identified.,287.000
bnr_cvd_public_metric_v2,CVD-BURDEN-001,cvd_2024_04,quarterly,2017_q3,2017-07-01,2017,7,3,1,all_cvd,female,all,hospital_registered,hospital_only,not_applicable,observed,quarterly_count,91,,,count,91,,,final,,,,,,,,none,No disclosure restriction identified.,91.000
bnr_cvd_public_metric_v2,CVD-BURDEN-001,cvd_2024_04,quarterly,2017_q2,2017-04-01,2017,4,2,1,heart,female,all,hospital_registered,hospital_only,not_applicable,observed,quarterly_count,29,,,count,29,,,final,,,,,,,,none,No disclosure restriction identified.,29.000
bnr_cvd_public_metric_v2,CVD-BURDEN-001,cvd_2024_04,annual,2017,2017-01-01,2017,,,1,all_cvd,female,all,hospital_registered,hospital_only,not_applicable,observed,annual_count,418,,,count,418,,,final,,,,,,,,none,No disclosure restriction identified.,418.000
bnr_cvd_public_metric_v2,CVD-BURDEN-001,cvd_2024_04,quarterly,2017_q1,2017-01-01,2017,1,1,1,heart,female,all,hospital_registered,hospital_only,not_applicable,observed,quarterly_count,31,,,count,31,,,final,,,,,,,,none,No disclosure restriction identified.,31.000
bnr_cvd_public_metric_v2,CVD-BURDEN-001,cvd_2024_04,annual,2017,2017-01-01,2017,,,1,heart,female,all,hospital_registered,hospital_only,not_applicable,observed,annual_count,131,,,count,131,,,final,,,,,,,,none,No disclosure restriction identified.,131.000
bnr_cvd_public_metric_v2,CVD-BURDEN-001,cvd_2024_04,quarterly,2017_q3,2017-07-01,2017,7,3,1,all_cvd,male,all,hospital_registered,hospital_only,not_applicable,observed,quarterly_count,98,,,count,98,,,final,,,,,,,,none,No disclosure restriction identified.,98.000
bnr_cvd_public_metric_v2,CVD-BURDEN-001,cvd_2024_04,annual,2017,2017-01-01,2017,,,1,all_cvd,male,all,hospital_registered,hospital_only,not_applicable,observed,annual_previous_5yr_mean,342,,,count,1710,,5,final,,,,,,,,none,No disclosure restriction identified.,342.000
bnr_cvd_public_metric_v2,CVD-BURDEN-001,cvd_2024_04,annual,2017,2017-01-01,2017,,,1,all_cvd,male,all,hospital_registered,hospital_only,not_applicable,observed,annual_count,404,,,count,404,,,final,,,,,,,,none,No disclosure restriction identified.,404.000
bnr_cvd_public_metric_v2,CVD-INCIDENCE-001,cvd_2024_04,annual,2017,2017-01-01,2017,,,1,heart,male,all,hospital_registered,hospital_only,not_applicable,observed,annual_crude_rate,109.5127057088154,,,rate_per_100000,147,134231,,final,cvd_rates_v1_0_7,UN_WPP_2024,BRB,persons,2026-08-26,historical_estimate,WHO_WORLD_2000_2025,none,No disclosure restriction identified.,109.513
bnr_cvd_public_metric_v2,CVD-BURDEN-001,cvd_2024_04,quarterly,2017_q3,2017-07-01,2017,7,3,1,heart,male,all,hospital_registered,hospital_only,not_applicable,observed,quarterly_count,29,,,count,29,,,final,,,,,,,,none,No disclosure restriction identified.,29.000
bnr_cvd_public_metric_v2,CVD-BURDEN-001,cvd_2024_04,quarterly,2017_q4,2017-10-01,2017,10,4,1,stroke,male,all,hospital_registered,hospital_only,not_applicable,observed,quarterly_same_quarter_previous_5yr_mean,58.4,,,count,292,,5,final,,,,,,,,none,No disclosure restriction identified.,58.400
bnr_cvd_public_metric_v2,CVD-BURDEN-002,cvd_2024_04,annual,2017,2017-01-01,2017,,,1,heart,male,all,hospital_registered,hospital_only,not_applicable,observed,sex_distribution,52.87769784172662,,,percent,147,278,,final,,,,,,,,none,No disclosure restriction identified.,52.878
bnr_cvd_public_metric_v2,CVD-BURDEN-001,cvd_2024_04,quarterly,2017_q4,2017-10-01,2017,10,4,1,heart,male,all,hospital_registered,hospital_only,not_applicable,observed,quarterly_count,44,,,count,44,,,final,,,,,,,,none,No disclosure restriction identified.,44.000
bnr_cvd_public_metric_v2,CVD-INCIDENCE-001,cvd_2024_04,annual,2017,2017-01-01,2017,,,1,stroke,male,all,hospital_registered,hospital_only,not_applicable,observed,annual_crude_rate,191.4609888922827,,,rate_per_100000,257,134231,,final,cvd_rates_v1_0_7,UN_WPP_2024,BRB,persons,2026-08-26,historical_estimate,WHO_WORLD_2000_2025,none,No disclosure restriction identified.,191.461
bnr_cvd_public_metric_v2,CVD-INCIDENCE-001,cvd_2024_04,annual,2017,2017-01-01,2017,,,1,stroke,male,age_standardised,hospital_registered,hospital_only,not_applicable,observed,annual_age_standardised_rate,139.1592556877593,,,rate_per_100000,,,,final,cvd_rates_v1_0_7,UN_WPP_2024,BRB,persons,2026-08-26,historical_estimate,WHO_WORLD_2000_2025,none,No disclosure restriction identified.,139.159
bnr_cvd_public_metric_v2,CVD-BURDEN-001,cvd_2024_04,annual,2017,2017-01-01,2017,,,1,heart,male,all,hospital_registered,hospital_only,not_applicable,observed,annual_count,147,,,count,147,,,final,,,,,,,,none,No disclosure restriction identified.,147.000
bnr_cvd_public_metric_v2,CVD-BURDEN-001,cvd_2024_04,quarterly,2017_q2,2017-04-01,2017,4,2,1,all_cvd,male,all,hospital_registered,hospital_only,not_applicable,observed,quarterly_same_quarter_previous_5yr_mean,86.59999999999999,,,count,433,,5,final,,,,,,,,none,No disclosure restriction identified.,86.600
bnr_cvd_public_metric_v2,CVD-BURDEN-001,cvd_2024_04,annual,2017,2017-01-01,2017,,,1,stroke,male,all,hospital_registered,hospital_only,not_applicable,observed,annual_previous_5yr_mean,234.4,,,count,1172,,5,final,,,,,,,,none,No disclosure restriction identified.,234.400
bnr_cvd_public_metric_v2,CVD-INCIDENCE-001,cvd_2024_04,annual,2017,2017-01-01,2017,,,1,all_cvd,male,age_standardised,hospital_registered,hospital_only,not_applicable,observed,annual_age_standardised_rate,218.01034416997,,,rate_per_100000,,,,final,cvd_rates_v1_0_7,UN_WPP_2024,BRB,persons,2026-08-26,historical_estimate,WHO_WORLD_2000_2025,none,No disclosure restriction identified.,218.010
bnr_cvd_public_metric_v2,CVD-BURDEN-001,cvd_2024_04,quarterly,2017_q2,2017-04-01,2017,4,2,1,all_cvd,male,all,hospital_registered,hospital_only,not_applicable,observed,quarterly_count,100,,,count,100,,,final,,,,,,,,none,No disclosure restriction identified.,100.000
bnr_cvd_public_metric_v2,CVD-BURDEN-001,cvd_2024_04,annual,2017,2017-01-01,2017,,,1,heart,male,all,hospital_registered,hospital_only,not_applicable,observed,annual_previous_5yr_mean,107.6,,,count,538,,5,final,,,,,,,,none,No disclosure restriction identified.,107.600
bnr_cvd_public_metric_v2,CVD-BURDEN-001,cvd_2024_04,quarterly,2017_q4,2017-10-01,2017,10,4,1,all_cvd,male,all,hospital_registered,hospital_only,not_applicable,observed,quarterly_count,96,,,count,96,,,final,,,,,,,,none,No disclosure restriction identified.,96.000
bnr_cvd_public_metric_v2,CVD-BURDEN-001,cvd_2024_04,quarterly,2017_q4,2017-10-01,2017,10,4,1,heart,male,all,hospital_registered,hospital_only,not_applicable,observed,quarterly_same_quarter_previous_5yr_mean,24.2,,,count,121,,5,final,,,,,,,,none,No disclosure restriction identified.,24.200
bnr_cvd_public_metric_v2,CVD-BURDEN-002,cvd_2024_04,annual,2017,2017-01-01,2017,,,1,all_cvd,male,all,hospital_registered,hospital_only,not_applicable,observed,sex_distribution,49.14841849148419,,,percent,404,822,,final,,,,,,,,none,No disclosure restriction identified.,49.148
bnr_cvd_public_metric_v2,CVD-BURDEN-001,cvd_2024_04,quarterly,2017_q2,2017-04-01,2017,4,2,1,stroke,male,all,hospital_registered,hospital_only,not_applicable,observed,quarterly_count,68,,,count,68,,,final,,,,,,,,none,No disclosure restriction identified.,68.000
bnr_cvd_public_metric_v2,CVD-BURDEN-001,cvd_2024_04,quarterly,2017_q1,2017-01-01,2017,1,1,1,all_cvd,male,all,hospital_registered,hospital_only,not_applicable,observed,quarterly_count,110,,,count,110,,,final,,,,,,,,none,No disclosure restriction identified.,110.000
bnr_cvd_public_metric_v2,CVD-BURDEN-001,cvd_2024_04,quarterly,2017_q1,2017-01-01,2017,1,1,1,heart,male,all,hospital_registered,hospital_only,not_applicable,observed,quarterly_count,42,,,count,42,,,final,,,,,,,,none,No disclosure restriction identified.,42.000
bnr_cvd_public_metric_v2,CVD-BURDEN-001,cvd_2024_04,quarterly,2017_q4,2017-10-01,2017,10,4,1,stroke,male,all,hospital_registered,hospital_only,not_applicable,observed,quarterly_count,52,,,count,52,,,final,,,,,,,,none,No disclosure restriction identified.,52.000
bnr_cvd_public_metric_v2,CVD-BURDEN-001,cvd_2024_04,quarterly,2017_q1,2017-01-01,2017,1,1,1,all_cvd,male,all,hospital_registered,hospital_only,not_applicable,observed,quarterly_same_quarter_previous_5yr_mean,91.8,,,count,459,,5,final,,,,,,,,none,No disclosure restriction identified.,91.800
bnr_cvd_public_metric_v2,CVD-BURDEN-001,cvd_2024_04,quarterly,2017_q2,2017-04-01,2017,4,2,1,heart,male,all,hospital_registered,hospital_only,not_applicable,observed,quarterly_count,32,,,count,32,,,final,,,,,,,,none,No disclosure restriction identified.,32.000
bnr_cvd_public_metric_v2,CVD-BURDEN-001,cvd_2024_04,quarterly,2017_q3,2017-07-01,2017,7,3,1,stroke,male,all,hospital_registered,hospital_only,not_applicable,observed,quarterly_count,69,,,count,69,,,final,,,,,,,,none,No disclosure restriction identified.,69.000
bnr_cvd_public_metric_v2,CVD-INCIDENCE-001,cvd_2024_04,annual,2017,2017-01-01,2017,,,1,heart,male,age_standardised,hospital_registered,hospital_only,not_applicable,observed,annual_age_standardised_rate,78.85108848221081,,,rate_per_100000,,,,final,cvd_rates_v1_0_7,UN_WPP_2024,BRB,persons,2026-08-26,historical_estimate,WHO_WORLD_2000_2025,none,No disclosure restriction identified.,78.851
bnr_cvd_public_metric_v2,CVD-BURDEN-001,cvd_2024_04,quarterly,2017_q1,2017-01-01,2017,1,1,1,stroke,male,all,hospital_registered,hospital_only,not_applicable,observed,quarterly_same_quarter_previous_5yr_mean,62.2,,,count,311,,5,final,,,,,,,,none,No disclosure restriction identified.,62.200
bnr_cvd_public_metric_v2,CVD-BURDEN-001,cvd_2024_04,quarterly,2017_q1,2017-01-01,2017,1,1,1,heart,male,all,hospital_registered,hospital_only,not_applicable,observed,quarterly_same_quarter_previous_5yr_mean,29.6,,,count,148,,5,final,,,,,,,,none,No disclosure restriction identified.,29.600
bnr_cvd_public_metric_v2,CVD-BURDEN-001,cvd_2024_04,quarterly,2017_q3,2017-07-01,2017,7,3,1,heart,male,all,hospital_registered,hospital_only,not_applicable,observed,quarterly_same_quarter_previous_5yr_mean,25.8,,,count,129,,5,final,,,,,,,,none,No disclosure restriction identified.,25.800
bnr_cvd_public_metric_v2,CVD-BURDEN-001,cvd_2024_04,quarterly,2017_q2,2017-04-01,2017,4,2,1,heart,male,all,hospital_registered,hospital_only,not_applicable,observed,quarterly_same_quarter_previous_5yr_mean,28,,,count,140,,5,final,,,,,,,,none,No disclosure restriction identified.,28.000
bnr_cvd_public_metric_v2,CVD-BURDEN-001,cvd_2024_04,quarterly,2017_q4,2017-10-01,2017,10,4,1,all_cvd,male,all,hospital_registered,hospital_only,not_applicable,observed,quarterly_same_quarter_previous_5yr_mean,82.59999999999999,,,count,413,,5,final,,,,,,,,none,No disclosure restriction identified.,82.600
bnr_cvd_public_metric_v2,CVD-BURDEN-002,cvd_2024_04,annual,2017,2017-01-01,2017,,,1,stroke,male,all,hospital_registered,hospital_only,not_applicable,observed,sex_distribution,47.24264705882353,,,percent,257,544,,final,,,,,,,,none,No disclosure restriction identified.,47.243
bnr_cvd_public_metric_v2,CVD-BURDEN-001,cvd_2024_04,quarterly,2017_q3,2017-07-01,2017,7,3,1,stroke,male,all,hospital_registered,hospital_only,not_applicable,observed,quarterly_same_quarter_previous_5yr_mean,55.2,,,count,276,,5,final,,,,,,,,none,No disclosure restriction identified.,55.200
bnr_cvd_public_metric_v2,CVD-BURDEN-001,cvd_2024_04,quarterly,2017_q1,2017-01-01,2017,1,1,1,stroke,male,all,hospital_registered,hospital_only,not_applicable,observed,quarterly_count,68,,,count,68,,,final,,,,,,,,none,No disclosure restriction identified.,68.000
bnr_cvd_public_metric_v2,CVD-BURDEN-001,cvd_2024_04,quarterly,2017_q3,2017-07-01,2017,7,3,1,all_cvd,male,all,hospital_registered,hospital_only,not_applicable,observed,quarterly_same_quarter_previous_5yr_mean,81,,,count,405,,5,final,,,,,,,,none,No disclosure restriction identified.,81.000
bnr_cvd_public_metric_v2,CVD-BURDEN-001,cvd_2024_04,annual,2017,2017-01-01,2017,,,1,stroke,male,all,hospital_registered,hospital_only,not_applicable,observed,annual_count,257,,,count,257,,,final,,,,,,,,none,No disclosure restriction identified.,257.000
bnr_cvd_public_metric_v2,CVD-INCIDENCE-001,cvd_2024_04,annual,2017,2017-01-01,2017,,,1,all_cvd,male,all,hospital_registered,hospital_only,not_applicable,observed,annual_crude_rate,300.9736946010981,,,rate_per_100000,404,134231,,final,cvd_rates_v1_0_7,UN_WPP_2024,BRB,persons,2026-08-26,historical_estimate,WHO_WORLD_2000_2025,none,No disclosure restriction identified.,300.974
bnr_cvd_public_metric_v2,CVD-BURDEN-001,cvd_2024_04,quarterly,2017_q2,2017-04-01,2017,4,2,1,stroke,male,all,hospital_registered,hospital_only,not_applicable,observed,quarterly_same_quarter_previous_5yr_mean,58.6,,,count,293,,5,final,,,,,,,,none,No disclosure restriction identified.,58.600
bnr_cvd_public_metric_v2,CVD-BURDEN-001,cvd_2024_04,annual,2018,2018-01-01,2018,,,1,all_cvd,all,under_70,hospital_registered,hospital_only,not_applicable,observed,annual_count,403,,,count,403,,,final,,,,,,,,none,No disclosure restriction identified.,403.000
bnr_cvd_public_metric_v2,CVD-BURDEN-001,cvd_2024_04,monthly,2018_m11,2018-11-01,2018,11,,1,all_cvd,all,all,hospital_registered,hospital_only,not_applicable,observed,monthly_count,79,,,count,79,,,final,,,,,,,,none,No disclosure restriction identified.,79.000
bnr_cvd_public_metric_v2,CVD-BURDEN-002,cvd_2024_04,annual,2018,2018-01-01,2018,,,1,stroke,all,all,hospital_registered,hospital_only,not_applicable,observed,event_type_distribution,68.15365551425032,,,percent,550,807,,final,,,,,,,,none,No disclosure restriction identified.,68.154
bnr_cvd_public_metric_v2,CVD-BURDEN-001,cvd_2024_04,quarterly,2018_q2,2018-04-01,2018,4,2,1,heart,all,all,hospital_registered,hospital_only,not_applicable,observed,quarterly_same_quarter_previous_5yr_mean,54.2,,,count,271,,5,final,,,,,,,,none,No disclosure restriction identified.,54.200
bnr_cvd_public_metric_v2,CVD-INCIDENCE-001,cvd_2024_04,annual,2018,2018-01-01,2018,,,1,stroke,all,age_standardised,hospital_registered,hospital_only,not_applicable,observed,annual_age_standardised_rate,127.053184871189,,,rate_per_100000,,,,final,cvd_rates_v1_0_7,UN_WPP_2024,BRB,persons,2026-08-26,historical_estimate,WHO_WORLD_2000_2025,none,No disclosure restriction identified.,127.053
bnr_cvd_public_metric_v2,CVD-BURDEN-001,cvd_2024_04,annual,2018,2018-01-01,2018,,,1,heart,all,all,hospital_registered,hospital_only,not_applicable,observed,annual_previous_5yr_mean,218.6,,,count,1093,,5,final,,,,,,,,none,No disclosure restriction identified.,218.600
bnr_cvd_public_metric_v2,CVD-BURDEN-001,cvd_2024_04,monthly,2018_m10,2018-10-01,2018,10,,1,all_cvd,all,all,hospital_registered,hospital_only,not_applicable,observed,monthly_count,55,,,count,55,,,final,,,,,,,,none,No disclosure restriction identified.,55.000
bnr_cvd_public_metric_v2,CVD-BURDEN-001,cvd_2024_04,quarterly,2018_q4,2018-10-01,2018,10,4,1,stroke,all,all,hospital_registered,hospital_only,not_applicable,observed,quarterly_count,122,,,count,122,,,final,,,,,,,,none,No disclosure restriction identified.,122.000
bnr_cvd_public_metric_v2,CVD-INCIDENCE-001,cvd_2024_04,annual,2018,2018-01-01,2018,,,1,all_cvd,all,age_standardised,hospital_registered,hospital_only,not_applicable,observed,annual_age_standardised_rate,185.6998792794296,,,rate_per_100000,,,,final,cvd_rates_v1_0_7,UN_WPP_2024,BRB,persons,2026-08-26,historical_estimate,WHO_WORLD_2000_2025,none,No disclosure restriction identified.,185.700
bnr_cvd_public_metric_v2,CVD-BURDEN-001,cvd_2024_04,quarterly,2018_q1,2018-01-01,2018,1,1,1,all_cvd,all,all,hospital_registered,hospital_only,not_applicable,observed,quarterly_same_quarter_previous_5yr_mean,199.6,,,count,998,,5,final,,,,,,,,none,No disclosure restriction identified.,199.600
bnr_cvd_public_metric_v2,CVD-BURDEN-001,cvd_2024_04,quarterly,2018_q3,2018-07-01,2018,7,3,1,stroke,all,all,hospital_registered,hospital_only,not_applicable,observed,quarterly_count,135,,,count,135,,,final,,,,,,,,none,No disclosure restriction identified.,135.000
bnr_cvd_public_metric_v2,CVD-BURDEN-001,cvd_2024_04,annual,2018,2018-01-01,2018,,,1,all_cvd,all,all,hospital_registered,hospital_only,not_applicable,observed,annual_previous_5yr_mean,741.8,,,count,3709,,5,final,,,,,,,,none,No disclosure restriction identified.,741.800
bnr_cvd_public_metric_v2,CVD-BURDEN-001,cvd_2024_04,quarterly,2018_q1,2018-01-01,2018,1,1,1,stroke,all,all,hospital_registered,hospital_only,not_applicable,observed,quarterly_same_quarter_previous_5yr_mean,143.2,,,count,716,,5,final,,,,,,,,none,No disclosure restriction identified.,143.200
bnr_cvd_public_metric_v2,CVD-BURDEN-001,cvd_2024_04,quarterly,2018_q4,2018-10-01,2018,10,4,1,stroke,all,all,hospital_registered,hospital_only,not_applicable,observed,quarterly_same_quarter_previous_5yr_mean,133.8,,,count,669,,5,final,,,,,,,,none,No disclosure restriction identified.,133.800
bnr_cvd_public_metric_v2,CVD-BURDEN-001,cvd_2024_04,quarterly,2018_q2,2018-04-01,2018,4,2,1,all_cvd,all,all,hospital_registered,hospital_only,not_applicable,observed,quarterly_same_quarter_previous_5yr_mean,173,,,count,865,,5,final,,,,,,,,none,No disclosure restriction identified.,173.000
bnr_cvd_public_metric_v2,CVD-BURDEN-001,cvd_2024_04,quarterly,2018_q3,2018-07-01,2018,7,3,1,all_cvd,all,all,hospital_registered,hospital_only,not_applicable,observed,quarterly_count,189,,,count,189,,,final,,,,,,,,none,No disclosure restriction identified.,189.000
bnr_cvd_public_metric_v2,CVD-BURDEN-001,cvd_2024_04,quarterly,2018_q3,2018-07-01,2018,7,3,1,all_cvd,all,all,hospital_registered,hospital_only,not_applicable,observed,quarterly_same_quarter_previous_5yr_mean,180.2,,,count,901,,5,final,,,,,,,,none,No disclosure restriction identified.,180.200
bnr_cvd_public_metric_v2,CVD-BURDEN-001,cvd_2024_04,quarterly,2018_q1,2018-01-01,2018,1,1,1,heart,all,all,hospital_registered,hospital_only,not_applicable,observed,quarterly_same_quarter_previous_5yr_mean,56.4,,,count,282,,5,final,,,,,,,,none,No disclosure restriction identified.,56.400
bnr_cvd_public_metric_v2,CVD-INCIDENCE-001,cvd_2024_04,annual,2018,2018-01-01,2018,,,1,all_cvd,all,all,hospital_registered,hospital_only,not_applicable,observed,annual_crude_rate,287.4847930519165,,,rate_per_100000,807,280710.5,,final,cvd_rates_v1_0_7,UN_WPP_2024,BRB,persons,2026-08-26,historical_estimate,WHO_WORLD_2000_2025,none,No disclosure restriction identified.,287.485
bnr_cvd_public_metric_v2,CVD-BURDEN-001,cvd_2024_04,annual,2018,2018-01-01,2018,,,1,all_cvd,all,age_70_plus,hospital_registered,hospital_only,not_applicable,observed,annual_count,404,,,count,404,,,final,,,,,,,,none,No disclosure restriction identified.,404.000
bnr_cvd_public_metric_v2,CVD-BURDEN-001,cvd_2024_04,monthly,2018_m03,2018-03-01,2018,3,,1,all_cvd,all,all,hospital_registered,hospital_only,not_applicable,observed,monthly_count,74,,,count,74,,,final,,,,,,,,none,No disclosure restriction identified.,74.000
bnr_cvd_public_metric_v2,CVD-BURDEN-001,cvd_2024_04,monthly,2018_m02,2018-02-01,2018,2,,1,all_cvd,all,all,hospital_registered,hospital_only,not_applicable,observed,monthly_count,69,,,count,69,,,final,,,,,,,,none,No disclosure restriction identified.,69.000
bnr_cvd_public_metric_v2,CVD-BURDEN-001,cvd_2024_04,quarterly,2018_q2,2018-04-01,2018,4,2,1,stroke,all,all,hospital_registered,hospital_only,not_applicable,observed,quarterly_same_quarter_previous_5yr_mean,118.8,,,count,594,,5,final,,,,,,,,none,No disclosure restriction identified.,118.800
bnr_cvd_public_metric_v2,CVD-BURDEN-001,cvd_2024_04,quarterly,2018_q4,2018-10-01,2018,10,4,1,heart,all,all,hospital_registered,hospital_only,not_applicable,observed,quarterly_count,62,,,count,62,,,final,,,,,,,,none,No disclosure restriction identified.,62.000
bnr_cvd_public_metric_v2,CVD-BURDEN-002,cvd_2024_04,annual,2018,2018-01-01,2018,,,1,all_cvd,all,age_70_plus,hospital_registered,hospital_only,not_applicable,observed,age_distribution,50.06195786864932,,,percent,404,807,,final,,,,,,,,none,No disclosure restriction identified.,50.062
bnr_cvd_public_metric_v2,CVD-BURDEN-002,cvd_2024_04,annual,2018,2018-01-01,2018,,,1,all_cvd,all,under_70,hospital_registered,hospital_only,not_applicable,observed,age_distribution,49.93804213135068,,,percent,403,807,,final,,,,,,,,none,No disclosure restriction identified.,49.938
bnr_cvd_public_metric_v2,CVD-BURDEN-001,cvd_2024_04,quarterly,2018_q1,2018-01-01,2018,1,1,1,stroke,all,all,hospital_registered,hospital_only,not_applicable,observed,quarterly_count,153,,,count,153,,,final,,,,,,,,none,No disclosure restriction identified.,153.000
bnr_cvd_public_metric_v2,CVD-BURDEN-001,cvd_2024_04,annual,2018,2018-01-01,2018,,,1,stroke,all,all,hospital_registered,hospital_only,not_applicable,observed,annual_count,550,,,count,550,,,final,,,,,,,,none,No disclosure restriction identified.,550.000
bnr_cvd_public_metric_v2,CVD-INCIDENCE-001,cvd_2024_04,annual,2018,2018-01-01,2018,,,1,stroke,all,all,hospital_registered,hospital_only,not_applicable,observed,annual_crude_rate,195.9313955124586,,,rate_per_100000,550,280710.5,,final,cvd_rates_v1_0_7,UN_WPP_2024,BRB,persons,2026-08-26,historical_estimate,WHO_WORLD_2000_2025,none,No disclosure restriction identified.,195.931
bnr_cvd_public_metric_v2,CVD-BURDEN-001,cvd_2024_04,quarterly,2018_q4,2018-10-01,2018,10,4,1,all_cvd,all,all,hospital_registered,hospital_only,not_applicable,observed,quarterly_same_quarter_previous_5yr_mean,189,,,count,945,,5,final,,,,,,,,none,No disclosure restriction identified.,189.000
bnr_cvd_public_metric_v2,CVD-BURDEN-001,cvd_2024_04,monthly,2018_m04,2018-04-01,2018,4,,1,all_cvd,all,all,hospital_registered,hospital_only,not_applicable,observed,monthly_count,83,,,count,83,,,final,,,,,,,,none,No disclosure restriction identified.,83.000
bnr_cvd_public_metric_v2,CVD-BURDEN-001,cvd_2024_04,quarterly,2018_q4,2018-10-01,2018,10,4,1,all_cvd,all,all,hospital_registered,hospital_only,not_applicable,observed,quarterly_count,184,,,count,184,,,final,,,,,,,,none,No disclosure restriction identified.,184.000
bnr_cvd_public_metric_v2,CVD-BURDEN-001,cvd_2024_04,quarterly,2018_q3,2018-07-01,2018,7,3,1,heart,all,all,hospital_registered,hospital_only,not_applicable,observed,quarterly_count,54,,,count,54,,,final,,,,,,,,none,No disclosure restriction identified.,54.000
bnr_cvd_public_metric_v2,CVD-BURDEN-001,cvd_2024_04,annual,2018,2018-01-01,2018,,,1,heart,all,all,hospital_registered,hospital_only,not_applicable,observed,annual_count,257,,,count,257,,,final,,,,,,,,none,No disclosure restriction identified.,257.000
bnr_cvd_public_metric_v2,CVD-BURDEN-001,cvd_2024_04,monthly,2018_m12,2018-12-01,2018,12,,1,all_cvd,all,all,hospital_registered,hospital_only,not_applicable,observed,monthly_count,50,,,count,50,,,final,,,,,,,,none,No disclosure restriction identified.,50.000
bnr_cvd_public_metric_v2,CVD-BURDEN-002,cvd_2024_04,annual,2018,2018-01-01,2018,,,1,heart,all,all,hospital_registered,hospital_only,not_applicable,observed,event_type_distribution,31.84634448574969,,,percent,257,807,,final,,,,,,,,none,No disclosure restriction identified.,31.846
bnr_cvd_public_metric_v2,CVD-BURDEN-001,cvd_2024_04,annual,2018,2018-01-01,2018,,,1,stroke,all,all,hospital_registered,hospital_only,not_applicable,observed,annual_previous_5yr_mean,523.2,,,count,2616,,5,final,,,,,,,,none,No disclosure restriction identified.,523.200
bnr_cvd_public_metric_v2,CVD-INCIDENCE-001,cvd_2024_04,annual,2018,2018-01-01,2018,,,1,heart,all,all,hospital_registered,hospital_only,not_applicable,observed,annual_crude_rate,91.5533975394579,,,rate_per_100000,257,280710.5,,final,cvd_rates_v1_0_7,UN_WPP_2024,BRB,persons,2026-08-26,historical_estimate,WHO_WORLD_2000_2025,none,No disclosure restriction identified.,91.553
bnr_cvd_public_metric_v2,CVD-BURDEN-001,cvd_2024_04,monthly,2018_m09,2018-09-01,2018,9,,1,all_cvd,all,all,hospital_registered,hospital_only,not_applicable,observed,monthly_count,57,,,count,57,,,final,,,,,,,,none,No disclosure restriction identified.,57.000
bnr_cvd_public_metric_v2,CVD-BURDEN-001,cvd_2024_04,monthly,2018_m01,2018-01-01,2018,1,,1,all_cvd,all,all,hospital_registered,hospital_only,not_applicable,observed,monthly_count,69,,,count,69,,,final,,,,,,,,none,No disclosure restriction identified.,69.000
bnr_cvd_public_metric_v2,CVD-BURDEN-001,cvd_2024_04,monthly,2018_m08,2018-08-01,2018,8,,1,all_cvd,all,all,hospital_registered,hospital_only,not_applicable,observed,monthly_count,67,,,count,67,,,final,,,,,,,,none,No disclosure restriction identified.,67.000
bnr_cvd_public_metric_v2,CVD-BURDEN-001,cvd_2024_04,quarterly,2018_q1,2018-01-01,2018,1,1,1,all_cvd,all,all,hospital_registered,hospital_only,not_applicable,observed,quarterly_count,212,,,count,212,,,final,,,,,,,,none,No disclosure restriction identified.,212.000
bnr_cvd_public_metric_v2,CVD-BURDEN-001,cvd_2024_04,annual,2018,2018-01-01,2018,,,1,all_cvd,all,all,hospital_registered,hospital_only,not_applicable,observed,annual_count,807,,,count,807,,,final,,,,,,,,none,No disclosure restriction identified.,807.000
bnr_cvd_public_metric_v2,CVD-BURDEN-001,cvd_2024_04,monthly,2018_m06,2018-06-01,2018,6,,1,all_cvd,all,all,hospital_registered,hospital_only,not_applicable,observed,monthly_count,62,,,count,62,,,final,,,,,,,,none,No disclosure restriction identified.,62.000
bnr_cvd_public_metric_v2,CVD-BURDEN-001,cvd_2024_04,quarterly,2018_q3,2018-07-01,2018,7,3,1,heart,all,all,hospital_registered,hospital_only,not_applicable,observed,quarterly_same_quarter_previous_5yr_mean,52.8,,,count,264,,5,final,,,,,,,,none,No disclosure restriction identified.,52.800
bnr_cvd_public_metric_v2,CVD-BURDEN-001,cvd_2024_04,quarterly,2018_q4,2018-10-01,2018,10,4,1,heart,all,all,hospital_registered,hospital_only,not_applicable,observed,quarterly_same_quarter_previous_5yr_mean,55.2,,,count,276,,5,final,,,,,,,,none,No disclosure restriction identified.,55.200
bnr_cvd_public_metric_v2,CVD-BURDEN-001,cvd_2024_04,monthly,2018_m05,2018-05-01,2018,5,,1,all_cvd,all,all,hospital_registered,hospital_only,not_applicable,observed,monthly_count,77,,,count,77,,,final,,,,,,,,none,No disclosure restriction identified.,77.000
bnr_cvd_public_metric_v2,CVD-INCIDENCE-001,cvd_2024_04,annual,2018,2018-01-01,2018,,,1,heart,all,age_standardised,hospital_registered,hospital_only,not_applicable,observed,annual_age_standardised_rate,58.64669440824061,,,rate_per_100000,,,,final,cvd_rates_v1_0_7,UN_WPP_2024,BRB,persons,2026-08-26,historical_estimate,WHO_WORLD_2000_2025,none,No disclosure restriction identified.,58.647
bnr_cvd_public_metric_v2,CVD-BURDEN-001,cvd_2024_04,quarterly,2018_q1,2018-01-01,2018,1,1,1,heart,all,all,hospital_registered,hospital_only,not_applicable,observed,quarterly_count,59,,,count,59,,,final,,,,,,,,none,No disclosure restriction identified.,59.000
bnr_cvd_public_metric_v2,CVD-BURDEN-001,cvd_2024_04,annual,2018,2018-01-01,2018,,,1,all_cvd,all,age_70_plus,hospital_registered,hospital_only,not_applicable,observed,annual_previous_5yr_mean,372.4,,,count,1862,,5,final,,,,,,,,none,No disclosure restriction identified.,372.400
bnr_cvd_public_metric_v2,CVD-BURDEN-001,cvd_2024_04,quarterly,2018_q3,2018-07-01,2018,7,3,1,stroke,all,all,hospital_registered,hospital_only,not_applicable,observed,quarterly_same_quarter_previous_5yr_mean,127.4,,,count,637,,5,final,,,,,,,,none,No disclosure restriction identified.,127.400
bnr_cvd_public_metric_v2,CVD-BURDEN-001,cvd_2024_04,quarterly,2018_q2,2018-04-01,2018,4,2,1,heart,all,all,hospital_registered,hospital_only,not_applicable,observed,quarterly_count,82,,,count,82,,,final,,,,,,,,none,No disclosure restriction identified.,82.000
bnr_cvd_public_metric_v2,CVD-BURDEN-001,cvd_2024_04,quarterly,2018_q2,2018-04-01,2018,4,2,1,stroke,all,all,hospital_registered,hospital_only,not_applicable,observed,quarterly_count,140,,,count,140,,,final,,,,,,,,none,No disclosure restriction identified.,140.000
bnr_cvd_public_metric_v2,CVD-BURDEN-001,cvd_2024_04,monthly,2018_m07,2018-07-01,2018,7,,1,all_cvd,all,all,hospital_registered,hospital_only,not_applicable,observed,monthly_count,65,,,count,65,,,final,,,,,,,,none,No disclosure restriction identified.,65.000
bnr_cvd_public_metric_v2,CVD-BURDEN-001,cvd_2024_04,annual,2018,2018-01-01,2018,,,1,all_cvd,all,under_70,hospital_registered,hospital_only,not_applicable,observed,annual_previous_5yr_mean,368.6,,,count,1843,,5,final,,,,,,,,none,No disclosure restriction identified.,368.600
bnr_cvd_public_metric_v2,CVD-BURDEN-001,cvd_2024_04,quarterly,2018_q2,2018-04-01,2018,4,2,1,all_cvd,all,all,hospital_registered,hospital_only,not_applicable,observed,quarterly_count,222,,,count,222,,,final,,,,,,,,none,No disclosure restriction identified.,222.000
bnr_cvd_public_metric_v2,CVD-BURDEN-001,cvd_2024_04,quarterly,2018_q2,2018-04-01,2018,4,2,1,heart,female,all,hospital_registered,hospital_only,not_applicable,observed,quarterly_count,36,,,count,36,,,final,,,,,,,,none,No disclosure restriction identified.,36.000
bnr_cvd_public_metric_v2,CVD-BURDEN-001,cvd_2024_04,quarterly,2018_q4,2018-10-01,2018,10,4,1,stroke,female,all,hospital_registered,hospital_only,not_applicable,observed,quarterly_count,64,,,count,64,,,final,,,,,,,,none,No disclosure restriction identified.,64.000
bnr_cvd_public_metric_v2,CVD-BURDEN-001,cvd_2024_04,quarterly,2018_q2,2018-04-01,2018,4,2,1,stroke,female,all,hospital_registered,hospital_only,not_applicable,observed,quarterly_count,71,,,count,71,,,final,,,,,,,,none,No disclosure restriction identified.,71.000
bnr_cvd_public_metric_v2,CVD-INCIDENCE-001,cvd_2024_04,annual,2018,2018-01-01,2018,,,1,heart,female,age_standardised,hospital_registered,hospital_only,not_applicable,observed,annual_age_standardised_rate,41.16054778949653,,,rate_per_100000,,,,final,cvd_rates_v1_0_7,UN_WPP_2024,BRB,persons,2026-08-26,historical_estimate,WHO_WORLD_2000_2025,none,No disclosure restriction identified.,41.161
bnr_cvd_public_metric_v2,CVD-BURDEN-001,cvd_2024_04,quarterly,2018_q4,2018-10-01,2018,10,4,1,all_cvd,female,all,hospital_registered,hospital_only,not_applicable,observed,quarterly_count,96,,,count,96,,,final,,,,,,,,none,No disclosure restriction identified.,96.000
bnr_cvd_public_metric_v2,CVD-BURDEN-001,cvd_2024_04,quarterly,2018_q4,2018-10-01,2018,10,4,1,heart,female,all,hospital_registered,hospital_only,not_applicable,observed,quarterly_count,32,,,count,32,,,final,,,,,,,,none,No disclosure restriction identified.,32.000
bnr_cvd_public_metric_v2,CVD-INCIDENCE-001,cvd_2024_04,annual,2018,2018-01-01,2018,,,1,stroke,female,age_standardised,hospital_registered,hospital_only,not_applicable,observed,annual_age_standardised_rate,110.2827156709039,,,rate_per_100000,,,,final,cvd_rates_v1_0_7,UN_WPP_2024,BRB,persons,2026-08-26,historical_estimate,WHO_WORLD_2000_2025,none,No disclosure restriction identified.,110.283
bnr_cvd_public_metric_v2,CVD-BURDEN-001,cvd_2024_04,quarterly,2018_q3,2018-07-01,2018,7,3,1,heart,female,all,hospital_registered,hospital_only,not_applicable,observed,quarterly_same_quarter_previous_5yr_mean,25.2,,,count,126,,5,final,,,,,,,,none,No disclosure restriction identified.,25.200
bnr_cvd_public_metric_v2,CVD-BURDEN-001,cvd_2024_04,quarterly,2018_q3,2018-07-01,2018,7,3,1,stroke,female,all,hospital_registered,hospital_only,not_applicable,observed,quarterly_count,60,,,count,60,,,final,,,,,,,,none,No disclosure restriction identified.,60.000
bnr_cvd_public_metric_v2,CVD-BURDEN-002,cvd_2024_04,annual,2018,2018-01-01,2018,,,1,stroke,female,all,hospital_registered,hospital_only,not_applicable,observed,sex_distribution,50.36363636363637,,,percent,277,550,,final,,,,,,,,none,No disclosure restriction identified.,50.364
bnr_cvd_public_metric_v2,CVD-BURDEN-001,cvd_2024_04,quarterly,2018_q3,2018-07-01,2018,7,3,1,all_cvd,female,all,hospital_registered,hospital_only,not_applicable,observed,quarterly_count,81,,,count,81,,,final,,,,,,,,none,No disclosure restriction identified.,81.000
bnr_cvd_public_metric_v2,CVD-BURDEN-001,cvd_2024_04,annual,2018,2018-01-01,2018,,,1,all_cvd,female,all,hospital_registered,hospital_only,not_applicable,observed,annual_previous_5yr_mean,376.2,,,count,1881,,5,final,,,,,,,,none,No disclosure restriction identified.,376.200
bnr_cvd_public_metric_v2,CVD-BURDEN-001,cvd_2024_04,annual,2018,2018-01-01,2018,,,1,stroke,female,all,hospital_registered,hospital_only,not_applicable,observed,annual_previous_5yr_mean,276.4,,,count,1382,,5,final,,,,,,,,none,No disclosure restriction identified.,276.400
bnr_cvd_public_metric_v2,CVD-BURDEN-001,cvd_2024_04,quarterly,2018_q4,2018-10-01,2018,10,4,1,stroke,female,all,hospital_registered,hospital_only,not_applicable,observed,quarterly_same_quarter_previous_5yr_mean,72.2,,,count,361,,5,final,,,,,,,,none,No disclosure restriction identified.,72.200
bnr_cvd_public_metric_v2,CVD-BURDEN-001,cvd_2024_04,quarterly,2018_q2,2018-04-01,2018,4,2,1,all_cvd,female,all,hospital_registered,hospital_only,not_applicable,observed,quarterly_count,107,,,count,107,,,final,,,,,,,,none,No disclosure restriction identified.,107.000
bnr_cvd_public_metric_v2,CVD-BURDEN-001,cvd_2024_04,annual,2018,2018-01-01,2018,,,1,stroke,female,all,hospital_registered,hospital_only,not_applicable,observed,annual_count,277,,,count,277,,,final,,,,,,,,none,No disclosure restriction identified.,277.000
bnr_cvd_public_metric_v2,CVD-BURDEN-002,cvd_2024_04,annual,2018,2018-01-01,2018,,,1,heart,female,all,hospital_registered,hospital_only,not_applicable,observed,sex_distribution,41.24513618677042,,,percent,106,257,,final,,,,,,,,none,No disclosure restriction identified.,41.245
bnr_cvd_public_metric_v2,CVD-BURDEN-001,cvd_2024_04,quarterly,2018_q1,2018-01-01,2018,1,1,1,stroke,female,all,hospital_registered,hospital_only,not_applicable,observed,quarterly_same_quarter_previous_5yr_mean,76.2,,,count,381,,5,final,,,,,,,,none,No disclosure restriction identified.,76.200
bnr_cvd_public_metric_v2,CVD-INCIDENCE-001,cvd_2024_04,annual,2018,2018-01-01,2018,,,1,all_cvd,female,age_standardised,hospital_registered,hospital_only,not_applicable,observed,annual_age_standardised_rate,151.4432634604003,,,rate_per_100000,,,,final,cvd_rates_v1_0_7,UN_WPP_2024,BRB,persons,2026-08-26,historical_estimate,WHO_WORLD_2000_2025,none,No disclosure restriction identified.,151.443
bnr_cvd_public_metric_v2,CVD-BURDEN-001,cvd_2024_04,annual,2018,2018-01-01,2018,,,1,heart,female,all,hospital_registered,hospital_only,not_applicable,observed,annual_previous_5yr_mean,99.8,,,count,499,,5,final,,,,,,,,none,No disclosure restriction identified.,99.800
bnr_cvd_public_metric_v2,CVD-BURDEN-001,cvd_2024_04,quarterly,2018_q3,2018-07-01,2018,7,3,1,stroke,female,all,hospital_registered,hospital_only,not_applicable,observed,quarterly_same_quarter_previous_5yr_mean,69,,,count,345,,5,final,,,,,,,,none,No disclosure restriction identified.,69.000
bnr_cvd_public_metric_v2,CVD-BURDEN-001,cvd_2024_04,quarterly,2018_q1,2018-01-01,2018,1,1,1,all_cvd,female,all,hospital_registered,hospital_only,not_applicable,observed,quarterly_same_quarter_previous_5yr_mean,100.8,,,count,504,,5,final,,,,,,,,none,No disclosure restriction identified.,100.800
bnr_cvd_public_metric_v2,CVD-BURDEN-001,cvd_2024_04,quarterly,2018_q3,2018-07-01,2018,7,3,1,heart,female,all,hospital_registered,hospital_only,not_applicable,observed,quarterly_count,21,,,count,21,,,final,,,,,,,,none,No disclosure restriction identified.,21.000
bnr_cvd_public_metric_v2,CVD-BURDEN-001,cvd_2024_04,annual,2018,2018-01-01,2018,,,1,all_cvd,female,all,hospital_registered,hospital_only,not_applicable,observed,annual_count,383,,,count,383,,,final,,,,,,,,none,No disclosure restriction identified.,383.000
bnr_cvd_public_metric_v2,CVD-BURDEN-001,cvd_2024_04,quarterly,2018_q1,2018-01-01,2018,1,1,1,heart,female,all,hospital_registered,hospital_only,not_applicable,observed,quarterly_same_quarter_previous_5yr_mean,24.6,,,count,123,,5,final,,,,,,,,none,No disclosure restriction identified.,24.600
bnr_cvd_public_metric_v2,CVD-BURDEN-001,cvd_2024_04,quarterly,2018_q1,2018-01-01,2018,1,1,1,heart,female,all,hospital_registered,hospital_only,not_applicable,observed,quarterly_count,17,,,count,17,,,final,,,,,,,,none,No disclosure restriction identified.,17.000
bnr_cvd_public_metric_v2,CVD-INCIDENCE-001,cvd_2024_04,annual,2018,2018-01-01,2018,,,1,heart,female,all,hospital_registered,hospital_only,not_applicable,observed,annual_crude_rate,72.51656421991675,,,rate_per_100000,106,146173.5,,final,cvd_rates_v1_0_7,UN_WPP_2024,BRB,persons,2026-08-26,historical_estimate,WHO_WORLD_2000_2025,none,No disclosure restriction identified.,72.517
bnr_cvd_public_metric_v2,CVD-BURDEN-001,cvd_2024_04,quarterly,2018_q2,2018-04-01,2018,4,2,1,heart,female,all,hospital_registered,hospital_only,not_applicable,observed,quarterly_same_quarter_previous_5yr_mean,24.4,,,count,122,,5,final,,,,,,,,none,No disclosure restriction identified.,24.400
bnr_cvd_public_metric_v2,CVD-BURDEN-001,cvd_2024_04,quarterly,2018_q4,2018-10-01,2018,10,4,1,all_cvd,female,all,hospital_registered,hospital_only,not_applicable,observed,quarterly_same_quarter_previous_5yr_mean,97.8,,,count,489,,5,final,,,,,,,,none,No disclosure restriction identified.,97.800
bnr_cvd_public_metric_v2,CVD-BURDEN-001,cvd_2024_04,quarterly,2018_q1,2018-01-01,2018,1,1,1,stroke,female,all,hospital_registered,hospital_only,not_applicable,observed,quarterly_count,82,,,count,82,,,final,,,,,,,,none,No disclosure restriction identified.,82.000
bnr_cvd_public_metric_v2,CVD-BURDEN-001,cvd_2024_04,quarterly,2018_q4,2018-10-01,2018,10,4,1,heart,female,all,hospital_registered,hospital_only,not_applicable,observed,quarterly_same_quarter_previous_5yr_mean,25.6,,,count,128,,5,final,,,,,,,,none,No disclosure restriction identified.,25.600
bnr_cvd_public_metric_v2,CVD-INCIDENCE-001,cvd_2024_04,annual,2018,2018-01-01,2018,,,1,all_cvd,female,all,hospital_registered,hospital_only,not_applicable,observed,annual_crude_rate,262.0173971342275,,,rate_per_100000,383,146173.5,,final,cvd_rates_v1_0_7,UN_WPP_2024,BRB,persons,2026-08-26,historical_estimate,WHO_WORLD_2000_2025,none,No disclosure restriction identified.,262.017
bnr_cvd_public_metric_v2,CVD-BURDEN-001,cvd_2024_04,quarterly,2018_q2,2018-04-01,2018,4,2,1,stroke,female,all,hospital_registered,hospital_only,not_applicable,observed,quarterly_same_quarter_previous_5yr_mean,59,,,count,295,,5,final,,,,,,,,none,No disclosure restriction identified.,59.000
bnr_cvd_public_metric_v2,CVD-BURDEN-001,cvd_2024_04,quarterly,2018_q3,2018-07-01,2018,7,3,1,all_cvd,female,all,hospital_registered,hospital_only,not_applicable,observed,quarterly_same_quarter_previous_5yr_mean,94.2,,,count,471,,5,final,,,,,,,,none,No disclosure restriction identified.,94.200
bnr_cvd_public_metric_v2,CVD-BURDEN-001,cvd_2024_04,annual,2018,2018-01-01,2018,,,1,heart,female,all,hospital_registered,hospital_only,not_applicable,observed,annual_count,106,,,count,106,,,final,,,,,,,,none,No disclosure restriction identified.,106.000
bnr_cvd_public_metric_v2,CVD-BURDEN-001,cvd_2024_04,quarterly,2018_q2,2018-04-01,2018,4,2,1,all_cvd,female,all,hospital_registered,hospital_only,not_applicable,observed,quarterly_same_quarter_previous_5yr_mean,83.40000000000001,,,count,417,,5,final,,,,,,,,none,No disclosure restriction identified.,83.400
bnr_cvd_public_metric_v2,CVD-BURDEN-002,cvd_2024_04,annual,2018,2018-01-01,2018,,,1,all_cvd,female,all,hospital_registered,hospital_only,not_applicable,observed,sex_distribution,47.45972738537795,,,percent,383,807,,final,,,,,,,,none,No disclosure restriction identified.,47.460
bnr_cvd_public_metric_v2,CVD-BURDEN-001,cvd_2024_04,quarterly,2018_q1,2018-01-01,2018,1,1,1,all_cvd,female,all,hospital_registered,hospital_only,not_applicable,observed,quarterly_count,99,,,count,99,,,final,,,,,,,,none,No disclosure restriction identified.,99.000
bnr_cvd_public_metric_v2,CVD-INCIDENCE-001,cvd_2024_04,annual,2018,2018-01-01,2018,,,1,stroke,female,all,hospital_registered,hospital_only,not_applicable,observed,annual_crude_rate,189.5008329143107,,,rate_per_100000,277,146173.5,,final,cvd_rates_v1_0_7,UN_WPP_2024,BRB,persons,2026-08-26,historical_estimate,WHO_WORLD_2000_2025,none,No disclosure restriction identified.,189.501
bnr_cvd_public_metric_v2,CVD-INCIDENCE-001,cvd_2024_04,annual,2018,2018-01-01,2018,,,1,heart,male,all,hospital_registered,hospital_only,not_applicable,observed,annual_crude_rate,112.2367824464645,,,rate_per_100000,151,134537,,final,cvd_rates_v1_0_7,UN_WPP_2024,BRB,persons,2026-08-26,historical_estimate,WHO_WORLD_2000_2025,none,No disclosure restriction identified.,112.237
bnr_cvd_public_metric_v2,CVD-BURDEN-001,cvd_2024_04,quarterly,2018_q4,2018-10-01,2018,10,4,1,stroke,male,all,hospital_registered,hospital_only,not_applicable,observed,quarterly_count,58,,,count,58,,,final,,,,,,,,none,No disclosure restriction identified.,58.000
bnr_cvd_public_metric_v2,CVD-BURDEN-001,cvd_2024_04,quarterly,2018_q1,2018-01-01,2018,1,1,1,stroke,male,all,hospital_registered,hospital_only,not_applicable,observed,quarterly_count,71,,,count,71,,,final,,,,,,,,none,No disclosure restriction identified.,71.000
bnr_cvd_public_metric_v2,CVD-INCIDENCE-001,cvd_2024_04,annual,2018,2018-01-01,2018,,,1,all_cvd,male,all,hospital_registered,hospital_only,not_applicable,observed,annual_crude_rate,315.1549387900726,,,rate_per_100000,424,134537,,final,cvd_rates_v1_0_7,UN_WPP_2024,BRB,persons,2026-08-26,historical_estimate,WHO_WORLD_2000_2025,none,No disclosure restriction identified.,315.155
bnr_cvd_public_metric_v2,CVD-BURDEN-002,cvd_2024_04,annual,2018,2018-01-01,2018,,,1,all_cvd,male,all,hospital_registered,hospital_only,not_applicable,observed,sex_distribution,52.54027261462205,,,percent,424,807,,final,,,,,,,,none,No disclosure restriction identified.,52.540
bnr_cvd_public_metric_v2,CVD-BURDEN-001,cvd_2024_04,quarterly,2018_q3,2018-07-01,2018,7,3,1,stroke,male,all,hospital_registered,hospital_only,not_applicable,observed,quarterly_same_quarter_previous_5yr_mean,58.4,,,count,292,,5,final,,,,,,,,none,No disclosure restriction identified.,58.400
bnr_cvd_public_metric_v2,CVD-INCIDENCE-001,cvd_2024_04,annual,2018,2018-01-01,2018,,,1,stroke,male,age_standardised,hospital_registered,hospital_only,not_applicable,observed,annual_age_standardised_rate,144.4898008668038,,,rate_per_100000,,,,final,cvd_rates_v1_0_7,UN_WPP_2024,BRB,persons,2026-08-26,historical_estimate,WHO_WORLD_2000_2025,none,No disclosure restriction identified.,144.490
bnr_cvd_public_metric_v2,CVD-BURDEN-001,cvd_2024_04,quarterly,2018_q2,2018-04-01,2018,4,2,1,all_cvd,male,all,hospital_registered,hospital_only,not_applicable,observed,quarterly_count,115,,,count,115,,,final,,,,,,,,none,No disclosure restriction identified.,115.000
bnr_cvd_public_metric_v2,CVD-BURDEN-001,cvd_2024_04,quarterly,2018_q2,2018-04-01,2018,4,2,1,stroke,male,all,hospital_registered,hospital_only,not_applicable,observed,quarterly_count,69,,,count,69,,,final,,,,,,,,none,No disclosure restriction identified.,69.000
bnr_cvd_public_metric_v2,CVD-BURDEN-001,cvd_2024_04,annual,2018,2018-01-01,2018,,,1,stroke,male,all,hospital_registered,hospital_only,not_applicable,observed,annual_count,273,,,count,273,,,final,,,,,,,,none,No disclosure restriction identified.,273.000
bnr_cvd_public_metric_v2,CVD-INCIDENCE-001,cvd_2024_04,annual,2018,2018-01-01,2018,,,1,heart,male,age_standardised,hospital_registered,hospital_only,not_applicable,observed,annual_age_standardised_rate,80.61007158484064,,,rate_per_100000,,,,final,cvd_rates_v1_0_7,UN_WPP_2024,BRB,persons,2026-08-26,historical_estimate,WHO_WORLD_2000_2025,none,No disclosure restriction identified.,80.610
bnr_cvd_public_metric_v2,CVD-BURDEN-001,cvd_2024_04,quarterly,2018_q4,2018-10-01,2018,10,4,1,heart,male,all,hospital_registered,hospital_only,not_applicable,observed,quarterly_same_quarter_previous_5yr_mean,29.6,,,count,148,,5,final,,,,,,,,none,No disclosure restriction identified.,29.600
bnr_cvd_public_metric_v2,CVD-BURDEN-001,cvd_2024_04,quarterly,2018_q2,2018-04-01,2018,4,2,1,stroke,male,all,hospital_registered,hospital_only,not_applicable,observed,quarterly_same_quarter_previous_5yr_mean,59.8,,,count,299,,5,final,,,,,,,,none,No disclosure restriction identified.,59.800
bnr_cvd_public_metric_v2,CVD-BURDEN-001,cvd_2024_04,quarterly,2018_q1,2018-01-01,2018,1,1,1,all_cvd,male,all,hospital_registered,hospital_only,not_applicable,observed,quarterly_count,113,,,count,113,,,final,,,,,,,,none,No disclosure restriction identified.,113.000
bnr_cvd_public_metric_v2,CVD-BURDEN-001,cvd_2024_04,quarterly,2018_q3,2018-07-01,2018,7,3,1,stroke,male,all,hospital_registered,hospital_only,not_applicable,observed,quarterly_count,75,,,count,75,,,final,,,,,,,,none,No disclosure restriction identified.,75.000
bnr_cvd_public_metric_v2,CVD-BURDEN-001,cvd_2024_04,annual,2018,2018-01-01,2018,,,1,all_cvd,male,all,hospital_registered,hospital_only,not_applicable,observed,annual_previous_5yr_mean,365.6,,,count,1828,,5,final,,,,,,,,none,No disclosure restriction identified.,365.600
bnr_cvd_public_metric_v2,CVD-INCIDENCE-001,cvd_2024_04,annual,2018,2018-01-01,2018,,,1,stroke,male,all,hospital_registered,hospital_only,not_applicable,observed,annual_crude_rate,202.9181563436081,,,rate_per_100000,273,134537,,final,cvd_rates_v1_0_7,UN_WPP_2024,BRB,persons,2026-08-26,historical_estimate,WHO_WORLD_2000_2025,none,No disclosure restriction identified.,202.918
bnr_cvd_public_metric_v2,CVD-BURDEN-001,cvd_2024_04,quarterly,2018_q3,2018-07-01,2018,7,3,1,all_cvd,male,all,hospital_registered,hospital_only,not_applicable,observed,quarterly_same_quarter_previous_5yr_mean,86,,,count,430,,5,final,,,,,,,,none,No disclosure restriction identified.,86.000
bnr_cvd_public_metric_v2,CVD-BURDEN-001,cvd_2024_04,quarterly,2018_q4,2018-10-01,2018,10,4,1,all_cvd,male,all,hospital_registered,hospital_only,not_applicable,observed,quarterly_same_quarter_previous_5yr_mean,91.2,,,count,456,,5,final,,,,,,,,none,No disclosure restriction identified.,91.200
bnr_cvd_public_metric_v2,CVD-BURDEN-001,cvd_2024_04,annual,2018,2018-01-01,2018,,,1,heart,male,all,hospital_registered,hospital_only,not_applicable,observed,annual_previous_5yr_mean,118.8,,,count,594,,5,final,,,,,,,,none,No disclosure restriction identified.,118.800
bnr_cvd_public_metric_v2,CVD-BURDEN-001,cvd_2024_04,quarterly,2018_q2,2018-04-01,2018,4,2,1,all_cvd,male,all,hospital_registered,hospital_only,not_applicable,observed,quarterly_same_quarter_previous_5yr_mean,89.59999999999999,,,count,448,,5,final,,,,,,,,none,No disclosure restriction identified.,89.600
bnr_cvd_public_metric_v2,CVD-BURDEN-001,cvd_2024_04,annual,2018,2018-01-01,2018,,,1,stroke,male,all,hospital_registered,hospital_only,not_applicable,observed,annual_previous_5yr_mean,246.8,,,count,1234,,5,final,,,,,,,,none,No disclosure restriction identified.,246.800
bnr_cvd_public_metric_v2,CVD-BURDEN-001,cvd_2024_04,quarterly,2018_q2,2018-04-01,2018,4,2,1,heart,male,all,hospital_registered,hospital_only,not_applicable,observed,quarterly_same_quarter_previous_5yr_mean,29.8,,,count,149,,5,final,,,,,,,,none,No disclosure restriction identified.,29.800
bnr_cvd_public_metric_v2,CVD-BURDEN-001,cvd_2024_04,quarterly,2018_q4,2018-10-01,2018,10,4,1,heart,male,all,hospital_registered,hospital_only,not_applicable,observed,quarterly_count,30,,,count,30,,,final,,,,,,,,none,No disclosure restriction identified.,30.000
bnr_cvd_public_metric_v2,CVD-BURDEN-002,cvd_2024_04,annual,2018,2018-01-01,2018,,,1,stroke,male,all,hospital_registered,hospital_only,not_applicable,observed,sex_distribution,49.63636363636363,,,percent,273,550,,final,,,,,,,,none,No disclosure restriction identified.,49.636
bnr_cvd_public_metric_v2,CVD-BURDEN-001,cvd_2024_04,quarterly,2018_q3,2018-07-01,2018,7,3,1,heart,male,all,hospital_registered,hospital_only,not_applicable,observed,quarterly_count,33,,,count,33,,,final,,,,,,,,none,No disclosure restriction identified.,33.000
bnr_cvd_public_metric_v2,CVD-BURDEN-002,cvd_2024_04,annual,2018,2018-01-01,2018,,,1,heart,male,all,hospital_registered,hospital_only,not_applicable,observed,sex_distribution,58.75486381322958,,,percent,151,257,,final,,,,,,,,none,No disclosure restriction identified.,58.755
bnr_cvd_public_metric_v2,CVD-BURDEN-001,cvd_2024_04,quarterly,2018_q1,2018-01-01,2018,1,1,1,stroke,male,all,hospital_registered,hospital_only,not_applicable,observed,quarterly_same_quarter_previous_5yr_mean,67,,,count,335,,5,final,,,,,,,,none,No disclosure restriction identified.,67.000
bnr_cvd_public_metric_v2,CVD-BURDEN-001,cvd_2024_04,quarterly,2018_q4,2018-10-01,2018,10,4,1,stroke,male,all,hospital_registered,hospital_only,not_applicable,observed,quarterly_same_quarter_previous_5yr_mean,61.6,,,count,308,,5,final,,,,,,,,none,No disclosure restriction identified.,61.600
bnr_cvd_public_metric_v2,CVD-BURDEN-001,cvd_2024_04,quarterly,2018_q3,2018-07-01,2018,7,3,1,heart,male,all,hospital_registered,hospital_only,not_applicable,observed,quarterly_same_quarter_previous_5yr_mean,27.6,,,count,138,,5,final,,,,,,,,none,No disclosure restriction identified.,27.600
bnr_cvd_public_metric_v2,CVD-BURDEN-001,cvd_2024_04,annual,2018,2018-01-01,2018,,,1,all_cvd,male,all,hospital_registered,hospital_only,not_applicable,observed,annual_count,424,,,count,424,,,final,,,,,,,,none,No disclosure restriction identified.,424.000
bnr_cvd_public_metric_v2,CVD-BURDEN-001,cvd_2024_04,quarterly,2018_q1,2018-01-01,2018,1,1,1,heart,male,all,hospital_registered,hospital_only,not_applicable,observed,quarterly_count,42,,,count,42,,,final,,,,,,,,none,No disclosure restriction identified.,42.000
bnr_cvd_public_metric_v2,CVD-INCIDENCE-001,cvd_2024_04,annual,2018,2018-01-01,2018,,,1,all_cvd,male,age_standardised,hospital_registered,hospital_only,not_applicable,observed,annual_age_standardised_rate,225.0998724516445,,,rate_per_100000,,,,final,cvd_rates_v1_0_7,UN_WPP_2024,BRB,persons,2026-08-26,historical_estimate,WHO_WORLD_2000_2025,none,No disclosure restriction identified.,225.100
bnr_cvd_public_metric_v2,CVD-BURDEN-001,cvd_2024_04,quarterly,2018_q1,2018-01-01,2018,1,1,1,heart,male,all,hospital_registered,hospital_only,not_applicable,observed,quarterly_same_quarter_previous_5yr_mean,31.8,,,count,159,,5,final,,,,,,,,none,No disclosure restriction identified.,31.800
bnr_cvd_public_metric_v2,CVD-BURDEN-001,cvd_2024_04,quarterly,2018_q4,2018-10-01,2018,10,4,1,all_cvd,male,all,hospital_registered,hospital_only,not_applicable,observed,quarterly_count,88,,,count,88,,,final,,,,,,,,none,No disclosure restriction identified.,88.000
bnr_cvd_public_metric_v2,CVD-BURDEN-001,cvd_2024_04,quarterly,2018_q2,2018-04-01,2018,4,2,1,heart,male,all,hospital_registered,hospital_only,not_applicable,observed,quarterly_count,46,,,count,46,,,final,,,,,,,,none,No disclosure restriction identified.,46.000
bnr_cvd_public_metric_v2,CVD-BURDEN-001,cvd_2024_04,quarterly,2018_q3,2018-07-01,2018,7,3,1,all_cvd,male,all,hospital_registered,hospital_only,not_applicable,observed,quarterly_count,108,,,count,108,,,final,,,,,,,,none,No disclosure restriction identified.,108.000
bnr_cvd_public_metric_v2,CVD-BURDEN-001,cvd_2024_04,quarterly,2018_q1,2018-01-01,2018,1,1,1,all_cvd,male,all,hospital_registered,hospital_only,not_applicable,observed,quarterly_same_quarter_previous_5yr_mean,98.8,,,count,494,,5,final,,,,,,,,none,No disclosure restriction identified.,98.800
bnr_cvd_public_metric_v2,CVD-BURDEN-001,cvd_2024_04,annual,2018,2018-01-01,2018,,,1,heart,male,all,hospital_registered,hospital_only,not_applicable,observed,annual_count,151,,,count,151,,,final,,,,,,,,none,No disclosure restriction identified.,151.000
bnr_cvd_public_metric_v2,CVD-BURDEN-002,cvd_2024_04,annual,2019,2019-01-01,2019,,,1,heart,all,all,hospital_registered,hospital_only,not_applicable,observed,event_type_distribution,33.33333333333333,,,percent,311,933,,final,,,,,,,,none,No disclosure restriction identified.,33.333
bnr_cvd_public_metric_v2,CVD-BURDEN-001,cvd_2024_04,quarterly,2019_q2,2019-04-01,2019,4,2,1,all_cvd,all,all,hospital_registered,hospital_only,not_applicable,observed,quarterly_count,243,,,count,243,,,final,,,,,,,,none,No disclosure restriction identified.,243.000
bnr_cvd_public_metric_v2,CVD-BURDEN-001,cvd_2024_04,annual,2019,2019-01-01,2019,,,1,all_cvd,all,age_70_plus,hospital_registered,hospital_only,not_applicable,observed,annual_previous_5yr_mean,383.4,,,count,1917,,5,final,,,,,,,,none,No disclosure restriction identified.,383.400
bnr_cvd_public_metric_v2,CVD-BURDEN-001,cvd_2024_04,quarterly,2019_q4,2019-10-01,2019,10,4,1,heart,all,all,hospital_registered,hospital_only,not_applicable,observed,quarterly_same_quarter_previous_5yr_mean,60.8,,,count,304,,5,final,,,,,,,,none,No disclosure restriction identified.,60.800
bnr_cvd_public_metric_v2,CVD-BURDEN-001,cvd_2024_04,quarterly,2019_q2,2019-04-01,2019,4,2,1,heart,all,all,hospital_registered,hospital_only,not_applicable,observed,quarterly_count,80,,,count,80,,,final,,,,,,,,none,No disclosure restriction identified.,80.000
bnr_cvd_public_metric_v2,CVD-BURDEN-001,cvd_2024_04,quarterly,2019_q3,2019-07-01,2019,7,3,1,stroke,all,all,hospital_registered,hospital_only,not_applicable,observed,quarterly_count,147,,,count,147,,,final,,,,,,,,none,No disclosure restriction identified.,147.000
bnr_cvd_public_metric_v2,CVD-BURDEN-001,cvd_2024_04,quarterly,2019_q1,2019-01-01,2019,1,1,1,stroke,all,all,hospital_registered,hospital_only,not_applicable,observed,quarterly_count,179,,,count,179,,,final,,,,,,,,none,No disclosure restriction identified.,179.000
bnr_cvd_public_metric_v2,CVD-BURDEN-001,cvd_2024_04,quarterly,2019_q3,2019-07-01,2019,7,3,1,all_cvd,all,all,hospital_registered,hospital_only,not_applicable,observed,quarterly_count,231,,,count,231,,,final,,,,,,,,none,No disclosure restriction identified.,231.000
bnr_cvd_public_metric_v2,CVD-BURDEN-001,cvd_2024_04,monthly,2019_m02,2019-02-01,2019,2,,1,all_cvd,all,all,hospital_registered,hospital_only,not_applicable,observed,monthly_count,75,,,count,75,,,final,,,,,,,,none,No disclosure restriction identified.,75.000
bnr_cvd_public_metric_v2,CVD-BURDEN-001,cvd_2024_04,annual,2019,2019-01-01,2019,,,1,all_cvd,all,under_70,hospital_registered,hospital_only,not_applicable,observed,annual_count,442,,,count,442,,,final,,,,,,,,none,No disclosure restriction identified.,442.000
bnr_cvd_public_metric_v2,CVD-INCIDENCE-001,cvd_2024_04,annual,2019,2019-01-01,2019,,,1,heart,all,all,hospital_registered,hospital_only,not_applicable,observed,annual_crude_rate,110.5944898340194,,,rate_per_100000,311,281207.5,,final,cvd_rates_v1_0_7,UN_WPP_2024,BRB,persons,2026-08-26,historical_estimate,WHO_WORLD_2000_2025,none,No disclosure restriction identified.,110.594
bnr_cvd_public_metric_v2,CVD-BURDEN-001,cvd_2024_04,monthly,2019_m06,2019-06-01,2019,6,,1,all_cvd,all,all,hospital_registered,hospital_only,not_applicable,observed,monthly_count,76,,,count,76,,,final,,,,,,,,none,No disclosure restriction identified.,76.000
bnr_cvd_public_metric_v2,CVD-BURDEN-001,cvd_2024_04,quarterly,2019_q4,2019-10-01,2019,10,4,1,all_cvd,all,all,hospital_registered,hospital_only,not_applicable,observed,quarterly_same_quarter_previous_5yr_mean,190.8,,,count,954,,5,final,,,,,,,,none,No disclosure restriction identified.,190.800
bnr_cvd_public_metric_v2,CVD-BURDEN-001,cvd_2024_04,annual,2019,2019-01-01,2019,,,1,stroke,all,all,hospital_registered,hospital_only,not_applicable,observed,annual_previous_5yr_mean,524.4,,,count,2622,,5,final,,,,,,,,none,No disclosure restriction identified.,524.400
bnr_cvd_public_metric_v2,CVD-BURDEN-001,cvd_2024_04,monthly,2019_m08,2019-08-01,2019,8,,1,all_cvd,all,all,hospital_registered,hospital_only,not_applicable,observed,monthly_count,75,,,count,75,,,final,,,,,,,,none,No disclosure restriction identified.,75.000
bnr_cvd_public_metric_v2,CVD-BURDEN-001,cvd_2024_04,quarterly,2019_q4,2019-10-01,2019,10,4,1,heart,all,all,hospital_registered,hospital_only,not_applicable,observed,quarterly_count,74,,,count,74,,,final,,,,,,,,none,No disclosure restriction identified.,74.000
bnr_cvd_public_metric_v2,CVD-INCIDENCE-001,cvd_2024_04,annual,2019,2019-01-01,2019,,,1,all_cvd,all,age_standardised,hospital_registered,hospital_only,not_applicable,observed,annual_age_standardised_rate,206.2691830303369,,,rate_per_100000,,,,final,cvd_rates_v1_0_7,UN_WPP_2024,BRB,persons,2026-08-26,historical_estimate,WHO_WORLD_2000_2025,none,No disclosure restriction identified.,206.269
bnr_cvd_public_metric_v2,CVD-BURDEN-001,cvd_2024_04,monthly,2019_m04,2019-04-01,2019,4,,1,all_cvd,all,all,hospital_registered,hospital_only,not_applicable,observed,monthly_count,76,,,count,76,,,final,,,,,,,,none,No disclosure restriction identified.,76.000
bnr_cvd_public_metric_v2,CVD-INCIDENCE-001,cvd_2024_04,annual,2019,2019-01-01,2019,,,1,stroke,all,age_standardised,hospital_registered,hospital_only,not_applicable,observed,annual_age_standardised_rate,137.3670576509784,,,rate_per_100000,,,,final,cvd_rates_v1_0_7,UN_WPP_2024,BRB,persons,2026-08-26,historical_estimate,WHO_WORLD_2000_2025,none,No disclosure restriction identified.,137.367
bnr_cvd_public_metric_v2,CVD-BURDEN-001,cvd_2024_04,quarterly,2019_q3,2019-07-01,2019,7,3,1,all_cvd,all,all,hospital_registered,hospital_only,not_applicable,observed,quarterly_same_quarter_previous_5yr_mean,184,,,count,920,,5,final,,,,,,,,none,No disclosure restriction identified.,184.000
bnr_cvd_public_metric_v2,CVD-BURDEN-001,cvd_2024_04,monthly,2019_m09,2019-09-01,2019,9,,1,all_cvd,all,all,hospital_registered,hospital_only,not_applicable,observed,monthly_count,94,,,count,94,,,final,,,,,,,,none,No disclosure restriction identified.,94.000
bnr_cvd_public_metric_v2,CVD-BURDEN-001,cvd_2024_04,annual,2019,2019-01-01,2019,,,1,all_cvd,all,all,hospital_registered,hospital_only,not_applicable,observed,annual_previous_5yr_mean,763.8,,,count,3819,,5,final,,,,,,,,none,No disclosure restriction identified.,763.800
bnr_cvd_public_metric_v2,CVD-BURDEN-001,cvd_2024_04,annual,2019,2019-01-01,2019,,,1,all_cvd,all,all,hospital_registered,hospital_only,not_applicable,observed,annual_count,933,,,count,933,,,final,,,,,,,,none,No disclosure restriction identified.,933.000
bnr_cvd_public_metric_v2,CVD-INCIDENCE-001,cvd_2024_04,annual,2019,2019-01-01,2019,,,1,heart,all,age_standardised,hospital_registered,hospital_only,not_applicable,observed,annual_age_standardised_rate,68.90212537935847,,,rate_per_100000,,,,final,cvd_rates_v1_0_7,UN_WPP_2024,BRB,persons,2026-08-26,historical_estimate,WHO_WORLD_2000_2025,none,No disclosure restriction identified.,68.902
bnr_cvd_public_metric_v2,CVD-BURDEN-001,cvd_2024_04,quarterly,2019_q2,2019-04-01,2019,4,2,1,all_cvd,all,all,hospital_registered,hospital_only,not_applicable,observed,quarterly_same_quarter_previous_5yr_mean,187,,,count,935,,5,final,,,,,,,,none,No disclosure restriction identified.,187.000
bnr_cvd_public_metric_v2,CVD-BURDEN-001,cvd_2024_04,quarterly,2019_q1,2019-01-01,2019,1,1,1,stroke,all,all,hospital_registered,hospital_only,not_applicable,observed,quarterly_same_quarter_previous_5yr_mean,142.4,,,count,712,,5,final,,,,,,,,none,No disclosure restriction identified.,142.400
bnr_cvd_public_metric_v2,CVD-BURDEN-001,cvd_2024_04,annual,2019,2019-01-01,2019,,,1,all_cvd,all,age_70_plus,hospital_registered,hospital_only,not_applicable,observed,annual_count,491,,,count,491,,,final,,,,,,,,none,No disclosure restriction identified.,491.000
bnr_cvd_public_metric_v2,CVD-BURDEN-001,cvd_2024_04,monthly,2019_m01,2019-01-01,2019,1,,1,all_cvd,all,all,hospital_registered,hospital_only,not_applicable,observed,monthly_count,90,,,count,90,,,final,,,,,,,,none,No disclosure restriction identified.,90.000
bnr_cvd_public_metric_v2,CVD-BURDEN-001,cvd_2024_04,monthly,2019_m12,2019-12-01,2019,12,,1,all_cvd,all,all,hospital_registered,hospital_only,not_applicable,observed,monthly_count,77,,,count,77,,,final,,,,,,,,none,No disclosure restriction identified.,77.000
bnr_cvd_public_metric_v2,CVD-BURDEN-001,cvd_2024_04,quarterly,2019_q2,2019-04-01,2019,4,2,1,stroke,all,all,hospital_registered,hospital_only,not_applicable,observed,quarterly_same_quarter_previous_5yr_mean,123.8,,,count,619,,5,final,,,,,,,,none,No disclosure restriction identified.,123.800
bnr_cvd_public_metric_v2,CVD-BURDEN-002,cvd_2024_04,annual,2019,2019-01-01,2019,,,1,stroke,all,all,hospital_registered,hospital_only,not_applicable,observed,event_type_distribution,66.66666666666666,,,percent,622,933,,final,,,,,,,,none,No disclosure restriction identified.,66.667
bnr_cvd_public_metric_v2,CVD-INCIDENCE-001,cvd_2024_04,annual,2019,2019-01-01,2019,,,1,all_cvd,all,all,hospital_registered,hospital_only,not_applicable,observed,annual_crude_rate,331.7834695020581,,,rate_per_100000,933,281207.5,,final,cvd_rates_v1_0_7,UN_WPP_2024,BRB,persons,2026-08-26,historical_estimate,WHO_WORLD_2000_2025,none,No disclosure restriction identified.,331.783
bnr_cvd_public_metric_v2,CVD-BURDEN-001,cvd_2024_04,quarterly,2019_q1,2019-01-01,2019,1,1,1,all_cvd,all,all,hospital_registered,hospital_only,not_applicable,observed,quarterly_count,252,,,count,252,,,final,,,,,,,,none,No disclosure restriction identified.,252.000
bnr_cvd_public_metric_v2,CVD-BURDEN-002,cvd_2024_04,annual,2019,2019-01-01,2019,,,1,all_cvd,all,under_70,hospital_registered,hospital_only,not_applicable,observed,age_distribution,47.37406216505895,,,percent,442,933,,final,,,,,,,,none,No disclosure restriction identified.,47.374
bnr_cvd_public_metric_v2,CVD-BURDEN-001,cvd_2024_04,quarterly,2019_q4,2019-10-01,2019,10,4,1,stroke,all,all,hospital_registered,hospital_only,not_applicable,observed,quarterly_same_quarter_previous_5yr_mean,130,,,count,650,,5,final,,,,,,,,none,No disclosure restriction identified.,130.000
bnr_cvd_public_metric_v2,CVD-BURDEN-002,cvd_2024_04,annual,2019,2019-01-01,2019,,,1,all_cvd,all,age_70_plus,hospital_registered,hospital_only,not_applicable,observed,age_distribution,52.62593783494105,,,percent,491,933,,final,,,,,,,,none,No disclosure restriction identified.,52.626
bnr_cvd_public_metric_v2,CVD-BURDEN-001,cvd_2024_04,monthly,2019_m10,2019-10-01,2019,10,,1,all_cvd,all,all,hospital_registered,hospital_only,not_applicable,observed,monthly_count,62,,,count,62,,,final,,,,,,,,none,No disclosure restriction identified.,62.000
bnr_cvd_public_metric_v2,CVD-BURDEN-001,cvd_2024_04,quarterly,2019_q4,2019-10-01,2019,10,4,1,all_cvd,all,all,hospital_registered,hospital_only,not_applicable,observed,quarterly_count,207,,,count,207,,,final,,,,,,,,none,No disclosure restriction identified.,207.000
bnr_cvd_public_metric_v2,CVD-BURDEN-001,cvd_2024_04,quarterly,2019_q1,2019-01-01,2019,1,1,1,heart,all,all,hospital_registered,hospital_only,not_applicable,observed,quarterly_same_quarter_previous_5yr_mean,59.6,,,count,298,,5,final,,,,,,,,none,No disclosure restriction identified.,59.600
bnr_cvd_public_metric_v2,CVD-BURDEN-001,cvd_2024_04,quarterly,2019_q3,2019-07-01,2019,7,3,1,heart,all,all,hospital_registered,hospital_only,not_applicable,observed,quarterly_count,84,,,count,84,,,final,,,,,,,,none,No disclosure restriction identified.,84.000
bnr_cvd_public_metric_v2,CVD-BURDEN-001,cvd_2024_04,quarterly,2019_q3,2019-07-01,2019,7,3,1,stroke,all,all,hospital_registered,hospital_only,not_applicable,observed,quarterly_same_quarter_previous_5yr_mean,128.2,,,count,641,,5,final,,,,,,,,none,No disclosure restriction identified.,128.200
bnr_cvd_public_metric_v2,CVD-BURDEN-001,cvd_2024_04,annual,2019,2019-01-01,2019,,,1,all_cvd,all,under_70,hospital_registered,hospital_only,not_applicable,observed,annual_previous_5yr_mean,379.6,,,count,1898,,5,final,,,,,,,,none,No disclosure restriction identified.,379.600
bnr_cvd_public_metric_v2,CVD-INCIDENCE-001,cvd_2024_04,annual,2019,2019-01-01,2019,,,1,stroke,all,all,hospital_registered,hospital_only,not_applicable,observed,annual_crude_rate,221.1889796680387,,,rate_per_100000,622,281207.5,,final,cvd_rates_v1_0_7,UN_WPP_2024,BRB,persons,2026-08-26,historical_estimate,WHO_WORLD_2000_2025,none,No disclosure restriction identified.,221.189
bnr_cvd_public_metric_v2,CVD-BURDEN-001,cvd_2024_04,quarterly,2019_q1,2019-01-01,2019,1,1,1,all_cvd,all,all,hospital_registered,hospital_only,not_applicable,observed,quarterly_same_quarter_previous_5yr_mean,202,,,count,1010,,5,final,,,,,,,,none,No disclosure restriction identified.,202.000
bnr_cvd_public_metric_v2,CVD-BURDEN-001,cvd_2024_04,annual,2019,2019-01-01,2019,,,1,heart,all,all,hospital_registered,hospital_only,not_applicable,observed,annual_previous_5yr_mean,239.4,,,count,1197,,5,final,,,,,,,,none,No disclosure restriction identified.,239.400
bnr_cvd_public_metric_v2,CVD-BURDEN-001,cvd_2024_04,monthly,2019_m07,2019-07-01,2019,7,,1,all_cvd,all,all,hospital_registered,hospital_only,not_applicable,observed,monthly_count,62,,,count,62,,,final,,,,,,,,none,No disclosure restriction identified.,62.000
bnr_cvd_public_metric_v2,CVD-BURDEN-001,cvd_2024_04,quarterly,2019_q3,2019-07-01,2019,7,3,1,heart,all,all,hospital_registered,hospital_only,not_applicable,observed,quarterly_same_quarter_previous_5yr_mean,55.8,,,count,279,,5,final,,,,,,,,none,No disclosure restriction identified.,55.800
bnr_cvd_public_metric_v2,CVD-BURDEN-001,cvd_2024_04,monthly,2019_m11,2019-11-01,2019,11,,1,all_cvd,all,all,hospital_registered,hospital_only,not_applicable,observed,monthly_count,68,,,count,68,,,final,,,,,,,,none,No disclosure restriction identified.,68.000
bnr_cvd_public_metric_v2,CVD-BURDEN-001,cvd_2024_04,annual,2019,2019-01-01,2019,,,1,stroke,all,all,hospital_registered,hospital_only,not_applicable,observed,annual_count,622,,,count,622,,,final,,,,,,,,none,No disclosure restriction identified.,622.000
bnr_cvd_public_metric_v2,CVD-BURDEN-001,cvd_2024_04,annual,2019,2019-01-01,2019,,,1,heart,all,all,hospital_registered,hospital_only,not_applicable,observed,annual_count,311,,,count,311,,,final,,,,,,,,none,No disclosure restriction identified.,311.000
bnr_cvd_public_metric_v2,CVD-BURDEN-001,cvd_2024_04,monthly,2019_m03,2019-03-01,2019,3,,1,all_cvd,all,all,hospital_registered,hospital_only,not_applicable,observed,monthly_count,87,,,count,87,,,final,,,,,,,,none,No disclosure restriction identified.,87.000
bnr_cvd_public_metric_v2,CVD-BURDEN-001,cvd_2024_04,quarterly,2019_q1,2019-01-01,2019,1,1,1,heart,all,all,hospital_registered,hospital_only,not_applicable,observed,quarterly_count,73,,,count,73,,,final,,,,,,,,none,No disclosure restriction identified.,73.000
bnr_cvd_public_metric_v2,CVD-BURDEN-001,cvd_2024_04,quarterly,2019_q2,2019-04-01,2019,4,2,1,heart,all,all,hospital_registered,hospital_only,not_applicable,observed,quarterly_same_quarter_previous_5yr_mean,63.2,,,count,316,,5,final,,,,,,,,none,No disclosure restriction identified.,63.200
bnr_cvd_public_metric_v2,CVD-BURDEN-001,cvd_2024_04,monthly,2019_m05,2019-05-01,2019,5,,1,all_cvd,all,all,hospital_registered,hospital_only,not_applicable,observed,monthly_count,91,,,count,91,,,final,,,,,,,,none,No disclosure restriction identified.,91.000
bnr_cvd_public_metric_v2,CVD-BURDEN-001,cvd_2024_04,quarterly,2019_q4,2019-10-01,2019,10,4,1,stroke,all,all,hospital_registered,hospital_only,not_applicable,observed,quarterly_count,133,,,count,133,,,final,,,,,,,,none,No disclosure restriction identified.,133.000
bnr_cvd_public_metric_v2,CVD-BURDEN-001,cvd_2024_04,quarterly,2019_q2,2019-04-01,2019,4,2,1,stroke,all,all,hospital_registered,hospital_only,not_applicable,observed,quarterly_count,163,,,count,163,,,final,,,,,,,,none,No disclosure restriction identified.,163.000
bnr_cvd_public_metric_v2,CVD-BURDEN-001,cvd_2024_04,annual,2019,2019-01-01,2019,,,1,heart,female,all,hospital_registered,hospital_only,not_applicable,observed,annual_previous_5yr_mean,108.2,,,count,541,,5,final,,,,,,,,none,No disclosure restriction identified.,108.200
bnr_cvd_public_metric_v2,CVD-BURDEN-002,cvd_2024_04,annual,2019,2019-01-01,2019,,,1,heart,female,all,hospital_registered,hospital_only,not_applicable,observed,sex_distribution,48.55305466237942,,,percent,151,311,,final,,,,,,,,none,No disclosure restriction identified.,48.553
bnr_cvd_public_metric_v2,CVD-BURDEN-001,cvd_2024_04,quarterly,2019_q2,2019-04-01,2019,4,2,1,stroke,female,all,hospital_registered,hospital_only,not_applicable,observed,quarterly_same_quarter_previous_5yr_mean,62.6,,,count,313,,5,final,,,,,,,,none,No disclosure restriction identified.,62.600
bnr_cvd_public_metric_v2,CVD-BURDEN-001,cvd_2024_04,quarterly,2019_q4,2019-10-01,2019,10,4,1,heart,female,all,hospital_registered,hospital_only,not_applicable,observed,quarterly_count,33,,,count,33,,,final,,,,,,,,none,No disclosure restriction identified.,33.000
bnr_cvd_public_metric_v2,CVD-BURDEN-001,cvd_2024_04,annual,2019,2019-01-01,2019,,,1,all_cvd,female,all,hospital_registered,hospital_only,not_applicable,observed,annual_count,470,,,count,470,,,final,,,,,,,,none,No disclosure restriction identified.,470.000
bnr_cvd_public_metric_v2,CVD-BURDEN-001,cvd_2024_04,quarterly,2019_q2,2019-04-01,2019,4,2,1,all_cvd,female,all,hospital_registered,hospital_only,not_applicable,observed,quarterly_count,136,,,count,136,,,final,,,,,,,,none,No disclosure restriction identified.,136.000
bnr_cvd_public_metric_v2,CVD-INCIDENCE-001,cvd_2024_04,annual,2019,2019-01-01,2019,,,1,heart,female,all,hospital_registered,hospital_only,not_applicable,observed,annual_crude_rate,103.150179146586,,,rate_per_100000,151,146388.5,,final,cvd_rates_v1_0_7,UN_WPP_2024,BRB,persons,2026-08-26,historical_estimate,WHO_WORLD_2000_2025,none,No disclosure restriction identified.,103.150
bnr_cvd_public_metric_v2,CVD-BURDEN-001,cvd_2024_04,quarterly,2019_q1,2019-01-01,2019,1,1,1,heart,female,all,hospital_registered,hospital_only,not_applicable,observed,quarterly_count,36,,,count,36,,,final,,,,,,,,none,No disclosure restriction identified.,36.000
bnr_cvd_public_metric_v2,CVD-BURDEN-001,cvd_2024_04,quarterly,2019_q2,2019-04-01,2019,4,2,1,heart,female,all,hospital_registered,hospital_only,not_applicable,observed,quarterly_count,38,,,count,38,,,final,,,,,,,,none,No disclosure restriction identified.,38.000
bnr_cvd_public_metric_v2,CVD-INCIDENCE-001,cvd_2024_04,annual,2019,2019-01-01,2019,,,1,all_cvd,female,all,hospital_registered,hospital_only,not_applicable,observed,annual_crude_rate,321.0634715158636,,,rate_per_100000,470,146388.5,,final,cvd_rates_v1_0_7,UN_WPP_2024,BRB,persons,2026-08-26,historical_estimate,WHO_WORLD_2000_2025,none,No disclosure restriction identified.,321.063
bnr_cvd_public_metric_v2,CVD-BURDEN-001,cvd_2024_04,quarterly,2019_q4,2019-10-01,2019,10,4,1,stroke,female,all,hospital_registered,hospital_only,not_applicable,observed,quarterly_count,61,,,count,61,,,final,,,,,,,,none,No disclosure restriction identified.,61.000
bnr_cvd_public_metric_v2,CVD-BURDEN-001,cvd_2024_04,quarterly,2019_q3,2019-07-01,2019,7,3,1,heart,female,all,hospital_registered,hospital_only,not_applicable,observed,quarterly_count,44,,,count,44,,,final,,,,,,,,none,No disclosure restriction identified.,44.000
bnr_cvd_public_metric_v2,CVD-BURDEN-001,cvd_2024_04,quarterly,2019_q4,2019-10-01,2019,10,4,1,all_cvd,female,all,hospital_registered,hospital_only,not_applicable,observed,quarterly_same_quarter_previous_5yr_mean,101.4,,,count,507,,5,final,,,,,,,,none,No disclosure restriction identified.,101.400
bnr_cvd_public_metric_v2,CVD-BURDEN-001,cvd_2024_04,quarterly,2019_q1,2019-01-01,2019,1,1,1,stroke,female,all,hospital_registered,hospital_only,not_applicable,observed,quarterly_count,88,,,count,88,,,final,,,,,,,,none,No disclosure restriction identified.,88.000
bnr_cvd_public_metric_v2,CVD-BURDEN-002,cvd_2024_04,annual,2019,2019-01-01,2019,,,1,all_cvd,female,all,hospital_registered,hospital_only,not_applicable,observed,sex_distribution,50.37513397642015,,,percent,470,933,,final,,,,,,,,none,No disclosure restriction identified.,50.375
bnr_cvd_public_metric_v2,CVD-BURDEN-001,cvd_2024_04,quarterly,2019_q4,2019-10-01,2019,10,4,1,heart,female,all,hospital_registered,hospital_only,not_applicable,observed,quarterly_same_quarter_previous_5yr_mean,29.2,,,count,146,,5,final,,,,,,,,none,No disclosure restriction identified.,29.200
bnr_cvd_public_metric_v2,CVD-BURDEN-001,cvd_2024_04,quarterly,2019_q3,2019-07-01,2019,7,3,1,all_cvd,female,all,hospital_registered,hospital_only,not_applicable,observed,quarterly_count,116,,,count,116,,,final,,,,,,,,none,No disclosure restriction identified.,116.000
bnr_cvd_public_metric_v2,CVD-BURDEN-001,cvd_2024_04,quarterly,2019_q1,2019-01-01,2019,1,1,1,all_cvd,female,all,hospital_registered,hospital_only,not_applicable,observed,quarterly_same_quarter_previous_5yr_mean,100.2,,,count,501,,5,final,,,,,,,,none,No disclosure restriction identified.,100.200
bnr_cvd_public_metric_v2,CVD-INCIDENCE-001,cvd_2024_04,annual,2019,2019-01-01,2019,,,1,stroke,female,age_standardised,hospital_registered,hospital_only,not_applicable,observed,annual_age_standardised_rate,121.3185372473241,,,rate_per_100000,,,,final,cvd_rates_v1_0_7,UN_WPP_2024,BRB,persons,2026-08-26,historical_estimate,WHO_WORLD_2000_2025,none,No disclosure restriction identified.,121.319
bnr_cvd_public_metric_v2,CVD-BURDEN-001,cvd_2024_04,quarterly,2019_q4,2019-10-01,2019,10,4,1,stroke,female,all,hospital_registered,hospital_only,not_applicable,observed,quarterly_same_quarter_previous_5yr_mean,72.2,,,count,361,,5,final,,,,,,,,none,No disclosure restriction identified.,72.200
bnr_cvd_public_metric_v2,CVD-BURDEN-001,cvd_2024_04,quarterly,2019_q2,2019-04-01,2019,4,2,1,stroke,female,all,hospital_registered,hospital_only,not_applicable,observed,quarterly_count,98,,,count,98,,,final,,,,,,,,none,No disclosure restriction identified.,98.000
bnr_cvd_public_metric_v2,CVD-BURDEN-001,cvd_2024_04,quarterly,2019_q1,2019-01-01,2019,1,1,1,heart,female,all,hospital_registered,hospital_only,not_applicable,observed,quarterly_same_quarter_previous_5yr_mean,24.4,,,count,122,,5,final,,,,,,,,none,No disclosure restriction identified.,24.400
bnr_cvd_public_metric_v2,CVD-BURDEN-001,cvd_2024_04,annual,2019,2019-01-01,2019,,,1,stroke,female,all,hospital_registered,hospital_only,not_applicable,observed,annual_previous_5yr_mean,276.2,,,count,1381,,5,final,,,,,,,,none,No disclosure restriction identified.,276.200
bnr_cvd_public_metric_v2,CVD-BURDEN-001,cvd_2024_04,quarterly,2019_q3,2019-07-01,2019,7,3,1,stroke,female,all,hospital_registered,hospital_only,not_applicable,observed,quarterly_same_quarter_previous_5yr_mean,65.59999999999999,,,count,328,,5,final,,,,,,,,none,No disclosure restriction identified.,65.600
bnr_cvd_public_metric_v2,CVD-BURDEN-001,cvd_2024_04,quarterly,2019_q2,2019-04-01,2019,4,2,1,heart,female,all,hospital_registered,hospital_only,not_applicable,observed,quarterly_same_quarter_previous_5yr_mean,28.4,,,count,142,,5,final,,,,,,,,none,No disclosure restriction identified.,28.400
bnr_cvd_public_metric_v2,CVD-BURDEN-001,cvd_2024_04,annual,2019,2019-01-01,2019,,,1,stroke,female,all,hospital_registered,hospital_only,not_applicable,observed,annual_count,319,,,count,319,,,final,,,,,,,,none,No disclosure restriction identified.,319.000
bnr_cvd_public_metric_v2,CVD-BURDEN-001,cvd_2024_04,quarterly,2019_q3,2019-07-01,2019,7,3,1,heart,female,all,hospital_registered,hospital_only,not_applicable,observed,quarterly_same_quarter_previous_5yr_mean,26.2,,,count,131,,5,final,,,,,,,,none,No disclosure restriction identified.,26.200
bnr_cvd_public_metric_v2,CVD-INCIDENCE-001,cvd_2024_04,annual,2019,2019-01-01,2019,,,1,stroke,female,all,hospital_registered,hospital_only,not_applicable,observed,annual_crude_rate,217.9132923692776,,,rate_per_100000,319,146388.5,,final,cvd_rates_v1_0_7,UN_WPP_2024,BRB,persons,2026-08-26,historical_estimate,WHO_WORLD_2000_2025,none,No disclosure restriction identified.,217.913
bnr_cvd_public_metric_v2,CVD-BURDEN-001,cvd_2024_04,quarterly,2019_q1,2019-01-01,2019,1,1,1,all_cvd,female,all,hospital_registered,hospital_only,not_applicable,observed,quarterly_count,124,,,count,124,,,final,,,,,,,,none,No disclosure restriction identified.,124.000
bnr_cvd_public_metric_v2,CVD-INCIDENCE-001,cvd_2024_04,annual,2019,2019-01-01,2019,,,1,all_cvd,female,age_standardised,hospital_registered,hospital_only,not_applicable,observed,annual_age_standardised_rate,177.1788320095817,,,rate_per_100000,,,,final,cvd_rates_v1_0_7,UN_WPP_2024,BRB,persons,2026-08-26,historical_estimate,WHO_WORLD_2000_2025,none,No disclosure restriction identified.,177.179
bnr_cvd_public_metric_v2,CVD-BURDEN-001,cvd_2024_04,annual,2019,2019-01-01,2019,,,1,all_cvd,female,all,hospital_registered,hospital_only,not_applicable,observed,annual_previous_5yr_mean,384.4,,,count,1922,,5,final,,,,,,,,none,No disclosure restriction identified.,384.400
bnr_cvd_public_metric_v2,CVD-BURDEN-001,cvd_2024_04,quarterly,2019_q2,2019-04-01,2019,4,2,1,all_cvd,female,all,hospital_registered,hospital_only,not_applicable,observed,quarterly_same_quarter_previous_5yr_mean,91,,,count,455,,5,final,,,,,,,,none,No disclosure restriction identified.,91.000
bnr_cvd_public_metric_v2,CVD-BURDEN-001,cvd_2024_04,quarterly,2019_q4,2019-10-01,2019,10,4,1,all_cvd,female,all,hospital_registered,hospital_only,not_applicable,observed,quarterly_count,94,,,count,94,,,final,,,,,,,,none,No disclosure restriction identified.,94.000
bnr_cvd_public_metric_v2,CVD-BURDEN-001,cvd_2024_04,quarterly,2019_q3,2019-07-01,2019,7,3,1,stroke,female,all,hospital_registered,hospital_only,not_applicable,observed,quarterly_count,72,,,count,72,,,final,,,,,,,,none,No disclosure restriction identified.,72.000
bnr_cvd_public_metric_v2,CVD-BURDEN-001,cvd_2024_04,quarterly,2019_q1,2019-01-01,2019,1,1,1,stroke,female,all,hospital_registered,hospital_only,not_applicable,observed,quarterly_same_quarter_previous_5yr_mean,75.8,,,count,379,,5,final,,,,,,,,none,No disclosure restriction identified.,75.800
bnr_cvd_public_metric_v2,CVD-BURDEN-001,cvd_2024_04,annual,2019,2019-01-01,2019,,,1,heart,female,all,hospital_registered,hospital_only,not_applicable,observed,annual_count,151,,,count,151,,,final,,,,,,,,none,No disclosure restriction identified.,151.000
bnr_cvd_public_metric_v2,CVD-BURDEN-001,cvd_2024_04,quarterly,2019_q3,2019-07-01,2019,7,3,1,all_cvd,female,all,hospital_registered,hospital_only,not_applicable,observed,quarterly_same_quarter_previous_5yr_mean,91.8,,,count,459,,5,final,,,,,,,,none,No disclosure restriction identified.,91.800
bnr_cvd_public_metric_v2,CVD-BURDEN-002,cvd_2024_04,annual,2019,2019-01-01,2019,,,1,stroke,female,all,hospital_registered,hospital_only,not_applicable,observed,sex_distribution,51.28617363344051,,,percent,319,622,,final,,,,,,,,none,No disclosure restriction identified.,51.286
bnr_cvd_public_metric_v2,CVD-INCIDENCE-001,cvd_2024_04,annual,2019,2019-01-01,2019,,,1,heart,female,age_standardised,hospital_registered,hospital_only,not_applicable,observed,annual_age_standardised_rate,55.86029476225758,,,rate_per_100000,,,,final,cvd_rates_v1_0_7,UN_WPP_2024,BRB,persons,2026-08-26,historical_estimate,WHO_WORLD_2000_2025,none,No disclosure restriction identified.,55.860
bnr_cvd_public_metric_v2,CVD-BURDEN-001,cvd_2024_04,quarterly,2019_q1,2019-01-01,2019,1,1,1,heart,male,all,hospital_registered,hospital_only,not_applicable,observed,quarterly_same_quarter_previous_5yr_mean,35.2,,,count,176,,5,final,,,,,,,,none,No disclosure restriction identified.,35.200
bnr_cvd_public_metric_v2,CVD-BURDEN-001,cvd_2024_04,quarterly,2019_q3,2019-07-01,2019,7,3,1,heart,male,all,hospital_registered,hospital_only,not_applicable,observed,quarterly_same_quarter_previous_5yr_mean,29.6,,,count,148,,5,final,,,,,,,,none,No disclosure restriction identified.,29.600
bnr_cvd_public_metric_v2,CVD-BURDEN-001,cvd_2024_04,annual,2019,2019-01-01,2019,,,1,all_cvd,male,all,hospital_registered,hospital_only,not_applicable,observed,annual_count,463,,,count,463,,,final,,,,,,,,none,No disclosure restriction identified.,463.000
bnr_cvd_public_metric_v2,CVD-BURDEN-001,cvd_2024_04,quarterly,2019_q3,2019-07-01,2019,7,3,1,heart,male,all,hospital_registered,hospital_only,not_applicable,observed,quarterly_count,40,,,count,40,,,final,,,,,,,,none,No disclosure restriction identified.,40.000
bnr_cvd_public_metric_v2,CVD-INCIDENCE-001,cvd_2024_04,annual,2019,2019-01-01,2019,,,1,heart,male,age_standardised,hospital_registered,hospital_only,not_applicable,observed,annual_age_standardised_rate,83.10644976347328,,,rate_per_100000,,,,final,cvd_rates_v1_0_7,UN_WPP_2024,BRB,persons,2026-08-26,historical_estimate,WHO_WORLD_2000_2025,none,No disclosure restriction identified.,83.106
bnr_cvd_public_metric_v2,CVD-BURDEN-001,cvd_2024_04,quarterly,2019_q4,2019-10-01,2019,10,4,1,heart,male,all,hospital_registered,hospital_only,not_applicable,observed,quarterly_count,41,,,count,41,,,final,,,,,,,,none,No disclosure restriction identified.,41.000
bnr_cvd_public_metric_v2,CVD-INCIDENCE-001,cvd_2024_04,annual,2019,2019-01-01,2019,,,1,heart,male,all,hospital_registered,hospital_only,not_applicable,observed,annual_crude_rate,118.6776344580512,,,rate_per_100000,160,134819,,final,cvd_rates_v1_0_7,UN_WPP_2024,BRB,persons,2026-08-26,historical_estimate,WHO_WORLD_2000_2025,none,No disclosure restriction identified.,118.678
bnr_cvd_public_metric_v2,CVD-BURDEN-001,cvd_2024_04,annual,2019,2019-01-01,2019,,,1,heart,male,all,hospital_registered,hospital_only,not_applicable,observed,annual_count,160,,,count,160,,,final,,,,,,,,none,No disclosure restriction identified.,160.000
bnr_cvd_public_metric_v2,CVD-BURDEN-002,cvd_2024_04,annual,2019,2019-01-01,2019,,,1,heart,male,all,hospital_registered,hospital_only,not_applicable,observed,sex_distribution,51.44694533762058,,,percent,160,311,,final,,,,,,,,none,No disclosure restriction identified.,51.447
bnr_cvd_public_metric_v2,CVD-BURDEN-001,cvd_2024_04,quarterly,2019_q1,2019-01-01,2019,1,1,1,all_cvd,male,all,hospital_registered,hospital_only,not_applicable,observed,quarterly_same_quarter_previous_5yr_mean,101.8,,,count,509,,5,final,,,,,,,,none,No disclosure restriction identified.,101.800
bnr_cvd_public_metric_v2,CVD-BURDEN-001,cvd_2024_04,quarterly,2019_q2,2019-04-01,2019,4,2,1,all_cvd,male,all,hospital_registered,hospital_only,not_applicable,observed,quarterly_count,107,,,count,107,,,final,,,,,,,,none,No disclosure restriction identified.,107.000
bnr_cvd_public_metric_v2,CVD-BURDEN-001,cvd_2024_04,quarterly,2019_q1,2019-01-01,2019,1,1,1,stroke,male,all,hospital_registered,hospital_only,not_applicable,observed,quarterly_count,91,,,count,91,,,final,,,,,,,,none,No disclosure restriction identified.,91.000
bnr_cvd_public_metric_v2,CVD-BURDEN-001,cvd_2024_04,quarterly,2019_q4,2019-10-01,2019,10,4,1,heart,male,all,hospital_registered,hospital_only,not_applicable,observed,quarterly_same_quarter_previous_5yr_mean,31.6,,,count,158,,5,final,,,,,,,,none,No disclosure restriction identified.,31.600
bnr_cvd_public_metric_v2,CVD-BURDEN-001,cvd_2024_04,quarterly,2019_q3,2019-07-01,2019,7,3,1,stroke,male,all,hospital_registered,hospital_only,not_applicable,observed,quarterly_same_quarter_previous_5yr_mean,62.6,,,count,313,,5,final,,,,,,,,none,No disclosure restriction identified.,62.600
bnr_cvd_public_metric_v2,CVD-BURDEN-001,cvd_2024_04,quarterly,2019_q2,2019-04-01,2019,4,2,1,stroke,male,all,hospital_registered,hospital_only,not_applicable,observed,quarterly_same_quarter_previous_5yr_mean,61.2,,,count,306,,5,final,,,,,,,,none,No disclosure restriction identified.,61.200
bnr_cvd_public_metric_v2,CVD-BURDEN-001,cvd_2024_04,annual,2019,2019-01-01,2019,,,1,all_cvd,male,all,hospital_registered,hospital_only,not_applicable,observed,annual_previous_5yr_mean,379.4,,,count,1897,,5,final,,,,,,,,none,No disclosure restriction identified.,379.400
bnr_cvd_public_metric_v2,CVD-BURDEN-001,cvd_2024_04,quarterly,2019_q1,2019-01-01,2019,1,1,1,heart,male,all,hospital_registered,hospital_only,not_applicable,observed,quarterly_count,37,,,count,37,,,final,,,,,,,,none,No disclosure restriction identified.,37.000
bnr_cvd_public_metric_v2,CVD-INCIDENCE-001,cvd_2024_04,annual,2019,2019-01-01,2019,,,1,all_cvd,male,age_standardised,hospital_registered,hospital_only,not_applicable,observed,annual_age_standardised_rate,235.4209176072368,,,rate_per_100000,,,,final,cvd_rates_v1_0_7,UN_WPP_2024,BRB,persons,2026-08-26,historical_estimate,WHO_WORLD_2000_2025,none,No disclosure restriction identified.,235.421
bnr_cvd_public_metric_v2,CVD-BURDEN-001,cvd_2024_04,quarterly,2019_q4,2019-10-01,2019,10,4,1,all_cvd,male,all,hospital_registered,hospital_only,not_applicable,observed,quarterly_same_quarter_previous_5yr_mean,89.40000000000001,,,count,447,,5,final,,,,,,,,none,No disclosure restriction identified.,89.400
bnr_cvd_public_metric_v2,CVD-BURDEN-001,cvd_2024_04,quarterly,2019_q4,2019-10-01,2019,10,4,1,stroke,male,all,hospital_registered,hospital_only,not_applicable,observed,quarterly_same_quarter_previous_5yr_mean,57.8,,,count,289,,5,final,,,,,,,,none,No disclosure restriction identified.,57.800
bnr_cvd_public_metric_v2,CVD-BURDEN-001,cvd_2024_04,quarterly,2019_q1,2019-01-01,2019,1,1,1,all_cvd,male,all,hospital_registered,hospital_only,not_applicable,observed,quarterly_count,128,,,count,128,,,final,,,,,,,,none,No disclosure restriction identified.,128.000
bnr_cvd_public_metric_v2,CVD-BURDEN-001,cvd_2024_04,annual,2019,2019-01-01,2019,,,1,stroke,male,all,hospital_registered,hospital_only,not_applicable,observed,annual_previous_5yr_mean,248.2,,,count,1241,,5,final,,,,,,,,none,No disclosure restriction identified.,248.200
bnr_cvd_public_metric_v2,CVD-INCIDENCE-001,cvd_2024_04,annual,2019,2019-01-01,2019,,,1,all_cvd,male,all,hospital_registered,hospital_only,not_applicable,observed,annual_crude_rate,343.4234047129855,,,rate_per_100000,463,134819,,final,cvd_rates_v1_0_7,UN_WPP_2024,BRB,persons,2026-08-26,historical_estimate,WHO_WORLD_2000_2025,none,No disclosure restriction identified.,343.423
bnr_cvd_public_metric_v2,CVD-BURDEN-001,cvd_2024_04,annual,2019,2019-01-01,2019,,,1,stroke,male,all,hospital_registered,hospital_only,not_applicable,observed,annual_count,303,,,count,303,,,final,,,,,,,,none,No disclosure restriction identified.,303.000
bnr_cvd_public_metric_v2,CVD-BURDEN-002,cvd_2024_04,annual,2019,2019-01-01,2019,,,1,stroke,male,all,hospital_registered,hospital_only,not_applicable,observed,sex_distribution,48.71382636655949,,,percent,303,622,,final,,,,,,,,none,No disclosure restriction identified.,48.714
bnr_cvd_public_metric_v2,CVD-BURDEN-002,cvd_2024_04,annual,2019,2019-01-01,2019,,,1,all_cvd,male,all,hospital_registered,hospital_only,not_applicable,observed,sex_distribution,49.62486602357985,,,percent,463,933,,final,,,,,,,,none,No disclosure restriction identified.,49.625
bnr_cvd_public_metric_v2,CVD-BURDEN-001,cvd_2024_04,quarterly,2019_q3,2019-07-01,2019,7,3,1,all_cvd,male,all,hospital_registered,hospital_only,not_applicable,observed,quarterly_count,115,,,count,115,,,final,,,,,,,,none,No disclosure restriction identified.,115.000
bnr_cvd_public_metric_v2,CVD-BURDEN-001,cvd_2024_04,quarterly,2019_q2,2019-04-01,2019,4,2,1,heart,male,all,hospital_registered,hospital_only,not_applicable,observed,quarterly_same_quarter_previous_5yr_mean,34.8,,,count,174,,5,final,,,,,,,,none,No disclosure restriction identified.,34.800
bnr_cvd_public_metric_v2,CVD-INCIDENCE-001,cvd_2024_04,annual,2019,2019-01-01,2019,,,1,stroke,male,all,hospital_registered,hospital_only,not_applicable,observed,annual_crude_rate,224.7457702549344,,,rate_per_100000,303,134819,,final,cvd_rates_v1_0_7,UN_WPP_2024,BRB,persons,2026-08-26,historical_estimate,WHO_WORLD_2000_2025,none,No disclosure restriction identified.,224.746
bnr_cvd_public_metric_v2,CVD-BURDEN-001,cvd_2024_04,quarterly,2019_q3,2019-07-01,2019,7,3,1,all_cvd,male,all,hospital_registered,hospital_only,not_applicable,observed,quarterly_same_quarter_previous_5yr_mean,92.2,,,count,461,,5,final,,,,,,,,none,No disclosure restriction identified.,92.200
bnr_cvd_public_metric_v2,CVD-BURDEN-001,cvd_2024_04,quarterly,2019_q4,2019-10-01,2019,10,4,1,stroke,male,all,hospital_registered,hospital_only,not_applicable,observed,quarterly_count,72,,,count,72,,,final,,,,,,,,none,No disclosure restriction identified.,72.000
bnr_cvd_public_metric_v2,CVD-BURDEN-001,cvd_2024_04,quarterly,2019_q2,2019-04-01,2019,4,2,1,all_cvd,male,all,hospital_registered,hospital_only,not_applicable,observed,quarterly_same_quarter_previous_5yr_mean,96,,,count,480,,5,final,,,,,,,,none,No disclosure restriction identified.,96.000
bnr_cvd_public_metric_v2,CVD-INCIDENCE-001,cvd_2024_04,annual,2019,2019-01-01,2019,,,1,stroke,male,age_standardised,hospital_registered,hospital_only,not_applicable,observed,annual_age_standardised_rate,152.3144678437635,,,rate_per_100000,,,,final,cvd_rates_v1_0_7,UN_WPP_2024,BRB,persons,2026-08-26,historical_estimate,WHO_WORLD_2000_2025,none,No disclosure restriction identified.,152.314
bnr_cvd_public_metric_v2,CVD-BURDEN-001,cvd_2024_04,annual,2019,2019-01-01,2019,,,1,heart,male,all,hospital_registered,hospital_only,not_applicable,observed,annual_previous_5yr_mean,131.2,,,count,656,,5,final,,,,,,,,none,No disclosure restriction identified.,131.200
bnr_cvd_public_metric_v2,CVD-BURDEN-001,cvd_2024_04,quarterly,2019_q3,2019-07-01,2019,7,3,1,stroke,male,all,hospital_registered,hospital_only,not_applicable,observed,quarterly_count,75,,,count,75,,,final,,,,,,,,none,No disclosure restriction identified.,75.000
bnr_cvd_public_metric_v2,CVD-BURDEN-001,cvd_2024_04,quarterly,2019_q1,2019-01-01,2019,1,1,1,stroke,male,all,hospital_registered,hospital_only,not_applicable,observed,quarterly_same_quarter_previous_5yr_mean,66.59999999999999,,,count,333,,5,final,,,,,,,,none,No disclosure restriction identified.,66.600
bnr_cvd_public_metric_v2,CVD-BURDEN-001,cvd_2024_04,quarterly,2019_q2,2019-04-01,2019,4,2,1,heart,male,all,hospital_registered,hospital_only,not_applicable,observed,quarterly_count,42,,,count,42,,,final,,,,,,,,none,No disclosure restriction identified.,42.000
bnr_cvd_public_metric_v2,CVD-BURDEN-001,cvd_2024_04,quarterly,2019_q2,2019-04-01,2019,4,2,1,stroke,male,all,hospital_registered,hospital_only,not_applicable,observed,quarterly_count,65,,,count,65,,,final,,,,,,,,none,No disclosure restriction identified.,65.000
bnr_cvd_public_metric_v2,CVD-BURDEN-001,cvd_2024_04,quarterly,2019_q4,2019-10-01,2019,10,4,1,all_cvd,male,all,hospital_registered,hospital_only,not_applicable,observed,quarterly_count,113,,,count,113,,,final,,,,,,,,none,No disclosure restriction identified.,113.000
bnr_cvd_public_metric_v2,CVD-BURDEN-001,cvd_2024_04,annual,2020,2020-01-01,2020,,,1,all_cvd,all,age_70_plus,hospital_registered,hospital_only,not_applicable,observed,annual_previous_5yr_mean,407,,,count,2035,,5,final,,,,,,,,none,No disclosure restriction identified.,407.000
bnr_cvd_public_metric_v2,CVD-BURDEN-001,cvd_2024_04,quarterly,2020_q3,2020-07-01,2020,7,3,1,stroke,all,all,hospital_registered,hospital_only,not_applicable,observed,quarterly_same_quarter_previous_5yr_mean,133.8,,,count,669,,5,final,,,,,,,,none,No disclosure restriction identified.,133.800
bnr_cvd_public_metric_v2,CVD-BURDEN-001,cvd_2024_04,quarterly,2020_q3,2020-07-01,2020,7,3,1,all_cvd,all,all,hospital_registered,hospital_only,not_applicable,observed,quarterly_count,228,,,count,228,,,final,,,,,,,,none,No disclosure restriction identified.,228.000
bnr_cvd_public_metric_v2,CVD-BURDEN-001,cvd_2024_04,quarterly,2020_q3,2020-07-01,2020,7,3,1,heart,all,all,hospital_registered,hospital_only,not_applicable,observed,quarterly_count,75,,,count,75,,,final,,,,,,,,none,No disclosure restriction identified.,75.000
bnr_cvd_public_metric_v2,CVD-BURDEN-001,cvd_2024_04,quarterly,2020_q4,2020-10-01,2020,10,4,1,stroke,all,all,hospital_registered,hospital_only,not_applicable,observed,quarterly_count,129,,,count,129,,,final,,,,,,,,none,No disclosure restriction identified.,129.000
bnr_cvd_public_metric_v2,CVD-BURDEN-001,cvd_2024_04,monthly,2020_m04,2020-04-01,2020,4,,1,all_cvd,all,all,hospital_registered,hospital_only,not_applicable,observed,monthly_count,80,,,count,80,,,final,,,,,,,,none,No disclosure restriction identified.,80.000
bnr_cvd_public_metric_v2,CVD-BURDEN-001,cvd_2024_04,annual,2020,2020-01-01,2020,,,1,heart,all,all,hospital_registered,hospital_only,not_applicable,observed,annual_previous_5yr_mean,254.8,,,count,1274,,5,final,,,,,,,,none,No disclosure restriction identified.,254.800
bnr_cvd_public_metric_v2,CVD-INCIDENCE-001,cvd_2024_04,annual,2020,2020-01-01,2020,,,1,heart,all,all,hospital_registered,hospital_only,not_applicable,observed,annual_crude_rate,103.3021178709114,,,rate_per_100000,291,281698,,final,cvd_rates_v1_0_7,UN_WPP_2024,BRB,persons,2026-08-26,historical_estimate,WHO_WORLD_2000_2025,none,No disclosure restriction identified.,103.302
bnr_cvd_public_metric_v2,CVD-BURDEN-001,cvd_2024_04,quarterly,2020_q3,2020-07-01,2020,7,3,1,all_cvd,all,all,hospital_registered,hospital_only,not_applicable,observed,quarterly_same_quarter_previous_5yr_mean,194,,,count,970,,5,final,,,,,,,,none,No disclosure restriction identified.,194.000
bnr_cvd_public_metric_v2,CVD-BURDEN-001,cvd_2024_04,quarterly,2020_q1,2020-01-01,2020,1,1,1,heart,all,all,hospital_registered,hospital_only,not_applicable,observed,quarterly_count,79,,,count,79,,,final,,,,,,,,none,No disclosure restriction identified.,79.000
bnr_cvd_public_metric_v2,CVD-BURDEN-001,cvd_2024_04,annual,2020,2020-01-01,2020,,,1,heart,all,all,hospital_registered,hospital_only,not_applicable,observed,annual_count,291,,,count,291,,,final,,,,,,,,none,No disclosure restriction identified.,291.000
bnr_cvd_public_metric_v2,CVD-BURDEN-002,cvd_2024_04,annual,2020,2020-01-01,2020,,,1,all_cvd,all,age_70_plus,hospital_registered,hospital_only,not_applicable,observed,age_distribution,49.06323185011709,,,percent,419,854,,final,,,,,,,,none,No disclosure restriction identified.,49.063
bnr_cvd_public_metric_v2,CVD-BURDEN-001,cvd_2024_04,quarterly,2020_q1,2020-01-01,2020,1,1,1,all_cvd,all,all,hospital_registered,hospital_only,not_applicable,observed,quarterly_count,217,,,count,217,,,final,,,,,,,,none,No disclosure restriction identified.,217.000
bnr_cvd_public_metric_v2,CVD-BURDEN-001,cvd_2024_04,monthly,2020_m09,2020-09-01,2020,9,,1,all_cvd,all,all,hospital_registered,hospital_only,not_applicable,observed,monthly_count,69,,,count,69,,,final,,,,,,,,none,No disclosure restriction identified.,69.000
bnr_cvd_public_metric_v2,CVD-BURDEN-001,cvd_2024_04,monthly,2020_m12,2020-12-01,2020,12,,1,all_cvd,all,all,hospital_registered,hospital_only,not_applicable,observed,monthly_count,65,,,count,65,,,final,,,,,,,,none,No disclosure restriction identified.,65.000
bnr_cvd_public_metric_v2,CVD-BURDEN-001,cvd_2024_04,monthly,2020_m08,2020-08-01,2020,8,,1,all_cvd,all,all,hospital_registered,hospital_only,not_applicable,observed,monthly_count,82,,,count,82,,,final,,,,,,,,none,No disclosure restriction identified.,82.000
bnr_cvd_public_metric_v2,CVD-BURDEN-002,cvd_2024_04,annual,2020,2020-01-01,2020,,,1,heart,all,all,hospital_registered,hospital_only,not_applicable,observed,event_type_distribution,34.07494145199063,,,percent,291,854,,final,,,,,,,,none,No disclosure restriction identified.,34.075
bnr_cvd_public_metric_v2,CVD-INCIDENCE-001,cvd_2024_04,annual,2020,2020-01-01,2020,,,1,stroke,all,age_standardised,hospital_registered,hospital_only,not_applicable,observed,annual_age_standardised_rate,126.0639341875399,,,rate_per_100000,,,,final,cvd_rates_v1_0_7,UN_WPP_2024,BRB,persons,2026-08-26,historical_estimate,WHO_WORLD_2000_2025,none,No disclosure restriction identified.,126.064
bnr_cvd_public_metric_v2,CVD-BURDEN-001,cvd_2024_04,monthly,2020_m01,2020-01-01,2020,1,,1,all_cvd,all,all,hospital_registered,hospital_only,not_applicable,observed,monthly_count,70,,,count,70,,,final,,,,,,,,none,No disclosure restriction identified.,70.000
bnr_cvd_public_metric_v2,CVD-BURDEN-001,cvd_2024_04,monthly,2020_m07,2020-07-01,2020,7,,1,all_cvd,all,all,hospital_registered,hospital_only,not_applicable,observed,monthly_count,77,,,count,77,,,final,,,,,,,,none,No disclosure restriction identified.,77.000
bnr_cvd_public_metric_v2,CVD-BURDEN-001,cvd_2024_04,quarterly,2020_q2,2020-04-01,2020,4,2,1,all_cvd,all,all,hospital_registered,hospital_only,not_applicable,observed,quarterly_count,219,,,count,219,,,final,,,,,,,,none,No disclosure restriction identified.,219.000
bnr_cvd_public_metric_v2,CVD-BURDEN-001,cvd_2024_04,monthly,2020_m10,2020-10-01,2020,10,,1,all_cvd,all,all,hospital_registered,hospital_only,not_applicable,observed,monthly_count,58,,,count,58,,,final,,,,,,,,none,No disclosure restriction identified.,58.000
bnr_cvd_public_metric_v2,CVD-BURDEN-002,cvd_2024_04,annual,2020,2020-01-01,2020,,,1,all_cvd,all,under_70,hospital_registered,hospital_only,not_applicable,observed,age_distribution,50.93676814988291,,,percent,435,854,,final,,,,,,,,none,No disclosure restriction identified.,50.937
bnr_cvd_public_metric_v2,CVD-BURDEN-001,cvd_2024_04,quarterly,2020_q4,2020-10-01,2020,10,4,1,all_cvd,all,all,hospital_registered,hospital_only,not_applicable,observed,quarterly_count,190,,,count,190,,,final,,,,,,,,none,No disclosure restriction identified.,190.000
bnr_cvd_public_metric_v2,CVD-BURDEN-001,cvd_2024_04,monthly,2020_m03,2020-03-01,2020,3,,1,all_cvd,all,all,hospital_registered,hospital_only,not_applicable,observed,monthly_count,57,,,count,57,,,final,,,,,,,,none,No disclosure restriction identified.,57.000
bnr_cvd_public_metric_v2,CVD-BURDEN-001,cvd_2024_04,quarterly,2020_q3,2020-07-01,2020,7,3,1,stroke,all,all,hospital_registered,hospital_only,not_applicable,observed,quarterly_count,153,,,count,153,,,final,,,,,,,,none,No disclosure restriction identified.,153.000
bnr_cvd_public_metric_v2,CVD-BURDEN-001,cvd_2024_04,quarterly,2020_q1,2020-01-01,2020,1,1,1,stroke,all,all,hospital_registered,hospital_only,not_applicable,observed,quarterly_count,138,,,count,138,,,final,,,,,,,,none,No disclosure restriction identified.,138.000
bnr_cvd_public_metric_v2,CVD-BURDEN-001,cvd_2024_04,quarterly,2020_q2,2020-04-01,2020,4,2,1,heart,all,all,hospital_registered,hospital_only,not_applicable,observed,quarterly_same_quarter_previous_5yr_mean,69.2,,,count,346,,5,final,,,,,,,,none,No disclosure restriction identified.,69.200
bnr_cvd_public_metric_v2,CVD-BURDEN-001,cvd_2024_04,monthly,2020_m11,2020-11-01,2020,11,,1,all_cvd,all,all,hospital_registered,hospital_only,not_applicable,observed,monthly_count,67,,,count,67,,,final,,,,,,,,none,No disclosure restriction identified.,67.000
bnr_cvd_public_metric_v2,CVD-BURDEN-001,cvd_2024_04,quarterly,2020_q4,2020-10-01,2020,10,4,1,stroke,all,all,hospital_registered,hospital_only,not_applicable,observed,quarterly_same_quarter_previous_5yr_mean,132.4,,,count,662,,5,final,,,,,,,,none,No disclosure restriction identified.,132.400
bnr_cvd_public_metric_v2,CVD-BURDEN-001,cvd_2024_04,annual,2020,2020-01-01,2020,,,1,stroke,all,all,hospital_registered,hospital_only,not_applicable,observed,annual_count,563,,,count,563,,,final,,,,,,,,none,No disclosure restriction identified.,563.000
bnr_cvd_public_metric_v2,CVD-BURDEN-001,cvd_2024_04,annual,2020,2020-01-01,2020,,,1,stroke,all,all,hospital_registered,hospital_only,not_applicable,observed,annual_previous_5yr_mean,552.6,,,count,2763,,5,final,,,,,,,,none,No disclosure restriction identified.,552.600
bnr_cvd_public_metric_v2,CVD-BURDEN-001,cvd_2024_04,quarterly,2020_q1,2020-01-01,2020,1,1,1,heart,all,all,hospital_registered,hospital_only,not_applicable,observed,quarterly_same_quarter_previous_5yr_mean,62.6,,,count,313,,5,final,,,,,,,,none,No disclosure restriction identified.,62.600
bnr_cvd_public_metric_v2,CVD-INCIDENCE-001,cvd_2024_04,annual,2020,2020-01-01,2020,,,1,stroke,all,all,hospital_registered,hospital_only,not_applicable,observed,annual_crude_rate,199.8594239220726,,,rate_per_100000,563,281698,,final,cvd_rates_v1_0_7,UN_WPP_2024,BRB,persons,2026-08-26,historical_estimate,WHO_WORLD_2000_2025,none,No disclosure restriction identified.,199.859
bnr_cvd_public_metric_v2,CVD-BURDEN-001,cvd_2024_04,quarterly,2020_q1,2020-01-01,2020,1,1,1,stroke,all,all,hospital_registered,hospital_only,not_applicable,observed,quarterly_same_quarter_previous_5yr_mean,152.4,,,count,762,,5,final,,,,,,,,none,No disclosure restriction identified.,152.400
bnr_cvd_public_metric_v2,CVD-BURDEN-001,cvd_2024_04,quarterly,2020_q2,2020-04-01,2020,4,2,1,stroke,all,all,hospital_registered,hospital_only,not_applicable,observed,quarterly_same_quarter_previous_5yr_mean,134,,,count,670,,5,final,,,,,,,,none,No disclosure restriction identified.,134.000
bnr_cvd_public_metric_v2,CVD-BURDEN-001,cvd_2024_04,annual,2020,2020-01-01,2020,,,1,all_cvd,all,all,hospital_registered,hospital_only,not_applicable,observed,annual_previous_5yr_mean,807.4,,,count,4037,,5,final,,,,,,,,none,No disclosure restriction identified.,807.400
bnr_cvd_public_metric_v2,CVD-BURDEN-001,cvd_2024_04,quarterly,2020_q4,2020-10-01,2020,10,4,1,heart,all,all,hospital_registered,hospital_only,not_applicable,observed,quarterly_same_quarter_previous_5yr_mean,62.8,,,count,314,,5,final,,,,,,,,none,No disclosure restriction identified.,62.800
bnr_cvd_public_metric_v2,CVD-INCIDENCE-001,cvd_2024_04,annual,2020,2020-01-01,2020,,,1,heart,all,age_standardised,hospital_registered,hospital_only,not_applicable,observed,annual_age_standardised_rate,63.35633252952648,,,rate_per_100000,,,,final,cvd_rates_v1_0_7,UN_WPP_2024,BRB,persons,2026-08-26,historical_estimate,WHO_WORLD_2000_2025,none,No disclosure restriction identified.,63.356
bnr_cvd_public_metric_v2,CVD-BURDEN-001,cvd_2024_04,quarterly,2020_q2,2020-04-01,2020,4,2,1,stroke,all,all,hospital_registered,hospital_only,not_applicable,observed,quarterly_count,143,,,count,143,,,final,,,,,,,,none,No disclosure restriction identified.,143.000
bnr_cvd_public_metric_v2,CVD-BURDEN-001,cvd_2024_04,annual,2020,2020-01-01,2020,,,1,all_cvd,all,age_70_plus,hospital_registered,hospital_only,not_applicable,observed,annual_count,419,,,count,419,,,final,,,,,,,,none,No disclosure restriction identified.,419.000
bnr_cvd_public_metric_v2,CVD-BURDEN-001,cvd_2024_04,quarterly,2020_q3,2020-07-01,2020,7,3,1,heart,all,all,hospital_registered,hospital_only,not_applicable,observed,quarterly_same_quarter_previous_5yr_mean,60.2,,,count,301,,5,final,,,,,,,,none,No disclosure restriction identified.,60.200
bnr_cvd_public_metric_v2,CVD-BURDEN-001,cvd_2024_04,quarterly,2020_q2,2020-04-01,2020,4,2,1,all_cvd,all,all,hospital_registered,hospital_only,not_applicable,observed,quarterly_same_quarter_previous_5yr_mean,203.2,,,count,1016,,5,final,,,,,,,,none,No disclosure restriction identified.,203.200
bnr_cvd_public_metric_v2,CVD-BURDEN-002,cvd_2024_04,annual,2020,2020-01-01,2020,,,1,stroke,all,all,hospital_registered,hospital_only,not_applicable,observed,event_type_distribution,65.92505854800936,,,percent,563,854,,final,,,,,,,,none,No disclosure restriction identified.,65.925
bnr_cvd_public_metric_v2,CVD-BURDEN-001,cvd_2024_04,monthly,2020_m06,2020-06-01,2020,6,,1,all_cvd,all,all,hospital_registered,hospital_only,not_applicable,observed,monthly_count,67,,,count,67,,,final,,,,,,,,none,No disclosure restriction identified.,67.000
bnr_cvd_public_metric_v2,CVD-BURDEN-001,cvd_2024_04,monthly,2020_m02,2020-02-01,2020,2,,1,all_cvd,all,all,hospital_registered,hospital_only,not_applicable,observed,monthly_count,90,,,count,90,,,final,,,,,,,,none,No disclosure restriction identified.,90.000
bnr_cvd_public_metric_v2,CVD-BURDEN-001,cvd_2024_04,quarterly,2020_q4,2020-10-01,2020,10,4,1,heart,all,all,hospital_registered,hospital_only,not_applicable,observed,quarterly_count,61,,,count,61,,,final,,,,,,,,none,No disclosure restriction identified.,61.000
bnr_cvd_public_metric_v2,CVD-BURDEN-001,cvd_2024_04,annual,2020,2020-01-01,2020,,,1,all_cvd,all,under_70,hospital_registered,hospital_only,not_applicable,observed,annual_previous_5yr_mean,399.6,,,count,1998,,5,final,,,,,,,,none,No disclosure restriction identified.,399.600
bnr_cvd_public_metric_v2,CVD-BURDEN-001,cvd_2024_04,quarterly,2020_q4,2020-10-01,2020,10,4,1,all_cvd,all,all,hospital_registered,hospital_only,not_applicable,observed,quarterly_same_quarter_previous_5yr_mean,195.2,,,count,976,,5,final,,,,,,,,none,No disclosure restriction identified.,195.200
bnr_cvd_public_metric_v2,CVD-BURDEN-001,cvd_2024_04,annual,2020,2020-01-01,2020,,,1,all_cvd,all,all,hospital_registered,hospital_only,not_applicable,observed,annual_count,854,,,count,854,,,final,,,,,,,,none,No disclosure restriction identified.,854.000
bnr_cvd_public_metric_v2,CVD-BURDEN-001,cvd_2024_04,annual,2020,2020-01-01,2020,,,1,all_cvd,all,under_70,hospital_registered,hospital_only,not_applicable,observed,annual_count,435,,,count,435,,,final,,,,,,,,none,No disclosure restriction identified.,435.000
bnr_cvd_public_metric_v2,CVD-BURDEN-001,cvd_2024_04,monthly,2020_m05,2020-05-01,2020,5,,1,all_cvd,all,all,hospital_registered,hospital_only,not_applicable,observed,monthly_count,72,,,count,72,,,final,,,,,,,,none,No disclosure restriction identified.,72.000
bnr_cvd_public_metric_v2,CVD-INCIDENCE-001,cvd_2024_04,annual,2020,2020-01-01,2020,,,1,all_cvd,all,all,hospital_registered,hospital_only,not_applicable,observed,annual_crude_rate,303.161541792984,,,rate_per_100000,854,281698,,final,cvd_rates_v1_0_7,UN_WPP_2024,BRB,persons,2026-08-26,historical_estimate,WHO_WORLD_2000_2025,none,No disclosure restriction identified.,303.162
bnr_cvd_public_metric_v2,CVD-BURDEN-001,cvd_2024_04,quarterly,2020_q2,2020-04-01,2020,4,2,1,heart,all,all,hospital_registered,hospital_only,not_applicable,observed,quarterly_count,76,,,count,76,,,final,,,,,,,,none,No disclosure restriction identified.,76.000
bnr_cvd_public_metric_v2,CVD-INCIDENCE-001,cvd_2024_04,annual,2020,2020-01-01,2020,,,1,all_cvd,all,age_standardised,hospital_registered,hospital_only,not_applicable,observed,annual_age_standardised_rate,189.4202667170664,,,rate_per_100000,,,,final,cvd_rates_v1_0_7,UN_WPP_2024,BRB,persons,2026-08-26,historical_estimate,WHO_WORLD_2000_2025,none,No disclosure restriction identified.,189.420
bnr_cvd_public_metric_v2,CVD-BURDEN-001,cvd_2024_04,quarterly,2020_q1,2020-01-01,2020,1,1,1,all_cvd,all,all,hospital_registered,hospital_only,not_applicable,observed,quarterly_same_quarter_previous_5yr_mean,215,,,count,1075,,5,final,,,,,,,,none,No disclosure restriction identified.,215.000
bnr_cvd_public_metric_v2,CVD-BURDEN-001,cvd_2024_04,quarterly,2020_q2,2020-04-01,2020,4,2,1,stroke,female,all,hospital_registered,hospital_only,not_applicable,observed,quarterly_same_quarter_previous_5yr_mean,69.8,,,count,349,,5,final,,,,,,,,none,No disclosure restriction identified.,69.800
bnr_cvd_public_metric_v2,CVD-BURDEN-001,cvd_2024_04,quarterly,2020_q2,2020-04-01,2020,4,2,1,all_cvd,female,all,hospital_registered,hospital_only,not_applicable,observed,quarterly_same_quarter_previous_5yr_mean,101,,,count,505,,5,final,,,,,,,,none,No disclosure restriction identified.,101.000
bnr_cvd_public_metric_v2,CVD-INCIDENCE-001,cvd_2024_04,annual,2020,2020-01-01,2020,,,1,heart,female,age_standardised,hospital_registered,hospital_only,not_applicable,observed,annual_age_standardised_rate,45.87013952750549,,,rate_per_100000,,,,final,cvd_rates_v1_0_7,UN_WPP_2024,BRB,persons,2026-08-26,historical_estimate,WHO_WORLD_2000_2025,none,No disclosure restriction identified.,45.870
bnr_cvd_public_metric_v2,CVD-BURDEN-001,cvd_2024_04,quarterly,2020_q3,2020-07-01,2020,7,3,1,heart,female,all,hospital_registered,hospital_only,not_applicable,observed,quarterly_count,39,,,count,39,,,final,,,,,,,,none,No disclosure restriction identified.,39.000
bnr_cvd_public_metric_v2,CVD-BURDEN-001,cvd_2024_04,quarterly,2020_q1,2020-01-01,2020,1,1,1,all_cvd,female,all,hospital_registered,hospital_only,not_applicable,observed,quarterly_count,107,,,count,107,,,final,,,,,,,,none,No disclosure restriction identified.,107.000
bnr_cvd_public_metric_v2,CVD-BURDEN-001,cvd_2024_04,quarterly,2020_q1,2020-01-01,2020,1,1,1,heart,female,all,hospital_registered,hospital_only,not_applicable,observed,quarterly_count,33,,,count,33,,,final,,,,,,,,none,No disclosure restriction identified.,33.000
bnr_cvd_public_metric_v2,CVD-INCIDENCE-001,cvd_2024_04,annual,2020,2020-01-01,2020,,,1,all_cvd,female,age_standardised,hospital_registered,hospital_only,not_applicable,observed,annual_age_standardised_rate,157.7205116403664,,,rate_per_100000,,,,final,cvd_rates_v1_0_7,UN_WPP_2024,BRB,persons,2026-08-26,historical_estimate,WHO_WORLD_2000_2025,none,No disclosure restriction identified.,157.721
bnr_cvd_public_metric_v2,CVD-BURDEN-001,cvd_2024_04,quarterly,2020_q3,2020-07-01,2020,7,3,1,stroke,female,all,hospital_registered,hospital_only,not_applicable,observed,quarterly_same_quarter_previous_5yr_mean,67.8,,,count,339,,5,final,,,,,,,,none,No disclosure restriction identified.,67.800
bnr_cvd_public_metric_v2,CVD-BURDEN-001,cvd_2024_04,quarterly,2020_q4,2020-10-01,2020,10,4,1,heart,female,all,hospital_registered,hospital_only,not_applicable,observed,quarterly_same_quarter_previous_5yr_mean,30,,,count,150,,5,final,,,,,,,,none,No disclosure restriction identified.,30.000
bnr_cvd_public_metric_v2,CVD-BURDEN-001,cvd_2024_04,quarterly,2020_q3,2020-07-01,2020,7,3,1,all_cvd,female,all,hospital_registered,hospital_only,not_applicable,observed,quarterly_count,123,,,count,123,,,final,,,,,,,,none,No disclosure restriction identified.,123.000
bnr_cvd_public_metric_v2,CVD-BURDEN-002,cvd_2024_04,annual,2020,2020-01-01,2020,,,1,all_cvd,female,all,hospital_registered,hospital_only,not_applicable,observed,sex_distribution,48.36065573770492,,,percent,413,854,,final,,,,,,,,none,No disclosure restriction identified.,48.361
bnr_cvd_public_metric_v2,CVD-BURDEN-001,cvd_2024_04,quarterly,2020_q2,2020-04-01,2020,4,2,1,stroke,female,all,hospital_registered,hospital_only,not_applicable,observed,quarterly_count,72,,,count,72,,,final,,,,,,,,none,No disclosure restriction identified.,72.000
bnr_cvd_public_metric_v2,CVD-INCIDENCE-001,cvd_2024_04,annual,2020,2020-01-01,2020,,,1,all_cvd,female,all,hospital_registered,hospital_only,not_applicable,observed,annual_crude_rate,281.727611011252,,,rate_per_100000,413,146595.5,,final,cvd_rates_v1_0_7,UN_WPP_2024,BRB,persons,2026-08-26,historical_estimate,WHO_WORLD_2000_2025,none,No disclosure restriction identified.,281.728
bnr_cvd_public_metric_v2,CVD-BURDEN-001,cvd_2024_04,quarterly,2020_q4,2020-10-01,2020,10,4,1,all_cvd,female,all,hospital_registered,hospital_only,not_applicable,observed,quarterly_same_quarter_previous_5yr_mean,100.2,,,count,501,,5,final,,,,,,,,none,No disclosure restriction identified.,100.200
bnr_cvd_public_metric_v2,CVD-BURDEN-002,cvd_2024_04,annual,2020,2020-01-01,2020,,,1,stroke,female,all,hospital_registered,hospital_only,not_applicable,observed,sex_distribution,51.15452930728242,,,percent,288,563,,final,,,,,,,,none,No disclosure restriction identified.,51.155
bnr_cvd_public_metric_v2,CVD-INCIDENCE-001,cvd_2024_04,annual,2020,2020-01-01,2020,,,1,stroke,female,age_standardised,hospital_registered,hospital_only,not_applicable,observed,annual_age_standardised_rate,111.8503721128609,,,rate_per_100000,,,,final,cvd_rates_v1_0_7,UN_WPP_2024,BRB,persons,2026-08-26,historical_estimate,WHO_WORLD_2000_2025,none,No disclosure restriction identified.,111.850
bnr_cvd_public_metric_v2,CVD-BURDEN-001,cvd_2024_04,quarterly,2020_q1,2020-01-01,2020,1,1,1,stroke,female,all,hospital_registered,hospital_only,not_applicable,observed,quarterly_same_quarter_previous_5yr_mean,80.2,,,count,401,,5,final,,,,,,,,none,No disclosure restriction identified.,80.200
bnr_cvd_public_metric_v2,CVD-BURDEN-001,cvd_2024_04,quarterly,2020_q4,2020-10-01,2020,10,4,1,stroke,female,all,hospital_registered,hospital_only,not_applicable,observed,quarterly_count,58,,,count,58,,,final,,,,,,,,none,No disclosure restriction identified.,58.000
bnr_cvd_public_metric_v2,CVD-BURDEN-001,cvd_2024_04,quarterly,2020_q1,2020-01-01,2020,1,1,1,heart,female,all,hospital_registered,hospital_only,not_applicable,observed,quarterly_same_quarter_previous_5yr_mean,26.4,,,count,132,,5,final,,,,,,,,none,No disclosure restriction identified.,26.400
bnr_cvd_public_metric_v2,CVD-BURDEN-001,cvd_2024_04,annual,2020,2020-01-01,2020,,,1,all_cvd,female,all,hospital_registered,hospital_only,not_applicable,observed,annual_count,413,,,count,413,,,final,,,,,,,,none,No disclosure restriction identified.,413.000
bnr_cvd_public_metric_v2,CVD-BURDEN-001,cvd_2024_04,quarterly,2020_q4,2020-10-01,2020,10,4,1,stroke,female,all,hospital_registered,hospital_only,not_applicable,observed,quarterly_same_quarter_previous_5yr_mean,70.2,,,count,351,,5,final,,,,,,,,none,No disclosure restriction identified.,70.200
bnr_cvd_public_metric_v2,CVD-BURDEN-001,cvd_2024_04,quarterly,2020_q3,2020-07-01,2020,7,3,1,stroke,female,all,hospital_registered,hospital_only,not_applicable,observed,quarterly_count,84,,,count,84,,,final,,,,,,,,none,No disclosure restriction identified.,84.000
bnr_cvd_public_metric_v2,CVD-BURDEN-001,cvd_2024_04,annual,2020,2020-01-01,2020,,,1,heart,female,all,hospital_registered,hospital_only,not_applicable,observed,annual_count,125,,,count,125,,,final,,,,,,,,none,No disclosure restriction identified.,125.000
bnr_cvd_public_metric_v2,CVD-BURDEN-001,cvd_2024_04,quarterly,2020_q1,2020-01-01,2020,1,1,1,all_cvd,female,all,hospital_registered,hospital_only,not_applicable,observed,quarterly_same_quarter_previous_5yr_mean,106.6,,,count,533,,5,final,,,,,,,,none,No disclosure restriction identified.,106.600
bnr_cvd_public_metric_v2,CVD-BURDEN-002,cvd_2024_04,annual,2020,2020-01-01,2020,,,1,heart,female,all,hospital_registered,hospital_only,not_applicable,observed,sex_distribution,42.9553264604811,,,percent,125,291,,final,,,,,,,,none,No disclosure restriction identified.,42.955
bnr_cvd_public_metric_v2,CVD-BURDEN-001,cvd_2024_04,quarterly,2020_q4,2020-10-01,2020,10,4,1,heart,female,all,hospital_registered,hospital_only,not_applicable,observed,quarterly_count,23,,,count,23,,,final,,,,,,,,none,No disclosure restriction identified.,23.000
bnr_cvd_public_metric_v2,CVD-INCIDENCE-001,cvd_2024_04,annual,2020,2020-01-01,2020,,,1,stroke,female,all,hospital_registered,hospital_only,not_applicable,observed,annual_crude_rate,196.4589636107521,,,rate_per_100000,288,146595.5,,final,cvd_rates_v1_0_7,UN_WPP_2024,BRB,persons,2026-08-26,historical_estimate,WHO_WORLD_2000_2025,none,No disclosure restriction identified.,196.459
bnr_cvd_public_metric_v2,CVD-BURDEN-001,cvd_2024_04,quarterly,2020_q3,2020-07-01,2020,7,3,1,all_cvd,female,all,hospital_registered,hospital_only,not_applicable,observed,quarterly_same_quarter_previous_5yr_mean,96.8,,,count,484,,5,final,,,,,,,,none,No disclosure restriction identified.,96.800
bnr_cvd_public_metric_v2,CVD-BURDEN-001,cvd_2024_04,quarterly,2020_q3,2020-07-01,2020,7,3,1,heart,female,all,hospital_registered,hospital_only,not_applicable,observed,quarterly_same_quarter_previous_5yr_mean,29,,,count,145,,5,final,,,,,,,,none,No disclosure restriction identified.,29.000
bnr_cvd_public_metric_v2,CVD-BURDEN-001,cvd_2024_04,annual,2020,2020-01-01,2020,,,1,heart,female,all,hospital_registered,hospital_only,not_applicable,observed,annual_previous_5yr_mean,116.6,,,count,583,,5,final,,,,,,,,none,No disclosure restriction identified.,116.600
bnr_cvd_public_metric_v2,CVD-BURDEN-001,cvd_2024_04,annual,2020,2020-01-01,2020,,,1,all_cvd,female,all,hospital_registered,hospital_only,not_applicable,observed,annual_previous_5yr_mean,404.6,,,count,2023,,5,final,,,,,,,,none,No disclosure restriction identified.,404.600
bnr_cvd_public_metric_v2,CVD-BURDEN-001,cvd_2024_04,quarterly,2020_q2,2020-04-01,2020,4,2,1,heart,female,all,hospital_registered,hospital_only,not_applicable,observed,quarterly_same_quarter_previous_5yr_mean,31.2,,,count,156,,5,final,,,,,,,,none,No disclosure restriction identified.,31.200
bnr_cvd_public_metric_v2,CVD-INCIDENCE-001,cvd_2024_04,annual,2020,2020-01-01,2020,,,1,heart,female,all,hospital_registered,hospital_only,not_applicable,observed,annual_crude_rate,85.26864740050002,,,rate_per_100000,125,146595.5,,final,cvd_rates_v1_0_7,UN_WPP_2024,BRB,persons,2026-08-26,historical_estimate,WHO_WORLD_2000_2025,none,No disclosure restriction identified.,85.269
bnr_cvd_public_metric_v2,CVD-BURDEN-001,cvd_2024_04,quarterly,2020_q2,2020-04-01,2020,4,2,1,all_cvd,female,all,hospital_registered,hospital_only,not_applicable,observed,quarterly_count,102,,,count,102,,,final,,,,,,,,none,No disclosure restriction identified.,102.000
bnr_cvd_public_metric_v2,CVD-BURDEN-001,cvd_2024_04,quarterly,2020_q2,2020-04-01,2020,4,2,1,heart,female,all,hospital_registered,hospital_only,not_applicable,observed,quarterly_count,30,,,count,30,,,final,,,,,,,,none,No disclosure restriction identified.,30.000
bnr_cvd_public_metric_v2,CVD-BURDEN-001,cvd_2024_04,annual,2020,2020-01-01,2020,,,1,stroke,female,all,hospital_registered,hospital_only,not_applicable,observed,annual_count,288,,,count,288,,,final,,,,,,,,none,No disclosure restriction identified.,288.000
bnr_cvd_public_metric_v2,CVD-BURDEN-001,cvd_2024_04,quarterly,2020_q4,2020-10-01,2020,10,4,1,all_cvd,female,all,hospital_registered,hospital_only,not_applicable,observed,quarterly_count,81,,,count,81,,,final,,,,,,,,none,No disclosure restriction identified.,81.000
bnr_cvd_public_metric_v2,CVD-BURDEN-001,cvd_2024_04,annual,2020,2020-01-01,2020,,,1,stroke,female,all,hospital_registered,hospital_only,not_applicable,observed,annual_previous_5yr_mean,288,,,count,1440,,5,final,,,,,,,,none,No disclosure restriction identified.,288.000
bnr_cvd_public_metric_v2,CVD-BURDEN-001,cvd_2024_04,quarterly,2020_q1,2020-01-01,2020,1,1,1,stroke,female,all,hospital_registered,hospital_only,not_applicable,observed,quarterly_count,74,,,count,74,,,final,,,,,,,,none,No disclosure restriction identified.,74.000
bnr_cvd_public_metric_v2,CVD-BURDEN-001,cvd_2024_04,quarterly,2020_q3,2020-07-01,2020,7,3,1,stroke,male,all,hospital_registered,hospital_only,not_applicable,observed,quarterly_count,69,,,count,69,,,final,,,,,,,,none,No disclosure restriction identified.,69.000
bnr_cvd_public_metric_v2,CVD-BURDEN-001,cvd_2024_04,quarterly,2020_q1,2020-01-01,2020,1,1,1,all_cvd,male,all,hospital_registered,hospital_only,not_applicable,observed,quarterly_count,110,,,count,110,,,final,,,,,,,,none,No disclosure restriction identified.,110.000
bnr_cvd_public_metric_v2,CVD-BURDEN-001,cvd_2024_04,quarterly,2020_q1,2020-01-01,2020,1,1,1,heart,male,all,hospital_registered,hospital_only,not_applicable,observed,quarterly_same_quarter_previous_5yr_mean,36.2,,,count,181,,5,final,,,,,,,,none,No disclosure restriction identified.,36.200
bnr_cvd_public_metric_v2,CVD-BURDEN-001,cvd_2024_04,quarterly,2020_q2,2020-04-01,2020,4,2,1,heart,male,all,hospital_registered,hospital_only,not_applicable,observed,quarterly_count,46,,,count,46,,,final,,,,,,,,none,No disclosure restriction identified.,46.000
bnr_cvd_public_metric_v2,CVD-BURDEN-001,cvd_2024_04,quarterly,2020_q4,2020-10-01,2020,10,4,1,all_cvd,male,all,hospital_registered,hospital_only,not_applicable,observed,quarterly_count,109,,,count,109,,,final,,,,,,,,none,No disclosure restriction identified.,109.000
bnr_cvd_public_metric_v2,CVD-BURDEN-001,cvd_2024_04,quarterly,2020_q1,2020-01-01,2020,1,1,1,heart,male,all,hospital_registered,hospital_only,not_applicable,observed,quarterly_count,46,,,count,46,,,final,,,,,,,,none,No disclosure restriction identified.,46.000
bnr_cvd_public_metric_v2,CVD-INCIDENCE-001,cvd_2024_04,annual,2020,2020-01-01,2020,,,1,all_cvd,male,all,hospital_registered,hospital_only,not_applicable,observed,annual_crude_rate,326.4188301474806,,,rate_per_100000,441,135102.5,,final,cvd_rates_v1_0_7,UN_WPP_2024,BRB,persons,2026-08-26,historical_estimate,WHO_WORLD_2000_2025,none,No disclosure restriction identified.,326.419
bnr_cvd_public_metric_v2,CVD-BURDEN-001,cvd_2024_04,annual,2020,2020-01-01,2020,,,1,stroke,male,all,hospital_registered,hospital_only,not_applicable,observed,annual_previous_5yr_mean,264.6,,,count,1323,,5,final,,,,,,,,none,No disclosure restriction identified.,264.600
bnr_cvd_public_metric_v2,CVD-BURDEN-002,cvd_2024_04,annual,2020,2020-01-01,2020,,,1,heart,male,all,hospital_registered,hospital_only,not_applicable,observed,sex_distribution,57.0446735395189,,,percent,166,291,,final,,,,,,,,none,No disclosure restriction identified.,57.045
bnr_cvd_public_metric_v2,CVD-BURDEN-002,cvd_2024_04,annual,2020,2020-01-01,2020,,,1,stroke,male,all,hospital_registered,hospital_only,not_applicable,observed,sex_distribution,48.84547069271758,,,percent,275,563,,final,,,,,,,,none,No disclosure restriction identified.,48.845
bnr_cvd_public_metric_v2,CVD-INCIDENCE-001,cvd_2024_04,annual,2020,2020-01-01,2020,,,1,all_cvd,male,age_standardised,hospital_registered,hospital_only,not_applicable,observed,annual_age_standardised_rate,224.9879065158012,,,rate_per_100000,,,,final,cvd_rates_v1_0_7,UN_WPP_2024,BRB,persons,2026-08-26,historical_estimate,WHO_WORLD_2000_2025,none,No disclosure restriction identified.,224.988
bnr_cvd_public_metric_v2,CVD-BURDEN-001,cvd_2024_04,quarterly,2020_q2,2020-04-01,2020,4,2,1,all_cvd,male,all,hospital_registered,hospital_only,not_applicable,observed,quarterly_count,117,,,count,117,,,final,,,,,,,,none,No disclosure restriction identified.,117.000
bnr_cvd_public_metric_v2,CVD-BURDEN-001,cvd_2024_04,annual,2020,2020-01-01,2020,,,1,heart,male,all,hospital_registered,hospital_only,not_applicable,observed,annual_count,166,,,count,166,,,final,,,,,,,,none,No disclosure restriction identified.,166.000
bnr_cvd_public_metric_v2,CVD-BURDEN-001,cvd_2024_04,quarterly,2020_q1,2020-01-01,2020,1,1,1,all_cvd,male,all,hospital_registered,hospital_only,not_applicable,observed,quarterly_same_quarter_previous_5yr_mean,108.4,,,count,542,,5,final,,,,,,,,none,No disclosure restriction identified.,108.400
bnr_cvd_public_metric_v2,CVD-BURDEN-001,cvd_2024_04,quarterly,2020_q3,2020-07-01,2020,7,3,1,stroke,male,all,hospital_registered,hospital_only,not_applicable,observed,quarterly_same_quarter_previous_5yr_mean,66,,,count,330,,5,final,,,,,,,,none,No disclosure restriction identified.,66.000
bnr_cvd_public_metric_v2,CVD-BURDEN-001,cvd_2024_04,annual,2020,2020-01-01,2020,,,1,all_cvd,male,all,hospital_registered,hospital_only,not_applicable,observed,annual_previous_5yr_mean,402.8,,,count,2014,,5,final,,,,,,,,none,No disclosure restriction identified.,402.800
bnr_cvd_public_metric_v2,CVD-BURDEN-001,cvd_2024_04,quarterly,2020_q3,2020-07-01,2020,7,3,1,all_cvd,male,all,hospital_registered,hospital_only,not_applicable,observed,quarterly_count,105,,,count,105,,,final,,,,,,,,none,No disclosure restriction identified.,105.000
bnr_cvd_public_metric_v2,CVD-BURDEN-001,cvd_2024_04,annual,2020,2020-01-01,2020,,,1,heart,male,all,hospital_registered,hospital_only,not_applicable,observed,annual_previous_5yr_mean,138.2,,,count,691,,5,final,,,,,,,,none,No disclosure restriction identified.,138.200
bnr_cvd_public_metric_v2,CVD-INCIDENCE-001,cvd_2024_04,annual,2020,2020-01-01,2020,,,1,stroke,male,age_standardised,hospital_registered,hospital_only,not_applicable,observed,annual_age_standardised_rate,139.7562232612589,,,rate_per_100000,,,,final,cvd_rates_v1_0_7,UN_WPP_2024,BRB,persons,2026-08-26,historical_estimate,WHO_WORLD_2000_2025,none,No disclosure restriction identified.,139.756
bnr_cvd_public_metric_v2,CVD-BURDEN-001,cvd_2024_04,quarterly,2020_q2,2020-04-01,2020,4,2,1,stroke,male,all,hospital_registered,hospital_only,not_applicable,observed,quarterly_count,71,,,count,71,,,final,,,,,,,,none,No disclosure restriction identified.,71.000
bnr_cvd_public_metric_v2,CVD-BURDEN-001,cvd_2024_04,quarterly,2020_q4,2020-10-01,2020,10,4,1,stroke,male,all,hospital_registered,hospital_only,not_applicable,observed,quarterly_count,71,,,count,71,,,final,,,,,,,,none,No disclosure restriction identified.,71.000
bnr_cvd_public_metric_v2,CVD-BURDEN-001,cvd_2024_04,quarterly,2020_q4,2020-10-01,2020,10,4,1,heart,male,all,hospital_registered,hospital_only,not_applicable,observed,quarterly_count,38,,,count,38,,,final,,,,,,,,none,No disclosure restriction identified.,38.000
bnr_cvd_public_metric_v2,CVD-BURDEN-001,cvd_2024_04,quarterly,2020_q4,2020-10-01,2020,10,4,1,stroke,male,all,hospital_registered,hospital_only,not_applicable,observed,quarterly_same_quarter_previous_5yr_mean,62.2,,,count,311,,5,final,,,,,,,,none,No disclosure restriction identified.,62.200
bnr_cvd_public_metric_v2,CVD-BURDEN-001,cvd_2024_04,quarterly,2020_q1,2020-01-01,2020,1,1,1,stroke,male,all,hospital_registered,hospital_only,not_applicable,observed,quarterly_count,64,,,count,64,,,final,,,,,,,,none,No disclosure restriction identified.,64.000
bnr_cvd_public_metric_v2,CVD-BURDEN-001,cvd_2024_04,annual,2020,2020-01-01,2020,,,1,all_cvd,male,all,hospital_registered,hospital_only,not_applicable,observed,annual_count,441,,,count,441,,,final,,,,,,,,none,No disclosure restriction identified.,441.000
bnr_cvd_public_metric_v2,CVD-BURDEN-001,cvd_2024_04,quarterly,2020_q2,2020-04-01,2020,4,2,1,all_cvd,male,all,hospital_registered,hospital_only,not_applicable,observed,quarterly_same_quarter_previous_5yr_mean,102.2,,,count,511,,5,final,,,,,,,,none,No disclosure restriction identified.,102.200
bnr_cvd_public_metric_v2,CVD-BURDEN-001,cvd_2024_04,quarterly,2020_q4,2020-10-01,2020,10,4,1,heart,male,all,hospital_registered,hospital_only,not_applicable,observed,quarterly_same_quarter_previous_5yr_mean,32.8,,,count,164,,5,final,,,,,,,,none,No disclosure restriction identified.,32.800
bnr_cvd_public_metric_v2,CVD-BURDEN-001,cvd_2024_04,quarterly,2020_q2,2020-04-01,2020,4,2,1,stroke,male,all,hospital_registered,hospital_only,not_applicable,observed,quarterly_same_quarter_previous_5yr_mean,64.2,,,count,321,,5,final,,,,,,,,none,No disclosure restriction identified.,64.200
bnr_cvd_public_metric_v2,CVD-INCIDENCE-001,cvd_2024_04,annual,2020,2020-01-01,2020,,,1,heart,male,all,hospital_registered,hospital_only,not_applicable,observed,annual_crude_rate,122.8696730260358,,,rate_per_100000,166,135102.5,,final,cvd_rates_v1_0_7,UN_WPP_2024,BRB,persons,2026-08-26,historical_estimate,WHO_WORLD_2000_2025,none,No disclosure restriction identified.,122.870
bnr_cvd_public_metric_v2,CVD-BURDEN-001,cvd_2024_04,quarterly,2020_q2,2020-04-01,2020,4,2,1,heart,male,all,hospital_registered,hospital_only,not_applicable,observed,quarterly_same_quarter_previous_5yr_mean,38,,,count,190,,5,final,,,,,,,,none,No disclosure restriction identified.,38.000
bnr_cvd_public_metric_v2,CVD-BURDEN-001,cvd_2024_04,quarterly,2020_q3,2020-07-01,2020,7,3,1,heart,male,all,hospital_registered,hospital_only,not_applicable,observed,quarterly_count,36,,,count,36,,,final,,,,,,,,none,No disclosure restriction identified.,36.000
bnr_cvd_public_metric_v2,CVD-INCIDENCE-001,cvd_2024_04,annual,2020,2020-01-01,2020,,,1,heart,male,age_standardised,hospital_registered,hospital_only,not_applicable,observed,annual_age_standardised_rate,85.23168325454229,,,rate_per_100000,,,,final,cvd_rates_v1_0_7,UN_WPP_2024,BRB,persons,2026-08-26,historical_estimate,WHO_WORLD_2000_2025,none,No disclosure restriction identified.,85.232
bnr_cvd_public_metric_v2,CVD-BURDEN-001,cvd_2024_04,quarterly,2020_q3,2020-07-01,2020,7,3,1,all_cvd,male,all,hospital_registered,hospital_only,not_applicable,observed,quarterly_same_quarter_previous_5yr_mean,97.2,,,count,486,,5,final,,,,,,,,none,No disclosure restriction identified.,97.200
bnr_cvd_public_metric_v2,CVD-BURDEN-001,cvd_2024_04,annual,2020,2020-01-01,2020,,,1,stroke,male,all,hospital_registered,hospital_only,not_applicable,observed,annual_count,275,,,count,275,,,final,,,,,,,,none,No disclosure restriction identified.,275.000
bnr_cvd_public_metric_v2,CVD-BURDEN-002,cvd_2024_04,annual,2020,2020-01-01,2020,,,1,all_cvd,male,all,hospital_registered,hospital_only,not_applicable,observed,sex_distribution,51.63934426229508,,,percent,441,854,,final,,,,,,,,none,No disclosure restriction identified.,51.639
bnr_cvd_public_metric_v2,CVD-BURDEN-001,cvd_2024_04,quarterly,2020_q4,2020-10-01,2020,10,4,1,all_cvd,male,all,hospital_registered,hospital_only,not_applicable,observed,quarterly_same_quarter_previous_5yr_mean,95,,,count,475,,5,final,,,,,,,,none,No disclosure restriction identified.,95.000
bnr_cvd_public_metric_v2,CVD-BURDEN-001,cvd_2024_04,quarterly,2020_q3,2020-07-01,2020,7,3,1,heart,male,all,hospital_registered,hospital_only,not_applicable,observed,quarterly_same_quarter_previous_5yr_mean,31.2,,,count,156,,5,final,,,,,,,,none,No disclosure restriction identified.,31.200
bnr_cvd_public_metric_v2,CVD-BURDEN-001,cvd_2024_04,quarterly,2020_q1,2020-01-01,2020,1,1,1,stroke,male,all,hospital_registered,hospital_only,not_applicable,observed,quarterly_same_quarter_previous_5yr_mean,72.2,,,count,361,,5,final,,,,,,,,none,No disclosure restriction identified.,72.200
bnr_cvd_public_metric_v2,CVD-INCIDENCE-001,cvd_2024_04,annual,2020,2020-01-01,2020,,,1,stroke,male,all,hospital_registered,hospital_only,not_applicable,observed,annual_crude_rate,203.5491571214448,,,rate_per_100000,275,135102.5,,final,cvd_rates_v1_0_7,UN_WPP_2024,BRB,persons,2026-08-26,historical_estimate,WHO_WORLD_2000_2025,none,No disclosure restriction identified.,203.549
bnr_cvd_public_metric_v2,CVD-BURDEN-001,cvd_2024_04,annual,2021,2021-01-01,2021,,,1,stroke,all,all,hospital_registered,hospital_only,not_applicable,observed,annual_previous_5yr_mean,568.4,,,count,2842,,5,final,,,,,,,,none,No disclosure restriction identified.,568.400
bnr_cvd_public_metric_v2,CVD-BURDEN-001,cvd_2024_04,annual,2021,2021-01-01,2021,,,1,heart,all,all,hospital_registered,hospital_only,not_applicable,observed,annual_previous_5yr_mean,270.8,,,count,1354,,5,final,,,,,,,,none,No disclosure restriction identified.,270.800
bnr_cvd_public_metric_v2,CVD-BURDEN-001,cvd_2024_04,quarterly,2021_q4,2021-10-01,2021,10,4,1,heart,all,all,hospital_registered,hospital_only,not_applicable,observed,quarterly_same_quarter_previous_5yr_mean,65.2,,,count,326,,5,final,,,,,,,,none,No disclosure restriction identified.,65.200
bnr_cvd_public_metric_v2,CVD-BURDEN-001,cvd_2024_04,monthly,2021_m04,2021-04-01,2021,4,,1,all_cvd,all,all,hospital_registered,hospital_only,not_applicable,observed,monthly_count,54,,,count,54,,,final,,,,,,,,none,No disclosure restriction identified.,54.000
bnr_cvd_public_metric_v2,CVD-BURDEN-002,cvd_2024_04,annual,2021,2021-01-01,2021,,,1,stroke,all,all,hospital_registered,hospital_only,not_applicable,observed,event_type_distribution,72.46575342465754,,,percent,529,730,,final,,,,,,,,none,No disclosure restriction identified.,72.466
bnr_cvd_public_metric_v2,CVD-BURDEN-002,cvd_2024_04,annual,2021,2021-01-01,2021,,,1,all_cvd,all,under_70,hospital_registered,hospital_only,not_applicable,observed,age_distribution,51.78082191780822,,,percent,378,730,,final,,,,,,,,none,No disclosure restriction identified.,51.781
bnr_cvd_public_metric_v2,CVD-BURDEN-001,cvd_2024_04,monthly,2021_m01,2021-01-01,2021,1,,1,all_cvd,all,all,hospital_registered,hospital_only,not_applicable,observed,monthly_count,51,,,count,51,,,final,,,,,,,,none,No disclosure restriction identified.,51.000
bnr_cvd_public_metric_v2,CVD-BURDEN-001,cvd_2024_04,quarterly,2021_q3,2021-07-01,2021,7,3,1,all_cvd,all,all,hospital_registered,hospital_only,not_applicable,observed,quarterly_count,223,,,count,223,,,final,,,,,,,,none,No disclosure restriction identified.,223.000
bnr_cvd_public_metric_v2,CVD-BURDEN-001,cvd_2024_04,quarterly,2021_q1,2021-01-01,2021,1,1,1,heart,all,all,hospital_registered,hospital_only,not_applicable,observed,quarterly_count,37,,,count,37,,,final,,,,,,,,none,No disclosure restriction identified.,37.000
bnr_cvd_public_metric_v2,CVD-BURDEN-001,cvd_2024_04,quarterly,2021_q2,2021-04-01,2021,4,2,1,all_cvd,all,all,hospital_registered,hospital_only,not_applicable,observed,quarterly_count,172,,,count,172,,,final,,,,,,,,none,No disclosure restriction identified.,172.000
bnr_cvd_public_metric_v2,CVD-BURDEN-001,cvd_2024_04,quarterly,2021_q1,2021-01-01,2021,1,1,1,stroke,all,all,hospital_registered,hospital_only,not_applicable,observed,quarterly_same_quarter_previous_5yr_mean,153,,,count,765,,5,final,,,,,,,,none,No disclosure restriction identified.,153.000
bnr_cvd_public_metric_v2,CVD-BURDEN-001,cvd_2024_04,quarterly,2021_q4,2021-10-01,2021,10,4,1,heart,all,all,hospital_registered,hospital_only,not_applicable,observed,quarterly_count,44,,,count,44,,,final,,,,,,,,none,No disclosure restriction identified.,44.000
bnr_cvd_public_metric_v2,CVD-BURDEN-001,cvd_2024_04,monthly,2021_m02,2021-02-01,2021,2,,1,all_cvd,all,all,hospital_registered,hospital_only,not_applicable,observed,monthly_count,61,,,count,61,,,final,,,,,,,,none,No disclosure restriction identified.,61.000
bnr_cvd_public_metric_v2,CVD-BURDEN-002,cvd_2024_04,annual,2021,2021-01-01,2021,,,1,heart,all,all,hospital_registered,hospital_only,not_applicable,observed,event_type_distribution,27.53424657534246,,,percent,201,730,,final,,,,,,,,none,No disclosure restriction identified.,27.534
bnr_cvd_public_metric_v2,CVD-BURDEN-002,cvd_2024_04,annual,2021,2021-01-01,2021,,,1,all_cvd,all,age_70_plus,hospital_registered,hospital_only,not_applicable,observed,age_distribution,48.21917808219178,,,percent,352,730,,final,,,,,,,,none,No disclosure restriction identified.,48.219
bnr_cvd_public_metric_v2,CVD-INCIDENCE-001,cvd_2024_04,annual,2021,2021-01-01,2021,,,1,heart,all,age_standardised,hospital_registered,hospital_only,not_applicable,observed,annual_age_standardised_rate,44.77097366250013,,,rate_per_100000,,,,final,cvd_rates_v1_0_7,UN_WPP_2024,BRB,persons,2026-08-26,historical_estimate,WHO_WORLD_2000_2025,none,No disclosure restriction identified.,44.771
bnr_cvd_public_metric_v2,CVD-INCIDENCE-001,cvd_2024_04,annual,2021,2021-01-01,2021,,,1,stroke,all,all,hospital_registered,hospital_only,not_applicable,observed,annual_crude_rate,187.4912501129732,,,rate_per_100000,529,282146.5,,final,cvd_rates_v1_0_7,UN_WPP_2024,BRB,persons,2026-08-26,historical_estimate,WHO_WORLD_2000_2025,none,No disclosure restriction identified.,187.491
bnr_cvd_public_metric_v2,CVD-BURDEN-001,cvd_2024_04,monthly,2021_m11,2021-11-01,2021,11,,1,all_cvd,all,all,hospital_registered,hospital_only,not_applicable,observed,monthly_count,53,,,count,53,,,final,,,,,,,,none,No disclosure restriction identified.,53.000
bnr_cvd_public_metric_v2,CVD-BURDEN-001,cvd_2024_04,quarterly,2021_q3,2021-07-01,2021,7,3,1,stroke,all,all,hospital_registered,hospital_only,not_applicable,observed,quarterly_same_quarter_previous_5yr_mean,141.4,,,count,707,,5,final,,,,,,,,none,No disclosure restriction identified.,141.400
bnr_cvd_public_metric_v2,CVD-BURDEN-001,cvd_2024_04,quarterly,2021_q2,2021-04-01,2021,4,2,1,all_cvd,all,all,hospital_registered,hospital_only,not_applicable,observed,quarterly_same_quarter_previous_5yr_mean,215.2,,,count,1076,,5,final,,,,,,,,none,No disclosure restriction identified.,215.200
bnr_cvd_public_metric_v2,CVD-BURDEN-001,cvd_2024_04,quarterly,2021_q2,2021-04-01,2021,4,2,1,stroke,all,all,hospital_registered,hospital_only,not_applicable,observed,quarterly_same_quarter_previous_5yr_mean,141.4,,,count,707,,5,final,,,,,,,,none,No disclosure restriction identified.,141.400
bnr_cvd_public_metric_v2,CVD-BURDEN-001,cvd_2024_04,annual,2021,2021-01-01,2021,,,1,all_cvd,all,age_70_plus,hospital_registered,hospital_only,not_applicable,observed,annual_previous_5yr_mean,421.8,,,count,2109,,5,final,,,,,,,,none,No disclosure restriction identified.,421.800
bnr_cvd_public_metric_v2,CVD-BURDEN-001,cvd_2024_04,quarterly,2021_q4,2021-10-01,2021,10,4,1,all_cvd,all,all,hospital_registered,hospital_only,not_applicable,observed,quarterly_count,172,,,count,172,,,final,,,,,,,,none,No disclosure restriction identified.,172.000
bnr_cvd_public_metric_v2,CVD-BURDEN-001,cvd_2024_04,quarterly,2021_q4,2021-10-01,2021,10,4,1,stroke,all,all,hospital_registered,hospital_only,not_applicable,observed,quarterly_same_quarter_previous_5yr_mean,132.6,,,count,663,,5,final,,,,,,,,none,No disclosure restriction identified.,132.600
bnr_cvd_public_metric_v2,CVD-BURDEN-001,cvd_2024_04,quarterly,2021_q2,2021-04-01,2021,4,2,1,heart,all,all,hospital_registered,hospital_only,not_applicable,observed,quarterly_same_quarter_previous_5yr_mean,73.8,,,count,369,,5,final,,,,,,,,none,No disclosure restriction identified.,73.800
bnr_cvd_public_metric_v2,CVD-BURDEN-001,cvd_2024_04,quarterly,2021_q3,2021-07-01,2021,7,3,1,stroke,all,all,hospital_registered,hospital_only,not_applicable,observed,quarterly_count,152,,,count,152,,,final,,,,,,,,none,No disclosure restriction identified.,152.000
bnr_cvd_public_metric_v2,CVD-BURDEN-001,cvd_2024_04,annual,2021,2021-01-01,2021,,,1,all_cvd,all,under_70,hospital_registered,hospital_only,not_applicable,observed,annual_previous_5yr_mean,416.6,,,count,2083,,5,final,,,,,,,,none,No disclosure restriction identified.,416.600
bnr_cvd_public_metric_v2,CVD-BURDEN-001,cvd_2024_04,annual,2021,2021-01-01,2021,,,1,stroke,all,all,hospital_registered,hospital_only,not_applicable,observed,annual_count,529,,,count,529,,,final,,,,,,,,none,No disclosure restriction identified.,529.000
bnr_cvd_public_metric_v2,CVD-BURDEN-001,cvd_2024_04,quarterly,2021_q1,2021-01-01,2021,1,1,1,heart,all,all,hospital_registered,hospital_only,not_applicable,observed,quarterly_same_quarter_previous_5yr_mean,66,,,count,330,,5,final,,,,,,,,none,No disclosure restriction identified.,66.000
bnr_cvd_public_metric_v2,CVD-BURDEN-001,cvd_2024_04,quarterly,2021_q3,2021-07-01,2021,7,3,1,all_cvd,all,all,hospital_registered,hospital_only,not_applicable,observed,quarterly_same_quarter_previous_5yr_mean,207.2,,,count,1036,,5,final,,,,,,,,none,No disclosure restriction identified.,207.200
bnr_cvd_public_metric_v2,CVD-BURDEN-001,cvd_2024_04,annual,2021,2021-01-01,2021,,,1,all_cvd,all,under_70,hospital_registered,hospital_only,not_applicable,observed,annual_count,378,,,count,378,,,final,,,,,,,,none,No disclosure restriction identified.,378.000
bnr_cvd_public_metric_v2,CVD-BURDEN-001,cvd_2024_04,monthly,2021_m05,2021-05-01,2021,5,,1,all_cvd,all,all,hospital_registered,hospital_only,not_applicable,observed,monthly_count,72,,,count,72,,,final,,,,,,,,none,No disclosure restriction identified.,72.000
bnr_cvd_public_metric_v2,CVD-BURDEN-001,cvd_2024_04,quarterly,2021_q3,2021-07-01,2021,7,3,1,heart,all,all,hospital_registered,hospital_only,not_applicable,observed,quarterly_count,71,,,count,71,,,final,,,,,,,,none,No disclosure restriction identified.,71.000
bnr_cvd_public_metric_v2,CVD-BURDEN-001,cvd_2024_04,monthly,2021_m08,2021-08-01,2021,8,,1,all_cvd,all,all,hospital_registered,hospital_only,not_applicable,observed,monthly_count,72,,,count,72,,,final,,,,,,,,none,No disclosure restriction identified.,72.000
bnr_cvd_public_metric_v2,CVD-BURDEN-001,cvd_2024_04,monthly,2021_m12,2021-12-01,2021,12,,1,all_cvd,all,all,hospital_registered,hospital_only,not_applicable,observed,monthly_count,59,,,count,59,,,final,,,,,,,,none,No disclosure restriction identified.,59.000
bnr_cvd_public_metric_v2,CVD-BURDEN-001,cvd_2024_04,monthly,2021_m06,2021-06-01,2021,6,,1,all_cvd,all,all,hospital_registered,hospital_only,not_applicable,observed,monthly_count,46,,,count,46,,,final,,,,,,,,none,No disclosure restriction identified.,46.000
bnr_cvd_public_metric_v2,CVD-BURDEN-001,cvd_2024_04,monthly,2021_m03,2021-03-01,2021,3,,1,all_cvd,all,all,hospital_registered,hospital_only,not_applicable,observed,monthly_count,51,,,count,51,,,final,,,,,,,,none,No disclosure restriction identified.,51.000
bnr_cvd_public_metric_v2,CVD-BURDEN-001,cvd_2024_04,quarterly,2021_q1,2021-01-01,2021,1,1,1,stroke,all,all,hospital_registered,hospital_only,not_applicable,observed,quarterly_count,126,,,count,126,,,final,,,,,,,,none,No disclosure restriction identified.,126.000
bnr_cvd_public_metric_v2,CVD-INCIDENCE-001,cvd_2024_04,annual,2021,2021-01-01,2021,,,1,heart,all,all,hospital_registered,hospital_only,not_applicable,observed,annual_crude_rate,71.23958652685749,,,rate_per_100000,201,282146.5,,final,cvd_rates_v1_0_7,UN_WPP_2024,BRB,persons,2026-08-26,historical_estimate,WHO_WORLD_2000_2025,none,No disclosure restriction identified.,71.240
bnr_cvd_public_metric_v2,CVD-BURDEN-001,cvd_2024_04,quarterly,2021_q1,2021-01-01,2021,1,1,1,all_cvd,all,all,hospital_registered,hospital_only,not_applicable,observed,quarterly_same_quarter_previous_5yr_mean,219,,,count,1095,,5,final,,,,,,,,none,No disclosure restriction identified.,219.000
bnr_cvd_public_metric_v2,CVD-BURDEN-001,cvd_2024_04,monthly,2021_m07,2021-07-01,2021,7,,1,all_cvd,all,all,hospital_registered,hospital_only,not_applicable,observed,monthly_count,89,,,count,89,,,final,,,,,,,,none,No disclosure restriction identified.,89.000
bnr_cvd_public_metric_v2,CVD-BURDEN-001,cvd_2024_04,annual,2021,2021-01-01,2021,,,1,all_cvd,all,all,hospital_registered,hospital_only,not_applicable,observed,annual_previous_5yr_mean,839.2,,,count,4196,,5,final,,,,,,,,none,No disclosure restriction identified.,839.200
bnr_cvd_public_metric_v2,CVD-BURDEN-001,cvd_2024_04,quarterly,2021_q4,2021-10-01,2021,10,4,1,stroke,all,all,hospital_registered,hospital_only,not_applicable,observed,quarterly_count,128,,,count,128,,,final,,,,,,,,none,No disclosure restriction identified.,128.000
bnr_cvd_public_metric_v2,CVD-INCIDENCE-001,cvd_2024_04,annual,2021,2021-01-01,2021,,,1,all_cvd,all,all,hospital_registered,hospital_only,not_applicable,observed,annual_crude_rate,258.7308366398307,,,rate_per_100000,730,282146.5,,final,cvd_rates_v1_0_7,UN_WPP_2024,BRB,persons,2026-08-26,historical_estimate,WHO_WORLD_2000_2025,none,No disclosure restriction identified.,258.731
bnr_cvd_public_metric_v2,CVD-INCIDENCE-001,cvd_2024_04,annual,2021,2021-01-01,2021,,,1,stroke,all,age_standardised,hospital_registered,hospital_only,not_applicable,observed,annual_age_standardised_rate,114.6536117943245,,,rate_per_100000,,,,final,cvd_rates_v1_0_7,UN_WPP_2024,BRB,persons,2026-08-26,historical_estimate,WHO_WORLD_2000_2025,none,No disclosure restriction identified.,114.654
bnr_cvd_public_metric_v2,CVD-BURDEN-001,cvd_2024_04,annual,2021,2021-01-01,2021,,,1,all_cvd,all,age_70_plus,hospital_registered,hospital_only,not_applicable,observed,annual_count,352,,,count,352,,,final,,,,,,,,none,No disclosure restriction identified.,352.000
bnr_cvd_public_metric_v2,CVD-BURDEN-001,cvd_2024_04,annual,2021,2021-01-01,2021,,,1,heart,all,all,hospital_registered,hospital_only,not_applicable,observed,annual_count,201,,,count,201,,,final,,,,,,,,none,No disclosure restriction identified.,201.000
bnr_cvd_public_metric_v2,CVD-BURDEN-001,cvd_2024_04,quarterly,2021_q1,2021-01-01,2021,1,1,1,all_cvd,all,all,hospital_registered,hospital_only,not_applicable,observed,quarterly_count,163,,,count,163,,,final,,,,,,,,none,No disclosure restriction identified.,163.000
bnr_cvd_public_metric_v2,CVD-BURDEN-001,cvd_2024_04,quarterly,2021_q3,2021-07-01,2021,7,3,1,heart,all,all,hospital_registered,hospital_only,not_applicable,observed,quarterly_same_quarter_previous_5yr_mean,65.8,,,count,329,,5,final,,,,,,,,none,No disclosure restriction identified.,65.800
bnr_cvd_public_metric_v2,CVD-BURDEN-001,cvd_2024_04,monthly,2021_m09,2021-09-01,2021,9,,1,all_cvd,all,all,hospital_registered,hospital_only,not_applicable,observed,monthly_count,62,,,count,62,,,final,,,,,,,,none,No disclosure restriction identified.,62.000
bnr_cvd_public_metric_v2,CVD-BURDEN-001,cvd_2024_04,quarterly,2021_q4,2021-10-01,2021,10,4,1,all_cvd,all,all,hospital_registered,hospital_only,not_applicable,observed,quarterly_same_quarter_previous_5yr_mean,197.8,,,count,989,,5,final,,,,,,,,none,No disclosure restriction identified.,197.800
bnr_cvd_public_metric_v2,CVD-INCIDENCE-001,cvd_2024_04,annual,2021,2021-01-01,2021,,,1,all_cvd,all,age_standardised,hospital_registered,hospital_only,not_applicable,observed,annual_age_standardised_rate,159.4245854568246,,,rate_per_100000,,,,final,cvd_rates_v1_0_7,UN_WPP_2024,BRB,persons,2026-08-26,historical_estimate,WHO_WORLD_2000_2025,none,No disclosure restriction identified.,159.425
bnr_cvd_public_metric_v2,CVD-BURDEN-001,cvd_2024_04,annual,2021,2021-01-01,2021,,,1,all_cvd,all,all,hospital_registered,hospital_only,not_applicable,observed,annual_count,730,,,count,730,,,final,,,,,,,,none,No disclosure restriction identified.,730.000
bnr_cvd_public_metric_v2,CVD-BURDEN-001,cvd_2024_04,quarterly,2021_q2,2021-04-01,2021,4,2,1,heart,all,all,hospital_registered,hospital_only,not_applicable,observed,quarterly_count,49,,,count,49,,,final,,,,,,,,none,No disclosure restriction identified.,49.000
bnr_cvd_public_metric_v2,CVD-BURDEN-001,cvd_2024_04,quarterly,2021_q2,2021-04-01,2021,4,2,1,stroke,all,all,hospital_registered,hospital_only,not_applicable,observed,quarterly_count,123,,,count,123,,,final,,,,,,,,none,No disclosure restriction identified.,123.000
bnr_cvd_public_metric_v2,CVD-BURDEN-001,cvd_2024_04,monthly,2021_m10,2021-10-01,2021,10,,1,all_cvd,all,all,hospital_registered,hospital_only,not_applicable,observed,monthly_count,60,,,count,60,,,final,,,,,,,,none,No disclosure restriction identified.,60.000
bnr_cvd_public_metric_v2,CVD-INCIDENCE-001,cvd_2024_04,annual,2021,2021-01-01,2021,,,1,all_cvd,female,age_standardised,hospital_registered,hospital_only,not_applicable,observed,annual_age_standardised_rate,132.9539904129761,,,rate_per_100000,,,,final,cvd_rates_v1_0_7,UN_WPP_2024,BRB,persons,2026-08-26,historical_estimate,WHO_WORLD_2000_2025,none,No disclosure restriction identified.,132.954
bnr_cvd_public_metric_v2,CVD-BURDEN-002,cvd_2024_04,annual,2021,2021-01-01,2021,,,1,heart,female,all,hospital_registered,hospital_only,not_applicable,observed,sex_distribution,44.27860696517413,,,percent,89,201,,final,,,,,,,,none,No disclosure restriction identified.,44.279
bnr_cvd_public_metric_v2,CVD-BURDEN-001,cvd_2024_04,quarterly,2021_q2,2021-04-01,2021,4,2,1,heart,female,all,hospital_registered,hospital_only,not_applicable,observed,quarterly_same_quarter_previous_5yr_mean,32.8,,,count,164,,5,final,,,,,,,,none,No disclosure restriction identified.,32.800
bnr_cvd_public_metric_v2,CVD-BURDEN-001,cvd_2024_04,annual,2021,2021-01-01,2021,,,1,stroke,female,all,hospital_registered,hospital_only,not_applicable,observed,annual_count,263,,,count,263,,,final,,,,,,,,none,No disclosure restriction identified.,263.000
bnr_cvd_public_metric_v2,CVD-BURDEN-001,cvd_2024_04,annual,2021,2021-01-01,2021,,,1,all_cvd,female,all,hospital_registered,hospital_only,not_applicable,observed,annual_previous_5yr_mean,416.2,,,count,2081,,5,final,,,,,,,,none,No disclosure restriction identified.,416.200
bnr_cvd_public_metric_v2,CVD-INCIDENCE-001,cvd_2024_04,annual,2021,2021-01-01,2021,,,1,stroke,female,age_standardised,hospital_registered,hospital_only,not_applicable,observed,annual_age_standardised_rate,98.9289546411209,,,rate_per_100000,,,,final,cvd_rates_v1_0_7,UN_WPP_2024,BRB,persons,2026-08-26,historical_estimate,WHO_WORLD_2000_2025,none,No disclosure restriction identified.,98.929
bnr_cvd_public_metric_v2,CVD-BURDEN-001,cvd_2024_04,quarterly,2021_q3,2021-07-01,2021,7,3,1,stroke,female,all,hospital_registered,hospital_only,not_applicable,observed,quarterly_same_quarter_previous_5yr_mean,70.59999999999999,,,count,353,,5,final,,,,,,,,none,No disclosure restriction identified.,70.600
bnr_cvd_public_metric_v2,CVD-BURDEN-001,cvd_2024_04,quarterly,2021_q4,2021-10-01,2021,10,4,1,stroke,female,all,hospital_registered,hospital_only,not_applicable,observed,quarterly_count,63,,,count,63,,,final,,,,,,,,none,No disclosure restriction identified.,63.000
bnr_cvd_public_metric_v2,CVD-BURDEN-001,cvd_2024_04,quarterly,2021_q2,2021-04-01,2021,4,2,1,stroke,female,all,hospital_registered,hospital_only,not_applicable,observed,quarterly_count,66,,,count,66,,,final,,,,,,,,none,No disclosure restriction identified.,66.000
bnr_cvd_public_metric_v2,CVD-BURDEN-001,cvd_2024_04,annual,2021,2021-01-01,2021,,,1,heart,female,all,hospital_registered,hospital_only,not_applicable,observed,annual_count,89,,,count,89,,,final,,,,,,,,none,No disclosure restriction identified.,89.000
bnr_cvd_public_metric_v2,CVD-INCIDENCE-001,cvd_2024_04,annual,2021,2021-01-01,2021,,,1,heart,female,age_standardised,hospital_registered,hospital_only,not_applicable,observed,annual_age_standardised_rate,34.02503577185523,,,rate_per_100000,,,,final,cvd_rates_v1_0_7,UN_WPP_2024,BRB,persons,2026-08-26,historical_estimate,WHO_WORLD_2000_2025,none,No disclosure restriction identified.,34.025
bnr_cvd_public_metric_v2,CVD-BURDEN-001,cvd_2024_04,quarterly,2021_q1,2021-01-01,2021,1,1,1,heart,female,all,hospital_registered,hospital_only,not_applicable,observed,quarterly_same_quarter_previous_5yr_mean,27,,,count,135,,5,final,,,,,,,,none,No disclosure restriction identified.,27.000
bnr_cvd_public_metric_v2,CVD-BURDEN-001,cvd_2024_04,annual,2021,2021-01-01,2021,,,1,all_cvd,female,all,hospital_registered,hospital_only,not_applicable,observed,annual_count,352,,,count,352,,,final,,,,,,,,none,No disclosure restriction identified.,352.000
bnr_cvd_public_metric_v2,CVD-BURDEN-001,cvd_2024_04,annual,2021,2021-01-01,2021,,,1,heart,female,all,hospital_registered,hospital_only,not_applicable,observed,annual_previous_5yr_mean,121.6,,,count,608,,5,final,,,,,,,,none,No disclosure restriction identified.,121.600
bnr_cvd_public_metric_v2,CVD-BURDEN-001,cvd_2024_04,quarterly,2021_q2,2021-04-01,2021,4,2,1,stroke,female,all,hospital_registered,hospital_only,not_applicable,observed,quarterly_same_quarter_previous_5yr_mean,74,,,count,370,,5,final,,,,,,,,none,No disclosure restriction identified.,74.000
bnr_cvd_public_metric_v2,CVD-BURDEN-001,cvd_2024_04,quarterly,2021_q4,2021-10-01,2021,10,4,1,stroke,female,all,hospital_registered,hospital_only,not_applicable,observed,quarterly_same_quarter_previous_5yr_mean,68.59999999999999,,,count,343,,5,final,,,,,,,,none,No disclosure restriction identified.,68.600
bnr_cvd_public_metric_v2,CVD-BURDEN-001,cvd_2024_04,quarterly,2021_q1,2021-01-01,2021,1,1,1,heart,female,all,hospital_registered,hospital_only,not_applicable,observed,quarterly_count,19,,,count,19,,,final,,,,,,,,none,No disclosure restriction identified.,19.000
bnr_cvd_public_metric_v2,CVD-BURDEN-001,cvd_2024_04,quarterly,2021_q1,2021-01-01,2021,1,1,1,stroke,female,all,hospital_registered,hospital_only,not_applicable,observed,quarterly_same_quarter_previous_5yr_mean,81.40000000000001,,,count,407,,5,final,,,,,,,,none,No disclosure restriction identified.,81.400
bnr_cvd_public_metric_v2,CVD-BURDEN-001,cvd_2024_04,quarterly,2021_q4,2021-10-01,2021,10,4,1,all_cvd,female,all,hospital_registered,hospital_only,not_applicable,observed,quarterly_same_quarter_previous_5yr_mean,97.40000000000001,,,count,487,,5,final,,,,,,,,none,No disclosure restriction identified.,97.400
bnr_cvd_public_metric_v2,CVD-INCIDENCE-001,cvd_2024_04,annual,2021,2021-01-01,2021,,,1,heart,female,all,hospital_registered,hospital_only,not_applicable,observed,annual_crude_rate,60.63103968608109,,,rate_per_100000,89,146789.5,,final,cvd_rates_v1_0_7,UN_WPP_2024,BRB,persons,2026-08-26,historical_estimate,WHO_WORLD_2000_2025,none,No disclosure restriction identified.,60.631
bnr_cvd_public_metric_v2,CVD-BURDEN-001,cvd_2024_04,quarterly,2021_q2,2021-04-01,2021,4,2,1,all_cvd,female,all,hospital_registered,hospital_only,not_applicable,observed,quarterly_same_quarter_previous_5yr_mean,106.8,,,count,534,,5,final,,,,,,,,none,No disclosure restriction identified.,106.800
bnr_cvd_public_metric_v2,CVD-BURDEN-001,cvd_2024_04,quarterly,2021_q2,2021-04-01,2021,4,2,1,all_cvd,female,all,hospital_registered,hospital_only,not_applicable,observed,quarterly_count,86,,,count,86,,,final,,,,,,,,none,No disclosure restriction identified.,86.000
bnr_cvd_public_metric_v2,CVD-BURDEN-001,cvd_2024_04,quarterly,2021_q3,2021-07-01,2021,7,3,1,heart,female,all,hospital_registered,hospital_only,not_applicable,observed,quarterly_count,32,,,count,32,,,final,,,,,,,,none,No disclosure restriction identified.,32.000
bnr_cvd_public_metric_v2,CVD-BURDEN-001,cvd_2024_04,quarterly,2021_q2,2021-04-01,2021,4,2,1,heart,female,all,hospital_registered,hospital_only,not_applicable,observed,quarterly_count,20,,,count,20,,,final,,,,,,,,none,No disclosure restriction identified.,20.000
bnr_cvd_public_metric_v2,CVD-BURDEN-001,cvd_2024_04,quarterly,2021_q3,2021-07-01,2021,7,3,1,all_cvd,female,all,hospital_registered,hospital_only,not_applicable,observed,quarterly_same_quarter_previous_5yr_mean,103.6,,,count,518,,5,final,,,,,,,,none,No disclosure restriction identified.,103.600
bnr_cvd_public_metric_v2,CVD-BURDEN-001,cvd_2024_04,quarterly,2021_q1,2021-01-01,2021,1,1,1,all_cvd,female,all,hospital_registered,hospital_only,not_applicable,observed,quarterly_same_quarter_previous_5yr_mean,108.4,,,count,542,,5,final,,,,,,,,none,No disclosure restriction identified.,108.400
bnr_cvd_public_metric_v2,CVD-BURDEN-001,cvd_2024_04,quarterly,2021_q3,2021-07-01,2021,7,3,1,stroke,female,all,hospital_registered,hospital_only,not_applicable,observed,quarterly_count,75,,,count,75,,,final,,,,,,,,none,No disclosure restriction identified.,75.000
bnr_cvd_public_metric_v2,CVD-BURDEN-001,cvd_2024_04,quarterly,2021_q3,2021-07-01,2021,7,3,1,heart,female,all,hospital_registered,hospital_only,not_applicable,observed,quarterly_same_quarter_previous_5yr_mean,33,,,count,165,,5,final,,,,,,,,none,No disclosure restriction identified.,33.000
bnr_cvd_public_metric_v2,CVD-BURDEN-001,cvd_2024_04,quarterly,2021_q1,2021-01-01,2021,1,1,1,all_cvd,female,all,hospital_registered,hospital_only,not_applicable,observed,quarterly_count,78,,,count,78,,,final,,,,,,,,none,No disclosure restriction identified.,78.000
bnr_cvd_public_metric_v2,CVD-BURDEN-001,cvd_2024_04,quarterly,2021_q4,2021-10-01,2021,10,4,1,all_cvd,female,all,hospital_registered,hospital_only,not_applicable,observed,quarterly_count,81,,,count,81,,,final,,,,,,,,none,No disclosure restriction identified.,81.000
bnr_cvd_public_metric_v2,CVD-BURDEN-002,cvd_2024_04,annual,2021,2021-01-01,2021,,,1,all_cvd,female,all,hospital_registered,hospital_only,not_applicable,observed,sex_distribution,48.21917808219178,,,percent,352,730,,final,,,,,,,,none,No disclosure restriction identified.,48.219
bnr_cvd_public_metric_v2,CVD-BURDEN-001,cvd_2024_04,quarterly,2021_q1,2021-01-01,2021,1,1,1,stroke,female,all,hospital_registered,hospital_only,not_applicable,observed,quarterly_count,59,,,count,59,,,final,,,,,,,,none,No disclosure restriction identified.,59.000
bnr_cvd_public_metric_v2,CVD-BURDEN-002,cvd_2024_04,annual,2021,2021-01-01,2021,,,1,stroke,female,all,hospital_registered,hospital_only,not_applicable,observed,sex_distribution,49.7164461247637,,,percent,263,529,,final,,,,,,,,none,No disclosure restriction identified.,49.716
bnr_cvd_public_metric_v2,CVD-INCIDENCE-001,cvd_2024_04,annual,2021,2021-01-01,2021,,,1,stroke,female,all,hospital_registered,hospital_only,not_applicable,observed,annual_crude_rate,179.1681285105542,,,rate_per_100000,263,146789.5,,final,cvd_rates_v1_0_7,UN_WPP_2024,BRB,persons,2026-08-26,historical_estimate,WHO_WORLD_2000_2025,none,No disclosure restriction identified.,179.168
bnr_cvd_public_metric_v2,CVD-BURDEN-001,cvd_2024_04,annual,2021,2021-01-01,2021,,,1,stroke,female,all,hospital_registered,hospital_only,not_applicable,observed,annual_previous_5yr_mean,294.6,,,count,1473,,5,final,,,,,,,,none,No disclosure restriction identified.,294.600
bnr_cvd_public_metric_v2,CVD-BURDEN-001,cvd_2024_04,quarterly,2021_q4,2021-10-01,2021,10,4,1,heart,female,all,hospital_registered,hospital_only,not_applicable,observed,quarterly_count,18,,,count,18,,,final,,,,,,,,none,No disclosure restriction identified.,18.000
bnr_cvd_public_metric_v2,CVD-BURDEN-001,cvd_2024_04,quarterly,2021_q4,2021-10-01,2021,10,4,1,heart,female,all,hospital_registered,hospital_only,not_applicable,observed,quarterly_same_quarter_previous_5yr_mean,28.8,,,count,144,,5,final,,,,,,,,none,No disclosure restriction identified.,28.800
bnr_cvd_public_metric_v2,CVD-INCIDENCE-001,cvd_2024_04,annual,2021,2021-01-01,2021,,,1,all_cvd,female,all,hospital_registered,hospital_only,not_applicable,observed,annual_crude_rate,239.7991681966353,,,rate_per_100000,352,146789.5,,final,cvd_rates_v1_0_7,UN_WPP_2024,BRB,persons,2026-08-26,historical_estimate,WHO_WORLD_2000_2025,none,No disclosure restriction identified.,239.799
bnr_cvd_public_metric_v2,CVD-BURDEN-001,cvd_2024_04,quarterly,2021_q3,2021-07-01,2021,7,3,1,all_cvd,female,all,hospital_registered,hospital_only,not_applicable,observed,quarterly_count,107,,,count,107,,,final,,,,,,,,none,No disclosure restriction identified.,107.000
bnr_cvd_public_metric_v2,CVD-BURDEN-001,cvd_2024_04,annual,2021,2021-01-01,2021,,,1,heart,male,all,hospital_registered,hospital_only,not_applicable,observed,annual_previous_5yr_mean,149.2,,,count,746,,5,final,,,,,,,,none,No disclosure restriction identified.,149.200
bnr_cvd_public_metric_v2,CVD-BURDEN-001,cvd_2024_04,quarterly,2021_q1,2021-01-01,2021,1,1,1,stroke,male,all,hospital_registered,hospital_only,not_applicable,observed,quarterly_same_quarter_previous_5yr_mean,71.59999999999999,,,count,358,,5,final,,,,,,,,none,No disclosure restriction identified.,71.600
bnr_cvd_public_metric_v2,CVD-BURDEN-001,cvd_2024_04,quarterly,2021_q2,2021-04-01,2021,4,2,1,all_cvd,male,all,hospital_registered,hospital_only,not_applicable,observed,quarterly_same_quarter_previous_5yr_mean,108.4,,,count,542,,5,final,,,,,,,,none,No disclosure restriction identified.,108.400
bnr_cvd_public_metric_v2,CVD-BURDEN-001,cvd_2024_04,quarterly,2021_q1,2021-01-01,2021,1,1,1,heart,male,all,hospital_registered,hospital_only,not_applicable,observed,quarterly_same_quarter_previous_5yr_mean,39,,,count,195,,5,final,,,,,,,,none,No disclosure restriction identified.,39.000
bnr_cvd_public_metric_v2,CVD-BURDEN-001,cvd_2024_04,annual,2021,2021-01-01,2021,,,1,heart,male,all,hospital_registered,hospital_only,not_applicable,observed,annual_count,112,,,count,112,,,final,,,,,,,,none,No disclosure restriction identified.,112.000
bnr_cvd_public_metric_v2,CVD-BURDEN-002,cvd_2024_04,annual,2021,2021-01-01,2021,,,1,stroke,male,all,hospital_registered,hospital_only,not_applicable,observed,sex_distribution,50.2835538752363,,,percent,266,529,,final,,,,,,,,none,No disclosure restriction identified.,50.284
bnr_cvd_public_metric_v2,CVD-BURDEN-001,cvd_2024_04,quarterly,2021_q4,2021-10-01,2021,10,4,1,heart,male,all,hospital_registered,hospital_only,not_applicable,observed,quarterly_count,26,,,count,26,,,final,,,,,,,,none,No disclosure restriction identified.,26.000
bnr_cvd_public_metric_v2,CVD-BURDEN-001,cvd_2024_04,quarterly,2021_q3,2021-07-01,2021,7,3,1,heart,male,all,hospital_registered,hospital_only,not_applicable,observed,quarterly_count,39,,,count,39,,,final,,,,,,,,none,No disclosure restriction identified.,39.000
bnr_cvd_public_metric_v2,CVD-BURDEN-001,cvd_2024_04,quarterly,2021_q2,2021-04-01,2021,4,2,1,heart,male,all,hospital_registered,hospital_only,not_applicable,observed,quarterly_same_quarter_previous_5yr_mean,41,,,count,205,,5,final,,,,,,,,none,No disclosure restriction identified.,41.000
bnr_cvd_public_metric_v2,CVD-BURDEN-001,cvd_2024_04,quarterly,2021_q2,2021-04-01,2021,4,2,1,heart,male,all,hospital_registered,hospital_only,not_applicable,observed,quarterly_count,29,,,count,29,,,final,,,,,,,,none,No disclosure restriction identified.,29.000
bnr_cvd_public_metric_v2,CVD-BURDEN-001,cvd_2024_04,annual,2021,2021-01-01,2021,,,1,all_cvd,male,all,hospital_registered,hospital_only,not_applicable,observed,annual_count,378,,,count,378,,,final,,,,,,,,none,No disclosure restriction identified.,378.000
bnr_cvd_public_metric_v2,CVD-BURDEN-001,cvd_2024_04,annual,2021,2021-01-01,2021,,,1,stroke,male,all,hospital_registered,hospital_only,not_applicable,observed,annual_count,266,,,count,266,,,final,,,,,,,,none,No disclosure restriction identified.,266.000
bnr_cvd_public_metric_v2,CVD-BURDEN-001,cvd_2024_04,quarterly,2021_q3,2021-07-01,2021,7,3,1,heart,male,all,hospital_registered,hospital_only,not_applicable,observed,quarterly_same_quarter_previous_5yr_mean,32.8,,,count,164,,5,final,,,,,,,,none,No disclosure restriction identified.,32.800
bnr_cvd_public_metric_v2,CVD-INCIDENCE-001,cvd_2024_04,annual,2021,2021-01-01,2021,,,1,stroke,male,all,hospital_registered,hospital_only,not_applicable,observed,annual_crude_rate,196.5173578019608,,,rate_per_100000,266,135357,,final,cvd_rates_v1_0_7,UN_WPP_2024,BRB,persons,2026-08-26,historical_estimate,WHO_WORLD_2000_2025,none,No disclosure restriction identified.,196.517
bnr_cvd_public_metric_v2,CVD-BURDEN-001,cvd_2024_04,annual,2021,2021-01-01,2021,,,1,all_cvd,male,all,hospital_registered,hospital_only,not_applicable,observed,annual_previous_5yr_mean,423,,,count,2115,,5,final,,,,,,,,none,No disclosure restriction identified.,423.000
bnr_cvd_public_metric_v2,CVD-BURDEN-001,cvd_2024_04,quarterly,2021_q2,2021-04-01,2021,4,2,1,stroke,male,all,hospital_registered,hospital_only,not_applicable,observed,quarterly_same_quarter_previous_5yr_mean,67.40000000000001,,,count,337,,5,final,,,,,,,,none,No disclosure restriction identified.,67.400
bnr_cvd_public_metric_v2,CVD-BURDEN-001,cvd_2024_04,quarterly,2021_q3,2021-07-01,2021,7,3,1,stroke,male,all,hospital_registered,hospital_only,not_applicable,observed,quarterly_same_quarter_previous_5yr_mean,70.8,,,count,354,,5,final,,,,,,,,none,No disclosure restriction identified.,70.800
bnr_cvd_public_metric_v2,CVD-BURDEN-001,cvd_2024_04,quarterly,2021_q1,2021-01-01,2021,1,1,1,heart,male,all,hospital_registered,hospital_only,not_applicable,observed,quarterly_count,18,,,count,18,,,final,,,,,,,,none,No disclosure restriction identified.,18.000
bnr_cvd_public_metric_v2,CVD-BURDEN-001,cvd_2024_04,quarterly,2021_q1,2021-01-01,2021,1,1,1,stroke,male,all,hospital_registered,hospital_only,not_applicable,observed,quarterly_count,67,,,count,67,,,final,,,,,,,,none,No disclosure restriction identified.,67.000
bnr_cvd_public_metric_v2,CVD-BURDEN-001,cvd_2024_04,quarterly,2021_q4,2021-10-01,2021,10,4,1,heart,male,all,hospital_registered,hospital_only,not_applicable,observed,quarterly_same_quarter_previous_5yr_mean,36.4,,,count,182,,5,final,,,,,,,,none,No disclosure restriction identified.,36.400
bnr_cvd_public_metric_v2,CVD-INCIDENCE-001,cvd_2024_04,annual,2021,2021-01-01,2021,,,1,all_cvd,male,all,hospital_registered,hospital_only,not_applicable,observed,annual_crude_rate,279.2615084554179,,,rate_per_100000,378,135357,,final,cvd_rates_v1_0_7,UN_WPP_2024,BRB,persons,2026-08-26,historical_estimate,WHO_WORLD_2000_2025,none,No disclosure restriction identified.,279.262
bnr_cvd_public_metric_v2,CVD-BURDEN-002,cvd_2024_04,annual,2021,2021-01-01,2021,,,1,all_cvd,male,all,hospital_registered,hospital_only,not_applicable,observed,sex_distribution,51.78082191780822,,,percent,378,730,,final,,,,,,,,none,No disclosure restriction identified.,51.781
bnr_cvd_public_metric_v2,CVD-BURDEN-001,cvd_2024_04,quarterly,2021_q1,2021-01-01,2021,1,1,1,all_cvd,male,all,hospital_registered,hospital_only,not_applicable,observed,quarterly_same_quarter_previous_5yr_mean,110.6,,,count,553,,5,final,,,,,,,,none,No disclosure restriction identified.,110.600
bnr_cvd_public_metric_v2,CVD-BURDEN-002,cvd_2024_04,annual,2021,2021-01-01,2021,,,1,heart,male,all,hospital_registered,hospital_only,not_applicable,observed,sex_distribution,55.72139303482587,,,percent,112,201,,final,,,,,,,,none,No disclosure restriction identified.,55.721
bnr_cvd_public_metric_v2,CVD-BURDEN-001,cvd_2024_04,quarterly,2021_q4,2021-10-01,2021,10,4,1,all_cvd,male,all,hospital_registered,hospital_only,not_applicable,observed,quarterly_count,91,,,count,91,,,final,,,,,,,,none,No disclosure restriction identified.,91.000
bnr_cvd_public_metric_v2,CVD-BURDEN-001,cvd_2024_04,quarterly,2021_q3,2021-07-01,2021,7,3,1,all_cvd,male,all,hospital_registered,hospital_only,not_applicable,observed,quarterly_count,116,,,count,116,,,final,,,,,,,,none,No disclosure restriction identified.,116.000
bnr_cvd_public_metric_v2,CVD-INCIDENCE-001,cvd_2024_04,annual,2021,2021-01-01,2021,,,1,heart,male,age_standardised,hospital_registered,hospital_only,not_applicable,observed,annual_age_standardised_rate,57.14354293610873,,,rate_per_100000,,,,final,cvd_rates_v1_0_7,UN_WPP_2024,BRB,persons,2026-08-26,historical_estimate,WHO_WORLD_2000_2025,none,No disclosure restriction identified.,57.144
bnr_cvd_public_metric_v2,CVD-BURDEN-001,cvd_2024_04,quarterly,2021_q4,2021-10-01,2021,10,4,1,stroke,male,all,hospital_registered,hospital_only,not_applicable,observed,quarterly_count,65,,,count,65,,,final,,,,,,,,none,No disclosure restriction identified.,65.000
bnr_cvd_public_metric_v2,CVD-BURDEN-001,cvd_2024_04,annual,2021,2021-01-01,2021,,,1,stroke,male,all,hospital_registered,hospital_only,not_applicable,observed,annual_previous_5yr_mean,273.8,,,count,1369,,5,final,,,,,,,,none,No disclosure restriction identified.,273.800
bnr_cvd_public_metric_v2,CVD-BURDEN-001,cvd_2024_04,quarterly,2021_q2,2021-04-01,2021,4,2,1,all_cvd,male,all,hospital_registered,hospital_only,not_applicable,observed,quarterly_count,86,,,count,86,,,final,,,,,,,,none,No disclosure restriction identified.,86.000
bnr_cvd_public_metric_v2,CVD-BURDEN-001,cvd_2024_04,quarterly,2021_q4,2021-10-01,2021,10,4,1,all_cvd,male,all,hospital_registered,hospital_only,not_applicable,observed,quarterly_same_quarter_previous_5yr_mean,100.4,,,count,502,,5,final,,,,,,,,none,No disclosure restriction identified.,100.400
bnr_cvd_public_metric_v2,CVD-INCIDENCE-001,cvd_2024_04,annual,2021,2021-01-01,2021,,,1,stroke,male,age_standardised,hospital_registered,hospital_only,not_applicable,observed,annual_age_standardised_rate,134.3819783396858,,,rate_per_100000,,,,final,cvd_rates_v1_0_7,UN_WPP_2024,BRB,persons,2026-08-26,historical_estimate,WHO_WORLD_2000_2025,none,No disclosure restriction identified.,134.382
bnr_cvd_public_metric_v2,CVD-BURDEN-001,cvd_2024_04,quarterly,2021_q2,2021-04-01,2021,4,2,1,stroke,male,all,hospital_registered,hospital_only,not_applicable,observed,quarterly_count,57,,,count,57,,,final,,,,,,,,none,No disclosure restriction identified.,57.000
bnr_cvd_public_metric_v2,CVD-INCIDENCE-001,cvd_2024_04,annual,2021,2021-01-01,2021,,,1,heart,male,all,hospital_registered,hospital_only,not_applicable,observed,annual_crude_rate,82.74415065345715,,,rate_per_100000,112,135357,,final,cvd_rates_v1_0_7,UN_WPP_2024,BRB,persons,2026-08-26,historical_estimate,WHO_WORLD_2000_2025,none,No disclosure restriction identified.,82.744
bnr_cvd_public_metric_v2,CVD-INCIDENCE-001,cvd_2024_04,annual,2021,2021-01-01,2021,,,1,all_cvd,male,age_standardised,hospital_registered,hospital_only,not_applicable,observed,annual_age_standardised_rate,191.5255212757945,,,rate_per_100000,,,,final,cvd_rates_v1_0_7,UN_WPP_2024,BRB,persons,2026-08-26,historical_estimate,WHO_WORLD_2000_2025,none,No disclosure restriction identified.,191.526
bnr_cvd_public_metric_v2,CVD-BURDEN-001,cvd_2024_04,quarterly,2021_q3,2021-07-01,2021,7,3,1,stroke,male,all,hospital_registered,hospital_only,not_applicable,observed,quarterly_count,77,,,count,77,,,final,,,,,,,,none,No disclosure restriction identified.,77.000
bnr_cvd_public_metric_v2,CVD-BURDEN-001,cvd_2024_04,quarterly,2021_q4,2021-10-01,2021,10,4,1,stroke,male,all,hospital_registered,hospital_only,not_applicable,observed,quarterly_same_quarter_previous_5yr_mean,64,,,count,320,,5,final,,,,,,,,none,No disclosure restriction identified.,64.000
bnr_cvd_public_metric_v2,CVD-BURDEN-001,cvd_2024_04,quarterly,2021_q3,2021-07-01,2021,7,3,1,all_cvd,male,all,hospital_registered,hospital_only,not_applicable,observed,quarterly_same_quarter_previous_5yr_mean,103.6,,,count,518,,5,final,,,,,,,,none,No disclosure restriction identified.,103.600
bnr_cvd_public_metric_v2,CVD-BURDEN-001,cvd_2024_04,quarterly,2021_q1,2021-01-01,2021,1,1,1,all_cvd,male,all,hospital_registered,hospital_only,not_applicable,observed,quarterly_count,85,,,count,85,,,final,,,,,,,,none,No disclosure restriction identified.,85.000
bnr_cvd_public_metric_v2,CVD-BURDEN-001,cvd_2024_04,quarterly,2022_q3,2022-07-01,2022,7,3,1,all_cvd,all,all,hospital_registered,hospital_only,not_applicable,observed,quarterly_same_quarter_previous_5yr_mean,212,,,count,1060,,5,final,,,,,,,,none,No disclosure restriction identified.,212.000
bnr_cvd_public_metric_v2,CVD-BURDEN-001,cvd_2024_04,quarterly,2022_q1,2022-01-01,2022,1,1,1,stroke,all,all,hospital_registered,hospital_only,not_applicable,observed,quarterly_same_quarter_previous_5yr_mean,148.8,,,count,744,,5,final,,,,,,,,none,No disclosure restriction identified.,148.800
bnr_cvd_public_metric_v2,CVD-BURDEN-001,cvd_2024_04,quarterly,2022_q2,2022-04-01,2022,4,2,1,all_cvd,all,all,hospital_registered,hospital_only,not_applicable,observed,quarterly_count,196,,,count,196,,,final,,,,,,,,none,No disclosure restriction identified.,196.000
bnr_cvd_public_metric_v2,CVD-INCIDENCE-001,cvd_2024_04,annual,2022,2022-01-01,2022,,,1,all_cvd,all,all,hospital_registered,hospital_only,not_applicable,observed,annual_crude_rate,286.5562946747993,,,rate_per_100000,809,282318,,final,cvd_rates_v1_0_7,UN_WPP_2024,BRB,persons,2026-08-26,historical_estimate,WHO_WORLD_2000_2025,none,No disclosure restriction identified.,286.556
bnr_cvd_public_metric_v2,CVD-BURDEN-001,cvd_2024_04,annual,2022,2022-01-01,2022,,,1,heart,all,all,hospital_registered,hospital_only,not_applicable,observed,annual_count,240,,,count,240,,,final,,,,,,,,none,No disclosure restriction identified.,240.000
bnr_cvd_public_metric_v2,CVD-BURDEN-002,cvd_2024_04,annual,2022,2022-01-01,2022,,,1,all_cvd,all,under_70,hospital_registered,hospital_only,not_applicable,observed,age_distribution,51.05067985166873,,,percent,413,809,,final,,,,,,,,none,No disclosure restriction identified.,51.051
bnr_cvd_public_metric_v2,CVD-BURDEN-001,cvd_2024_04,annual,2022,2022-01-01,2022,,,1,all_cvd,all,under_70,hospital_registered,hospital_only,not_applicable,observed,annual_previous_5yr_mean,412.6,,,count,2063,,5,final,,,,,,,,none,No disclosure restriction identified.,412.600
bnr_cvd_public_metric_v2,CVD-BURDEN-001,cvd_2024_04,annual,2022,2022-01-01,2022,,,1,all_cvd,all,age_70_plus,hospital_registered,hospital_only,not_applicable,observed,annual_count,396,,,count,396,,,final,,,,,,,,none,No disclosure restriction identified.,396.000
bnr_cvd_public_metric_v2,CVD-BURDEN-001,cvd_2024_04,quarterly,2022_q4,2022-10-01,2022,10,4,1,all_cvd,all,all,hospital_registered,hospital_only,not_applicable,observed,quarterly_count,207,,,count,207,,,final,,,,,,,,none,No disclosure restriction identified.,207.000
bnr_cvd_public_metric_v2,CVD-BURDEN-001,cvd_2024_04,quarterly,2022_q3,2022-07-01,2022,7,3,1,heart,all,all,hospital_registered,hospital_only,not_applicable,observed,quarterly_count,48,,,count,48,,,final,,,,,,,,none,No disclosure restriction identified.,48.000
bnr_cvd_public_metric_v2,CVD-BURDEN-001,cvd_2024_04,quarterly,2022_q3,2022-07-01,2022,7,3,1,stroke,all,all,hospital_registered,hospital_only,not_applicable,observed,quarterly_same_quarter_previous_5yr_mean,142.4,,,count,712,,5,final,,,,,,,,none,No disclosure restriction identified.,142.400
bnr_cvd_public_metric_v2,CVD-BURDEN-001,cvd_2024_04,annual,2022,2022-01-01,2022,,,1,heart,all,all,hospital_registered,hospital_only,not_applicable,observed,annual_previous_5yr_mean,267.6,,,count,1338,,5,final,,,,,,,,none,No disclosure restriction identified.,267.600
bnr_cvd_public_metric_v2,CVD-BURDEN-001,cvd_2024_04,quarterly,2022_q4,2022-10-01,2022,10,4,1,stroke,all,all,hospital_registered,hospital_only,not_applicable,observed,quarterly_same_quarter_previous_5yr_mean,129.2,,,count,646,,5,final,,,,,,,,none,No disclosure restriction identified.,129.200
bnr_cvd_public_metric_v2,CVD-BURDEN-001,cvd_2024_04,quarterly,2022_q4,2022-10-01,2022,10,4,1,heart,all,all,hospital_registered,hospital_only,not_applicable,observed,quarterly_count,59,,,count,59,,,final,,,,,,,,none,No disclosure restriction identified.,59.000
bnr_cvd_public_metric_v2,CVD-BURDEN-001,cvd_2024_04,monthly,2022_m03,2022-03-01,2022,3,,1,all_cvd,all,all,hospital_registered,hospital_only,not_applicable,observed,monthly_count,59,,,count,59,,,final,,,,,,,,none,No disclosure restriction identified.,59.000
bnr_cvd_public_metric_v2,CVD-BURDEN-001,cvd_2024_04,monthly,2022_m06,2022-06-01,2022,6,,1,all_cvd,all,all,hospital_registered,hospital_only,not_applicable,observed,monthly_count,70,,,count,70,,,final,,,,,,,,none,No disclosure restriction identified.,70.000
bnr_cvd_public_metric_v2,CVD-BURDEN-001,cvd_2024_04,quarterly,2022_q1,2022-01-01,2022,1,1,1,stroke,all,all,hospital_registered,hospital_only,not_applicable,observed,quarterly_count,148,,,count,148,,,final,,,,,,,,none,No disclosure restriction identified.,148.000
bnr_cvd_public_metric_v2,CVD-BURDEN-002,cvd_2024_04,annual,2022,2022-01-01,2022,,,1,all_cvd,all,age_70_plus,hospital_registered,hospital_only,not_applicable,observed,age_distribution,48.94932014833127,,,percent,396,809,,final,,,,,,,,none,No disclosure restriction identified.,48.949
bnr_cvd_public_metric_v2,CVD-BURDEN-001,cvd_2024_04,quarterly,2022_q1,2022-01-01,2022,1,1,1,heart,all,all,hospital_registered,hospital_only,not_applicable,observed,quarterly_count,64,,,count,64,,,final,,,,,,,,none,No disclosure restriction identified.,64.000
bnr_cvd_public_metric_v2,CVD-BURDEN-002,cvd_2024_04,annual,2022,2022-01-01,2022,,,1,heart,all,all,hospital_registered,hospital_only,not_applicable,observed,event_type_distribution,29.66625463535228,,,percent,240,809,,final,,,,,,,,none,No disclosure restriction identified.,29.666
bnr_cvd_public_metric_v2,CVD-BURDEN-001,cvd_2024_04,monthly,2022_m09,2022-09-01,2022,9,,1,all_cvd,all,all,hospital_registered,hospital_only,not_applicable,observed,monthly_count,62,,,count,62,,,final,,,,,,,,none,No disclosure restriction identified.,62.000
bnr_cvd_public_metric_v2,CVD-BURDEN-001,cvd_2024_04,quarterly,2022_q4,2022-10-01,2022,10,4,1,heart,all,all,hospital_registered,hospital_only,not_applicable,observed,quarterly_same_quarter_previous_5yr_mean,64.2,,,count,321,,5,final,,,,,,,,none,No disclosure restriction identified.,64.200
bnr_cvd_public_metric_v2,CVD-BURDEN-001,cvd_2024_04,monthly,2022_m02,2022-02-01,2022,2,,1,all_cvd,all,all,hospital_registered,hospital_only,not_applicable,observed,monthly_count,83,,,count,83,,,final,,,,,,,,none,No disclosure restriction identified.,83.000
bnr_cvd_public_metric_v2,CVD-BURDEN-001,cvd_2024_04,quarterly,2022_q1,2022-01-01,2022,1,1,1,all_cvd,all,all,hospital_registered,hospital_only,not_applicable,observed,quarterly_same_quarter_previous_5yr_mean,213,,,count,1065,,5,final,,,,,,,,none,No disclosure restriction identified.,213.000
bnr_cvd_public_metric_v2,CVD-BURDEN-001,cvd_2024_04,quarterly,2022_q4,2022-10-01,2022,10,4,1,stroke,all,all,hospital_registered,hospital_only,not_applicable,observed,quarterly_count,148,,,count,148,,,final,,,,,,,,none,No disclosure restriction identified.,148.000
bnr_cvd_public_metric_v2,CVD-BURDEN-001,cvd_2024_04,monthly,2022_m11,2022-11-01,2022,11,,1,all_cvd,all,all,hospital_registered,hospital_only,not_applicable,observed,monthly_count,68,,,count,68,,,final,,,,,,,,none,No disclosure restriction identified.,68.000
bnr_cvd_public_metric_v2,CVD-INCIDENCE-001,cvd_2024_04,annual,2022,2022-01-01,2022,,,1,all_cvd,all,age_standardised,hospital_registered,hospital_only,not_applicable,observed,annual_age_standardised_rate,172.070714085496,,,rate_per_100000,,,,final,cvd_rates_v1_0_7,UN_WPP_2024,BRB,persons,2026-08-26,historical_estimate,WHO_WORLD_2000_2025,none,No disclosure restriction identified.,172.071
bnr_cvd_public_metric_v2,CVD-BURDEN-001,cvd_2024_04,annual,2022,2022-01-01,2022,,,1,all_cvd,all,all,hospital_registered,hospital_only,not_applicable,observed,annual_previous_5yr_mean,829.2,,,count,4146,,5,final,,,,,,,,none,No disclosure restriction identified.,829.200
bnr_cvd_public_metric_v2,CVD-BURDEN-001,cvd_2024_04,monthly,2022_m12,2022-12-01,2022,12,,1,all_cvd,all,all,hospital_registered,hospital_only,not_applicable,observed,monthly_count,58,,,count,58,,,final,,,,,,,,none,No disclosure restriction identified.,58.000
bnr_cvd_public_metric_v2,CVD-BURDEN-001,cvd_2024_04,monthly,2022_m01,2022-01-01,2022,1,,1,all_cvd,all,all,hospital_registered,hospital_only,not_applicable,observed,monthly_count,70,,,count,70,,,final,,,,,,,,none,No disclosure restriction identified.,70.000
bnr_cvd_public_metric_v2,CVD-BURDEN-001,cvd_2024_04,quarterly,2022_q4,2022-10-01,2022,10,4,1,all_cvd,all,all,hospital_registered,hospital_only,not_applicable,observed,quarterly_same_quarter_previous_5yr_mean,193.4,,,count,967,,5,final,,,,,,,,none,No disclosure restriction identified.,193.400
bnr_cvd_public_metric_v2,CVD-BURDEN-001,cvd_2024_04,monthly,2022_m05,2022-05-01,2022,5,,1,all_cvd,all,all,hospital_registered,hospital_only,not_applicable,observed,monthly_count,59,,,count,59,,,final,,,,,,,,none,No disclosure restriction identified.,59.000
bnr_cvd_public_metric_v2,CVD-BURDEN-001,cvd_2024_04,annual,2022,2022-01-01,2022,,,1,all_cvd,all,all,hospital_registered,hospital_only,not_applicable,observed,annual_count,809,,,count,809,,,final,,,,,,,,none,No disclosure restriction identified.,809.000
bnr_cvd_public_metric_v2,CVD-BURDEN-001,cvd_2024_04,annual,2022,2022-01-01,2022,,,1,stroke,all,all,hospital_registered,hospital_only,not_applicable,observed,annual_count,569,,,count,569,,,final,,,,,,,,none,No disclosure restriction identified.,569.000
bnr_cvd_public_metric_v2,CVD-BURDEN-001,cvd_2024_04,monthly,2022_m10,2022-10-01,2022,10,,1,all_cvd,all,all,hospital_registered,hospital_only,not_applicable,observed,monthly_count,81,,,count,81,,,final,,,,,,,,none,No disclosure restriction identified.,81.000
bnr_cvd_public_metric_v2,CVD-INCIDENCE-001,cvd_2024_04,annual,2022,2022-01-01,2022,,,1,stroke,all,age_standardised,hospital_registered,hospital_only,not_applicable,observed,annual_age_standardised_rate,121.2340848541826,,,rate_per_100000,,,,final,cvd_rates_v1_0_7,UN_WPP_2024,BRB,persons,2026-08-26,historical_estimate,WHO_WORLD_2000_2025,none,No disclosure restriction identified.,121.234
bnr_cvd_public_metric_v2,CVD-BURDEN-001,cvd_2024_04,quarterly,2022_q3,2022-07-01,2022,7,3,1,stroke,all,all,hospital_registered,hospital_only,not_applicable,observed,quarterly_count,146,,,count,146,,,final,,,,,,,,none,No disclosure restriction identified.,146.000
bnr_cvd_public_metric_v2,CVD-BURDEN-001,cvd_2024_04,quarterly,2022_q3,2022-07-01,2022,7,3,1,all_cvd,all,all,hospital_registered,hospital_only,not_applicable,observed,quarterly_count,194,,,count,194,,,final,,,,,,,,none,No disclosure restriction identified.,194.000
bnr_cvd_public_metric_v2,CVD-BURDEN-001,cvd_2024_04,monthly,2022_m04,2022-04-01,2022,4,,1,all_cvd,all,all,hospital_registered,hospital_only,not_applicable,observed,monthly_count,67,,,count,67,,,final,,,,,,,,none,No disclosure restriction identified.,67.000
bnr_cvd_public_metric_v2,CVD-BURDEN-001,cvd_2024_04,annual,2022,2022-01-01,2022,,,1,all_cvd,all,age_70_plus,hospital_registered,hospital_only,not_applicable,observed,annual_previous_5yr_mean,416.2,,,count,2081,,5,final,,,,,,,,none,No disclosure restriction identified.,416.200
bnr_cvd_public_metric_v2,CVD-BURDEN-001,cvd_2024_04,quarterly,2022_q2,2022-04-01,2022,4,2,1,heart,all,all,hospital_registered,hospital_only,not_applicable,observed,quarterly_same_quarter_previous_5yr_mean,69.59999999999999,,,count,348,,5,final,,,,,,,,none,No disclosure restriction identified.,69.600
bnr_cvd_public_metric_v2,CVD-INCIDENCE-001,cvd_2024_04,annual,2022,2022-01-01,2022,,,1,stroke,all,all,hospital_registered,hospital_only,not_applicable,observed,annual_crude_rate,201.5457746229429,,,rate_per_100000,569,282318,,final,cvd_rates_v1_0_7,UN_WPP_2024,BRB,persons,2026-08-26,historical_estimate,WHO_WORLD_2000_2025,none,No disclosure restriction identified.,201.546
bnr_cvd_public_metric_v2,CVD-BURDEN-001,cvd_2024_04,quarterly,2022_q2,2022-04-01,2022,4,2,1,stroke,all,all,hospital_registered,hospital_only,not_applicable,observed,quarterly_count,127,,,count,127,,,final,,,,,,,,none,No disclosure restriction identified.,127.000
bnr_cvd_public_metric_v2,CVD-BURDEN-001,cvd_2024_04,quarterly,2022_q2,2022-04-01,2022,4,2,1,stroke,all,all,hospital_registered,hospital_only,not_applicable,observed,quarterly_same_quarter_previous_5yr_mean,141.2,,,count,706,,5,final,,,,,,,,none,No disclosure restriction identified.,141.200
bnr_cvd_public_metric_v2,CVD-BURDEN-001,cvd_2024_04,quarterly,2022_q3,2022-07-01,2022,7,3,1,heart,all,all,hospital_registered,hospital_only,not_applicable,observed,quarterly_same_quarter_previous_5yr_mean,69.59999999999999,,,count,348,,5,final,,,,,,,,none,No disclosure restriction identified.,69.600
bnr_cvd_public_metric_v2,CVD-BURDEN-001,cvd_2024_04,quarterly,2022_q1,2022-01-01,2022,1,1,1,all_cvd,all,all,hospital_registered,hospital_only,not_applicable,observed,quarterly_count,212,,,count,212,,,final,,,,,,,,none,No disclosure restriction identified.,212.000
bnr_cvd_public_metric_v2,CVD-BURDEN-001,cvd_2024_04,quarterly,2022_q2,2022-04-01,2022,4,2,1,heart,all,all,hospital_registered,hospital_only,not_applicable,observed,quarterly_count,69,,,count,69,,,final,,,,,,,,none,No disclosure restriction identified.,69.000
bnr_cvd_public_metric_v2,CVD-BURDEN-001,cvd_2024_04,annual,2022,2022-01-01,2022,,,1,all_cvd,all,under_70,hospital_registered,hospital_only,not_applicable,observed,annual_count,413,,,count,413,,,final,,,,,,,,none,No disclosure restriction identified.,413.000
bnr_cvd_public_metric_v2,CVD-INCIDENCE-001,cvd_2024_04,annual,2022,2022-01-01,2022,,,1,heart,all,all,hospital_registered,hospital_only,not_applicable,observed,annual_crude_rate,85.01052005185642,,,rate_per_100000,240,282318,,final,cvd_rates_v1_0_7,UN_WPP_2024,BRB,persons,2026-08-26,historical_estimate,WHO_WORLD_2000_2025,none,No disclosure restriction identified.,85.011
bnr_cvd_public_metric_v2,CVD-BURDEN-001,cvd_2024_04,annual,2022,2022-01-01,2022,,,1,stroke,all,all,hospital_registered,hospital_only,not_applicable,observed,annual_previous_5yr_mean,561.6,,,count,2808,,5,final,,,,,,,,none,No disclosure restriction identified.,561.600
bnr_cvd_public_metric_v2,CVD-BURDEN-001,cvd_2024_04,quarterly,2022_q2,2022-04-01,2022,4,2,1,all_cvd,all,all,hospital_registered,hospital_only,not_applicable,observed,quarterly_same_quarter_previous_5yr_mean,210.8,,,count,1054,,5,final,,,,,,,,none,No disclosure restriction identified.,210.800
bnr_cvd_public_metric_v2,CVD-BURDEN-001,cvd_2024_04,monthly,2022_m08,2022-08-01,2022,8,,1,all_cvd,all,all,hospital_registered,hospital_only,not_applicable,observed,monthly_count,63,,,count,63,,,final,,,,,,,,none,No disclosure restriction identified.,63.000
bnr_cvd_public_metric_v2,CVD-INCIDENCE-001,cvd_2024_04,annual,2022,2022-01-01,2022,,,1,heart,all,age_standardised,hospital_registered,hospital_only,not_applicable,observed,annual_age_standardised_rate,50.83662923131337,,,rate_per_100000,,,,final,cvd_rates_v1_0_7,UN_WPP_2024,BRB,persons,2026-08-26,historical_estimate,WHO_WORLD_2000_2025,none,No disclosure restriction identified.,50.837
bnr_cvd_public_metric_v2,CVD-BURDEN-001,cvd_2024_04,quarterly,2022_q1,2022-01-01,2022,1,1,1,heart,all,all,hospital_registered,hospital_only,not_applicable,observed,quarterly_same_quarter_previous_5yr_mean,64.2,,,count,321,,5,final,,,,,,,,none,No disclosure restriction identified.,64.200
bnr_cvd_public_metric_v2,CVD-BURDEN-002,cvd_2024_04,annual,2022,2022-01-01,2022,,,1,stroke,all,all,hospital_registered,hospital_only,not_applicable,observed,event_type_distribution,70.33374536464771,,,percent,569,809,,final,,,,,,,,none,No disclosure restriction identified.,70.334
bnr_cvd_public_metric_v2,CVD-BURDEN-001,cvd_2024_04,monthly,2022_m07,2022-07-01,2022,7,,1,all_cvd,all,all,hospital_registered,hospital_only,not_applicable,observed,monthly_count,69,,,count,69,,,final,,,,,,,,none,No disclosure restriction identified.,69.000
bnr_cvd_public_metric_v2,CVD-BURDEN-001,cvd_2024_04,quarterly,2022_q1,2022-01-01,2022,1,1,1,all_cvd,female,all,hospital_registered,hospital_only,not_applicable,observed,quarterly_same_quarter_previous_5yr_mean,103.8,,,count,519,,5,final,,,,,,,,none,No disclosure restriction identified.,103.800
bnr_cvd_public_metric_v2,CVD-INCIDENCE-001,cvd_2024_04,annual,2022,2022-01-01,2022,,,1,stroke,female,all,hospital_registered,hospital_only,not_applicable,observed,annual_crude_rate,194.6816512543693,,,rate_per_100000,286,146906.5,,final,cvd_rates_v1_0_7,UN_WPP_2024,BRB,persons,2026-08-26,historical_estimate,WHO_WORLD_2000_2025,none,No disclosure restriction identified.,194.682
bnr_cvd_public_metric_v2,CVD-INCIDENCE-001,cvd_2024_04,annual,2022,2022-01-01,2022,,,1,all_cvd,female,age_standardised,hospital_registered,hospital_only,not_applicable,observed,annual_age_standardised_rate,145.9399314034476,,,rate_per_100000,,,,final,cvd_rates_v1_0_7,UN_WPP_2024,BRB,persons,2026-08-26,historical_estimate,WHO_WORLD_2000_2025,none,No disclosure restriction identified.,145.940
bnr_cvd_public_metric_v2,CVD-INCIDENCE-001,cvd_2024_04,annual,2022,2022-01-01,2022,,,1,stroke,female,age_standardised,hospital_registered,hospital_only,not_applicable,observed,annual_age_standardised_rate,107.2230318384091,,,rate_per_100000,,,,final,cvd_rates_v1_0_7,UN_WPP_2024,BRB,persons,2026-08-26,historical_estimate,WHO_WORLD_2000_2025,none,No disclosure restriction identified.,107.223
bnr_cvd_public_metric_v2,CVD-BURDEN-002,cvd_2024_04,annual,2022,2022-01-01,2022,,,1,heart,female,all,hospital_registered,hospital_only,not_applicable,observed,sex_distribution,43.75,,,percent,105,240,,final,,,,,,,,none,No disclosure restriction identified.,43.750
bnr_cvd_public_metric_v2,CVD-BURDEN-001,cvd_2024_04,quarterly,2022_q3,2022-07-01,2022,7,3,1,stroke,female,all,hospital_registered,hospital_only,not_applicable,observed,quarterly_count,66,,,count,66,,,final,,,,,,,,none,No disclosure restriction identified.,66.000
bnr_cvd_public_metric_v2,CVD-BURDEN-001,cvd_2024_04,quarterly,2022_q3,2022-07-01,2022,7,3,1,heart,female,all,hospital_registered,hospital_only,not_applicable,observed,quarterly_same_quarter_previous_5yr_mean,34.2,,,count,171,,5,final,,,,,,,,none,No disclosure restriction identified.,34.200
bnr_cvd_public_metric_v2,CVD-BURDEN-001,cvd_2024_04,annual,2022,2022-01-01,2022,,,1,all_cvd,female,all,hospital_registered,hospital_only,not_applicable,observed,annual_count,391,,,count,391,,,final,,,,,,,,none,No disclosure restriction identified.,391.000
bnr_cvd_public_metric_v2,CVD-BURDEN-001,cvd_2024_04,annual,2022,2022-01-01,2022,,,1,stroke,female,all,hospital_registered,hospital_only,not_applicable,observed,annual_previous_5yr_mean,286.8,,,count,1434,,5,final,,,,,,,,none,No disclosure restriction identified.,286.800
bnr_cvd_public_metric_v2,CVD-BURDEN-001,cvd_2024_04,quarterly,2022_q2,2022-04-01,2022,4,2,1,heart,female,all,hospital_registered,hospital_only,not_applicable,observed,quarterly_same_quarter_previous_5yr_mean,30.6,,,count,153,,5,final,,,,,,,,none,No disclosure restriction identified.,30.600
bnr_cvd_public_metric_v2,CVD-BURDEN-001,cvd_2024_04,quarterly,2022_q4,2022-10-01,2022,10,4,1,all_cvd,female,all,hospital_registered,hospital_only,not_applicable,observed,quarterly_count,100,,,count,100,,,final,,,,,,,,none,No disclosure restriction identified.,100.000
bnr_cvd_public_metric_v2,CVD-BURDEN-001,cvd_2024_04,annual,2022,2022-01-01,2022,,,1,heart,female,all,hospital_registered,hospital_only,not_applicable,observed,annual_previous_5yr_mean,120.4,,,count,602,,5,final,,,,,,,,none,No disclosure restriction identified.,120.400
bnr_cvd_public_metric_v2,CVD-BURDEN-001,cvd_2024_04,quarterly,2022_q1,2022-01-01,2022,1,1,1,stroke,female,all,hospital_registered,hospital_only,not_applicable,observed,quarterly_same_quarter_previous_5yr_mean,76.59999999999999,,,count,383,,5,final,,,,,,,,none,No disclosure restriction identified.,76.600
bnr_cvd_public_metric_v2,CVD-BURDEN-001,cvd_2024_04,quarterly,2022_q2,2022-04-01,2022,4,2,1,all_cvd,female,all,hospital_registered,hospital_only,not_applicable,observed,quarterly_count,97,,,count,97,,,final,,,,,,,,none,No disclosure restriction identified.,97.000
bnr_cvd_public_metric_v2,CVD-BURDEN-001,cvd_2024_04,quarterly,2022_q1,2022-01-01,2022,1,1,1,stroke,female,all,hospital_registered,hospital_only,not_applicable,observed,quarterly_count,75,,,count,75,,,final,,,,,,,,none,No disclosure restriction identified.,75.000
bnr_cvd_public_metric_v2,CVD-INCIDENCE-001,cvd_2024_04,annual,2022,2022-01-01,2022,,,1,heart,female,age_standardised,hospital_registered,hospital_only,not_applicable,observed,annual_age_standardised_rate,38.71689956503841,,,rate_per_100000,,,,final,cvd_rates_v1_0_7,UN_WPP_2024,BRB,persons,2026-08-26,historical_estimate,WHO_WORLD_2000_2025,none,No disclosure restriction identified.,38.717
bnr_cvd_public_metric_v2,CVD-BURDEN-001,cvd_2024_04,quarterly,2022_q2,2022-04-01,2022,4,2,1,all_cvd,female,all,hospital_registered,hospital_only,not_applicable,observed,quarterly_same_quarter_previous_5yr_mean,105.8,,,count,529,,5,final,,,,,,,,none,No disclosure restriction identified.,105.800
bnr_cvd_public_metric_v2,CVD-BURDEN-001,cvd_2024_04,annual,2022,2022-01-01,2022,,,1,all_cvd,female,all,hospital_registered,hospital_only,not_applicable,observed,annual_previous_5yr_mean,407.2,,,count,2036,,5,final,,,,,,,,none,No disclosure restriction identified.,407.200
bnr_cvd_public_metric_v2,CVD-BURDEN-001,cvd_2024_04,quarterly,2022_q3,2022-07-01,2022,7,3,1,all_cvd,female,all,hospital_registered,hospital_only,not_applicable,observed,quarterly_count,87,,,count,87,,,final,,,,,,,,none,No disclosure restriction identified.,87.000
bnr_cvd_public_metric_v2,CVD-BURDEN-002,cvd_2024_04,annual,2022,2022-01-01,2022,,,1,stroke,female,all,hospital_registered,hospital_only,not_applicable,observed,sex_distribution,50.26362038664324,,,percent,286,569,,final,,,,,,,,none,No disclosure restriction identified.,50.264
bnr_cvd_public_metric_v2,CVD-BURDEN-001,cvd_2024_04,annual,2022,2022-01-01,2022,,,1,stroke,female,all,hospital_registered,hospital_only,not_applicable,observed,annual_count,286,,,count,286,,,final,,,,,,,,none,No disclosure restriction identified.,286.000
bnr_cvd_public_metric_v2,CVD-INCIDENCE-001,cvd_2024_04,annual,2022,2022-01-01,2022,,,1,heart,female,all,hospital_registered,hospital_only,not_applicable,observed,annual_crude_rate,71.47403280317754,,,rate_per_100000,105,146906.5,,final,cvd_rates_v1_0_7,UN_WPP_2024,BRB,persons,2026-08-26,historical_estimate,WHO_WORLD_2000_2025,none,No disclosure restriction identified.,71.474
bnr_cvd_public_metric_v2,CVD-BURDEN-001,cvd_2024_04,quarterly,2022_q1,2022-01-01,2022,1,1,1,heart,female,all,hospital_registered,hospital_only,not_applicable,observed,quarterly_same_quarter_previous_5yr_mean,27.2,,,count,136,,5,final,,,,,,,,none,No disclosure restriction identified.,27.200
bnr_cvd_public_metric_v2,CVD-BURDEN-001,cvd_2024_04,quarterly,2022_q4,2022-10-01,2022,10,4,1,heart,female,all,hospital_registered,hospital_only,not_applicable,observed,quarterly_same_quarter_previous_5yr_mean,28.4,,,count,142,,5,final,,,,,,,,none,No disclosure restriction identified.,28.400
bnr_cvd_public_metric_v2,CVD-BURDEN-001,cvd_2024_04,quarterly,2022_q3,2022-07-01,2022,7,3,1,all_cvd,female,all,hospital_registered,hospital_only,not_applicable,observed,quarterly_same_quarter_previous_5yr_mean,103.6,,,count,518,,5,final,,,,,,,,none,No disclosure restriction identified.,103.600
bnr_cvd_public_metric_v2,CVD-BURDEN-001,cvd_2024_04,quarterly,2022_q2,2022-04-01,2022,4,2,1,heart,female,all,hospital_registered,hospital_only,not_applicable,observed,quarterly_count,30,,,count,30,,,final,,,,,,,,none,No disclosure restriction identified.,30.000
bnr_cvd_public_metric_v2,CVD-BURDEN-001,cvd_2024_04,quarterly,2022_q4,2022-10-01,2022,10,4,1,all_cvd,female,all,hospital_registered,hospital_only,not_applicable,observed,quarterly_same_quarter_previous_5yr_mean,94,,,count,470,,5,final,,,,,,,,none,No disclosure restriction identified.,94.000
bnr_cvd_public_metric_v2,CVD-BURDEN-001,cvd_2024_04,quarterly,2022_q1,2022-01-01,2022,1,1,1,all_cvd,female,all,hospital_registered,hospital_only,not_applicable,observed,quarterly_count,107,,,count,107,,,final,,,,,,,,none,No disclosure restriction identified.,107.000
bnr_cvd_public_metric_v2,CVD-BURDEN-001,cvd_2024_04,quarterly,2022_q2,2022-04-01,2022,4,2,1,stroke,female,all,hospital_registered,hospital_only,not_applicable,observed,quarterly_same_quarter_previous_5yr_mean,75.2,,,count,376,,5,final,,,,,,,,none,No disclosure restriction identified.,75.200
bnr_cvd_public_metric_v2,CVD-BURDEN-001,cvd_2024_04,quarterly,2022_q4,2022-10-01,2022,10,4,1,stroke,female,all,hospital_registered,hospital_only,not_applicable,observed,quarterly_same_quarter_previous_5yr_mean,65.59999999999999,,,count,328,,5,final,,,,,,,,none,No disclosure restriction identified.,65.600
bnr_cvd_public_metric_v2,CVD-BURDEN-001,cvd_2024_04,quarterly,2022_q2,2022-04-01,2022,4,2,1,stroke,female,all,hospital_registered,hospital_only,not_applicable,observed,quarterly_count,67,,,count,67,,,final,,,,,,,,none,No disclosure restriction identified.,67.000
bnr_cvd_public_metric_v2,CVD-BURDEN-001,cvd_2024_04,quarterly,2022_q4,2022-10-01,2022,10,4,1,stroke,female,all,hospital_registered,hospital_only,not_applicable,observed,quarterly_count,78,,,count,78,,,final,,,,,,,,none,No disclosure restriction identified.,78.000
bnr_cvd_public_metric_v2,CVD-BURDEN-002,cvd_2024_04,annual,2022,2022-01-01,2022,,,1,all_cvd,female,all,hospital_registered,hospital_only,not_applicable,observed,sex_distribution,48.33127317676144,,,percent,391,809,,final,,,,,,,,none,No disclosure restriction identified.,48.331
bnr_cvd_public_metric_v2,CVD-BURDEN-001,cvd_2024_04,annual,2022,2022-01-01,2022,,,1,heart,female,all,hospital_registered,hospital_only,not_applicable,observed,annual_count,105,,,count,105,,,final,,,,,,,,none,No disclosure restriction identified.,105.000
bnr_cvd_public_metric_v2,CVD-BURDEN-001,cvd_2024_04,quarterly,2022_q4,2022-10-01,2022,10,4,1,heart,female,all,hospital_registered,hospital_only,not_applicable,observed,quarterly_count,22,,,count,22,,,final,,,,,,,,none,No disclosure restriction identified.,22.000
bnr_cvd_public_metric_v2,CVD-BURDEN-001,cvd_2024_04,quarterly,2022_q1,2022-01-01,2022,1,1,1,heart,female,all,hospital_registered,hospital_only,not_applicable,observed,quarterly_count,32,,,count,32,,,final,,,,,,,,none,No disclosure restriction identified.,32.000
bnr_cvd_public_metric_v2,CVD-INCIDENCE-001,cvd_2024_04,annual,2022,2022-01-01,2022,,,1,all_cvd,female,all,hospital_registered,hospital_only,not_applicable,observed,annual_crude_rate,266.1556840575468,,,rate_per_100000,391,146906.5,,final,cvd_rates_v1_0_7,UN_WPP_2024,BRB,persons,2026-08-26,historical_estimate,WHO_WORLD_2000_2025,none,No disclosure restriction identified.,266.156
bnr_cvd_public_metric_v2,CVD-BURDEN-001,cvd_2024_04,quarterly,2022_q3,2022-07-01,2022,7,3,1,stroke,female,all,hospital_registered,hospital_only,not_applicable,observed,quarterly_same_quarter_previous_5yr_mean,69.40000000000001,,,count,347,,5,final,,,,,,,,none,No disclosure restriction identified.,69.400
bnr_cvd_public_metric_v2,CVD-BURDEN-001,cvd_2024_04,quarterly,2022_q3,2022-07-01,2022,7,3,1,heart,female,all,hospital_registered,hospital_only,not_applicable,observed,quarterly_count,21,,,count,21,,,final,,,,,,,,none,No disclosure restriction identified.,21.000
bnr_cvd_public_metric_v2,CVD-BURDEN-001,cvd_2024_04,quarterly,2022_q4,2022-10-01,2022,10,4,1,all_cvd,male,all,hospital_registered,hospital_only,not_applicable,observed,quarterly_same_quarter_previous_5yr_mean,99.40000000000001,,,count,497,,5,final,,,,,,,,none,No disclosure restriction identified.,99.400
bnr_cvd_public_metric_v2,CVD-BURDEN-001,cvd_2024_04,quarterly,2022_q1,2022-01-01,2022,1,1,1,all_cvd,male,all,hospital_registered,hospital_only,not_applicable,observed,quarterly_same_quarter_previous_5yr_mean,109.2,,,count,546,,5,final,,,,,,,,none,No disclosure restriction identified.,109.200
bnr_cvd_public_metric_v2,CVD-BURDEN-001,cvd_2024_04,quarterly,2022_q3,2022-07-01,2022,7,3,1,stroke,male,all,hospital_registered,hospital_only,not_applicable,observed,quarterly_count,80,,,count,80,,,final,,,,,,,,none,No disclosure restriction identified.,80.000
bnr_cvd_public_metric_v2,CVD-INCIDENCE-001,cvd_2024_04,annual,2022,2022-01-01,2022,,,1,stroke,male,all,hospital_registered,hospital_only,not_applicable,observed,annual_crude_rate,208.9925892557131,,,rate_per_100000,283,135411.5,,final,cvd_rates_v1_0_7,UN_WPP_2024,BRB,persons,2026-08-26,historical_estimate,WHO_WORLD_2000_2025,none,No disclosure restriction identified.,208.993
bnr_cvd_public_metric_v2,CVD-INCIDENCE-001,cvd_2024_04,annual,2022,2022-01-01,2022,,,1,all_cvd,male,age_standardised,hospital_registered,hospital_only,not_applicable,observed,annual_age_standardised_rate,205.0567464074922,,,rate_per_100000,,,,final,cvd_rates_v1_0_7,UN_WPP_2024,BRB,persons,2026-08-26,historical_estimate,WHO_WORLD_2000_2025,none,No disclosure restriction identified.,205.057
bnr_cvd_public_metric_v2,CVD-BURDEN-001,cvd_2024_04,quarterly,2022_q1,2022-01-01,2022,1,1,1,heart,male,all,hospital_registered,hospital_only,not_applicable,observed,quarterly_count,32,,,count,32,,,final,,,,,,,,none,No disclosure restriction identified.,32.000
bnr_cvd_public_metric_v2,CVD-BURDEN-001,cvd_2024_04,quarterly,2022_q2,2022-04-01,2022,4,2,1,heart,male,all,hospital_registered,hospital_only,not_applicable,observed,quarterly_same_quarter_previous_5yr_mean,39,,,count,195,,5,final,,,,,,,,none,No disclosure restriction identified.,39.000
bnr_cvd_public_metric_v2,CVD-BURDEN-001,cvd_2024_04,annual,2022,2022-01-01,2022,,,1,stroke,male,all,hospital_registered,hospital_only,not_applicable,observed,annual_previous_5yr_mean,274.8,,,count,1374,,5,final,,,,,,,,none,No disclosure restriction identified.,274.800
bnr_cvd_public_metric_v2,CVD-BURDEN-001,cvd_2024_04,quarterly,2022_q1,2022-01-01,2022,1,1,1,all_cvd,male,all,hospital_registered,hospital_only,not_applicable,observed,quarterly_count,105,,,count,105,,,final,,,,,,,,none,No disclosure restriction identified.,105.000
bnr_cvd_public_metric_v2,CVD-BURDEN-001,cvd_2024_04,quarterly,2022_q4,2022-10-01,2022,10,4,1,stroke,male,all,hospital_registered,hospital_only,not_applicable,observed,quarterly_count,70,,,count,70,,,final,,,,,,,,none,No disclosure restriction identified.,70.000
bnr_cvd_public_metric_v2,CVD-BURDEN-001,cvd_2024_04,quarterly,2022_q4,2022-10-01,2022,10,4,1,all_cvd,male,all,hospital_registered,hospital_only,not_applicable,observed,quarterly_count,107,,,count,107,,,final,,,,,,,,none,No disclosure restriction identified.,107.000
bnr_cvd_public_metric_v2,CVD-BURDEN-001,cvd_2024_04,quarterly,2022_q1,2022-01-01,2022,1,1,1,heart,male,all,hospital_registered,hospital_only,not_applicable,observed,quarterly_same_quarter_previous_5yr_mean,37,,,count,185,,5,final,,,,,,,,none,No disclosure restriction identified.,37.000
bnr_cvd_public_metric_v2,CVD-INCIDENCE-001,cvd_2024_04,annual,2022,2022-01-01,2022,,,1,all_cvd,male,all,hospital_registered,hospital_only,not_applicable,observed,annual_crude_rate,308.6887007381205,,,rate_per_100000,418,135411.5,,final,cvd_rates_v1_0_7,UN_WPP_2024,BRB,persons,2026-08-26,historical_estimate,WHO_WORLD_2000_2025,none,No disclosure restriction identified.,308.689
bnr_cvd_public_metric_v2,CVD-BURDEN-001,cvd_2024_04,quarterly,2022_q2,2022-04-01,2022,4,2,1,heart,male,all,hospital_registered,hospital_only,not_applicable,observed,quarterly_count,39,,,count,39,,,final,,,,,,,,none,No disclosure restriction identified.,39.000
bnr_cvd_public_metric_v2,CVD-BURDEN-001,cvd_2024_04,quarterly,2022_q3,2022-07-01,2022,7,3,1,stroke,male,all,hospital_registered,hospital_only,not_applicable,observed,quarterly_same_quarter_previous_5yr_mean,73,,,count,365,,5,final,,,,,,,,none,No disclosure restriction identified.,73.000
bnr_cvd_public_metric_v2,CVD-BURDEN-001,cvd_2024_04,annual,2022,2022-01-01,2022,,,1,all_cvd,male,all,hospital_registered,hospital_only,not_applicable,observed,annual_count,418,,,count,418,,,final,,,,,,,,none,No disclosure restriction identified.,418.000
bnr_cvd_public_metric_v2,CVD-BURDEN-001,cvd_2024_04,annual,2022,2022-01-01,2022,,,1,stroke,male,all,hospital_registered,hospital_only,not_applicable,observed,annual_count,283,,,count,283,,,final,,,,,,,,none,No disclosure restriction identified.,283.000
bnr_cvd_public_metric_v2,CVD-BURDEN-001,cvd_2024_04,annual,2022,2022-01-01,2022,,,1,heart,male,all,hospital_registered,hospital_only,not_applicable,observed,annual_previous_5yr_mean,147.2,,,count,736,,5,final,,,,,,,,none,No disclosure restriction identified.,147.200
bnr_cvd_public_metric_v2,CVD-BURDEN-001,cvd_2024_04,quarterly,2022_q4,2022-10-01,2022,10,4,1,stroke,male,all,hospital_registered,hospital_only,not_applicable,observed,quarterly_same_quarter_previous_5yr_mean,63.6,,,count,318,,5,final,,,,,,,,none,No disclosure restriction identified.,63.600
bnr_cvd_public_metric_v2,CVD-BURDEN-001,cvd_2024_04,quarterly,2022_q3,2022-07-01,2022,7,3,1,all_cvd,male,all,hospital_registered,hospital_only,not_applicable,observed,quarterly_same_quarter_previous_5yr_mean,108.4,,,count,542,,5,final,,,,,,,,none,No disclosure restriction identified.,108.400
bnr_cvd_public_metric_v2,CVD-INCIDENCE-001,cvd_2024_04,annual,2022,2022-01-01,2022,,,1,heart,male,all,hospital_registered,hospital_only,not_applicable,observed,annual_crude_rate,99.69611148240732,,,rate_per_100000,135,135411.5,,final,cvd_rates_v1_0_7,UN_WPP_2024,BRB,persons,2026-08-26,historical_estimate,WHO_WORLD_2000_2025,none,No disclosure restriction identified.,99.696
bnr_cvd_public_metric_v2,CVD-BURDEN-001,cvd_2024_04,quarterly,2022_q3,2022-07-01,2022,7,3,1,heart,male,all,hospital_registered,hospital_only,not_applicable,observed,quarterly_same_quarter_previous_5yr_mean,35.4,,,count,177,,5,final,,,,,,,,none,No disclosure restriction identified.,35.400
bnr_cvd_public_metric_v2,CVD-BURDEN-001,cvd_2024_04,annual,2022,2022-01-01,2022,,,1,all_cvd,male,all,hospital_registered,hospital_only,not_applicable,observed,annual_previous_5yr_mean,422,,,count,2110,,5,final,,,,,,,,none,No disclosure restriction identified.,422.000
bnr_cvd_public_metric_v2,CVD-INCIDENCE-001,cvd_2024_04,annual,2022,2022-01-01,2022,,,1,stroke,male,age_standardised,hospital_registered,hospital_only,not_applicable,observed,annual_age_standardised_rate,139.536362818208,,,rate_per_100000,,,,final,cvd_rates_v1_0_7,UN_WPP_2024,BRB,persons,2026-08-26,historical_estimate,WHO_WORLD_2000_2025,none,No disclosure restriction identified.,139.536
bnr_cvd_public_metric_v2,CVD-BURDEN-001,cvd_2024_04,quarterly,2022_q1,2022-01-01,2022,1,1,1,stroke,male,all,hospital_registered,hospital_only,not_applicable,observed,quarterly_count,73,,,count,73,,,final,,,,,,,,none,No disclosure restriction identified.,73.000
bnr_cvd_public_metric_v2,CVD-BURDEN-002,cvd_2024_04,annual,2022,2022-01-01,2022,,,1,all_cvd,male,all,hospital_registered,hospital_only,not_applicable,observed,sex_distribution,51.66872682323856,,,percent,418,809,,final,,,,,,,,none,No disclosure restriction identified.,51.669
bnr_cvd_public_metric_v2,CVD-BURDEN-001,cvd_2024_04,quarterly,2022_q2,2022-04-01,2022,4,2,1,all_cvd,male,all,hospital_registered,hospital_only,not_applicable,observed,quarterly_same_quarter_previous_5yr_mean,105,,,count,525,,5,final,,,,,,,,none,No disclosure restriction identified.,105.000
bnr_cvd_public_metric_v2,CVD-BURDEN-001,cvd_2024_04,quarterly,2022_q1,2022-01-01,2022,1,1,1,stroke,male,all,hospital_registered,hospital_only,not_applicable,observed,quarterly_same_quarter_previous_5yr_mean,72.2,,,count,361,,5,final,,,,,,,,none,No disclosure restriction identified.,72.200
bnr_cvd_public_metric_v2,CVD-BURDEN-001,cvd_2024_04,quarterly,2022_q3,2022-07-01,2022,7,3,1,all_cvd,male,all,hospital_registered,hospital_only,not_applicable,observed,quarterly_count,107,,,count,107,,,final,,,,,,,,none,No disclosure restriction identified.,107.000
bnr_cvd_public_metric_v2,CVD-BURDEN-002,cvd_2024_04,annual,2022,2022-01-01,2022,,,1,heart,male,all,hospital_registered,hospital_only,not_applicable,observed,sex_distribution,56.25,,,percent,135,240,,final,,,,,,,,none,No disclosure restriction identified.,56.250
bnr_cvd_public_metric_v2,CVD-BURDEN-001,cvd_2024_04,quarterly,2022_q2,2022-04-01,2022,4,2,1,all_cvd,male,all,hospital_registered,hospital_only,not_applicable,observed,quarterly_count,99,,,count,99,,,final,,,,,,,,none,No disclosure restriction identified.,99.000
bnr_cvd_public_metric_v2,CVD-BURDEN-001,cvd_2024_04,quarterly,2022_q2,2022-04-01,2022,4,2,1,stroke,male,all,hospital_registered,hospital_only,not_applicable,observed,quarterly_same_quarter_previous_5yr_mean,66,,,count,330,,5,final,,,,,,,,none,No disclosure restriction identified.,66.000
bnr_cvd_public_metric_v2,CVD-BURDEN-002,cvd_2024_04,annual,2022,2022-01-01,2022,,,1,stroke,male,all,hospital_registered,hospital_only,not_applicable,observed,sex_distribution,49.73637961335677,,,percent,283,569,,final,,,,,,,,none,No disclosure restriction identified.,49.736
bnr_cvd_public_metric_v2,CVD-BURDEN-001,cvd_2024_04,quarterly,2022_q4,2022-10-01,2022,10,4,1,heart,male,all,hospital_registered,hospital_only,not_applicable,observed,quarterly_same_quarter_previous_5yr_mean,35.8,,,count,179,,5,final,,,,,,,,none,No disclosure restriction identified.,35.800
bnr_cvd_public_metric_v2,CVD-INCIDENCE-001,cvd_2024_04,annual,2022,2022-01-01,2022,,,1,heart,male,age_standardised,hospital_registered,hospital_only,not_applicable,observed,annual_age_standardised_rate,65.52038358928417,,,rate_per_100000,,,,final,cvd_rates_v1_0_7,UN_WPP_2024,BRB,persons,2026-08-26,historical_estimate,WHO_WORLD_2000_2025,none,No disclosure restriction identified.,65.520
bnr_cvd_public_metric_v2,CVD-BURDEN-001,cvd_2024_04,quarterly,2022_q3,2022-07-01,2022,7,3,1,heart,male,all,hospital_registered,hospital_only,not_applicable,observed,quarterly_count,27,,,count,27,,,final,,,,,,,,none,No disclosure restriction identified.,27.000
bnr_cvd_public_metric_v2,CVD-BURDEN-001,cvd_2024_04,quarterly,2022_q4,2022-10-01,2022,10,4,1,heart,male,all,hospital_registered,hospital_only,not_applicable,observed,quarterly_count,37,,,count,37,,,final,,,,,,,,none,No disclosure restriction identified.,37.000
bnr_cvd_public_metric_v2,CVD-BURDEN-001,cvd_2024_04,annual,2022,2022-01-01,2022,,,1,heart,male,all,hospital_registered,hospital_only,not_applicable,observed,annual_count,135,,,count,135,,,final,,,,,,,,none,No disclosure restriction identified.,135.000
bnr_cvd_public_metric_v2,CVD-BURDEN-001,cvd_2024_04,quarterly,2022_q2,2022-04-01,2022,4,2,1,stroke,male,all,hospital_registered,hospital_only,not_applicable,observed,quarterly_count,60,,,count,60,,,final,,,,,,,,none,No disclosure restriction identified.,60.000
bnr_cvd_public_metric_v2,CVD-INCIDENCE-001,cvd_2024_04,annual,2023,2023-01-01,2023,,,1,stroke,all,age_standardised,hospital_registered,hospital_only,not_applicable,observed,annual_age_standardised_rate,131.3388901528766,,,rate_per_100000,,,,final,cvd_rates_v1_0_7,UN_WPP_2024,BRB,persons,2026-08-26,historical_estimate,WHO_WORLD_2000_2025,none,No disclosure restriction identified.,131.339
bnr_cvd_public_metric_v2,CVD-BURDEN-001,cvd_2024_04,monthly,2023_m09,2023-09-01,2023,9,,1,all_cvd,all,all,hospital_registered,hospital_only,not_applicable,observed,monthly_count,63,,,count,63,,,final,,,,,,,,none,No disclosure restriction identified.,63.000
bnr_cvd_public_metric_v2,CVD-BURDEN-001,cvd_2024_04,monthly,2023_m01,2023-01-01,2023,1,,1,all_cvd,all,all,hospital_registered,hospital_only,not_applicable,observed,monthly_count,90,,,count,90,,,final,,,,,,,,none,No disclosure restriction identified.,90.000
bnr_cvd_public_metric_v2,CVD-BURDEN-001,cvd_2024_04,quarterly,2023_q4,2023-10-01,2023,10,4,1,stroke,all,all,hospital_registered,hospital_only,not_applicable,observed,quarterly_same_quarter_previous_5yr_mean,132,,,count,660,,5,final,,,,,,,,none,No disclosure restriction identified.,132.000
bnr_cvd_public_metric_v2,CVD-BURDEN-001,cvd_2024_04,quarterly,2023_q1,2023-01-01,2023,1,1,1,all_cvd,all,all,hospital_registered,hospital_only,not_applicable,observed,quarterly_same_quarter_previous_5yr_mean,211.2,,,count,1056,,5,final,,,,,,,,none,No disclosure restriction identified.,211.200
bnr_cvd_public_metric_v2,CVD-BURDEN-001,cvd_2024_04,quarterly,2023_q1,2023-01-01,2023,1,1,1,stroke,all,all,hospital_registered,hospital_only,not_applicable,observed,quarterly_same_quarter_previous_5yr_mean,148.8,,,count,744,,5,final,,,,,,,,none,No disclosure restriction identified.,148.800
bnr_cvd_public_metric_v2,CVD-BURDEN-001,cvd_2024_04,quarterly,2023_q3,2023-07-01,2023,7,3,1,all_cvd,all,all,hospital_registered,hospital_only,not_applicable,observed,quarterly_same_quarter_previous_5yr_mean,213,,,count,1065,,5,final,,,,,,,,none,No disclosure restriction identified.,213.000
bnr_cvd_public_metric_v2,CVD-BURDEN-001,cvd_2024_04,monthly,2023_m02,2023-02-01,2023,2,,1,all_cvd,all,all,hospital_registered,hospital_only,not_applicable,observed,monthly_count,65,,,count,65,,,final,,,,,,,,none,No disclosure restriction identified.,65.000
bnr_cvd_public_metric_v2,CVD-BURDEN-001,cvd_2024_04,monthly,2023_m03,2023-03-01,2023,3,,1,all_cvd,all,all,hospital_registered,hospital_only,not_applicable,observed,monthly_count,60,,,count,60,,,final,,,,,,,,none,No disclosure restriction identified.,60.000
bnr_cvd_public_metric_v2,CVD-INCIDENCE-001,cvd_2024_04,annual,2023,2023-01-01,2023,,,1,all_cvd,all,all,hospital_registered,hospital_only,not_applicable,observed,annual_crude_rate,308.1434886093165,,,rate_per_100000,870,282336,,final,cvd_rates_v1_0_7,UN_WPP_2024,BRB,persons,2026-08-26,historical_estimate,WHO_WORLD_2000_2025,none,No disclosure restriction identified.,308.143
bnr_cvd_public_metric_v2,CVD-BURDEN-001,cvd_2024_04,quarterly,2023_q1,2023-01-01,2023,1,1,1,stroke,all,all,hospital_registered,hospital_only,not_applicable,observed,quarterly_count,160,,,count,160,,,final,,,,,,,,none,No disclosure restriction identified.,160.000
bnr_cvd_public_metric_v2,CVD-BURDEN-001,cvd_2024_04,annual,2023,2023-01-01,2023,,,1,all_cvd,all,under_70,hospital_registered,hospital_only,not_applicable,observed,annual_previous_5yr_mean,414.2,,,count,2071,,5,final,,,,,,,,none,No disclosure restriction identified.,414.200
bnr_cvd_public_metric_v2,CVD-BURDEN-001,cvd_2024_04,annual,2023,2023-01-01,2023,,,1,stroke,all,all,hospital_registered,hospital_only,not_applicable,observed,annual_previous_5yr_mean,566.6,,,count,2833,,5,final,,,,,,,,none,No disclosure restriction identified.,566.600
bnr_cvd_public_metric_v2,CVD-BURDEN-001,cvd_2024_04,annual,2023,2023-01-01,2023,,,1,all_cvd,all,age_70_plus,hospital_registered,hospital_only,not_applicable,observed,annual_count,441,,,count,441,,,final,,,,,,,,none,No disclosure restriction identified.,441.000
bnr_cvd_public_metric_v2,CVD-BURDEN-001,cvd_2024_04,monthly,2023_m10,2023-10-01,2023,10,,1,all_cvd,all,all,hospital_registered,hospital_only,not_applicable,observed,monthly_count,65,,,count,65,,,final,,,,,,,,none,No disclosure restriction identified.,65.000
bnr_cvd_public_metric_v2,CVD-BURDEN-001,cvd_2024_04,monthly,2023_m12,2023-12-01,2023,12,,1,all_cvd,all,all,hospital_registered,hospital_only,not_applicable,observed,monthly_count,76,,,count,76,,,final,,,,,,,,none,No disclosure restriction identified.,76.000
bnr_cvd_public_metric_v2,CVD-BURDEN-001,cvd_2024_04,annual,2023,2023-01-01,2023,,,1,all_cvd,all,under_70,hospital_registered,hospital_only,not_applicable,observed,annual_count,429,,,count,429,,,final,,,,,,,,none,No disclosure restriction identified.,429.000
bnr_cvd_public_metric_v2,CVD-BURDEN-002,cvd_2024_04,annual,2023,2023-01-01,2023,,,1,heart,all,all,hospital_registered,hospital_only,not_applicable,observed,event_type_distribution,28.27586206896552,,,percent,246,870,,final,,,,,,,,none,No disclosure restriction identified.,28.276
bnr_cvd_public_metric_v2,CVD-BURDEN-001,cvd_2024_04,quarterly,2023_q4,2023-10-01,2023,10,4,1,stroke,all,all,hospital_registered,hospital_only,not_applicable,observed,quarterly_count,138,,,count,138,,,final,,,,,,,,none,No disclosure restriction identified.,138.000
bnr_cvd_public_metric_v2,CVD-INCIDENCE-001,cvd_2024_04,annual,2023,2023-01-01,2023,,,1,heart,all,age_standardised,hospital_registered,hospital_only,not_applicable,observed,annual_age_standardised_rate,52.56898429645798,,,rate_per_100000,,,,final,cvd_rates_v1_0_7,UN_WPP_2024,BRB,persons,2026-08-26,historical_estimate,WHO_WORLD_2000_2025,none,No disclosure restriction identified.,52.569
bnr_cvd_public_metric_v2,CVD-BURDEN-001,cvd_2024_04,quarterly,2023_q2,2023-04-01,2023,4,2,1,stroke,all,all,hospital_registered,hospital_only,not_applicable,observed,quarterly_same_quarter_previous_5yr_mean,139.2,,,count,696,,5,final,,,,,,,,none,No disclosure restriction identified.,139.200
bnr_cvd_public_metric_v2,CVD-BURDEN-001,cvd_2024_04,quarterly,2023_q1,2023-01-01,2023,1,1,1,heart,all,all,hospital_registered,hospital_only,not_applicable,observed,quarterly_count,55,,,count,55,,,final,,,,,,,,none,No disclosure restriction identified.,55.000
bnr_cvd_public_metric_v2,CVD-BURDEN-001,cvd_2024_04,monthly,2023_m05,2023-05-01,2023,5,,1,all_cvd,all,all,hospital_registered,hospital_only,not_applicable,observed,monthly_count,86,,,count,86,,,final,,,,,,,,none,No disclosure restriction identified.,86.000
bnr_cvd_public_metric_v2,CVD-BURDEN-001,cvd_2024_04,quarterly,2023_q1,2023-01-01,2023,1,1,1,heart,all,all,hospital_registered,hospital_only,not_applicable,observed,quarterly_same_quarter_previous_5yr_mean,62.4,,,count,312,,5,final,,,,,,,,none,No disclosure restriction identified.,62.400
bnr_cvd_public_metric_v2,CVD-BURDEN-001,cvd_2024_04,monthly,2023_m08,2023-08-01,2023,8,,1,all_cvd,all,all,hospital_registered,hospital_only,not_applicable,observed,monthly_count,70,,,count,70,,,final,,,,,,,,none,No disclosure restriction identified.,70.000
bnr_cvd_public_metric_v2,CVD-BURDEN-001,cvd_2024_04,quarterly,2023_q2,2023-04-01,2023,4,2,1,all_cvd,all,all,hospital_registered,hospital_only,not_applicable,observed,quarterly_same_quarter_previous_5yr_mean,210.4,,,count,1052,,5,final,,,,,,,,none,No disclosure restriction identified.,210.400
bnr_cvd_public_metric_v2,CVD-BURDEN-001,cvd_2024_04,quarterly,2023_q4,2023-10-01,2023,10,4,1,all_cvd,all,all,hospital_registered,hospital_only,not_applicable,observed,quarterly_count,212,,,count,212,,,final,,,,,,,,none,No disclosure restriction identified.,212.000
bnr_cvd_public_metric_v2,CVD-BURDEN-001,cvd_2024_04,quarterly,2023_q4,2023-10-01,2023,10,4,1,all_cvd,all,all,hospital_registered,hospital_only,not_applicable,observed,quarterly_same_quarter_previous_5yr_mean,192,,,count,960,,5,final,,,,,,,,none,No disclosure restriction identified.,192.000
bnr_cvd_public_metric_v2,CVD-BURDEN-001,cvd_2024_04,monthly,2023_m07,2023-07-01,2023,7,,1,all_cvd,all,all,hospital_registered,hospital_only,not_applicable,observed,monthly_count,75,,,count,75,,,final,,,,,,,,none,No disclosure restriction identified.,75.000
bnr_cvd_public_metric_v2,CVD-BURDEN-002,cvd_2024_04,annual,2023,2023-01-01,2023,,,1,all_cvd,all,age_70_plus,hospital_registered,hospital_only,not_applicable,observed,age_distribution,50.68965517241379,,,percent,441,870,,final,,,,,,,,none,No disclosure restriction identified.,50.690
bnr_cvd_public_metric_v2,CVD-BURDEN-001,cvd_2024_04,annual,2023,2023-01-01,2023,,,1,heart,all,all,hospital_registered,hospital_only,not_applicable,observed,annual_previous_5yr_mean,260,,,count,1300,,5,final,,,,,,,,none,No disclosure restriction identified.,260.000
bnr_cvd_public_metric_v2,CVD-BURDEN-001,cvd_2024_04,quarterly,2023_q2,2023-04-01,2023,4,2,1,heart,all,all,hospital_registered,hospital_only,not_applicable,observed,quarterly_count,63,,,count,63,,,final,,,,,,,,none,No disclosure restriction identified.,63.000
bnr_cvd_public_metric_v2,CVD-INCIDENCE-001,cvd_2024_04,annual,2023,2023-01-01,2023,,,1,stroke,all,all,hospital_registered,hospital_only,not_applicable,observed,annual_crude_rate,221.0132607956477,,,rate_per_100000,624,282336,,final,cvd_rates_v1_0_7,UN_WPP_2024,BRB,persons,2026-08-26,historical_estimate,WHO_WORLD_2000_2025,none,No disclosure restriction identified.,221.013
bnr_cvd_public_metric_v2,CVD-BURDEN-001,cvd_2024_04,quarterly,2023_q3,2023-07-01,2023,7,3,1,stroke,all,all,hospital_registered,hospital_only,not_applicable,observed,quarterly_count,154,,,count,154,,,final,,,,,,,,none,No disclosure restriction identified.,154.000
bnr_cvd_public_metric_v2,CVD-BURDEN-002,cvd_2024_04,annual,2023,2023-01-01,2023,,,1,stroke,all,all,hospital_registered,hospital_only,not_applicable,observed,event_type_distribution,71.72413793103448,,,percent,624,870,,final,,,,,,,,none,No disclosure restriction identified.,71.724
bnr_cvd_public_metric_v2,CVD-BURDEN-001,cvd_2024_04,quarterly,2023_q3,2023-07-01,2023,7,3,1,heart,all,all,hospital_registered,hospital_only,not_applicable,observed,quarterly_same_quarter_previous_5yr_mean,66.40000000000001,,,count,332,,5,final,,,,,,,,none,No disclosure restriction identified.,66.400
bnr_cvd_public_metric_v2,CVD-BURDEN-001,cvd_2024_04,annual,2023,2023-01-01,2023,,,1,heart,all,all,hospital_registered,hospital_only,not_applicable,observed,annual_count,246,,,count,246,,,final,,,,,,,,none,No disclosure restriction identified.,246.000
bnr_cvd_public_metric_v2,CVD-BURDEN-002,cvd_2024_04,annual,2023,2023-01-01,2023,,,1,all_cvd,all,under_70,hospital_registered,hospital_only,not_applicable,observed,age_distribution,49.31034482758621,,,percent,429,870,,final,,,,,,,,none,No disclosure restriction identified.,49.310
bnr_cvd_public_metric_v2,CVD-INCIDENCE-001,cvd_2024_04,annual,2023,2023-01-01,2023,,,1,all_cvd,all,age_standardised,hospital_registered,hospital_only,not_applicable,observed,annual_age_standardised_rate,183.9078744493347,,,rate_per_100000,,,,final,cvd_rates_v1_0_7,UN_WPP_2024,BRB,persons,2026-08-26,historical_estimate,WHO_WORLD_2000_2025,none,No disclosure restriction identified.,183.908
bnr_cvd_public_metric_v2,CVD-BURDEN-001,cvd_2024_04,monthly,2023_m06,2023-06-01,2023,6,,1,all_cvd,all,all,hospital_registered,hospital_only,not_applicable,observed,monthly_count,74,,,count,74,,,final,,,,,,,,none,No disclosure restriction identified.,74.000
bnr_cvd_public_metric_v2,CVD-BURDEN-001,cvd_2024_04,quarterly,2023_q2,2023-04-01,2023,4,2,1,heart,all,all,hospital_registered,hospital_only,not_applicable,observed,quarterly_same_quarter_previous_5yr_mean,71.2,,,count,356,,5,final,,,,,,,,none,No disclosure restriction identified.,71.200
bnr_cvd_public_metric_v2,CVD-BURDEN-001,cvd_2024_04,quarterly,2023_q3,2023-07-01,2023,7,3,1,heart,all,all,hospital_registered,hospital_only,not_applicable,observed,quarterly_count,54,,,count,54,,,final,,,,,,,,none,No disclosure restriction identified.,54.000
bnr_cvd_public_metric_v2,CVD-BURDEN-001,cvd_2024_04,annual,2023,2023-01-01,2023,,,1,stroke,all,all,hospital_registered,hospital_only,not_applicable,observed,annual_count,624,,,count,624,,,final,,,,,,,,none,No disclosure restriction identified.,624.000
bnr_cvd_public_metric_v2,CVD-BURDEN-001,cvd_2024_04,monthly,2023_m04,2023-04-01,2023,4,,1,all_cvd,all,all,hospital_registered,hospital_only,not_applicable,observed,monthly_count,75,,,count,75,,,final,,,,,,,,none,No disclosure restriction identified.,75.000
bnr_cvd_public_metric_v2,CVD-BURDEN-001,cvd_2024_04,quarterly,2023_q4,2023-10-01,2023,10,4,1,heart,all,all,hospital_registered,hospital_only,not_applicable,observed,quarterly_count,74,,,count,74,,,final,,,,,,,,none,No disclosure restriction identified.,74.000
bnr_cvd_public_metric_v2,CVD-BURDEN-001,cvd_2024_04,quarterly,2023_q3,2023-07-01,2023,7,3,1,stroke,all,all,hospital_registered,hospital_only,not_applicable,observed,quarterly_same_quarter_previous_5yr_mean,146.6,,,count,733,,5,final,,,,,,,,none,No disclosure restriction identified.,146.600
bnr_cvd_public_metric_v2,CVD-BURDEN-001,cvd_2024_04,quarterly,2023_q3,2023-07-01,2023,7,3,1,all_cvd,all,all,hospital_registered,hospital_only,not_applicable,observed,quarterly_count,208,,,count,208,,,final,,,,,,,,none,No disclosure restriction identified.,208.000
bnr_cvd_public_metric_v2,CVD-BURDEN-001,cvd_2024_04,quarterly,2023_q2,2023-04-01,2023,4,2,1,stroke,all,all,hospital_registered,hospital_only,not_applicable,observed,quarterly_count,172,,,count,172,,,final,,,,,,,,none,No disclosure restriction identified.,172.000
bnr_cvd_public_metric_v2,CVD-BURDEN-001,cvd_2024_04,quarterly,2023_q1,2023-01-01,2023,1,1,1,all_cvd,all,all,hospital_registered,hospital_only,not_applicable,observed,quarterly_count,215,,,count,215,,,final,,,,,,,,none,No disclosure restriction identified.,215.000
bnr_cvd_public_metric_v2,CVD-INCIDENCE-001,cvd_2024_04,annual,2023,2023-01-01,2023,,,1,heart,all,all,hospital_registered,hospital_only,not_applicable,observed,annual_crude_rate,87.13022781366882,,,rate_per_100000,246,282336,,final,cvd_rates_v1_0_7,UN_WPP_2024,BRB,persons,2026-08-26,historical_estimate,WHO_WORLD_2000_2025,none,No disclosure restriction identified.,87.130
bnr_cvd_public_metric_v2,CVD-BURDEN-001,cvd_2024_04,quarterly,2023_q4,2023-10-01,2023,10,4,1,heart,all,all,hospital_registered,hospital_only,not_applicable,observed,quarterly_same_quarter_previous_5yr_mean,60,,,count,300,,5,final,,,,,,,,none,No disclosure restriction identified.,60.000
bnr_cvd_public_metric_v2,CVD-BURDEN-001,cvd_2024_04,annual,2023,2023-01-01,2023,,,1,all_cvd,all,all,hospital_registered,hospital_only,not_applicable,observed,annual_previous_5yr_mean,826.6,,,count,4133,,5,final,,,,,,,,none,No disclosure restriction identified.,826.600
bnr_cvd_public_metric_v2,CVD-BURDEN-001,cvd_2024_04,annual,2023,2023-01-01,2023,,,1,all_cvd,all,all,hospital_registered,hospital_only,not_applicable,observed,annual_count,870,,,count,870,,,final,,,,,,,,none,No disclosure restriction identified.,870.000
bnr_cvd_public_metric_v2,CVD-BURDEN-001,cvd_2024_04,annual,2023,2023-01-01,2023,,,1,all_cvd,all,age_70_plus,hospital_registered,hospital_only,not_applicable,observed,annual_previous_5yr_mean,412.4,,,count,2062,,5,final,,,,,,,,none,No disclosure restriction identified.,412.400
bnr_cvd_public_metric_v2,CVD-BURDEN-001,cvd_2024_04,monthly,2023_m11,2023-11-01,2023,11,,1,all_cvd,all,all,hospital_registered,hospital_only,not_applicable,observed,monthly_count,71,,,count,71,,,final,,,,,,,,none,No disclosure restriction identified.,71.000
bnr_cvd_public_metric_v2,CVD-BURDEN-001,cvd_2024_04,quarterly,2023_q2,2023-04-01,2023,4,2,1,all_cvd,all,all,hospital_registered,hospital_only,not_applicable,observed,quarterly_count,235,,,count,235,,,final,,,,,,,,none,No disclosure restriction identified.,235.000
bnr_cvd_public_metric_v2,CVD-BURDEN-001,cvd_2024_04,quarterly,2023_q3,2023-07-01,2023,7,3,1,all_cvd,female,all,hospital_registered,hospital_only,not_applicable,observed,quarterly_same_quarter_previous_5yr_mean,102.8,,,count,514,,5,final,,,,,,,,none,No disclosure restriction identified.,102.800
bnr_cvd_public_metric_v2,CVD-BURDEN-001,cvd_2024_04,quarterly,2023_q2,2023-04-01,2023,4,2,1,all_cvd,female,all,hospital_registered,hospital_only,not_applicable,observed,quarterly_count,106,,,count,106,,,final,,,,,,,,none,No disclosure restriction identified.,106.000
bnr_cvd_public_metric_v2,CVD-BURDEN-001,cvd_2024_04,annual,2023,2023-01-01,2023,,,1,all_cvd,female,all,hospital_registered,hospital_only,not_applicable,observed,annual_previous_5yr_mean,401.8,,,count,2009,,5,final,,,,,,,,none,No disclosure restriction identified.,401.800
bnr_cvd_public_metric_v2,CVD-BURDEN-001,cvd_2024_04,quarterly,2023_q3,2023-07-01,2023,7,3,1,all_cvd,female,all,hospital_registered,hospital_only,not_applicable,observed,quarterly_count,98,,,count,98,,,final,,,,,,,,none,No disclosure restriction identified.,98.000
bnr_cvd_public_metric_v2,CVD-INCIDENCE-001,cvd_2024_04,annual,2023,2023-01-01,2023,,,1,all_cvd,female,all,hospital_registered,hospital_only,not_applicable,observed,annual_crude_rate,283.7284779702187,,,rate_per_100000,417,146971.5,,final,cvd_rates_v1_0_7,UN_WPP_2024,BRB,persons,2026-08-26,historical_estimate,WHO_WORLD_2000_2025,none,No disclosure restriction identified.,283.728
bnr_cvd_public_metric_v2,CVD-BURDEN-001,cvd_2024_04,quarterly,2023_q1,2023-01-01,2023,1,1,1,all_cvd,female,all,hospital_registered,hospital_only,not_applicable,observed,quarterly_same_quarter_previous_5yr_mean,103,,,count,515,,5,final,,,,,,,,none,No disclosure restriction identified.,103.000
bnr_cvd_public_metric_v2,CVD-BURDEN-001,cvd_2024_04,quarterly,2023_q2,2023-04-01,2023,4,2,1,all_cvd,female,all,hospital_registered,hospital_only,not_applicable,observed,quarterly_same_quarter_previous_5yr_mean,105.6,,,count,528,,5,final,,,,,,,,none,No disclosure restriction identified.,105.600
bnr_cvd_public_metric_v2,CVD-BURDEN-001,cvd_2024_04,quarterly,2023_q1,2023-01-01,2023,1,1,1,stroke,female,all,hospital_registered,hospital_only,not_applicable,observed,quarterly_same_quarter_previous_5yr_mean,75.59999999999999,,,count,378,,5,final,,,,,,,,none,No disclosure restriction identified.,75.600
bnr_cvd_public_metric_v2,CVD-BURDEN-001,cvd_2024_04,quarterly,2023_q1,2023-01-01,2023,1,1,1,stroke,female,all,hospital_registered,hospital_only,not_applicable,observed,quarterly_count,82,,,count,82,,,final,,,,,,,,none,No disclosure restriction identified.,82.000
bnr_cvd_public_metric_v2,CVD-BURDEN-001,cvd_2024_04,annual,2023,2023-01-01,2023,,,1,all_cvd,female,all,hospital_registered,hospital_only,not_applicable,observed,annual_count,417,,,count,417,,,final,,,,,,,,none,No disclosure restriction identified.,417.000
bnr_cvd_public_metric_v2,CVD-BURDEN-001,cvd_2024_04,quarterly,2023_q3,2023-07-01,2023,7,3,1,heart,female,all,hospital_registered,hospital_only,not_applicable,observed,quarterly_count,25,,,count,25,,,final,,,,,,,,none,No disclosure restriction identified.,25.000
bnr_cvd_public_metric_v2,CVD-BURDEN-001,cvd_2024_04,quarterly,2023_q4,2023-10-01,2023,10,4,1,stroke,female,all,hospital_registered,hospital_only,not_applicable,observed,quarterly_count,75,,,count,75,,,final,,,,,,,,none,No disclosure restriction identified.,75.000
bnr_cvd_public_metric_v2,CVD-INCIDENCE-001,cvd_2024_04,annual,2023,2023-01-01,2023,,,1,heart,female,all,hospital_registered,hospital_only,not_applicable,observed,annual_crude_rate,71.44242251048672,,,rate_per_100000,105,146971.5,,final,cvd_rates_v1_0_7,UN_WPP_2024,BRB,persons,2026-08-26,historical_estimate,WHO_WORLD_2000_2025,none,No disclosure restriction identified.,71.442
bnr_cvd_public_metric_v2,CVD-BURDEN-001,cvd_2024_04,quarterly,2023_q4,2023-10-01,2023,10,4,1,all_cvd,female,all,hospital_registered,hospital_only,not_applicable,observed,quarterly_same_quarter_previous_5yr_mean,90.40000000000001,,,count,452,,5,final,,,,,,,,none,No disclosure restriction identified.,90.400
bnr_cvd_public_metric_v2,CVD-BURDEN-001,cvd_2024_04,annual,2023,2023-01-01,2023,,,1,stroke,female,all,hospital_registered,hospital_only,not_applicable,observed,annual_previous_5yr_mean,286.6,,,count,1433,,5,final,,,,,,,,none,No disclosure restriction identified.,286.600
bnr_cvd_public_metric_v2,CVD-BURDEN-001,cvd_2024_04,annual,2023,2023-01-01,2023,,,1,stroke,female,all,hospital_registered,hospital_only,not_applicable,observed,annual_count,312,,,count,312,,,final,,,,,,,,none,No disclosure restriction identified.,312.000
bnr_cvd_public_metric_v2,CVD-BURDEN-001,cvd_2024_04,quarterly,2023_q1,2023-01-01,2023,1,1,1,heart,female,all,hospital_registered,hospital_only,not_applicable,observed,quarterly_same_quarter_previous_5yr_mean,27.4,,,count,137,,5,final,,,,,,,,none,No disclosure restriction identified.,27.400
bnr_cvd_public_metric_v2,CVD-BURDEN-001,cvd_2024_04,annual,2023,2023-01-01,2023,,,1,heart,female,all,hospital_registered,hospital_only,not_applicable,observed,annual_count,105,,,count,105,,,final,,,,,,,,none,No disclosure restriction identified.,105.000
bnr_cvd_public_metric_v2,CVD-BURDEN-001,cvd_2024_04,quarterly,2023_q4,2023-10-01,2023,10,4,1,stroke,female,all,hospital_registered,hospital_only,not_applicable,observed,quarterly_same_quarter_previous_5yr_mean,64.8,,,count,324,,5,final,,,,,,,,none,No disclosure restriction identified.,64.800
bnr_cvd_public_metric_v2,CVD-BURDEN-001,cvd_2024_04,quarterly,2023_q2,2023-04-01,2023,4,2,1,heart,female,all,hospital_registered,hospital_only,not_applicable,observed,quarterly_count,24,,,count,24,,,final,,,,,,,,none,No disclosure restriction identified.,24.000
bnr_cvd_public_metric_v2,CVD-BURDEN-002,cvd_2024_04,annual,2023,2023-01-01,2023,,,1,heart,female,all,hospital_registered,hospital_only,not_applicable,observed,sex_distribution,42.68292682926829,,,percent,105,246,,final,,,,,,,,none,No disclosure restriction identified.,42.683
bnr_cvd_public_metric_v2,CVD-INCIDENCE-001,cvd_2024_04,annual,2023,2023-01-01,2023,,,1,all_cvd,female,age_standardised,hospital_registered,hospital_only,not_applicable,observed,annual_age_standardised_rate,151.1986439242303,,,rate_per_100000,,,,final,cvd_rates_v1_0_7,UN_WPP_2024,BRB,persons,2026-08-26,historical_estimate,WHO_WORLD_2000_2025,none,No disclosure restriction identified.,151.199
bnr_cvd_public_metric_v2,CVD-BURDEN-001,cvd_2024_04,annual,2023,2023-01-01,2023,,,1,heart,female,all,hospital_registered,hospital_only,not_applicable,observed,annual_previous_5yr_mean,115.2,,,count,576,,5,final,,,,,,,,none,No disclosure restriction identified.,115.200
bnr_cvd_public_metric_v2,CVD-BURDEN-002,cvd_2024_04,annual,2023,2023-01-01,2023,,,1,stroke,female,all,hospital_registered,hospital_only,not_applicable,observed,sex_distribution,50,,,percent,312,624,,final,,,,,,,,none,No disclosure restriction identified.,50.000
bnr_cvd_public_metric_v2,CVD-BURDEN-001,cvd_2024_04,quarterly,2023_q2,2023-04-01,2023,4,2,1,stroke,female,all,hospital_registered,hospital_only,not_applicable,observed,quarterly_same_quarter_previous_5yr_mean,74.8,,,count,374,,5,final,,,,,,,,none,No disclosure restriction identified.,74.800
bnr_cvd_public_metric_v2,CVD-BURDEN-001,cvd_2024_04,quarterly,2023_q2,2023-04-01,2023,4,2,1,stroke,female,all,hospital_registered,hospital_only,not_applicable,observed,quarterly_count,82,,,count,82,,,final,,,,,,,,none,No disclosure restriction identified.,82.000
bnr_cvd_public_metric_v2,CVD-INCIDENCE-001,cvd_2024_04,annual,2023,2023-01-01,2023,,,1,stroke,female,all,hospital_registered,hospital_only,not_applicable,observed,annual_crude_rate,212.286055459732,,,rate_per_100000,312,146971.5,,final,cvd_rates_v1_0_7,UN_WPP_2024,BRB,persons,2026-08-26,historical_estimate,WHO_WORLD_2000_2025,none,No disclosure restriction identified.,212.286
bnr_cvd_public_metric_v2,CVD-INCIDENCE-001,cvd_2024_04,annual,2023,2023-01-01,2023,,,1,heart,female,age_standardised,hospital_registered,hospital_only,not_applicable,observed,annual_age_standardised_rate,38.49440749132289,,,rate_per_100000,,,,final,cvd_rates_v1_0_7,UN_WPP_2024,BRB,persons,2026-08-26,historical_estimate,WHO_WORLD_2000_2025,none,No disclosure restriction identified.,38.494
bnr_cvd_public_metric_v2,CVD-BURDEN-001,cvd_2024_04,quarterly,2023_q4,2023-10-01,2023,10,4,1,all_cvd,female,all,hospital_registered,hospital_only,not_applicable,observed,quarterly_count,105,,,count,105,,,final,,,,,,,,none,No disclosure restriction identified.,105.000
bnr_cvd_public_metric_v2,CVD-BURDEN-001,cvd_2024_04,quarterly,2023_q3,2023-07-01,2023,7,3,1,stroke,female,all,hospital_registered,hospital_only,not_applicable,observed,quarterly_same_quarter_previous_5yr_mean,71.40000000000001,,,count,357,,5,final,,,,,,,,none,No disclosure restriction identified.,71.400
bnr_cvd_public_metric_v2,CVD-BURDEN-001,cvd_2024_04,quarterly,2023_q1,2023-01-01,2023,1,1,1,all_cvd,female,all,hospital_registered,hospital_only,not_applicable,observed,quarterly_count,108,,,count,108,,,final,,,,,,,,none,No disclosure restriction identified.,108.000
bnr_cvd_public_metric_v2,CVD-BURDEN-001,cvd_2024_04,quarterly,2023_q2,2023-04-01,2023,4,2,1,heart,female,all,hospital_registered,hospital_only,not_applicable,observed,quarterly_same_quarter_previous_5yr_mean,30.8,,,count,154,,5,final,,,,,,,,none,No disclosure restriction identified.,30.800
bnr_cvd_public_metric_v2,CVD-INCIDENCE-001,cvd_2024_04,annual,2023,2023-01-01,2023,,,1,stroke,female,age_standardised,hospital_registered,hospital_only,not_applicable,observed,annual_age_standardised_rate,112.7042364329074,,,rate_per_100000,,,,final,cvd_rates_v1_0_7,UN_WPP_2024,BRB,persons,2026-08-26,historical_estimate,WHO_WORLD_2000_2025,none,No disclosure restriction identified.,112.704
bnr_cvd_public_metric_v2,CVD-BURDEN-001,cvd_2024_04,quarterly,2023_q1,2023-01-01,2023,1,1,1,heart,female,all,hospital_registered,hospital_only,not_applicable,observed,quarterly_count,26,,,count,26,,,final,,,,,,,,none,No disclosure restriction identified.,26.000
bnr_cvd_public_metric_v2,CVD-BURDEN-001,cvd_2024_04,quarterly,2023_q4,2023-10-01,2023,10,4,1,heart,female,all,hospital_registered,hospital_only,not_applicable,observed,quarterly_same_quarter_previous_5yr_mean,25.6,,,count,128,,5,final,,,,,,,,none,No disclosure restriction identified.,25.600
bnr_cvd_public_metric_v2,CVD-BURDEN-001,cvd_2024_04,quarterly,2023_q3,2023-07-01,2023,7,3,1,stroke,female,all,hospital_registered,hospital_only,not_applicable,observed,quarterly_count,73,,,count,73,,,final,,,,,,,,none,No disclosure restriction identified.,73.000
bnr_cvd_public_metric_v2,CVD-BURDEN-002,cvd_2024_04,annual,2023,2023-01-01,2023,,,1,all_cvd,female,all,hospital_registered,hospital_only,not_applicable,observed,sex_distribution,47.93103448275862,,,percent,417,870,,final,,,,,,,,none,No disclosure restriction identified.,47.931
bnr_cvd_public_metric_v2,CVD-BURDEN-001,cvd_2024_04,quarterly,2023_q3,2023-07-01,2023,7,3,1,heart,female,all,hospital_registered,hospital_only,not_applicable,observed,quarterly_same_quarter_previous_5yr_mean,31.4,,,count,157,,5,final,,,,,,,,none,No disclosure restriction identified.,31.400
bnr_cvd_public_metric_v2,CVD-BURDEN-001,cvd_2024_04,quarterly,2023_q4,2023-10-01,2023,10,4,1,heart,female,all,hospital_registered,hospital_only,not_applicable,observed,quarterly_count,30,,,count,30,,,final,,,,,,,,none,No disclosure restriction identified.,30.000
bnr_cvd_public_metric_v2,CVD-BURDEN-001,cvd_2024_04,quarterly,2023_q3,2023-07-01,2023,7,3,1,stroke,male,all,hospital_registered,hospital_only,not_applicable,observed,quarterly_count,81,,,count,81,,,final,,,,,,,,none,No disclosure restriction identified.,81.000
bnr_cvd_public_metric_v2,CVD-BURDEN-001,cvd_2024_04,quarterly,2023_q3,2023-07-01,2023,7,3,1,heart,male,all,hospital_registered,hospital_only,not_applicable,observed,quarterly_count,29,,,count,29,,,final,,,,,,,,none,No disclosure restriction identified.,29.000
bnr_cvd_public_metric_v2,CVD-BURDEN-001,cvd_2024_04,quarterly,2023_q3,2023-07-01,2023,7,3,1,all_cvd,male,all,hospital_registered,hospital_only,not_applicable,observed,quarterly_same_quarter_previous_5yr_mean,110.2,,,count,551,,5,final,,,,,,,,none,No disclosure restriction identified.,110.200
bnr_cvd_public_metric_v2,CVD-BURDEN-001,cvd_2024_04,quarterly,2023_q1,2023-01-01,2023,1,1,1,all_cvd,male,all,hospital_registered,hospital_only,not_applicable,observed,quarterly_count,107,,,count,107,,,final,,,,,,,,none,No disclosure restriction identified.,107.000
bnr_cvd_public_metric_v2,CVD-BURDEN-001,cvd_2024_04,quarterly,2023_q1,2023-01-01,2023,1,1,1,stroke,male,all,hospital_registered,hospital_only,not_applicable,observed,quarterly_count,78,,,count,78,,,final,,,,,,,,none,No disclosure restriction identified.,78.000
bnr_cvd_public_metric_v2,CVD-BURDEN-001,cvd_2024_04,quarterly,2023_q2,2023-04-01,2023,4,2,1,heart,male,all,hospital_registered,hospital_only,not_applicable,observed,quarterly_count,39,,,count,39,,,final,,,,,,,,none,No disclosure restriction identified.,39.000
bnr_cvd_public_metric_v2,CVD-INCIDENCE-001,cvd_2024_04,annual,2023,2023-01-01,2023,,,1,stroke,male,all,hospital_registered,hospital_only,not_applicable,observed,annual_crude_rate,230.4887913744002,,,rate_per_100000,312,135364.5,,final,cvd_rates_v1_0_7,UN_WPP_2024,BRB,persons,2026-08-26,historical_estimate,WHO_WORLD_2000_2025,none,No disclosure restriction identified.,230.489
bnr_cvd_public_metric_v2,CVD-BURDEN-001,cvd_2024_04,quarterly,2023_q4,2023-10-01,2023,10,4,1,stroke,male,all,hospital_registered,hospital_only,not_applicable,observed,quarterly_count,63,,,count,63,,,final,,,,,,,,none,No disclosure restriction identified.,63.000
bnr_cvd_public_metric_v2,CVD-BURDEN-001,cvd_2024_04,quarterly,2023_q2,2023-04-01,2023,4,2,1,all_cvd,male,all,hospital_registered,hospital_only,not_applicable,observed,quarterly_same_quarter_previous_5yr_mean,104.8,,,count,524,,5,final,,,,,,,,none,No disclosure restriction identified.,104.800
bnr_cvd_public_metric_v2,CVD-BURDEN-001,cvd_2024_04,quarterly,2023_q1,2023-01-01,2023,1,1,1,all_cvd,male,all,hospital_registered,hospital_only,not_applicable,observed,quarterly_same_quarter_previous_5yr_mean,108.2,,,count,541,,5,final,,,,,,,,none,No disclosure restriction identified.,108.200
bnr_cvd_public_metric_v2,CVD-BURDEN-001,cvd_2024_04,annual,2023,2023-01-01,2023,,,1,all_cvd,male,all,hospital_registered,hospital_only,not_applicable,observed,annual_count,453,,,count,453,,,final,,,,,,,,none,No disclosure restriction identified.,453.000
bnr_cvd_public_metric_v2,CVD-BURDEN-001,cvd_2024_04,annual,2023,2023-01-01,2023,,,1,all_cvd,male,all,hospital_registered,hospital_only,not_applicable,observed,annual_previous_5yr_mean,424.8,,,count,2124,,5,final,,,,,,,,none,No disclosure restriction identified.,424.800
bnr_cvd_public_metric_v2,CVD-BURDEN-001,cvd_2024_04,quarterly,2023_q3,2023-07-01,2023,7,3,1,stroke,male,all,hospital_registered,hospital_only,not_applicable,observed,quarterly_same_quarter_previous_5yr_mean,75.2,,,count,376,,5,final,,,,,,,,none,No disclosure restriction identified.,75.200
bnr_cvd_public_metric_v2,CVD-BURDEN-001,cvd_2024_04,quarterly,2023_q4,2023-10-01,2023,10,4,1,heart,male,all,hospital_registered,hospital_only,not_applicable,observed,quarterly_same_quarter_previous_5yr_mean,34.4,,,count,172,,5,final,,,,,,,,none,No disclosure restriction identified.,34.400
bnr_cvd_public_metric_v2,CVD-BURDEN-001,cvd_2024_04,quarterly,2023_q3,2023-07-01,2023,7,3,1,heart,male,all,hospital_registered,hospital_only,not_applicable,observed,quarterly_same_quarter_previous_5yr_mean,35,,,count,175,,5,final,,,,,,,,none,No disclosure restriction identified.,35.000
bnr_cvd_public_metric_v2,CVD-BURDEN-001,cvd_2024_04,annual,2023,2023-01-01,2023,,,1,heart,male,all,hospital_registered,hospital_only,not_applicable,observed,annual_count,141,,,count,141,,,final,,,,,,,,none,No disclosure restriction identified.,141.000
bnr_cvd_public_metric_v2,CVD-BURDEN-001,cvd_2024_04,quarterly,2023_q2,2023-04-01,2023,4,2,1,heart,male,all,hospital_registered,hospital_only,not_applicable,observed,quarterly_same_quarter_previous_5yr_mean,40.4,,,count,202,,5,final,,,,,,,,none,No disclosure restriction identified.,40.400
bnr_cvd_public_metric_v2,CVD-BURDEN-001,cvd_2024_04,quarterly,2023_q4,2023-10-01,2023,10,4,1,all_cvd,male,all,hospital_registered,hospital_only,not_applicable,observed,quarterly_count,107,,,count,107,,,final,,,,,,,,none,No disclosure restriction identified.,107.000
bnr_cvd_public_metric_v2,CVD-BURDEN-001,cvd_2024_04,quarterly,2023_q1,2023-01-01,2023,1,1,1,heart,male,all,hospital_registered,hospital_only,not_applicable,observed,quarterly_same_quarter_previous_5yr_mean,35,,,count,175,,5,final,,,,,,,,none,No disclosure restriction identified.,35.000
bnr_cvd_public_metric_v2,CVD-BURDEN-001,cvd_2024_04,quarterly,2023_q1,2023-01-01,2023,1,1,1,heart,male,all,hospital_registered,hospital_only,not_applicable,observed,quarterly_count,29,,,count,29,,,final,,,,,,,,none,No disclosure restriction identified.,29.000
bnr_cvd_public_metric_v2,CVD-BURDEN-001,cvd_2024_04,quarterly,2023_q2,2023-04-01,2023,4,2,1,all_cvd,male,all,hospital_registered,hospital_only,not_applicable,observed,quarterly_count,129,,,count,129,,,final,,,,,,,,none,No disclosure restriction identified.,129.000
bnr_cvd_public_metric_v2,CVD-BURDEN-001,cvd_2024_04,quarterly,2023_q2,2023-04-01,2023,4,2,1,stroke,male,all,hospital_registered,hospital_only,not_applicable,observed,quarterly_count,90,,,count,90,,,final,,,,,,,,none,No disclosure restriction identified.,90.000
bnr_cvd_public_metric_v2,CVD-BURDEN-002,cvd_2024_04,annual,2023,2023-01-01,2023,,,1,heart,male,all,hospital_registered,hospital_only,not_applicable,observed,sex_distribution,57.3170731707317,,,percent,141,246,,final,,,,,,,,none,No disclosure restriction identified.,57.317
bnr_cvd_public_metric_v2,CVD-BURDEN-001,cvd_2024_04,quarterly,2023_q4,2023-10-01,2023,10,4,1,stroke,male,all,hospital_registered,hospital_only,not_applicable,observed,quarterly_same_quarter_previous_5yr_mean,67.2,,,count,336,,5,final,,,,,,,,none,No disclosure restriction identified.,67.200
bnr_cvd_public_metric_v2,CVD-INCIDENCE-001,cvd_2024_04,annual,2023,2023-01-01,2023,,,1,heart,male,age_standardised,hospital_registered,hospital_only,not_applicable,observed,annual_age_standardised_rate,68.74967642348382,,,rate_per_100000,,,,final,cvd_rates_v1_0_7,UN_WPP_2024,BRB,persons,2026-08-26,historical_estimate,WHO_WORLD_2000_2025,none,No disclosure restriction identified.,68.750
bnr_cvd_public_metric_v2,CVD-INCIDENCE-001,cvd_2024_04,annual,2023,2023-01-01,2023,,,1,heart,male,all,hospital_registered,hospital_only,not_applicable,observed,annual_crude_rate,104.1632037942001,,,rate_per_100000,141,135364.5,,final,cvd_rates_v1_0_7,UN_WPP_2024,BRB,persons,2026-08-26,historical_estimate,WHO_WORLD_2000_2025,none,No disclosure restriction identified.,104.163
bnr_cvd_public_metric_v2,CVD-BURDEN-001,cvd_2024_04,annual,2023,2023-01-01,2023,,,1,stroke,male,all,hospital_registered,hospital_only,not_applicable,observed,annual_previous_5yr_mean,280,,,count,1400,,5,final,,,,,,,,none,No disclosure restriction identified.,280.000
bnr_cvd_public_metric_v2,CVD-BURDEN-001,cvd_2024_04,annual,2023,2023-01-01,2023,,,1,stroke,male,all,hospital_registered,hospital_only,not_applicable,observed,annual_count,312,,,count,312,,,final,,,,,,,,none,No disclosure restriction identified.,312.000
bnr_cvd_public_metric_v2,CVD-BURDEN-001,cvd_2024_04,annual,2023,2023-01-01,2023,,,1,heart,male,all,hospital_registered,hospital_only,not_applicable,observed,annual_previous_5yr_mean,144.8,,,count,724,,5,final,,,,,,,,none,No disclosure restriction identified.,144.800
bnr_cvd_public_metric_v2,CVD-BURDEN-001,cvd_2024_04,quarterly,2023_q3,2023-07-01,2023,7,3,1,all_cvd,male,all,hospital_registered,hospital_only,not_applicable,observed,quarterly_count,110,,,count,110,,,final,,,,,,,,none,No disclosure restriction identified.,110.000
bnr_cvd_public_metric_v2,CVD-INCIDENCE-001,cvd_2024_04,annual,2023,2023-01-01,2023,,,1,all_cvd,male,all,hospital_registered,hospital_only,not_applicable,observed,annual_crude_rate,334.6519951686004,,,rate_per_100000,453,135364.5,,final,cvd_rates_v1_0_7,UN_WPP_2024,BRB,persons,2026-08-26,historical_estimate,WHO_WORLD_2000_2025,none,No disclosure restriction identified.,334.652
bnr_cvd_public_metric_v2,CVD-BURDEN-001,cvd_2024_04,quarterly,2023_q4,2023-10-01,2023,10,4,1,heart,male,all,hospital_registered,hospital_only,not_applicable,observed,quarterly_count,44,,,count,44,,,final,,,,,,,,none,No disclosure restriction identified.,44.000
bnr_cvd_public_metric_v2,CVD-BURDEN-001,cvd_2024_04,quarterly,2023_q2,2023-04-01,2023,4,2,1,stroke,male,all,hospital_registered,hospital_only,not_applicable,observed,quarterly_same_quarter_previous_5yr_mean,64.40000000000001,,,count,322,,5,final,,,,,,,,none,No disclosure restriction identified.,64.400
bnr_cvd_public_metric_v2,CVD-INCIDENCE-001,cvd_2024_04,annual,2023,2023-01-01,2023,,,1,stroke,male,age_standardised,hospital_registered,hospital_only,not_applicable,observed,annual_age_standardised_rate,155.4337990676397,,,rate_per_100000,,,,final,cvd_rates_v1_0_7,UN_WPP_2024,BRB,persons,2026-08-26,historical_estimate,WHO_WORLD_2000_2025,none,No disclosure restriction identified.,155.434
bnr_cvd_public_metric_v2,CVD-BURDEN-001,cvd_2024_04,quarterly,2023_q4,2023-10-01,2023,10,4,1,all_cvd,male,all,hospital_registered,hospital_only,not_applicable,observed,quarterly_same_quarter_previous_5yr_mean,101.6,,,count,508,,5,final,,,,,,,,none,No disclosure restriction identified.,101.600
bnr_cvd_public_metric_v2,CVD-INCIDENCE-001,cvd_2024_04,annual,2023,2023-01-01,2023,,,1,all_cvd,male,age_standardised,hospital_registered,hospital_only,not_applicable,observed,annual_age_standardised_rate,224.1834754911235,,,rate_per_100000,,,,final,cvd_rates_v1_0_7,UN_WPP_2024,BRB,persons,2026-08-26,historical_estimate,WHO_WORLD_2000_2025,none,No disclosure restriction identified.,224.183
bnr_cvd_public_metric_v2,CVD-BURDEN-001,cvd_2024_04,quarterly,2023_q1,2023-01-01,2023,1,1,1,stroke,male,all,hospital_registered,hospital_only,not_applicable,observed,quarterly_same_quarter_previous_5yr_mean,73.2,,,count,366,,5,final,,,,,,,,none,No disclosure restriction identified.,73.200
bnr_cvd_public_metric_v2,CVD-BURDEN-002,cvd_2024_04,annual,2023,2023-01-01,2023,,,1,stroke,male,all,hospital_registered,hospital_only,not_applicable,observed,sex_distribution,50,,,percent,312,624,,final,,,,,,,,none,No disclosure restriction identified.,50.000
bnr_cvd_public_metric_v2,CVD-BURDEN-002,cvd_2024_04,annual,2023,2023-01-01,2023,,,1,all_cvd,male,all,hospital_registered,hospital_only,not_applicable,observed,sex_distribution,52.06896551724138,,,percent,453,870,,final,,,,,,,,none,No disclosure restriction identified.,52.069
bnr_cvd_public_metric_v2,CVD-BURDEN-001,cvd_2024_04,quarterly,2024_q2,2024-04-01,2024,4,2,0,all_cvd,all,all,hospital_registered,hospital_only,not_applicable,observed,quarterly_count,60,,,count,60,,,final,,,,,,,,none,No disclosure restriction identified.,60.000
bnr_cvd_public_metric_v2,CVD-BURDEN-001,cvd_2024_04,quarterly,2024_q2,2024-04-01,2024,4,2,0,heart,all,all,hospital_registered,hospital_only,not_applicable,observed,quarterly_count,10,,,count,10,,,final,,,,,,,,none,No disclosure restriction identified.,10.000
bnr_cvd_public_metric_v2,CVD-BURDEN-001,cvd_2024_04,annual,2024,2024-01-01,2024,,,0,all_cvd,all,under_70,hospital_registered,hospital_only,not_applicable,observed,annual_previous_5yr_mean,419.4,,,count,2097,,5,final,,,,,,,,none,No disclosure restriction identified.,419.400
bnr_cvd_public_metric_v2,CVD-BURDEN-001,cvd_2024_04,annual,2024,2024-01-01,2024,,,0,all_cvd,all,all,hospital_registered,hospital_only,not_applicable,observed,annual_count,238,,,count,238,,,final,,,,,,,,none,No disclosure restriction identified.,238.000
bnr_cvd_public_metric_v2,CVD-BURDEN-001,cvd_2024_04,annual,2024,2024-01-01,2024,,,0,heart,all,all,hospital_registered,hospital_only,not_applicable,observed,annual_count,58,,,count,58,,,final,,,,,,,,none,No disclosure restriction identified.,58.000
bnr_cvd_public_metric_v2,CVD-BURDEN-002,cvd_2024_04,annual,2024,2024-01-01,2024,,,0,stroke,all,all,hospital_registered,hospital_only,not_applicable,observed,event_type_distribution,75.63025210084034,,,percent,180,238,,final,,,,,,,,none,No disclosure restriction identified.,75.630
bnr_cvd_public_metric_v2,CVD-BURDEN-001,cvd_2024_04,quarterly,2024_q2,2024-04-01,2024,4,2,0,stroke,all,all,hospital_registered,hospital_only,not_applicable,observed,quarterly_same_quarter_previous_5yr_mean,145.6,,,count,728,,5,final,,,,,,,,none,No disclosure restriction identified.,145.600
bnr_cvd_public_metric_v2,CVD-BURDEN-001,cvd_2024_04,annual,2024,2024-01-01,2024,,,0,all_cvd,all,under_70,hospital_registered,hospital_only,not_applicable,observed,annual_count,131,,,count,131,,,final,,,,,,,,none,No disclosure restriction identified.,131.000
bnr_cvd_public_metric_v2,CVD-BURDEN-002,cvd_2024_04,annual,2024,2024-01-01,2024,,,0,heart,all,all,hospital_registered,hospital_only,not_applicable,observed,event_type_distribution,24.36974789915966,,,percent,58,238,,final,,,,,,,,none,No disclosure restriction identified.,24.370
bnr_cvd_public_metric_v2,CVD-BURDEN-001,cvd_2024_04,monthly,2024_m01,2024-01-01,2024,1,,1,all_cvd,all,all,hospital_registered,hospital_only,not_applicable,observed,monthly_count,65,,,count,65,,,final,,,,,,,,none,No disclosure restriction identified.,65.000
bnr_cvd_public_metric_v2,CVD-BURDEN-001,cvd_2024_04,annual,2024,2024-01-01,2024,,,0,stroke,all,all,hospital_registered,hospital_only,not_applicable,observed,annual_previous_5yr_mean,581.4,,,count,2907,,5,final,,,,,,,,none,No disclosure restriction identified.,581.400
bnr_cvd_public_metric_v2,CVD-BURDEN-001,cvd_2024_04,annual,2024,2024-01-01,2024,,,0,all_cvd,all,age_70_plus,hospital_registered,hospital_only,not_applicable,observed,annual_previous_5yr_mean,419.8,,,count,2099,,5,final,,,,,,,,none,No disclosure restriction identified.,419.800
bnr_cvd_public_metric_v2,CVD-BURDEN-001,cvd_2024_04,monthly,2024_m03,2024-03-01,2024,3,,1,all_cvd,all,all,hospital_registered,hospital_only,not_applicable,observed,monthly_count,58,,,count,58,,,final,,,,,,,,none,No disclosure restriction identified.,58.000
bnr_cvd_public_metric_v2,CVD-BURDEN-001,cvd_2024_04,quarterly,2024_q2,2024-04-01,2024,4,2,0,all_cvd,all,all,hospital_registered,hospital_only,not_applicable,observed,quarterly_same_quarter_previous_5yr_mean,213,,,count,1065,,5,final,,,,,,,,none,No disclosure restriction identified.,213.000
bnr_cvd_public_metric_v2,CVD-BURDEN-001,cvd_2024_04,annual,2024,2024-01-01,2024,,,0,heart,all,all,hospital_registered,hospital_only,not_applicable,observed,annual_previous_5yr_mean,257.8,,,count,1289,,5,final,,,,,,,,none,No disclosure restriction identified.,257.800
bnr_cvd_public_metric_v2,CVD-BURDEN-001,cvd_2024_04,quarterly,2024_q2,2024-04-01,2024,4,2,0,heart,all,all,hospital_registered,hospital_only,not_applicable,observed,quarterly_same_quarter_previous_5yr_mean,67.40000000000001,,,count,337,,5,final,,,,,,,,none,No disclosure restriction identified.,67.400
bnr_cvd_public_metric_v2,CVD-BURDEN-001,cvd_2024_04,monthly,2024_m02,2024-02-01,2024,2,,1,all_cvd,all,all,hospital_registered,hospital_only,not_applicable,observed,monthly_count,55,,,count,55,,,final,,,,,,,,none,No disclosure restriction identified.,55.000
bnr_cvd_public_metric_v2,CVD-BURDEN-001,cvd_2024_04,quarterly,2024_q1,2024-01-01,2024,1,1,1,heart,all,all,hospital_registered,hospital_only,not_applicable,observed,quarterly_count,48,,,count,48,,,final,,,,,,,,none,No disclosure restriction identified.,48.000
bnr_cvd_public_metric_v2,CVD-BURDEN-001,cvd_2024_04,annual,2024,2024-01-01,2024,,,0,stroke,all,all,hospital_registered,hospital_only,not_applicable,observed,annual_count,180,,,count,180,,,final,,,,,,,,none,No disclosure restriction identified.,180.000
bnr_cvd_public_metric_v2,CVD-BURDEN-002,cvd_2024_04,annual,2024,2024-01-01,2024,,,0,all_cvd,all,age_70_plus,hospital_registered,hospital_only,not_applicable,observed,age_distribution,43.77682403433477,,,percent,102,233,,final,,,,,,,,none,No disclosure restriction identified.,43.777
bnr_cvd_public_metric_v2,CVD-BURDEN-001,cvd_2024_04,annual,2024,2024-01-01,2024,,,0,all_cvd,all,all,hospital_registered,hospital_only,not_applicable,observed,annual_previous_5yr_mean,839.2,,,count,4196,,5,final,,,,,,,,none,No disclosure restriction identified.,839.200
bnr_cvd_public_metric_v2,CVD-BURDEN-001,cvd_2024_04,quarterly,2024_q2,2024-04-01,2024,4,2,0,stroke,all,all,hospital_registered,hospital_only,not_applicable,observed,quarterly_count,50,,,count,50,,,final,,,,,,,,none,No disclosure restriction identified.,50.000
bnr_cvd_public_metric_v2,CVD-BURDEN-001,cvd_2024_04,quarterly,2024_q1,2024-01-01,2024,1,1,1,all_cvd,all,all,hospital_registered,hospital_only,not_applicable,observed,quarterly_count,178,,,count,178,,,final,,,,,,,,none,No disclosure restriction identified.,178.000
bnr_cvd_public_metric_v2,CVD-BURDEN-001,cvd_2024_04,quarterly,2024_q1,2024-01-01,2024,1,1,1,stroke,all,all,hospital_registered,hospital_only,not_applicable,observed,quarterly_same_quarter_previous_5yr_mean,150.2,,,count,751,,5,final,,,,,,,,none,No disclosure restriction identified.,150.200
bnr_cvd_public_metric_v2,CVD-BURDEN-001,cvd_2024_04,quarterly,2024_q1,2024-01-01,2024,1,1,1,stroke,all,all,hospital_registered,hospital_only,not_applicable,observed,quarterly_count,130,,,count,130,,,final,,,,,,,,none,No disclosure restriction identified.,130.000
bnr_cvd_public_metric_v2,CVD-BURDEN-001,cvd_2024_04,quarterly,2024_q1,2024-01-01,2024,1,1,1,all_cvd,all,all,hospital_registered,hospital_only,not_applicable,observed,quarterly_same_quarter_previous_5yr_mean,211.8,,,count,1059,,5,final,,,,,,,,none,No disclosure restriction identified.,211.800
bnr_cvd_public_metric_v2,CVD-BURDEN-002,cvd_2024_04,annual,2024,2024-01-01,2024,,,0,all_cvd,all,under_70,hospital_registered,hospital_only,not_applicable,observed,age_distribution,56.22317596566524,,,percent,131,233,,final,,,,,,,,none,No disclosure restriction identified.,56.223
bnr_cvd_public_metric_v2,CVD-BURDEN-001,cvd_2024_04,monthly,2024_m04,2024-04-01,2024,4,,1,all_cvd,all,all,hospital_registered,hospital_only,not_applicable,observed,monthly_count,60,,,count,60,,,final,,,,,,,,none,No disclosure restriction identified.,60.000
bnr_cvd_public_metric_v2,CVD-BURDEN-001,cvd_2024_04,annual,2024,2024-01-01,2024,,,0,all_cvd,all,age_70_plus,hospital_registered,hospital_only,not_applicable,observed,annual_count,102,,,count,102,,,final,,,,,,,,none,No disclosure restriction identified.,102.000
bnr_cvd_public_metric_v2,CVD-BURDEN-001,cvd_2024_04,quarterly,2024_q1,2024-01-01,2024,1,1,1,heart,all,all,hospital_registered,hospital_only,not_applicable,observed,quarterly_same_quarter_previous_5yr_mean,61.6,,,count,308,,5,final,,,,,,,,none,No disclosure restriction identified.,61.600
bnr_cvd_public_metric_v2,CVD-BURDEN-001,cvd_2024_04,annual,2024,2024-01-01,2024,,,0,stroke,female,all,hospital_registered,hospital_only,not_applicable,observed,annual_count,87,,,count,87,,,final,,,,,,,,none,No disclosure restriction identified.,87.000
bnr_cvd_public_metric_v2,CVD-BURDEN-002,cvd_2024_04,annual,2024,2024-01-01,2024,,,0,heart,female,all,hospital_registered,hospital_only,not_applicable,observed,sex_distribution,36.20689655172414,,,percent,21,58,,final,,,,,,,,none,No disclosure restriction identified.,36.207
bnr_cvd_public_metric_v2,CVD-BURDEN-001,cvd_2024_04,quarterly,2024_q1,2024-01-01,2024,1,1,1,all_cvd,female,all,hospital_registered,hospital_only,not_applicable,observed,quarterly_count,82,,,count,82,,,final,,,,,,,,none,No disclosure restriction identified.,82.000
bnr_cvd_public_metric_v2,CVD-BURDEN-001,cvd_2024_04,quarterly,2024_q2,2024-04-01,2024,4,2,0,stroke,female,all,hospital_registered,hospital_only,not_applicable,observed,quarterly_count,23,,,count,23,,,final,,,,,,,,none,No disclosure restriction identified.,23.000
bnr_cvd_public_metric_v2,CVD-BURDEN-001,cvd_2024_04,quarterly,2024_q2,2024-04-01,2024,4,2,0,all_cvd,female,all,hospital_registered,hospital_only,not_applicable,observed,quarterly_count,26,,,count,26,,,final,,,,,,,,none,No disclosure restriction identified.,26.000
bnr_cvd_public_metric_v2,CVD-BURDEN-001,cvd_2024_04,quarterly,2024_q1,2024-01-01,2024,1,1,1,heart,female,all,hospital_registered,hospital_only,not_applicable,observed,quarterly_count,18,,,count,18,,,final,,,,,,,,none,No disclosure restriction identified.,18.000
bnr_cvd_public_metric_v2,CVD-BURDEN-001,cvd_2024_04,annual,2024,2024-01-01,2024,,,0,stroke,female,all,hospital_registered,hospital_only,not_applicable,observed,annual_previous_5yr_mean,293.6,,,count,1468,,5,final,,,,,,,,none,No disclosure restriction identified.,293.600
bnr_cvd_public_metric_v2,CVD-BURDEN-001,cvd_2024_04,quarterly,2024_q1,2024-01-01,2024,1,1,1,stroke,female,all,hospital_registered,hospital_only,not_applicable,observed,quarterly_same_quarter_previous_5yr_mean,75.59999999999999,,,count,378,,5,final,,,,,,,,none,No disclosure restriction identified.,75.600
bnr_cvd_public_metric_v2,CVD-BURDEN-001,cvd_2024_04,quarterly,2024_q1,2024-01-01,2024,1,1,1,heart,female,all,hospital_registered,hospital_only,not_applicable,observed,quarterly_same_quarter_previous_5yr_mean,29.2,,,count,146,,5,final,,,,,,,,none,No disclosure restriction identified.,29.200
bnr_cvd_public_metric_v2,CVD-BURDEN-001,cvd_2024_04,annual,2024,2024-01-01,2024,,,0,all_cvd,female,all,hospital_registered,hospital_only,not_applicable,observed,annual_count,108,,,count,108,,,final,,,,,,,,none,No disclosure restriction identified.,108.000
bnr_cvd_public_metric_v2,CVD-BURDEN-001,cvd_2024_04,annual,2024,2024-01-01,2024,,,0,heart,female,all,hospital_registered,hospital_only,not_applicable,observed,annual_count,21,,,count,21,,,final,,,,,,,,none,No disclosure restriction identified.,21.000
bnr_cvd_public_metric_v2,CVD-BURDEN-001,cvd_2024_04,quarterly,2024_q2,2024-04-01,2024,4,2,0,heart,female,all,hospital_registered,hospital_only,not_applicable,observed,quarterly_same_quarter_previous_5yr_mean,28.4,,,count,142,,5,final,,,,,,,,none,No disclosure restriction identified.,28.400
bnr_cvd_public_metric_v2,CVD-BURDEN-001,cvd_2024_04,quarterly,2024_q1,2024-01-01,2024,1,1,1,stroke,female,all,hospital_registered,hospital_only,not_applicable,observed,quarterly_count,64,,,count,64,,,final,,,,,,,,none,No disclosure restriction identified.,64.000
bnr_cvd_public_metric_v2,CVD-BURDEN-001,cvd_2024_04,quarterly,2024_q2,2024-04-01,2024,4,2,0,heart,female,all,hospital_registered,hospital_only,not_applicable,observed,quarterly_count,,,,count,,,,final,,,,,,,,primary,Primary suppression: supporting frequency 1-5.,*
bnr_cvd_public_metric_v2,CVD-BURDEN-001,cvd_2024_04,annual,2024,2024-01-01,2024,,,0,heart,female,all,hospital_registered,hospital_only,not_applicable,observed,annual_previous_5yr_mean,115,,,count,575,,5,final,,,,,,,,none,No disclosure restriction identified.,115.000
bnr_cvd_public_metric_v2,CVD-BURDEN-001,cvd_2024_04,quarterly,2024_q1,2024-01-01,2024,1,1,1,all_cvd,female,all,hospital_registered,hospital_only,not_applicable,observed,quarterly_same_quarter_previous_5yr_mean,104.8,,,count,524,,5,final,,,,,,,,none,No disclosure restriction identified.,104.800
bnr_cvd_public_metric_v2,CVD-BURDEN-001,cvd_2024_04,annual,2024,2024-01-01,2024,,,0,all_cvd,female,all,hospital_registered,hospital_only,not_applicable,observed,annual_previous_5yr_mean,408.6,,,count,2043,,5,final,,,,,,,,none,No disclosure restriction identified.,408.600
bnr_cvd_public_metric_v2,CVD-BURDEN-001,cvd_2024_04,quarterly,2024_q2,2024-04-01,2024,4,2,0,stroke,female,all,hospital_registered,hospital_only,not_applicable,observed,quarterly_same_quarter_previous_5yr_mean,77,,,count,385,,5,final,,,,,,,,none,No disclosure restriction identified.,77.000
bnr_cvd_public_metric_v2,CVD-BURDEN-001,cvd_2024_04,quarterly,2024_q2,2024-04-01,2024,4,2,0,all_cvd,female,all,hospital_registered,hospital_only,not_applicable,observed,quarterly_same_quarter_previous_5yr_mean,105.4,,,count,527,,5,final,,,,,,,,none,No disclosure restriction identified.,105.400
bnr_cvd_public_metric_v2,CVD-BURDEN-002,cvd_2024_04,annual,2024,2024-01-01,2024,,,0,all_cvd,female,all,hospital_registered,hospital_only,not_applicable,observed,sex_distribution,45.3781512605042,,,percent,108,238,,final,,,,,,,,none,No disclosure restriction identified.,45.378
bnr_cvd_public_metric_v2,CVD-BURDEN-002,cvd_2024_04,annual,2024,2024-01-01,2024,,,0,stroke,female,all,hospital_registered,hospital_only,not_applicable,observed,sex_distribution,48.33333333333334,,,percent,87,180,,final,,,,,,,,none,No disclosure restriction identified.,48.333
bnr_cvd_public_metric_v2,CVD-BURDEN-001,cvd_2024_04,quarterly,2024_q2,2024-04-01,2024,4,2,0,heart,male,all,hospital_registered,hospital_only,not_applicable,observed,quarterly_count,7,,,count,7,,,final,,,,,,,,none,No disclosure restriction identified.,7.000
bnr_cvd_public_metric_v2,CVD-BURDEN-001,cvd_2024_04,quarterly,2024_q1,2024-01-01,2024,1,1,1,heart,male,all,hospital_registered,hospital_only,not_applicable,observed,quarterly_count,30,,,count,30,,,final,,,,,,,,none,No disclosure restriction identified.,30.000
bnr_cvd_public_metric_v2,CVD-BURDEN-001,cvd_2024_04,annual,2024,2024-01-01,2024,,,0,stroke,male,all,hospital_registered,hospital_only,not_applicable,observed,annual_count,93,,,count,93,,,final,,,,,,,,none,No disclosure restriction identified.,93.000
bnr_cvd_public_metric_v2,CVD-BURDEN-001,cvd_2024_04,annual,2024,2024-01-01,2024,,,0,heart,male,all,hospital_registered,hospital_only,not_applicable,observed,annual_count,37,,,count,37,,,final,,,,,,,,none,No disclosure restriction identified.,37.000
bnr_cvd_public_metric_v2,CVD-BURDEN-001,cvd_2024_04,quarterly,2024_q1,2024-01-01,2024,1,1,1,stroke,male,all,hospital_registered,hospital_only,not_applicable,observed,quarterly_same_quarter_previous_5yr_mean,74.59999999999999,,,count,373,,5,final,,,,,,,,none,No disclosure restriction identified.,74.600
bnr_cvd_public_metric_v2,CVD-BURDEN-001,cvd_2024_04,quarterly,2024_q2,2024-04-01,2024,4,2,0,all_cvd,male,all,hospital_registered,hospital_only,not_applicable,observed,quarterly_same_quarter_previous_5yr_mean,107.6,,,count,538,,5,final,,,,,,,,none,No disclosure restriction identified.,107.600
bnr_cvd_public_metric_v2,CVD-BURDEN-001,cvd_2024_04,quarterly,2024_q1,2024-01-01,2024,1,1,1,stroke,male,all,hospital_registered,hospital_only,not_applicable,observed,quarterly_count,66,,,count,66,,,final,,,,,,,,none,No disclosure restriction identified.,66.000
bnr_cvd_public_metric_v2,CVD-BURDEN-001,cvd_2024_04,annual,2024,2024-01-01,2024,,,0,all_cvd,male,all,hospital_registered,hospital_only,not_applicable,observed,annual_previous_5yr_mean,430.6,,,count,2153,,5,final,,,,,,,,none,No disclosure restriction identified.,430.600
bnr_cvd_public_metric_v2,CVD-BURDEN-001,cvd_2024_04,quarterly,2024_q1,2024-01-01,2024,1,1,1,heart,male,all,hospital_registered,hospital_only,not_applicable,observed,quarterly_same_quarter_previous_5yr_mean,32.4,,,count,162,,5,final,,,,,,,,none,No disclosure restriction identified.,32.400
bnr_cvd_public_metric_v2,CVD-BURDEN-001,cvd_2024_04,quarterly,2024_q2,2024-04-01,2024,4,2,0,stroke,male,all,hospital_registered,hospital_only,not_applicable,observed,quarterly_count,27,,,count,27,,,final,,,,,,,,none,No disclosure restriction identified.,27.000
bnr_cvd_public_metric_v2,CVD-BURDEN-001,cvd_2024_04,quarterly,2024_q2,2024-04-01,2024,4,2,0,stroke,male,all,hospital_registered,hospital_only,not_applicable,observed,quarterly_same_quarter_previous_5yr_mean,68.59999999999999,,,count,343,,5,final,,,,,,,,none,No disclosure restriction identified.,68.600
bnr_cvd_public_metric_v2,CVD-BURDEN-002,cvd_2024_04,annual,2024,2024-01-01,2024,,,0,stroke,male,all,hospital_registered,hospital_only,not_applicable,observed,sex_distribution,51.66666666666667,,,percent,93,180,,final,,,,,,,,none,No disclosure restriction identified.,51.667
bnr_cvd_public_metric_v2,CVD-BURDEN-001,cvd_2024_04,quarterly,2024_q2,2024-04-01,2024,4,2,0,all_cvd,male,all,hospital_registered,hospital_only,not_applicable,observed,quarterly_count,34,,,count,34,,,final,,,,,,,,none,No disclosure restriction identified.,34.000
bnr_cvd_public_metric_v2,CVD-BURDEN-002,cvd_2024_04,annual,2024,2024-01-01,2024,,,0,all_cvd,male,all,hospital_registered,hospital_only,not_applicable,observed,sex_distribution,54.6218487394958,,,percent,130,238,,final,,,,,,,,none,No disclosure restriction identified.,54.622
bnr_cvd_public_metric_v2,CVD-BURDEN-001,cvd_2024_04,annual,2024,2024-01-01,2024,,,0,all_cvd,male,all,hospital_registered,hospital_only,not_applicable,observed,annual_count,130,,,count,130,,,final,,,,,,,,none,No disclosure restriction identified.,130.000
bnr_cvd_public_metric_v2,CVD-BURDEN-001,cvd_2024_04,quarterly,2024_q2,2024-04-01,2024,4,2,0,heart,male,all,hospital_registered,hospital_only,not_applicable,observed,quarterly_same_quarter_previous_5yr_mean,39,,,count,195,,5,final,,,,,,,,none,No disclosure restriction identified.,39.000
bnr_cvd_public_metric_v2,CVD-BURDEN-001,cvd_2024_04,quarterly,2024_q1,2024-01-01,2024,1,1,1,all_cvd,male,all,hospital_registered,hospital_only,not_applicable,observed,quarterly_same_quarter_previous_5yr_mean,107,,,count,535,,5,final,,,,,,,,none,No disclosure restriction identified.,107.000
bnr_cvd_public_metric_v2,CVD-BURDEN-001,cvd_2024_04,annual,2024,2024-01-01,2024,,,0,heart,male,all,hospital_registered,hospital_only,not_applicable,observed,annual_previous_5yr_mean,142.8,,,count,714,,5,final,,,,,,,,none,No disclosure restriction identified.,142.800
bnr_cvd_public_metric_v2,CVD-BURDEN-002,cvd_2024_04,annual,2024,2024-01-01,2024,,,0,heart,male,all,hospital_registered,hospital_only,not_applicable,observed,sex_distribution,63.79310344827586,,,percent,37,58,,final,,,,,,,,none,No disclosure restriction identified.,63.793
bnr_cvd_public_metric_v2,CVD-BURDEN-001,cvd_2024_04,quarterly,2024_q1,2024-01-01,2024,1,1,1,all_cvd,male,all,hospital_registered,hospital_only,not_applicable,observed,quarterly_count,96,,,count,96,,,final,,,,,,,,none,No disclosure restriction identified.,96.000
bnr_cvd_public_metric_v2,CVD-BURDEN-001,cvd_2024_04,annual,2024,2024-01-01,2024,,,0,stroke,male,all,hospital_registered,hospital_only,not_applicable,observed,annual_previous_5yr_mean,287.8,,,count,1439,,5,final,,,,,,,,none,No disclosure restriction identified.,287.800
bnr_cvd_public_metric_v2,CVD-INCIDENCE-001,cvd_2024_04,annual,2010,2010-01-01,2010,,,1,heart,all,age_standardised,national_estimate,hospital_plus_dco,primary,estimated,annual_age_standardised_rate,,,,rate_per_100000,,,,final,cvd_rates_v1_0_7,UN_WPP_2024,BRB,persons,2026-08-26,historical_estimate,WHO_WORLD_2000_2025,primary,Primary suppression: supporting frequency 1-5.,*
bnr_cvd_public_metric_v2,CVD-INCIDENCE-001,cvd_2024_04,annual,2010,2010-01-01,2010,,,1,stroke,all,all,national_estimate,hospital_plus_dco,primary,estimated,annual_crude_rate,173.9890740458091,161.3117112665694,260.617719703947,rate_per_100000,478.8936170212766,275243.5,,final,cvd_rates_v1_0_7,UN_WPP_2024,BRB,persons,2026-08-26,historical_estimate,WHO_WORLD_2000_2025,none,No disclosure restriction identified.,173.989
bnr_cvd_public_metric_v2,CVD-INCIDENCE-001,cvd_2024_04,annual,2010,2010-01-01,2010,,,1,all_cvd,all,all,national_estimate,hospital_plus_dco,primary,estimated,annual_crude_rate,223.3921383885657,208.1793030534781,327.3465131783312,rate_per_100000,614.8723404255319,275243.5,,final,cvd_rates_v1_0_7,UN_WPP_2024,BRB,persons,2026-08-26,historical_estimate,WHO_WORLD_2000_2025,none,No disclosure restriction identified.,223.392
bnr_cvd_public_metric_v2,CVD-INCIDENCE-001,cvd_2024_04,annual,2010,2010-01-01,2010,,,1,all_cvd,all,age_standardised,national_estimate,hospital_plus_dco,primary,estimated,annual_age_standardised_rate,155.827955980047,145.8933480824518,223.7144432802807,rate_per_100000,,,,final,cvd_rates_v1_0_7,UN_WPP_2024,BRB,persons,2026-08-26,historical_estimate,WHO_WORLD_2000_2025,none,No disclosure restriction identified.,155.828
bnr_cvd_public_metric_v2,CVD-INCIDENCE-001,cvd_2024_04,annual,2010,2010-01-01,2010,,,1,heart,all,all,national_estimate,hospital_plus_dco,primary,estimated,annual_crude_rate,,,,rate_per_100000,,,,final,cvd_rates_v1_0_7,UN_WPP_2024,BRB,persons,2026-08-26,historical_estimate,WHO_WORLD_2000_2025,primary,Primary suppression: supporting frequency 1-5.,*
bnr_cvd_public_metric_v2,CVD-INCIDENCE-001,cvd_2024_04,annual,2010,2010-01-01,2010,,,1,stroke,all,age_standardised,national_estimate,hospital_plus_dco,primary,estimated,annual_age_standardised_rate,120.6365015122629,112.3789728505783,177.0629473671075,rate_per_100000,,,,final,cvd_rates_v1_0_7,UN_WPP_2024,BRB,persons,2026-08-26,historical_estimate,WHO_WORLD_2000_2025,none,No disclosure restriction identified.,120.637
bnr_cvd_public_metric_v2,CVD-INCIDENCE-001,cvd_2024_04,annual,2010,2010-01-01,2010,,,1,heart,female,age_standardised,national_estimate,hospital_plus_dco,primary,estimated,annual_age_standardised_rate,,,,rate_per_100000,,,,final,cvd_rates_v1_0_7,UN_WPP_2024,BRB,persons,2026-08-26,historical_estimate,WHO_WORLD_2000_2025,primary,Primary suppression: supporting frequency 1-5.,*
bnr_cvd_public_metric_v2,CVD-INCIDENCE-001,cvd_2024_04,annual,2010,2010-01-01,2010,,,1,stroke,female,all,national_estimate,hospital_plus_dco,primary,estimated,annual_crude_rate,180.3382694250095,164.1573545624963,290.9078543188494,rate_per_100000,259.2624113475177,143764.5,,final,cvd_rates_v1_0_7,UN_WPP_2024,BRB,persons,2026-08-26,historical_estimate,WHO_WORLD_2000_2025,none,No disclosure restriction identified.,180.338
bnr_cvd_public_metric_v2,CVD-INCIDENCE-001,cvd_2024_04,annual,2010,2010-01-01,2010,,,1,heart,female,all,national_estimate,hospital_plus_dco,primary,estimated,annual_crude_rate,,,,rate_per_100000,,,,final,cvd_rates_v1_0_7,UN_WPP_2024,BRB,persons,2026-08-26,historical_estimate,WHO_WORLD_2000_2025,primary,Primary suppression: supporting frequency 1-5.,*
bnr_cvd_public_metric_v2,CVD-INCIDENCE-001,cvd_2024_04,annual,2010,2010-01-01,2010,,,1,all_cvd,female,all,national_estimate,hospital_plus_dco,primary,estimated,annual_crude_rate,226.7005370707103,207.2834392356945,359.3840389433182,rate_per_100000,325.9148936170213,143764.5,,final,cvd_rates_v1_0_7,UN_WPP_2024,BRB,persons,2026-08-26,historical_estimate,WHO_WORLD_2000_2025,none,No disclosure restriction identified.,226.701
bnr_cvd_public_metric_v2,CVD-INCIDENCE-001,cvd_2024_04,annual,2010,2010-01-01,2010,,,1,all_cvd,female,age_standardised,national_estimate,hospital_plus_dco,primary,estimated,annual_age_standardised_rate,136.318855102126,126.2243305644168,205.298106109805,rate_per_100000,,,,final,cvd_rates_v1_0_7,UN_WPP_2024,BRB,persons,2026-08-26,historical_estimate,WHO_WORLD_2000_2025,none,No disclosure restriction identified.,136.319
bnr_cvd_public_metric_v2,CVD-INCIDENCE-001,cvd_2024_04,annual,2010,2010-01-01,2010,,,1,stroke,female,age_standardised,national_estimate,hospital_plus_dco,primary,estimated,annual_age_standardised_rate,106.8249837213528,98.71819459055585,162.2213761151315,rate_per_100000,,,,final,cvd_rates_v1_0_7,UN_WPP_2024,BRB,persons,2026-08-26,historical_estimate,WHO_WORLD_2000_2025,none,No disclosure restriction identified.,106.825
bnr_cvd_public_metric_v2,CVD-INCIDENCE-001,cvd_2024_04,annual,2010,2010-01-01,2010,,,1,stroke,male,all,national_estimate,hospital_plus_dco,primary,estimated,annual_crude_rate,,,,rate_per_100000,,,,final,cvd_rates_v1_0_7,UN_WPP_2024,BRB,persons,2026-08-26,historical_estimate,WHO_WORLD_2000_2025,primary,Primary suppression: supporting frequency 1-5.,*
bnr_cvd_public_metric_v2,CVD-INCIDENCE-001,cvd_2024_04,annual,2010,2010-01-01,2010,,,1,heart,male,all,national_estimate,hospital_plus_dco,primary,estimated,annual_crude_rate,,,,rate_per_100000,,,,final,cvd_rates_v1_0_7,UN_WPP_2024,BRB,persons,2026-08-26,historical_estimate,WHO_WORLD_2000_2025,primary,Primary suppression: supporting frequency 1-5.,*
bnr_cvd_public_metric_v2,CVD-INCIDENCE-001,cvd_2024_04,annual,2010,2010-01-01,2010,,,1,stroke,male,age_standardised,national_estimate,hospital_plus_dco,primary,estimated,annual_age_standardised_rate,,,,rate_per_100000,,,,final,cvd_rates_v1_0_7,UN_WPP_2024,BRB,persons,2026-08-26,historical_estimate,WHO_WORLD_2000_2025,primary,Primary suppression: supporting frequency 1-5.,*
bnr_cvd_public_metric_v2,CVD-INCIDENCE-001,cvd_2024_04,annual,2010,2010-01-01,2010,,,1,all_cvd,male,all,national_estimate,hospital_plus_dco,primary,estimated,annual_crude_rate,219.7746003609022,209.1588770830323,292.3153760930136,rate_per_100000,288.9574468085106,131479,,final,cvd_rates_v1_0_7,UN_WPP_2024,BRB,persons,2026-08-26,historical_estimate,WHO_WORLD_2000_2025,none,No disclosure restriction identified.,219.775
bnr_cvd_public_metric_v2,CVD-INCIDENCE-001,cvd_2024_04,annual,2010,2010-01-01,2010,,,1,heart,male,age_standardised,national_estimate,hospital_plus_dco,primary,estimated,annual_age_standardised_rate,,,,rate_per_100000,,,,final,cvd_rates_v1_0_7,UN_WPP_2024,BRB,persons,2026-08-26,historical_estimate,WHO_WORLD_2000_2025,primary,Primary suppression: supporting frequency 1-5.,*
bnr_cvd_public_metric_v2,CVD-INCIDENCE-001,cvd_2024_04,annual,2010,2010-01-01,2010,,,1,all_cvd,male,age_standardised,national_estimate,hospital_plus_dco,primary,estimated,annual_age_standardised_rate,179.9823976483846,169.9896285728017,248.2663196648679,rate_per_100000,,,,final,cvd_rates_v1_0_7,UN_WPP_2024,BRB,persons,2026-08-26,historical_estimate,WHO_WORLD_2000_2025,none,No disclosure restriction identified.,179.982
bnr_cvd_public_metric_v2,CVD-INCIDENCE-001,cvd_2024_04,annual,2011,2011-01-01,2011,,,1,all_cvd,all,age_standardised,national_estimate,hospital_plus_dco,primary,estimated,annual_age_standardised_rate,155.6489976945041,136.1265779484036,214.8670042576759,rate_per_100000,,,,final,cvd_rates_v1_0_7,UN_WPP_2024,BRB,persons,2026-08-26,historical_estimate,WHO_WORLD_2000_2025,none,No disclosure restriction identified.,155.649
bnr_cvd_public_metric_v2,CVD-INCIDENCE-001,cvd_2024_04,annual,2011,2011-01-01,2011,,,1,all_cvd,all,all,national_estimate,hospital_plus_dco,primary,estimated,annual_crude_rate,225.0752922104537,193.3808697793503,321.2150402514675,rate_per_100000,621.5206611570247,276139,,final,cvd_rates_v1_0_7,UN_WPP_2024,BRB,persons,2026-08-26,historical_estimate,WHO_WORLD_2000_2025,none,No disclosure restriction identified.,225.075
bnr_cvd_public_metric_v2,CVD-INCIDENCE-001,cvd_2024_04,annual,2011,2011-01-01,2011,,,1,stroke,all,age_standardised,national_estimate,hospital_plus_dco,primary,estimated,annual_age_standardised_rate,119.5742279518749,103.4423159471364,168.5076943662487,rate_per_100000,,,,final,cvd_rates_v1_0_7,UN_WPP_2024,BRB,persons,2026-08-26,historical_estimate,WHO_WORLD_2000_2025,none,No disclosure restriction identified.,119.574
bnr_cvd_public_metric_v2,CVD-INCIDENCE-001,cvd_2024_04,annual,2011,2011-01-01,2011,,,1,stroke,all,all,national_estimate,hospital_plus_dco,primary,estimated,annual_crude_rate,174.887967399578,148.4759487069918,255.0044241004229,rate_per_100000,482.9338842975206,276139,,final,cvd_rates_v1_0_7,UN_WPP_2024,BRB,persons,2026-08-26,historical_estimate,WHO_WORLD_2000_2025,none,No disclosure restriction identified.,174.888
bnr_cvd_public_metric_v2,CVD-INCIDENCE-001,cvd_2024_04,annual,2011,2011-01-01,2011,,,1,heart,all,all,national_estimate,hospital_plus_dco,primary,estimated,annual_crude_rate,,,,rate_per_100000,,,,final,cvd_rates_v1_0_7,UN_WPP_2024,BRB,persons,2026-08-26,historical_estimate,WHO_WORLD_2000_2025,primary,Primary suppression: supporting frequency 1-5.,*
bnr_cvd_public_metric_v2,CVD-INCIDENCE-001,cvd_2024_04,annual,2011,2011-01-01,2011,,,1,heart,all,age_standardised,national_estimate,hospital_plus_dco,primary,estimated,annual_age_standardised_rate,,,,rate_per_100000,,,,final,cvd_rates_v1_0_7,UN_WPP_2024,BRB,persons,2026-08-26,historical_estimate,WHO_WORLD_2000_2025,primary,Primary suppression: supporting frequency 1-5.,*
bnr_cvd_public_metric_v2,CVD-INCIDENCE-001,cvd_2024_04,annual,2011,2011-01-01,2011,,,1,stroke,female,age_standardised,national_estimate,hospital_plus_dco,primary,estimated,annual_age_standardised_rate,105.3636204020909,91.86557203516631,146.3077004484287,rate_per_100000,,,,final,cvd_rates_v1_0_7,UN_WPP_2024,BRB,persons,2026-08-26,historical_estimate,WHO_WORLD_2000_2025,none,No disclosure restriction identified.,105.364
bnr_cvd_public_metric_v2,CVD-INCIDENCE-001,cvd_2024_04,annual,2011,2011-01-01,2011,,,1,all_cvd,female,age_standardised,national_estimate,hospital_plus_dco,primary,estimated,annual_age_standardised_rate,130.3618919953628,113.6703269152958,180.9929727382326,rate_per_100000,,,,final,cvd_rates_v1_0_7,UN_WPP_2024,BRB,persons,2026-08-26,historical_estimate,WHO_WORLD_2000_2025,none,No disclosure restriction identified.,130.362
bnr_cvd_public_metric_v2,CVD-INCIDENCE-001,cvd_2024_04,annual,2011,2011-01-01,2011,,,1,heart,female,all,national_estimate,hospital_plus_dco,primary,estimated,annual_crude_rate,,,,rate_per_100000,,,,final,cvd_rates_v1_0_7,UN_WPP_2024,BRB,persons,2026-08-26,historical_estimate,WHO_WORLD_2000_2025,primary,Primary suppression: supporting frequency 1-5.,*
bnr_cvd_public_metric_v2,CVD-INCIDENCE-001,cvd_2024_04,annual,2011,2011-01-01,2011,,,1,all_cvd,female,all,national_estimate,hospital_plus_dco,primary,estimated,annual_crude_rate,216.8321891466443,182.4304873946083,321.1840177944871,rate_per_100000,312.595041322314,144164.5,,final,cvd_rates_v1_0_7,UN_WPP_2024,BRB,persons,2026-08-26,historical_estimate,WHO_WORLD_2000_2025,none,No disclosure restriction identified.,216.832
bnr_cvd_public_metric_v2,CVD-INCIDENCE-001,cvd_2024_04,annual,2011,2011-01-01,2011,,,1,heart,female,age_standardised,national_estimate,hospital_plus_dco,primary,estimated,annual_age_standardised_rate,,,,rate_per_100000,,,,final,cvd_rates_v1_0_7,UN_WPP_2024,BRB,persons,2026-08-26,historical_estimate,WHO_WORLD_2000_2025,primary,Primary suppression: supporting frequency 1-5.,*
bnr_cvd_public_metric_v2,CVD-INCIDENCE-001,cvd_2024_04,annual,2011,2011-01-01,2011,,,1,stroke,female,all,national_estimate,hospital_plus_dco,primary,estimated,annual_crude_rate,177.4660025225431,149.1351893149839,263.4028025854724,rate_per_100000,255.8429752066116,144164.5,,final,cvd_rates_v1_0_7,UN_WPP_2024,BRB,persons,2026-08-26,historical_estimate,WHO_WORLD_2000_2025,none,No disclosure restriction identified.,177.466
bnr_cvd_public_metric_v2,CVD-INCIDENCE-001,cvd_2024_04,annual,2011,2011-01-01,2011,,,1,stroke,male,all,national_estimate,hospital_plus_dco,primary,estimated,annual_crude_rate,172.0718086379634,147.7558164645443,245.8303182306683,rate_per_100000,227.0909090909091,131974.5,,final,cvd_rates_v1_0_7,UN_WPP_2024,BRB,persons,2026-08-26,historical_estimate,WHO_WORLD_2000_2025,none,No disclosure restriction identified.,172.072
bnr_cvd_public_metric_v2,CVD-INCIDENCE-001,cvd_2024_04,annual,2011,2011-01-01,2011,,,1,heart,male,all,national_estimate,hospital_plus_dco,primary,estimated,annual_crude_rate,,,,rate_per_100000,,,,final,cvd_rates_v1_0_7,UN_WPP_2024,BRB,persons,2026-08-26,historical_estimate,WHO_WORLD_2000_2025,primary,Primary suppression: supporting frequency 1-5.,*
bnr_cvd_public_metric_v2,CVD-INCIDENCE-001,cvd_2024_04,annual,2011,2011-01-01,2011,,,1,stroke,male,age_standardised,national_estimate,hospital_plus_dco,primary,estimated,annual_age_standardised_rate,137.8217172446986,118.8543566374821,195.3560444199218,rate_per_100000,,,,final,cvd_rates_v1_0_7,UN_WPP_2024,BRB,persons,2026-08-26,historical_estimate,WHO_WORLD_2000_2025,none,No disclosure restriction identified.,137.822
bnr_cvd_public_metric_v2,CVD-INCIDENCE-001,cvd_2024_04,annual,2011,2011-01-01,2011,,,1,heart,male,age_standardised,national_estimate,hospital_plus_dco,primary,estimated,annual_age_standardised_rate,,,,rate_per_100000,,,,final,cvd_rates_v1_0_7,UN_WPP_2024,BRB,persons,2026-08-26,historical_estimate,WHO_WORLD_2000_2025,primary,Primary suppression: supporting frequency 1-5.,*
bnr_cvd_public_metric_v2,CVD-INCIDENCE-001,cvd_2024_04,annual,2011,2011-01-01,2011,,,1,all_cvd,male,age_standardised,national_estimate,hospital_plus_dco,primary,estimated,annual_age_standardised_rate,186.5301894449122,164.2750749741663,254.0373700061749,rate_per_100000,,,,final,cvd_rates_v1_0_7,UN_WPP_2024,BRB,persons,2026-08-26,historical_estimate,WHO_WORLD_2000_2025,none,No disclosure restriction identified.,186.530
bnr_cvd_public_metric_v2,CVD-INCIDENCE-001,cvd_2024_04,annual,2011,2011-01-01,2011,,,1,all_cvd,male,all,national_estimate,hospital_plus_dco,primary,estimated,annual_crude_rate,234.0797804384262,205.3426987789308,321.2489281388955,rate_per_100000,308.9256198347107,131974.5,,final,cvd_rates_v1_0_7,UN_WPP_2024,BRB,persons,2026-08-26,historical_estimate,WHO_WORLD_2000_2025,none,No disclosure restriction identified.,234.080
bnr_cvd_public_metric_v2,CVD-INCIDENCE-001,cvd_2024_04,annual,2012,2012-01-01,2012,,,1,all_cvd,all,all,national_estimate,hospital_plus_dco,primary,estimated,annual_crude_rate,253.0294139772813,223.1550440081246,354.9537350485218,rate_per_100000,700.7333333333333,276937.5,,final,cvd_rates_v1_0_7,UN_WPP_2024,BRB,persons,2026-08-26,historical_estimate,WHO_WORLD_2000_2025,none,No disclosure restriction identified.,253.029
bnr_cvd_public_metric_v2,CVD-INCIDENCE-001,cvd_2024_04,annual,2012,2012-01-01,2012,,,1,all_cvd,all,age_standardised,national_estimate,hospital_plus_dco,primary,estimated,annual_age_standardised_rate,170.6436410297169,152.0247381579888,234.1669567097303,rate_per_100000,,,,final,cvd_rates_v1_0_7,UN_WPP_2024,BRB,persons,2026-08-26,historical_estimate,WHO_WORLD_2000_2025,none,No disclosure restriction identified.,170.644
bnr_cvd_public_metric_v2,CVD-INCIDENCE-001,cvd_2024_04,annual,2012,2012-01-01,2012,,,1,heart,all,age_standardised,national_estimate,hospital_plus_dco,primary,estimated,annual_age_standardised_rate,,,,rate_per_100000,,,,final,cvd_rates_v1_0_7,UN_WPP_2024,BRB,persons,2026-08-26,historical_estimate,WHO_WORLD_2000_2025,primary,Primary suppression: supporting frequency 1-5.,*
bnr_cvd_public_metric_v2,CVD-INCIDENCE-001,cvd_2024_04,annual,2012,2012-01-01,2012,,,1,heart,all,all,national_estimate,hospital_plus_dco,primary,estimated,annual_crude_rate,,,,rate_per_100000,,,,final,cvd_rates_v1_0_7,UN_WPP_2024,BRB,persons,2026-08-26,historical_estimate,WHO_WORLD_2000_2025,primary,Primary suppression: supporting frequency 1-5.,*
bnr_cvd_public_metric_v2,CVD-INCIDENCE-001,cvd_2024_04,annual,2012,2012-01-01,2012,,,1,stroke,all,all,national_estimate,hospital_plus_dco,primary,estimated,annual_crude_rate,180.5461521101332,154.1864139020537,270.4793765847572,rate_per_100000,500,276937.5,,final,cvd_rates_v1_0_7,UN_WPP_2024,BRB,persons,2026-08-26,historical_estimate,WHO_WORLD_2000_2025,none,No disclosure restriction identified.,180.546
bnr_cvd_public_metric_v2,CVD-INCIDENCE-001,cvd_2024_04,annual,2012,2012-01-01,2012,,,1,stroke,all,age_standardised,national_estimate,hospital_plus_dco,primary,estimated,annual_age_standardised_rate,121.3523516385212,104.7597496211164,177.9624055802551,rate_per_100000,,,,final,cvd_rates_v1_0_7,UN_WPP_2024,BRB,persons,2026-08-26,historical_estimate,WHO_WORLD_2000_2025,none,No disclosure restriction identified.,121.352
bnr_cvd_public_metric_v2,CVD-INCIDENCE-001,cvd_2024_04,annual,2012,2012-01-01,2012,,,1,heart,female,age_standardised,national_estimate,hospital_plus_dco,primary,estimated,annual_age_standardised_rate,,,,rate_per_100000,,,,final,cvd_rates_v1_0_7,UN_WPP_2024,BRB,persons,2026-08-26,historical_estimate,WHO_WORLD_2000_2025,primary,Primary suppression: supporting frequency 1-5.,*
bnr_cvd_public_metric_v2,CVD-INCIDENCE-001,cvd_2024_04,annual,2012,2012-01-01,2012,,,1,all_cvd,female,age_standardised,national_estimate,hospital_plus_dco,primary,estimated,annual_age_standardised_rate,146.8709599355237,131.4424410425684,199.5094361585477,rate_per_100000,,,,final,cvd_rates_v1_0_7,UN_WPP_2024,BRB,persons,2026-08-26,historical_estimate,WHO_WORLD_2000_2025,none,No disclosure restriction identified.,146.871
bnr_cvd_public_metric_v2,CVD-INCIDENCE-001,cvd_2024_04,annual,2012,2012-01-01,2012,,,1,all_cvd,female,all,national_estimate,hospital_plus_dco,primary,estimated,annual_crude_rate,248.9663881536838,218.6586399570986,352.3692937655627,rate_per_100000,359.8,144517.5,,final,cvd_rates_v1_0_7,UN_WPP_2024,BRB,persons,2026-08-26,historical_estimate,WHO_WORLD_2000_2025,none,No disclosure restriction identified.,248.966
bnr_cvd_public_metric_v2,CVD-INCIDENCE-001,cvd_2024_04,annual,2012,2012-01-01,2012,,,1,heart,female,all,national_estimate,hospital_plus_dco,primary,estimated,annual_crude_rate,,,,rate_per_100000,,,,final,cvd_rates_v1_0_7,UN_WPP_2024,BRB,persons,2026-08-26,historical_estimate,WHO_WORLD_2000_2025,primary,Primary suppression: supporting frequency 1-5.,*
bnr_cvd_public_metric_v2,CVD-INCIDENCE-001,cvd_2024_04,annual,2012,2012-01-01,2012,,,1,stroke,female,age_standardised,national_estimate,hospital_plus_dco,primary,estimated,annual_age_standardised_rate,103.7408951411659,89.9819889784943,150.6830455785162,rate_per_100000,,,,final,cvd_rates_v1_0_7,UN_WPP_2024,BRB,persons,2026-08-26,historical_estimate,WHO_WORLD_2000_2025,none,No disclosure restriction identified.,103.741
bnr_cvd_public_metric_v2,CVD-INCIDENCE-001,cvd_2024_04,annual,2012,2012-01-01,2012,,,1,stroke,female,all,national_estimate,hospital_plus_dco,primary,estimated,annual_crude_rate,177.7870038807296,150.8467832615427,269.7006977579552,rate_per_100000,256.9333333333333,144517.5,,final,cvd_rates_v1_0_7,UN_WPP_2024,BRB,persons,2026-08-26,historical_estimate,WHO_WORLD_2000_2025,none,No disclosure restriction identified.,177.787
bnr_cvd_public_metric_v2,CVD-INCIDENCE-001,cvd_2024_04,annual,2012,2012-01-01,2012,,,1,heart,male,age_standardised,national_estimate,hospital_plus_dco,primary,estimated,annual_age_standardised_rate,,,,rate_per_100000,,,,final,cvd_rates_v1_0_7,UN_WPP_2024,BRB,persons,2026-08-26,historical_estimate,WHO_WORLD_2000_2025,primary,Primary suppression: supporting frequency 1-5.,*
bnr_cvd_public_metric_v2,CVD-INCIDENCE-001,cvd_2024_04,annual,2012,2012-01-01,2012,,,1,stroke,male,all,national_estimate,hospital_plus_dco,primary,estimated,annual_crude_rate,183.5573679705986,157.831143331823,271.3291932087743,rate_per_100000,243.0666666666667,132420,,final,cvd_rates_v1_0_7,UN_WPP_2024,BRB,persons,2026-08-26,historical_estimate,WHO_WORLD_2000_2025,none,No disclosure restriction identified.,183.557
bnr_cvd_public_metric_v2,CVD-INCIDENCE-001,cvd_2024_04,annual,2012,2012-01-01,2012,,,1,heart,male,all,national_estimate,hospital_plus_dco,primary,estimated,annual_crude_rate,,,,rate_per_100000,,,,final,cvd_rates_v1_0_7,UN_WPP_2024,BRB,persons,2026-08-26,historical_estimate,WHO_WORLD_2000_2025,primary,Primary suppression: supporting frequency 1-5.,*
bnr_cvd_public_metric_v2,CVD-INCIDENCE-001,cvd_2024_04,annual,2012,2012-01-01,2012,,,1,all_cvd,male,all,national_estimate,hospital_plus_dco,primary,estimated,annual_crude_rate,257.4636258369833,228.0622262498112,357.7742832520412,rate_per_100000,340.9333333333333,132420,,final,cvd_rates_v1_0_7,UN_WPP_2024,BRB,persons,2026-08-26,historical_estimate,WHO_WORLD_2000_2025,none,No disclosure restriction identified.,257.464
bnr_cvd_public_metric_v2,CVD-INCIDENCE-001,cvd_2024_04,annual,2012,2012-01-01,2012,,,1,stroke,male,age_standardised,national_estimate,hospital_plus_dco,primary,estimated,annual_age_standardised_rate,142.6709655218263,123.1549068416855,209.2551657246596,rate_per_100000,,,,final,cvd_rates_v1_0_7,UN_WPP_2024,BRB,persons,2026-08-26,historical_estimate,WHO_WORLD_2000_2025,none,No disclosure restriction identified.,142.671
bnr_cvd_public_metric_v2,CVD-INCIDENCE-001,cvd_2024_04,annual,2012,2012-01-01,2012,,,1,all_cvd,male,age_standardised,national_estimate,hospital_plus_dco,primary,estimated,annual_age_standardised_rate,200.1915453893105,177.9098741395467,276.2113649473282,rate_per_100000,,,,final,cvd_rates_v1_0_7,UN_WPP_2024,BRB,persons,2026-08-26,historical_estimate,WHO_WORLD_2000_2025,none,No disclosure restriction identified.,200.192
bnr_cvd_public_metric_v2,CVD-INCIDENCE-001,cvd_2024_04,annual,2013,2013-01-01,2013,,,1,heart,all,age_standardised,national_estimate,hospital_plus_dco,primary,estimated,annual_age_standardised_rate,43.02796931125513,40.08845477690776,61.45646427658673,rate_per_100000,,,,final,cvd_rates_v1_0_7,UN_WPP_2024,BRB,persons,2026-08-26,historical_estimate,WHO_WORLD_2000_2025,none,No disclosure restriction identified.,43.028
bnr_cvd_public_metric_v2,CVD-INCIDENCE-001,cvd_2024_04,annual,2013,2013-01-01,2013,,,1,all_cvd,all,all,national_estimate,hospital_plus_dco,primary,estimated,annual_crude_rate,277.5774583528532,260.38571660094,385.3564547206166,rate_per_100000,770.7354497354497,277665,,final,cvd_rates_v1_0_7,UN_WPP_2024,BRB,persons,2026-08-26,historical_estimate,WHO_WORLD_2000_2025,none,No disclosure restriction identified.,277.577
bnr_cvd_public_metric_v2,CVD-INCIDENCE-001,cvd_2024_04,annual,2013,2013-01-01,2013,,,1,stroke,all,age_standardised,national_estimate,hospital_plus_dco,primary,estimated,annual_age_standardised_rate,146.3833426925534,138.1149862699463,198.2195771881285,rate_per_100000,,,,final,cvd_rates_v1_0_7,UN_WPP_2024,BRB,persons,2026-08-26,historical_estimate,WHO_WORLD_2000_2025,none,No disclosure restriction identified.,146.383
bnr_cvd_public_metric_v2,CVD-INCIDENCE-001,cvd_2024_04,annual,2013,2013-01-01,2013,,,1,all_cvd,all,age_standardised,national_estimate,hospital_plus_dco,primary,estimated,annual_age_standardised_rate,189.4113120038085,178.2034410468541,259.6760414647152,rate_per_100000,,,,final,cvd_rates_v1_0_7,UN_WPP_2024,BRB,persons,2026-08-26,historical_estimate,WHO_WORLD_2000_2025,none,No disclosure restriction identified.,189.411
bnr_cvd_public_metric_v2,CVD-INCIDENCE-001,cvd_2024_04,annual,2013,2013-01-01,2013,,,1,heart,all,all,national_estimate,hospital_plus_dco,primary,estimated,annual_crude_rate,62.25194095469427,57.62339509840995,91.26936305370749,rate_per_100000,172.8518518518518,277665,,final,cvd_rates_v1_0_7,UN_WPP_2024,BRB,persons,2026-08-26,historical_estimate,WHO_WORLD_2000_2025,none,No disclosure restriction identified.,62.252
bnr_cvd_public_metric_v2,CVD-INCIDENCE-001,cvd_2024_04,annual,2013,2013-01-01,2013,,,1,stroke,all,all,national_estimate,hospital_plus_dco,primary,estimated,annual_crude_rate,215.3255173981589,202.76232150253,294.0870916669091,rate_per_100000,597.8835978835979,277665,,final,cvd_rates_v1_0_7,UN_WPP_2024,BRB,persons,2026-08-26,historical_estimate,WHO_WORLD_2000_2025,none,No disclosure restriction identified.,215.326
bnr_cvd_public_metric_v2,CVD-INCIDENCE-001,cvd_2024_04,annual,2013,2013-01-01,2013,,,1,stroke,female,all,national_estimate,hospital_plus_dco,primary,estimated,annual_crude_rate,215.4305383363454,200.2195510939582,310.7917275866959,rate_per_100000,312.031746031746,144841,,final,cvd_rates_v1_0_7,UN_WPP_2024,BRB,persons,2026-08-26,historical_estimate,WHO_WORLD_2000_2025,none,No disclosure restriction identified.,215.431
bnr_cvd_public_metric_v2,CVD-INCIDENCE-001,cvd_2024_04,annual,2013,2013-01-01,2013,,,1,heart,female,age_standardised,national_estimate,hospital_plus_dco,primary,estimated,annual_age_standardised_rate,34.57675504495774,30.30022075021975,61.38733543119977,rate_per_100000,,,,final,cvd_rates_v1_0_7,UN_WPP_2024,BRB,persons,2026-08-26,historical_estimate,WHO_WORLD_2000_2025,none,No disclosure restriction identified.,34.577
bnr_cvd_public_metric_v2,CVD-INCIDENCE-001,cvd_2024_04,annual,2013,2013-01-01,2013,,,1,stroke,female,age_standardised,national_estimate,hospital_plus_dco,primary,estimated,annual_age_standardised_rate,129.5602547550613,121.1316613761507,182.4010517074627,rate_per_100000,,,,final,cvd_rates_v1_0_7,UN_WPP_2024,BRB,persons,2026-08-26,historical_estimate,WHO_WORLD_2000_2025,none,No disclosure restriction identified.,129.560
bnr_cvd_public_metric_v2,CVD-INCIDENCE-001,cvd_2024_04,annual,2013,2013-01-01,2013,,,1,heart,female,all,national_estimate,hospital_plus_dco,primary,estimated,annual_crude_rate,55.9343507818042,48.3288571606106,103.6149454069794,rate_per_100000,81.01587301587301,144841,,final,cvd_rates_v1_0_7,UN_WPP_2024,BRB,persons,2026-08-26,historical_estimate,WHO_WORLD_2000_2025,none,No disclosure restriction identified.,55.934
bnr_cvd_public_metric_v2,CVD-INCIDENCE-001,cvd_2024_04,annual,2013,2013-01-01,2013,,,1,all_cvd,female,all,national_estimate,hospital_plus_dco,primary,estimated,annual_crude_rate,271.3648891181496,248.5484082545688,414.4066729936753,rate_per_100000,393.047619047619,144841,,final,cvd_rates_v1_0_7,UN_WPP_2024,BRB,persons,2026-08-26,historical_estimate,WHO_WORLD_2000_2025,none,No disclosure restriction identified.,271.365
bnr_cvd_public_metric_v2,CVD-INCIDENCE-001,cvd_2024_04,annual,2013,2013-01-01,2013,,,1,all_cvd,female,age_standardised,national_estimate,hospital_plus_dco,primary,estimated,annual_age_standardised_rate,164.1370098000191,151.4318821263705,243.7883871386625,rate_per_100000,,,,final,cvd_rates_v1_0_7,UN_WPP_2024,BRB,persons,2026-08-26,historical_estimate,WHO_WORLD_2000_2025,none,No disclosure restriction identified.,164.137
bnr_cvd_public_metric_v2,CVD-INCIDENCE-001,cvd_2024_04,annual,2013,2013-01-01,2013,,,1,heart,male,all,national_estimate,hospital_plus_dco,primary,estimated,annual_crude_rate,,,,rate_per_100000,,,,final,cvd_rates_v1_0_7,UN_WPP_2024,BRB,persons,2026-08-26,historical_estimate,WHO_WORLD_2000_2025,primary,Primary suppression: supporting frequency 1-5.,*
bnr_cvd_public_metric_v2,CVD-INCIDENCE-001,cvd_2024_04,annual,2013,2013-01-01,2013,,,1,stroke,male,age_standardised,national_estimate,hospital_plus_dco,primary,estimated,annual_age_standardised_rate,169.621393916643,160.8022076477191,224.9109078333586,rate_per_100000,,,,final,cvd_rates_v1_0_7,UN_WPP_2024,BRB,persons,2026-08-26,historical_estimate,WHO_WORLD_2000_2025,none,No disclosure restriction identified.,169.621
bnr_cvd_public_metric_v2,CVD-INCIDENCE-001,cvd_2024_04,annual,2013,2013-01-01,2013,,,1,heart,male,age_standardised,national_estimate,hospital_plus_dco,primary,estimated,annual_age_standardised_rate,,,,rate_per_100000,,,,final,cvd_rates_v1_0_7,UN_WPP_2024,BRB,persons,2026-08-26,historical_estimate,WHO_WORLD_2000_2025,primary,Primary suppression: supporting frequency 1-5.,*
bnr_cvd_public_metric_v2,CVD-INCIDENCE-001,cvd_2024_04,annual,2013,2013-01-01,2013,,,1,stroke,male,all,national_estimate,hospital_plus_dco,primary,estimated,annual_crude_rate,215.2109948893662,205.535144251039,275.8711354296489,rate_per_100000,285.8518518518518,132824,,final,cvd_rates_v1_0_7,UN_WPP_2024,BRB,persons,2026-08-26,historical_estimate,WHO_WORLD_2000_2025,none,No disclosure restriction identified.,215.211
bnr_cvd_public_metric_v2,CVD-INCIDENCE-001,cvd_2024_04,annual,2013,2013-01-01,2013,,,1,all_cvd,male,all,national_estimate,hospital_plus_dco,primary,estimated,annual_crude_rate,284.3520980303489,273.2939830151178,353.6779729335292,rate_per_100000,377.6878306878307,132824,,final,cvd_rates_v1_0_7,UN_WPP_2024,BRB,persons,2026-08-26,historical_estimate,WHO_WORLD_2000_2025,none,No disclosure restriction identified.,284.352
bnr_cvd_public_metric_v2,CVD-INCIDENCE-001,cvd_2024_04,annual,2013,2013-01-01,2013,,,1,all_cvd,male,age_standardised,national_estimate,hospital_plus_dco,primary,estimated,annual_age_standardised_rate,223.5202347991786,213.6879231909225,285.161265266323,rate_per_100000,,,,final,cvd_rates_v1_0_7,UN_WPP_2024,BRB,persons,2026-08-26,historical_estimate,WHO_WORLD_2000_2025,none,No disclosure restriction identified.,223.520
bnr_cvd_public_metric_v2,CVD-INCIDENCE-001,cvd_2024_04,annual,2014,2014-01-01,2014,,,1,heart,all,age_standardised,national_estimate,hospital_plus_dco,primary,estimated,annual_age_standardised_rate,65.4923504207857,59.95058530336467,81.77128545320994,rate_per_100000,,,,final,cvd_rates_v1_0_7,UN_WPP_2024,BRB,persons,2026-08-26,historical_estimate,WHO_WORLD_2000_2025,none,No disclosure restriction identified.,65.492
bnr_cvd_public_metric_v2,CVD-INCIDENCE-001,cvd_2024_04,annual,2014,2014-01-01,2014,,,1,stroke,all,age_standardised,national_estimate,hospital_plus_dco,primary,estimated,annual_age_standardised_rate,,,,rate_per_100000,,,,final,cvd_rates_v1_0_7,UN_WPP_2024,BRB,persons,2026-08-26,historical_estimate,WHO_WORLD_2000_2025,secondary,Secondary suppression: protects a related confidential value.,*
bnr_cvd_public_metric_v2,CVD-INCIDENCE-001,cvd_2024_04,annual,2014,2014-01-01,2014,,,1,stroke,all,all,national_estimate,hospital_plus_dco,primary,estimated,annual_crude_rate,,,,rate_per_100000,,,,final,cvd_rates_v1_0_7,UN_WPP_2024,BRB,persons,2026-08-26,historical_estimate,WHO_WORLD_2000_2025,secondary,Secondary suppression: protects a related confidential value.,*
bnr_cvd_public_metric_v2,CVD-INCIDENCE-001,cvd_2024_04,annual,2014,2014-01-01,2014,,,1,heart,all,all,national_estimate,hospital_plus_dco,primary,estimated,annual_crude_rate,99.27430494490433,89.81562648195784,127.0591729298097,rate_per_100000,276.3280423280423,278348,,final,cvd_rates_v1_0_7,UN_WPP_2024,BRB,persons,2026-08-26,historical_estimate,WHO_WORLD_2000_2025,none,No disclosure restriction identified.,99.274
bnr_cvd_public_metric_v2,CVD-INCIDENCE-001,cvd_2024_04,annual,2014,2014-01-01,2014,,,1,all_cvd,all,age_standardised,national_estimate,hospital_plus_dco,primary,estimated,annual_age_standardised_rate,201.7458026082721,184.0606663179517,253.6958904610883,rate_per_100000,,,,final,cvd_rates_v1_0_7,UN_WPP_2024,BRB,persons,2026-08-26,historical_estimate,WHO_WORLD_2000_2025,none,No disclosure restriction identified.,201.746
bnr_cvd_public_metric_v2,CVD-INCIDENCE-001,cvd_2024_04,annual,2014,2014-01-01,2014,,,1,all_cvd,all,all,national_estimate,hospital_plus_dco,primary,estimated,annual_crude_rate,302.4933274117748,274.1172920229353,385.8479313664909,rate_per_100000,841.984126984127,278348,,final,cvd_rates_v1_0_7,UN_WPP_2024,BRB,persons,2026-08-26,historical_estimate,WHO_WORLD_2000_2025,none,No disclosure restriction identified.,302.493
bnr_cvd_public_metric_v2,CVD-INCIDENCE-001,cvd_2024_04,annual,2014,2014-01-01,2014,,,1,all_cvd,female,age_standardised,national_estimate,hospital_plus_dco,primary,estimated,annual_age_standardised_rate,175.1504936169843,160.8982670334221,217.0164092061983,rate_per_100000,,,,final,cvd_rates_v1_0_7,UN_WPP_2024,BRB,persons,2026-08-26,historical_estimate,WHO_WORLD_2000_2025,none,No disclosure restriction identified.,175.150
bnr_cvd_public_metric_v2,CVD-INCIDENCE-001,cvd_2024_04,annual,2014,2014-01-01,2014,,,1,all_cvd,female,all,national_estimate,hospital_plus_dco,primary,estimated,annual_crude_rate,299.797143621208,271.4545554759411,383.0534962979294,rate_per_100000,435.1375661375661,145144,,final,cvd_rates_v1_0_7,UN_WPP_2024,BRB,persons,2026-08-26,historical_estimate,WHO_WORLD_2000_2025,none,No disclosure restriction identified.,299.797
bnr_cvd_public_metric_v2,CVD-INCIDENCE-001,cvd_2024_04,annual,2014,2014-01-01,2014,,,1,heart,female,age_standardised,national_estimate,hospital_plus_dco,primary,estimated,annual_age_standardised_rate,52.95693664480208,47.92038178525616,67.7518165447182,rate_per_100000,,,,final,cvd_rates_v1_0_7,UN_WPP_2024,BRB,persons,2026-08-26,historical_estimate,WHO_WORLD_2000_2025,none,No disclosure restriction identified.,52.957
bnr_cvd_public_metric_v2,CVD-INCIDENCE-001,cvd_2024_04,annual,2014,2014-01-01,2014,,,1,heart,female,all,national_estimate,hospital_plus_dco,primary,estimated,annual_crude_rate,91.50190418448148,81.29857245218543,121.4741911481012,rate_per_100000,132.8095238095238,145144,,final,cvd_rates_v1_0_7,UN_WPP_2024,BRB,persons,2026-08-26,historical_estimate,WHO_WORLD_2000_2025,none,No disclosure restriction identified.,91.502
bnr_cvd_public_metric_v2,CVD-INCIDENCE-001,cvd_2024_04,annual,2014,2014-01-01,2014,,,1,stroke,female,all,national_estimate,hospital_plus_dco,primary,estimated,annual_crude_rate,208.2952394367265,190.1559830237557,261.5793051498281,rate_per_100000,302.3280423280423,145144,,final,cvd_rates_v1_0_7,UN_WPP_2024,BRB,persons,2026-08-26,historical_estimate,WHO_WORLD_2000_2025,none,No disclosure restriction identified.,208.295
bnr_cvd_public_metric_v2,CVD-INCIDENCE-001,cvd_2024_04,annual,2014,2014-01-01,2014,,,1,stroke,female,age_standardised,national_estimate,hospital_plus_dco,primary,estimated,annual_age_standardised_rate,122.1935569721822,112.9778852481659,149.2645926614802,rate_per_100000,,,,final,cvd_rates_v1_0_7,UN_WPP_2024,BRB,persons,2026-08-26,historical_estimate,WHO_WORLD_2000_2025,none,No disclosure restriction identified.,122.194
bnr_cvd_public_metric_v2,CVD-INCIDENCE-001,cvd_2024_04,annual,2014,2014-01-01,2014,,,1,heart,male,all,national_estimate,hospital_plus_dco,primary,estimated,annual_crude_rate,107.7433999868761,99.09612323954235,133.1447754321692,rate_per_100000,143.5185185185185,133204,,final,cvd_rates_v1_0_7,UN_WPP_2024,BRB,persons,2026-08-26,historical_estimate,WHO_WORLD_2000_2025,none,No disclosure restriction identified.,107.743
bnr_cvd_public_metric_v2,CVD-INCIDENCE-001,cvd_2024_04,annual,2014,2014-01-01,2014,,,1,all_cvd,male,all,national_estimate,hospital_plus_dco,primary,estimated,annual_crude_rate,305.4311888881421,277.0187081469025,388.8928510655336,rate_per_100000,406.8465608465608,133204,,final,cvd_rates_v1_0_7,UN_WPP_2024,BRB,persons,2026-08-26,historical_estimate,WHO_WORLD_2000_2025,none,No disclosure restriction identified.,305.431
bnr_cvd_public_metric_v2,CVD-INCIDENCE-001,cvd_2024_04,annual,2014,2014-01-01,2014,,,1,stroke,male,age_standardised,national_estimate,hospital_plus_dco,primary,estimated,annual_age_standardised_rate,,,,rate_per_100000,,,,final,cvd_rates_v1_0_7,UN_WPP_2024,BRB,persons,2026-08-26,historical_estimate,WHO_WORLD_2000_2025,secondary,Secondary suppression: protects a related confidential value.,*
bnr_cvd_public_metric_v2,CVD-INCIDENCE-001,cvd_2024_04,annual,2014,2014-01-01,2014,,,1,stroke,male,all,national_estimate,hospital_plus_dco,primary,estimated,annual_crude_rate,,,,rate_per_100000,,,,final,cvd_rates_v1_0_7,UN_WPP_2024,BRB,persons,2026-08-26,historical_estimate,WHO_WORLD_2000_2025,secondary,Secondary suppression: protects a related confidential value.,*
bnr_cvd_public_metric_v2,CVD-INCIDENCE-001,cvd_2024_04,annual,2014,2014-01-01,2014,,,1,heart,male,age_standardised,national_estimate,hospital_plus_dco,primary,estimated,annual_age_standardised_rate,80.92871817409127,74.53730697052103,99.70348858457882,rate_per_100000,,,,final,cvd_rates_v1_0_7,UN_WPP_2024,BRB,persons,2026-08-26,historical_estimate,WHO_WORLD_2000_2025,none,No disclosure restriction identified.,80.929
bnr_cvd_public_metric_v2,CVD-INCIDENCE-001,cvd_2024_04,annual,2014,2014-01-01,2014,,,1,all_cvd,male,age_standardised,national_estimate,hospital_plus_dco,primary,estimated,annual_age_standardised_rate,239.2560687213667,214.8986912770446,310.8058649640629,rate_per_100000,,,,final,cvd_rates_v1_0_7,UN_WPP_2024,BRB,persons,2026-08-26,historical_estimate,WHO_WORLD_2000_2025,none,No disclosure restriction identified.,239.256
bnr_cvd_public_metric_v2,CVD-INCIDENCE-001,cvd_2024_04,annual,2015,2015-01-01,2015,,,1,stroke,all,all,national_estimate,hospital_plus_dco,primary,estimated,annual_crude_rate,212.9108570199649,189.6125309150866,267.8531782822152,rate_per_100000,594,278990,,final,cvd_rates_v1_0_7,UN_WPP_2024,BRB,persons,2026-08-26,historical_estimate,WHO_WORLD_2000_2025,none,No disclosure restriction identified.,212.911
bnr_cvd_public_metric_v2,CVD-INCIDENCE-001,cvd_2024_04,annual,2015,2015-01-01,2015,,,1,heart,all,age_standardised,national_estimate,hospital_plus_dco,primary,estimated,annual_age_standardised_rate,63.60804608466766,56.44747457013121,80.49416995476857,rate_per_100000,,,,final,cvd_rates_v1_0_7,UN_WPP_2024,BRB,persons,2026-08-26,historical_estimate,WHO_WORLD_2000_2025,none,No disclosure restriction identified.,63.608
bnr_cvd_public_metric_v2,CVD-INCIDENCE-001,cvd_2024_04,annual,2015,2015-01-01,2015,,,1,all_cvd,all,all,national_estimate,hospital_plus_dco,primary,estimated,annual_crude_rate,307.8166879736829,273.1280691064196,389.6196996308111,rate_per_100000,858.7777777777778,278990,,final,cvd_rates_v1_0_7,UN_WPP_2024,BRB,persons,2026-08-26,historical_estimate,WHO_WORLD_2000_2025,none,No disclosure restriction identified.,307.817
bnr_cvd_public_metric_v2,CVD-INCIDENCE-001,cvd_2024_04,annual,2015,2015-01-01,2015,,,1,stroke,all,age_standardised,national_estimate,hospital_plus_dco,primary,estimated,annual_age_standardised_rate,139.9750544394244,125.4837642417777,174.148544756263,rate_per_100000,,,,final,cvd_rates_v1_0_7,UN_WPP_2024,BRB,persons,2026-08-26,historical_estimate,WHO_WORLD_2000_2025,none,No disclosure restriction identified.,139.975
bnr_cvd_public_metric_v2,CVD-INCIDENCE-001,cvd_2024_04,annual,2015,2015-01-01,2015,,,1,all_cvd,all,age_standardised,national_estimate,hospital_plus_dco,primary,estimated,annual_age_standardised_rate,203.5831005240921,181.9312388119089,254.6427147110315,rate_per_100000,,,,final,cvd_rates_v1_0_7,UN_WPP_2024,BRB,persons,2026-08-26,historical_estimate,WHO_WORLD_2000_2025,none,No disclosure restriction identified.,203.583
bnr_cvd_public_metric_v2,CVD-INCIDENCE-001,cvd_2024_04,annual,2015,2015-01-01,2015,,,1,heart,all,all,national_estimate,hospital_plus_dco,primary,estimated,annual_crude_rate,94.90583095371798,83.51553819133302,121.766521348596,rate_per_100000,264.7777777777778,278990,,final,cvd_rates_v1_0_7,UN_WPP_2024,BRB,persons,2026-08-26,historical_estimate,WHO_WORLD_2000_2025,none,No disclosure restriction identified.,94.906
bnr_cvd_public_metric_v2,CVD-INCIDENCE-001,cvd_2024_04,annual,2015,2015-01-01,2015,,,1,all_cvd,female,all,national_estimate,hospital_plus_dco,primary,estimated,annual_crude_rate,304.6264715590274,268.8689624821212,388.9501496806866,rate_per_100000,443,145424,,final,cvd_rates_v1_0_7,UN_WPP_2024,BRB,persons,2026-08-26,historical_estimate,WHO_WORLD_2000_2025,none,No disclosure restriction identified.,304.626
bnr_cvd_public_metric_v2,CVD-INCIDENCE-001,cvd_2024_04,annual,2015,2015-01-01,2015,,,1,heart,female,all,national_estimate,hospital_plus_dco,primary,estimated,annual_crude_rate,88.9353430887153,77.01617339641324,117.0432357959351,rate_per_100000,129.3333333333333,145424,,final,cvd_rates_v1_0_7,UN_WPP_2024,BRB,persons,2026-08-26,historical_estimate,WHO_WORLD_2000_2025,none,No disclosure restriction identified.,88.935
bnr_cvd_public_metric_v2,CVD-INCIDENCE-001,cvd_2024_04,annual,2015,2015-01-01,2015,,,1,stroke,female,age_standardised,national_estimate,hospital_plus_dco,primary,estimated,annual_age_standardised_rate,125.430427224598,112.6915647596447,155.4713267688162,rate_per_100000,,,,final,cvd_rates_v1_0_7,UN_WPP_2024,BRB,persons,2026-08-26,historical_estimate,WHO_WORLD_2000_2025,none,No disclosure restriction identified.,125.430
bnr_cvd_public_metric_v2,CVD-INCIDENCE-001,cvd_2024_04,annual,2015,2015-01-01,2015,,,1,stroke,female,all,national_estimate,hospital_plus_dco,primary,estimated,annual_crude_rate,215.6911284703121,191.852789085708,271.9069138847516,rate_per_100000,313.6666666666667,145424,,final,cvd_rates_v1_0_7,UN_WPP_2024,BRB,persons,2026-08-26,historical_estimate,WHO_WORLD_2000_2025,none,No disclosure restriction identified.,215.691
bnr_cvd_public_metric_v2,CVD-INCIDENCE-001,cvd_2024_04,annual,2015,2015-01-01,2015,,,1,heart,female,age_standardised,national_estimate,hospital_plus_dco,primary,estimated,annual_age_standardised_rate,51.35614231169824,45.09933316100881,66.11100568198076,rate_per_100000,,,,final,cvd_rates_v1_0_7,UN_WPP_2024,BRB,persons,2026-08-26,historical_estimate,WHO_WORLD_2000_2025,none,No disclosure restriction identified.,51.356
bnr_cvd_public_metric_v2,CVD-INCIDENCE-001,cvd_2024_04,annual,2015,2015-01-01,2015,,,1,all_cvd,female,age_standardised,national_estimate,hospital_plus_dco,primary,estimated,annual_age_standardised_rate,176.7865695362962,157.7908979206535,221.5823324507969,rate_per_100000,,,,final,cvd_rates_v1_0_7,UN_WPP_2024,BRB,persons,2026-08-26,historical_estimate,WHO_WORLD_2000_2025,none,No disclosure restriction identified.,176.787
bnr_cvd_public_metric_v2,CVD-INCIDENCE-001,cvd_2024_04,annual,2015,2015-01-01,2015,,,1,all_cvd,male,age_standardised,national_estimate,hospital_plus_dco,primary,estimated,annual_age_standardised_rate,232.9669091257165,208.0624865137031,291.6967415540467,rate_per_100000,,,,final,cvd_rates_v1_0_7,UN_WPP_2024,BRB,persons,2026-08-26,historical_estimate,WHO_WORLD_2000_2025,none,No disclosure restriction identified.,232.967
bnr_cvd_public_metric_v2,CVD-INCIDENCE-001,cvd_2024_04,annual,2015,2015-01-01,2015,,,1,stroke,male,all,national_estimate,hospital_plus_dco,primary,estimated,annual_crude_rate,209.8837528512745,187.1733824476289,263.4395517136031,rate_per_100000,280.3333333333333,133566,,final,cvd_rates_v1_0_7,UN_WPP_2024,BRB,persons,2026-08-26,historical_estimate,WHO_WORLD_2000_2025,none,No disclosure restriction identified.,209.884
bnr_cvd_public_metric_v2,CVD-INCIDENCE-001,cvd_2024_04,annual,2015,2015-01-01,2015,,,1,stroke,male,age_standardised,national_estimate,hospital_plus_dco,primary,estimated,annual_age_standardised_rate,156.6406810869923,139.6236726367478,196.7703428054792,rate_per_100000,,,,final,cvd_rates_v1_0_7,UN_WPP_2024,BRB,persons,2026-08-26,historical_estimate,WHO_WORLD_2000_2025,none,No disclosure restriction identified.,156.641
bnr_cvd_public_metric_v2,CVD-INCIDENCE-001,cvd_2024_04,annual,2015,2015-01-01,2015,,,1,heart,male,age_standardised,national_estimate,hospital_plus_dco,primary,estimated,annual_age_standardised_rate,76.32622803872424,68.43881387695524,94.92639874856755,rate_per_100000,,,,final,cvd_rates_v1_0_7,UN_WPP_2024,BRB,persons,2026-08-26,historical_estimate,WHO_WORLD_2000_2025,none,No disclosure restriction identified.,76.326
bnr_cvd_public_metric_v2,CVD-INCIDENCE-001,cvd_2024_04,annual,2015,2015-01-01,2015,,,1,all_cvd,male,all,national_estimate,hospital_plus_dco,primary,estimated,annual_crude_rate,311.290132052901,277.7652995522813,390.3486922782432,rate_per_100000,415.7777777777778,133566,,final,cvd_rates_v1_0_7,UN_WPP_2024,BRB,persons,2026-08-26,historical_estimate,WHO_WORLD_2000_2025,none,No disclosure restriction identified.,311.290
bnr_cvd_public_metric_v2,CVD-INCIDENCE-001,cvd_2024_04,annual,2015,2015-01-01,2015,,,1,heart,male,all,national_estimate,hospital_plus_dco,primary,estimated,annual_crude_rate,101.4063792016265,90.59191710465238,126.9091405646401,rate_per_100000,135.4444444444445,133566,,final,cvd_rates_v1_0_7,UN_WPP_2024,BRB,persons,2026-08-26,historical_estimate,WHO_WORLD_2000_2025,none,No disclosure restriction identified.,101.406
bnr_cvd_public_metric_v2,CVD-INCIDENCE-001,cvd_2024_04,annual,2016,2016-01-01,2016,,,1,stroke,all,all,national_estimate,hospital_plus_dco,primary,estimated,annual_crude_rate,247.1560210927374,220.3167052638167,308.6799912236477,rate_per_100000,691.0420560747664,279597.5,,final,cvd_rates_v1_0_7,UN_WPP_2024,BRB,persons,2026-08-26,historical_estimate,WHO_WORLD_2000_2025,none,No disclosure restriction identified.,247.156
bnr_cvd_public_metric_v2,CVD-INCIDENCE-001,cvd_2024_04,annual,2016,2016-01-01,2016,,,1,all_cvd,all,age_standardised,national_estimate,hospital_plus_dco,primary,estimated,annual_age_standardised_rate,220.5876786917641,200.5763558968021,266.4597878679077,rate_per_100000,,,,final,cvd_rates_v1_0_7,UN_WPP_2024,BRB,persons,2026-08-26,historical_estimate,WHO_WORLD_2000_2025,none,No disclosure restriction identified.,220.588
bnr_cvd_public_metric_v2,CVD-INCIDENCE-001,cvd_2024_04,annual,2016,2016-01-01,2016,,,1,all_cvd,all,all,national_estimate,hospital_plus_dco,primary,estimated,annual_crude_rate,335.1362978139554,302.2201557596188,410.5902234462039,rate_per_100000,937.0327102803737,279597.5,,final,cvd_rates_v1_0_7,UN_WPP_2024,BRB,persons,2026-08-26,historical_estimate,WHO_WORLD_2000_2025,none,No disclosure restriction identified.,335.136
bnr_cvd_public_metric_v2,CVD-INCIDENCE-001,cvd_2024_04,annual,2016,2016-01-01,2016,,,1,heart,all,age_standardised,national_estimate,hospital_plus_dco,primary,estimated,annual_age_standardised_rate,59.49650982177343,55.33240236450646,69.04192537766235,rate_per_100000,,,,final,cvd_rates_v1_0_7,UN_WPP_2024,BRB,persons,2026-08-26,historical_estimate,WHO_WORLD_2000_2025,none,No disclosure restriction identified.,59.497
bnr_cvd_public_metric_v2,CVD-INCIDENCE-001,cvd_2024_04,annual,2016,2016-01-01,2016,,,1,heart,all,all,national_estimate,hospital_plus_dco,primary,estimated,annual_crude_rate,87.98027672121799,81.90345049580201,101.9102322225562,rate_per_100000,245.9906542056075,279597.5,,final,cvd_rates_v1_0_7,UN_WPP_2024,BRB,persons,2026-08-26,historical_estimate,WHO_WORLD_2000_2025,none,No disclosure restriction identified.,87.980
bnr_cvd_public_metric_v2,CVD-INCIDENCE-001,cvd_2024_04,annual,2016,2016-01-01,2016,,,1,stroke,all,age_standardised,national_estimate,hospital_plus_dco,primary,estimated,annual_age_standardised_rate,161.0911688699907,145.2439535322957,197.4178624902453,rate_per_100000,,,,final,cvd_rates_v1_0_7,UN_WPP_2024,BRB,persons,2026-08-26,historical_estimate,WHO_WORLD_2000_2025,none,No disclosure restriction identified.,161.091
bnr_cvd_public_metric_v2,CVD-INCIDENCE-001,cvd_2024_04,annual,2016,2016-01-01,2016,,,1,stroke,female,age_standardised,national_estimate,hospital_plus_dco,primary,estimated,annual_age_standardised_rate,150.9628978389659,135.1733922026497,187.1573030668293,rate_per_100000,,,,final,cvd_rates_v1_0_7,UN_WPP_2024,BRB,persons,2026-08-26,historical_estimate,WHO_WORLD_2000_2025,none,No disclosure restriction identified.,150.963
bnr_cvd_public_metric_v2,CVD-INCIDENCE-001,cvd_2024_04,annual,2016,2016-01-01,2016,,,1,heart,female,age_standardised,national_estimate,hospital_plus_dco,primary,estimated,annual_age_standardised_rate,,,,rate_per_100000,,,,final,cvd_rates_v1_0_7,UN_WPP_2024,BRB,persons,2026-08-26,historical_estimate,WHO_WORLD_2000_2025,primary,Primary suppression: supporting frequency 1-5.,*
bnr_cvd_public_metric_v2,CVD-INCIDENCE-001,cvd_2024_04,annual,2016,2016-01-01,2016,,,1,stroke,female,all,national_estimate,hospital_plus_dco,primary,estimated,annual_crude_rate,260.3521926377857,229.2531084730988,331.6408624922221,rate_per_100000,379.3084112149533,145690.5,,final,cvd_rates_v1_0_7,UN_WPP_2024,BRB,persons,2026-08-26,historical_estimate,WHO_WORLD_2000_2025,none,No disclosure restriction identified.,260.352
bnr_cvd_public_metric_v2,CVD-INCIDENCE-001,cvd_2024_04,annual,2016,2016-01-01,2016,,,1,all_cvd,female,age_standardised,national_estimate,hospital_plus_dco,primary,estimated,annual_age_standardised_rate,195.8084134372517,176.4119137508918,240.2711588721381,rate_per_100000,,,,final,cvd_rates_v1_0_7,UN_WPP_2024,BRB,persons,2026-08-26,historical_estimate,WHO_WORLD_2000_2025,none,No disclosure restriction identified.,195.808
bnr_cvd_public_metric_v2,CVD-INCIDENCE-001,cvd_2024_04,annual,2016,2016-01-01,2016,,,1,heart,female,all,national_estimate,hospital_plus_dco,primary,estimated,annual_crude_rate,,,,rate_per_100000,,,,final,cvd_rates_v1_0_7,UN_WPP_2024,BRB,persons,2026-08-26,historical_estimate,WHO_WORLD_2000_2025,primary,Primary suppression: supporting frequency 1-5.,*
bnr_cvd_public_metric_v2,CVD-INCIDENCE-001,cvd_2024_04,annual,2016,2016-01-01,2016,,,1,all_cvd,female,all,national_estimate,hospital_plus_dco,primary,estimated,annual_crude_rate,333.8500797699848,297.8917637045655,416.2776042891767,rate_per_100000,486.3878504672897,145690.5,,final,cvd_rates_v1_0_7,UN_WPP_2024,BRB,persons,2026-08-26,historical_estimate,WHO_WORLD_2000_2025,none,No disclosure restriction identified.,333.850
bnr_cvd_public_metric_v2,CVD-INCIDENCE-001,cvd_2024_04,annual,2016,2016-01-01,2016,,,1,heart,male,age_standardised,national_estimate,hospital_plus_dco,primary,estimated,annual_age_standardised_rate,77.59712092122878,72.03039922209543,90.35775989308831,rate_per_100000,,,,final,cvd_rates_v1_0_7,UN_WPP_2024,BRB,persons,2026-08-26,historical_estimate,WHO_WORLD_2000_2025,none,No disclosure restriction identified.,77.597
bnr_cvd_public_metric_v2,CVD-INCIDENCE-001,cvd_2024_04,annual,2016,2016-01-01,2016,,,1,stroke,male,all,national_estimate,hospital_plus_dco,primary,estimated,annual_crude_rate,232.7986175926674,210.59391966066,283.6986174675765,rate_per_100000,311.7336448598131,133907,,final,cvd_rates_v1_0_7,UN_WPP_2024,BRB,persons,2026-08-26,historical_estimate,WHO_WORLD_2000_2025,none,No disclosure restriction identified.,232.799
bnr_cvd_public_metric_v2,CVD-INCIDENCE-001,cvd_2024_04,annual,2016,2016-01-01,2016,,,1,heart,male,all,national_estimate,hospital_plus_dco,primary,estimated,annual_crude_rate,103.7370824178505,96.3355164405147,120.7037490428202,rate_per_100000,138.911214953271,133907,,final,cvd_rates_v1_0_7,UN_WPP_2024,BRB,persons,2026-08-26,historical_estimate,WHO_WORLD_2000_2025,none,No disclosure restriction identified.,103.737
bnr_cvd_public_metric_v2,CVD-INCIDENCE-001,cvd_2024_04,annual,2016,2016-01-01,2016,,,1,all_cvd,male,age_standardised,national_estimate,hospital_plus_dco,primary,estimated,annual_age_standardised_rate,247.4035700366709,226.5663947966606,295.1687871253098,rate_per_100000,,,,final,cvd_rates_v1_0_7,UN_WPP_2024,BRB,persons,2026-08-26,historical_estimate,WHO_WORLD_2000_2025,none,No disclosure restriction identified.,247.404
bnr_cvd_public_metric_v2,CVD-INCIDENCE-001,cvd_2024_04,annual,2016,2016-01-01,2016,,,1,all_cvd,male,all,national_estimate,hospital_plus_dco,primary,estimated,annual_crude_rate,336.5357000105178,306.9294361011747,404.4023665103967,rate_per_100000,450.6448598130841,133907,,final,cvd_rates_v1_0_7,UN_WPP_2024,BRB,persons,2026-08-26,historical_estimate,WHO_WORLD_2000_2025,none,No disclosure restriction identified.,336.536
bnr_cvd_public_metric_v2,CVD-INCIDENCE-001,cvd_2024_04,annual,2016,2016-01-01,2016,,,1,stroke,male,age_standardised,national_estimate,hospital_plus_dco,primary,estimated,annual_age_standardised_rate,169.8064491154421,154.5359955745652,204.8110272322214,rate_per_100000,,,,final,cvd_rates_v1_0_7,UN_WPP_2024,BRB,persons,2026-08-26,historical_estimate,WHO_WORLD_2000_2025,none,No disclosure restriction identified.,169.806
bnr_cvd_public_metric_v2,CVD-INCIDENCE-001,cvd_2024_04,annual,2017,2017-01-01,2017,,,1,stroke,all,age_standardised,national_estimate,hospital_plus_dco,primary,estimated,annual_age_standardised_rate,139.9868640181801,132.0509113870028,165.9590726293057,rate_per_100000,,,,final,cvd_rates_v1_0_7,UN_WPP_2024,BRB,persons,2026-08-26,historical_estimate,WHO_WORLD_2000_2025,none,No disclosure restriction identified.,139.987
bnr_cvd_public_metric_v2,CVD-INCIDENCE-001,cvd_2024_04,annual,2017,2017-01-01,2017,,,1,all_cvd,all,all,national_estimate,hospital_plus_dco,primary,estimated,annual_crude_rate,335.7448038762346,313.0231180243494,410.1066848460405,rate_per_100000,940.6595744680851,280171,,final,cvd_rates_v1_0_7,UN_WPP_2024,BRB,persons,2026-08-26,historical_estimate,WHO_WORLD_2000_2025,none,No disclosure restriction identified.,335.745
bnr_cvd_public_metric_v2,CVD-INCIDENCE-001,cvd_2024_04,annual,2017,2017-01-01,2017,,,1,heart,all,all,national_estimate,hospital_plus_dco,primary,estimated,annual_crude_rate,116.9361841859952,107.4343882842978,148.0329707733686,rate_per_100000,327.6212765957447,280171,,final,cvd_rates_v1_0_7,UN_WPP_2024,BRB,persons,2026-08-26,historical_estimate,WHO_WORLD_2000_2025,none,No disclosure restriction identified.,116.936
bnr_cvd_public_metric_v2,CVD-INCIDENCE-001,cvd_2024_04,annual,2017,2017-01-01,2017,,,1,all_cvd,all,age_standardised,national_estimate,hospital_plus_dco,primary,estimated,annual_age_standardised_rate,215.5633228814406,201.7158151528941,260.8824390839568,rate_per_100000,,,,final,cvd_rates_v1_0_7,UN_WPP_2024,BRB,persons,2026-08-26,historical_estimate,WHO_WORLD_2000_2025,none,No disclosure restriction identified.,215.563
bnr_cvd_public_metric_v2,CVD-INCIDENCE-001,cvd_2024_04,annual,2017,2017-01-01,2017,,,1,heart,all,age_standardised,national_estimate,hospital_plus_dco,primary,estimated,annual_age_standardised_rate,75.57645886326054,69.66490376589124,94.92336645465102,rate_per_100000,,,,final,cvd_rates_v1_0_7,UN_WPP_2024,BRB,persons,2026-08-26,historical_estimate,WHO_WORLD_2000_2025,none,No disclosure restriction identified.,75.576
bnr_cvd_public_metric_v2,CVD-INCIDENCE-001,cvd_2024_04,annual,2017,2017-01-01,2017,,,1,stroke,all,all,national_estimate,hospital_plus_dco,primary,estimated,annual_crude_rate,218.8086196902393,205.5887297400516,262.0737140726719,rate_per_100000,613.0382978723404,280171,,final,cvd_rates_v1_0_7,UN_WPP_2024,BRB,persons,2026-08-26,historical_estimate,WHO_WORLD_2000_2025,none,No disclosure restriction identified.,218.809
bnr_cvd_public_metric_v2,CVD-INCIDENCE-001,cvd_2024_04,annual,2017,2017-01-01,2017,,,1,stroke,female,age_standardised,national_estimate,hospital_plus_dco,primary,estimated,annual_age_standardised_rate,126.3073021975204,119.7393535232304,147.8024069497423,rate_per_100000,,,,final,cvd_rates_v1_0_7,UN_WPP_2024,BRB,persons,2026-08-26,historical_estimate,WHO_WORLD_2000_2025,none,No disclosure restriction identified.,126.307
bnr_cvd_public_metric_v2,CVD-INCIDENCE-001,cvd_2024_04,annual,2017,2017-01-01,2017,,,1,all_cvd,female,all,national_estimate,hospital_plus_dco,primary,estimated,annual_crude_rate,323.3768467950979,303.5494038646019,388.266660022176,rate_per_100000,471.9361702127659,145940,,final,cvd_rates_v1_0_7,UN_WPP_2024,BRB,persons,2026-08-26,historical_estimate,WHO_WORLD_2000_2025,none,No disclosure restriction identified.,323.377
bnr_cvd_public_metric_v2,CVD-INCIDENCE-001,cvd_2024_04,annual,2017,2017-01-01,2017,,,1,heart,female,age_standardised,national_estimate,hospital_plus_dco,primary,estimated,annual_age_standardised_rate,59.95008753012809,56.13095482890028,72.44906727960094,rate_per_100000,,,,final,cvd_rates_v1_0_7,UN_WPP_2024,BRB,persons,2026-08-26,historical_estimate,WHO_WORLD_2000_2025,none,No disclosure restriction identified.,59.950
bnr_cvd_public_metric_v2,CVD-INCIDENCE-001,cvd_2024_04,annual,2017,2017-01-01,2017,,,1,heart,female,all,national_estimate,hospital_plus_dco,primary,estimated,annual_crude_rate,103.0677136334081,95.92983417842949,126.4280463951562,rate_per_100000,150.4170212765957,145940,,final,cvd_rates_v1_0_7,UN_WPP_2024,BRB,persons,2026-08-26,historical_estimate,WHO_WORLD_2000_2025,none,No disclosure restriction identified.,103.068
bnr_cvd_public_metric_v2,CVD-INCIDENCE-001,cvd_2024_04,annual,2017,2017-01-01,2017,,,1,all_cvd,female,age_standardised,national_estimate,hospital_plus_dco,primary,estimated,annual_age_standardised_rate,186.2573897276484,175.8703083521306,220.2514742293433,rate_per_100000,,,,final,cvd_rates_v1_0_7,UN_WPP_2024,BRB,persons,2026-08-26,historical_estimate,WHO_WORLD_2000_2025,none,No disclosure restriction identified.,186.257
bnr_cvd_public_metric_v2,CVD-INCIDENCE-001,cvd_2024_04,annual,2017,2017-01-01,2017,,,1,stroke,female,all,national_estimate,hospital_plus_dco,primary,estimated,annual_crude_rate,220.3091331616899,207.6195696861724,261.8386136270198,rate_per_100000,321.5191489361702,145940,,final,cvd_rates_v1_0_7,UN_WPP_2024,BRB,persons,2026-08-26,historical_estimate,WHO_WORLD_2000_2025,none,No disclosure restriction identified.,220.309
bnr_cvd_public_metric_v2,CVD-INCIDENCE-001,cvd_2024_04,annual,2017,2017-01-01,2017,,,1,all_cvd,male,age_standardised,national_estimate,hospital_plus_dco,primary,estimated,annual_age_standardised_rate,253.004276154079,234.2304112631961,314.4460157969684,rate_per_100000,,,,final,cvd_rates_v1_0_7,UN_WPP_2024,BRB,persons,2026-08-26,historical_estimate,WHO_WORLD_2000_2025,none,No disclosure restriction identified.,253.004
bnr_cvd_public_metric_v2,CVD-INCIDENCE-001,cvd_2024_04,annual,2017,2017-01-01,2017,,,1,all_cvd,male,all,national_estimate,hospital_plus_dco,primary,estimated,annual_crude_rate,349.1916206057611,323.3232263784074,433.8518198952822,rate_per_100000,468.7234042553192,134231,,final,cvd_rates_v1_0_7,UN_WPP_2024,BRB,persons,2026-08-26,historical_estimate,WHO_WORLD_2000_2025,none,No disclosure restriction identified.,349.192
bnr_cvd_public_metric_v2,CVD-INCIDENCE-001,cvd_2024_04,annual,2017,2017-01-01,2017,,,1,heart,male,all,national_estimate,hospital_plus_dco,primary,estimated,annual_crude_rate,132.0144045109914,119.9424872048931,171.522497512768,rate_per_100000,177.2042553191489,134231,,final,cvd_rates_v1_0_7,UN_WPP_2024,BRB,persons,2026-08-26,historical_estimate,WHO_WORLD_2000_2025,none,No disclosure restriction identified.,132.014
bnr_cvd_public_metric_v2,CVD-INCIDENCE-001,cvd_2024_04,annual,2017,2017-01-01,2017,,,1,stroke,male,age_standardised,national_estimate,hospital_plus_dco,primary,estimated,annual_age_standardised_rate,158.2538104068765,148.00978894021,191.7796988432395,rate_per_100000,,,,final,cvd_rates_v1_0_7,UN_WPP_2024,BRB,persons,2026-08-26,historical_estimate,WHO_WORLD_2000_2025,none,No disclosure restriction identified.,158.254
bnr_cvd_public_metric_v2,CVD-INCIDENCE-001,cvd_2024_04,annual,2017,2017-01-01,2017,,,1,heart,male,age_standardised,national_estimate,hospital_plus_dco,primary,estimated,annual_age_standardised_rate,94.75046574720243,86.22062232298602,122.6663169537289,rate_per_100000,,,,final,cvd_rates_v1_0_7,UN_WPP_2024,BRB,persons,2026-08-26,historical_estimate,WHO_WORLD_2000_2025,none,No disclosure restriction identified.,94.750
bnr_cvd_public_metric_v2,CVD-INCIDENCE-001,cvd_2024_04,annual,2017,2017-01-01,2017,,,1,stroke,male,all,national_estimate,hospital_plus_dco,primary,estimated,annual_crude_rate,217.1772160947696,203.3807391735143,262.3293223825142,rate_per_100000,291.5191489361702,134231,,final,cvd_rates_v1_0_7,UN_WPP_2024,BRB,persons,2026-08-26,historical_estimate,WHO_WORLD_2000_2025,none,No disclosure restriction identified.,217.177
bnr_cvd_public_metric_v2,CVD-INCIDENCE-001,cvd_2024_04,annual,2018,2018-01-01,2018,,,1,all_cvd,all,age_standardised,national_estimate,hospital_plus_dco,primary,estimated,annual_age_standardised_rate,209.0148124523701,196.9352091928522,236.3648575682596,rate_per_100000,,,,final,cvd_rates_v1_0_7,UN_WPP_2024,BRB,persons,2026-08-26,historical_estimate,WHO_WORLD_2000_2025,none,No disclosure restriction identified.,209.015
bnr_cvd_public_metric_v2,CVD-INCIDENCE-001,cvd_2024_04,annual,2018,2018-01-01,2018,,,1,stroke,all,age_standardised,national_estimate,hospital_plus_dco,primary,estimated,annual_age_standardised_rate,,,,rate_per_100000,,,,final,cvd_rates_v1_0_7,UN_WPP_2024,BRB,persons,2026-08-26,historical_estimate,WHO_WORLD_2000_2025,secondary,Secondary suppression: protects a related confidential value.,*
bnr_cvd_public_metric_v2,CVD-INCIDENCE-001,cvd_2024_04,annual,2018,2018-01-01,2018,,,1,heart,all,all,national_estimate,hospital_plus_dco,primary,estimated,annual_crude_rate,104.1205999231945,97.60945885529753,118.8628061146593,rate_per_100000,292.2774566473988,280710.5,,final,cvd_rates_v1_0_7,UN_WPP_2024,BRB,persons,2026-08-26,historical_estimate,WHO_WORLD_2000_2025,none,No disclosure restriction identified.,104.121
bnr_cvd_public_metric_v2,CVD-INCIDENCE-001,cvd_2024_04,annual,2018,2018-01-01,2018,,,1,stroke,all,all,national_estimate,hospital_plus_dco,primary,estimated,annual_crude_rate,,,,rate_per_100000,,,,final,cvd_rates_v1_0_7,UN_WPP_2024,BRB,persons,2026-08-26,historical_estimate,WHO_WORLD_2000_2025,secondary,Secondary suppression: protects a related confidential value.,*
bnr_cvd_public_metric_v2,CVD-INCIDENCE-001,cvd_2024_04,annual,2018,2018-01-01,2018,,,1,all_cvd,all,all,national_estimate,hospital_plus_dco,primary,estimated,annual_crude_rate,326.6648946012128,306.3654548012989,372.625890374603,rate_per_100000,916.9826589595375,280710.5,,final,cvd_rates_v1_0_7,UN_WPP_2024,BRB,persons,2026-08-26,historical_estimate,WHO_WORLD_2000_2025,none,No disclosure restriction identified.,326.665
bnr_cvd_public_metric_v2,CVD-INCIDENCE-001,cvd_2024_04,annual,2018,2018-01-01,2018,,,1,heart,all,age_standardised,national_estimate,hospital_plus_dco,primary,estimated,annual_age_standardised_rate,66.02419024818121,62.20186649823984,74.67850817257677,rate_per_100000,,,,final,cvd_rates_v1_0_7,UN_WPP_2024,BRB,persons,2026-08-26,historical_estimate,WHO_WORLD_2000_2025,none,No disclosure restriction identified.,66.024
bnr_cvd_public_metric_v2,CVD-INCIDENCE-001,cvd_2024_04,annual,2018,2018-01-01,2018,,,1,heart,female,all,national_estimate,hospital_plus_dco,primary,estimated,annual_crude_rate,86.71301233582365,79.35774952368247,103.3664375708603,rate_per_100000,126.7514450867052,146173.5,,final,cvd_rates_v1_0_7,UN_WPP_2024,BRB,persons,2026-08-26,historical_estimate,WHO_WORLD_2000_2025,none,No disclosure restriction identified.,86.713
bnr_cvd_public_metric_v2,CVD-INCIDENCE-001,cvd_2024_04,annual,2018,2018-01-01,2018,,,1,all_cvd,female,age_standardised,national_estimate,hospital_plus_dco,primary,estimated,annual_age_standardised_rate,170.6844858738656,160.7154959883377,193.2557837278913,rate_per_100000,,,,final,cvd_rates_v1_0_7,UN_WPP_2024,BRB,persons,2026-08-26,historical_estimate,WHO_WORLD_2000_2025,none,No disclosure restriction identified.,170.684
bnr_cvd_public_metric_v2,CVD-INCIDENCE-001,cvd_2024_04,annual,2018,2018-01-01,2018,,,1,all_cvd,female,all,national_estimate,hospital_plus_dco,primary,estimated,annual_crude_rate,301.7674518587668,281.1727159847715,348.3970425168695,rate_per_100000,441.1040462427745,146173.5,,final,cvd_rates_v1_0_7,UN_WPP_2024,BRB,persons,2026-08-26,historical_estimate,WHO_WORLD_2000_2025,none,No disclosure restriction identified.,301.767
bnr_cvd_public_metric_v2,CVD-INCIDENCE-001,cvd_2024_04,annual,2018,2018-01-01,2018,,,1,stroke,female,all,national_estimate,hospital_plus_dco,primary,estimated,annual_crude_rate,215.0544395229431,201.8149664610891,245.0306049460092,rate_per_100000,314.3526011560693,146173.5,,final,cvd_rates_v1_0_7,UN_WPP_2024,BRB,persons,2026-08-26,historical_estimate,WHO_WORLD_2000_2025,none,No disclosure restriction identified.,215.054
bnr_cvd_public_metric_v2,CVD-INCIDENCE-001,cvd_2024_04,annual,2018,2018-01-01,2018,,,1,stroke,female,age_standardised,national_estimate,hospital_plus_dco,primary,estimated,annual_age_standardised_rate,122.2934947835154,116.070639867232,136.3829776128363,rate_per_100000,,,,final,cvd_rates_v1_0_7,UN_WPP_2024,BRB,persons,2026-08-26,historical_estimate,WHO_WORLD_2000_2025,none,No disclosure restriction identified.,122.293
bnr_cvd_public_metric_v2,CVD-INCIDENCE-001,cvd_2024_04,annual,2018,2018-01-01,2018,,,1,heart,female,age_standardised,national_estimate,hospital_plus_dco,primary,estimated,annual_age_standardised_rate,48.3909910903503,44.64485612110573,56.872806115055,rate_per_100000,,,,final,cvd_rates_v1_0_7,UN_WPP_2024,BRB,persons,2026-08-26,historical_estimate,WHO_WORLD_2000_2025,none,No disclosure restriction identified.,48.391
bnr_cvd_public_metric_v2,CVD-INCIDENCE-001,cvd_2024_04,annual,2018,2018-01-01,2018,,,1,all_cvd,male,age_standardised,national_estimate,hospital_plus_dco,primary,estimated,annual_age_standardised_rate,254.9016222766639,239.4611613645369,289.861156417329,rate_per_100000,,,,final,cvd_rates_v1_0_7,UN_WPP_2024,BRB,persons,2026-08-26,historical_estimate,WHO_WORLD_2000_2025,none,No disclosure restriction identified.,254.902
bnr_cvd_public_metric_v2,CVD-INCIDENCE-001,cvd_2024_04,annual,2018,2018-01-01,2018,,,1,heart,male,all,national_estimate,hospital_plus_dco,primary,estimated,annual_crude_rate,123.0338208527718,117.4398120963006,135.6995010561028,rate_per_100000,165.5260115606936,134537,,final,cvd_rates_v1_0_7,UN_WPP_2024,BRB,persons,2026-08-26,historical_estimate,WHO_WORLD_2000_2025,none,No disclosure restriction identified.,123.034
bnr_cvd_public_metric_v2,CVD-INCIDENCE-001,cvd_2024_04,annual,2018,2018-01-01,2018,,,1,heart,male,age_standardised,national_estimate,hospital_plus_dco,primary,estimated,annual_age_standardised_rate,87.89745848180875,84.1218207023211,96.44607232215819,rate_per_100000,,,,final,cvd_rates_v1_0_7,UN_WPP_2024,BRB,persons,2026-08-26,historical_estimate,WHO_WORLD_2000_2025,none,No disclosure restriction identified.,87.897
bnr_cvd_public_metric_v2,CVD-INCIDENCE-001,cvd_2024_04,annual,2018,2018-01-01,2018,,,1,stroke,male,age_standardised,national_estimate,hospital_plus_dco,primary,estimated,annual_age_standardised_rate,,,,rate_per_100000,,,,final,cvd_rates_v1_0_7,UN_WPP_2024,BRB,persons,2026-08-26,historical_estimate,WHO_WORLD_2000_2025,secondary,Secondary suppression: protects a related confidential value.,*
bnr_cvd_public_metric_v2,CVD-INCIDENCE-001,cvd_2024_04,annual,2018,2018-01-01,2018,,,1,stroke,male,all,national_estimate,hospital_plus_dco,primary,estimated,annual_crude_rate,,,,rate_per_100000,,,,final,cvd_rates_v1_0_7,UN_WPP_2024,BRB,persons,2026-08-26,historical_estimate,WHO_WORLD_2000_2025,secondary,Secondary suppression: protects a related confidential value.,*
bnr_cvd_public_metric_v2,CVD-INCIDENCE-001,cvd_2024_04,annual,2018,2018-01-01,2018,,,1,all_cvd,male,all,national_estimate,hospital_plus_dco,primary,estimated,annual_crude_rate,353.7157902411701,333.7371875394873,398.9503623959237,rate_per_100000,475.878612716763,134537,,final,cvd_rates_v1_0_7,UN_WPP_2024,BRB,persons,2026-08-26,historical_estimate,WHO_WORLD_2000_2025,none,No disclosure restriction identified.,353.716
bnr_cvd_public_metric_v2,CVD-INCIDENCE-001,cvd_2024_04,annual,2019,2019-01-01,2019,,,1,all_cvd,all,age_standardised,national_estimate,hospital_plus_dco,primary,estimated,annual_age_standardised_rate,232.6468270174604,220.4494198890183,264.0643908331446,rate_per_100000,,,,final,cvd_rates_v1_0_7,UN_WPP_2024,BRB,persons,2026-08-26,historical_estimate,WHO_WORLD_2000_2025,none,No disclosure restriction identified.,232.647
bnr_cvd_public_metric_v2,CVD-INCIDENCE-001,cvd_2024_04,annual,2019,2019-01-01,2019,,,1,heart,all,all,national_estimate,hospital_plus_dco,primary,estimated,annual_crude_rate,128.454815846372,120.195940719931,149.727676020538,rate_per_100000,361.2245762711864,281207.5,,final,cvd_rates_v1_0_7,UN_WPP_2024,BRB,persons,2026-08-26,historical_estimate,WHO_WORLD_2000_2025,none,No disclosure restriction identified.,128.455
bnr_cvd_public_metric_v2,CVD-INCIDENCE-001,cvd_2024_04,annual,2019,2019-01-01,2019,,,1,stroke,all,age_standardised,national_estimate,hospital_plus_dco,primary,estimated,annual_age_standardised_rate,152.648290872281,145.582025851952,170.8492765307041,rate_per_100000,,,,final,cvd_rates_v1_0_7,UN_WPP_2024,BRB,persons,2026-08-26,historical_estimate,WHO_WORLD_2000_2025,none,No disclosure restriction identified.,152.648
bnr_cvd_public_metric_v2,CVD-INCIDENCE-001,cvd_2024_04,annual,2019,2019-01-01,2019,,,1,stroke,all,all,national_estimate,hospital_plus_dco,primary,estimated,annual_crude_rate,246.987228352548,235.0577420588,277.7146930485658,rate_per_100000,694.5466101694915,281207.5,,final,cvd_rates_v1_0_7,UN_WPP_2024,BRB,persons,2026-08-26,historical_estimate,WHO_WORLD_2000_2025,none,No disclosure restriction identified.,246.987
bnr_cvd_public_metric_v2,CVD-INCIDENCE-001,cvd_2024_04,annual,2019,2019-01-01,2019,,,1,heart,all,age_standardised,national_estimate,hospital_plus_dco,primary,estimated,annual_age_standardised_rate,79.99853614517939,74.86739403706628,93.21511430244037,rate_per_100000,,,,final,cvd_rates_v1_0_7,UN_WPP_2024,BRB,persons,2026-08-26,historical_estimate,WHO_WORLD_2000_2025,none,No disclosure restriction identified.,79.999
bnr_cvd_public_metric_v2,CVD-INCIDENCE-001,cvd_2024_04,annual,2019,2019-01-01,2019,,,1,all_cvd,all,all,national_estimate,hospital_plus_dco,primary,estimated,annual_crude_rate,375.44204419892,355.253682778731,427.4423690691038,rate_per_100000,1055.771186440678,281207.5,,final,cvd_rates_v1_0_7,UN_WPP_2024,BRB,persons,2026-08-26,historical_estimate,WHO_WORLD_2000_2025,none,No disclosure restriction identified.,375.442
bnr_cvd_public_metric_v2,CVD-INCIDENCE-001,cvd_2024_04,annual,2019,2019-01-01,2019,,,1,stroke,female,all,national_estimate,hospital_plus_dco,primary,estimated,annual_crude_rate,240.78602543742,230.209340214566,268.0290025265895,rate_per_100000,352.4830508474576,146388.5,,final,cvd_rates_v1_0_7,UN_WPP_2024,BRB,persons,2026-08-26,historical_estimate,WHO_WORLD_2000_2025,none,No disclosure restriction identified.,240.786
bnr_cvd_public_metric_v2,CVD-INCIDENCE-001,cvd_2024_04,annual,2019,2019-01-01,2019,,,1,heart,female,age_standardised,national_estimate,hospital_plus_dco,primary,estimated,annual_age_standardised_rate,64.28541298299595,60.38951549140167,74.32030046134489,rate_per_100000,,,,final,cvd_rates_v1_0_7,UN_WPP_2024,BRB,persons,2026-08-26,historical_estimate,WHO_WORLD_2000_2025,none,No disclosure restriction identified.,64.285
bnr_cvd_public_metric_v2,CVD-INCIDENCE-001,cvd_2024_04,annual,2019,2019-01-01,2019,,,1,heart,female,all,national_estimate,hospital_plus_dco,primary,estimated,annual_crude_rate,119.6693752513555,112.0306581459609,139.3448587046445,rate_per_100000,175.1822033898305,146388.5,,final,cvd_rates_v1_0_7,UN_WPP_2024,BRB,persons,2026-08-26,historical_estimate,WHO_WORLD_2000_2025,none,No disclosure restriction identified.,119.669
bnr_cvd_public_metric_v2,CVD-INCIDENCE-001,cvd_2024_04,annual,2019,2019-01-01,2019,,,1,all_cvd,female,all,national_estimate,hospital_plus_dco,primary,estimated,annual_crude_rate,360.4554006887755,342.239998360527,407.3738612312339,rate_per_100000,527.6652542372881,146388.5,,final,cvd_rates_v1_0_7,UN_WPP_2024,BRB,persons,2026-08-26,historical_estimate,WHO_WORLD_2000_2025,none,No disclosure restriction identified.,360.455
bnr_cvd_public_metric_v2,CVD-INCIDENCE-001,cvd_2024_04,annual,2019,2019-01-01,2019,,,1,all_cvd,female,age_standardised,national_estimate,hospital_plus_dco,primary,estimated,annual_age_standardised_rate,196.8185066973008,187.7368348029797,220.2106918796432,rate_per_100000,,,,final,cvd_rates_v1_0_7,UN_WPP_2024,BRB,persons,2026-08-26,historical_estimate,WHO_WORLD_2000_2025,none,No disclosure restriction identified.,196.819
bnr_cvd_public_metric_v2,CVD-INCIDENCE-001,cvd_2024_04,annual,2019,2019-01-01,2019,,,1,stroke,female,age_standardised,national_estimate,hospital_plus_dco,primary,estimated,annual_age_standardised_rate,132.5330937143049,127.347319311578,145.8903914182983,rate_per_100000,,,,final,cvd_rates_v1_0_7,UN_WPP_2024,BRB,persons,2026-08-26,historical_estimate,WHO_WORLD_2000_2025,none,No disclosure restriction identified.,132.533
bnr_cvd_public_metric_v2,CVD-INCIDENCE-001,cvd_2024_04,annual,2019,2019-01-01,2019,,,1,heart,male,all,national_estimate,hospital_plus_dco,primary,estimated,annual_crude_rate,137.9941795157626,129.0619274731307,161.0014953831478,rate_per_100000,186.0423728813559,134819,,final,cvd_rates_v1_0_7,UN_WPP_2024,BRB,persons,2026-08-26,historical_estimate,WHO_WORLD_2000_2025,none,No disclosure restriction identified.,137.994
bnr_cvd_public_metric_v2,CVD-INCIDENCE-001,cvd_2024_04,annual,2019,2019-01-01,2019,,,1,all_cvd,male,all,national_estimate,hospital_plus_dco,primary,estimated,annual_crude_rate,391.7147673572641,369.3841372506843,449.2330570257272,rate_per_100000,528.1059322033898,134819,,final,cvd_rates_v1_0_7,UN_WPP_2024,BRB,persons,2026-08-26,historical_estimate,WHO_WORLD_2000_2025,none,No disclosure restriction identified.,391.715
bnr_cvd_public_metric_v2,CVD-INCIDENCE-001,cvd_2024_04,annual,2019,2019-01-01,2019,,,1,all_cvd,male,age_standardised,national_estimate,hospital_plus_dco,primary,estimated,annual_age_standardised_rate,270.0879008467293,254.0573824011326,311.3786301762967,rate_per_100000,,,,final,cvd_rates_v1_0_7,UN_WPP_2024,BRB,persons,2026-08-26,historical_estimate,WHO_WORLD_2000_2025,none,No disclosure restriction identified.,270.088
bnr_cvd_public_metric_v2,CVD-INCIDENCE-001,cvd_2024_04,annual,2019,2019-01-01,2019,,,1,stroke,male,age_standardised,national_estimate,hospital_plus_dco,primary,estimated,annual_age_standardised_rate,172.2980367417195,163.0573431510929,196.0998232630303,rate_per_100000,,,,final,cvd_rates_v1_0_7,UN_WPP_2024,BRB,persons,2026-08-26,historical_estimate,WHO_WORLD_2000_2025,none,No disclosure restriction identified.,172.298
bnr_cvd_public_metric_v2,CVD-INCIDENCE-001,cvd_2024_04,annual,2019,2019-01-01,2019,,,1,heart,male,age_standardised,national_estimate,hospital_plus_dco,primary,estimated,annual_age_standardised_rate,97.78986410500983,91.00003925003963,115.2788069132664,rate_per_100000,,,,final,cvd_rates_v1_0_7,UN_WPP_2024,BRB,persons,2026-08-26,historical_estimate,WHO_WORLD_2000_2025,none,No disclosure restriction identified.,97.790
bnr_cvd_public_metric_v2,CVD-INCIDENCE-001,cvd_2024_04,annual,2019,2019-01-01,2019,,,1,stroke,male,all,national_estimate,hospital_plus_dco,primary,estimated,annual_crude_rate,253.7205878415015,240.3222097775536,288.2315616425794,rate_per_100000,342.0635593220339,134819,,final,cvd_rates_v1_0_7,UN_WPP_2024,BRB,persons,2026-08-26,historical_estimate,WHO_WORLD_2000_2025,none,No disclosure restriction identified.,253.721
bnr_cvd_public_metric_v2,CVD-INCIDENCE-001,cvd_2024_04,annual,2020,2020-01-01,2020,,,1,all_cvd,all,age_standardised,national_estimate,hospital_plus_dco,primary,estimated,annual_age_standardised_rate,213.5529825332369,200.533152201897,241.280398979609,rate_per_100000,,,,final,cvd_rates_v1_0_7,UN_WPP_2024,BRB,persons,2026-08-26,historical_estimate,WHO_WORLD_2000_2025,none,No disclosure restriction identified.,213.553
bnr_cvd_public_metric_v2,CVD-INCIDENCE-001,cvd_2024_04,annual,2020,2020-01-01,2020,,,1,all_cvd,all,all,national_estimate,hospital_plus_dco,primary,estimated,annual_crude_rate,344.7899069888139,322.3310069649057,392.6190459286186,rate_per_100000,971.2662721893491,281698,,final,cvd_rates_v1_0_7,UN_WPP_2024,BRB,persons,2026-08-26,historical_estimate,WHO_WORLD_2000_2025,none,No disclosure restriction identified.,344.790
bnr_cvd_public_metric_v2,CVD-INCIDENCE-001,cvd_2024_04,annual,2020,2020-01-01,2020,,,1,stroke,all,age_standardised,national_estimate,hospital_plus_dco,primary,estimated,annual_age_standardised_rate,141.3680201255931,133.1113198102402,158.9517337601411,rate_per_100000,,,,final,cvd_rates_v1_0_7,UN_WPP_2024,BRB,persons,2026-08-26,historical_estimate,WHO_WORLD_2000_2025,none,No disclosure restriction identified.,141.368
bnr_cvd_public_metric_v2,CVD-INCIDENCE-001,cvd_2024_04,annual,2020,2020-01-01,2020,,,1,stroke,all,all,national_estimate,hospital_plus_dco,primary,estimated,annual_crude_rate,226.8407717341846,212.284077274244,257.8411395655394,rate_per_100000,639.0059171597633,281698,,final,cvd_rates_v1_0_7,UN_WPP_2024,BRB,persons,2026-08-26,historical_estimate,WHO_WORLD_2000_2025,none,No disclosure restriction identified.,226.841
bnr_cvd_public_metric_v2,CVD-INCIDENCE-001,cvd_2024_04,annual,2020,2020-01-01,2020,,,1,heart,all,all,national_estimate,hospital_plus_dco,primary,estimated,annual_crude_rate,117.9491352546294,110.0469296906616,134.7779063630791,rate_per_100000,332.2603550295858,281698,,final,cvd_rates_v1_0_7,UN_WPP_2024,BRB,persons,2026-08-26,historical_estimate,WHO_WORLD_2000_2025,none,No disclosure restriction identified.,117.949
bnr_cvd_public_metric_v2,CVD-INCIDENCE-001,cvd_2024_04,annual,2020,2020-01-01,2020,,,1,heart,all,age_standardised,national_estimate,hospital_plus_dco,primary,estimated,annual_age_standardised_rate,72.18496240764379,67.42183239165679,82.32866521946795,rate_per_100000,,,,final,cvd_rates_v1_0_7,UN_WPP_2024,BRB,persons,2026-08-26,historical_estimate,WHO_WORLD_2000_2025,none,No disclosure restriction identified.,72.185
bnr_cvd_public_metric_v2,CVD-INCIDENCE-001,cvd_2024_04,annual,2020,2020-01-01,2020,,,1,heart,female,age_standardised,national_estimate,hospital_plus_dco,primary,estimated,annual_age_standardised_rate,51.80779508317224,48.60437328474713,58.62989706129979,rate_per_100000,,,,final,cvd_rates_v1_0_7,UN_WPP_2024,BRB,persons,2026-08-26,historical_estimate,WHO_WORLD_2000_2025,none,No disclosure restriction identified.,51.808
bnr_cvd_public_metric_v2,CVD-INCIDENCE-001,cvd_2024_04,annual,2020,2020-01-01,2020,,,1,all_cvd,female,all,national_estimate,hospital_plus_dco,primary,estimated,annual_crude_rate,321.7241566723907,300.14563884976,367.6784075909561,rate_per_100000,471.6331360946746,146595.5,,final,cvd_rates_v1_0_7,UN_WPP_2024,BRB,persons,2026-08-26,historical_estimate,WHO_WORLD_2000_2025,none,No disclosure restriction identified.,321.724
bnr_cvd_public_metric_v2,CVD-INCIDENCE-001,cvd_2024_04,annual,2020,2020-01-01,2020,,,1,stroke,female,age_standardised,national_estimate,hospital_plus_dco,primary,estimated,annual_age_standardised_rate,125.5899946267812,118.1773372486989,141.3762094134381,rate_per_100000,,,,final,cvd_rates_v1_0_7,UN_WPP_2024,BRB,persons,2026-08-26,historical_estimate,WHO_WORLD_2000_2025,none,No disclosure restriction identified.,125.590
bnr_cvd_public_metric_v2,CVD-INCIDENCE-001,cvd_2024_04,annual,2020,2020-01-01,2020,,,1,all_cvd,female,age_standardised,national_estimate,hospital_plus_dco,primary,estimated,annual_age_standardised_rate,177.3977897099535,166.781710533446,200.0061064747378,rate_per_100000,,,,final,cvd_rates_v1_0_7,UN_WPP_2024,BRB,persons,2026-08-26,historical_estimate,WHO_WORLD_2000_2025,none,No disclosure restriction identified.,177.398
bnr_cvd_public_metric_v2,CVD-INCIDENCE-001,cvd_2024_04,annual,2020,2020-01-01,2020,,,1,heart,female,all,national_estimate,hospital_plus_dco,primary,estimated,annual_crude_rate,97.11947574454111,90.72584083413201,110.7355500907827,rate_per_100000,142.3727810650888,146595.5,,final,cvd_rates_v1_0_7,UN_WPP_2024,BRB,persons,2026-08-26,historical_estimate,WHO_WORLD_2000_2025,none,No disclosure restriction identified.,97.119
bnr_cvd_public_metric_v2,CVD-INCIDENCE-001,cvd_2024_04,annual,2020,2020-01-01,2020,,,1,stroke,female,all,national_estimate,hospital_plus_dco,primary,estimated,annual_crude_rate,224.6046809278496,209.419798015628,256.9428575001734,rate_per_100000,329.2603550295858,146595.5,,final,cvd_rates_v1_0_7,UN_WPP_2024,BRB,persons,2026-08-26,historical_estimate,WHO_WORLD_2000_2025,none,No disclosure restriction identified.,224.605
bnr_cvd_public_metric_v2,CVD-INCIDENCE-001,cvd_2024_04,annual,2020,2020-01-01,2020,,,1,heart,male,age_standardised,national_estimate,hospital_plus_dco,primary,estimated,annual_age_standardised_rate,96.34153193828517,90.34766262117049,109.1062536321405,rate_per_100000,,,,final,cvd_rates_v1_0_7,UN_WPP_2024,BRB,persons,2026-08-26,historical_estimate,WHO_WORLD_2000_2025,none,No disclosure restriction identified.,96.342
bnr_cvd_public_metric_v2,CVD-INCIDENCE-001,cvd_2024_04,annual,2020,2020-01-01,2020,,,1,all_cvd,male,all,national_estimate,hospital_plus_dco,primary,estimated,annual_crude_rate,369.8178317164187,346.4036564830407,419.6813530467608,rate_per_100000,499.6331360946746,135102.5,,final,cvd_rates_v1_0_7,UN_WPP_2024,BRB,persons,2026-08-26,historical_estimate,WHO_WORLD_2000_2025,none,No disclosure restriction identified.,369.818
bnr_cvd_public_metric_v2,CVD-INCIDENCE-001,cvd_2024_04,annual,2020,2020-01-01,2020,,,1,stroke,male,all,national_estimate,hospital_plus_dco,primary,estimated,annual_crude_rate,229.2670839771118,215.3920171721471,258.8158373580553,rate_per_100000,309.7455621301775,135102.5,,final,cvd_rates_v1_0_7,UN_WPP_2024,BRB,persons,2026-08-26,historical_estimate,WHO_WORLD_2000_2025,none,No disclosure restriction identified.,229.267
bnr_cvd_public_metric_v2,CVD-INCIDENCE-001,cvd_2024_04,annual,2020,2020-01-01,2020,,,1,all_cvd,male,age_standardised,national_estimate,hospital_plus_dco,primary,estimated,annual_age_standardised_rate,253.0204236400879,237.8966133114536,285.228538228846,rate_per_100000,,,,final,cvd_rates_v1_0_7,UN_WPP_2024,BRB,persons,2026-08-26,historical_estimate,WHO_WORLD_2000_2025,none,No disclosure restriction identified.,253.020
bnr_cvd_public_metric_v2,CVD-INCIDENCE-001,cvd_2024_04,annual,2020,2020-01-01,2020,,,1,stroke,male,age_standardised,national_estimate,hospital_plus_dco,primary,estimated,annual_age_standardised_rate,156.6788917018027,147.5489506902832,176.1222845967055,rate_per_100000,,,,final,cvd_rates_v1_0_7,UN_WPP_2024,BRB,persons,2026-08-26,historical_estimate,WHO_WORLD_2000_2025,none,No disclosure restriction identified.,156.679
bnr_cvd_public_metric_v2,CVD-INCIDENCE-001,cvd_2024_04,annual,2020,2020-01-01,2020,,,1,heart,male,all,national_estimate,hospital_plus_dco,primary,estimated,annual_crude_rate,140.5507477393068,131.0116393108936,160.8655156887055,rate_per_100000,189.8875739644971,135102.5,,final,cvd_rates_v1_0_7,UN_WPP_2024,BRB,persons,2026-08-26,historical_estimate,WHO_WORLD_2000_2025,none,No disclosure restriction identified.,140.551
bnr_cvd_public_metric_v2,CVD-INCIDENCE-001,cvd_2024_04,annual,2021,2021-01-01,2021,,,1,stroke,all,all,national_estimate,hospital_plus_dco,primary,estimated,annual_crude_rate,212.4383195386065,199.187301632308,245.0358235881005,rate_per_100000,599.3872832369942,282146.5,,final,cvd_rates_v1_0_7,UN_WPP_2024,BRB,persons,2026-08-26,historical_estimate,WHO_WORLD_2000_2025,none,No disclosure restriction identified.,212.438
bnr_cvd_public_metric_v2,CVD-INCIDENCE-001,cvd_2024_04,annual,2021,2021-01-01,2021,,,1,all_cvd,all,age_standardised,national_estimate,hospital_plus_dco,primary,estimated,annual_age_standardised_rate,181.6575437450601,169.8481675269188,210.7086092416878,rate_per_100000,,,,final,cvd_rates_v1_0_7,UN_WPP_2024,BRB,persons,2026-08-26,historical_estimate,WHO_WORLD_2000_2025,none,No disclosure restriction identified.,181.658
bnr_cvd_public_metric_v2,CVD-INCIDENCE-001,cvd_2024_04,annual,2021,2021-01-01,2021,,,1,stroke,all,age_standardised,national_estimate,hospital_plus_dco,primary,estimated,annual_age_standardised_rate,129.1287384042854,121.4400532672872,148.042903841301,rate_per_100000,,,,final,cvd_rates_v1_0_7,UN_WPP_2024,BRB,persons,2026-08-26,historical_estimate,WHO_WORLD_2000_2025,none,No disclosure restriction identified.,129.129
bnr_cvd_public_metric_v2,CVD-INCIDENCE-001,cvd_2024_04,annual,2021,2021-01-01,2021,,,1,heart,all,age_standardised,national_estimate,hospital_plus_dco,primary,estimated,annual_age_standardised_rate,52.52880534077465,48.40811425963155,62.66570540038675,rate_per_100000,,,,final,cvd_rates_v1_0_7,UN_WPP_2024,BRB,persons,2026-08-26,historical_estimate,WHO_WORLD_2000_2025,none,No disclosure restriction identified.,52.529
bnr_cvd_public_metric_v2,CVD-INCIDENCE-001,cvd_2024_04,annual,2021,2021-01-01,2021,,,1,all_cvd,all,all,national_estimate,hospital_plus_dco,primary,estimated,annual_crude_rate,296.5294266786689,276.4521268206411,345.9195843294175,rate_per_100000,836.6473988439307,282146.5,,final,cvd_rates_v1_0_7,UN_WPP_2024,BRB,persons,2026-08-26,historical_estimate,WHO_WORLD_2000_2025,none,No disclosure restriction identified.,296.529
bnr_cvd_public_metric_v2,CVD-INCIDENCE-001,cvd_2024_04,annual,2021,2021-01-01,2021,,,1,heart,all,all,national_estimate,hospital_plus_dco,primary,estimated,annual_crude_rate,84.09110714006249,77.26482518833301,100.883760741317,rate_per_100000,237.2601156069364,282146.5,,final,cvd_rates_v1_0_7,UN_WPP_2024,BRB,persons,2026-08-26,historical_estimate,WHO_WORLD_2000_2025,none,No disclosure restriction identified.,84.091
bnr_cvd_public_metric_v2,CVD-INCIDENCE-001,cvd_2024_04,annual,2021,2021-01-01,2021,,,1,heart,female,age_standardised,national_estimate,hospital_plus_dco,primary,estimated,annual_age_standardised_rate,42.61317681681901,38.0514542021499,53.835014448905,rate_per_100000,,,,final,cvd_rates_v1_0_7,UN_WPP_2024,BRB,persons,2026-08-26,historical_estimate,WHO_WORLD_2000_2025,none,No disclosure restriction identified.,42.613
bnr_cvd_public_metric_v2,CVD-INCIDENCE-001,cvd_2024_04,annual,2021,2021-01-01,2021,,,1,all_cvd,female,all,national_estimate,hospital_plus_dco,primary,estimated,annual_crude_rate,280.485009726582,258.8741020304586,333.6478426590458,rate_per_100000,411.7225433526011,146789.5,,final,cvd_rates_v1_0_7,UN_WPP_2024,BRB,persons,2026-08-26,historical_estimate,WHO_WORLD_2000_2025,none,No disclosure restriction identified.,280.485
bnr_cvd_public_metric_v2,CVD-INCIDENCE-001,cvd_2024_04,annual,2021,2021-01-01,2021,,,1,stroke,female,all,national_estimate,hospital_plus_dco,primary,estimated,annual_crude_rate,203.8702465823076,190.7493383382326,236.147680862732,rate_per_100000,299.2601156069364,146789.5,,final,cvd_rates_v1_0_7,UN_WPP_2024,BRB,persons,2026-08-26,historical_estimate,WHO_WORLD_2000_2025,none,No disclosure restriction identified.,203.870
bnr_cvd_public_metric_v2,CVD-INCIDENCE-001,cvd_2024_04,annual,2021,2021-01-01,2021,,,1,heart,female,all,national_estimate,hospital_plus_dco,primary,estimated,annual_crude_rate,76.61476314427445,68.12476369222594,97.50016179631378,rate_per_100000,112.4624277456647,146789.5,,final,cvd_rates_v1_0_7,UN_WPP_2024,BRB,persons,2026-08-26,historical_estimate,WHO_WORLD_2000_2025,none,No disclosure restriction identified.,76.615
bnr_cvd_public_metric_v2,CVD-INCIDENCE-001,cvd_2024_04,annual,2021,2021-01-01,2021,,,1,all_cvd,female,age_standardised,national_estimate,hospital_plus_dco,primary,estimated,annual_age_standardised_rate,153.7452716485784,142.7016642714022,180.9125457964321,rate_per_100000,,,,final,cvd_rates_v1_0_7,UN_WPP_2024,BRB,persons,2026-08-26,historical_estimate,WHO_WORLD_2000_2025,none,No disclosure restriction identified.,153.745
bnr_cvd_public_metric_v2,CVD-INCIDENCE-001,cvd_2024_04,annual,2021,2021-01-01,2021,,,1,stroke,female,age_standardised,national_estimate,hospital_plus_dco,primary,estimated,annual_age_standardised_rate,111.1320948317595,104.6502100692523,127.0775313475271,rate_per_100000,,,,final,cvd_rates_v1_0_7,UN_WPP_2024,BRB,persons,2026-08-26,historical_estimate,WHO_WORLD_2000_2025,none,No disclosure restriction identified.,111.132
bnr_cvd_public_metric_v2,CVD-INCIDENCE-001,cvd_2024_04,annual,2021,2021-01-01,2021,,,1,all_cvd,male,age_standardised,national_estimate,hospital_plus_dco,primary,estimated,annual_age_standardised_rate,214.2090171240603,202.1603309824341,243.8487850324611,rate_per_100000,,,,final,cvd_rates_v1_0_7,UN_WPP_2024,BRB,persons,2026-08-26,historical_estimate,WHO_WORLD_2000_2025,none,No disclosure restriction identified.,214.209
bnr_cvd_public_metric_v2,CVD-INCIDENCE-001,cvd_2024_04,annual,2021,2021-01-01,2021,,,1,heart,male,all,national_estimate,hospital_plus_dco,primary,estimated,annual_crude_rate,92.19891683568021,87.17687300989236,104.5531446471184,rate_per_100000,124.7976878612717,135357,,final,cvd_rates_v1_0_7,UN_WPP_2024,BRB,persons,2026-08-26,historical_estimate,WHO_WORLD_2000_2025,none,No disclosure restriction identified.,92.199
bnr_cvd_public_metric_v2,CVD-INCIDENCE-001,cvd_2024_04,annual,2021,2021-01-01,2021,,,1,stroke,male,all,national_estimate,hospital_plus_dco,primary,estimated,annual_crude_rate,221.7300676212222,208.3379507524546,254.6746751183907,rate_per_100000,300.1271676300578,135357,,final,cvd_rates_v1_0_7,UN_WPP_2024,BRB,persons,2026-08-26,historical_estimate,WHO_WORLD_2000_2025,none,No disclosure restriction identified.,221.730
bnr_cvd_public_metric_v2,CVD-INCIDENCE-001,cvd_2024_04,annual,2021,2021-01-01,2021,,,1,all_cvd,male,all,national_estimate,hospital_plus_dco,primary,estimated,annual_crude_rate,313.9289844569025,295.514823762347,359.227819765509,rate_per_100000,424.9248554913295,135357,,final,cvd_rates_v1_0_7,UN_WPP_2024,BRB,persons,2026-08-26,historical_estimate,WHO_WORLD_2000_2025,none,No disclosure restriction identified.,313.929
bnr_cvd_public_metric_v2,CVD-INCIDENCE-001,cvd_2024_04,annual,2021,2021-01-01,2021,,,1,heart,male,age_standardised,national_estimate,hospital_plus_dco,primary,estimated,annual_age_standardised_rate,62.8359453941701,59.81233866847897,70.27401793937028,rate_per_100000,,,,final,cvd_rates_v1_0_7,UN_WPP_2024,BRB,persons,2026-08-26,historical_estimate,WHO_WORLD_2000_2025,none,No disclosure restriction identified.,62.836
bnr_cvd_public_metric_v2,CVD-INCIDENCE-001,cvd_2024_04,annual,2021,2021-01-01,2021,,,1,stroke,male,age_standardised,national_estimate,hospital_plus_dco,primary,estimated,annual_age_standardised_rate,151.3730717298902,142.3479923139551,173.5747670930907,rate_per_100000,,,,final,cvd_rates_v1_0_7,UN_WPP_2024,BRB,persons,2026-08-26,historical_estimate,WHO_WORLD_2000_2025,none,No disclosure restriction identified.,151.373
bnr_cvd_public_metric_v2,CVD-INCIDENCE-001,cvd_2024_04,annual,2022,2022-01-01,2022,,,1,all_cvd,all,age_standardised,national_estimate,hospital_plus_dco,primary,estimated,annual_age_standardised_rate,198.9954254979454,184.8378307646386,230.2320234015903,rate_per_100000,,,,final,cvd_rates_v1_0_7,UN_WPP_2024,BRB,persons,2026-08-26,historical_estimate,WHO_WORLD_2000_2025,none,No disclosure restriction identified.,198.995
bnr_cvd_public_metric_v2,CVD-INCIDENCE-001,cvd_2024_04,annual,2022,2022-01-01,2022,,,1,stroke,all,all,national_estimate,hospital_plus_dco,primary,estimated,annual_crude_rate,231.4257098886944,215.7141946315856,266.0907991067598,rate_per_100000,653.3564356435644,282318,,final,cvd_rates_v1_0_7,UN_WPP_2024,BRB,persons,2026-08-26,historical_estimate,WHO_WORLD_2000_2025,none,No disclosure restriction identified.,231.426
bnr_cvd_public_metric_v2,CVD-INCIDENCE-001,cvd_2024_04,annual,2022,2022-01-01,2022,,,1,all_cvd,all,all,national_estimate,hospital_plus_dco,primary,estimated,annual_crude_rate,333.617192718358,308.8715561884117,388.214708236811,rate_per_100000,941.8613861386139,282318,,final,cvd_rates_v1_0_7,UN_WPP_2024,BRB,persons,2026-08-26,historical_estimate,WHO_WORLD_2000_2025,none,No disclosure restriction identified.,333.617
bnr_cvd_public_metric_v2,CVD-INCIDENCE-001,cvd_2024_04,annual,2022,2022-01-01,2022,,,1,heart,all,age_standardised,national_estimate,hospital_plus_dco,primary,estimated,annual_age_standardised_rate,60.7553947222827,55.53989361905001,72.26261144211358,rate_per_100000,,,,final,cvd_rates_v1_0_7,UN_WPP_2024,BRB,persons,2026-08-26,historical_estimate,WHO_WORLD_2000_2025,none,No disclosure restriction identified.,60.755
bnr_cvd_public_metric_v2,CVD-INCIDENCE-001,cvd_2024_04,annual,2022,2022-01-01,2022,,,1,heart,all,all,national_estimate,hospital_plus_dco,primary,estimated,annual_crude_rate,102.1914828296635,93.15736155682599,122.1239091300511,rate_per_100000,288.5049504950495,282318,,final,cvd_rates_v1_0_7,UN_WPP_2024,BRB,persons,2026-08-26,historical_estimate,WHO_WORLD_2000_2025,none,No disclosure restriction identified.,102.191
bnr_cvd_public_metric_v2,CVD-INCIDENCE-001,cvd_2024_04,annual,2022,2022-01-01,2022,,,1,stroke,all,age_standardised,national_estimate,hospital_plus_dco,primary,estimated,annual_age_standardised_rate,138.2400307756626,129.2979371455886,157.9694119594768,rate_per_100000,,,,final,cvd_rates_v1_0_7,UN_WPP_2024,BRB,persons,2026-08-26,historical_estimate,WHO_WORLD_2000_2025,none,No disclosure restriction identified.,138.240
bnr_cvd_public_metric_v2,CVD-INCIDENCE-001,cvd_2024_04,annual,2022,2022-01-01,2022,,,1,heart,female,age_standardised,national_estimate,hospital_plus_dco,primary,estimated,annual_age_standardised_rate,46.91284302862371,42.60323895387463,56.42133455862565,rate_per_100000,,,,final,cvd_rates_v1_0_7,UN_WPP_2024,BRB,persons,2026-08-26,historical_estimate,WHO_WORLD_2000_2025,none,No disclosure restriction identified.,46.913
bnr_cvd_public_metric_v2,CVD-INCIDENCE-001,cvd_2024_04,annual,2022,2022-01-01,2022,,,1,stroke,female,age_standardised,national_estimate,hospital_plus_dco,primary,estimated,annual_age_standardised_rate,120.2011635091668,113.3769815977825,135.2576918533322,rate_per_100000,,,,final,cvd_rates_v1_0_7,UN_WPP_2024,BRB,persons,2026-08-26,historical_estimate,WHO_WORLD_2000_2025,none,No disclosure restriction identified.,120.201
bnr_cvd_public_metric_v2,CVD-INCIDENCE-001,cvd_2024_04,annual,2022,2022-01-01,2022,,,1,heart,female,all,national_estimate,hospital_plus_dco,primary,estimated,annual_crude_rate,85.82949625162338,78.2810835463373,102.4839306331276,rate_per_100000,126.0891089108911,146906.5,,final,cvd_rates_v1_0_7,UN_WPP_2024,BRB,persons,2026-08-26,historical_estimate,WHO_WORLD_2000_2025,none,No disclosure restriction identified.,85.829
bnr_cvd_public_metric_v2,CVD-INCIDENCE-001,cvd_2024_04,annual,2022,2022-01-01,2022,,,1,stroke,female,all,national_estimate,hospital_plus_dco,primary,estimated,annual_crude_rate,221.9570318064164,207.6150476663728,253.6004571312743,rate_per_100000,326.0693069306931,146906.5,,final,cvd_rates_v1_0_7,UN_WPP_2024,BRB,persons,2026-08-26,historical_estimate,WHO_WORLD_2000_2025,none,No disclosure restriction identified.,221.957
bnr_cvd_public_metric_v2,CVD-INCIDENCE-001,cvd_2024_04,annual,2022,2022-01-01,2022,,,1,all_cvd,female,age_standardised,national_estimate,hospital_plus_dco,primary,estimated,annual_age_standardised_rate,167.1140065377905,155.9802205516571,191.6790264119579,rate_per_100000,,,,final,cvd_rates_v1_0_7,UN_WPP_2024,BRB,persons,2026-08-26,historical_estimate,WHO_WORLD_2000_2025,none,No disclosure restriction identified.,167.114
bnr_cvd_public_metric_v2,CVD-INCIDENCE-001,cvd_2024_04,annual,2022,2022-01-01,2022,,,1,all_cvd,female,all,national_estimate,hospital_plus_dco,primary,estimated,annual_crude_rate,307.7865280580397,285.8961312127101,356.0843877644019,rate_per_100000,452.1584158415841,146906.5,,final,cvd_rates_v1_0_7,UN_WPP_2024,BRB,persons,2026-08-26,historical_estimate,WHO_WORLD_2000_2025,none,No disclosure restriction identified.,307.787
bnr_cvd_public_metric_v2,CVD-INCIDENCE-001,cvd_2024_04,annual,2022,2022-01-01,2022,,,1,heart,male,age_standardised,national_estimate,hospital_plus_dco,primary,estimated,annual_age_standardised_rate,78.27772309899842,71.56963847417214,93.07810028710716,rate_per_100000,,,,final,cvd_rates_v1_0_7,UN_WPP_2024,BRB,persons,2026-08-26,historical_estimate,WHO_WORLD_2000_2025,none,No disclosure restriction identified.,78.278
bnr_cvd_public_metric_v2,CVD-INCIDENCE-001,cvd_2024_04,annual,2022,2022-01-01,2022,,,1,stroke,male,all,national_estimate,hospital_plus_dco,primary,estimated,annual_crude_rate,241.6981783030772,224.5008732640876,279.6414386271969,rate_per_100000,327.2871287128713,135411.5,,final,cvd_rates_v1_0_7,UN_WPP_2024,BRB,persons,2026-08-26,historical_estimate,WHO_WORLD_2000_2025,none,No disclosure restriction identified.,241.698
bnr_cvd_public_metric_v2,CVD-INCIDENCE-001,cvd_2024_04,annual,2022,2022-01-01,2022,,,1,heart,male,all,national_estimate,hospital_plus_dco,primary,estimated,annual_crude_rate,119.9424285117279,109.2964777733058,143.4311134742782,rate_per_100000,162.4158415841584,135411.5,,final,cvd_rates_v1_0_7,UN_WPP_2024,BRB,persons,2026-08-26,historical_estimate,WHO_WORLD_2000_2025,none,No disclosure restriction identified.,119.942
bnr_cvd_public_metric_v2,CVD-INCIDENCE-001,cvd_2024_04,annual,2022,2022-01-01,2022,,,1,all_cvd,male,all,national_estimate,hospital_plus_dco,primary,estimated,annual_crude_rate,361.640606814805,333.7973510373934,423.0725521014751,rate_per_100000,489.7029702970297,135411.5,,final,cvd_rates_v1_0_7,UN_WPP_2024,BRB,persons,2026-08-26,historical_estimate,WHO_WORLD_2000_2025,none,No disclosure restriction identified.,361.641
bnr_cvd_public_metric_v2,CVD-INCIDENCE-001,cvd_2024_04,annual,2022,2022-01-01,2022,,,1,stroke,male,age_standardised,national_estimate,hospital_plus_dco,primary,estimated,annual_age_standardised_rate,161.3893475914636,149.8985762552917,186.7420018093668,rate_per_100000,,,,final,cvd_rates_v1_0_7,UN_WPP_2024,BRB,persons,2026-08-26,historical_estimate,WHO_WORLD_2000_2025,none,No disclosure restriction identified.,161.389
bnr_cvd_public_metric_v2,CVD-INCIDENCE-001,cvd_2024_04,annual,2022,2022-01-01,2022,,,1,all_cvd,male,age_standardised,national_estimate,hospital_plus_dco,primary,estimated,annual_age_standardised_rate,239.667070690462,221.4682147294638,279.820102096474,rate_per_100000,,,,final,cvd_rates_v1_0_7,UN_WPP_2024,BRB,persons,2026-08-26,historical_estimate,WHO_WORLD_2000_2025,none,No disclosure restriction identified.,239.667
bnr_cvd_public_metric_v2,CVD-INCIDENCE-001,cvd_2024_04,annual,2023,2023-01-01,2023,,,1,stroke,all,all,national_estimate,hospital_plus_dco,primary,estimated,annual_crude_rate,248.8079517329179,234.472401677434,281.8899903224963,rate_per_100000,702.4744186046512,282336,,final,cvd_rates_v1_0_7,UN_WPP_2024,BRB,persons,2026-08-26,historical_estimate,WHO_WORLD_2000_2025,none,No disclosure restriction identified.,248.808
bnr_cvd_public_metric_v2,CVD-INCIDENCE-001,cvd_2024_04,annual,2023,2023-01-01,2023,,,1,heart,all,age_standardised,national_estimate,hospital_plus_dco,primary,estimated,annual_age_standardised_rate,64.53193092766439,58.36185259760523,78.77057322780092,rate_per_100000,,,,final,cvd_rates_v1_0_7,UN_WPP_2024,BRB,persons,2026-08-26,historical_estimate,WHO_WORLD_2000_2025,none,No disclosure restriction identified.,64.532
bnr_cvd_public_metric_v2,CVD-INCIDENCE-001,cvd_2024_04,annual,2023,2023-01-01,2023,,,1,all_cvd,all,all,national_estimate,hospital_plus_dco,primary,estimated,annual_crude_rate,355.6870388967524,331.1657032755298,412.2747364841891,rate_per_100000,1004.232558139535,282336,,final,cvd_rates_v1_0_7,UN_WPP_2024,BRB,persons,2026-08-26,historical_estimate,WHO_WORLD_2000_2025,none,No disclosure restriction identified.,355.687
bnr_cvd_public_metric_v2,CVD-INCIDENCE-001,cvd_2024_04,annual,2023,2023-01-01,2023,,,1,stroke,all,age_standardised,national_estimate,hospital_plus_dco,primary,estimated,annual_age_standardised_rate,146.4978015696378,138.6793540145966,164.5403728505022,rate_per_100000,,,,final,cvd_rates_v1_0_7,UN_WPP_2024,BRB,persons,2026-08-26,historical_estimate,WHO_WORLD_2000_2025,none,No disclosure restriction identified.,146.498
bnr_cvd_public_metric_v2,CVD-INCIDENCE-001,cvd_2024_04,annual,2023,2023-01-01,2023,,,1,heart,all,all,national_estimate,hospital_plus_dco,primary,estimated,annual_crude_rate,106.8790871638345,96.69330159809589,130.3847461616928,rate_per_100000,301.7581395348838,282336,,final,cvd_rates_v1_0_7,UN_WPP_2024,BRB,persons,2026-08-26,historical_estimate,WHO_WORLD_2000_2025,none,No disclosure restriction identified.,106.879
bnr_cvd_public_metric_v2,CVD-INCIDENCE-001,cvd_2024_04,annual,2023,2023-01-01,2023,,,1,all_cvd,all,age_standardised,national_estimate,hospital_plus_dco,primary,estimated,annual_age_standardised_rate,211.0297324973022,197.0412066122018,243.3109460783031,rate_per_100000,,,,final,cvd_rates_v1_0_7,UN_WPP_2024,BRB,persons,2026-08-26,historical_estimate,WHO_WORLD_2000_2025,none,No disclosure restriction identified.,211.030
bnr_cvd_public_metric_v2,CVD-INCIDENCE-001,cvd_2024_04,annual,2023,2023-01-01,2023,,,1,heart,female,all,national_estimate,hospital_plus_dco,primary,estimated,annual_crude_rate,85.49355677168545,78.2464627495807,102.2176198996195,rate_per_100000,125.6511627906977,146971.5,,final,cvd_rates_v1_0_7,UN_WPP_2024,BRB,persons,2026-08-26,historical_estimate,WHO_WORLD_2000_2025,none,No disclosure restriction identified.,85.494
bnr_cvd_public_metric_v2,CVD-INCIDENCE-001,cvd_2024_04,annual,2023,2023-01-01,2023,,,1,all_cvd,female,all,national_estimate,hospital_plus_dco,primary,estimated,annual_crude_rate,320.2614270493354,301.418982591863,363.7439911819638,rate_per_100000,470.693023255814,146971.5,,final,cvd_rates_v1_0_7,UN_WPP_2024,BRB,persons,2026-08-26,historical_estimate,WHO_WORLD_2000_2025,none,No disclosure restriction identified.,320.261
bnr_cvd_public_metric_v2,CVD-INCIDENCE-001,cvd_2024_04,annual,2023,2023-01-01,2023,,,1,stroke,female,all,national_estimate,hospital_plus_dco,primary,estimated,annual_crude_rate,234.7678702776499,223.1725198422824,261.5263712823444,rate_per_100000,345.0418604651163,146971.5,,final,cvd_rates_v1_0_7,UN_WPP_2024,BRB,persons,2026-08-26,historical_estimate,WHO_WORLD_2000_2025,none,No disclosure restriction identified.,234.768
bnr_cvd_public_metric_v2,CVD-INCIDENCE-001,cvd_2024_04,annual,2023,2023-01-01,2023,,,1,all_cvd,female,age_standardised,national_estimate,hospital_plus_dco,primary,estimated,annual_age_standardised_rate,169.098772365814,159.866498912835,190.4040187957656,rate_per_100000,,,,final,cvd_rates_v1_0_7,UN_WPP_2024,BRB,persons,2026-08-26,historical_estimate,WHO_WORLD_2000_2025,none,No disclosure restriction identified.,169.099
bnr_cvd_public_metric_v2,CVD-INCIDENCE-001,cvd_2024_04,annual,2023,2023-01-01,2023,,,1,heart,female,age_standardised,national_estimate,hospital_plus_dco,primary,estimated,annual_age_standardised_rate,45.49724829568034,41.88542274568517,53.83223033413076,rate_per_100000,,,,final,cvd_rates_v1_0_7,UN_WPP_2024,BRB,persons,2026-08-26,historical_estimate,WHO_WORLD_2000_2025,none,No disclosure restriction identified.,45.497
bnr_cvd_public_metric_v2,CVD-INCIDENCE-001,cvd_2024_04,annual,2023,2023-01-01,2023,,,1,stroke,female,age_standardised,national_estimate,hospital_plus_dco,primary,estimated,annual_age_standardised_rate,123.6015240701336,117.9810761671498,136.5717884616348,rate_per_100000,,,,final,cvd_rates_v1_0_7,UN_WPP_2024,BRB,persons,2026-08-26,historical_estimate,WHO_WORLD_2000_2025,none,No disclosure restriction identified.,123.602
bnr_cvd_public_metric_v2,CVD-INCIDENCE-001,cvd_2024_04,annual,2023,2023-01-01,2023,,,1,all_cvd,male,age_standardised,national_estimate,hospital_plus_dco,primary,estimated,annual_age_standardised_rate,264.7136964532879,243.8095960020815,312.9539282637639,rate_per_100000,,,,final,cvd_rates_v1_0_7,UN_WPP_2024,BRB,persons,2026-08-26,historical_estimate,WHO_WORLD_2000_2025,none,No disclosure restriction identified.,264.714
bnr_cvd_public_metric_v2,CVD-INCIDENCE-001,cvd_2024_04,annual,2023,2023-01-01,2023,,,1,stroke,male,age_standardised,national_estimate,hospital_plus_dco,primary,estimated,annual_age_standardised_rate,177.3507786942313,166.0467509138496,203.4369966489581,rate_per_100000,,,,final,cvd_rates_v1_0_7,UN_WPP_2024,BRB,persons,2026-08-26,historical_estimate,WHO_WORLD_2000_2025,none,No disclosure restriction identified.,177.351
bnr_cvd_public_metric_v2,CVD-INCIDENCE-001,cvd_2024_04,annual,2023,2023-01-01,2023,,,1,heart,male,age_standardised,national_estimate,hospital_plus_dco,primary,estimated,annual_age_standardised_rate,87.36291775905656,77.76284508823188,109.5169316148058,rate_per_100000,,,,final,cvd_rates_v1_0_7,UN_WPP_2024,BRB,persons,2026-08-26,historical_estimate,WHO_WORLD_2000_2025,none,No disclosure restriction identified.,87.363
bnr_cvd_public_metric_v2,CVD-INCIDENCE-001,cvd_2024_04,annual,2023,2023-01-01,2023,,,1,all_cvd,male,all,national_estimate,hospital_plus_dco,primary,estimated,annual_crude_rate,394.150264569899,363.4630940904004,464.9668118302804,rate_per_100000,533.539534883721,135364.5,,final,cvd_rates_v1_0_7,UN_WPP_2024,BRB,persons,2026-08-26,historical_estimate,WHO_WORLD_2000_2025,none,No disclosure restriction identified.,394.150
bnr_cvd_public_metric_v2,CVD-INCIDENCE-001,cvd_2024_04,annual,2023,2023-01-01,2023,,,1,heart,male,all,national_estimate,hospital_plus_dco,primary,estimated,annual_crude_rate,130.0983468665611,116.7218879396001,160.9670982364709,rate_per_100000,176.1069767441861,135364.5,,final,cvd_rates_v1_0_7,UN_WPP_2024,BRB,persons,2026-08-26,historical_estimate,WHO_WORLD_2000_2025,none,No disclosure restriction identified.,130.098
bnr_cvd_public_metric_v2,CVD-INCIDENCE-001,cvd_2024_04,annual,2023,2023-01-01,2023,,,1,stroke,male,all,national_estimate,hospital_plus_dco,primary,estimated,annual_crude_rate,264.0519177033379,246.7412061508003,303.9997135938095,rate_per_100000,357.4325581395349,135364.5,,final,cvd_rates_v1_0_7,UN_WPP_2024,BRB,persons,2026-08-26,historical_estimate,WHO_WORLD_2000_2025,none,No disclosure restriction identified.,264.052
