schema_version,metric_id,release_id,period_type,period,period_start,period_year,period_month,period_quarter,period_complete,event_type,sex,age_group,source_status,ascertainment_scope,mortality_definition,estimate_basis,statistic,value,unit,numerator,denominator,linkage_lower_value,linkage_upper_value,ci_lower_value,ci_upper_value,ci_level,ci_method,comparison_n,status_flag,method_version,population_source,country_iso3,population_unit,population_extraction_date,population_basis,standard_population,suppression_status,disclosure_note,display_value
bnr_cvd_public_metric_v2,CVD-BURDEN-001,cvd_2024_05,quarterly,2010_q4,2010-10-01,2010,10,4,1,all_cvd,all,all,hospital_registered,hospital_only,not_applicable,observed,quarterly_count,150,count,150,,,,,,,,,final,,,,,,,,none,No disclosure restriction identified.,150.000
bnr_cvd_public_metric_v2,CVD-BURDEN-001,cvd_2024_05,monthly,2010_m02,2010-02-01,2010,2,,1,all_cvd,all,all,hospital_registered,hospital_only,not_applicable,observed,monthly_count,52,count,52,,,,,,,,,final,,,,,,,,none,No disclosure restriction identified.,52.000
bnr_cvd_public_metric_v2,CVD-BURDEN-001,cvd_2024_05,monthly,2010_m01,2010-01-01,2010,1,,1,all_cvd,all,all,hospital_registered,hospital_only,not_applicable,observed,monthly_count,60,count,60,,,,,,,,,final,,,,,,,,none,No disclosure restriction identified.,60.000
bnr_cvd_public_metric_v2,CVD-BURDEN-001,cvd_2024_05,monthly,2010_m03,2010-03-01,2010,3,,1,all_cvd,all,all,hospital_registered,hospital_only,not_applicable,observed,monthly_count,54,count,54,,,,,,,,,final,,,,,,,,none,No disclosure restriction identified.,54.000
bnr_cvd_public_metric_v2,CVD-BURDEN-001,cvd_2024_05,annual,2010,2010-01-01,2010,,,1,all_cvd,all,all,national_estimate,additional_dco,inclusive,estimated,annual_count,74.36241610738256,count,74.36241610738256,,20,425,,,,,,final,cvd_rates_v1_1_0,not_applicable,BRB,not_applicable,not_applicable,not_applicable,not_applicable,none,No disclosure restriction identified.,74.362
bnr_cvd_public_metric_v2,CVD-BURDEN-001,cvd_2024_05,quarterly,2010_q1,2010-01-01,2010,1,1,1,all_cvd,all,all,hospital_registered,hospital_only,not_applicable,observed,quarterly_count,166,count,166,,,,,,,,,final,,,,,,,,none,No disclosure restriction identified.,166.000
bnr_cvd_public_metric_v2,CVD-INCIDENCE-001,cvd_2024_05,annual,2010,2010-01-01,2010,,,1,all_cvd,all,age_standardised,national_estimate,hospital_plus_dco,primary,estimated,annual_age_standardised_rate,155.827955980047,rate_per_100000,,,145.8933480824518,223.7144432802808,143.5727511022449,169.1167656623697,95,conditional_fay_feuer_gamma,,final,cvd_rates_v1_1_0,UN_WPP_2024,BRB,persons,2026-08-26,historical_estimate,WHO_WORLD_2000_2025,none,No disclosure restriction identified.,155.828
bnr_cvd_public_metric_v2,CVD-BURDEN-002,cvd_2024_05,annual,2010,2010-01-01,2010,,,1,all_cvd,all,age_70_plus,hospital_registered,hospital_only,not_applicable,observed,age_distribution,52.97297297297298,percent,294,555,,,,,,,,final,,,,,,,,none,No disclosure restriction identified.,52.973
bnr_cvd_public_metric_v2,CVD-INCIDENCE-001,cvd_2024_05,annual,2010,2010-01-01,2010,,,1,all_cvd,all,age_standardised,hospital_registered,hospital_only,not_applicable,observed,annual_age_standardised_rate,141.6226782240344,rate_per_100000,,,,,129.9174086481031,154.3662902652541,95,fay_feuer_gamma,,final,cvd_rates_v1_1_0,UN_WPP_2024,BRB,persons,2026-08-26,historical_estimate,WHO_WORLD_2000_2025,none,No disclosure restriction identified.,141.623
bnr_cvd_public_metric_v2,CVD-BURDEN-001,cvd_2024_05,monthly,2010_m06,2010-06-01,2010,6,,1,all_cvd,all,all,hospital_registered,hospital_only,not_applicable,observed,monthly_count,39,count,39,,,,,,,,,final,,,,,,,,none,No disclosure restriction identified.,39.000
bnr_cvd_public_metric_v2,CVD-BURDEN-001,cvd_2024_05,monthly,2010_m11,2010-11-01,2010,11,,1,all_cvd,all,all,hospital_registered,hospital_only,not_applicable,observed,monthly_count,50,count,50,,,,,,,,,final,,,,,,,,none,No disclosure restriction identified.,50.000
bnr_cvd_public_metric_v2,CVD-BURDEN-001,cvd_2024_05,annual,2010,2010-01-01,2010,,,1,all_cvd,all,age_70_plus,hospital_registered,hospital_only,not_applicable,observed,annual_count,294,count,294,,,,,,,,,final,,,,,,,,none,No disclosure restriction identified.,294.000
bnr_cvd_public_metric_v2,CVD-BURDEN-001,cvd_2024_05,quarterly,2010_q3,2010-07-01,2010,7,3,1,all_cvd,all,all,hospital_registered,hospital_only,not_applicable,observed,quarterly_count,126,count,126,,,,,,,,,final,,,,,,,,none,No disclosure restriction identified.,126.000
bnr_cvd_public_metric_v2,CVD-INCIDENCE-001,cvd_2024_05,annual,2010,2010-01-01,2010,,,1,all_cvd,all,all,hospital_registered,hospital_only,not_applicable,observed,annual_crude_rate,201.6396390832118,rate_per_100000,555,275243.5,,,185.2107813361237,219.1350601813797,95,poisson_exact_garwood,,final,cvd_rates_v1_1_0,UN_WPP_2024,BRB,persons,2026-08-26,historical_estimate,WHO_WORLD_2000_2025,none,No disclosure restriction identified.,201.640
bnr_cvd_public_metric_v2,CVD-BURDEN-001,cvd_2024_05,monthly,2010_m07,2010-07-01,2010,7,,1,all_cvd,all,all,hospital_registered,hospital_only,not_applicable,observed,monthly_count,43,count,43,,,,,,,,,final,,,,,,,,none,No disclosure restriction identified.,43.000
bnr_cvd_public_metric_v2,CVD-BURDEN-001,cvd_2024_05,monthly,2010_m08,2010-08-01,2010,8,,1,all_cvd,all,all,hospital_registered,hospital_only,not_applicable,observed,monthly_count,39,count,39,,,,,,,,,final,,,,,,,,none,No disclosure restriction identified.,39.000
bnr_cvd_public_metric_v2,CVD-BURDEN-001,cvd_2024_05,monthly,2010_m09,2010-09-01,2010,9,,1,all_cvd,all,all,hospital_registered,hospital_only,not_applicable,observed,monthly_count,44,count,44,,,,,,,,,final,,,,,,,,none,No disclosure restriction identified.,44.000
bnr_cvd_public_metric_v2,CVD-BURDEN-001,cvd_2024_05,monthly,2010_m05,2010-05-01,2010,5,,1,all_cvd,all,all,hospital_registered,hospital_only,not_applicable,observed,monthly_count,46,count,46,,,,,,,,,final,,,,,,,,none,No disclosure restriction identified.,46.000
bnr_cvd_public_metric_v2,CVD-BURDEN-001,cvd_2024_05,annual,2010,2010-01-01,2010,,,1,all_cvd,all,all,national_estimate,additional_dco,primary,estimated,annual_count,59.87234042553191,count,59.87234042553191,,18,346.0000000000001,,,,,,final,cvd_rates_v1_1_0,not_applicable,BRB,not_applicable,not_applicable,not_applicable,not_applicable,none,No disclosure restriction identified.,59.872
bnr_cvd_public_metric_v2,CVD-BURDEN-001,cvd_2024_05,monthly,2010_m12,2010-12-01,2010,12,,1,all_cvd,all,all,hospital_registered,hospital_only,not_applicable,observed,monthly_count,58,count,58,,,,,,,,,final,,,,,,,,none,No disclosure restriction identified.,58.000
bnr_cvd_public_metric_v2,CVD-BURDEN-002,cvd_2024_05,annual,2010,2010-01-01,2010,,,1,all_cvd,all,under_70,hospital_registered,hospital_only,not_applicable,observed,age_distribution,47.02702702702703,percent,261,555,,,,,,,,final,,,,,,,,none,No disclosure restriction identified.,47.027
bnr_cvd_public_metric_v2,CVD-INCIDENCE-001,cvd_2024_05,annual,2010,2010-01-01,2010,,,1,all_cvd,all,all,national_estimate,hospital_plus_dco,inclusive,estimated,annual_crude_rate,228.6565953809563,rate_per_100000,629.3624161073826,275243.5,208.9059323835077,356.0483717145,211.1390486492939,247.23979584804,95,conditional_gamma,,final,cvd_rates_v1_1_0,UN_WPP_2024,BRB,persons,2026-08-26,historical_estimate,WHO_WORLD_2000_2025,none,No disclosure restriction identified.,228.657
bnr_cvd_public_metric_v2,CVD-INCIDENCE-001,cvd_2024_05,annual,2010,2010-01-01,2010,,,1,all_cvd,all,all,national_estimate,hospital_plus_dco,primary,estimated,annual_crude_rate,223.3921383885657,rate_per_100000,614.8723404255319,275243.5,208.1793030534781,327.3465131783312,206.0814638487644,241.7686309348786,95,conditional_gamma,,final,cvd_rates_v1_1_0,UN_WPP_2024,BRB,persons,2026-08-26,historical_estimate,WHO_WORLD_2000_2025,none,No disclosure restriction identified.,223.392
bnr_cvd_public_metric_v2,CVD-BURDEN-001,cvd_2024_05,quarterly,2010_q2,2010-04-01,2010,4,2,1,all_cvd,all,all,hospital_registered,hospital_only,not_applicable,observed,quarterly_count,113,count,113,,,,,,,,,final,,,,,,,,none,No disclosure restriction identified.,113.000
bnr_cvd_public_metric_v2,CVD-BURDEN-001,cvd_2024_05,annual,2010,2010-01-01,2010,,,1,all_cvd,all,under_70,hospital_registered,hospital_only,not_applicable,observed,annual_count,261,count,261,,,,,,,,,final,,,,,,,,none,No disclosure restriction identified.,261.000
bnr_cvd_public_metric_v2,CVD-BURDEN-001,cvd_2024_05,monthly,2010_m04,2010-04-01,2010,4,,1,all_cvd,all,all,hospital_registered,hospital_only,not_applicable,observed,monthly_count,28,count,28,,,,,,,,,final,,,,,,,,none,No disclosure restriction identified.,28.000
bnr_cvd_public_metric_v2,CVD-BURDEN-001,cvd_2024_05,annual,2010,2010-01-01,2010,,,1,all_cvd,all,all,national_estimate,hospital_plus_dco,primary,estimated,annual_count,614.8723404255319,count,614.8723404255319,,573,901,,,,,,final,cvd_rates_v1_1_0,not_applicable,BRB,not_applicable,not_applicable,not_applicable,not_applicable,none,No disclosure restriction identified.,614.872
bnr_cvd_public_metric_v2,CVD-BURDEN-001,cvd_2024_05,monthly,2010_m10,2010-10-01,2010,10,,1,all_cvd,all,all,hospital_registered,hospital_only,not_applicable,observed,monthly_count,42,count,42,,,,,,,,,final,,,,,,,,none,No disclosure restriction identified.,42.000
bnr_cvd_public_metric_v2,CVD-INCIDENCE-001,cvd_2024_05,annual,2010,2010-01-01,2010,,,1,all_cvd,all,age_standardised,national_estimate,hospital_plus_dco,inclusive,estimated,annual_age_standardised_rate,159.1068083131343,rate_per_100000,,,146.3250886631606,241.5489000554654,146.7349610775854,172.5107366217404,95,conditional_fay_feuer_gamma,,final,cvd_rates_v1_1_0,UN_WPP_2024,BRB,persons,2026-08-26,historical_estimate,WHO_WORLD_2000_2025,none,No disclosure restriction identified.,159.107
bnr_cvd_public_metric_v2,CVD-BURDEN-001,cvd_2024_05,annual,2010,2010-01-01,2010,,,1,all_cvd,all,all,hospital_registered,hospital_only,not_applicable,observed,annual_count,555,count,555,,,,,,,,,final,,,,,,,,none,No disclosure restriction identified.,555.000
bnr_cvd_public_metric_v2,CVD-BURDEN-001,cvd_2024_05,annual,2010,2010-01-01,2010,,,1,all_cvd,all,all,national_estimate,hospital_plus_dco,inclusive,estimated,annual_count,629.3624161073826,count,629.3624161073826,,575,980,,,,,,final,cvd_rates_v1_1_0,not_applicable,BRB,not_applicable,not_applicable,not_applicable,not_applicable,none,No disclosure restriction identified.,629.362
bnr_cvd_public_metric_v2,CVD-BURDEN-001,cvd_2024_05,annual,2010,2010-01-01,2010,,,1,all_cvd,female,all,national_estimate,additional_dco,primary,estimated,annual_count,39.91489361702127,count,39.91489361702127,,12,230.6666666666667,,,,,,final,cvd_rates_v1_1_0,not_applicable,BRB,not_applicable,not_applicable,not_applicable,not_applicable,none,No disclosure restriction identified.,39.915
bnr_cvd_public_metric_v2,CVD-BURDEN-001,cvd_2024_05,quarterly,2010_q4,2010-10-01,2010,10,4,1,all_cvd,female,all,hospital_registered,hospital_only,not_applicable,observed,quarterly_count,79,count,79,,,,,,,,,final,,,,,,,,none,No disclosure restriction identified.,79.000
bnr_cvd_public_metric_v2,CVD-BURDEN-001,cvd_2024_05,quarterly,2010_q3,2010-07-01,2010,7,3,1,all_cvd,female,all,hospital_registered,hospital_only,not_applicable,observed,quarterly_count,64,count,64,,,,,,,,,final,,,,,,,,none,No disclosure restriction identified.,64.000
bnr_cvd_public_metric_v2,CVD-BURDEN-001,cvd_2024_05,annual,2010,2010-01-01,2010,,,1,all_cvd,female,all,national_estimate,hospital_plus_dco,primary,estimated,annual_count,325.9148936170213,count,325.9148936170213,,298,516.6666666666667,,,,,,final,cvd_rates_v1_1_0,not_applicable,BRB,not_applicable,not_applicable,not_applicable,not_applicable,none,No disclosure restriction identified.,325.915
bnr_cvd_public_metric_v2,CVD-BURDEN-001,cvd_2024_05,annual,2010,2010-01-01,2010,,,1,all_cvd,female,all,hospital_registered,hospital_only,not_applicable,observed,annual_count,286,count,286,,,,,,,,,final,,,,,,,,none,No disclosure restriction identified.,286.000
bnr_cvd_public_metric_v2,CVD-INCIDENCE-001,cvd_2024_05,annual,2010,2010-01-01,2010,,,1,all_cvd,female,all,national_estimate,hospital_plus_dco,primary,estimated,annual_crude_rate,226.7005370707103,rate_per_100000,325.9148936170213,143764.5,207.2834392356945,359.3840389433182,202.7537433143611,252.698007044057,95,conditional_gamma,,final,cvd_rates_v1_1_0,UN_WPP_2024,BRB,persons,2026-08-26,historical_estimate,WHO_WORLD_2000_2025,none,No disclosure restriction identified.,226.701
bnr_cvd_public_metric_v2,CVD-BURDEN-001,cvd_2024_05,annual,2010,2010-01-01,2010,,,1,all_cvd,female,all,national_estimate,hospital_plus_dco,inclusive,estimated,annual_count,334.3355704697987,count,334.3355704697987,,299,562.25,,,,,,final,cvd_rates_v1_1_0,not_applicable,BRB,not_applicable,not_applicable,not_applicable,not_applicable,none,No disclosure restriction identified.,334.336
bnr_cvd_public_metric_v2,CVD-BURDEN-001,cvd_2024_05,annual,2010,2010-01-01,2010,,,1,all_cvd,female,all,national_estimate,additional_dco,inclusive,estimated,annual_count,48.33557046979865,count,48.33557046979865,,13,276.25,,,,,,final,cvd_rates_v1_1_0,not_applicable,BRB,not_applicable,not_applicable,not_applicable,not_applicable,none,No disclosure restriction identified.,48.336
bnr_cvd_public_metric_v2,CVD-INCIDENCE-001,cvd_2024_05,annual,2010,2010-01-01,2010,,,1,all_cvd,female,age_standardised,national_estimate,hospital_plus_dco,primary,estimated,annual_age_standardised_rate,136.318855102126,rate_per_100000,,,126.2243305644168,205.298106109805,121.4342220722116,153.1652615193652,95,conditional_fay_feuer_gamma,,final,cvd_rates_v1_1_0,UN_WPP_2024,BRB,persons,2026-08-26,historical_estimate,WHO_WORLD_2000_2025,none,No disclosure restriction identified.,136.319
bnr_cvd_public_metric_v2,CVD-BURDEN-002,cvd_2024_05,annual,2010,2010-01-01,2010,,,1,all_cvd,female,all,hospital_registered,hospital_only,not_applicable,observed,sex_distribution,51.53153153153153,percent,286,555,,,,,,,,final,,,,,,,,none,No disclosure restriction identified.,51.532
bnr_cvd_public_metric_v2,CVD-BURDEN-001,cvd_2024_05,quarterly,2010_q1,2010-01-01,2010,1,1,1,all_cvd,female,all,hospital_registered,hospital_only,not_applicable,observed,quarterly_count,86,count,86,,,,,,,,,final,,,,,,,,none,No disclosure restriction identified.,86.000
bnr_cvd_public_metric_v2,CVD-INCIDENCE-001,cvd_2024_05,annual,2010,2010-01-01,2010,,,1,all_cvd,female,all,national_estimate,hospital_plus_dco,inclusive,estimated,annual_crude_rate,232.5578084087509,rate_per_100000,334.3355704697987,143764.5,207.9790212465525,391.0909856049303,208.2950102932595,258.8708122313852,95,conditional_gamma,,final,cvd_rates_v1_1_0,UN_WPP_2024,BRB,persons,2026-08-26,historical_estimate,WHO_WORLD_2000_2025,none,No disclosure restriction identified.,232.558
bnr_cvd_public_metric_v2,CVD-INCIDENCE-001,cvd_2024_05,annual,2010,2010-01-01,2010,,,1,all_cvd,female,age_standardised,national_estimate,hospital_plus_dco,inclusive,estimated,annual_age_standardised_rate,139.1833697405829,rate_per_100000,,,126.537388254012,220.7499503289655,124.1696069255262,156.1542614863334,95,conditional_fay_feuer_gamma,,final,cvd_rates_v1_1_0,UN_WPP_2024,BRB,persons,2026-08-26,historical_estimate,WHO_WORLD_2000_2025,none,No disclosure restriction identified.,139.183
bnr_cvd_public_metric_v2,CVD-INCIDENCE-001,cvd_2024_05,annual,2010,2010-01-01,2010,,,1,all_cvd,female,all,hospital_registered,hospital_only,not_applicable,observed,annual_crude_rate,198.9364551053981,rate_per_100000,286,143764.5,,,176.5464194045599,223.3796712317091,95,poisson_exact_garwood,,final,cvd_rates_v1_1_0,UN_WPP_2024,BRB,persons,2026-08-26,historical_estimate,WHO_WORLD_2000_2025,none,No disclosure restriction identified.,198.936
bnr_cvd_public_metric_v2,CVD-INCIDENCE-001,cvd_2024_05,annual,2010,2010-01-01,2010,,,1,all_cvd,female,age_standardised,hospital_registered,hospital_only,not_applicable,observed,annual_age_standardised_rate,121.8849160527797,rate_per_100000,,,,,107.7210556120449,138.0309174325641,95,fay_feuer_gamma,,final,cvd_rates_v1_1_0,UN_WPP_2024,BRB,persons,2026-08-26,historical_estimate,WHO_WORLD_2000_2025,none,No disclosure restriction identified.,121.885
bnr_cvd_public_metric_v2,CVD-BURDEN-001,cvd_2024_05,quarterly,2010_q2,2010-04-01,2010,4,2,1,all_cvd,female,all,hospital_registered,hospital_only,not_applicable,observed,quarterly_count,57,count,57,,,,,,,,,final,,,,,,,,none,No disclosure restriction identified.,57.000
bnr_cvd_public_metric_v2,CVD-BURDEN-001,cvd_2024_05,quarterly,2010_q1,2010-01-01,2010,1,1,1,all_cvd,male,all,hospital_registered,hospital_only,not_applicable,observed,quarterly_count,80,count,80,,,,,,,,,final,,,,,,,,none,No disclosure restriction identified.,80.000
bnr_cvd_public_metric_v2,CVD-BURDEN-001,cvd_2024_05,quarterly,2010_q3,2010-07-01,2010,7,3,1,all_cvd,male,all,hospital_registered,hospital_only,not_applicable,observed,quarterly_count,62,count,62,,,,,,,,,final,,,,,,,,none,No disclosure restriction identified.,62.000
bnr_cvd_public_metric_v2,CVD-BURDEN-001,cvd_2024_05,annual,2010,2010-01-01,2010,,,1,all_cvd,male,all,national_estimate,hospital_plus_dco,primary,estimated,annual_count,288.9574468085106,count,288.9574468085106,,275,384.3333333333334,,,,,,final,cvd_rates_v1_1_0,not_applicable,BRB,not_applicable,not_applicable,not_applicable,not_applicable,none,No disclosure restriction identified.,288.957
bnr_cvd_public_metric_v2,CVD-BURDEN-001,cvd_2024_05,annual,2010,2010-01-01,2010,,,1,all_cvd,male,all,hospital_registered,hospital_only,not_applicable,observed,annual_count,269,count,269,,,,,,,,,final,,,,,,,,none,No disclosure restriction identified.,269.000
bnr_cvd_public_metric_v2,CVD-BURDEN-001,cvd_2024_05,annual,2010,2010-01-01,2010,,,1,all_cvd,male,all,national_estimate,hospital_plus_dco,inclusive,estimated,annual_count,295.0268456375839,count,295.0268456375839,,276,417.75,,,,,,final,cvd_rates_v1_1_0,not_applicable,BRB,not_applicable,not_applicable,not_applicable,not_applicable,none,No disclosure restriction identified.,295.027
bnr_cvd_public_metric_v2,CVD-BURDEN-002,cvd_2024_05,annual,2010,2010-01-01,2010,,,1,all_cvd,male,all,hospital_registered,hospital_only,not_applicable,observed,sex_distribution,48.46846846846847,percent,269,555,,,,,,,,final,,,,,,,,none,No disclosure restriction identified.,48.468
bnr_cvd_public_metric_v2,CVD-INCIDENCE-001,cvd_2024_05,annual,2010,2010-01-01,2010,,,1,all_cvd,male,age_standardised,national_estimate,hospital_plus_dco,inclusive,estimated,annual_age_standardised_rate,183.7374990110903,rate_per_100000,,,170.5468226271232,268.8173616876775,162.950319478489,208.8299376226276,95,conditional_fay_feuer_gamma,,final,cvd_rates_v1_1_0,UN_WPP_2024,BRB,persons,2026-08-26,historical_estimate,WHO_WORLD_2000_2025,none,No disclosure restriction identified.,183.737
bnr_cvd_public_metric_v2,CVD-BURDEN-001,cvd_2024_05,quarterly,2010_q4,2010-10-01,2010,10,4,1,all_cvd,male,all,hospital_registered,hospital_only,not_applicable,observed,quarterly_count,71,count,71,,,,,,,,,final,,,,,,,,none,No disclosure restriction identified.,71.000
bnr_cvd_public_metric_v2,CVD-BURDEN-001,cvd_2024_05,annual,2010,2010-01-01,2010,,,1,all_cvd,male,all,national_estimate,additional_dco,primary,estimated,annual_count,19.95744680851064,count,19.95744680851064,,6,115.3333333333334,,,,,,final,cvd_rates_v1_1_0,not_applicable,BRB,not_applicable,not_applicable,not_applicable,not_applicable,none,No disclosure restriction identified.,19.957
bnr_cvd_public_metric_v2,CVD-INCIDENCE-001,cvd_2024_05,annual,2010,2010-01-01,2010,,,1,all_cvd,male,age_standardised,hospital_registered,hospital_only,not_applicable,observed,annual_age_standardised_rate,165.6939565006761,rate_per_100000,,,,,146.2009938001952,189.5022072283838,95,fay_feuer_gamma,,final,cvd_rates_v1_1_0,UN_WPP_2024,BRB,persons,2026-08-26,historical_estimate,WHO_WORLD_2000_2025,none,No disclosure restriction identified.,165.694
bnr_cvd_public_metric_v2,CVD-INCIDENCE-001,cvd_2024_05,annual,2010,2010-01-01,2010,,,1,all_cvd,male,age_standardised,national_estimate,hospital_plus_dco,primary,estimated,annual_age_standardised_rate,179.9823976483846,rate_per_100000,,,169.9896285728016,248.2663196648678,159.4223338677045,204.8531005913969,95,conditional_fay_feuer_gamma,,final,cvd_rates_v1_1_0,UN_WPP_2024,BRB,persons,2026-08-26,historical_estimate,WHO_WORLD_2000_2025,none,No disclosure restriction identified.,179.982
bnr_cvd_public_metric_v2,CVD-INCIDENCE-001,cvd_2024_05,annual,2010,2010-01-01,2010,,,1,all_cvd,male,all,national_estimate,hospital_plus_dco,primary,estimated,annual_crude_rate,219.7746003609022,rate_per_100000,288.9574468085106,131479,209.1588770830323,292.3153760930136,195.1623744350304,246.6316354497582,95,conditional_gamma,,final,cvd_rates_v1_1_0,UN_WPP_2024,BRB,persons,2026-08-26,historical_estimate,WHO_WORLD_2000_2025,none,No disclosure restriction identified.,219.775
bnr_cvd_public_metric_v2,CVD-BURDEN-001,cvd_2024_05,annual,2010,2010-01-01,2010,,,1,all_cvd,male,all,national_estimate,additional_dco,inclusive,estimated,annual_count,26.0268456375839,count,26.0268456375839,,7,148.75,,,,,,final,cvd_rates_v1_1_0,not_applicable,BRB,not_applicable,not_applicable,not_applicable,not_applicable,none,No disclosure restriction identified.,26.027
bnr_cvd_public_metric_v2,CVD-INCIDENCE-001,cvd_2024_05,annual,2010,2010-01-01,2010,,,1,all_cvd,male,all,national_estimate,hospital_plus_dco,inclusive,estimated,annual_crude_rate,224.3908499742042,rate_per_100000,295.0268456375839,131479,209.9194548178797,317.7313487324972,199.5138034206323,251.5122604474185,95,conditional_gamma,,final,cvd_rates_v1_1_0,UN_WPP_2024,BRB,persons,2026-08-26,historical_estimate,WHO_WORLD_2000_2025,none,No disclosure restriction identified.,224.391
bnr_cvd_public_metric_v2,CVD-BURDEN-001,cvd_2024_05,quarterly,2010_q2,2010-04-01,2010,4,2,1,all_cvd,male,all,hospital_registered,hospital_only,not_applicable,observed,quarterly_count,56,count,56,,,,,,,,,final,,,,,,,,none,No disclosure restriction identified.,56.000
bnr_cvd_public_metric_v2,CVD-INCIDENCE-001,cvd_2024_05,annual,2010,2010-01-01,2010,,,1,all_cvd,male,all,hospital_registered,hospital_only,not_applicable,observed,annual_crude_rate,204.5954106739479,rate_per_100000,269,131479,,,180.8741904545264,230.5630081473088,95,poisson_exact_garwood,,final,cvd_rates_v1_1_0,UN_WPP_2024,BRB,persons,2026-08-26,historical_estimate,WHO_WORLD_2000_2025,none,No disclosure restriction identified.,204.595
bnr_cvd_public_metric_v2,CVD-INCIDENCE-001,cvd_2024_05,annual,2010,2010-01-01,2010,,,1,heart,all,all,national_estimate,hospital_plus_dco,inclusive,estimated,annual_crude_rate,,rate_per_100000,,,,,,,95,conditional_gamma,,final,cvd_rates_v1_1_0,UN_WPP_2024,BRB,persons,2026-08-26,historical_estimate,WHO_WORLD_2000_2025,primary,Primary suppression: supporting frequency 1-5.,*
bnr_cvd_public_metric_v2,CVD-BURDEN-002,cvd_2024_05,annual,2010,2010-01-01,2010,,,1,heart,all,all,hospital_registered,hospital_only,not_applicable,observed,event_type_distribution,22.70270270270271,percent,126,555,,,,,,,,final,,,,,,,,none,No disclosure restriction identified.,22.703
bnr_cvd_public_metric_v2,CVD-BURDEN-001,cvd_2024_05,quarterly,2010_q3,2010-07-01,2010,7,3,1,heart,all,all,hospital_registered,hospital_only,not_applicable,observed,quarterly_count,26,count,26,,,,,,,,,final,,,,,,,,none,No disclosure restriction identified.,26.000
bnr_cvd_public_metric_v2,CVD-INCIDENCE-001,cvd_2024_05,annual,2010,2010-01-01,2010,,,1,heart,all,age_standardised,hospital_registered,hospital_only,not_applicable,observed,annual_age_standardised_rate,32.79343568229,rate_per_100000,,,,,27.25262840732056,39.42463391857587,95,fay_feuer_gamma,,final,cvd_rates_v1_1_0,UN_WPP_2024,BRB,persons,2026-08-26,historical_estimate,WHO_WORLD_2000_2025,none,No disclosure restriction identified.,32.793
bnr_cvd_public_metric_v2,CVD-BURDEN-001,cvd_2024_05,quarterly,2010_q2,2010-04-01,2010,4,2,1,heart,all,all,hospital_registered,hospital_only,not_applicable,observed,quarterly_count,19,count,19,,,,,,,,,final,,,,,,,,none,No disclosure restriction identified.,19.000
bnr_cvd_public_metric_v2,CVD-INCIDENCE-001,cvd_2024_05,annual,2010,2010-01-01,2010,,,1,heart,all,all,national_estimate,hospital_plus_dco,primary,estimated,annual_crude_rate,,rate_per_100000,,,,,,,95,conditional_gamma,,final,cvd_rates_v1_1_0,UN_WPP_2024,BRB,persons,2026-08-26,historical_estimate,WHO_WORLD_2000_2025,primary,Primary suppression: supporting frequency 1-5.,*
bnr_cvd_public_metric_v2,CVD-BURDEN-001,cvd_2024_05,quarterly,2010_q1,2010-01-01,2010,1,1,1,heart,all,all,hospital_registered,hospital_only,not_applicable,observed,quarterly_count,38,count,38,,,,,,,,,final,,,,,,,,none,No disclosure restriction identified.,38.000
bnr_cvd_public_metric_v2,CVD-INCIDENCE-001,cvd_2024_05,annual,2010,2010-01-01,2010,,,1,heart,all,age_standardised,national_estimate,hospital_plus_dco,primary,estimated,annual_age_standardised_rate,,rate_per_100000,,,,,,,95,conditional_fay_feuer_gamma,,final,cvd_rates_v1_1_0,UN_WPP_2024,BRB,persons,2026-08-26,historical_estimate,WHO_WORLD_2000_2025,primary,Primary suppression: supporting frequency 1-5.,*
bnr_cvd_public_metric_v2,CVD-BURDEN-001,cvd_2024_05,annual,2010,2010-01-01,2010,,,1,heart,all,all,national_estimate,additional_dco,inclusive,estimated,annual_count,,count,,,,,,,,,,final,cvd_rates_v1_1_0,not_applicable,BRB,not_applicable,not_applicable,not_applicable,not_applicable,primary,Primary suppression: supporting frequency 1-5.,*
bnr_cvd_public_metric_v2,CVD-INCIDENCE-001,cvd_2024_05,annual,2010,2010-01-01,2010,,,1,heart,all,age_standardised,national_estimate,hospital_plus_dco,inclusive,estimated,annual_age_standardised_rate,,rate_per_100000,,,,,,,95,conditional_fay_feuer_gamma,,final,cvd_rates_v1_1_0,UN_WPP_2024,BRB,persons,2026-08-26,historical_estimate,WHO_WORLD_2000_2025,primary,Primary suppression: supporting frequency 1-5.,*
bnr_cvd_public_metric_v2,CVD-BURDEN-001,cvd_2024_05,quarterly,2010_q4,2010-10-01,2010,10,4,1,heart,all,all,hospital_registered,hospital_only,not_applicable,observed,quarterly_count,43,count,43,,,,,,,,,final,,,,,,,,none,No disclosure restriction identified.,43.000
bnr_cvd_public_metric_v2,CVD-BURDEN-001,cvd_2024_05,annual,2010,2010-01-01,2010,,,1,heart,all,all,national_estimate,additional_dco,primary,estimated,annual_count,,count,,,,,,,,,,final,cvd_rates_v1_1_0,not_applicable,BRB,not_applicable,not_applicable,not_applicable,not_applicable,primary,Primary suppression: supporting frequency 1-5.,*
bnr_cvd_public_metric_v2,CVD-BURDEN-001,cvd_2024_05,annual,2010,2010-01-01,2010,,,1,heart,all,all,national_estimate,hospital_plus_dco,inclusive,estimated,annual_count,,count,,,,,,,,,,final,cvd_rates_v1_1_0,not_applicable,BRB,not_applicable,not_applicable,not_applicable,not_applicable,primary,Primary suppression: supporting frequency 1-5.,*
bnr_cvd_public_metric_v2,CVD-INCIDENCE-001,cvd_2024_05,annual,2010,2010-01-01,2010,,,1,heart,all,all,hospital_registered,hospital_only,not_applicable,observed,annual_crude_rate,45.7776477918643,rate_per_100000,126,275243.5,,,38.13400313248772,54.50412182944893,95,poisson_exact_garwood,,final,cvd_rates_v1_1_0,UN_WPP_2024,BRB,persons,2026-08-26,historical_estimate,WHO_WORLD_2000_2025,none,No disclosure restriction identified.,45.778
bnr_cvd_public_metric_v2,CVD-BURDEN-001,cvd_2024_05,annual,2010,2010-01-01,2010,,,1,heart,all,all,national_estimate,hospital_plus_dco,primary,estimated,annual_count,,count,,,,,,,,,,final,cvd_rates_v1_1_0,not_applicable,BRB,not_applicable,not_applicable,not_applicable,not_applicable,primary,Primary suppression: supporting frequency 1-5.,*
bnr_cvd_public_metric_v2,CVD-BURDEN-001,cvd_2024_05,annual,2010,2010-01-01,2010,,,1,heart,all,all,hospital_registered,hospital_only,not_applicable,observed,annual_count,126,count,126,,,,,,,,,final,,,,,,,,none,No disclosure restriction identified.,126.000
bnr_cvd_public_metric_v2,CVD-BURDEN-001,cvd_2024_05,quarterly,2010_q1,2010-01-01,2010,1,1,1,heart,female,all,hospital_registered,hospital_only,not_applicable,observed,quarterly_count,18,count,18,,,,,,,,,final,,,,,,,,none,No disclosure restriction identified.,18.000
bnr_cvd_public_metric_v2,CVD-INCIDENCE-001,cvd_2024_05,annual,2010,2010-01-01,2010,,,1,heart,female,all,national_estimate,hospital_plus_dco,inclusive,estimated,annual_crude_rate,,rate_per_100000,,,,,,,95,conditional_gamma,,final,cvd_rates_v1_1_0,UN_WPP_2024,BRB,persons,2026-08-26,historical_estimate,WHO_WORLD_2000_2025,primary,Primary suppression: supporting frequency 1-5.,*
bnr_cvd_public_metric_v2,CVD-BURDEN-001,cvd_2024_05,quarterly,2010_q4,2010-10-01,2010,10,4,1,heart,female,all,hospital_registered,hospital_only,not_applicable,observed,quarterly_count,23,count,23,,,,,,,,,final,,,,,,,,none,No disclosure restriction identified.,23.000
bnr_cvd_public_metric_v2,CVD-BURDEN-001,cvd_2024_05,annual,2010,2010-01-01,2010,,,1,heart,female,all,national_estimate,hospital_plus_dco,primary,estimated,annual_count,,count,,,,,,,,,,final,cvd_rates_v1_1_0,not_applicable,BRB,not_applicable,not_applicable,not_applicable,not_applicable,primary,Primary suppression: supporting frequency 1-5.,*
bnr_cvd_public_metric_v2,CVD-BURDEN-001,cvd_2024_05,annual,2010,2010-01-01,2010,,,1,heart,female,all,national_estimate,hospital_plus_dco,inclusive,estimated,annual_count,,count,,,,,,,,,,final,cvd_rates_v1_1_0,not_applicable,BRB,not_applicable,not_applicable,not_applicable,not_applicable,primary,Primary suppression: supporting frequency 1-5.,*
bnr_cvd_public_metric_v2,CVD-BURDEN-001,cvd_2024_05,annual,2010,2010-01-01,2010,,,1,heart,female,all,national_estimate,additional_dco,inclusive,estimated,annual_count,,count,,,,,,,,,,final,cvd_rates_v1_1_0,not_applicable,BRB,not_applicable,not_applicable,not_applicable,not_applicable,primary,Primary suppression: supporting frequency 1-5.,*
bnr_cvd_public_metric_v2,CVD-INCIDENCE-001,cvd_2024_05,annual,2010,2010-01-01,2010,,,1,heart,female,age_standardised,national_estimate,hospital_plus_dco,primary,estimated,annual_age_standardised_rate,,rate_per_100000,,,,,,,95,conditional_fay_feuer_gamma,,final,cvd_rates_v1_1_0,UN_WPP_2024,BRB,persons,2026-08-26,historical_estimate,WHO_WORLD_2000_2025,primary,Primary suppression: supporting frequency 1-5.,*
bnr_cvd_public_metric_v2,CVD-INCIDENCE-001,cvd_2024_05,annual,2010,2010-01-01,2010,,,1,heart,female,age_standardised,national_estimate,hospital_plus_dco,inclusive,estimated,annual_age_standardised_rate,,rate_per_100000,,,,,,,95,conditional_fay_feuer_gamma,,final,cvd_rates_v1_1_0,UN_WPP_2024,BRB,persons,2026-08-26,historical_estimate,WHO_WORLD_2000_2025,primary,Primary suppression: supporting frequency 1-5.,*
bnr_cvd_public_metric_v2,CVD-INCIDENCE-001,cvd_2024_05,annual,2010,2010-01-01,2010,,,1,heart,female,all,national_estimate,hospital_plus_dco,primary,estimated,annual_crude_rate,,rate_per_100000,,,,,,,95,conditional_gamma,,final,cvd_rates_v1_1_0,UN_WPP_2024,BRB,persons,2026-08-26,historical_estimate,WHO_WORLD_2000_2025,primary,Primary suppression: supporting frequency 1-5.,*
bnr_cvd_public_metric_v2,CVD-INCIDENCE-001,cvd_2024_05,annual,2010,2010-01-01,2010,,,1,heart,female,all,hospital_registered,hospital_only,not_applicable,observed,annual_crude_rate,41.73492065148211,rate_per_100000,60,143764.5,,,31.84814119619746,53.72111571816636,95,poisson_exact_garwood,,final,cvd_rates_v1_1_0,UN_WPP_2024,BRB,persons,2026-08-26,historical_estimate,WHO_WORLD_2000_2025,none,No disclosure restriction identified.,41.735
bnr_cvd_public_metric_v2,CVD-INCIDENCE-001,cvd_2024_05,annual,2010,2010-01-01,2010,,,1,heart,female,age_standardised,hospital_registered,hospital_only,not_applicable,observed,annual_age_standardised_rate,26.65165215564566,rate_per_100000,,,,,20.16392393404985,35.30057322633066,95,fay_feuer_gamma,,final,cvd_rates_v1_1_0,UN_WPP_2024,BRB,persons,2026-08-26,historical_estimate,WHO_WORLD_2000_2025,none,No disclosure restriction identified.,26.652
bnr_cvd_public_metric_v2,CVD-BURDEN-002,cvd_2024_05,annual,2010,2010-01-01,2010,,,1,heart,female,all,hospital_registered,hospital_only,not_applicable,observed,sex_distribution,47.61904761904761,percent,60,126,,,,,,,,final,,,,,,,,none,No disclosure restriction identified.,47.619
bnr_cvd_public_metric_v2,CVD-BURDEN-001,cvd_2024_05,annual,2010,2010-01-01,2010,,,1,heart,female,all,national_estimate,additional_dco,primary,estimated,annual_count,,count,,,,,,,,,,final,cvd_rates_v1_1_0,not_applicable,BRB,not_applicable,not_applicable,not_applicable,not_applicable,primary,Primary suppression: supporting frequency 1-5.,*
bnr_cvd_public_metric_v2,CVD-BURDEN-001,cvd_2024_05,quarterly,2010_q3,2010-07-01,2010,7,3,1,heart,female,all,hospital_registered,hospital_only,not_applicable,observed,quarterly_count,11,count,11,,,,,,,,,final,,,,,,,,none,No disclosure restriction identified.,11.000
bnr_cvd_public_metric_v2,CVD-BURDEN-001,cvd_2024_05,annual,2010,2010-01-01,2010,,,1,heart,female,all,hospital_registered,hospital_only,not_applicable,observed,annual_count,60,count,60,,,,,,,,,final,,,,,,,,none,No disclosure restriction identified.,60.000
bnr_cvd_public_metric_v2,CVD-BURDEN-001,cvd_2024_05,quarterly,2010_q2,2010-04-01,2010,4,2,1,heart,female,all,hospital_registered,hospital_only,not_applicable,observed,quarterly_count,8,count,8,,,,,,,,,final,,,,,,,,none,No disclosure restriction identified.,8.000
bnr_cvd_public_metric_v2,CVD-BURDEN-001,cvd_2024_05,quarterly,2010_q1,2010-01-01,2010,1,1,1,heart,male,all,hospital_registered,hospital_only,not_applicable,observed,quarterly_count,20,count,20,,,,,,,,,final,,,,,,,,none,No disclosure restriction identified.,20.000
bnr_cvd_public_metric_v2,CVD-BURDEN-001,cvd_2024_05,annual,2010,2010-01-01,2010,,,1,heart,male,all,national_estimate,additional_dco,inclusive,estimated,annual_count,,count,,,,,,,,,,final,cvd_rates_v1_1_0,not_applicable,BRB,not_applicable,not_applicable,not_applicable,not_applicable,primary,Primary suppression: supporting frequency 1-5.,*
bnr_cvd_public_metric_v2,CVD-BURDEN-001,cvd_2024_05,quarterly,2010_q3,2010-07-01,2010,7,3,1,heart,male,all,hospital_registered,hospital_only,not_applicable,observed,quarterly_count,15,count,15,,,,,,,,,final,,,,,,,,none,No disclosure restriction identified.,15.000
bnr_cvd_public_metric_v2,CVD-BURDEN-001,cvd_2024_05,quarterly,2010_q4,2010-10-01,2010,10,4,1,heart,male,all,hospital_registered,hospital_only,not_applicable,observed,quarterly_count,20,count,20,,,,,,,,,final,,,,,,,,none,No disclosure restriction identified.,20.000
bnr_cvd_public_metric_v2,CVD-BURDEN-001,cvd_2024_05,annual,2010,2010-01-01,2010,,,1,heart,male,all,national_estimate,additional_dco,primary,estimated,annual_count,,count,,,,,,,,,,final,cvd_rates_v1_1_0,not_applicable,BRB,not_applicable,not_applicable,not_applicable,not_applicable,primary,Primary suppression: supporting frequency 1-5.,*
bnr_cvd_public_metric_v2,CVD-INCIDENCE-001,cvd_2024_05,annual,2010,2010-01-01,2010,,,1,heart,male,all,hospital_registered,hospital_only,not_applicable,observed,annual_crude_rate,50.19813049992774,rate_per_100000,66,131479,,,38.82323049204914,63.86433000137423,95,poisson_exact_garwood,,final,cvd_rates_v1_1_0,UN_WPP_2024,BRB,persons,2026-08-26,historical_estimate,WHO_WORLD_2000_2025,none,No disclosure restriction identified.,50.198
bnr_cvd_public_metric_v2,CVD-BURDEN-002,cvd_2024_05,annual,2010,2010-01-01,2010,,,1,heart,male,all,hospital_registered,hospital_only,not_applicable,observed,sex_distribution,52.38095238095239,percent,66,126,,,,,,,,final,,,,,,,,none,No disclosure restriction identified.,52.381
bnr_cvd_public_metric_v2,CVD-INCIDENCE-001,cvd_2024_05,annual,2010,2010-01-01,2010,,,1,heart,male,age_standardised,hospital_registered,hospital_only,not_applicable,observed,annual_age_standardised_rate,39.73504108629818,rate_per_100000,,,,,30.6993927049064,53.69522519882037,95,fay_feuer_gamma,,final,cvd_rates_v1_1_0,UN_WPP_2024,BRB,persons,2026-08-26,historical_estimate,WHO_WORLD_2000_2025,none,No disclosure restriction identified.,39.735
bnr_cvd_public_metric_v2,CVD-INCIDENCE-001,cvd_2024_05,annual,2010,2010-01-01,2010,,,1,heart,male,age_standardised,national_estimate,hospital_plus_dco,primary,estimated,annual_age_standardised_rate,,rate_per_100000,,,,,,,95,conditional_fay_feuer_gamma,,final,cvd_rates_v1_1_0,UN_WPP_2024,BRB,persons,2026-08-26,historical_estimate,WHO_WORLD_2000_2025,primary,Primary suppression: supporting frequency 1-5.,*
bnr_cvd_public_metric_v2,CVD-BURDEN-001,cvd_2024_05,annual,2010,2010-01-01,2010,,,1,heart,male,all,hospital_registered,hospital_only,not_applicable,observed,annual_count,66,count,66,,,,,,,,,final,,,,,,,,none,No disclosure restriction identified.,66.000
bnr_cvd_public_metric_v2,CVD-INCIDENCE-001,cvd_2024_05,annual,2010,2010-01-01,2010,,,1,heart,male,all,national_estimate,hospital_plus_dco,inclusive,estimated,annual_crude_rate,,rate_per_100000,,,,,,,95,conditional_gamma,,final,cvd_rates_v1_1_0,UN_WPP_2024,BRB,persons,2026-08-26,historical_estimate,WHO_WORLD_2000_2025,primary,Primary suppression: supporting frequency 1-5.,*
bnr_cvd_public_metric_v2,CVD-BURDEN-001,cvd_2024_05,quarterly,2010_q2,2010-04-01,2010,4,2,1,heart,male,all,hospital_registered,hospital_only,not_applicable,observed,quarterly_count,11,count,11,,,,,,,,,final,,,,,,,,none,No disclosure restriction identified.,11.000
bnr_cvd_public_metric_v2,CVD-BURDEN-001,cvd_2024_05,annual,2010,2010-01-01,2010,,,1,heart,male,all,national_estimate,hospital_plus_dco,inclusive,estimated,annual_count,,count,,,,,,,,,,final,cvd_rates_v1_1_0,not_applicable,BRB,not_applicable,not_applicable,not_applicable,not_applicable,primary,Primary suppression: supporting frequency 1-5.,*
bnr_cvd_public_metric_v2,CVD-INCIDENCE-001,cvd_2024_05,annual,2010,2010-01-01,2010,,,1,heart,male,all,national_estimate,hospital_plus_dco,primary,estimated,annual_crude_rate,,rate_per_100000,,,,,,,95,conditional_gamma,,final,cvd_rates_v1_1_0,UN_WPP_2024,BRB,persons,2026-08-26,historical_estimate,WHO_WORLD_2000_2025,primary,Primary suppression: supporting frequency 1-5.,*
bnr_cvd_public_metric_v2,CVD-BURDEN-001,cvd_2024_05,annual,2010,2010-01-01,2010,,,1,heart,male,all,national_estimate,hospital_plus_dco,primary,estimated,annual_count,,count,,,,,,,,,,final,cvd_rates_v1_1_0,not_applicable,BRB,not_applicable,not_applicable,not_applicable,not_applicable,primary,Primary suppression: supporting frequency 1-5.,*
bnr_cvd_public_metric_v2,CVD-INCIDENCE-001,cvd_2024_05,annual,2010,2010-01-01,2010,,,1,heart,male,age_standardised,national_estimate,hospital_plus_dco,inclusive,estimated,annual_age_standardised_rate,,rate_per_100000,,,,,,,95,conditional_fay_feuer_gamma,,final,cvd_rates_v1_1_0,UN_WPP_2024,BRB,persons,2026-08-26,historical_estimate,WHO_WORLD_2000_2025,primary,Primary suppression: supporting frequency 1-5.,*
bnr_cvd_public_metric_v2,CVD-BURDEN-001,cvd_2024_05,annual,2010,2010-01-01,2010,,,1,stroke,all,all,national_estimate,hospital_plus_dco,primary,estimated,annual_count,478.8936170212766,count,478.8936170212766,,444,717.3333333333334,,,,,,final,cvd_rates_v1_1_0,not_applicable,BRB,not_applicable,not_applicable,not_applicable,not_applicable,none,No disclosure restriction identified.,478.894
bnr_cvd_public_metric_v2,CVD-INCIDENCE-001,cvd_2024_05,annual,2010,2010-01-01,2010,,,1,stroke,all,age_standardised,national_estimate,hospital_plus_dco,primary,estimated,annual_age_standardised_rate,120.6365015122629,rate_per_100000,,,112.3789728505783,177.0629473671075,109.9092224412919,132.4005003308844,95,conditional_fay_feuer_gamma,,final,cvd_rates_v1_1_0,UN_WPP_2024,BRB,persons,2026-08-26,historical_estimate,WHO_WORLD_2000_2025,none,No disclosure restriction identified.,120.637
bnr_cvd_public_metric_v2,CVD-BURDEN-001,cvd_2024_05,annual,2010,2010-01-01,2010,,,1,stroke,all,all,national_estimate,hospital_plus_dco,inclusive,estimated,annual_count,488.4899328859061,count,488.4899328859061,,445,769,,,,,,final,cvd_rates_v1_1_0,not_applicable,BRB,not_applicable,not_applicable,not_applicable,not_applicable,none,No disclosure restriction identified.,488.490
bnr_cvd_public_metric_v2,CVD-INCIDENCE-001,cvd_2024_05,annual,2010,2010-01-01,2010,,,1,stroke,all,all,national_estimate,hospital_plus_dco,primary,estimated,annual_crude_rate,173.9890740458091,rate_per_100000,478.8936170212766,275243.5,161.3117112665694,260.617719703947,158.7530095439194,190.2928432826212,95,conditional_gamma,,final,cvd_rates_v1_1_0,UN_WPP_2024,BRB,persons,2026-08-26,historical_estimate,WHO_WORLD_2000_2025,none,No disclosure restriction identified.,173.989
bnr_cvd_public_metric_v2,CVD-INCIDENCE-001,cvd_2024_05,annual,2010,2010-01-01,2010,,,1,stroke,all,age_standardised,hospital_registered,hospital_only,not_applicable,observed,annual_age_standardised_rate,108.8292425417444,rate_per_100000,,,,,98.6227217267469,120.077733875625,95,fay_feuer_gamma,,final,cvd_rates_v1_1_0,UN_WPP_2024,BRB,persons,2026-08-26,historical_estimate,WHO_WORLD_2000_2025,none,No disclosure restriction identified.,108.829
bnr_cvd_public_metric_v2,CVD-INCIDENCE-001,cvd_2024_05,annual,2010,2010-01-01,2010,,,1,stroke,all,all,hospital_registered,hospital_only,not_applicable,observed,annual_crude_rate,155.8619912913475,rate_per_100000,429,275243.5,,,141.4601619295041,171.3324324776265,95,poisson_exact_garwood,,final,cvd_rates_v1_1_0,UN_WPP_2024,BRB,persons,2026-08-26,historical_estimate,WHO_WORLD_2000_2025,none,No disclosure restriction identified.,155.862
bnr_cvd_public_metric_v2,CVD-BURDEN-001,cvd_2024_05,annual,2010,2010-01-01,2010,,,1,stroke,all,all,hospital_registered,hospital_only,not_applicable,observed,annual_count,429,count,429,,,,,,,,,final,,,,,,,,none,No disclosure restriction identified.,429.000
bnr_cvd_public_metric_v2,CVD-INCIDENCE-001,cvd_2024_05,annual,2010,2010-01-01,2010,,,1,stroke,all,all,national_estimate,hospital_plus_dco,inclusive,estimated,annual_crude_rate,177.4755563295431,rate_per_100000,488.4899328859061,275243.5,161.6750259315842,279.3889773963781,162.0841092277385,193.934549755209,95,conditional_gamma,,final,cvd_rates_v1_1_0,UN_WPP_2024,BRB,persons,2026-08-26,historical_estimate,WHO_WORLD_2000_2025,none,No disclosure restriction identified.,177.476
bnr_cvd_public_metric_v2,CVD-BURDEN-001,cvd_2024_05,quarterly,2010_q2,2010-04-01,2010,4,2,1,stroke,all,all,hospital_registered,hospital_only,not_applicable,observed,quarterly_count,94,count,94,,,,,,,,,final,,,,,,,,none,No disclosure restriction identified.,94.000
bnr_cvd_public_metric_v2,CVD-INCIDENCE-001,cvd_2024_05,annual,2010,2010-01-01,2010,,,1,stroke,all,age_standardised,national_estimate,hospital_plus_dco,inclusive,estimated,annual_age_standardised_rate,122.7864553219425,rate_per_100000,,,112.5830777479709,188.5982406740588,111.9721886288851,134.6361213824084,95,conditional_fay_feuer_gamma,,final,cvd_rates_v1_1_0,UN_WPP_2024,BRB,persons,2026-08-26,historical_estimate,WHO_WORLD_2000_2025,none,No disclosure restriction identified.,122.786
bnr_cvd_public_metric_v2,CVD-BURDEN-002,cvd_2024_05,annual,2010,2010-01-01,2010,,,1,stroke,all,all,hospital_registered,hospital_only,not_applicable,observed,event_type_distribution,77.29729729729729,percent,429,555,,,,,,,,final,,,,,,,,none,No disclosure restriction identified.,77.297
bnr_cvd_public_metric_v2,CVD-BURDEN-001,cvd_2024_05,quarterly,2010_q3,2010-07-01,2010,7,3,1,stroke,all,all,hospital_registered,hospital_only,not_applicable,observed,quarterly_count,100,count,100,,,,,,,,,final,,,,,,,,none,No disclosure restriction identified.,100.000
bnr_cvd_public_metric_v2,CVD-BURDEN-001,cvd_2024_05,quarterly,2010_q4,2010-10-01,2010,10,4,1,stroke,all,all,hospital_registered,hospital_only,not_applicable,observed,quarterly_count,107,count,107,,,,,,,,,final,,,,,,,,none,No disclosure restriction identified.,107.000
bnr_cvd_public_metric_v2,CVD-BURDEN-001,cvd_2024_05,annual,2010,2010-01-01,2010,,,1,stroke,all,all,national_estimate,additional_dco,inclusive,estimated,annual_count,59.48993288590604,count,59.48993288590604,,16,340,,,,,,final,cvd_rates_v1_1_0,not_applicable,BRB,not_applicable,not_applicable,not_applicable,not_applicable,none,No disclosure restriction identified.,59.490
bnr_cvd_public_metric_v2,CVD-BURDEN-001,cvd_2024_05,annual,2010,2010-01-01,2010,,,1,stroke,all,all,national_estimate,additional_dco,primary,estimated,annual_count,49.8936170212766,count,49.8936170212766,,15,288.3333333333334,,,,,,final,cvd_rates_v1_1_0,not_applicable,BRB,not_applicable,not_applicable,not_applicable,not_applicable,none,No disclosure restriction identified.,49.894
bnr_cvd_public_metric_v2,CVD-BURDEN-001,cvd_2024_05,quarterly,2010_q1,2010-01-01,2010,1,1,1,stroke,all,all,hospital_registered,hospital_only,not_applicable,observed,quarterly_count,128,count,128,,,,,,,,,final,,,,,,,,none,No disclosure restriction identified.,128.000
bnr_cvd_public_metric_v2,CVD-BURDEN-001,cvd_2024_05,annual,2010,2010-01-01,2010,,,1,stroke,female,all,hospital_registered,hospital_only,not_applicable,observed,annual_count,226,count,226,,,,,,,,,final,,,,,,,,none,No disclosure restriction identified.,226.000
bnr_cvd_public_metric_v2,CVD-BURDEN-001,cvd_2024_05,quarterly,2010_q1,2010-01-01,2010,1,1,1,stroke,female,all,hospital_registered,hospital_only,not_applicable,observed,quarterly_count,68,count,68,,,,,,,,,final,,,,,,,,none,No disclosure restriction identified.,68.000
bnr_cvd_public_metric_v2,CVD-BURDEN-001,cvd_2024_05,quarterly,2010_q2,2010-04-01,2010,4,2,1,stroke,female,all,hospital_registered,hospital_only,not_applicable,observed,quarterly_count,49,count,49,,,,,,,,,final,,,,,,,,none,No disclosure restriction identified.,49.000
bnr_cvd_public_metric_v2,CVD-BURDEN-001,cvd_2024_05,annual,2010,2010-01-01,2010,,,1,stroke,female,all,national_estimate,additional_dco,primary,estimated,annual_count,33.26241134751773,count,33.26241134751773,,10,192.2222222222223,,,,,,final,cvd_rates_v1_1_0,not_applicable,BRB,not_applicable,not_applicable,not_applicable,not_applicable,none,No disclosure restriction identified.,33.262
bnr_cvd_public_metric_v2,CVD-INCIDENCE-001,cvd_2024_05,annual,2010,2010-01-01,2010,,,1,stroke,female,all,national_estimate,hospital_plus_dco,inclusive,estimated,annual_crude_rate,185.6503718644452,rate_per_100000,266.8993288590604,143764.5,164.8529365733544,319.7938294919817,164.0437709535853,209.3115443973723,95,conditional_gamma,,final,cvd_rates_v1_1_0,UN_WPP_2024,BRB,persons,2026-08-26,historical_estimate,WHO_WORLD_2000_2025,none,No disclosure restriction identified.,185.650
bnr_cvd_public_metric_v2,CVD-INCIDENCE-001,cvd_2024_05,annual,2010,2010-01-01,2010,,,1,stroke,female,age_standardised,national_estimate,hospital_plus_dco,inclusive,estimated,annual_age_standardised_rate,109.3546435225796,rate_per_100000,,,99.03125228015099,175.9405170362443,96.18867130296948,124.4828494830386,95,conditional_fay_feuer_gamma,,final,cvd_rates_v1_1_0,UN_WPP_2024,BRB,persons,2026-08-26,historical_estimate,WHO_WORLD_2000_2025,none,No disclosure restriction identified.,109.355
bnr_cvd_public_metric_v2,CVD-BURDEN-001,cvd_2024_05,quarterly,2010_q3,2010-07-01,2010,7,3,1,stroke,female,all,hospital_registered,hospital_only,not_applicable,observed,quarterly_count,53,count,53,,,,,,,,,final,,,,,,,,none,No disclosure restriction identified.,53.000
bnr_cvd_public_metric_v2,CVD-BURDEN-001,cvd_2024_05,quarterly,2010_q4,2010-10-01,2010,10,4,1,stroke,female,all,hospital_registered,hospital_only,not_applicable,observed,quarterly_count,56,count,56,,,,,,,,,final,,,,,,,,none,No disclosure restriction identified.,56.000
bnr_cvd_public_metric_v2,CVD-BURDEN-002,cvd_2024_05,annual,2010,2010-01-01,2010,,,1,stroke,female,all,hospital_registered,hospital_only,not_applicable,observed,sex_distribution,52.68065268065268,percent,226,429,,,,,,,,final,,,,,,,,none,No disclosure restriction identified.,52.681
bnr_cvd_public_metric_v2,CVD-INCIDENCE-001,cvd_2024_05,annual,2010,2010-01-01,2010,,,1,stroke,female,all,national_estimate,hospital_plus_dco,primary,estimated,annual_crude_rate,180.3382694250095,rate_per_100000,259.2624113475177,143764.5,164.1573545624963,290.9078543188494,159.0527303944548,203.6789785717727,95,conditional_gamma,,final,cvd_rates_v1_1_0,UN_WPP_2024,BRB,persons,2026-08-26,historical_estimate,WHO_WORLD_2000_2025,none,No disclosure restriction identified.,180.338
bnr_cvd_public_metric_v2,CVD-INCIDENCE-001,cvd_2024_05,annual,2010,2010-01-01,2010,,,1,stroke,female,all,hospital_registered,hospital_only,not_applicable,observed,annual_crude_rate,157.2015344539159,rate_per_100000,226,143764.5,,,137.3729677648664,179.0882199714449,95,poisson_exact_garwood,,final,cvd_rates_v1_1_0,UN_WPP_2024,BRB,persons,2026-08-26,historical_estimate,WHO_WORLD_2000_2025,none,No disclosure restriction identified.,157.202
bnr_cvd_public_metric_v2,CVD-BURDEN-001,cvd_2024_05,annual,2010,2010-01-01,2010,,,1,stroke,female,all,national_estimate,hospital_plus_dco,inclusive,estimated,annual_count,266.8993288590604,count,266.8993288590604,,237,459.75,,,,,,final,cvd_rates_v1_1_0,not_applicable,BRB,not_applicable,not_applicable,not_applicable,not_applicable,none,No disclosure restriction identified.,266.899
bnr_cvd_public_metric_v2,CVD-INCIDENCE-001,cvd_2024_05,annual,2010,2010-01-01,2010,,,1,stroke,female,age_standardised,national_estimate,hospital_plus_dco,primary,estimated,annual_age_standardised_rate,106.8249837213527,rate_per_100000,,,98.71819459055585,162.2213761151315,93.78421553116367,121.8336677734988,95,conditional_fay_feuer_gamma,,final,cvd_rates_v1_1_0,UN_WPP_2024,BRB,persons,2026-08-26,historical_estimate,WHO_WORLD_2000_2025,none,No disclosure restriction identified.,106.825
bnr_cvd_public_metric_v2,CVD-BURDEN-001,cvd_2024_05,annual,2010,2010-01-01,2010,,,1,stroke,female,all,national_estimate,additional_dco,inclusive,estimated,annual_count,40.89932885906041,count,40.89932885906041,,11,233.75,,,,,,final,cvd_rates_v1_1_0,not_applicable,BRB,not_applicable,not_applicable,not_applicable,not_applicable,none,No disclosure restriction identified.,40.899
bnr_cvd_public_metric_v2,CVD-INCIDENCE-001,cvd_2024_05,annual,2010,2010-01-01,2010,,,1,stroke,female,age_standardised,hospital_registered,hospital_only,not_applicable,observed,annual_age_standardised_rate,95.23326389713402,rate_per_100000,,,,,82.82284481983558,109.6358830023382,95,fay_feuer_gamma,,final,cvd_rates_v1_1_0,UN_WPP_2024,BRB,persons,2026-08-26,historical_estimate,WHO_WORLD_2000_2025,none,No disclosure restriction identified.,95.233
bnr_cvd_public_metric_v2,CVD-BURDEN-001,cvd_2024_05,annual,2010,2010-01-01,2010,,,1,stroke,female,all,national_estimate,hospital_plus_dco,primary,estimated,annual_count,259.2624113475177,count,259.2624113475177,,236,418.2222222222223,,,,,,final,cvd_rates_v1_1_0,not_applicable,BRB,not_applicable,not_applicable,not_applicable,not_applicable,none,No disclosure restriction identified.,259.262
bnr_cvd_public_metric_v2,CVD-BURDEN-002,cvd_2024_05,annual,2010,2010-01-01,2010,,,1,stroke,male,all,hospital_registered,hospital_only,not_applicable,observed,sex_distribution,47.31934731934732,percent,203,429,,,,,,,,final,,,,,,,,none,No disclosure restriction identified.,47.319
bnr_cvd_public_metric_v2,CVD-INCIDENCE-001,cvd_2024_05,annual,2010,2010-01-01,2010,,,1,stroke,male,all,hospital_registered,hospital_only,not_applicable,observed,annual_crude_rate,154.3972801740202,rate_per_100000,203,131479,,,133.8873021719988,177.1603645267121,95,poisson_exact_garwood,,final,cvd_rates_v1_1_0,UN_WPP_2024,BRB,persons,2026-08-26,historical_estimate,WHO_WORLD_2000_2025,none,No disclosure restriction identified.,154.397
bnr_cvd_public_metric_v2,CVD-BURDEN-001,cvd_2024_05,annual,2010,2010-01-01,2010,,,1,stroke,male,all,national_estimate,hospital_plus_dco,inclusive,estimated,annual_count,,count,,,,,,,,,,final,cvd_rates_v1_1_0,not_applicable,BRB,not_applicable,not_applicable,not_applicable,not_applicable,primary,Primary suppression: supporting frequency 1-5.,*
bnr_cvd_public_metric_v2,CVD-BURDEN-001,cvd_2024_05,quarterly,2010_q1,2010-01-01,2010,1,1,1,stroke,male,all,hospital_registered,hospital_only,not_applicable,observed,quarterly_count,60,count,60,,,,,,,,,final,,,,,,,,none,No disclosure restriction identified.,60.000
bnr_cvd_public_metric_v2,CVD-BURDEN-001,cvd_2024_05,annual,2010,2010-01-01,2010,,,1,stroke,male,all,hospital_registered,hospital_only,not_applicable,observed,annual_count,203,count,203,,,,,,,,,final,,,,,,,,none,No disclosure restriction identified.,203.000
bnr_cvd_public_metric_v2,CVD-INCIDENCE-001,cvd_2024_05,annual,2010,2010-01-01,2010,,,1,stroke,male,all,national_estimate,hospital_plus_dco,inclusive,estimated,annual_crude_rate,,rate_per_100000,,,,,,,95,conditional_gamma,,final,cvd_rates_v1_1_0,UN_WPP_2024,BRB,persons,2026-08-26,historical_estimate,WHO_WORLD_2000_2025,primary,Primary suppression: supporting frequency 1-5.,*
bnr_cvd_public_metric_v2,CVD-BURDEN-001,cvd_2024_05,annual,2010,2010-01-01,2010,,,1,stroke,male,all,national_estimate,additional_dco,inclusive,estimated,annual_count,,count,,,,,,,,,,final,cvd_rates_v1_1_0,not_applicable,BRB,not_applicable,not_applicable,not_applicable,not_applicable,primary,Primary suppression: supporting frequency 1-5.,*
bnr_cvd_public_metric_v2,CVD-INCIDENCE-001,cvd_2024_05,annual,2010,2010-01-01,2010,,,1,stroke,male,all,national_estimate,hospital_plus_dco,primary,estimated,annual_crude_rate,,rate_per_100000,,,,,,,95,conditional_gamma,,final,cvd_rates_v1_1_0,UN_WPP_2024,BRB,persons,2026-08-26,historical_estimate,WHO_WORLD_2000_2025,primary,Primary suppression: supporting frequency 1-5.,*
bnr_cvd_public_metric_v2,CVD-BURDEN-001,cvd_2024_05,quarterly,2010_q3,2010-07-01,2010,7,3,1,stroke,male,all,hospital_registered,hospital_only,not_applicable,observed,quarterly_count,47,count,47,,,,,,,,,final,,,,,,,,none,No disclosure restriction identified.,47.000
bnr_cvd_public_metric_v2,CVD-BURDEN-001,cvd_2024_05,annual,2010,2010-01-01,2010,,,1,stroke,male,all,national_estimate,hospital_plus_dco,primary,estimated,annual_count,,count,,,,,,,,,,final,cvd_rates_v1_1_0,not_applicable,BRB,not_applicable,not_applicable,not_applicable,not_applicable,primary,Primary suppression: supporting frequency 1-5.,*
bnr_cvd_public_metric_v2,CVD-BURDEN-001,cvd_2024_05,annual,2010,2010-01-01,2010,,,1,stroke,male,all,national_estimate,additional_dco,primary,estimated,annual_count,,count,,,,,,,,,,final,cvd_rates_v1_1_0,not_applicable,BRB,not_applicable,not_applicable,not_applicable,not_applicable,primary,Primary suppression: supporting frequency 1-5.,*
bnr_cvd_public_metric_v2,CVD-BURDEN-001,cvd_2024_05,quarterly,2010_q2,2010-04-01,2010,4,2,1,stroke,male,all,hospital_registered,hospital_only,not_applicable,observed,quarterly_count,45,count,45,,,,,,,,,final,,,,,,,,none,No disclosure restriction identified.,45.000
bnr_cvd_public_metric_v2,CVD-INCIDENCE-001,cvd_2024_05,annual,2010,2010-01-01,2010,,,1,stroke,male,age_standardised,hospital_registered,hospital_only,not_applicable,observed,annual_age_standardised_rate,125.9589154143779,rate_per_100000,,,,,108.9282803783721,147.4082544805402,95,fay_feuer_gamma,,final,cvd_rates_v1_1_0,UN_WPP_2024,BRB,persons,2026-08-26,historical_estimate,WHO_WORLD_2000_2025,none,No disclosure restriction identified.,125.959
bnr_cvd_public_metric_v2,CVD-INCIDENCE-001,cvd_2024_05,annual,2010,2010-01-01,2010,,,1,stroke,male,age_standardised,national_estimate,hospital_plus_dco,inclusive,estimated,annual_age_standardised_rate,,rate_per_100000,,,,,,,95,conditional_fay_feuer_gamma,,final,cvd_rates_v1_1_0,UN_WPP_2024,BRB,persons,2026-08-26,historical_estimate,WHO_WORLD_2000_2025,primary,Primary suppression: supporting frequency 1-5.,*
bnr_cvd_public_metric_v2,CVD-BURDEN-001,cvd_2024_05,quarterly,2010_q4,2010-10-01,2010,10,4,1,stroke,male,all,hospital_registered,hospital_only,not_applicable,observed,quarterly_count,51,count,51,,,,,,,,,final,,,,,,,,none,No disclosure restriction identified.,51.000
bnr_cvd_public_metric_v2,CVD-INCIDENCE-001,cvd_2024_05,annual,2010,2010-01-01,2010,,,1,stroke,male,age_standardised,national_estimate,hospital_plus_dco,primary,estimated,annual_age_standardised_rate,,rate_per_100000,,,,,,,95,conditional_fay_feuer_gamma,,final,cvd_rates_v1_1_0,UN_WPP_2024,BRB,persons,2026-08-26,historical_estimate,WHO_WORLD_2000_2025,primary,Primary suppression: supporting frequency 1-5.,*
bnr_cvd_public_metric_v2,CVD-BURDEN-001,cvd_2024_05,annual,2011,2011-01-01,2011,,,1,all_cvd,all,under_70,hospital_registered,hospital_only,not_applicable,observed,annual_previous_5yr_mean,,count,,,,,,,,,1,insufficient_history,,,,,,,,none,No disclosure restriction identified.,.
bnr_cvd_public_metric_v2,CVD-BURDEN-001,cvd_2024_05,monthly,2011_m06,2011-06-01,2011,6,,1,all_cvd,all,all,hospital_registered,hospital_only,not_applicable,observed,monthly_count,31,count,31,,,,,,,,,final,,,,,,,,none,No disclosure restriction identified.,31.000
bnr_cvd_public_metric_v2,CVD-INCIDENCE-001,cvd_2024_05,annual,2011,2011-01-01,2011,,,1,all_cvd,all,all,national_estimate,hospital_plus_dco,inclusive,estimated,annual_crude_rate,230.6291914061914,rate_per_100000,636.8571428571429,276139,193.7430062396112,343.6675007876468,213.0627305465757,249.2577676599276,95,conditional_gamma,,final,cvd_rates_v1_1_0,UN_WPP_2024,BRB,persons,2026-08-26,historical_estimate,WHO_WORLD_2000_2025,none,No disclosure restriction identified.,230.629
bnr_cvd_public_metric_v2,CVD-BURDEN-001,cvd_2024_05,annual,2011,2011-01-01,2011,,,1,all_cvd,all,under_70,hospital_registered,hospital_only,not_applicable,observed,annual_count,253,count,253,,,,,,,,,final,,,,,,,,none,No disclosure restriction identified.,253.000
bnr_cvd_public_metric_v2,CVD-BURDEN-001,cvd_2024_05,monthly,2011_m02,2011-02-01,2011,2,,1,all_cvd,all,all,hospital_registered,hospital_only,not_applicable,observed,monthly_count,27,count,27,,,,,,,,,final,,,,,,,,none,No disclosure restriction identified.,27.000
bnr_cvd_public_metric_v2,CVD-BURDEN-001,cvd_2024_05,monthly,2011_m05,2011-05-01,2011,5,,1,all_cvd,all,all,hospital_registered,hospital_only,not_applicable,observed,monthly_count,43,count,43,,,,,,,,,final,,,,,,,,none,No disclosure restriction identified.,43.000
bnr_cvd_public_metric_v2,CVD-BURDEN-001,cvd_2024_05,quarterly,2011_q4,2011-10-01,2011,10,4,1,all_cvd,all,all,hospital_registered,hospital_only,not_applicable,observed,quarterly_count,138,count,138,,,,,,,,,final,,,,,,,,none,No disclosure restriction identified.,138.000
bnr_cvd_public_metric_v2,CVD-BURDEN-001,cvd_2024_05,monthly,2011_m10,2011-10-01,2011,10,,1,all_cvd,all,all,hospital_registered,hospital_only,not_applicable,observed,monthly_count,51,count,51,,,,,,,,,final,,,,,,,,none,No disclosure restriction identified.,51.000
bnr_cvd_public_metric_v2,CVD-BURDEN-001,cvd_2024_05,monthly,2011_m01,2011-01-01,2011,1,,1,all_cvd,all,all,hospital_registered,hospital_only,not_applicable,observed,monthly_count,41,count,41,,,,,,,,,final,,,,,,,,none,No disclosure restriction identified.,41.000
bnr_cvd_public_metric_v2,CVD-BURDEN-001,cvd_2024_05,annual,2011,2011-01-01,2011,,,1,all_cvd,all,all,national_estimate,additional_dco,inclusive,estimated,annual_count,132.8571428571428,count,132.8571428571428,,31,445,,,,,,final,cvd_rates_v1_1_0,not_applicable,BRB,not_applicable,not_applicable,not_applicable,not_applicable,none,No disclosure restriction identified.,132.857
bnr_cvd_public_metric_v2,CVD-BURDEN-001,cvd_2024_05,quarterly,2011_q1,2011-01-01,2011,1,1,1,all_cvd,all,all,hospital_registered,hospital_only,not_applicable,observed,quarterly_count,112,count,112,,,,,,,,,final,,,,,,,,none,No disclosure restriction identified.,112.000
bnr_cvd_public_metric_v2,CVD-BURDEN-001,cvd_2024_05,annual,2011,2011-01-01,2011,,,1,all_cvd,all,all,hospital_registered,hospital_only,not_applicable,observed,annual_count,504,count,504,,,,,,,,,final,,,,,,,,none,No disclosure restriction identified.,504.000
bnr_cvd_public_metric_v2,CVD-BURDEN-001,cvd_2024_05,quarterly,2011_q3,2011-07-01,2011,7,3,1,all_cvd,all,all,hospital_registered,hospital_only,not_applicable,observed,quarterly_same_quarter_previous_5yr_mean,,count,,,,,,,,,1,insufficient_history,,,,,,,,none,No disclosure restriction identified.,.
bnr_cvd_public_metric_v2,CVD-BURDEN-001,cvd_2024_05,monthly,2011_m07,2011-07-01,2011,7,,1,all_cvd,all,all,hospital_registered,hospital_only,not_applicable,observed,monthly_count,39,count,39,,,,,,,,,final,,,,,,,,none,No disclosure restriction identified.,39.000
bnr_cvd_public_metric_v2,CVD-BURDEN-002,cvd_2024_05,annual,2011,2011-01-01,2011,,,1,all_cvd,all,under_70,hospital_registered,hospital_only,not_applicable,observed,age_distribution,50.1984126984127,percent,253,504,,,,,,,,final,,,,,,,,none,No disclosure restriction identified.,50.198
bnr_cvd_public_metric_v2,CVD-BURDEN-002,cvd_2024_05,annual,2011,2011-01-01,2011,,,1,all_cvd,all,age_70_plus,hospital_registered,hospital_only,not_applicable,observed,age_distribution,49.8015873015873,percent,251,504,,,,,,,,final,,,,,,,,none,No disclosure restriction identified.,49.802
bnr_cvd_public_metric_v2,CVD-INCIDENCE-001,cvd_2024_05,annual,2011,2011-01-01,2011,,,1,all_cvd,all,age_standardised,hospital_registered,hospital_only,not_applicable,observed,annual_age_standardised_rate,129.4347570156042,rate_per_100000,,,,,118.2081621306433,141.7057412769155,95,fay_feuer_gamma,,final,cvd_rates_v1_1_0,UN_WPP_2024,BRB,persons,2026-08-26,historical_estimate,WHO_WORLD_2000_2025,none,No disclosure restriction identified.,129.435
bnr_cvd_public_metric_v2,CVD-BURDEN-001,cvd_2024_05,annual,2011,2011-01-01,2011,,,1,all_cvd,all,all,national_estimate,additional_dco,primary,estimated,annual_count,117.5206611570248,count,117.5206611570248,,30,382.9999999999999,,,,,,final,cvd_rates_v1_1_0,not_applicable,BRB,not_applicable,not_applicable,not_applicable,not_applicable,none,No disclosure restriction identified.,117.521
bnr_cvd_public_metric_v2,CVD-BURDEN-001,cvd_2024_05,annual,2011,2011-01-01,2011,,,1,all_cvd,all,all,national_estimate,hospital_plus_dco,inclusive,estimated,annual_count,636.8571428571429,count,636.8571428571429,,535,949,,,,,,final,cvd_rates_v1_1_0,not_applicable,BRB,not_applicable,not_applicable,not_applicable,not_applicable,none,No disclosure restriction identified.,636.857
bnr_cvd_public_metric_v2,CVD-BURDEN-001,cvd_2024_05,quarterly,2011_q2,2011-04-01,2011,4,2,1,all_cvd,all,all,hospital_registered,hospital_only,not_applicable,observed,quarterly_same_quarter_previous_5yr_mean,,count,,,,,,,,,1,insufficient_history,,,,,,,,none,No disclosure restriction identified.,.
bnr_cvd_public_metric_v2,CVD-BURDEN-001,cvd_2024_05,monthly,2011_m04,2011-04-01,2011,4,,1,all_cvd,all,all,hospital_registered,hospital_only,not_applicable,observed,monthly_count,61,count,61,,,,,,,,,final,,,,,,,,none,No disclosure restriction identified.,61.000
bnr_cvd_public_metric_v2,CVD-BURDEN-001,cvd_2024_05,annual,2011,2011-01-01,2011,,,1,all_cvd,all,all,hospital_registered,hospital_only,not_applicable,observed,annual_previous_5yr_mean,,count,,,,,,,,,1,insufficient_history,,,,,,,,none,No disclosure restriction identified.,.
bnr_cvd_public_metric_v2,CVD-BURDEN-001,cvd_2024_05,quarterly,2011_q4,2011-10-01,2011,10,4,1,all_cvd,all,all,hospital_registered,hospital_only,not_applicable,observed,quarterly_same_quarter_previous_5yr_mean,,count,,,,,,,,,1,insufficient_history,,,,,,,,none,No disclosure restriction identified.,.
bnr_cvd_public_metric_v2,CVD-BURDEN-001,cvd_2024_05,monthly,2011_m12,2011-12-01,2011,12,,1,all_cvd,all,all,hospital_registered,hospital_only,not_applicable,observed,monthly_count,45,count,45,,,,,,,,,final,,,,,,,,none,No disclosure restriction identified.,45.000
bnr_cvd_public_metric_v2,CVD-BURDEN-001,cvd_2024_05,monthly,2011_m03,2011-03-01,2011,3,,1,all_cvd,all,all,hospital_registered,hospital_only,not_applicable,observed,monthly_count,44,count,44,,,,,,,,,final,,,,,,,,none,No disclosure restriction identified.,44.000
bnr_cvd_public_metric_v2,CVD-BURDEN-001,cvd_2024_05,annual,2011,2011-01-01,2011,,,1,all_cvd,all,age_70_plus,hospital_registered,hospital_only,not_applicable,observed,annual_count,251,count,251,,,,,,,,,final,,,,,,,,none,No disclosure restriction identified.,251.000
bnr_cvd_public_metric_v2,CVD-BURDEN-001,cvd_2024_05,quarterly,2011_q3,2011-07-01,2011,7,3,1,all_cvd,all,all,hospital_registered,hospital_only,not_applicable,observed,quarterly_count,119,count,119,,,,,,,,,final,,,,,,,,none,No disclosure restriction identified.,119.000
bnr_cvd_public_metric_v2,CVD-BURDEN-001,cvd_2024_05,quarterly,2011_q1,2011-01-01,2011,1,1,1,all_cvd,all,all,hospital_registered,hospital_only,not_applicable,observed,quarterly_same_quarter_previous_5yr_mean,,count,,,,,,,,,1,insufficient_history,,,,,,,,none,No disclosure restriction identified.,.
bnr_cvd_public_metric_v2,CVD-BURDEN-001,cvd_2024_05,annual,2011,2011-01-01,2011,,,1,all_cvd,all,age_70_plus,hospital_registered,hospital_only,not_applicable,observed,annual_previous_5yr_mean,,count,,,,,,,,,1,insufficient_history,,,,,,,,none,No disclosure restriction identified.,.
bnr_cvd_public_metric_v2,CVD-BURDEN-001,cvd_2024_05,monthly,2011_m09,2011-09-01,2011,9,,1,all_cvd,all,all,hospital_registered,hospital_only,not_applicable,observed,monthly_count,38,count,38,,,,,,,,,final,,,,,,,,none,No disclosure restriction identified.,38.000
bnr_cvd_public_metric_v2,CVD-BURDEN-001,cvd_2024_05,quarterly,2011_q2,2011-04-01,2011,4,2,1,all_cvd,all,all,hospital_registered,hospital_only,not_applicable,observed,quarterly_count,135,count,135,,,,,,,,,final,,,,,,,,none,No disclosure restriction identified.,135.000
bnr_cvd_public_metric_v2,CVD-INCIDENCE-001,cvd_2024_05,annual,2011,2011-01-01,2011,,,1,all_cvd,all,age_standardised,national_estimate,hospital_plus_dco,primary,estimated,annual_age_standardised_rate,155.6489976945042,rate_per_100000,,,136.1265779484036,214.8670042576759,143.4578976181838,168.8692322537034,95,conditional_fay_feuer_gamma,,final,cvd_rates_v1_1_0,UN_WPP_2024,BRB,persons,2026-08-26,historical_estimate,WHO_WORLD_2000_2025,none,No disclosure restriction identified.,155.649
bnr_cvd_public_metric_v2,CVD-BURDEN-001,cvd_2024_05,monthly,2011_m11,2011-11-01,2011,11,,1,all_cvd,all,all,hospital_registered,hospital_only,not_applicable,observed,monthly_count,42,count,42,,,,,,,,,final,,,,,,,,none,No disclosure restriction identified.,42.000
bnr_cvd_public_metric_v2,CVD-INCIDENCE-001,cvd_2024_05,annual,2011,2011-01-01,2011,,,1,all_cvd,all,age_standardised,national_estimate,hospital_plus_dco,inclusive,estimated,annual_age_standardised_rate,159.0326918314628,rate_per_100000,,,136.3409418059712,228.5719257805498,146.7243600021529,172.3683906156452,95,conditional_fay_feuer_gamma,,final,cvd_rates_v1_1_0,UN_WPP_2024,BRB,persons,2026-08-26,historical_estimate,WHO_WORLD_2000_2025,none,No disclosure restriction identified.,159.033
bnr_cvd_public_metric_v2,CVD-INCIDENCE-001,cvd_2024_05,annual,2011,2011-01-01,2011,,,1,all_cvd,all,all,national_estimate,hospital_plus_dco,primary,estimated,annual_crude_rate,225.0752922104537,rate_per_100000,621.5206611570247,276139,193.3808697793503,321.2150402514675,207.7258475803145,243.4870226377687,95,conditional_gamma,,final,cvd_rates_v1_1_0,UN_WPP_2024,BRB,persons,2026-08-26,historical_estimate,WHO_WORLD_2000_2025,none,No disclosure restriction identified.,225.075
bnr_cvd_public_metric_v2,CVD-INCIDENCE-001,cvd_2024_05,annual,2011,2011-01-01,2011,,,1,all_cvd,all,all,hospital_registered,hospital_only,not_applicable,observed,annual_crude_rate,182.5167759715216,rate_per_100000,504,276139,,,166.9281022043551,199.1692884339789,95,poisson_exact_garwood,,final,cvd_rates_v1_1_0,UN_WPP_2024,BRB,persons,2026-08-26,historical_estimate,WHO_WORLD_2000_2025,none,No disclosure restriction identified.,182.517
bnr_cvd_public_metric_v2,CVD-BURDEN-001,cvd_2024_05,monthly,2011_m08,2011-08-01,2011,8,,1,all_cvd,all,all,hospital_registered,hospital_only,not_applicable,observed,monthly_count,42,count,42,,,,,,,,,final,,,,,,,,none,No disclosure restriction identified.,42.000
bnr_cvd_public_metric_v2,CVD-BURDEN-001,cvd_2024_05,annual,2011,2011-01-01,2011,,,1,all_cvd,all,all,national_estimate,hospital_plus_dco,primary,estimated,annual_count,621.5206611570247,count,621.5206611570247,,534,887,,,,,,final,cvd_rates_v1_1_0,not_applicable,BRB,not_applicable,not_applicable,not_applicable,not_applicable,none,No disclosure restriction identified.,621.521
bnr_cvd_public_metric_v2,CVD-BURDEN-001,cvd_2024_05,annual,2011,2011-01-01,2011,,,1,all_cvd,female,all,hospital_registered,hospital_only,not_applicable,observed,annual_count,246,count,246,,,,,,,,,final,,,,,,,,none,No disclosure restriction identified.,246.000
bnr_cvd_public_metric_v2,CVD-BURDEN-001,cvd_2024_05,annual,2011,2011-01-01,2011,,,1,all_cvd,female,all,national_estimate,additional_dco,inclusive,estimated,annual_count,77.14285714285712,count,77.14285714285712,,18,258.3870967741935,,,,,,final,cvd_rates_v1_1_0,not_applicable,BRB,not_applicable,not_applicable,not_applicable,not_applicable,none,No disclosure restriction identified.,77.143
bnr_cvd_public_metric_v2,CVD-BURDEN-001,cvd_2024_05,quarterly,2011_q3,2011-07-01,2011,7,3,1,all_cvd,female,all,hospital_registered,hospital_only,not_applicable,observed,quarterly_same_quarter_previous_5yr_mean,,count,,,,,,,,,1,insufficient_history,,,,,,,,none,No disclosure restriction identified.,.
bnr_cvd_public_metric_v2,CVD-BURDEN-001,cvd_2024_05,quarterly,2011_q4,2011-10-01,2011,10,4,1,all_cvd,female,all,hospital_registered,hospital_only,not_applicable,observed,quarterly_same_quarter_previous_5yr_mean,,count,,,,,,,,,1,insufficient_history,,,,,,,,none,No disclosure restriction identified.,.
bnr_cvd_public_metric_v2,CVD-BURDEN-001,cvd_2024_05,quarterly,2011_q4,2011-10-01,2011,10,4,1,all_cvd,female,all,hospital_registered,hospital_only,not_applicable,observed,quarterly_count,59,count,59,,,,,,,,,final,,,,,,,,none,No disclosure restriction identified.,59.000
bnr_cvd_public_metric_v2,CVD-INCIDENCE-001,cvd_2024_05,annual,2011,2011-01-01,2011,,,1,all_cvd,female,all,national_estimate,hospital_plus_dco,inclusive,estimated,annual_crude_rate,224.1487031431851,rate_per_100000,323.1428571428571,144164.5,183.1241394379338,349.8691403044394,200.3729796596917,249.9695714531537,95,conditional_gamma,,final,cvd_rates_v1_1_0,UN_WPP_2024,BRB,persons,2026-08-26,historical_estimate,WHO_WORLD_2000_2025,none,No disclosure restriction identified.,224.149
bnr_cvd_public_metric_v2,CVD-BURDEN-001,cvd_2024_05,quarterly,2011_q3,2011-07-01,2011,7,3,1,all_cvd,female,all,hospital_registered,hospital_only,not_applicable,observed,quarterly_count,60,count,60,,,,,,,,,final,,,,,,,,none,No disclosure restriction identified.,60.000
bnr_cvd_public_metric_v2,CVD-BURDEN-001,cvd_2024_05,quarterly,2011_q1,2011-01-01,2011,1,1,1,all_cvd,female,all,hospital_registered,hospital_only,not_applicable,observed,quarterly_same_quarter_previous_5yr_mean,,count,,,,,,,,,1,insufficient_history,,,,,,,,none,No disclosure restriction identified.,.
bnr_cvd_public_metric_v2,CVD-INCIDENCE-001,cvd_2024_05,annual,2011,2011-01-01,2011,,,1,all_cvd,female,age_standardised,national_estimate,hospital_plus_dco,inclusive,estimated,annual_age_standardised_rate,133.7729605889213,rate_per_100000,,,113.9744800965708,194.4457233880599,119.1108967859129,150.3994913504871,95,conditional_fay_feuer_gamma,,final,cvd_rates_v1_1_0,UN_WPP_2024,BRB,persons,2026-08-26,historical_estimate,WHO_WORLD_2000_2025,none,No disclosure restriction identified.,133.773
bnr_cvd_public_metric_v2,CVD-BURDEN-001,cvd_2024_05,annual,2011,2011-01-01,2011,,,1,all_cvd,female,all,national_estimate,hospital_plus_dco,primary,estimated,annual_count,312.595041322314,count,312.595041322314,,263,463.0333333333333,,,,,,final,cvd_rates_v1_1_0,not_applicable,BRB,not_applicable,not_applicable,not_applicable,not_applicable,none,No disclosure restriction identified.,312.595
bnr_cvd_public_metric_v2,CVD-BURDEN-001,cvd_2024_05,annual,2011,2011-01-01,2011,,,1,all_cvd,female,all,national_estimate,additional_dco,primary,estimated,annual_count,66.59504132231405,count,66.59504132231405,,17,217.0333333333333,,,,,,final,cvd_rates_v1_1_0,not_applicable,BRB,not_applicable,not_applicable,not_applicable,not_applicable,none,No disclosure restriction identified.,66.595
bnr_cvd_public_metric_v2,CVD-BURDEN-001,cvd_2024_05,quarterly,2011_q2,2011-04-01,2011,4,2,1,all_cvd,female,all,hospital_registered,hospital_only,not_applicable,observed,quarterly_count,66,count,66,,,,,,,,,final,,,,,,,,none,No disclosure restriction identified.,66.000
bnr_cvd_public_metric_v2,CVD-INCIDENCE-001,cvd_2024_05,annual,2011,2011-01-01,2011,,,1,all_cvd,female,age_standardised,hospital_registered,hospital_only,not_applicable,observed,annual_age_standardised_rate,107.9488555988989,rate_per_100000,,,,,94.48805368961784,123.4299672216999,95,fay_feuer_gamma,,final,cvd_rates_v1_1_0,UN_WPP_2024,BRB,persons,2026-08-26,historical_estimate,WHO_WORLD_2000_2025,none,No disclosure restriction identified.,107.949
bnr_cvd_public_metric_v2,CVD-BURDEN-001,cvd_2024_05,quarterly,2011_q2,2011-04-01,2011,4,2,1,all_cvd,female,all,hospital_registered,hospital_only,not_applicable,observed,quarterly_same_quarter_previous_5yr_mean,,count,,,,,,,,,1,insufficient_history,,,,,,,,none,No disclosure restriction identified.,.
bnr_cvd_public_metric_v2,CVD-INCIDENCE-001,cvd_2024_05,annual,2011,2011-01-01,2011,,,1,all_cvd,female,all,national_estimate,hospital_plus_dco,primary,estimated,annual_crude_rate,216.8321891466443,rate_per_100000,312.595041322314,144164.5,182.4304873946083,321.1840177944871,193.4587447946136,242.2514001955473,95,conditional_gamma,,final,cvd_rates_v1_1_0,UN_WPP_2024,BRB,persons,2026-08-26,historical_estimate,WHO_WORLD_2000_2025,none,No disclosure restriction identified.,216.832
bnr_cvd_public_metric_v2,CVD-BURDEN-001,cvd_2024_05,annual,2011,2011-01-01,2011,,,1,all_cvd,female,all,hospital_registered,hospital_only,not_applicable,observed,annual_previous_5yr_mean,,count,,,,,,,,,1,insufficient_history,,,,,,,,none,No disclosure restriction identified.,.
bnr_cvd_public_metric_v2,CVD-BURDEN-001,cvd_2024_05,annual,2011,2011-01-01,2011,,,1,all_cvd,female,all,national_estimate,hospital_plus_dco,inclusive,estimated,annual_count,323.1428571428571,count,323.1428571428571,,264,504.3870967741935,,,,,,final,cvd_rates_v1_1_0,not_applicable,BRB,not_applicable,not_applicable,not_applicable,not_applicable,none,No disclosure restriction identified.,323.143
bnr_cvd_public_metric_v2,CVD-INCIDENCE-001,cvd_2024_05,annual,2011,2011-01-01,2011,,,1,all_cvd,female,age_standardised,national_estimate,hospital_plus_dco,primary,estimated,annual_age_standardised_rate,130.3618919953628,rate_per_100000,,,113.6703269152958,180.9929727382326,115.8468465730785,146.8482579376397,95,conditional_fay_feuer_gamma,,final,cvd_rates_v1_1_0,UN_WPP_2024,BRB,persons,2026-08-26,historical_estimate,WHO_WORLD_2000_2025,none,No disclosure restriction identified.,130.362
bnr_cvd_public_metric_v2,CVD-BURDEN-002,cvd_2024_05,annual,2011,2011-01-01,2011,,,1,all_cvd,female,all,hospital_registered,hospital_only,not_applicable,observed,sex_distribution,48.80952380952381,percent,246,504,,,,,,,,final,,,,,,,,none,No disclosure restriction identified.,48.810
bnr_cvd_public_metric_v2,CVD-BURDEN-001,cvd_2024_05,quarterly,2011_q1,2011-01-01,2011,1,1,1,all_cvd,female,all,hospital_registered,hospital_only,not_applicable,observed,quarterly_count,61,count,61,,,,,,,,,final,,,,,,,,none,No disclosure restriction identified.,61.000
bnr_cvd_public_metric_v2,CVD-INCIDENCE-001,cvd_2024_05,annual,2011,2011-01-01,2011,,,1,all_cvd,female,all,hospital_registered,hospital_only,not_applicable,observed,annual_crude_rate,170.6384026580746,rate_per_100000,246,144164.5,,,149.9793615891947,193.3480128382564,95,poisson_exact_garwood,,final,cvd_rates_v1_1_0,UN_WPP_2024,BRB,persons,2026-08-26,historical_estimate,WHO_WORLD_2000_2025,none,No disclosure restriction identified.,170.638
bnr_cvd_public_metric_v2,CVD-BURDEN-001,cvd_2024_05,annual,2011,2011-01-01,2011,,,1,all_cvd,male,all,national_estimate,additional_dco,inclusive,estimated,annual_count,55.7142857142857,count,55.7142857142857,,13,186.6129032258065,,,,,,final,cvd_rates_v1_1_0,not_applicable,BRB,not_applicable,not_applicable,not_applicable,not_applicable,none,No disclosure restriction identified.,55.714
bnr_cvd_public_metric_v2,CVD-BURDEN-001,cvd_2024_05,quarterly,2011_q3,2011-07-01,2011,7,3,1,all_cvd,male,all,hospital_registered,hospital_only,not_applicable,observed,quarterly_count,59,count,59,,,,,,,,,final,,,,,,,,none,No disclosure restriction identified.,59.000
bnr_cvd_public_metric_v2,CVD-INCIDENCE-001,cvd_2024_05,annual,2011,2011-01-01,2011,,,1,all_cvd,male,all,national_estimate,hospital_plus_dco,inclusive,estimated,annual_crude_rate,237.7082585759262,rate_per_100000,313.7142857142857,131974.5,205.3426987789308,336.8930385989767,212.1289175103146,265.5222526032607,95,conditional_gamma,,final,cvd_rates_v1_1_0,UN_WPP_2024,BRB,persons,2026-08-26,historical_estimate,WHO_WORLD_2000_2025,none,No disclosure restriction identified.,237.708
bnr_cvd_public_metric_v2,CVD-BURDEN-001,cvd_2024_05,annual,2011,2011-01-01,2011,,,1,all_cvd,male,all,national_estimate,hospital_plus_dco,primary,estimated,annual_count,308.9256198347107,count,308.9256198347107,,271,423.9666666666667,,,,,,final,cvd_rates_v1_1_0,not_applicable,BRB,not_applicable,not_applicable,not_applicable,not_applicable,none,No disclosure restriction identified.,308.926
bnr_cvd_public_metric_v2,CVD-BURDEN-001,cvd_2024_05,annual,2011,2011-01-01,2011,,,1,all_cvd,male,all,national_estimate,additional_dco,primary,estimated,annual_count,50.92561983471074,count,50.92561983471074,,13,165.9666666666667,,,,,,final,cvd_rates_v1_1_0,not_applicable,BRB,not_applicable,not_applicable,not_applicable,not_applicable,none,No disclosure restriction identified.,50.926
bnr_cvd_public_metric_v2,CVD-BURDEN-001,cvd_2024_05,quarterly,2011_q2,2011-04-01,2011,4,2,1,all_cvd,male,all,hospital_registered,hospital_only,not_applicable,observed,quarterly_count,69,count,69,,,,,,,,,final,,,,,,,,none,No disclosure restriction identified.,69.000
bnr_cvd_public_metric_v2,CVD-BURDEN-001,cvd_2024_05,annual,2011,2011-01-01,2011,,,1,all_cvd,male,all,hospital_registered,hospital_only,not_applicable,observed,annual_count,258,count,258,,,,,,,,,final,,,,,,,,none,No disclosure restriction identified.,258.000
bnr_cvd_public_metric_v2,CVD-BURDEN-001,cvd_2024_05,quarterly,2011_q4,2011-10-01,2011,10,4,1,all_cvd,male,all,hospital_registered,hospital_only,not_applicable,observed,quarterly_count,79,count,79,,,,,,,,,final,,,,,,,,none,No disclosure restriction identified.,79.000
bnr_cvd_public_metric_v2,CVD-BURDEN-002,cvd_2024_05,annual,2011,2011-01-01,2011,,,1,all_cvd,male,all,hospital_registered,hospital_only,not_applicable,observed,sex_distribution,51.19047619047619,percent,258,504,,,,,,,,final,,,,,,,,none,No disclosure restriction identified.,51.190
bnr_cvd_public_metric_v2,CVD-BURDEN-001,cvd_2024_05,annual,2011,2011-01-01,2011,,,1,all_cvd,male,all,national_estimate,hospital_plus_dco,inclusive,estimated,annual_count,313.7142857142857,count,313.7142857142857,,271,444.6129032258065,,,,,,final,cvd_rates_v1_1_0,not_applicable,BRB,not_applicable,not_applicable,not_applicable,not_applicable,none,No disclosure restriction identified.,313.714
bnr_cvd_public_metric_v2,CVD-BURDEN-001,cvd_2024_05,quarterly,2011_q2,2011-04-01,2011,4,2,1,all_cvd,male,all,hospital_registered,hospital_only,not_applicable,observed,quarterly_same_quarter_previous_5yr_mean,,count,,,,,,,,,1,insufficient_history,,,,,,,,none,No disclosure restriction identified.,.
bnr_cvd_public_metric_v2,CVD-BURDEN-001,cvd_2024_05,quarterly,2011_q4,2011-10-01,2011,10,4,1,all_cvd,male,all,hospital_registered,hospital_only,not_applicable,observed,quarterly_same_quarter_previous_5yr_mean,,count,,,,,,,,,1,insufficient_history,,,,,,,,none,No disclosure restriction identified.,.
bnr_cvd_public_metric_v2,CVD-BURDEN-001,cvd_2024_05,quarterly,2011_q1,2011-01-01,2011,1,1,1,all_cvd,male,all,hospital_registered,hospital_only,not_applicable,observed,quarterly_same_quarter_previous_5yr_mean,,count,,,,,,,,,1,insufficient_history,,,,,,,,none,No disclosure restriction identified.,.
bnr_cvd_public_metric_v2,CVD-BURDEN-001,cvd_2024_05,quarterly,2011_q3,2011-07-01,2011,7,3,1,all_cvd,male,all,hospital_registered,hospital_only,not_applicable,observed,quarterly_same_quarter_previous_5yr_mean,,count,,,,,,,,,1,insufficient_history,,,,,,,,none,No disclosure restriction identified.,.
bnr_cvd_public_metric_v2,CVD-INCIDENCE-001,cvd_2024_05,annual,2011,2011-01-01,2011,,,1,all_cvd,male,all,hospital_registered,hospital_only,not_applicable,observed,annual_crude_rate,195.4923110146278,rate_per_100000,258,131974.5,,,172.3635270421417,220.8599751602722,95,poisson_exact_garwood,,final,cvd_rates_v1_1_0,UN_WPP_2024,BRB,persons,2026-08-26,historical_estimate,WHO_WORLD_2000_2025,none,No disclosure restriction identified.,195.492
bnr_cvd_public_metric_v2,CVD-INCIDENCE-001,cvd_2024_05,annual,2011,2011-01-01,2011,,,1,all_cvd,male,all,national_estimate,hospital_plus_dco,primary,estimated,annual_crude_rate,234.0797804384262,rate_per_100000,308.9256198347107,131974.5,205.3426987789308,321.2489281388955,208.7020247277543,261.6925071918669,95,conditional_gamma,,final,cvd_rates_v1_1_0,UN_WPP_2024,BRB,persons,2026-08-26,historical_estimate,WHO_WORLD_2000_2025,none,No disclosure restriction identified.,234.080
bnr_cvd_public_metric_v2,CVD-BURDEN-001,cvd_2024_05,quarterly,2011_q1,2011-01-01,2011,1,1,1,all_cvd,male,all,hospital_registered,hospital_only,not_applicable,observed,quarterly_count,51,count,51,,,,,,,,,final,,,,,,,,none,No disclosure restriction identified.,51.000
bnr_cvd_public_metric_v2,CVD-BURDEN-001,cvd_2024_05,annual,2011,2011-01-01,2011,,,1,all_cvd,male,all,hospital_registered,hospital_only,not_applicable,observed,annual_previous_5yr_mean,,count,,,,,,,,,1,insufficient_history,,,,,,,,none,No disclosure restriction identified.,.
bnr_cvd_public_metric_v2,CVD-INCIDENCE-001,cvd_2024_05,annual,2011,2011-01-01,2011,,,1,all_cvd,male,age_standardised,hospital_registered,hospital_only,not_applicable,observed,annual_age_standardised_rate,156.6465513170551,rate_per_100000,,,,,137.5975236747034,180.0396893315052,95,fay_feuer_gamma,,final,cvd_rates_v1_1_0,UN_WPP_2024,BRB,persons,2026-08-26,historical_estimate,WHO_WORLD_2000_2025,none,No disclosure restriction identified.,156.647
bnr_cvd_public_metric_v2,CVD-INCIDENCE-001,cvd_2024_05,annual,2011,2011-01-01,2011,,,1,all_cvd,male,age_standardised,national_estimate,hospital_plus_dco,primary,estimated,annual_age_standardised_rate,186.5301894449122,rate_per_100000,,,164.2750749741663,254.0373700061749,165.8135925096578,211.5260528857168,95,conditional_fay_feuer_gamma,,final,cvd_rates_v1_1_0,UN_WPP_2024,BRB,persons,2026-08-26,historical_estimate,WHO_WORLD_2000_2025,none,No disclosure restriction identified.,186.530
bnr_cvd_public_metric_v2,CVD-INCIDENCE-001,cvd_2024_05,annual,2011,2011-01-01,2011,,,1,all_cvd,male,age_standardised,national_estimate,hospital_plus_dco,inclusive,estimated,annual_age_standardised_rate,189.340224133246,rate_per_100000,,,164.2750749741663,266.1527780078451,168.4735487261383,214.4808922911267,95,conditional_fay_feuer_gamma,,final,cvd_rates_v1_1_0,UN_WPP_2024,BRB,persons,2026-08-26,historical_estimate,WHO_WORLD_2000_2025,none,No disclosure restriction identified.,189.340
bnr_cvd_public_metric_v2,CVD-INCIDENCE-001,cvd_2024_05,annual,2011,2011-01-01,2011,,,1,heart,all,all,national_estimate,hospital_plus_dco,inclusive,estimated,annual_crude_rate,,rate_per_100000,,,,,,,95,conditional_gamma,,final,cvd_rates_v1_1_0,UN_WPP_2024,BRB,persons,2026-08-26,historical_estimate,WHO_WORLD_2000_2025,primary,Primary suppression: supporting frequency 1-5.,*
bnr_cvd_public_metric_v2,CVD-BURDEN-002,cvd_2024_05,annual,2011,2011-01-01,2011,,,1,heart,all,all,hospital_registered,hospital_only,not_applicable,observed,event_type_distribution,23.61111111111111,percent,119,504,,,,,,,,final,,,,,,,,none,No disclosure restriction identified.,23.611
bnr_cvd_public_metric_v2,CVD-BURDEN-001,cvd_2024_05,annual,2011,2011-01-01,2011,,,1,heart,all,all,national_estimate,additional_dco,inclusive,estimated,annual_count,,count,,,,,,,,,,final,cvd_rates_v1_1_0,not_applicable,BRB,not_applicable,not_applicable,not_applicable,not_applicable,primary,Primary suppression: supporting frequency 1-5.,*
bnr_cvd_public_metric_v2,CVD-INCIDENCE-001,cvd_2024_05,annual,2011,2011-01-01,2011,,,1,heart,all,age_standardised,national_estimate,hospital_plus_dco,inclusive,estimated,annual_age_standardised_rate,,rate_per_100000,,,,,,,95,conditional_fay_feuer_gamma,,final,cvd_rates_v1_1_0,UN_WPP_2024,BRB,persons,2026-08-26,historical_estimate,WHO_WORLD_2000_2025,primary,Primary suppression: supporting frequency 1-5.,*
bnr_cvd_public_metric_v2,CVD-BURDEN-001,cvd_2024_05,quarterly,2011_q1,2011-01-01,2011,1,1,1,heart,all,all,hospital_registered,hospital_only,not_applicable,observed,quarterly_same_quarter_previous_5yr_mean,,count,,,,,,,,,1,insufficient_history,,,,,,,,none,No disclosure restriction identified.,.
bnr_cvd_public_metric_v2,CVD-BURDEN-001,cvd_2024_05,quarterly,2011_q4,2011-10-01,2011,10,4,1,heart,all,all,hospital_registered,hospital_only,not_applicable,observed,quarterly_same_quarter_previous_5yr_mean,,count,,,,,,,,,1,insufficient_history,,,,,,,,none,No disclosure restriction identified.,.
bnr_cvd_public_metric_v2,CVD-INCIDENCE-001,cvd_2024_05,annual,2011,2011-01-01,2011,,,1,heart,all,age_standardised,hospital_registered,hospital_only,not_applicable,observed,annual_age_standardised_rate,31.52207662816583,rate_per_100000,,,,,26.05505161986045,38.08834306769234,95,fay_feuer_gamma,,final,cvd_rates_v1_1_0,UN_WPP_2024,BRB,persons,2026-08-26,historical_estimate,WHO_WORLD_2000_2025,none,No disclosure restriction identified.,31.522
bnr_cvd_public_metric_v2,CVD-BURDEN-001,cvd_2024_05,quarterly,2011_q2,2011-04-01,2011,4,2,1,heart,all,all,hospital_registered,hospital_only,not_applicable,observed,quarterly_same_quarter_previous_5yr_mean,,count,,,,,,,,,1,insufficient_history,,,,,,,,none,No disclosure restriction identified.,.
bnr_cvd_public_metric_v2,CVD-BURDEN-001,cvd_2024_05,quarterly,2011_q3,2011-07-01,2011,7,3,1,heart,all,all,hospital_registered,hospital_only,not_applicable,observed,quarterly_same_quarter_previous_5yr_mean,,count,,,,,,,,,1,insufficient_history,,,,,,,,none,No disclosure restriction identified.,.
bnr_cvd_public_metric_v2,CVD-BURDEN-001,cvd_2024_05,annual,2011,2011-01-01,2011,,,1,heart,all,all,national_estimate,additional_dco,primary,estimated,annual_count,,count,,,,,,,,,,final,cvd_rates_v1_1_0,not_applicable,BRB,not_applicable,not_applicable,not_applicable,not_applicable,primary,Primary suppression: supporting frequency 1-5.,*
bnr_cvd_public_metric_v2,CVD-INCIDENCE-001,cvd_2024_05,annual,2011,2011-01-01,2011,,,1,heart,all,all,hospital_registered,hospital_only,not_applicable,observed,annual_crude_rate,43.09423877105371,rate_per_100000,119,276139,,,35.70000368554689,51.56868166763394,95,poisson_exact_garwood,,final,cvd_rates_v1_1_0,UN_WPP_2024,BRB,persons,2026-08-26,historical_estimate,WHO_WORLD_2000_2025,none,No disclosure restriction identified.,43.094
bnr_cvd_public_metric_v2,CVD-BURDEN-001,cvd_2024_05,annual,2011,2011-01-01,2011,,,1,heart,all,all,hospital_registered,hospital_only,not_applicable,observed,annual_count,119,count,119,,,,,,,,,final,,,,,,,,none,No disclosure restriction identified.,119.000
bnr_cvd_public_metric_v2,CVD-BURDEN-001,cvd_2024_05,quarterly,2011_q3,2011-07-01,2011,7,3,1,heart,all,all,hospital_registered,hospital_only,not_applicable,observed,quarterly_count,28,count,28,,,,,,,,,final,,,,,,,,none,No disclosure restriction identified.,28.000
bnr_cvd_public_metric_v2,CVD-BURDEN-001,cvd_2024_05,quarterly,2011_q1,2011-01-01,2011,1,1,1,heart,all,all,hospital_registered,hospital_only,not_applicable,observed,quarterly_count,21,count,21,,,,,,,,,final,,,,,,,,none,No disclosure restriction identified.,21.000
bnr_cvd_public_metric_v2,CVD-INCIDENCE-001,cvd_2024_05,annual,2011,2011-01-01,2011,,,1,heart,all,age_standardised,national_estimate,hospital_plus_dco,primary,estimated,annual_age_standardised_rate,,rate_per_100000,,,,,,,95,conditional_fay_feuer_gamma,,final,cvd_rates_v1_1_0,UN_WPP_2024,BRB,persons,2026-08-26,historical_estimate,WHO_WORLD_2000_2025,primary,Primary suppression: supporting frequency 1-5.,*
bnr_cvd_public_metric_v2,CVD-BURDEN-001,cvd_2024_05,annual,2011,2011-01-01,2011,,,1,heart,all,all,hospital_registered,hospital_only,not_applicable,observed,annual_previous_5yr_mean,,count,,,,,,,,,1,insufficient_history,,,,,,,,none,No disclosure restriction identified.,.
bnr_cvd_public_metric_v2,CVD-BURDEN-001,cvd_2024_05,quarterly,2011_q2,2011-04-01,2011,4,2,1,heart,all,all,hospital_registered,hospital_only,not_applicable,observed,quarterly_count,34,count,34,,,,,,,,,final,,,,,,,,none,No disclosure restriction identified.,34.000
bnr_cvd_public_metric_v2,CVD-BURDEN-001,cvd_2024_05,annual,2011,2011-01-01,2011,,,1,heart,all,all,national_estimate,hospital_plus_dco,inclusive,estimated,annual_count,,count,,,,,,,,,,final,cvd_rates_v1_1_0,not_applicable,BRB,not_applicable,not_applicable,not_applicable,not_applicable,primary,Primary suppression: supporting frequency 1-5.,*
bnr_cvd_public_metric_v2,CVD-BURDEN-001,cvd_2024_05,quarterly,2011_q4,2011-10-01,2011,10,4,1,heart,all,all,hospital_registered,hospital_only,not_applicable,observed,quarterly_count,36,count,36,,,,,,,,,final,,,,,,,,none,No disclosure restriction identified.,36.000
bnr_cvd_public_metric_v2,CVD-INCIDENCE-001,cvd_2024_05,annual,2011,2011-01-01,2011,,,1,heart,all,all,national_estimate,hospital_plus_dco,primary,estimated,annual_crude_rate,,rate_per_100000,,,,,,,95,conditional_gamma,,final,cvd_rates_v1_1_0,UN_WPP_2024,BRB,persons,2026-08-26,historical_estimate,WHO_WORLD_2000_2025,primary,Primary suppression: supporting frequency 1-5.,*
bnr_cvd_public_metric_v2,CVD-BURDEN-001,cvd_2024_05,annual,2011,2011-01-01,2011,,,1,heart,all,all,national_estimate,hospital_plus_dco,primary,estimated,annual_count,,count,,,,,,,,,,final,cvd_rates_v1_1_0,not_applicable,BRB,not_applicable,not_applicable,not_applicable,not_applicable,primary,Primary suppression: supporting frequency 1-5.,*
bnr_cvd_public_metric_v2,CVD-INCIDENCE-001,cvd_2024_05,annual,2011,2011-01-01,2011,,,1,heart,female,age_standardised,hospital_registered,hospital_only,not_applicable,observed,annual_age_standardised_rate,20.7100933438965,rate_per_100000,,,,,14.98860918820273,28.66061361519344,95,fay_feuer_gamma,,final,cvd_rates_v1_1_0,UN_WPP_2024,BRB,persons,2026-08-26,historical_estimate,WHO_WORLD_2000_2025,none,No disclosure restriction identified.,20.710
bnr_cvd_public_metric_v2,CVD-BURDEN-001,cvd_2024_05,quarterly,2011_q1,2011-01-01,2011,1,1,1,heart,female,all,hospital_registered,hospital_only,not_applicable,observed,quarterly_same_quarter_previous_5yr_mean,,count,,,,,,,,,1,insufficient_history,,,,,,,,none,No disclosure restriction identified.,.
bnr_cvd_public_metric_v2,CVD-BURDEN-001,cvd_2024_05,quarterly,2011_q3,2011-07-01,2011,7,3,1,heart,female,all,hospital_registered,hospital_only,not_applicable,observed,quarterly_count,13,count,13,,,,,,,,,final,,,,,,,,none,No disclosure restriction identified.,13.000
bnr_cvd_public_metric_v2,CVD-BURDEN-001,cvd_2024_05,quarterly,2011_q2,2011-04-01,2011,4,2,1,heart,female,all,hospital_registered,hospital_only,not_applicable,observed,quarterly_count,13,count,13,,,,,,,,,final,,,,,,,,none,No disclosure restriction identified.,13.000
bnr_cvd_public_metric_v2,CVD-BURDEN-001,cvd_2024_05,quarterly,2011_q4,2011-10-01,2011,10,4,1,heart,female,all,hospital_registered,hospital_only,not_applicable,observed,quarterly_same_quarter_previous_5yr_mean,,count,,,,,,,,,1,insufficient_history,,,,,,,,none,No disclosure restriction identified.,.
bnr_cvd_public_metric_v2,CVD-BURDEN-001,cvd_2024_05,annual,2011,2011-01-01,2011,,,1,heart,female,all,national_estimate,additional_dco,inclusive,estimated,annual_count,,count,,,,,,,,,,final,cvd_rates_v1_1_0,not_applicable,BRB,not_applicable,not_applicable,not_applicable,not_applicable,primary,Primary suppression: supporting frequency 1-5.,*
bnr_cvd_public_metric_v2,CVD-BURDEN-001,cvd_2024_05,annual,2011,2011-01-01,2011,,,1,heart,female,all,hospital_registered,hospital_only,not_applicable,observed,annual_previous_5yr_mean,,count,,,,,,,,,1,insufficient_history,,,,,,,,none,No disclosure restriction identified.,.
bnr_cvd_public_metric_v2,CVD-BURDEN-001,cvd_2024_05,quarterly,2011_q2,2011-04-01,2011,4,2,1,heart,female,all,hospital_registered,hospital_only,not_applicable,observed,quarterly_same_quarter_previous_5yr_mean,,count,,,,,,,,,1,insufficient_history,,,,,,,,none,No disclosure restriction identified.,.
bnr_cvd_public_metric_v2,CVD-BURDEN-001,cvd_2024_05,quarterly,2011_q4,2011-10-01,2011,10,4,1,heart,female,all,hospital_registered,hospital_only,not_applicable,observed,quarterly_count,12,count,12,,,,,,,,,final,,,,,,,,none,No disclosure restriction identified.,12.000
bnr_cvd_public_metric_v2,CVD-INCIDENCE-001,cvd_2024_05,annual,2011,2011-01-01,2011,,,1,heart,female,all,hospital_registered,hospital_only,not_applicable,observed,annual_crude_rate,31.2143419496478,rate_per_100000,45,144164.5,,,22.76795520966286,41.76724540157871,95,poisson_exact_garwood,,final,cvd_rates_v1_1_0,UN_WPP_2024,BRB,persons,2026-08-26,historical_estimate,WHO_WORLD_2000_2025,none,No disclosure restriction identified.,31.214
bnr_cvd_public_metric_v2,CVD-INCIDENCE-001,cvd_2024_05,annual,2011,2011-01-01,2011,,,1,heart,female,all,national_estimate,hospital_plus_dco,primary,estimated,annual_crude_rate,,rate_per_100000,,,,,,,95,conditional_gamma,,final,cvd_rates_v1_1_0,UN_WPP_2024,BRB,persons,2026-08-26,historical_estimate,WHO_WORLD_2000_2025,primary,Primary suppression: supporting frequency 1-5.,*
bnr_cvd_public_metric_v2,CVD-BURDEN-001,cvd_2024_05,annual,2011,2011-01-01,2011,,,1,heart,female,all,hospital_registered,hospital_only,not_applicable,observed,annual_count,45,count,45,,,,,,,,,final,,,,,,,,none,No disclosure restriction identified.,45.000
bnr_cvd_public_metric_v2,CVD-INCIDENCE-001,cvd_2024_05,annual,2011,2011-01-01,2011,,,1,heart,female,age_standardised,national_estimate,hospital_plus_dco,primary,estimated,annual_age_standardised_rate,,rate_per_100000,,,,,,,95,conditional_fay_feuer_gamma,,final,cvd_rates_v1_1_0,UN_WPP_2024,BRB,persons,2026-08-26,historical_estimate,WHO_WORLD_2000_2025,primary,Primary suppression: supporting frequency 1-5.,*
bnr_cvd_public_metric_v2,CVD-INCIDENCE-001,cvd_2024_05,annual,2011,2011-01-01,2011,,,1,heart,female,age_standardised,national_estimate,hospital_plus_dco,inclusive,estimated,annual_age_standardised_rate,,rate_per_100000,,,,,,,95,conditional_fay_feuer_gamma,,final,cvd_rates_v1_1_0,UN_WPP_2024,BRB,persons,2026-08-26,historical_estimate,WHO_WORLD_2000_2025,primary,Primary suppression: supporting frequency 1-5.,*
bnr_cvd_public_metric_v2,CVD-BURDEN-001,cvd_2024_05,annual,2011,2011-01-01,2011,,,1,heart,female,all,national_estimate,hospital_plus_dco,primary,estimated,annual_count,,count,,,,,,,,,,final,cvd_rates_v1_1_0,not_applicable,BRB,not_applicable,not_applicable,not_applicable,not_applicable,primary,Primary suppression: supporting frequency 1-5.,*
bnr_cvd_public_metric_v2,CVD-BURDEN-001,cvd_2024_05,annual,2011,2011-01-01,2011,,,1,heart,female,all,national_estimate,additional_dco,primary,estimated,annual_count,,count,,,,,,,,,,final,cvd_rates_v1_1_0,not_applicable,BRB,not_applicable,not_applicable,not_applicable,not_applicable,primary,Primary suppression: supporting frequency 1-5.,*
bnr_cvd_public_metric_v2,CVD-INCIDENCE-001,cvd_2024_05,annual,2011,2011-01-01,2011,,,1,heart,female,all,national_estimate,hospital_plus_dco,inclusive,estimated,annual_crude_rate,,rate_per_100000,,,,,,,95,conditional_gamma,,final,cvd_rates_v1_1_0,UN_WPP_2024,BRB,persons,2026-08-26,historical_estimate,WHO_WORLD_2000_2025,primary,Primary suppression: supporting frequency 1-5.,*
bnr_cvd_public_metric_v2,CVD-BURDEN-001,cvd_2024_05,quarterly,2011_q3,2011-07-01,2011,7,3,1,heart,female,all,hospital_registered,hospital_only,not_applicable,observed,quarterly_same_quarter_previous_5yr_mean,,count,,,,,,,,,1,insufficient_history,,,,,,,,none,No disclosure restriction identified.,.
bnr_cvd_public_metric_v2,CVD-BURDEN-001,cvd_2024_05,annual,2011,2011-01-01,2011,,,1,heart,female,all,national_estimate,hospital_plus_dco,inclusive,estimated,annual_count,,count,,,,,,,,,,final,cvd_rates_v1_1_0,not_applicable,BRB,not_applicable,not_applicable,not_applicable,not_applicable,primary,Primary suppression: supporting frequency 1-5.,*
bnr_cvd_public_metric_v2,CVD-BURDEN-002,cvd_2024_05,annual,2011,2011-01-01,2011,,,1,heart,female,all,hospital_registered,hospital_only,not_applicable,observed,sex_distribution,37.81512605042017,percent,45,119,,,,,,,,final,,,,,,,,none,No disclosure restriction identified.,37.815
bnr_cvd_public_metric_v2,CVD-BURDEN-001,cvd_2024_05,quarterly,2011_q1,2011-01-01,2011,1,1,1,heart,female,all,hospital_registered,hospital_only,not_applicable,observed,quarterly_count,7,count,7,,,,,,,,,final,,,,,,,,none,No disclosure restriction identified.,7.000
bnr_cvd_public_metric_v2,CVD-BURDEN-001,cvd_2024_05,quarterly,2011_q1,2011-01-01,2011,1,1,1,heart,male,all,hospital_registered,hospital_only,not_applicable,observed,quarterly_same_quarter_previous_5yr_mean,,count,,,,,,,,,1,insufficient_history,,,,,,,,none,No disclosure restriction identified.,.
bnr_cvd_public_metric_v2,CVD-BURDEN-001,cvd_2024_05,quarterly,2011_q3,2011-07-01,2011,7,3,1,heart,male,all,hospital_registered,hospital_only,not_applicable,observed,quarterly_count,15,count,15,,,,,,,,,final,,,,,,,,none,No disclosure restriction identified.,15.000
bnr_cvd_public_metric_v2,CVD-BURDEN-001,cvd_2024_05,quarterly,2011_q4,2011-10-01,2011,10,4,1,heart,male,all,hospital_registered,hospital_only,not_applicable,observed,quarterly_count,24,count,24,,,,,,,,,final,,,,,,,,none,No disclosure restriction identified.,24.000
bnr_cvd_public_metric_v2,CVD-BURDEN-001,cvd_2024_05,quarterly,2011_q4,2011-10-01,2011,10,4,1,heart,male,all,hospital_registered,hospital_only,not_applicable,observed,quarterly_same_quarter_previous_5yr_mean,,count,,,,,,,,,1,insufficient_history,,,,,,,,none,No disclosure restriction identified.,.
bnr_cvd_public_metric_v2,CVD-BURDEN-001,cvd_2024_05,quarterly,2011_q3,2011-07-01,2011,7,3,1,heart,male,all,hospital_registered,hospital_only,not_applicable,observed,quarterly_same_quarter_previous_5yr_mean,,count,,,,,,,,,1,insufficient_history,,,,,,,,none,No disclosure restriction identified.,.
bnr_cvd_public_metric_v2,CVD-INCIDENCE-001,cvd_2024_05,annual,2011,2011-01-01,2011,,,1,heart,male,age_standardised,national_estimate,hospital_plus_dco,inclusive,estimated,annual_age_standardised_rate,,rate_per_100000,,,,,,,95,conditional_fay_feuer_gamma,,final,cvd_rates_v1_1_0,UN_WPP_2024,BRB,persons,2026-08-26,historical_estimate,WHO_WORLD_2000_2025,primary,Primary suppression: supporting frequency 1-5.,*
bnr_cvd_public_metric_v2,CVD-BURDEN-001,cvd_2024_05,annual,2011,2011-01-01,2011,,,1,heart,male,all,national_estimate,additional_dco,inclusive,estimated,annual_count,,count,,,,,,,,,,final,cvd_rates_v1_1_0,not_applicable,BRB,not_applicable,not_applicable,not_applicable,not_applicable,primary,Primary suppression: supporting frequency 1-5.,*
bnr_cvd_public_metric_v2,CVD-INCIDENCE-001,cvd_2024_05,annual,2011,2011-01-01,2011,,,1,heart,male,all,hospital_registered,hospital_only,not_applicable,observed,annual_crude_rate,56.07143804295527,rate_per_100000,74,131974.5,,,44.02813895361675,70.39255576031479,95,poisson_exact_garwood,,final,cvd_rates_v1_1_0,UN_WPP_2024,BRB,persons,2026-08-26,historical_estimate,WHO_WORLD_2000_2025,none,No disclosure restriction identified.,56.071
bnr_cvd_public_metric_v2,CVD-BURDEN-001,cvd_2024_05,quarterly,2011_q1,2011-01-01,2011,1,1,1,heart,male,all,hospital_registered,hospital_only,not_applicable,observed,quarterly_count,14,count,14,,,,,,,,,final,,,,,,,,none,No disclosure restriction identified.,14.000
bnr_cvd_public_metric_v2,CVD-BURDEN-001,cvd_2024_05,annual,2011,2011-01-01,2011,,,1,heart,male,all,national_estimate,hospital_plus_dco,inclusive,estimated,annual_count,,count,,,,,,,,,,final,cvd_rates_v1_1_0,not_applicable,BRB,not_applicable,not_applicable,not_applicable,not_applicable,primary,Primary suppression: supporting frequency 1-5.,*
bnr_cvd_public_metric_v2,CVD-BURDEN-001,cvd_2024_05,annual,2011,2011-01-01,2011,,,1,heart,male,all,hospital_registered,hospital_only,not_applicable,observed,annual_previous_5yr_mean,,count,,,,,,,,,1,insufficient_history,,,,,,,,none,No disclosure restriction identified.,.
bnr_cvd_public_metric_v2,CVD-BURDEN-001,cvd_2024_05,annual,2011,2011-01-01,2011,,,1,heart,male,all,national_estimate,hospital_plus_dco,primary,estimated,annual_count,,count,,,,,,,,,,final,cvd_rates_v1_1_0,not_applicable,BRB,not_applicable,not_applicable,not_applicable,not_applicable,primary,Primary suppression: supporting frequency 1-5.,*
bnr_cvd_public_metric_v2,CVD-BURDEN-001,cvd_2024_05,quarterly,2011_q2,2011-04-01,2011,4,2,1,heart,male,all,hospital_registered,hospital_only,not_applicable,observed,quarterly_count,21,count,21,,,,,,,,,final,,,,,,,,none,No disclosure restriction identified.,21.000
bnr_cvd_public_metric_v2,CVD-BURDEN-002,cvd_2024_05,annual,2011,2011-01-01,2011,,,1,heart,male,all,hospital_registered,hospital_only,not_applicable,observed,sex_distribution,62.18487394957983,percent,74,119,,,,,,,,final,,,,,,,,none,No disclosure restriction identified.,62.185
bnr_cvd_public_metric_v2,CVD-BURDEN-001,cvd_2024_05,annual,2011,2011-01-01,2011,,,1,heart,male,all,hospital_registered,hospital_only,not_applicable,observed,annual_count,74,count,74,,,,,,,,,final,,,,,,,,none,No disclosure restriction identified.,74.000
bnr_cvd_public_metric_v2,CVD-INCIDENCE-001,cvd_2024_05,annual,2011,2011-01-01,2011,,,1,heart,male,age_standardised,hospital_registered,hospital_only,not_applicable,observed,annual_age_standardised_rate,44.29375454776896,rate_per_100000,,,,,34.73718895667108,58.70708778725578,95,fay_feuer_gamma,,final,cvd_rates_v1_1_0,UN_WPP_2024,BRB,persons,2026-08-26,historical_estimate,WHO_WORLD_2000_2025,none,No disclosure restriction identified.,44.294
bnr_cvd_public_metric_v2,CVD-INCIDENCE-001,cvd_2024_05,annual,2011,2011-01-01,2011,,,1,heart,male,all,national_estimate,hospital_plus_dco,primary,estimated,annual_crude_rate,,rate_per_100000,,,,,,,95,conditional_gamma,,final,cvd_rates_v1_1_0,UN_WPP_2024,BRB,persons,2026-08-26,historical_estimate,WHO_WORLD_2000_2025,primary,Primary suppression: supporting frequency 1-5.,*
bnr_cvd_public_metric_v2,CVD-INCIDENCE-001,cvd_2024_05,annual,2011,2011-01-01,2011,,,1,heart,male,all,national_estimate,hospital_plus_dco,inclusive,estimated,annual_crude_rate,,rate_per_100000,,,,,,,95,conditional_gamma,,final,cvd_rates_v1_1_0,UN_WPP_2024,BRB,persons,2026-08-26,historical_estimate,WHO_WORLD_2000_2025,primary,Primary suppression: supporting frequency 1-5.,*
bnr_cvd_public_metric_v2,CVD-INCIDENCE-001,cvd_2024_05,annual,2011,2011-01-01,2011,,,1,heart,male,age_standardised,national_estimate,hospital_plus_dco,primary,estimated,annual_age_standardised_rate,,rate_per_100000,,,,,,,95,conditional_fay_feuer_gamma,,final,cvd_rates_v1_1_0,UN_WPP_2024,BRB,persons,2026-08-26,historical_estimate,WHO_WORLD_2000_2025,primary,Primary suppression: supporting frequency 1-5.,*
bnr_cvd_public_metric_v2,CVD-BURDEN-001,cvd_2024_05,annual,2011,2011-01-01,2011,,,1,heart,male,all,national_estimate,additional_dco,primary,estimated,annual_count,,count,,,,,,,,,,final,cvd_rates_v1_1_0,not_applicable,BRB,not_applicable,not_applicable,not_applicable,not_applicable,primary,Primary suppression: supporting frequency 1-5.,*
bnr_cvd_public_metric_v2,CVD-BURDEN-001,cvd_2024_05,quarterly,2011_q2,2011-04-01,2011,4,2,1,heart,male,all,hospital_registered,hospital_only,not_applicable,observed,quarterly_same_quarter_previous_5yr_mean,,count,,,,,,,,,1,insufficient_history,,,,,,,,none,No disclosure restriction identified.,.
bnr_cvd_public_metric_v2,CVD-BURDEN-001,cvd_2024_05,quarterly,2011_q2,2011-04-01,2011,4,2,1,stroke,all,all,hospital_registered,hospital_only,not_applicable,observed,quarterly_same_quarter_previous_5yr_mean,,count,,,,,,,,,1,insufficient_history,,,,,,,,none,No disclosure restriction identified.,.
bnr_cvd_public_metric_v2,CVD-BURDEN-001,cvd_2024_05,annual,2011,2011-01-01,2011,,,1,stroke,all,all,hospital_registered,hospital_only,not_applicable,observed,annual_previous_5yr_mean,,count,,,,,,,,,1,insufficient_history,,,,,,,,none,No disclosure restriction identified.,.
bnr_cvd_public_metric_v2,CVD-BURDEN-001,cvd_2024_05,quarterly,2011_q3,2011-07-01,2011,7,3,1,stroke,all,all,hospital_registered,hospital_only,not_applicable,observed,quarterly_same_quarter_previous_5yr_mean,,count,,,,,,,,,1,insufficient_history,,,,,,,,none,No disclosure restriction identified.,.
bnr_cvd_public_metric_v2,CVD-INCIDENCE-001,cvd_2024_05,annual,2011,2011-01-01,2011,,,1,stroke,all,age_standardised,national_estimate,hospital_plus_dco,inclusive,estimated,annual_age_standardised_rate,,rate_per_100000,,,,,,,95,conditional_fay_feuer_gamma,,final,cvd_rates_v1_1_0,UN_WPP_2024,BRB,persons,2026-08-26,historical_estimate,WHO_WORLD_2000_2025,secondary,Secondary suppression: protects a related confidential value.,*
bnr_cvd_public_metric_v2,CVD-BURDEN-001,cvd_2024_05,quarterly,2011_q4,2011-10-01,2011,10,4,1,stroke,all,all,hospital_registered,hospital_only,not_applicable,observed,quarterly_same_quarter_previous_5yr_mean,,count,,,,,,,,,1,insufficient_history,,,,,,,,none,No disclosure restriction identified.,.
bnr_cvd_public_metric_v2,CVD-BURDEN-001,cvd_2024_05,annual,2011,2011-01-01,2011,,,1,stroke,all,all,national_estimate,additional_dco,inclusive,estimated,annual_count,,count,,,,,,,,,,final,cvd_rates_v1_1_0,not_applicable,BRB,not_applicable,not_applicable,not_applicable,not_applicable,secondary,Secondary suppression: protects a related confidential value.,*
bnr_cvd_public_metric_v2,CVD-BURDEN-001,cvd_2024_05,annual,2011,2011-01-01,2011,,,1,stroke,all,all,hospital_registered,hospital_only,not_applicable,observed,annual_count,385,count,385,,,,,,,,,final,,,,,,,,none,No disclosure restriction identified.,385.000
bnr_cvd_public_metric_v2,CVD-INCIDENCE-001,cvd_2024_05,annual,2011,2011-01-01,2011,,,1,stroke,all,age_standardised,hospital_registered,hospital_only,not_applicable,observed,annual_age_standardised_rate,97.91268038743841,rate_per_100000,,,,,88.21560449839869,108.6572000141814,95,fay_feuer_gamma,,final,cvd_rates_v1_1_0,UN_WPP_2024,BRB,persons,2026-08-26,historical_estimate,WHO_WORLD_2000_2025,none,No disclosure restriction identified.,97.913
bnr_cvd_public_metric_v2,CVD-BURDEN-001,cvd_2024_05,annual,2011,2011-01-01,2011,,,1,stroke,all,all,national_estimate,hospital_plus_dco,inclusive,estimated,annual_count,,count,,,,,,,,,,final,cvd_rates_v1_1_0,not_applicable,BRB,not_applicable,not_applicable,not_applicable,not_applicable,secondary,Secondary suppression: protects a related confidential value.,*
bnr_cvd_public_metric_v2,CVD-BURDEN-001,cvd_2024_05,annual,2011,2011-01-01,2011,,,1,stroke,all,all,national_estimate,hospital_plus_dco,primary,estimated,annual_count,482.9338842975206,count,482.9338842975206,,410,704.1666666666666,,,,,,final,cvd_rates_v1_1_0,not_applicable,BRB,not_applicable,not_applicable,not_applicable,not_applicable,none,No disclosure restriction identified.,482.934
bnr_cvd_public_metric_v2,CVD-BURDEN-001,cvd_2024_05,quarterly,2011_q1,2011-01-01,2011,1,1,1,stroke,all,all,hospital_registered,hospital_only,not_applicable,observed,quarterly_same_quarter_previous_5yr_mean,,count,,,,,,,,,1,insufficient_history,,,,,,,,none,No disclosure restriction identified.,.
bnr_cvd_public_metric_v2,CVD-INCIDENCE-001,cvd_2024_05,annual,2011,2011-01-01,2011,,,1,stroke,all,all,national_estimate,hospital_plus_dco,inclusive,estimated,annual_crude_rate,,rate_per_100000,,,,,,,95,conditional_gamma,,final,cvd_rates_v1_1_0,UN_WPP_2024,BRB,persons,2026-08-26,historical_estimate,WHO_WORLD_2000_2025,secondary,Secondary suppression: protects a related confidential value.,*
bnr_cvd_public_metric_v2,CVD-BURDEN-001,cvd_2024_05,quarterly,2011_q3,2011-07-01,2011,7,3,1,stroke,all,all,hospital_registered,hospital_only,not_applicable,observed,quarterly_count,91,count,91,,,,,,,,,final,,,,,,,,none,No disclosure restriction identified.,91.000
bnr_cvd_public_metric_v2,CVD-BURDEN-001,cvd_2024_05,quarterly,2011_q1,2011-01-01,2011,1,1,1,stroke,all,all,hospital_registered,hospital_only,not_applicable,observed,quarterly_count,91,count,91,,,,,,,,,final,,,,,,,,none,No disclosure restriction identified.,91.000
bnr_cvd_public_metric_v2,CVD-INCIDENCE-001,cvd_2024_05,annual,2011,2011-01-01,2011,,,1,stroke,all,all,hospital_registered,hospital_only,not_applicable,observed,annual_crude_rate,139.4225372004679,rate_per_100000,385,276139,,,125.8418640342776,154.0692950942508,95,poisson_exact_garwood,,final,cvd_rates_v1_1_0,UN_WPP_2024,BRB,persons,2026-08-26,historical_estimate,WHO_WORLD_2000_2025,none,No disclosure restriction identified.,139.423
bnr_cvd_public_metric_v2,CVD-BURDEN-001,cvd_2024_05,quarterly,2011_q2,2011-04-01,2011,4,2,1,stroke,all,all,hospital_registered,hospital_only,not_applicable,observed,quarterly_count,101,count,101,,,,,,,,,final,,,,,,,,none,No disclosure restriction identified.,101.000
bnr_cvd_public_metric_v2,CVD-INCIDENCE-001,cvd_2024_05,annual,2011,2011-01-01,2011,,,1,stroke,all,all,national_estimate,hospital_plus_dco,primary,estimated,annual_crude_rate,174.887967399578,rate_per_100000,482.9338842975206,276139,148.4759487069918,255.0044241004228,159.6359174909768,191.2041925002426,95,conditional_gamma,,final,cvd_rates_v1_1_0,UN_WPP_2024,BRB,persons,2026-08-26,historical_estimate,WHO_WORLD_2000_2025,none,No disclosure restriction identified.,174.888
bnr_cvd_public_metric_v2,CVD-BURDEN-001,cvd_2024_05,annual,2011,2011-01-01,2011,,,1,stroke,all,all,national_estimate,additional_dco,primary,estimated,annual_count,97.93388429752066,count,97.93388429752066,,25,319.1666666666666,,,,,,final,cvd_rates_v1_1_0,not_applicable,BRB,not_applicable,not_applicable,not_applicable,not_applicable,none,No disclosure restriction identified.,97.934
bnr_cvd_public_metric_v2,CVD-BURDEN-001,cvd_2024_05,quarterly,2011_q4,2011-10-01,2011,10,4,1,stroke,all,all,hospital_registered,hospital_only,not_applicable,observed,quarterly_count,102,count,102,,,,,,,,,final,,,,,,,,none,No disclosure restriction identified.,102.000
bnr_cvd_public_metric_v2,CVD-INCIDENCE-001,cvd_2024_05,annual,2011,2011-01-01,2011,,,1,stroke,all,age_standardised,national_estimate,hospital_plus_dco,primary,estimated,annual_age_standardised_rate,119.5742279518749,rate_per_100000,,,103.4423159471364,168.5076943662487,108.9673480343501,131.2115760055405,95,conditional_fay_feuer_gamma,,final,cvd_rates_v1_1_0,UN_WPP_2024,BRB,persons,2026-08-26,historical_estimate,WHO_WORLD_2000_2025,none,No disclosure restriction identified.,119.574
bnr_cvd_public_metric_v2,CVD-BURDEN-002,cvd_2024_05,annual,2011,2011-01-01,2011,,,1,stroke,all,all,hospital_registered,hospital_only,not_applicable,observed,event_type_distribution,76.38888888888889,percent,385,504,,,,,,,,final,,,,,,,,none,No disclosure restriction identified.,76.389
bnr_cvd_public_metric_v2,CVD-INCIDENCE-001,cvd_2024_05,annual,2011,2011-01-01,2011,,,1,stroke,female,age_standardised,hospital_registered,hospital_only,not_applicable,observed,annual_age_standardised_rate,87.23876225500238,rate_per_100000,,,,,75.22820254426489,101.2796120858202,95,fay_feuer_gamma,,final,cvd_rates_v1_1_0,UN_WPP_2024,BRB,persons,2026-08-26,historical_estimate,WHO_WORLD_2000_2025,none,No disclosure restriction identified.,87.239
bnr_cvd_public_metric_v2,CVD-BURDEN-001,cvd_2024_05,quarterly,2011_q1,2011-01-01,2011,1,1,1,stroke,female,all,hospital_registered,hospital_only,not_applicable,observed,quarterly_same_quarter_previous_5yr_mean,,count,,,,,,,,,1,insufficient_history,,,,,,,,none,No disclosure restriction identified.,.
bnr_cvd_public_metric_v2,CVD-BURDEN-001,cvd_2024_05,quarterly,2011_q3,2011-07-01,2011,7,3,1,stroke,female,all,hospital_registered,hospital_only,not_applicable,observed,quarterly_same_quarter_previous_5yr_mean,,count,,,,,,,,,1,insufficient_history,,,,,,,,none,No disclosure restriction identified.,.
bnr_cvd_public_metric_v2,CVD-BURDEN-001,cvd_2024_05,annual,2011,2011-01-01,2011,,,1,stroke,female,all,national_estimate,hospital_plus_dco,inclusive,estimated,annual_count,,count,,,,,,,,,,final,cvd_rates_v1_1_0,not_applicable,BRB,not_applicable,not_applicable,not_applicable,not_applicable,secondary,Secondary suppression: protects a related confidential value.,*
bnr_cvd_public_metric_v2,CVD-BURDEN-002,cvd_2024_05,annual,2011,2011-01-01,2011,,,1,stroke,female,all,hospital_registered,hospital_only,not_applicable,observed,sex_distribution,52.2077922077922,percent,201,385,,,,,,,,final,,,,,,,,none,No disclosure restriction identified.,52.208
bnr_cvd_public_metric_v2,CVD-BURDEN-001,cvd_2024_05,annual,2011,2011-01-01,2011,,,1,stroke,female,all,hospital_registered,hospital_only,not_applicable,observed,annual_previous_5yr_mean,,count,,,,,,,,,1,insufficient_history,,,,,,,,none,No disclosure restriction identified.,.
bnr_cvd_public_metric_v2,CVD-BURDEN-001,cvd_2024_05,quarterly,2011_q3,2011-07-01,2011,7,3,1,stroke,female,all,hospital_registered,hospital_only,not_applicable,observed,quarterly_count,47,count,47,,,,,,,,,final,,,,,,,,none,No disclosure restriction identified.,47.000
bnr_cvd_public_metric_v2,CVD-BURDEN-001,cvd_2024_05,quarterly,2011_q4,2011-10-01,2011,10,4,1,stroke,female,all,hospital_registered,hospital_only,not_applicable,observed,quarterly_same_quarter_previous_5yr_mean,,count,,,,,,,,,1,insufficient_history,,,,,,,,none,No disclosure restriction identified.,.
bnr_cvd_public_metric_v2,CVD-INCIDENCE-001,cvd_2024_05,annual,2011,2011-01-01,2011,,,1,stroke,female,age_standardised,national_estimate,hospital_plus_dco,inclusive,estimated,annual_age_standardised_rate,,rate_per_100000,,,,,,,95,conditional_fay_feuer_gamma,,final,cvd_rates_v1_1_0,UN_WPP_2024,BRB,persons,2026-08-26,historical_estimate,WHO_WORLD_2000_2025,secondary,Secondary suppression: protects a related confidential value.,*
bnr_cvd_public_metric_v2,CVD-INCIDENCE-001,cvd_2024_05,annual,2011,2011-01-01,2011,,,1,stroke,female,all,national_estimate,hospital_plus_dco,inclusive,estimated,annual_crude_rate,,rate_per_100000,,,,,,,95,conditional_gamma,,final,cvd_rates_v1_1_0,UN_WPP_2024,BRB,persons,2026-08-26,historical_estimate,WHO_WORLD_2000_2025,secondary,Secondary suppression: protects a related confidential value.,*
bnr_cvd_public_metric_v2,CVD-BURDEN-001,cvd_2024_05,annual,2011,2011-01-01,2011,,,1,stroke,female,all,national_estimate,additional_dco,inclusive,estimated,annual_count,,count,,,,,,,,,,final,cvd_rates_v1_1_0,not_applicable,BRB,not_applicable,not_applicable,not_applicable,not_applicable,secondary,Secondary suppression: protects a related confidential value.,*
bnr_cvd_public_metric_v2,CVD-BURDEN-001,cvd_2024_05,quarterly,2011_q2,2011-04-01,2011,4,2,1,stroke,female,all,hospital_registered,hospital_only,not_applicable,observed,quarterly_same_quarter_previous_5yr_mean,,count,,,,,,,,,1,insufficient_history,,,,,,,,none,No disclosure restriction identified.,.
bnr_cvd_public_metric_v2,CVD-BURDEN-001,cvd_2024_05,quarterly,2011_q4,2011-10-01,2011,10,4,1,stroke,female,all,hospital_registered,hospital_only,not_applicable,observed,quarterly_count,47,count,47,,,,,,,,,final,,,,,,,,none,No disclosure restriction identified.,47.000
bnr_cvd_public_metric_v2,CVD-BURDEN-001,cvd_2024_05,annual,2011,2011-01-01,2011,,,1,stroke,female,all,national_estimate,hospital_plus_dco,primary,estimated,annual_count,255.8429752066116,count,255.8429752066116,,215,379.7333333333333,,,,,,final,cvd_rates_v1_1_0,not_applicable,BRB,not_applicable,not_applicable,not_applicable,not_applicable,none,No disclosure restriction identified.,255.843
bnr_cvd_public_metric_v2,CVD-INCIDENCE-001,cvd_2024_05,annual,2011,2011-01-01,2011,,,1,stroke,female,age_standardised,national_estimate,hospital_plus_dco,primary,estimated,annual_age_standardised_rate,105.3636204020909,rate_per_100000,,,91.86557203516631,146.3077004484287,92.42118155931996,120.2846325375461,95,conditional_fay_feuer_gamma,,final,cvd_rates_v1_1_0,UN_WPP_2024,BRB,persons,2026-08-26,historical_estimate,WHO_WORLD_2000_2025,none,No disclosure restriction identified.,105.364
bnr_cvd_public_metric_v2,CVD-BURDEN-001,cvd_2024_05,annual,2011,2011-01-01,2011,,,1,stroke,female,all,hospital_registered,hospital_only,not_applicable,observed,annual_count,201,count,201,,,,,,,,,final,,,,,,,,none,No disclosure restriction identified.,201.000
bnr_cvd_public_metric_v2,CVD-INCIDENCE-001,cvd_2024_05,annual,2011,2011-01-01,2011,,,1,stroke,female,all,national_estimate,hospital_plus_dco,primary,estimated,annual_crude_rate,177.4660025225431,rate_per_100000,255.8429752066116,144164.5,149.1351893149839,263.4028025854724,156.3844076694126,200.5973409919366,95,conditional_gamma,,final,cvd_rates_v1_1_0,UN_WPP_2024,BRB,persons,2026-08-26,historical_estimate,WHO_WORLD_2000_2025,none,No disclosure restriction identified.,177.466
bnr_cvd_public_metric_v2,CVD-INCIDENCE-001,cvd_2024_05,annual,2011,2011-01-01,2011,,,1,stroke,female,all,hospital_registered,hospital_only,not_applicable,observed,annual_crude_rate,139.4240607084269,rate_per_100000,201,144164.5,,,120.8145177205175,160.0886835239369,95,poisson_exact_garwood,,final,cvd_rates_v1_1_0,UN_WPP_2024,BRB,persons,2026-08-26,historical_estimate,WHO_WORLD_2000_2025,none,No disclosure restriction identified.,139.424
bnr_cvd_public_metric_v2,CVD-BURDEN-001,cvd_2024_05,annual,2011,2011-01-01,2011,,,1,stroke,female,all,national_estimate,additional_dco,primary,estimated,annual_count,54.84297520661157,count,54.84297520661157,,14,178.7333333333333,,,,,,final,cvd_rates_v1_1_0,not_applicable,BRB,not_applicable,not_applicable,not_applicable,not_applicable,none,No disclosure restriction identified.,54.843
bnr_cvd_public_metric_v2,CVD-BURDEN-001,cvd_2024_05,quarterly,2011_q1,2011-01-01,2011,1,1,1,stroke,female,all,hospital_registered,hospital_only,not_applicable,observed,quarterly_count,54,count,54,,,,,,,,,final,,,,,,,,none,No disclosure restriction identified.,54.000
bnr_cvd_public_metric_v2,CVD-BURDEN-001,cvd_2024_05,quarterly,2011_q2,2011-04-01,2011,4,2,1,stroke,female,all,hospital_registered,hospital_only,not_applicable,observed,quarterly_count,53,count,53,,,,,,,,,final,,,,,,,,none,No disclosure restriction identified.,53.000
bnr_cvd_public_metric_v2,CVD-INCIDENCE-001,cvd_2024_05,annual,2011,2011-01-01,2011,,,1,stroke,male,all,national_estimate,hospital_plus_dco,primary,estimated,annual_crude_rate,172.0718086379634,rate_per_100000,227.0909090909091,131974.5,147.7558164645443,245.8303182306683,150.4180090837112,195.9674736342313,95,conditional_gamma,,final,cvd_rates_v1_1_0,UN_WPP_2024,BRB,persons,2026-08-26,historical_estimate,WHO_WORLD_2000_2025,none,No disclosure restriction identified.,172.072
bnr_cvd_public_metric_v2,CVD-BURDEN-001,cvd_2024_05,annual,2011,2011-01-01,2011,,,1,stroke,male,all,national_estimate,hospital_plus_dco,primary,estimated,annual_count,227.0909090909091,count,227.0909090909091,,195,324.4333333333333,,,,,,final,cvd_rates_v1_1_0,not_applicable,BRB,not_applicable,not_applicable,not_applicable,not_applicable,none,No disclosure restriction identified.,227.091
bnr_cvd_public_metric_v2,CVD-INCIDENCE-001,cvd_2024_05,annual,2011,2011-01-01,2011,,,1,stroke,male,all,hospital_registered,hospital_only,not_applicable,observed,annual_crude_rate,139.4208729716725,rate_per_100000,184,131974.5,,,120.00287970863,161.0860789680311,95,poisson_exact_garwood,,final,cvd_rates_v1_1_0,UN_WPP_2024,BRB,persons,2026-08-26,historical_estimate,WHO_WORLD_2000_2025,none,No disclosure restriction identified.,139.421
bnr_cvd_public_metric_v2,CVD-BURDEN-001,cvd_2024_05,quarterly,2011_q4,2011-10-01,2011,10,4,1,stroke,male,all,hospital_registered,hospital_only,not_applicable,observed,quarterly_same_quarter_previous_5yr_mean,,count,,,,,,,,,1,insufficient_history,,,,,,,,none,No disclosure restriction identified.,.
bnr_cvd_public_metric_v2,CVD-INCIDENCE-001,cvd_2024_05,annual,2011,2011-01-01,2011,,,1,stroke,male,age_standardised,hospital_registered,hospital_only,not_applicable,observed,annual_age_standardised_rate,112.3527967692861,rate_per_100000,,,,,96.13581392307422,133.0490737600718,95,fay_feuer_gamma,,final,cvd_rates_v1_1_0,UN_WPP_2024,BRB,persons,2026-08-26,historical_estimate,WHO_WORLD_2000_2025,none,No disclosure restriction identified.,112.353
bnr_cvd_public_metric_v2,CVD-BURDEN-001,cvd_2024_05,quarterly,2011_q4,2011-10-01,2011,10,4,1,stroke,male,all,hospital_registered,hospital_only,not_applicable,observed,quarterly_count,55,count,55,,,,,,,,,final,,,,,,,,none,No disclosure restriction identified.,55.000
bnr_cvd_public_metric_v2,CVD-INCIDENCE-001,cvd_2024_05,annual,2011,2011-01-01,2011,,,1,stroke,male,age_standardised,national_estimate,hospital_plus_dco,primary,estimated,annual_age_standardised_rate,137.8217172446986,rate_per_100000,,,118.8543566374821,195.3560444199218,119.9396450926449,160.0954211827346,95,conditional_fay_feuer_gamma,,final,cvd_rates_v1_1_0,UN_WPP_2024,BRB,persons,2026-08-26,historical_estimate,WHO_WORLD_2000_2025,none,No disclosure restriction identified.,137.822
bnr_cvd_public_metric_v2,CVD-BURDEN-001,cvd_2024_05,quarterly,2011_q1,2011-01-01,2011,1,1,1,stroke,male,all,hospital_registered,hospital_only,not_applicable,observed,quarterly_same_quarter_previous_5yr_mean,,count,,,,,,,,,1,insufficient_history,,,,,,,,none,No disclosure restriction identified.,.
bnr_cvd_public_metric_v2,CVD-BURDEN-001,cvd_2024_05,quarterly,2011_q3,2011-07-01,2011,7,3,1,stroke,male,all,hospital_registered,hospital_only,not_applicable,observed,quarterly_count,44,count,44,,,,,,,,,final,,,,,,,,none,No disclosure restriction identified.,44.000
bnr_cvd_public_metric_v2,CVD-BURDEN-001,cvd_2024_05,quarterly,2011_q2,2011-04-01,2011,4,2,1,stroke,male,all,hospital_registered,hospital_only,not_applicable,observed,quarterly_count,48,count,48,,,,,,,,,final,,,,,,,,none,No disclosure restriction identified.,48.000
bnr_cvd_public_metric_v2,CVD-BURDEN-001,cvd_2024_05,quarterly,2011_q1,2011-01-01,2011,1,1,1,stroke,male,all,hospital_registered,hospital_only,not_applicable,observed,quarterly_count,37,count,37,,,,,,,,,final,,,,,,,,none,No disclosure restriction identified.,37.000
bnr_cvd_public_metric_v2,CVD-BURDEN-001,cvd_2024_05,annual,2011,2011-01-01,2011,,,1,stroke,male,all,national_estimate,additional_dco,primary,estimated,annual_count,43.09090909090909,count,43.09090909090909,,11,140.4333333333333,,,,,,final,cvd_rates_v1_1_0,not_applicable,BRB,not_applicable,not_applicable,not_applicable,not_applicable,none,No disclosure restriction identified.,43.091
bnr_cvd_public_metric_v2,CVD-BURDEN-002,cvd_2024_05,annual,2011,2011-01-01,2011,,,1,stroke,male,all,hospital_registered,hospital_only,not_applicable,observed,sex_distribution,47.79220779220779,percent,184,385,,,,,,,,final,,,,,,,,none,No disclosure restriction identified.,47.792
bnr_cvd_public_metric_v2,CVD-INCIDENCE-001,cvd_2024_05,annual,2011,2011-01-01,2011,,,1,stroke,male,age_standardised,national_estimate,hospital_plus_dco,inclusive,estimated,annual_age_standardised_rate,140.2166247758404,rate_per_100000,,,118.8543566374821,205.6816400385514,122.1857331946854,162.6321802280994,95,conditional_fay_feuer_gamma,,final,cvd_rates_v1_1_0,UN_WPP_2024,BRB,persons,2026-08-26,historical_estimate,WHO_WORLD_2000_2025,none,No disclosure restriction identified.,140.217
bnr_cvd_public_metric_v2,CVD-BURDEN-001,cvd_2024_05,annual,2011,2011-01-01,2011,,,1,stroke,male,all,hospital_registered,hospital_only,not_applicable,observed,annual_previous_5yr_mean,,count,,,,,,,,,1,insufficient_history,,,,,,,,none,No disclosure restriction identified.,.
bnr_cvd_public_metric_v2,CVD-BURDEN-001,cvd_2024_05,quarterly,2011_q2,2011-04-01,2011,4,2,1,stroke,male,all,hospital_registered,hospital_only,not_applicable,observed,quarterly_same_quarter_previous_5yr_mean,,count,,,,,,,,,1,insufficient_history,,,,,,,,none,No disclosure restriction identified.,.
bnr_cvd_public_metric_v2,CVD-BURDEN-001,cvd_2024_05,annual,2011,2011-01-01,2011,,,1,stroke,male,all,hospital_registered,hospital_only,not_applicable,observed,annual_count,184,count,184,,,,,,,,,final,,,,,,,,none,No disclosure restriction identified.,184.000
bnr_cvd_public_metric_v2,CVD-INCIDENCE-001,cvd_2024_05,annual,2011,2011-01-01,2011,,,1,stroke,male,all,national_estimate,hospital_plus_dco,inclusive,estimated,annual_crude_rate,175.1420593696943,rate_per_100000,231.1428571428571,131974.5,147.7558164645443,259.0676424661216,153.2894102000678,199.236149051567,95,conditional_gamma,,final,cvd_rates_v1_1_0,UN_WPP_2024,BRB,persons,2026-08-26,historical_estimate,WHO_WORLD_2000_2025,none,No disclosure restriction identified.,175.142
bnr_cvd_public_metric_v2,CVD-BURDEN-001,cvd_2024_05,quarterly,2011_q3,2011-07-01,2011,7,3,1,stroke,male,all,hospital_registered,hospital_only,not_applicable,observed,quarterly_same_quarter_previous_5yr_mean,,count,,,,,,,,,1,insufficient_history,,,,,,,,none,No disclosure restriction identified.,.
bnr_cvd_public_metric_v2,CVD-BURDEN-001,cvd_2024_05,annual,2011,2011-01-01,2011,,,1,stroke,male,all,national_estimate,hospital_plus_dco,inclusive,estimated,annual_count,231.1428571428571,count,231.1428571428571,,195,341.9032258064516,,,,,,final,cvd_rates_v1_1_0,not_applicable,BRB,not_applicable,not_applicable,not_applicable,not_applicable,none,No disclosure restriction identified.,231.143
bnr_cvd_public_metric_v2,CVD-BURDEN-001,cvd_2024_05,annual,2011,2011-01-01,2011,,,1,stroke,male,all,national_estimate,additional_dco,inclusive,estimated,annual_count,47.14285714285713,count,47.14285714285713,,11,157.9032258064516,,,,,,final,cvd_rates_v1_1_0,not_applicable,BRB,not_applicable,not_applicable,not_applicable,not_applicable,none,No disclosure restriction identified.,47.143
bnr_cvd_public_metric_v2,CVD-BURDEN-001,cvd_2024_05,annual,2012,2012-01-01,2012,,,1,all_cvd,all,all,national_estimate,hospital_plus_dco,inclusive,estimated,annual_count,736.3962264150944,count,736.3962264150944,,625,1057,,,,,,final,cvd_rates_v1_1_0,not_applicable,BRB,not_applicable,not_applicable,not_applicable,not_applicable,none,No disclosure restriction identified.,736.396
bnr_cvd_public_metric_v2,CVD-BURDEN-001,cvd_2024_05,monthly,2012_m03,2012-03-01,2012,3,,1,all_cvd,all,all,hospital_registered,hospital_only,not_applicable,observed,monthly_count,42,count,42,,,,,,,,,final,,,,,,,,none,No disclosure restriction identified.,42.000
bnr_cvd_public_metric_v2,CVD-BURDEN-001,cvd_2024_05,annual,2012,2012-01-01,2012,,,1,all_cvd,all,under_70,hospital_registered,hospital_only,not_applicable,observed,annual_previous_5yr_mean,,count,,,,,,,,,2,insufficient_history,,,,,,,,none,No disclosure restriction identified.,.
bnr_cvd_public_metric_v2,CVD-BURDEN-001,cvd_2024_05,quarterly,2012_q2,2012-04-01,2012,4,2,1,all_cvd,all,all,hospital_registered,hospital_only,not_applicable,observed,quarterly_count,177,count,177,,,,,,,,,final,,,,,,,,none,No disclosure restriction identified.,177.000
bnr_cvd_public_metric_v2,CVD-BURDEN-001,cvd_2024_05,monthly,2012_m06,2012-06-01,2012,6,,1,all_cvd,all,all,hospital_registered,hospital_only,not_applicable,observed,monthly_count,59,count,59,,,,,,,,,final,,,,,,,,none,No disclosure restriction identified.,59.000
bnr_cvd_public_metric_v2,CVD-BURDEN-001,cvd_2024_05,quarterly,2012_q4,2012-10-01,2012,10,4,1,all_cvd,all,all,hospital_registered,hospital_only,not_applicable,observed,quarterly_same_quarter_previous_5yr_mean,,count,,,,,,,,,2,insufficient_history,,,,,,,,none,No disclosure restriction identified.,.
bnr_cvd_public_metric_v2,CVD-INCIDENCE-001,cvd_2024_05,annual,2012,2012-01-01,2012,,,1,all_cvd,all,all,hospital_registered,hospital_only,not_applicable,observed,annual_crude_rate,210.8779056646355,rate_per_100000,584,276937.5,,,194.1194239806642,228.6960536618532,95,poisson_exact_garwood,,final,cvd_rates_v1_1_0,UN_WPP_2024,BRB,persons,2026-08-26,historical_estimate,WHO_WORLD_2000_2025,none,No disclosure restriction identified.,210.878
bnr_cvd_public_metric_v2,CVD-BURDEN-001,cvd_2024_05,quarterly,2012_q4,2012-10-01,2012,10,4,1,all_cvd,all,all,hospital_registered,hospital_only,not_applicable,observed,quarterly_count,126,count,126,,,,,,,,,final,,,,,,,,none,No disclosure restriction identified.,126.000
bnr_cvd_public_metric_v2,CVD-BURDEN-001,cvd_2024_05,monthly,2012_m10,2012-10-01,2012,10,,1,all_cvd,all,all,hospital_registered,hospital_only,not_applicable,observed,monthly_count,40,count,40,,,,,,,,,final,,,,,,,,none,No disclosure restriction identified.,40.000
bnr_cvd_public_metric_v2,CVD-BURDEN-001,cvd_2024_05,monthly,2012_m12,2012-12-01,2012,12,,1,all_cvd,all,all,hospital_registered,hospital_only,not_applicable,observed,monthly_count,51,count,51,,,,,,,,,final,,,,,,,,none,No disclosure restriction identified.,51.000
bnr_cvd_public_metric_v2,CVD-BURDEN-002,cvd_2024_05,annual,2012,2012-01-01,2012,,,1,all_cvd,all,age_70_plus,hospital_registered,hospital_only,not_applicable,observed,age_distribution,52.05479452054794,percent,304,584,,,,,,,,final,,,,,,,,none,No disclosure restriction identified.,52.055
bnr_cvd_public_metric_v2,CVD-INCIDENCE-001,cvd_2024_05,annual,2012,2012-01-01,2012,,,1,all_cvd,all,age_standardised,national_estimate,hospital_plus_dco,inclusive,estimated,annual_age_standardised_rate,178.5425062447733,rate_per_100000,,,153.5659094480176,250.4263701964119,165.6898128376054,192.4055558572586,95,conditional_fay_feuer_gamma,,final,cvd_rates_v1_1_0,UN_WPP_2024,BRB,persons,2026-08-26,historical_estimate,WHO_WORLD_2000_2025,none,No disclosure restriction identified.,178.543
bnr_cvd_public_metric_v2,CVD-BURDEN-001,cvd_2024_05,quarterly,2012_q3,2012-07-01,2012,7,3,1,all_cvd,all,all,hospital_registered,hospital_only,not_applicable,observed,quarterly_same_quarter_previous_5yr_mean,,count,,,,,,,,,2,insufficient_history,,,,,,,,none,No disclosure restriction identified.,.
bnr_cvd_public_metric_v2,CVD-BURDEN-001,cvd_2024_05,monthly,2012_m08,2012-08-01,2012,8,,1,all_cvd,all,all,hospital_registered,hospital_only,not_applicable,observed,monthly_count,60,count,60,,,,,,,,,final,,,,,,,,none,No disclosure restriction identified.,60.000
bnr_cvd_public_metric_v2,CVD-BURDEN-002,cvd_2024_05,annual,2012,2012-01-01,2012,,,1,all_cvd,all,under_70,hospital_registered,hospital_only,not_applicable,observed,age_distribution,47.94520547945205,percent,280,584,,,,,,,,final,,,,,,,,none,No disclosure restriction identified.,47.945
bnr_cvd_public_metric_v2,CVD-BURDEN-001,cvd_2024_05,quarterly,2012_q3,2012-07-01,2012,7,3,1,all_cvd,all,all,hospital_registered,hospital_only,not_applicable,observed,quarterly_count,146,count,146,,,,,,,,,final,,,,,,,,none,No disclosure restriction identified.,146.000
bnr_cvd_public_metric_v2,CVD-INCIDENCE-001,cvd_2024_05,annual,2012,2012-01-01,2012,,,1,all_cvd,all,age_standardised,hospital_registered,hospital_only,not_applicable,observed,annual_age_standardised_rate,144.3731342381006,rate_per_100000,,,,,132.7333241172923,157.0361000363285,95,fay_feuer_gamma,,final,cvd_rates_v1_1_0,UN_WPP_2024,BRB,persons,2026-08-26,historical_estimate,WHO_WORLD_2000_2025,none,No disclosure restriction identified.,144.373
bnr_cvd_public_metric_v2,CVD-BURDEN-001,cvd_2024_05,annual,2012,2012-01-01,2012,,,1,all_cvd,all,all,national_estimate,hospital_plus_dco,primary,estimated,annual_count,700.7333333333333,count,700.7333333333333,,618,983,,,,,,final,cvd_rates_v1_1_0,not_applicable,BRB,not_applicable,not_applicable,not_applicable,not_applicable,none,No disclosure restriction identified.,700.733
bnr_cvd_public_metric_v2,CVD-BURDEN-001,cvd_2024_05,annual,2012,2012-01-01,2012,,,1,all_cvd,all,all,hospital_registered,hospital_only,not_applicable,observed,annual_count,584,count,584,,,,,,,,,final,,,,,,,,none,No disclosure restriction identified.,584.000
bnr_cvd_public_metric_v2,CVD-BURDEN-001,cvd_2024_05,quarterly,2012_q2,2012-04-01,2012,4,2,1,all_cvd,all,all,hospital_registered,hospital_only,not_applicable,observed,quarterly_same_quarter_previous_5yr_mean,,count,,,,,,,,,2,insufficient_history,,,,,,,,none,No disclosure restriction identified.,.
bnr_cvd_public_metric_v2,CVD-BURDEN-001,cvd_2024_05,annual,2012,2012-01-01,2012,,,1,all_cvd,all,all,national_estimate,additional_dco,primary,estimated,annual_count,116.7333333333333,count,116.7333333333333,,34,399,,,,,,final,cvd_rates_v1_1_0,not_applicable,BRB,not_applicable,not_applicable,not_applicable,not_applicable,none,No disclosure restriction identified.,116.733
bnr_cvd_public_metric_v2,CVD-INCIDENCE-001,cvd_2024_05,annual,2012,2012-01-01,2012,,,1,all_cvd,all,age_standardised,national_estimate,hospital_plus_dco,primary,estimated,annual_age_standardised_rate,170.6436410297169,rate_per_100000,,,152.0247381579888,234.1669567097303,158.0566284955283,184.2438801328833,95,conditional_fay_feuer_gamma,,final,cvd_rates_v1_1_0,UN_WPP_2024,BRB,persons,2026-08-26,historical_estimate,WHO_WORLD_2000_2025,none,No disclosure restriction identified.,170.644
bnr_cvd_public_metric_v2,CVD-BURDEN-001,cvd_2024_05,monthly,2012_m02,2012-02-01,2012,2,,1,all_cvd,all,all,hospital_registered,hospital_only,not_applicable,observed,monthly_count,43,count,43,,,,,,,,,final,,,,,,,,none,No disclosure restriction identified.,43.000
bnr_cvd_public_metric_v2,CVD-BURDEN-001,cvd_2024_05,monthly,2012_m04,2012-04-01,2012,4,,1,all_cvd,all,all,hospital_registered,hospital_only,not_applicable,observed,monthly_count,53,count,53,,,,,,,,,final,,,,,,,,none,No disclosure restriction identified.,53.000
bnr_cvd_public_metric_v2,CVD-BURDEN-001,cvd_2024_05,annual,2012,2012-01-01,2012,,,1,all_cvd,all,age_70_plus,hospital_registered,hospital_only,not_applicable,observed,annual_previous_5yr_mean,,count,,,,,,,,,2,insufficient_history,,,,,,,,none,No disclosure restriction identified.,.
bnr_cvd_public_metric_v2,CVD-BURDEN-001,cvd_2024_05,quarterly,2012_q1,2012-01-01,2012,1,1,1,all_cvd,all,all,hospital_registered,hospital_only,not_applicable,observed,quarterly_same_quarter_previous_5yr_mean,,count,,,,,,,,,2,insufficient_history,,,,,,,,none,No disclosure restriction identified.,.
bnr_cvd_public_metric_v2,CVD-BURDEN-001,cvd_2024_05,monthly,2012_m11,2012-11-01,2012,11,,1,all_cvd,all,all,hospital_registered,hospital_only,not_applicable,observed,monthly_count,35,count,35,,,,,,,,,final,,,,,,,,none,No disclosure restriction identified.,35.000
bnr_cvd_public_metric_v2,CVD-INCIDENCE-001,cvd_2024_05,annual,2012,2012-01-01,2012,,,1,all_cvd,all,all,national_estimate,hospital_plus_dco,primary,estimated,annual_crude_rate,253.0294139772813,rate_per_100000,700.7333333333333,276937.5,223.1550440081246,354.9537350485218,234.639207428925,272.4780266397743,95,conditional_gamma,,final,cvd_rates_v1_1_0,UN_WPP_2024,BRB,persons,2026-08-26,historical_estimate,WHO_WORLD_2000_2025,none,No disclosure restriction identified.,253.029
bnr_cvd_public_metric_v2,CVD-INCIDENCE-001,cvd_2024_05,annual,2012,2012-01-01,2012,,,1,all_cvd,all,all,national_estimate,hospital_plus_dco,inclusive,estimated,annual_crude_rate,265.9070102153353,rate_per_100000,736.3962264150944,276937.5,225.6826901376664,381.6745655608215,247.0459295690757,285.8261728842966,95,conditional_gamma,,final,cvd_rates_v1_1_0,UN_WPP_2024,BRB,persons,2026-08-26,historical_estimate,WHO_WORLD_2000_2025,none,No disclosure restriction identified.,265.907
bnr_cvd_public_metric_v2,CVD-BURDEN-001,cvd_2024_05,monthly,2012_m01,2012-01-01,2012,1,,1,all_cvd,all,all,hospital_registered,hospital_only,not_applicable,observed,monthly_count,50,count,50,,,,,,,,,final,,,,,,,,none,No disclosure restriction identified.,50.000
bnr_cvd_public_metric_v2,CVD-BURDEN-001,cvd_2024_05,quarterly,2012_q1,2012-01-01,2012,1,1,1,all_cvd,all,all,hospital_registered,hospital_only,not_applicable,observed,quarterly_count,135,count,135,,,,,,,,,final,,,,,,,,none,No disclosure restriction identified.,135.000
bnr_cvd_public_metric_v2,CVD-BURDEN-001,cvd_2024_05,monthly,2012_m09,2012-09-01,2012,9,,1,all_cvd,all,all,hospital_registered,hospital_only,not_applicable,observed,monthly_count,41,count,41,,,,,,,,,final,,,,,,,,none,No disclosure restriction identified.,41.000
bnr_cvd_public_metric_v2,CVD-BURDEN-001,cvd_2024_05,annual,2012,2012-01-01,2012,,,1,all_cvd,all,age_70_plus,hospital_registered,hospital_only,not_applicable,observed,annual_count,304,count,304,,,,,,,,,final,,,,,,,,none,No disclosure restriction identified.,304.000
bnr_cvd_public_metric_v2,CVD-BURDEN-001,cvd_2024_05,annual,2012,2012-01-01,2012,,,1,all_cvd,all,all,hospital_registered,hospital_only,not_applicable,observed,annual_previous_5yr_mean,,count,,,,,,,,,2,insufficient_history,,,,,,,,none,No disclosure restriction identified.,.
bnr_cvd_public_metric_v2,CVD-BURDEN-001,cvd_2024_05,annual,2012,2012-01-01,2012,,,1,all_cvd,all,all,national_estimate,additional_dco,inclusive,estimated,annual_count,152.3962264150943,count,152.3962264150943,,41,473,,,,,,final,cvd_rates_v1_1_0,not_applicable,BRB,not_applicable,not_applicable,not_applicable,not_applicable,none,No disclosure restriction identified.,152.396
bnr_cvd_public_metric_v2,CVD-BURDEN-001,cvd_2024_05,annual,2012,2012-01-01,2012,,,1,all_cvd,all,under_70,hospital_registered,hospital_only,not_applicable,observed,annual_count,280,count,280,,,,,,,,,final,,,,,,,,none,No disclosure restriction identified.,280.000
bnr_cvd_public_metric_v2,CVD-BURDEN-001,cvd_2024_05,monthly,2012_m07,2012-07-01,2012,7,,1,all_cvd,all,all,hospital_registered,hospital_only,not_applicable,observed,monthly_count,45,count,45,,,,,,,,,final,,,,,,,,none,No disclosure restriction identified.,45.000
bnr_cvd_public_metric_v2,CVD-BURDEN-001,cvd_2024_05,monthly,2012_m05,2012-05-01,2012,5,,1,all_cvd,all,all,hospital_registered,hospital_only,not_applicable,observed,monthly_count,65,count,65,,,,,,,,,final,,,,,,,,none,No disclosure restriction identified.,65.000
bnr_cvd_public_metric_v2,CVD-BURDEN-001,cvd_2024_05,annual,2012,2012-01-01,2012,,,1,all_cvd,female,all,national_estimate,hospital_plus_dco,primary,estimated,annual_count,359.8,count,359.8,,316,509.2352941176471,,,,,,final,cvd_rates_v1_1_0,not_applicable,BRB,not_applicable,not_applicable,not_applicable,not_applicable,none,No disclosure restriction identified.,359.800
bnr_cvd_public_metric_v2,CVD-BURDEN-001,cvd_2024_05,quarterly,2012_q3,2012-07-01,2012,7,3,1,all_cvd,female,all,hospital_registered,hospital_only,not_applicable,observed,quarterly_same_quarter_previous_5yr_mean,,count,,,,,,,,,2,insufficient_history,,,,,,,,none,No disclosure restriction identified.,.
bnr_cvd_public_metric_v2,CVD-BURDEN-001,cvd_2024_05,quarterly,2012_q2,2012-04-01,2012,4,2,1,all_cvd,female,all,hospital_registered,hospital_only,not_applicable,observed,quarterly_count,92,count,92,,,,,,,,,final,,,,,,,,none,No disclosure restriction identified.,92.000
bnr_cvd_public_metric_v2,CVD-INCIDENCE-001,cvd_2024_05,annual,2012,2012-01-01,2012,,,1,all_cvd,female,age_standardised,hospital_registered,hospital_only,not_applicable,observed,annual_age_standardised_rate,125.1019538262854,rate_per_100000,,,,,110.9251331659853,141.2662887133504,95,fay_feuer_gamma,,final,cvd_rates_v1_1_0,UN_WPP_2024,BRB,persons,2026-08-26,historical_estimate,WHO_WORLD_2000_2025,none,No disclosure restriction identified.,125.102
bnr_cvd_public_metric_v2,CVD-INCIDENCE-001,cvd_2024_05,annual,2012,2012-01-01,2012,,,1,all_cvd,female,all,national_estimate,hospital_plus_dco,inclusive,estimated,annual_crude_rate,257.6432768637081,rate_per_100000,372.3396226415094,144517.5,220.0425553998651,365.8599874181834,232.1350915428249,285.1890732823312,95,conditional_gamma,,final,cvd_rates_v1_1_0,UN_WPP_2024,BRB,persons,2026-08-26,historical_estimate,WHO_WORLD_2000_2025,none,No disclosure restriction identified.,257.643
bnr_cvd_public_metric_v2,CVD-BURDEN-001,cvd_2024_05,quarterly,2012_q2,2012-04-01,2012,4,2,1,all_cvd,female,all,hospital_registered,hospital_only,not_applicable,observed,quarterly_same_quarter_previous_5yr_mean,,count,,,,,,,,,2,insufficient_history,,,,,,,,none,No disclosure restriction identified.,.
bnr_cvd_public_metric_v2,CVD-BURDEN-001,cvd_2024_05,annual,2012,2012-01-01,2012,,,1,all_cvd,female,all,national_estimate,additional_dco,primary,estimated,annual_count,61.8,count,61.8,,18,211.2352941176471,,,,,,final,cvd_rates_v1_1_0,not_applicable,BRB,not_applicable,not_applicable,not_applicable,not_applicable,none,No disclosure restriction identified.,61.800
bnr_cvd_public_metric_v2,CVD-BURDEN-001,cvd_2024_05,quarterly,2012_q3,2012-07-01,2012,7,3,1,all_cvd,female,all,hospital_registered,hospital_only,not_applicable,observed,quarterly_count,73,count,73,,,,,,,,,final,,,,,,,,none,No disclosure restriction identified.,73.000
bnr_cvd_public_metric_v2,CVD-BURDEN-001,cvd_2024_05,annual,2012,2012-01-01,2012,,,1,all_cvd,female,all,national_estimate,hospital_plus_dco,inclusive,estimated,annual_count,372.3396226415094,count,372.3396226415094,,318,528.7317073170732,,,,,,final,cvd_rates_v1_1_0,not_applicable,BRB,not_applicable,not_applicable,not_applicable,not_applicable,none,No disclosure restriction identified.,372.340
bnr_cvd_public_metric_v2,CVD-BURDEN-001,cvd_2024_05,annual,2012,2012-01-01,2012,,,1,all_cvd,female,all,hospital_registered,hospital_only,not_applicable,observed,annual_previous_5yr_mean,,count,,,,,,,,,2,insufficient_history,,,,,,,,none,No disclosure restriction identified.,.
bnr_cvd_public_metric_v2,CVD-BURDEN-001,cvd_2024_05,quarterly,2012_q1,2012-01-01,2012,1,1,1,all_cvd,female,all,hospital_registered,hospital_only,not_applicable,observed,quarterly_count,60,count,60,,,,,,,,,final,,,,,,,,none,No disclosure restriction identified.,60.000
bnr_cvd_public_metric_v2,CVD-INCIDENCE-001,cvd_2024_05,annual,2012,2012-01-01,2012,,,1,all_cvd,female,age_standardised,national_estimate,hospital_plus_dco,primary,estimated,annual_age_standardised_rate,146.8709599355238,rate_per_100000,,,131.4424410425684,199.5094361585477,131.6714272477473,164.0269493762246,95,conditional_fay_feuer_gamma,,final,cvd_rates_v1_1_0,UN_WPP_2024,BRB,persons,2026-08-26,historical_estimate,WHO_WORLD_2000_2025,none,No disclosure restriction identified.,146.871
bnr_cvd_public_metric_v2,CVD-INCIDENCE-001,cvd_2024_05,annual,2012,2012-01-01,2012,,,1,all_cvd,female,all,national_estimate,hospital_plus_dco,primary,estimated,annual_crude_rate,248.9663881536838,rate_per_100000,359.8,144517.5,218.6586399570986,352.3692937655627,223.9027477966124,276.0682371223523,95,conditional_gamma,,final,cvd_rates_v1_1_0,UN_WPP_2024,BRB,persons,2026-08-26,historical_estimate,WHO_WORLD_2000_2025,none,No disclosure restriction identified.,248.966
bnr_cvd_public_metric_v2,CVD-BURDEN-001,cvd_2024_05,quarterly,2012_q4,2012-10-01,2012,10,4,1,all_cvd,female,all,hospital_registered,hospital_only,not_applicable,observed,quarterly_count,73,count,73,,,,,,,,,final,,,,,,,,none,No disclosure restriction identified.,73.000
bnr_cvd_public_metric_v2,CVD-BURDEN-001,cvd_2024_05,annual,2012,2012-01-01,2012,,,1,all_cvd,female,all,national_estimate,additional_dco,inclusive,estimated,annual_count,74.33962264150944,count,74.33962264150944,,20,230.7317073170732,,,,,,final,cvd_rates_v1_1_0,not_applicable,BRB,not_applicable,not_applicable,not_applicable,not_applicable,none,No disclosure restriction identified.,74.340
bnr_cvd_public_metric_v2,CVD-BURDEN-001,cvd_2024_05,annual,2012,2012-01-01,2012,,,1,all_cvd,female,all,hospital_registered,hospital_only,not_applicable,observed,annual_count,298,count,298,,,,,,,,,final,,,,,,,,none,No disclosure restriction identified.,298.000
bnr_cvd_public_metric_v2,CVD-BURDEN-001,cvd_2024_05,quarterly,2012_q4,2012-10-01,2012,10,4,1,all_cvd,female,all,hospital_registered,hospital_only,not_applicable,observed,quarterly_same_quarter_previous_5yr_mean,,count,,,,,,,,,2,insufficient_history,,,,,,,,none,No disclosure restriction identified.,.
bnr_cvd_public_metric_v2,CVD-BURDEN-002,cvd_2024_05,annual,2012,2012-01-01,2012,,,1,all_cvd,female,all,hospital_registered,hospital_only,not_applicable,observed,sex_distribution,51.02739726027398,percent,298,584,,,,,,,,final,,,,,,,,none,No disclosure restriction identified.,51.027
bnr_cvd_public_metric_v2,CVD-INCIDENCE-001,cvd_2024_05,annual,2012,2012-01-01,2012,,,1,all_cvd,female,age_standardised,national_estimate,hospital_plus_dco,inclusive,estimated,annual_age_standardised_rate,150.9813298334252,rate_per_100000,,,132.0644255439423,205.4251031543758,135.6108182222773,168.3018842725115,95,conditional_fay_feuer_gamma,,final,cvd_rates_v1_1_0,UN_WPP_2024,BRB,persons,2026-08-26,historical_estimate,WHO_WORLD_2000_2025,none,No disclosure restriction identified.,150.981
bnr_cvd_public_metric_v2,CVD-INCIDENCE-001,cvd_2024_05,annual,2012,2012-01-01,2012,,,1,all_cvd,female,all,hospital_registered,hospital_only,not_applicable,observed,annual_crude_rate,206.2034009722006,rate_per_100000,298,144517.5,,,183.4536680344056,230.994815352591,95,poisson_exact_garwood,,final,cvd_rates_v1_1_0,UN_WPP_2024,BRB,persons,2026-08-26,historical_estimate,WHO_WORLD_2000_2025,none,No disclosure restriction identified.,206.203
bnr_cvd_public_metric_v2,CVD-BURDEN-001,cvd_2024_05,quarterly,2012_q1,2012-01-01,2012,1,1,1,all_cvd,female,all,hospital_registered,hospital_only,not_applicable,observed,quarterly_same_quarter_previous_5yr_mean,,count,,,,,,,,,2,insufficient_history,,,,,,,,none,No disclosure restriction identified.,.
bnr_cvd_public_metric_v2,CVD-BURDEN-001,cvd_2024_05,annual,2012,2012-01-01,2012,,,1,all_cvd,male,all,national_estimate,additional_dco,inclusive,estimated,annual_count,78.05660377358492,count,78.05660377358492,,21,242.2682926829268,,,,,,final,cvd_rates_v1_1_0,not_applicable,BRB,not_applicable,not_applicable,not_applicable,not_applicable,none,No disclosure restriction identified.,78.057
bnr_cvd_public_metric_v2,CVD-INCIDENCE-001,cvd_2024_05,annual,2012,2012-01-01,2012,,,1,all_cvd,male,all,hospital_registered,hospital_only,not_applicable,observed,annual_crude_rate,215.9794592961788,rate_per_100000,286,132420,,,191.6712559468876,242.5167402566912,95,poisson_exact_garwood,,final,cvd_rates_v1_1_0,UN_WPP_2024,BRB,persons,2026-08-26,historical_estimate,WHO_WORLD_2000_2025,none,No disclosure restriction identified.,215.979
bnr_cvd_public_metric_v2,CVD-BURDEN-001,cvd_2024_05,quarterly,2012_q1,2012-01-01,2012,1,1,1,all_cvd,male,all,hospital_registered,hospital_only,not_applicable,observed,quarterly_count,75,count,75,,,,,,,,,final,,,,,,,,none,No disclosure restriction identified.,75.000
bnr_cvd_public_metric_v2,CVD-BURDEN-001,cvd_2024_05,quarterly,2012_q4,2012-10-01,2012,10,4,1,all_cvd,male,all,hospital_registered,hospital_only,not_applicable,observed,quarterly_same_quarter_previous_5yr_mean,,count,,,,,,,,,2,insufficient_history,,,,,,,,none,No disclosure restriction identified.,.
bnr_cvd_public_metric_v2,CVD-INCIDENCE-001,cvd_2024_05,annual,2012,2012-01-01,2012,,,1,all_cvd,male,all,national_estimate,hospital_plus_dco,primary,estimated,annual_crude_rate,257.4636258369833,rate_per_100000,340.9333333333333,132420,228.0622262498112,357.7742832520412,230.8564219679225,286.2962907305094,95,conditional_gamma,,final,cvd_rates_v1_1_0,UN_WPP_2024,BRB,persons,2026-08-26,historical_estimate,WHO_WORLD_2000_2025,none,No disclosure restriction identified.,257.464
bnr_cvd_public_metric_v2,CVD-INCIDENCE-001,cvd_2024_05,annual,2012,2012-01-01,2012,,,1,all_cvd,male,age_standardised,hospital_registered,hospital_only,not_applicable,observed,annual_age_standardised_rate,168.7530229410136,rate_per_100000,,,,,149.5975987921818,192.1695863658179,95,fay_feuer_gamma,,final,cvd_rates_v1_1_0,UN_WPP_2024,BRB,persons,2026-08-26,historical_estimate,WHO_WORLD_2000_2025,none,No disclosure restriction identified.,168.753
bnr_cvd_public_metric_v2,CVD-BURDEN-002,cvd_2024_05,annual,2012,2012-01-01,2012,,,1,all_cvd,male,all,hospital_registered,hospital_only,not_applicable,observed,sex_distribution,48.97260273972603,percent,286,584,,,,,,,,final,,,,,,,,none,No disclosure restriction identified.,48.973
bnr_cvd_public_metric_v2,CVD-BURDEN-001,cvd_2024_05,quarterly,2012_q2,2012-04-01,2012,4,2,1,all_cvd,male,all,hospital_registered,hospital_only,not_applicable,observed,quarterly_count,85,count,85,,,,,,,,,final,,,,,,,,none,No disclosure restriction identified.,85.000
bnr_cvd_public_metric_v2,CVD-INCIDENCE-001,cvd_2024_05,annual,2012,2012-01-01,2012,,,1,all_cvd,male,all,national_estimate,hospital_plus_dco,inclusive,estimated,annual_crude_rate,274.9256938329444,rate_per_100000,364.0566037735849,132420,231.8380909228213,398.9339168425667,247.4066909475737,304.6688849382731,95,conditional_gamma,,final,cvd_rates_v1_1_0,UN_WPP_2024,BRB,persons,2026-08-26,historical_estimate,WHO_WORLD_2000_2025,none,No disclosure restriction identified.,274.926
bnr_cvd_public_metric_v2,CVD-BURDEN-001,cvd_2024_05,quarterly,2012_q2,2012-04-01,2012,4,2,1,all_cvd,male,all,hospital_registered,hospital_only,not_applicable,observed,quarterly_same_quarter_previous_5yr_mean,,count,,,,,,,,,2,insufficient_history,,,,,,,,none,No disclosure restriction identified.,.
bnr_cvd_public_metric_v2,CVD-BURDEN-001,cvd_2024_05,annual,2012,2012-01-01,2012,,,1,all_cvd,male,all,hospital_registered,hospital_only,not_applicable,observed,annual_previous_5yr_mean,,count,,,,,,,,,2,insufficient_history,,,,,,,,none,No disclosure restriction identified.,.
bnr_cvd_public_metric_v2,CVD-BURDEN-001,cvd_2024_05,quarterly,2012_q3,2012-07-01,2012,7,3,1,all_cvd,male,all,hospital_registered,hospital_only,not_applicable,observed,quarterly_count,73,count,73,,,,,,,,,final,,,,,,,,none,No disclosure restriction identified.,73.000
bnr_cvd_public_metric_v2,CVD-INCIDENCE-001,cvd_2024_05,annual,2012,2012-01-01,2012,,,1,all_cvd,male,age_standardised,national_estimate,hospital_plus_dco,primary,estimated,annual_age_standardised_rate,200.1915453893104,rate_per_100000,,,177.9098741395467,276.2113649473282,179.3245735521744,225.2638781010212,95,conditional_fay_feuer_gamma,,final,cvd_rates_v1_1_0,UN_WPP_2024,BRB,persons,2026-08-26,historical_estimate,WHO_WORLD_2000_2025,none,No disclosure restriction identified.,200.192
bnr_cvd_public_metric_v2,CVD-INCIDENCE-001,cvd_2024_05,annual,2012,2012-01-01,2012,,,1,all_cvd,male,age_standardised,national_estimate,hospital_plus_dco,inclusive,estimated,annual_age_standardised_rate,213.7007829623286,rate_per_100000,,,180.845567515276,308.2596957123823,192.1245497656844,239.4635100797879,95,conditional_fay_feuer_gamma,,final,cvd_rates_v1_1_0,UN_WPP_2024,BRB,persons,2026-08-26,historical_estimate,WHO_WORLD_2000_2025,none,No disclosure restriction identified.,213.701
bnr_cvd_public_metric_v2,CVD-BURDEN-001,cvd_2024_05,quarterly,2012_q3,2012-07-01,2012,7,3,1,all_cvd,male,all,hospital_registered,hospital_only,not_applicable,observed,quarterly_same_quarter_previous_5yr_mean,,count,,,,,,,,,2,insufficient_history,,,,,,,,none,No disclosure restriction identified.,.
bnr_cvd_public_metric_v2,CVD-BURDEN-001,cvd_2024_05,annual,2012,2012-01-01,2012,,,1,all_cvd,male,all,national_estimate,additional_dco,primary,estimated,annual_count,54.93333333333332,count,54.93333333333332,,16,187.764705882353,,,,,,final,cvd_rates_v1_1_0,not_applicable,BRB,not_applicable,not_applicable,not_applicable,not_applicable,none,No disclosure restriction identified.,54.933
bnr_cvd_public_metric_v2,CVD-BURDEN-001,cvd_2024_05,annual,2012,2012-01-01,2012,,,1,all_cvd,male,all,hospital_registered,hospital_only,not_applicable,observed,annual_count,286,count,286,,,,,,,,,final,,,,,,,,none,No disclosure restriction identified.,286.000
bnr_cvd_public_metric_v2,CVD-BURDEN-001,cvd_2024_05,annual,2012,2012-01-01,2012,,,1,all_cvd,male,all,national_estimate,hospital_plus_dco,primary,estimated,annual_count,340.9333333333333,count,340.9333333333333,,302,473.764705882353,,,,,,final,cvd_rates_v1_1_0,not_applicable,BRB,not_applicable,not_applicable,not_applicable,not_applicable,none,No disclosure restriction identified.,340.933
bnr_cvd_public_metric_v2,CVD-BURDEN-001,cvd_2024_05,quarterly,2012_q4,2012-10-01,2012,10,4,1,all_cvd,male,all,hospital_registered,hospital_only,not_applicable,observed,quarterly_count,53,count,53,,,,,,,,,final,,,,,,,,none,No disclosure restriction identified.,53.000
bnr_cvd_public_metric_v2,CVD-BURDEN-001,cvd_2024_05,annual,2012,2012-01-01,2012,,,1,all_cvd,male,all,national_estimate,hospital_plus_dco,inclusive,estimated,annual_count,364.0566037735849,count,364.0566037735849,,307,528.2682926829268,,,,,,final,cvd_rates_v1_1_0,not_applicable,BRB,not_applicable,not_applicable,not_applicable,not_applicable,none,No disclosure restriction identified.,364.057
bnr_cvd_public_metric_v2,CVD-BURDEN-001,cvd_2024_05,quarterly,2012_q1,2012-01-01,2012,1,1,1,all_cvd,male,all,hospital_registered,hospital_only,not_applicable,observed,quarterly_same_quarter_previous_5yr_mean,,count,,,,,,,,,2,insufficient_history,,,,,,,,none,No disclosure restriction identified.,.
bnr_cvd_public_metric_v2,CVD-INCIDENCE-001,cvd_2024_05,annual,2012,2012-01-01,2012,,,1,heart,all,all,hospital_registered,hospital_only,not_applicable,observed,annual_crude_rate,67.5242608891898,rate_per_100000,187,276937.5,,,58.19264104174386,77.92658416322104,95,poisson_exact_garwood,,final,cvd_rates_v1_1_0,UN_WPP_2024,BRB,persons,2026-08-26,historical_estimate,WHO_WORLD_2000_2025,none,No disclosure restriction identified.,67.524
bnr_cvd_public_metric_v2,CVD-BURDEN-001,cvd_2024_05,quarterly,2012_q3,2012-07-01,2012,7,3,1,heart,all,all,hospital_registered,hospital_only,not_applicable,observed,quarterly_same_quarter_previous_5yr_mean,,count,,,,,,,,,2,insufficient_history,,,,,,,,none,No disclosure restriction identified.,.
bnr_cvd_public_metric_v2,CVD-BURDEN-001,cvd_2024_05,annual,2012,2012-01-01,2012,,,1,heart,all,all,hospital_registered,hospital_only,not_applicable,observed,annual_previous_5yr_mean,,count,,,,,,,,,2,insufficient_history,,,,,,,,none,No disclosure restriction identified.,.
bnr_cvd_public_metric_v2,CVD-BURDEN-001,cvd_2024_05,annual,2012,2012-01-01,2012,,,1,heart,all,all,national_estimate,hospital_plus_dco,inclusive,estimated,annual_count,,count,,,,,,,,,,final,cvd_rates_v1_1_0,not_applicable,BRB,not_applicable,not_applicable,not_applicable,not_applicable,primary,Primary suppression: supporting frequency 1-5.,*
bnr_cvd_public_metric_v2,CVD-BURDEN-001,cvd_2024_05,annual,2012,2012-01-01,2012,,,1,heart,all,all,national_estimate,hospital_plus_dco,primary,estimated,annual_count,,count,,,,,,,,,,final,cvd_rates_v1_1_0,not_applicable,BRB,not_applicable,not_applicable,not_applicable,not_applicable,primary,Primary suppression: supporting frequency 1-5.,*
bnr_cvd_public_metric_v2,CVD-BURDEN-001,cvd_2024_05,quarterly,2012_q4,2012-10-01,2012,10,4,1,heart,all,all,hospital_registered,hospital_only,not_applicable,observed,quarterly_count,48,count,48,,,,,,,,,final,,,,,,,,none,No disclosure restriction identified.,48.000
bnr_cvd_public_metric_v2,CVD-BURDEN-001,cvd_2024_05,annual,2012,2012-01-01,2012,,,1,heart,all,all,hospital_registered,hospital_only,not_applicable,observed,annual_count,187,count,187,,,,,,,,,final,,,,,,,,none,No disclosure restriction identified.,187.000
bnr_cvd_public_metric_v2,CVD-BURDEN-001,cvd_2024_05,annual,2012,2012-01-01,2012,,,1,heart,all,all,national_estimate,additional_dco,inclusive,estimated,annual_count,,count,,,,,,,,,,final,cvd_rates_v1_1_0,not_applicable,BRB,not_applicable,not_applicable,not_applicable,not_applicable,primary,Primary suppression: supporting frequency 1-5.,*
bnr_cvd_public_metric_v2,CVD-BURDEN-001,cvd_2024_05,quarterly,2012_q1,2012-01-01,2012,1,1,1,heart,all,all,hospital_registered,hospital_only,not_applicable,observed,quarterly_same_quarter_previous_5yr_mean,,count,,,,,,,,,2,insufficient_history,,,,,,,,none,No disclosure restriction identified.,.
bnr_cvd_public_metric_v2,CVD-BURDEN-001,cvd_2024_05,quarterly,2012_q4,2012-10-01,2012,10,4,1,heart,all,all,hospital_registered,hospital_only,not_applicable,observed,quarterly_same_quarter_previous_5yr_mean,,count,,,,,,,,,2,insufficient_history,,,,,,,,none,No disclosure restriction identified.,.
bnr_cvd_public_metric_v2,CVD-INCIDENCE-001,cvd_2024_05,annual,2012,2012-01-01,2012,,,1,heart,all,all,national_estimate,hospital_plus_dco,inclusive,estimated,annual_crude_rate,,rate_per_100000,,,,,,,95,conditional_gamma,,final,cvd_rates_v1_1_0,UN_WPP_2024,BRB,persons,2026-08-26,historical_estimate,WHO_WORLD_2000_2025,primary,Primary suppression: supporting frequency 1-5.,*
bnr_cvd_public_metric_v2,CVD-BURDEN-002,cvd_2024_05,annual,2012,2012-01-01,2012,,,1,heart,all,all,hospital_registered,hospital_only,not_applicable,observed,event_type_distribution,32.02054794520548,percent,187,584,,,,,,,,final,,,,,,,,none,No disclosure restriction identified.,32.021
bnr_cvd_public_metric_v2,CVD-INCIDENCE-001,cvd_2024_05,annual,2012,2012-01-01,2012,,,1,heart,all,age_standardised,hospital_registered,hospital_only,not_applicable,observed,annual_age_standardised_rate,46.43226215838329,rate_per_100000,,,,,39.93390276868151,53.98635744466812,95,fay_feuer_gamma,,final,cvd_rates_v1_1_0,UN_WPP_2024,BRB,persons,2026-08-26,historical_estimate,WHO_WORLD_2000_2025,none,No disclosure restriction identified.,46.432
bnr_cvd_public_metric_v2,CVD-BURDEN-001,cvd_2024_05,quarterly,2012_q2,2012-04-01,2012,4,2,1,heart,all,all,hospital_registered,hospital_only,not_applicable,observed,quarterly_same_quarter_previous_5yr_mean,,count,,,,,,,,,2,insufficient_history,,,,,,,,none,No disclosure restriction identified.,.
bnr_cvd_public_metric_v2,CVD-INCIDENCE-001,cvd_2024_05,annual,2012,2012-01-01,2012,,,1,heart,all,age_standardised,national_estimate,hospital_plus_dco,primary,estimated,annual_age_standardised_rate,,rate_per_100000,,,,,,,95,conditional_fay_feuer_gamma,,final,cvd_rates_v1_1_0,UN_WPP_2024,BRB,persons,2026-08-26,historical_estimate,WHO_WORLD_2000_2025,primary,Primary suppression: supporting frequency 1-5.,*
bnr_cvd_public_metric_v2,CVD-BURDEN-001,cvd_2024_05,quarterly,2012_q1,2012-01-01,2012,1,1,1,heart,all,all,hospital_registered,hospital_only,not_applicable,observed,quarterly_count,49,count,49,,,,,,,,,final,,,,,,,,none,No disclosure restriction identified.,49.000
bnr_cvd_public_metric_v2,CVD-INCIDENCE-001,cvd_2024_05,annual,2012,2012-01-01,2012,,,1,heart,all,all,national_estimate,hospital_plus_dco,primary,estimated,annual_crude_rate,,rate_per_100000,,,,,,,95,conditional_gamma,,final,cvd_rates_v1_1_0,UN_WPP_2024,BRB,persons,2026-08-26,historical_estimate,WHO_WORLD_2000_2025,primary,Primary suppression: supporting frequency 1-5.,*
bnr_cvd_public_metric_v2,CVD-BURDEN-001,cvd_2024_05,annual,2012,2012-01-01,2012,,,1,heart,all,all,national_estimate,additional_dco,primary,estimated,annual_count,,count,,,,,,,,,,final,cvd_rates_v1_1_0,not_applicable,BRB,not_applicable,not_applicable,not_applicable,not_applicable,primary,Primary suppression: supporting frequency 1-5.,*
bnr_cvd_public_metric_v2,CVD-BURDEN-001,cvd_2024_05,quarterly,2012_q2,2012-04-01,2012,4,2,1,heart,all,all,hospital_registered,hospital_only,not_applicable,observed,quarterly_count,47,count,47,,,,,,,,,final,,,,,,,,none,No disclosure restriction identified.,47.000
bnr_cvd_public_metric_v2,CVD-INCIDENCE-001,cvd_2024_05,annual,2012,2012-01-01,2012,,,1,heart,all,age_standardised,national_estimate,hospital_plus_dco,inclusive,estimated,annual_age_standardised_rate,,rate_per_100000,,,,,,,95,conditional_fay_feuer_gamma,,final,cvd_rates_v1_1_0,UN_WPP_2024,BRB,persons,2026-08-26,historical_estimate,WHO_WORLD_2000_2025,primary,Primary suppression: supporting frequency 1-5.,*
bnr_cvd_public_metric_v2,CVD-BURDEN-001,cvd_2024_05,quarterly,2012_q3,2012-07-01,2012,7,3,1,heart,all,all,hospital_registered,hospital_only,not_applicable,observed,quarterly_count,43,count,43,,,,,,,,,final,,,,,,,,none,No disclosure restriction identified.,43.000
bnr_cvd_public_metric_v2,CVD-BURDEN-001,cvd_2024_05,annual,2012,2012-01-01,2012,,,1,heart,female,all,national_estimate,hospital_plus_dco,primary,estimated,annual_count,,count,,,,,,,,,,final,cvd_rates_v1_1_0,not_applicable,BRB,not_applicable,not_applicable,not_applicable,not_applicable,primary,Primary suppression: supporting frequency 1-5.,*
bnr_cvd_public_metric_v2,CVD-BURDEN-001,cvd_2024_05,quarterly,2012_q3,2012-07-01,2012,7,3,1,heart,female,all,hospital_registered,hospital_only,not_applicable,observed,quarterly_same_quarter_previous_5yr_mean,,count,,,,,,,,,2,insufficient_history,,,,,,,,none,No disclosure restriction identified.,.
bnr_cvd_public_metric_v2,CVD-BURDEN-001,cvd_2024_05,quarterly,2012_q3,2012-07-01,2012,7,3,1,heart,female,all,hospital_registered,hospital_only,not_applicable,observed,quarterly_count,23,count,23,,,,,,,,,final,,,,,,,,none,No disclosure restriction identified.,23.000
bnr_cvd_public_metric_v2,CVD-BURDEN-001,cvd_2024_05,quarterly,2012_q2,2012-04-01,2012,4,2,1,heart,female,all,hospital_registered,hospital_only,not_applicable,observed,quarterly_same_quarter_previous_5yr_mean,,count,,,,,,,,,2,insufficient_history,,,,,,,,none,No disclosure restriction identified.,.
bnr_cvd_public_metric_v2,CVD-BURDEN-002,cvd_2024_05,annual,2012,2012-01-01,2012,,,1,heart,female,all,hospital_registered,hospital_only,not_applicable,observed,sex_distribution,51.33689839572193,percent,96,187,,,,,,,,final,,,,,,,,none,No disclosure restriction identified.,51.337
bnr_cvd_public_metric_v2,CVD-BURDEN-001,cvd_2024_05,quarterly,2012_q2,2012-04-01,2012,4,2,1,heart,female,all,hospital_registered,hospital_only,not_applicable,observed,quarterly_count,24,count,24,,,,,,,,,final,,,,,,,,none,No disclosure restriction identified.,24.000
bnr_cvd_public_metric_v2,CVD-INCIDENCE-001,cvd_2024_05,annual,2012,2012-01-01,2012,,,1,heart,female,age_standardised,national_estimate,hospital_plus_dco,inclusive,estimated,annual_age_standardised_rate,,rate_per_100000,,,,,,,95,conditional_fay_feuer_gamma,,final,cvd_rates_v1_1_0,UN_WPP_2024,BRB,persons,2026-08-26,historical_estimate,WHO_WORLD_2000_2025,primary,Primary suppression: supporting frequency 1-5.,*
bnr_cvd_public_metric_v2,CVD-BURDEN-001,cvd_2024_05,annual,2012,2012-01-01,2012,,,1,heart,female,all,hospital_registered,hospital_only,not_applicable,observed,annual_previous_5yr_mean,,count,,,,,,,,,2,insufficient_history,,,,,,,,none,No disclosure restriction identified.,.
bnr_cvd_public_metric_v2,CVD-BURDEN-001,cvd_2024_05,annual,2012,2012-01-01,2012,,,1,heart,female,all,national_estimate,additional_dco,inclusive,estimated,annual_count,,count,,,,,,,,,,final,cvd_rates_v1_1_0,not_applicable,BRB,not_applicable,not_applicable,not_applicable,not_applicable,primary,Primary suppression: supporting frequency 1-5.,*
bnr_cvd_public_metric_v2,CVD-BURDEN-001,cvd_2024_05,quarterly,2012_q1,2012-01-01,2012,1,1,1,heart,female,all,hospital_registered,hospital_only,not_applicable,observed,quarterly_same_quarter_previous_5yr_mean,,count,,,,,,,,,2,insufficient_history,,,,,,,,none,No disclosure restriction identified.,.
bnr_cvd_public_metric_v2,CVD-BURDEN-001,cvd_2024_05,quarterly,2012_q4,2012-10-01,2012,10,4,1,heart,female,all,hospital_registered,hospital_only,not_applicable,observed,quarterly_same_quarter_previous_5yr_mean,,count,,,,,,,,,2,insufficient_history,,,,,,,,none,No disclosure restriction identified.,.
bnr_cvd_public_metric_v2,CVD-INCIDENCE-001,cvd_2024_05,annual,2012,2012-01-01,2012,,,1,heart,female,all,national_estimate,hospital_plus_dco,primary,estimated,annual_crude_rate,,rate_per_100000,,,,,,,95,conditional_gamma,,final,cvd_rates_v1_1_0,UN_WPP_2024,BRB,persons,2026-08-26,historical_estimate,WHO_WORLD_2000_2025,primary,Primary suppression: supporting frequency 1-5.,*
bnr_cvd_public_metric_v2,CVD-INCIDENCE-001,cvd_2024_05,annual,2012,2012-01-01,2012,,,1,heart,female,all,hospital_registered,hospital_only,not_applicable,observed,annual_crude_rate,66.42794125278945,rate_per_100000,96,144517.5,,,53.80684568650465,81.11988582651129,95,poisson_exact_garwood,,final,cvd_rates_v1_1_0,UN_WPP_2024,BRB,persons,2026-08-26,historical_estimate,WHO_WORLD_2000_2025,none,No disclosure restriction identified.,66.428
bnr_cvd_public_metric_v2,CVD-BURDEN-001,cvd_2024_05,annual,2012,2012-01-01,2012,,,1,heart,female,all,national_estimate,additional_dco,primary,estimated,annual_count,,count,,,,,,,,,,final,cvd_rates_v1_1_0,not_applicable,BRB,not_applicable,not_applicable,not_applicable,not_applicable,primary,Primary suppression: supporting frequency 1-5.,*
bnr_cvd_public_metric_v2,CVD-INCIDENCE-001,cvd_2024_05,annual,2012,2012-01-01,2012,,,1,heart,female,all,national_estimate,hospital_plus_dco,inclusive,estimated,annual_crude_rate,,rate_per_100000,,,,,,,95,conditional_gamma,,final,cvd_rates_v1_1_0,UN_WPP_2024,BRB,persons,2026-08-26,historical_estimate,WHO_WORLD_2000_2025,primary,Primary suppression: supporting frequency 1-5.,*
bnr_cvd_public_metric_v2,CVD-INCIDENCE-001,cvd_2024_05,annual,2012,2012-01-01,2012,,,1,heart,female,age_standardised,hospital_registered,hospital_only,not_applicable,observed,annual_age_standardised_rate,40.77430984614932,rate_per_100000,,,,,32.84623368936774,50.79988315977235,95,fay_feuer_gamma,,final,cvd_rates_v1_1_0,UN_WPP_2024,BRB,persons,2026-08-26,historical_estimate,WHO_WORLD_2000_2025,none,No disclosure restriction identified.,40.774
bnr_cvd_public_metric_v2,CVD-BURDEN-001,cvd_2024_05,quarterly,2012_q4,2012-10-01,2012,10,4,1,heart,female,all,hospital_registered,hospital_only,not_applicable,observed,quarterly_count,31,count,31,,,,,,,,,final,,,,,,,,none,No disclosure restriction identified.,31.000
bnr_cvd_public_metric_v2,CVD-BURDEN-001,cvd_2024_05,annual,2012,2012-01-01,2012,,,1,heart,female,all,hospital_registered,hospital_only,not_applicable,observed,annual_count,96,count,96,,,,,,,,,final,,,,,,,,none,No disclosure restriction identified.,96.000
bnr_cvd_public_metric_v2,CVD-INCIDENCE-001,cvd_2024_05,annual,2012,2012-01-01,2012,,,1,heart,female,age_standardised,national_estimate,hospital_plus_dco,primary,estimated,annual_age_standardised_rate,,rate_per_100000,,,,,,,95,conditional_fay_feuer_gamma,,final,cvd_rates_v1_1_0,UN_WPP_2024,BRB,persons,2026-08-26,historical_estimate,WHO_WORLD_2000_2025,primary,Primary suppression: supporting frequency 1-5.,*
bnr_cvd_public_metric_v2,CVD-BURDEN-001,cvd_2024_05,quarterly,2012_q1,2012-01-01,2012,1,1,1,heart,female,all,hospital_registered,hospital_only,not_applicable,observed,quarterly_count,18,count,18,,,,,,,,,final,,,,,,,,none,No disclosure restriction identified.,18.000
bnr_cvd_public_metric_v2,CVD-BURDEN-001,cvd_2024_05,annual,2012,2012-01-01,2012,,,1,heart,female,all,national_estimate,hospital_plus_dco,inclusive,estimated,annual_count,,count,,,,,,,,,,final,cvd_rates_v1_1_0,not_applicable,BRB,not_applicable,not_applicable,not_applicable,not_applicable,primary,Primary suppression: supporting frequency 1-5.,*
bnr_cvd_public_metric_v2,CVD-BURDEN-001,cvd_2024_05,annual,2012,2012-01-01,2012,,,1,heart,male,all,national_estimate,hospital_plus_dco,inclusive,estimated,annual_count,,count,,,,,,,,,,final,cvd_rates_v1_1_0,not_applicable,BRB,not_applicable,not_applicable,not_applicable,not_applicable,primary,Primary suppression: supporting frequency 1-5.,*
bnr_cvd_public_metric_v2,CVD-BURDEN-001,cvd_2024_05,quarterly,2012_q3,2012-07-01,2012,7,3,1,heart,male,all,hospital_registered,hospital_only,not_applicable,observed,quarterly_same_quarter_previous_5yr_mean,,count,,,,,,,,,2,insufficient_history,,,,,,,,none,No disclosure restriction identified.,.
bnr_cvd_public_metric_v2,CVD-BURDEN-001,cvd_2024_05,annual,2012,2012-01-01,2012,,,1,heart,male,all,hospital_registered,hospital_only,not_applicable,observed,annual_count,91,count,91,,,,,,,,,final,,,,,,,,none,No disclosure restriction identified.,91.000
bnr_cvd_public_metric_v2,CVD-INCIDENCE-001,cvd_2024_05,annual,2012,2012-01-01,2012,,,1,heart,male,age_standardised,hospital_registered,hospital_only,not_applicable,observed,annual_age_standardised_rate,53.61841418705716,rate_per_100000,,,,,43.05483197498972,68.92924559750415,95,fay_feuer_gamma,,final,cvd_rates_v1_1_0,UN_WPP_2024,BRB,persons,2026-08-26,historical_estimate,WHO_WORLD_2000_2025,none,No disclosure restriction identified.,53.618
bnr_cvd_public_metric_v2,CVD-BURDEN-001,cvd_2024_05,quarterly,2012_q2,2012-04-01,2012,4,2,1,heart,male,all,hospital_registered,hospital_only,not_applicable,observed,quarterly_count,23,count,23,,,,,,,,,final,,,,,,,,none,No disclosure restriction identified.,23.000
bnr_cvd_public_metric_v2,CVD-INCIDENCE-001,cvd_2024_05,annual,2012,2012-01-01,2012,,,1,heart,male,all,national_estimate,hospital_plus_dco,inclusive,estimated,annual_crude_rate,,rate_per_100000,,,,,,,95,conditional_gamma,,final,cvd_rates_v1_1_0,UN_WPP_2024,BRB,persons,2026-08-26,historical_estimate,WHO_WORLD_2000_2025,primary,Primary suppression: supporting frequency 1-5.,*
bnr_cvd_public_metric_v2,CVD-BURDEN-001,cvd_2024_05,quarterly,2012_q4,2012-10-01,2012,10,4,1,heart,male,all,hospital_registered,hospital_only,not_applicable,observed,quarterly_count,17,count,17,,,,,,,,,final,,,,,,,,none,No disclosure restriction identified.,17.000
bnr_cvd_public_metric_v2,CVD-BURDEN-001,cvd_2024_05,quarterly,2012_q1,2012-01-01,2012,1,1,1,heart,male,all,hospital_registered,hospital_only,not_applicable,observed,quarterly_same_quarter_previous_5yr_mean,,count,,,,,,,,,2,insufficient_history,,,,,,,,none,No disclosure restriction identified.,.
bnr_cvd_public_metric_v2,CVD-BURDEN-001,cvd_2024_05,annual,2012,2012-01-01,2012,,,1,heart,male,all,hospital_registered,hospital_only,not_applicable,observed,annual_previous_5yr_mean,,count,,,,,,,,,2,insufficient_history,,,,,,,,none,No disclosure restriction identified.,.
bnr_cvd_public_metric_v2,CVD-BURDEN-001,cvd_2024_05,annual,2012,2012-01-01,2012,,,1,heart,male,all,national_estimate,additional_dco,inclusive,estimated,annual_count,,count,,,,,,,,,,final,cvd_rates_v1_1_0,not_applicable,BRB,not_applicable,not_applicable,not_applicable,not_applicable,primary,Primary suppression: supporting frequency 1-5.,*
bnr_cvd_public_metric_v2,CVD-BURDEN-001,cvd_2024_05,annual,2012,2012-01-01,2012,,,1,heart,male,all,national_estimate,hospital_plus_dco,primary,estimated,annual_count,,count,,,,,,,,,,final,cvd_rates_v1_1_0,not_applicable,BRB,not_applicable,not_applicable,not_applicable,not_applicable,primary,Primary suppression: supporting frequency 1-5.,*
bnr_cvd_public_metric_v2,CVD-INCIDENCE-001,cvd_2024_05,annual,2012,2012-01-01,2012,,,1,heart,male,age_standardised,national_estimate,hospital_plus_dco,primary,estimated,annual_age_standardised_rate,,rate_per_100000,,,,,,,95,conditional_fay_feuer_gamma,,final,cvd_rates_v1_1_0,UN_WPP_2024,BRB,persons,2026-08-26,historical_estimate,WHO_WORLD_2000_2025,primary,Primary suppression: supporting frequency 1-5.,*
bnr_cvd_public_metric_v2,CVD-BURDEN-001,cvd_2024_05,quarterly,2012_q3,2012-07-01,2012,7,3,1,heart,male,all,hospital_registered,hospital_only,not_applicable,observed,quarterly_count,20,count,20,,,,,,,,,final,,,,,,,,none,No disclosure restriction identified.,20.000
bnr_cvd_public_metric_v2,CVD-BURDEN-002,cvd_2024_05,annual,2012,2012-01-01,2012,,,1,heart,male,all,hospital_registered,hospital_only,not_applicable,observed,sex_distribution,48.66310160427808,percent,91,187,,,,,,,,final,,,,,,,,none,No disclosure restriction identified.,48.663
bnr_cvd_public_metric_v2,CVD-INCIDENCE-001,cvd_2024_05,annual,2012,2012-01-01,2012,,,1,heart,male,all,hospital_registered,hospital_only,not_applicable,observed,annual_crude_rate,68.72073704878417,rate_per_100000,91,132420,,,55.32965073012465,84.37383697065978,95,poisson_exact_garwood,,final,cvd_rates_v1_1_0,UN_WPP_2024,BRB,persons,2026-08-26,historical_estimate,WHO_WORLD_2000_2025,none,No disclosure restriction identified.,68.721
bnr_cvd_public_metric_v2,CVD-INCIDENCE-001,cvd_2024_05,annual,2012,2012-01-01,2012,,,1,heart,male,all,national_estimate,hospital_plus_dco,primary,estimated,annual_crude_rate,,rate_per_100000,,,,,,,95,conditional_gamma,,final,cvd_rates_v1_1_0,UN_WPP_2024,BRB,persons,2026-08-26,historical_estimate,WHO_WORLD_2000_2025,primary,Primary suppression: supporting frequency 1-5.,*
bnr_cvd_public_metric_v2,CVD-BURDEN-001,cvd_2024_05,quarterly,2012_q2,2012-04-01,2012,4,2,1,heart,male,all,hospital_registered,hospital_only,not_applicable,observed,quarterly_same_quarter_previous_5yr_mean,,count,,,,,,,,,2,insufficient_history,,,,,,,,none,No disclosure restriction identified.,.
bnr_cvd_public_metric_v2,CVD-INCIDENCE-001,cvd_2024_05,annual,2012,2012-01-01,2012,,,1,heart,male,age_standardised,national_estimate,hospital_plus_dco,inclusive,estimated,annual_age_standardised_rate,,rate_per_100000,,,,,,,95,conditional_fay_feuer_gamma,,final,cvd_rates_v1_1_0,UN_WPP_2024,BRB,persons,2026-08-26,historical_estimate,WHO_WORLD_2000_2025,primary,Primary suppression: supporting frequency 1-5.,*
bnr_cvd_public_metric_v2,CVD-BURDEN-001,cvd_2024_05,quarterly,2012_q1,2012-01-01,2012,1,1,1,heart,male,all,hospital_registered,hospital_only,not_applicable,observed,quarterly_count,31,count,31,,,,,,,,,final,,,,,,,,none,No disclosure restriction identified.,31.000
bnr_cvd_public_metric_v2,CVD-BURDEN-001,cvd_2024_05,quarterly,2012_q4,2012-10-01,2012,10,4,1,heart,male,all,hospital_registered,hospital_only,not_applicable,observed,quarterly_same_quarter_previous_5yr_mean,,count,,,,,,,,,2,insufficient_history,,,,,,,,none,No disclosure restriction identified.,.
bnr_cvd_public_metric_v2,CVD-BURDEN-001,cvd_2024_05,annual,2012,2012-01-01,2012,,,1,heart,male,all,national_estimate,additional_dco,primary,estimated,annual_count,,count,,,,,,,,,,final,cvd_rates_v1_1_0,not_applicable,BRB,not_applicable,not_applicable,not_applicable,not_applicable,primary,Primary suppression: supporting frequency 1-5.,*
bnr_cvd_public_metric_v2,CVD-BURDEN-001,cvd_2024_05,quarterly,2012_q1,2012-01-01,2012,1,1,1,stroke,all,all,hospital_registered,hospital_only,not_applicable,observed,quarterly_same_quarter_previous_5yr_mean,,count,,,,,,,,,2,insufficient_history,,,,,,,,none,No disclosure restriction identified.,.
bnr_cvd_public_metric_v2,CVD-BURDEN-001,cvd_2024_05,quarterly,2012_q2,2012-04-01,2012,4,2,1,stroke,all,all,hospital_registered,hospital_only,not_applicable,observed,quarterly_count,130,count,130,,,,,,,,,final,,,,,,,,none,No disclosure restriction identified.,130.000
bnr_cvd_public_metric_v2,CVD-BURDEN-001,cvd_2024_05,quarterly,2012_q4,2012-10-01,2012,10,4,1,stroke,all,all,hospital_registered,hospital_only,not_applicable,observed,quarterly_same_quarter_previous_5yr_mean,,count,,,,,,,,,2,insufficient_history,,,,,,,,none,No disclosure restriction identified.,.
bnr_cvd_public_metric_v2,CVD-BURDEN-001,cvd_2024_05,annual,2012,2012-01-01,2012,,,1,stroke,all,all,national_estimate,hospital_plus_dco,inclusive,estimated,annual_count,,count,,,,,,,,,,final,cvd_rates_v1_1_0,not_applicable,BRB,not_applicable,not_applicable,not_applicable,not_applicable,secondary,Secondary suppression: protects a related confidential value.,*
bnr_cvd_public_metric_v2,CVD-INCIDENCE-001,cvd_2024_05,annual,2012,2012-01-01,2012,,,1,stroke,all,age_standardised,national_estimate,hospital_plus_dco,primary,estimated,annual_age_standardised_rate,121.3523516385212,rate_per_100000,,,104.7597496211165,177.9624055802551,110.7862767803845,132.9378898167012,95,conditional_fay_feuer_gamma,,final,cvd_rates_v1_1_0,UN_WPP_2024,BRB,persons,2026-08-26,historical_estimate,WHO_WORLD_2000_2025,none,No disclosure restriction identified.,121.352
bnr_cvd_public_metric_v2,CVD-BURDEN-001,cvd_2024_05,quarterly,2012_q1,2012-01-01,2012,1,1,1,stroke,all,all,hospital_registered,hospital_only,not_applicable,observed,quarterly_count,86,count,86,,,,,,,,,final,,,,,,,,none,No disclosure restriction identified.,86.000
bnr_cvd_public_metric_v2,CVD-BURDEN-001,cvd_2024_05,quarterly,2012_q3,2012-07-01,2012,7,3,1,stroke,all,all,hospital_registered,hospital_only,not_applicable,observed,quarterly_same_quarter_previous_5yr_mean,,count,,,,,,,,,2,insufficient_history,,,,,,,,none,No disclosure restriction identified.,.
bnr_cvd_public_metric_v2,CVD-BURDEN-001,cvd_2024_05,annual,2012,2012-01-01,2012,,,1,stroke,all,all,hospital_registered,hospital_only,not_applicable,observed,annual_previous_5yr_mean,,count,,,,,,,,,2,insufficient_history,,,,,,,,none,No disclosure restriction identified.,.
bnr_cvd_public_metric_v2,CVD-INCIDENCE-001,cvd_2024_05,annual,2012,2012-01-01,2012,,,1,stroke,all,age_standardised,hospital_registered,hospital_only,not_applicable,observed,annual_age_standardised_rate,97.94087207971722,rate_per_100000,,,,,88.39975119212477,108.5138205677967,95,fay_feuer_gamma,,final,cvd_rates_v1_1_0,UN_WPP_2024,BRB,persons,2026-08-26,historical_estimate,WHO_WORLD_2000_2025,none,No disclosure restriction identified.,97.941
bnr_cvd_public_metric_v2,CVD-BURDEN-001,cvd_2024_05,annual,2012,2012-01-01,2012,,,1,stroke,all,all,national_estimate,additional_dco,inclusive,estimated,annual_count,,count,,,,,,,,,,final,cvd_rates_v1_1_0,not_applicable,BRB,not_applicable,not_applicable,not_applicable,not_applicable,secondary,Secondary suppression: protects a related confidential value.,*
bnr_cvd_public_metric_v2,CVD-INCIDENCE-001,cvd_2024_05,annual,2012,2012-01-01,2012,,,1,stroke,all,all,national_estimate,hospital_plus_dco,primary,estimated,annual_crude_rate,180.5461521101332,rate_per_100000,500,276937.5,154.1864139020537,270.4793765847572,165.0656111576187,197.0875264509758,95,conditional_gamma,,final,cvd_rates_v1_1_0,UN_WPP_2024,BRB,persons,2026-08-26,historical_estimate,WHO_WORLD_2000_2025,none,No disclosure restriction identified.,180.546
bnr_cvd_public_metric_v2,CVD-BURDEN-001,cvd_2024_05,quarterly,2012_q2,2012-04-01,2012,4,2,1,stroke,all,all,hospital_registered,hospital_only,not_applicable,observed,quarterly_same_quarter_previous_5yr_mean,,count,,,,,,,,,2,insufficient_history,,,,,,,,none,No disclosure restriction identified.,.
bnr_cvd_public_metric_v2,CVD-INCIDENCE-001,cvd_2024_05,annual,2012,2012-01-01,2012,,,1,stroke,all,age_standardised,national_estimate,hospital_plus_dco,inclusive,estimated,annual_age_standardised_rate,,rate_per_100000,,,,,,,95,conditional_fay_feuer_gamma,,final,cvd_rates_v1_1_0,UN_WPP_2024,BRB,persons,2026-08-26,historical_estimate,WHO_WORLD_2000_2025,secondary,Secondary suppression: protects a related confidential value.,*
bnr_cvd_public_metric_v2,CVD-BURDEN-001,cvd_2024_05,annual,2012,2012-01-01,2012,,,1,stroke,all,all,national_estimate,hospital_plus_dco,primary,estimated,annual_count,500,count,500,,427,749.0588235294118,,,,,,final,cvd_rates_v1_1_0,not_applicable,BRB,not_applicable,not_applicable,not_applicable,not_applicable,none,No disclosure restriction identified.,500.000
bnr_cvd_public_metric_v2,CVD-INCIDENCE-001,cvd_2024_05,annual,2012,2012-01-01,2012,,,1,stroke,all,all,hospital_registered,hospital_only,not_applicable,observed,annual_crude_rate,143.3536447754457,rate_per_100000,397,276937.5,,,129.597328522107,158.1727014368621,95,poisson_exact_garwood,,final,cvd_rates_v1_1_0,UN_WPP_2024,BRB,persons,2026-08-26,historical_estimate,WHO_WORLD_2000_2025,none,No disclosure restriction identified.,143.354
bnr_cvd_public_metric_v2,CVD-BURDEN-001,cvd_2024_05,annual,2012,2012-01-01,2012,,,1,stroke,all,all,national_estimate,additional_dco,primary,estimated,annual_count,103,count,103,,30,352.0588235294118,,,,,,final,cvd_rates_v1_1_0,not_applicable,BRB,not_applicable,not_applicable,not_applicable,not_applicable,none,No disclosure restriction identified.,103.000
bnr_cvd_public_metric_v2,CVD-BURDEN-001,cvd_2024_05,quarterly,2012_q4,2012-10-01,2012,10,4,1,stroke,all,all,hospital_registered,hospital_only,not_applicable,observed,quarterly_count,78,count,78,,,,,,,,,final,,,,,,,,none,No disclosure restriction identified.,78.000
bnr_cvd_public_metric_v2,CVD-BURDEN-002,cvd_2024_05,annual,2012,2012-01-01,2012,,,1,stroke,all,all,hospital_registered,hospital_only,not_applicable,observed,event_type_distribution,67.97945205479452,percent,397,584,,,,,,,,final,,,,,,,,none,No disclosure restriction identified.,67.979
bnr_cvd_public_metric_v2,CVD-BURDEN-001,cvd_2024_05,annual,2012,2012-01-01,2012,,,1,stroke,all,all,hospital_registered,hospital_only,not_applicable,observed,annual_count,397,count,397,,,,,,,,,final,,,,,,,,none,No disclosure restriction identified.,397.000
bnr_cvd_public_metric_v2,CVD-BURDEN-001,cvd_2024_05,quarterly,2012_q3,2012-07-01,2012,7,3,1,stroke,all,all,hospital_registered,hospital_only,not_applicable,observed,quarterly_count,103,count,103,,,,,,,,,final,,,,,,,,none,No disclosure restriction identified.,103.000
bnr_cvd_public_metric_v2,CVD-INCIDENCE-001,cvd_2024_05,annual,2012,2012-01-01,2012,,,1,stroke,all,all,national_estimate,hospital_plus_dco,inclusive,estimated,annual_crude_rate,,rate_per_100000,,,,,,,95,conditional_gamma,,final,cvd_rates_v1_1_0,UN_WPP_2024,BRB,persons,2026-08-26,historical_estimate,WHO_WORLD_2000_2025,secondary,Secondary suppression: protects a related confidential value.,*
bnr_cvd_public_metric_v2,CVD-BURDEN-001,cvd_2024_05,quarterly,2012_q3,2012-07-01,2012,7,3,1,stroke,female,all,hospital_registered,hospital_only,not_applicable,observed,quarterly_count,50,count,50,,,,,,,,,final,,,,,,,,none,No disclosure restriction identified.,50.000
bnr_cvd_public_metric_v2,CVD-BURDEN-001,cvd_2024_05,annual,2012,2012-01-01,2012,,,1,stroke,female,all,national_estimate,additional_dco,inclusive,estimated,annual_count,,count,,,,,,,,,,final,cvd_rates_v1_1_0,not_applicable,BRB,not_applicable,not_applicable,not_applicable,not_applicable,secondary,Secondary suppression: protects a related confidential value.,*
bnr_cvd_public_metric_v2,CVD-BURDEN-001,cvd_2024_05,annual,2012,2012-01-01,2012,,,1,stroke,female,all,national_estimate,hospital_plus_dco,inclusive,estimated,annual_count,,count,,,,,,,,,,final,cvd_rates_v1_1_0,not_applicable,BRB,not_applicable,not_applicable,not_applicable,not_applicable,secondary,Secondary suppression: protects a related confidential value.,*
bnr_cvd_public_metric_v2,CVD-BURDEN-001,cvd_2024_05,quarterly,2012_q4,2012-10-01,2012,10,4,1,stroke,female,all,hospital_registered,hospital_only,not_applicable,observed,quarterly_count,42,count,42,,,,,,,,,final,,,,,,,,none,No disclosure restriction identified.,42.000
bnr_cvd_public_metric_v2,CVD-INCIDENCE-001,cvd_2024_05,annual,2012,2012-01-01,2012,,,1,stroke,female,all,national_estimate,hospital_plus_dco,inclusive,estimated,annual_crude_rate,,rate_per_100000,,,,,,,95,conditional_gamma,,final,cvd_rates_v1_1_0,UN_WPP_2024,BRB,persons,2026-08-26,historical_estimate,WHO_WORLD_2000_2025,secondary,Secondary suppression: protects a related confidential value.,*
bnr_cvd_public_metric_v2,CVD-BURDEN-001,cvd_2024_05,annual,2012,2012-01-01,2012,,,1,stroke,female,all,hospital_registered,hospital_only,not_applicable,observed,annual_count,202,count,202,,,,,,,,,final,,,,,,,,none,No disclosure restriction identified.,202.000
bnr_cvd_public_metric_v2,CVD-INCIDENCE-001,cvd_2024_05,annual,2012,2012-01-01,2012,,,1,stroke,female,age_standardised,national_estimate,hospital_plus_dco,primary,estimated,annual_age_standardised_rate,103.7408951411659,rate_per_100000,,,89.98198897849431,150.6830455785162,91.08371547927814,118.3733694671567,95,conditional_fay_feuer_gamma,,final,cvd_rates_v1_1_0,UN_WPP_2024,BRB,persons,2026-08-26,historical_estimate,WHO_WORLD_2000_2025,none,No disclosure restriction identified.,103.741
bnr_cvd_public_metric_v2,CVD-BURDEN-001,cvd_2024_05,quarterly,2012_q2,2012-04-01,2012,4,2,1,stroke,female,all,hospital_registered,hospital_only,not_applicable,observed,quarterly_same_quarter_previous_5yr_mean,,count,,,,,,,,,2,insufficient_history,,,,,,,,none,No disclosure restriction identified.,.
bnr_cvd_public_metric_v2,CVD-BURDEN-002,cvd_2024_05,annual,2012,2012-01-01,2012,,,1,stroke,female,all,hospital_registered,hospital_only,not_applicable,observed,sex_distribution,50.88161209068011,percent,202,397,,,,,,,,final,,,,,,,,none,No disclosure restriction identified.,50.882
bnr_cvd_public_metric_v2,CVD-BURDEN-001,cvd_2024_05,quarterly,2012_q1,2012-01-01,2012,1,1,1,stroke,female,all,hospital_registered,hospital_only,not_applicable,observed,quarterly_count,42,count,42,,,,,,,,,final,,,,,,,,none,No disclosure restriction identified.,42.000
bnr_cvd_public_metric_v2,CVD-INCIDENCE-001,cvd_2024_05,annual,2012,2012-01-01,2012,,,1,stroke,female,all,hospital_registered,hospital_only,not_applicable,observed,annual_crude_rate,139.7754597194111,rate_per_100000,202,144517.5,,,121.163582453482,160.4372811192834,95,poisson_exact_garwood,,final,cvd_rates_v1_1_0,UN_WPP_2024,BRB,persons,2026-08-26,historical_estimate,WHO_WORLD_2000_2025,none,No disclosure restriction identified.,139.775
bnr_cvd_public_metric_v2,CVD-BURDEN-001,cvd_2024_05,annual,2012,2012-01-01,2012,,,1,stroke,female,all,national_estimate,additional_dco,primary,estimated,annual_count,54.93333333333333,count,54.93333333333333,,16,187.7647058823529,,,,,,final,cvd_rates_v1_1_0,not_applicable,BRB,not_applicable,not_applicable,not_applicable,not_applicable,none,No disclosure restriction identified.,54.933
bnr_cvd_public_metric_v2,CVD-BURDEN-001,cvd_2024_05,quarterly,2012_q1,2012-01-01,2012,1,1,1,stroke,female,all,hospital_registered,hospital_only,not_applicable,observed,quarterly_same_quarter_previous_5yr_mean,,count,,,,,,,,,2,insufficient_history,,,,,,,,none,No disclosure restriction identified.,.
bnr_cvd_public_metric_v2,CVD-BURDEN-001,cvd_2024_05,quarterly,2012_q3,2012-07-01,2012,7,3,1,stroke,female,all,hospital_registered,hospital_only,not_applicable,observed,quarterly_same_quarter_previous_5yr_mean,,count,,,,,,,,,2,insufficient_history,,,,,,,,none,No disclosure restriction identified.,.
bnr_cvd_public_metric_v2,CVD-BURDEN-001,cvd_2024_05,annual,2012,2012-01-01,2012,,,1,stroke,female,all,national_estimate,hospital_plus_dco,primary,estimated,annual_count,256.9333333333333,count,256.9333333333333,,218,389.7647058823529,,,,,,final,cvd_rates_v1_1_0,not_applicable,BRB,not_applicable,not_applicable,not_applicable,not_applicable,none,No disclosure restriction identified.,256.933
bnr_cvd_public_metric_v2,CVD-INCIDENCE-001,cvd_2024_05,annual,2012,2012-01-01,2012,,,1,stroke,female,age_standardised,national_estimate,hospital_plus_dco,inclusive,estimated,annual_age_standardised_rate,,rate_per_100000,,,,,,,95,conditional_fay_feuer_gamma,,final,cvd_rates_v1_1_0,UN_WPP_2024,BRB,persons,2026-08-26,historical_estimate,WHO_WORLD_2000_2025,secondary,Secondary suppression: protects a related confidential value.,*
bnr_cvd_public_metric_v2,CVD-INCIDENCE-001,cvd_2024_05,annual,2012,2012-01-01,2012,,,1,stroke,female,all,national_estimate,hospital_plus_dco,primary,estimated,annual_crude_rate,177.7870038807296,rate_per_100000,256.9333333333333,144517.5,150.8467832615427,269.7006977579552,156.7107119880895,200.9079443447607,95,conditional_gamma,,final,cvd_rates_v1_1_0,UN_WPP_2024,BRB,persons,2026-08-26,historical_estimate,WHO_WORLD_2000_2025,none,No disclosure restriction identified.,177.787
bnr_cvd_public_metric_v2,CVD-BURDEN-001,cvd_2024_05,quarterly,2012_q4,2012-10-01,2012,10,4,1,stroke,female,all,hospital_registered,hospital_only,not_applicable,observed,quarterly_same_quarter_previous_5yr_mean,,count,,,,,,,,,2,insufficient_history,,,,,,,,none,No disclosure restriction identified.,.
bnr_cvd_public_metric_v2,CVD-BURDEN-001,cvd_2024_05,quarterly,2012_q2,2012-04-01,2012,4,2,1,stroke,female,all,hospital_registered,hospital_only,not_applicable,observed,quarterly_count,68,count,68,,,,,,,,,final,,,,,,,,none,No disclosure restriction identified.,68.000
bnr_cvd_public_metric_v2,CVD-BURDEN-001,cvd_2024_05,annual,2012,2012-01-01,2012,,,1,stroke,female,all,hospital_registered,hospital_only,not_applicable,observed,annual_previous_5yr_mean,,count,,,,,,,,,2,insufficient_history,,,,,,,,none,No disclosure restriction identified.,.
bnr_cvd_public_metric_v2,CVD-INCIDENCE-001,cvd_2024_05,annual,2012,2012-01-01,2012,,,1,stroke,female,age_standardised,hospital_registered,hospital_only,not_applicable,observed,annual_age_standardised_rate,84.3276439801361,rate_per_100000,,,,,72.77950653994156,97.89199779565544,95,fay_feuer_gamma,,final,cvd_rates_v1_1_0,UN_WPP_2024,BRB,persons,2026-08-26,historical_estimate,WHO_WORLD_2000_2025,none,No disclosure restriction identified.,84.328
bnr_cvd_public_metric_v2,CVD-BURDEN-001,cvd_2024_05,quarterly,2012_q2,2012-04-01,2012,4,2,1,stroke,male,all,hospital_registered,hospital_only,not_applicable,observed,quarterly_same_quarter_previous_5yr_mean,,count,,,,,,,,,2,insufficient_history,,,,,,,,none,No disclosure restriction identified.,.
bnr_cvd_public_metric_v2,CVD-BURDEN-001,cvd_2024_05,quarterly,2012_q4,2012-10-01,2012,10,4,1,stroke,male,all,hospital_registered,hospital_only,not_applicable,observed,quarterly_count,36,count,36,,,,,,,,,final,,,,,,,,none,No disclosure restriction identified.,36.000
bnr_cvd_public_metric_v2,CVD-BURDEN-001,cvd_2024_05,annual,2012,2012-01-01,2012,,,1,stroke,male,all,hospital_registered,hospital_only,not_applicable,observed,annual_previous_5yr_mean,,count,,,,,,,,,2,insufficient_history,,,,,,,,none,No disclosure restriction identified.,.
bnr_cvd_public_metric_v2,CVD-BURDEN-001,cvd_2024_05,annual,2012,2012-01-01,2012,,,1,stroke,male,all,national_estimate,hospital_plus_dco,inclusive,estimated,annual_count,,count,,,,,,,,,,final,cvd_rates_v1_1_0,not_applicable,BRB,not_applicable,not_applicable,not_applicable,not_applicable,secondary,Secondary suppression: protects a related confidential value.,*
bnr_cvd_public_metric_v2,CVD-INCIDENCE-001,cvd_2024_05,annual,2012,2012-01-01,2012,,,1,stroke,male,all,hospital_registered,hospital_only,not_applicable,observed,annual_crude_rate,147.2587222473947,rate_per_100000,195,132420,,,127.3143764390156,169.4411948582238,95,poisson_exact_garwood,,final,cvd_rates_v1_1_0,UN_WPP_2024,BRB,persons,2026-08-26,historical_estimate,WHO_WORLD_2000_2025,none,No disclosure restriction identified.,147.259
bnr_cvd_public_metric_v2,CVD-BURDEN-001,cvd_2024_05,quarterly,2012_q4,2012-10-01,2012,10,4,1,stroke,male,all,hospital_registered,hospital_only,not_applicable,observed,quarterly_same_quarter_previous_5yr_mean,,count,,,,,,,,,2,insufficient_history,,,,,,,,none,No disclosure restriction identified.,.
bnr_cvd_public_metric_v2,CVD-INCIDENCE-001,cvd_2024_05,annual,2012,2012-01-01,2012,,,1,stroke,male,age_standardised,national_estimate,hospital_plus_dco,inclusive,estimated,annual_age_standardised_rate,,rate_per_100000,,,,,,,95,conditional_fay_feuer_gamma,,final,cvd_rates_v1_1_0,UN_WPP_2024,BRB,persons,2026-08-26,historical_estimate,WHO_WORLD_2000_2025,secondary,Secondary suppression: protects a related confidential value.,*
bnr_cvd_public_metric_v2,CVD-BURDEN-001,cvd_2024_05,annual,2012,2012-01-01,2012,,,1,stroke,male,all,hospital_registered,hospital_only,not_applicable,observed,annual_count,195,count,195,,,,,,,,,final,,,,,,,,none,No disclosure restriction identified.,195.000
bnr_cvd_public_metric_v2,CVD-BURDEN-001,cvd_2024_05,annual,2012,2012-01-01,2012,,,1,stroke,male,all,national_estimate,additional_dco,inclusive,estimated,annual_count,,count,,,,,,,,,,final,cvd_rates_v1_1_0,not_applicable,BRB,not_applicable,not_applicable,not_applicable,not_applicable,secondary,Secondary suppression: protects a related confidential value.,*
bnr_cvd_public_metric_v2,CVD-BURDEN-001,cvd_2024_05,annual,2012,2012-01-01,2012,,,1,stroke,male,all,national_estimate,hospital_plus_dco,primary,estimated,annual_count,243.0666666666667,count,243.0666666666667,,209,359.2941176470588,,,,,,final,cvd_rates_v1_1_0,not_applicable,BRB,not_applicable,not_applicable,not_applicable,not_applicable,none,No disclosure restriction identified.,243.067
bnr_cvd_public_metric_v2,CVD-BURDEN-001,cvd_2024_05,quarterly,2012_q2,2012-04-01,2012,4,2,1,stroke,male,all,hospital_registered,hospital_only,not_applicable,observed,quarterly_count,62,count,62,,,,,,,,,final,,,,,,,,none,No disclosure restriction identified.,62.000
bnr_cvd_public_metric_v2,CVD-INCIDENCE-001,cvd_2024_05,annual,2012,2012-01-01,2012,,,1,stroke,male,age_standardised,national_estimate,hospital_plus_dco,primary,estimated,annual_age_standardised_rate,142.6709655218263,rate_per_100000,,,123.1549068416855,209.2551657246596,125.1626499320964,164.4901462885472,95,conditional_fay_feuer_gamma,,final,cvd_rates_v1_1_0,UN_WPP_2024,BRB,persons,2026-08-26,historical_estimate,WHO_WORLD_2000_2025,none,No disclosure restriction identified.,142.671
bnr_cvd_public_metric_v2,CVD-INCIDENCE-001,cvd_2024_05,annual,2012,2012-01-01,2012,,,1,stroke,male,all,national_estimate,hospital_plus_dco,primary,estimated,annual_crude_rate,183.5573679705986,rate_per_100000,243.0666666666667,132420,157.831143331823,271.3291932087743,161.2049193289128,208.1425315851831,95,conditional_gamma,,final,cvd_rates_v1_1_0,UN_WPP_2024,BRB,persons,2026-08-26,historical_estimate,WHO_WORLD_2000_2025,none,No disclosure restriction identified.,183.557
bnr_cvd_public_metric_v2,CVD-INCIDENCE-001,cvd_2024_05,annual,2012,2012-01-01,2012,,,1,stroke,male,age_standardised,hospital_registered,hospital_only,not_applicable,observed,annual_age_standardised_rate,115.1346087539565,rate_per_100000,,,,,99.4286946322505,135.2328884677974,95,fay_feuer_gamma,,final,cvd_rates_v1_1_0,UN_WPP_2024,BRB,persons,2026-08-26,historical_estimate,WHO_WORLD_2000_2025,none,No disclosure restriction identified.,115.135
bnr_cvd_public_metric_v2,CVD-BURDEN-001,cvd_2024_05,quarterly,2012_q1,2012-01-01,2012,1,1,1,stroke,male,all,hospital_registered,hospital_only,not_applicable,observed,quarterly_count,44,count,44,,,,,,,,,final,,,,,,,,none,No disclosure restriction identified.,44.000
bnr_cvd_public_metric_v2,CVD-BURDEN-001,cvd_2024_05,quarterly,2012_q1,2012-01-01,2012,1,1,1,stroke,male,all,hospital_registered,hospital_only,not_applicable,observed,quarterly_same_quarter_previous_5yr_mean,,count,,,,,,,,,2,insufficient_history,,,,,,,,none,No disclosure restriction identified.,.
bnr_cvd_public_metric_v2,CVD-BURDEN-001,cvd_2024_05,quarterly,2012_q3,2012-07-01,2012,7,3,1,stroke,male,all,hospital_registered,hospital_only,not_applicable,observed,quarterly_same_quarter_previous_5yr_mean,,count,,,,,,,,,2,insufficient_history,,,,,,,,none,No disclosure restriction identified.,.
bnr_cvd_public_metric_v2,CVD-INCIDENCE-001,cvd_2024_05,annual,2012,2012-01-01,2012,,,1,stroke,male,all,national_estimate,hospital_plus_dco,inclusive,estimated,annual_crude_rate,,rate_per_100000,,,,,,,95,conditional_gamma,,final,cvd_rates_v1_1_0,UN_WPP_2024,BRB,persons,2026-08-26,historical_estimate,WHO_WORLD_2000_2025,secondary,Secondary suppression: protects a related confidential value.,*
bnr_cvd_public_metric_v2,CVD-BURDEN-002,cvd_2024_05,annual,2012,2012-01-01,2012,,,1,stroke,male,all,hospital_registered,hospital_only,not_applicable,observed,sex_distribution,49.1183879093199,percent,195,397,,,,,,,,final,,,,,,,,none,No disclosure restriction identified.,49.118
bnr_cvd_public_metric_v2,CVD-BURDEN-001,cvd_2024_05,annual,2012,2012-01-01,2012,,,1,stroke,male,all,national_estimate,additional_dco,primary,estimated,annual_count,48.06666666666666,count,48.06666666666666,,14,164.2941176470588,,,,,,final,cvd_rates_v1_1_0,not_applicable,BRB,not_applicable,not_applicable,not_applicable,not_applicable,none,No disclosure restriction identified.,48.067
bnr_cvd_public_metric_v2,CVD-BURDEN-001,cvd_2024_05,quarterly,2012_q3,2012-07-01,2012,7,3,1,stroke,male,all,hospital_registered,hospital_only,not_applicable,observed,quarterly_count,53,count,53,,,,,,,,,final,,,,,,,,none,No disclosure restriction identified.,53.000
bnr_cvd_public_metric_v2,CVD-BURDEN-001,cvd_2024_05,monthly,2013_m08,2013-08-01,2013,8,,1,all_cvd,all,all,hospital_registered,hospital_only,not_applicable,observed,monthly_count,52,count,52,,,,,,,,,final,,,,,,,,none,No disclosure restriction identified.,52.000
bnr_cvd_public_metric_v2,CVD-BURDEN-001,cvd_2024_05,annual,2013,2013-01-01,2013,,,1,all_cvd,all,all,national_estimate,hospital_plus_dco,inclusive,estimated,annual_count,780.7307692307692,count,780.7307692307692,,725,1139,,,,,,final,cvd_rates_v1_1_0,not_applicable,BRB,not_applicable,not_applicable,not_applicable,not_applicable,none,No disclosure restriction identified.,780.731
bnr_cvd_public_metric_v2,CVD-BURDEN-001,cvd_2024_05,annual,2013,2013-01-01,2013,,,1,all_cvd,all,all,hospital_registered,hospital_only,not_applicable,observed,annual_count,697,count,697,,,,,,,,,final,,,,,,,,none,No disclosure restriction identified.,697.000
bnr_cvd_public_metric_v2,CVD-BURDEN-001,cvd_2024_05,monthly,2013_m12,2013-12-01,2013,12,,1,all_cvd,all,all,hospital_registered,hospital_only,not_applicable,observed,monthly_count,59,count,59,,,,,,,,,final,,,,,,,,none,No disclosure restriction identified.,59.000
bnr_cvd_public_metric_v2,CVD-BURDEN-001,cvd_2024_05,monthly,2013_m02,2013-02-01,2013,2,,1,all_cvd,all,all,hospital_registered,hospital_only,not_applicable,observed,monthly_count,62,count,62,,,,,,,,,final,,,,,,,,none,No disclosure restriction identified.,62.000
bnr_cvd_public_metric_v2,CVD-BURDEN-001,cvd_2024_05,quarterly,2013_q2,2013-04-01,2013,4,2,1,all_cvd,all,all,hospital_registered,hospital_only,not_applicable,observed,quarterly_count,152,count,152,,,,,,,,,final,,,,,,,,none,No disclosure restriction identified.,152.000
bnr_cvd_public_metric_v2,CVD-BURDEN-001,cvd_2024_05,annual,2013,2013-01-01,2013,,,1,all_cvd,all,under_70,hospital_registered,hospital_only,not_applicable,observed,annual_previous_5yr_mean,,count,,,,,,,,,3,insufficient_history,,,,,,,,none,No disclosure restriction identified.,.
bnr_cvd_public_metric_v2,CVD-BURDEN-002,cvd_2024_05,annual,2013,2013-01-01,2013,,,1,all_cvd,all,under_70,hospital_registered,hospital_only,not_applicable,observed,age_distribution,49.92826398852224,percent,348,697,,,,,,,,final,,,,,,,,none,No disclosure restriction identified.,49.928
bnr_cvd_public_metric_v2,CVD-BURDEN-001,cvd_2024_05,monthly,2013_m04,2013-04-01,2013,4,,1,all_cvd,all,all,hospital_registered,hospital_only,not_applicable,observed,monthly_count,42,count,42,,,,,,,,,final,,,,,,,,none,No disclosure restriction identified.,42.000
bnr_cvd_public_metric_v2,CVD-BURDEN-001,cvd_2024_05,annual,2013,2013-01-01,2013,,,1,all_cvd,all,all,national_estimate,hospital_plus_dco,primary,estimated,annual_count,770.7354497354497,count,770.7354497354497,,723,1070,,,,,,final,cvd_rates_v1_1_0,not_applicable,BRB,not_applicable,not_applicable,not_applicable,not_applicable,none,No disclosure restriction identified.,770.735
bnr_cvd_public_metric_v2,CVD-BURDEN-001,cvd_2024_05,monthly,2013_m09,2013-09-01,2013,9,,1,all_cvd,all,all,hospital_registered,hospital_only,not_applicable,observed,monthly_count,50,count,50,,,,,,,,,final,,,,,,,,none,No disclosure restriction identified.,50.000
bnr_cvd_public_metric_v2,CVD-BURDEN-001,cvd_2024_05,annual,2013,2013-01-01,2013,,,1,all_cvd,all,age_70_plus,hospital_registered,hospital_only,not_applicable,observed,annual_previous_5yr_mean,,count,,,,,,,,,3,insufficient_history,,,,,,,,none,No disclosure restriction identified.,.
bnr_cvd_public_metric_v2,CVD-BURDEN-001,cvd_2024_05,annual,2013,2013-01-01,2013,,,1,all_cvd,all,under_70,hospital_registered,hospital_only,not_applicable,observed,annual_count,348,count,348,,,,,,,,,final,,,,,,,,none,No disclosure restriction identified.,348.000
bnr_cvd_public_metric_v2,CVD-BURDEN-001,cvd_2024_05,annual,2013,2013-01-01,2013,,,1,all_cvd,all,all,hospital_registered,hospital_only,not_applicable,observed,annual_previous_5yr_mean,,count,,,,,,,,,3,insufficient_history,,,,,,,,none,No disclosure restriction identified.,.
bnr_cvd_public_metric_v2,CVD-INCIDENCE-001,cvd_2024_05,annual,2013,2013-01-01,2013,,,1,all_cvd,all,age_standardised,hospital_registered,hospital_only,not_applicable,observed,annual_age_standardised_rate,172.0988657994062,rate_per_100000,,,,,159.3614750087969,185.8658673654437,95,fay_feuer_gamma,,final,cvd_rates_v1_1_0,UN_WPP_2024,BRB,persons,2026-08-26,historical_estimate,WHO_WORLD_2000_2025,none,No disclosure restriction identified.,172.099
bnr_cvd_public_metric_v2,CVD-BURDEN-001,cvd_2024_05,monthly,2013_m10,2013-10-01,2013,10,,1,all_cvd,all,all,hospital_registered,hospital_only,not_applicable,observed,monthly_count,61,count,61,,,,,,,,,final,,,,,,,,none,No disclosure restriction identified.,61.000
bnr_cvd_public_metric_v2,CVD-INCIDENCE-001,cvd_2024_05,annual,2013,2013-01-01,2013,,,1,all_cvd,all,all,national_estimate,hospital_plus_dco,primary,estimated,annual_crude_rate,277.5774583528532,rate_per_100000,770.7354497354497,277665,260.38571660094,385.3564547206166,258.3242203405949,297.8857162684287,95,conditional_gamma,,final,cvd_rates_v1_1_0,UN_WPP_2024,BRB,persons,2026-08-26,historical_estimate,WHO_WORLD_2000_2025,none,No disclosure restriction identified.,277.577
bnr_cvd_public_metric_v2,CVD-BURDEN-001,cvd_2024_05,quarterly,2013_q2,2013-04-01,2013,4,2,1,all_cvd,all,all,hospital_registered,hospital_only,not_applicable,observed,quarterly_same_quarter_previous_5yr_mean,,count,,,,,,,,,3,insufficient_history,,,,,,,,none,No disclosure restriction identified.,.
bnr_cvd_public_metric_v2,CVD-BURDEN-001,cvd_2024_05,quarterly,2013_q3,2013-07-01,2013,7,3,1,all_cvd,all,all,hospital_registered,hospital_only,not_applicable,observed,quarterly_same_quarter_previous_5yr_mean,,count,,,,,,,,,3,insufficient_history,,,,,,,,none,No disclosure restriction identified.,.
bnr_cvd_public_metric_v2,CVD-BURDEN-001,cvd_2024_05,monthly,2013_m05,2013-05-01,2013,5,,1,all_cvd,all,all,hospital_registered,hospital_only,not_applicable,observed,monthly_count,45,count,45,,,,,,,,,final,,,,,,,,none,No disclosure restriction identified.,45.000
bnr_cvd_public_metric_v2,CVD-BURDEN-001,cvd_2024_05,monthly,2013_m01,2013-01-01,2013,1,,1,all_cvd,all,all,hospital_registered,hospital_only,not_applicable,observed,monthly_count,79,count,79,,,,,,,,,final,,,,,,,,none,No disclosure restriction identified.,79.000
bnr_cvd_public_metric_v2,CVD-BURDEN-001,cvd_2024_05,quarterly,2013_q4,2013-10-01,2013,10,4,1,all_cvd,all,all,hospital_registered,hospital_only,not_applicable,observed,quarterly_same_quarter_previous_5yr_mean,,count,,,,,,,,,3,insufficient_history,,,,,,,,none,No disclosure restriction identified.,.
bnr_cvd_public_metric_v2,CVD-BURDEN-001,cvd_2024_05,quarterly,2013_q3,2013-07-01,2013,7,3,1,all_cvd,all,all,hospital_registered,hospital_only,not_applicable,observed,quarterly_count,170,count,170,,,,,,,,,final,,,,,,,,none,No disclosure restriction identified.,170.000
bnr_cvd_public_metric_v2,CVD-BURDEN-001,cvd_2024_05,annual,2013,2013-01-01,2013,,,1,all_cvd,all,age_70_plus,hospital_registered,hospital_only,not_applicable,observed,annual_count,349,count,349,,,,,,,,,final,,,,,,,,none,No disclosure restriction identified.,349.000
bnr_cvd_public_metric_v2,CVD-BURDEN-001,cvd_2024_05,annual,2013,2013-01-01,2013,,,1,all_cvd,all,all,national_estimate,additional_dco,inclusive,estimated,annual_count,83.73076923076921,count,83.73076923076921,,28,441.9999999999999,,,,,,final,cvd_rates_v1_1_0,not_applicable,BRB,not_applicable,not_applicable,not_applicable,not_applicable,none,No disclosure restriction identified.,83.731
bnr_cvd_public_metric_v2,CVD-BURDEN-001,cvd_2024_05,monthly,2013_m07,2013-07-01,2013,7,,1,all_cvd,all,all,hospital_registered,hospital_only,not_applicable,observed,monthly_count,68,count,68,,,,,,,,,final,,,,,,,,none,No disclosure restriction identified.,68.000
bnr_cvd_public_metric_v2,CVD-BURDEN-001,cvd_2024_05,monthly,2013_m11,2013-11-01,2013,11,,1,all_cvd,all,all,hospital_registered,hospital_only,not_applicable,observed,monthly_count,55,count,55,,,,,,,,,final,,,,,,,,none,No disclosure restriction identified.,55.000
bnr_cvd_public_metric_v2,CVD-INCIDENCE-001,cvd_2024_05,annual,2013,2013-01-01,2013,,,1,all_cvd,all,all,hospital_registered,hospital_only,not_applicable,observed,annual_crude_rate,251.0219148974483,rate_per_100000,697,277665,,,232.7297400974183,270.3697579799129,95,poisson_exact_garwood,,final,cvd_rates_v1_1_0,UN_WPP_2024,BRB,persons,2026-08-26,historical_estimate,WHO_WORLD_2000_2025,none,No disclosure restriction identified.,251.022
bnr_cvd_public_metric_v2,CVD-BURDEN-001,cvd_2024_05,monthly,2013_m06,2013-06-01,2013,6,,1,all_cvd,all,all,hospital_registered,hospital_only,not_applicable,observed,monthly_count,65,count,65,,,,,,,,,final,,,,,,,,none,No disclosure restriction identified.,65.000
bnr_cvd_public_metric_v2,CVD-BURDEN-001,cvd_2024_05,monthly,2013_m03,2013-03-01,2013,3,,1,all_cvd,all,all,hospital_registered,hospital_only,not_applicable,observed,monthly_count,59,count,59,,,,,,,,,final,,,,,,,,none,No disclosure restriction identified.,59.000
bnr_cvd_public_metric_v2,CVD-INCIDENCE-001,cvd_2024_05,annual,2013,2013-01-01,2013,,,1,all_cvd,all,age_standardised,national_estimate,hospital_plus_dco,primary,estimated,annual_age_standardised_rate,189.4113120038085,rate_per_100000,,,178.2034410468541,259.6760414647152,176.0668474323376,203.7814138416408,95,conditional_fay_feuer_gamma,,final,cvd_rates_v1_1_0,UN_WPP_2024,BRB,persons,2026-08-26,historical_estimate,WHO_WORLD_2000_2025,none,No disclosure restriction identified.,189.411
bnr_cvd_public_metric_v2,CVD-BURDEN-001,cvd_2024_05,annual,2013,2013-01-01,2013,,,1,all_cvd,all,all,national_estimate,additional_dco,primary,estimated,annual_count,73.73544973544973,count,73.73544973544973,,26,373,,,,,,final,cvd_rates_v1_1_0,not_applicable,BRB,not_applicable,not_applicable,not_applicable,not_applicable,none,No disclosure restriction identified.,73.735
bnr_cvd_public_metric_v2,CVD-BURDEN-001,cvd_2024_05,quarterly,2013_q4,2013-10-01,2013,10,4,1,all_cvd,all,all,hospital_registered,hospital_only,not_applicable,observed,quarterly_count,175,count,175,,,,,,,,,final,,,,,,,,none,No disclosure restriction identified.,175.000
bnr_cvd_public_metric_v2,CVD-BURDEN-002,cvd_2024_05,annual,2013,2013-01-01,2013,,,1,all_cvd,all,age_70_plus,hospital_registered,hospital_only,not_applicable,observed,age_distribution,50.07173601147776,percent,349,697,,,,,,,,final,,,,,,,,none,No disclosure restriction identified.,50.072
bnr_cvd_public_metric_v2,CVD-BURDEN-001,cvd_2024_05,quarterly,2013_q1,2013-01-01,2013,1,1,1,all_cvd,all,all,hospital_registered,hospital_only,not_applicable,observed,quarterly_count,200,count,200,,,,,,,,,final,,,,,,,,none,No disclosure restriction identified.,200.000
bnr_cvd_public_metric_v2,CVD-INCIDENCE-001,cvd_2024_05,annual,2013,2013-01-01,2013,,,1,all_cvd,all,all,national_estimate,hospital_plus_dco,inclusive,estimated,annual_crude_rate,281.1772348804383,rate_per_100000,780.7307692307692,277665,261.1060090396701,410.2065438568059,261.797322890735,301.6120859985331,95,conditional_gamma,,final,cvd_rates_v1_1_0,UN_WPP_2024,BRB,persons,2026-08-26,historical_estimate,WHO_WORLD_2000_2025,none,No disclosure restriction identified.,281.177
bnr_cvd_public_metric_v2,CVD-INCIDENCE-001,cvd_2024_05,annual,2013,2013-01-01,2013,,,1,all_cvd,all,age_standardised,national_estimate,hospital_plus_dco,inclusive,estimated,annual_age_standardised_rate,192.1306180347474,rate_per_100000,,,178.7975868041506,277.8429616600129,178.675644924823,206.6118944991229,95,conditional_fay_feuer_gamma,,final,cvd_rates_v1_1_0,UN_WPP_2024,BRB,persons,2026-08-26,historical_estimate,WHO_WORLD_2000_2025,none,No disclosure restriction identified.,192.131
bnr_cvd_public_metric_v2,CVD-BURDEN-001,cvd_2024_05,quarterly,2013_q1,2013-01-01,2013,1,1,1,all_cvd,all,all,hospital_registered,hospital_only,not_applicable,observed,quarterly_same_quarter_previous_5yr_mean,,count,,,,,,,,,3,insufficient_history,,,,,,,,none,No disclosure restriction identified.,.
bnr_cvd_public_metric_v2,CVD-INCIDENCE-001,cvd_2024_05,annual,2013,2013-01-01,2013,,,1,all_cvd,female,age_standardised,national_estimate,hospital_plus_dco,inclusive,estimated,annual_age_standardised_rate,168.4654368808667,rate_per_100000,,,152.5220181939418,270.9588427253832,151.9443037351595,186.987244816211,95,conditional_fay_feuer_gamma,,final,cvd_rates_v1_1_0,UN_WPP_2024,BRB,persons,2026-08-26,historical_estimate,WHO_WORLD_2000_2025,none,No disclosure restriction identified.,168.465
bnr_cvd_public_metric_v2,CVD-BURDEN-001,cvd_2024_05,annual,2013,2013-01-01,2013,,,1,all_cvd,female,all,national_estimate,hospital_plus_dco,primary,estimated,annual_count,393.047619047619,count,393.047619047619,,360,600.2307692307693,,,,,,final,cvd_rates_v1_1_0,not_applicable,BRB,not_applicable,not_applicable,not_applicable,not_applicable,none,No disclosure restriction identified.,393.048
bnr_cvd_public_metric_v2,CVD-BURDEN-001,cvd_2024_05,annual,2013,2013-01-01,2013,,,1,all_cvd,female,all,hospital_registered,hospital_only,not_applicable,observed,annual_previous_5yr_mean,,count,,,,,,,,,3,insufficient_history,,,,,,,,none,No disclosure restriction identified.,.
bnr_cvd_public_metric_v2,CVD-BURDEN-001,cvd_2024_05,quarterly,2013_q3,2013-07-01,2013,7,3,1,all_cvd,female,all,hospital_registered,hospital_only,not_applicable,observed,quarterly_same_quarter_previous_5yr_mean,,count,,,,,,,,,3,insufficient_history,,,,,,,,none,No disclosure restriction identified.,.
bnr_cvd_public_metric_v2,CVD-INCIDENCE-001,cvd_2024_05,annual,2013,2013-01-01,2013,,,1,all_cvd,female,all,national_estimate,hospital_plus_dco,primary,estimated,annual_crude_rate,271.3648891181496,rate_per_100000,393.047619047619,144841,248.5484082545688,414.4066729936753,245.1972451997759,299.5646714764118,95,conditional_gamma,,final,cvd_rates_v1_1_0,UN_WPP_2024,BRB,persons,2026-08-26,historical_estimate,WHO_WORLD_2000_2025,none,No disclosure restriction identified.,271.365
bnr_cvd_public_metric_v2,CVD-BURDEN-001,cvd_2024_05,quarterly,2013_q2,2013-04-01,2013,4,2,1,all_cvd,female,all,hospital_registered,hospital_only,not_applicable,observed,quarterly_same_quarter_previous_5yr_mean,,count,,,,,,,,,3,insufficient_history,,,,,,,,none,No disclosure restriction identified.,.
bnr_cvd_public_metric_v2,CVD-BURDEN-001,cvd_2024_05,annual,2013,2013-01-01,2013,,,1,all_cvd,female,all,hospital_registered,hospital_only,not_applicable,observed,annual_count,342,count,342,,,,,,,,,final,,,,,,,,none,No disclosure restriction identified.,342.000
bnr_cvd_public_metric_v2,CVD-BURDEN-001,cvd_2024_05,quarterly,2013_q1,2013-01-01,2013,1,1,1,all_cvd,female,all,hospital_registered,hospital_only,not_applicable,observed,quarterly_same_quarter_previous_5yr_mean,,count,,,,,,,,,3,insufficient_history,,,,,,,,none,No disclosure restriction identified.,.
bnr_cvd_public_metric_v2,CVD-BURDEN-001,cvd_2024_05,quarterly,2013_q4,2013-10-01,2013,10,4,1,all_cvd,female,all,hospital_registered,hospital_only,not_applicable,observed,quarterly_count,78,count,78,,,,,,,,,final,,,,,,,,none,No disclosure restriction identified.,78.000
bnr_cvd_public_metric_v2,CVD-BURDEN-001,cvd_2024_05,annual,2013,2013-01-01,2013,,,1,all_cvd,female,all,national_estimate,hospital_plus_dco,inclusive,estimated,annual_count,401.8076923076923,count,401.8076923076923,,362,657.7142857142857,,,,,,final,cvd_rates_v1_1_0,not_applicable,BRB,not_applicable,not_applicable,not_applicable,not_applicable,none,No disclosure restriction identified.,401.808
bnr_cvd_public_metric_v2,CVD-INCIDENCE-001,cvd_2024_05,annual,2013,2013-01-01,2013,,,1,all_cvd,female,age_standardised,national_estimate,hospital_plus_dco,primary,estimated,annual_age_standardised_rate,164.1370098000191,rate_per_100000,,,151.4318821263705,243.7883871386625,147.8858241804414,182.385570269389,95,conditional_fay_feuer_gamma,,final,cvd_rates_v1_1_0,UN_WPP_2024,BRB,persons,2026-08-26,historical_estimate,WHO_WORLD_2000_2025,none,No disclosure restriction identified.,164.137
bnr_cvd_public_metric_v2,CVD-BURDEN-001,cvd_2024_05,quarterly,2013_q4,2013-10-01,2013,10,4,1,all_cvd,female,all,hospital_registered,hospital_only,not_applicable,observed,quarterly_same_quarter_previous_5yr_mean,,count,,,,,,,,,3,insufficient_history,,,,,,,,none,No disclosure restriction identified.,.
bnr_cvd_public_metric_v2,CVD-BURDEN-002,cvd_2024_05,annual,2013,2013-01-01,2013,,,1,all_cvd,female,all,hospital_registered,hospital_only,not_applicable,observed,sex_distribution,49.06743185078909,percent,342,697,,,,,,,,final,,,,,,,,none,No disclosure restriction identified.,49.067
bnr_cvd_public_metric_v2,CVD-BURDEN-001,cvd_2024_05,annual,2013,2013-01-01,2013,,,1,all_cvd,female,all,national_estimate,additional_dco,primary,estimated,annual_count,51.04761904761905,count,51.04761904761905,,18,258.2307692307692,,,,,,final,cvd_rates_v1_1_0,not_applicable,BRB,not_applicable,not_applicable,not_applicable,not_applicable,none,No disclosure restriction identified.,51.048
bnr_cvd_public_metric_v2,CVD-INCIDENCE-001,cvd_2024_05,annual,2013,2013-01-01,2013,,,1,all_cvd,female,all,national_estimate,hospital_plus_dco,inclusive,estimated,annual_crude_rate,277.4129509653291,rate_per_100000,401.8076923076923,144841,249.929232744872,454.0939966682677,250.9479325084311,305.9097394647674,95,conditional_gamma,,final,cvd_rates_v1_1_0,UN_WPP_2024,BRB,persons,2026-08-26,historical_estimate,WHO_WORLD_2000_2025,none,No disclosure restriction identified.,277.413
bnr_cvd_public_metric_v2,CVD-BURDEN-001,cvd_2024_05,quarterly,2013_q2,2013-04-01,2013,4,2,1,all_cvd,female,all,hospital_registered,hospital_only,not_applicable,observed,quarterly_count,69,count,69,,,,,,,,,final,,,,,,,,none,No disclosure restriction identified.,69.000
bnr_cvd_public_metric_v2,CVD-BURDEN-001,cvd_2024_05,quarterly,2013_q1,2013-01-01,2013,1,1,1,all_cvd,female,all,hospital_registered,hospital_only,not_applicable,observed,quarterly_count,102,count,102,,,,,,,,,final,,,,,,,,none,No disclosure restriction identified.,102.000
bnr_cvd_public_metric_v2,CVD-INCIDENCE-001,cvd_2024_05,annual,2013,2013-01-01,2013,,,1,all_cvd,female,age_standardised,hospital_registered,hospital_only,not_applicable,observed,annual_age_standardised_rate,144.5117981773226,rate_per_100000,,,,,129.2205193836504,161.8160803392587,95,fay_feuer_gamma,,final,cvd_rates_v1_1_0,UN_WPP_2024,BRB,persons,2026-08-26,historical_estimate,WHO_WORLD_2000_2025,none,No disclosure restriction identified.,144.512
bnr_cvd_public_metric_v2,CVD-BURDEN-001,cvd_2024_05,quarterly,2013_q3,2013-07-01,2013,7,3,1,all_cvd,female,all,hospital_registered,hospital_only,not_applicable,observed,quarterly_count,93,count,93,,,,,,,,,final,,,,,,,,none,No disclosure restriction identified.,93.000
bnr_cvd_public_metric_v2,CVD-BURDEN-001,cvd_2024_05,annual,2013,2013-01-01,2013,,,1,all_cvd,female,all,national_estimate,additional_dco,inclusive,estimated,annual_count,59.80769230769229,count,59.80769230769229,,20,315.7142857142857,,,,,,final,cvd_rates_v1_1_0,not_applicable,BRB,not_applicable,not_applicable,not_applicable,not_applicable,none,No disclosure restriction identified.,59.808
bnr_cvd_public_metric_v2,CVD-INCIDENCE-001,cvd_2024_05,annual,2013,2013-01-01,2013,,,1,all_cvd,female,all,hospital_registered,hospital_only,not_applicable,observed,annual_crude_rate,236.1209878418404,rate_per_100000,342,144841,,,211.7564491374437,262.5200844546992,95,poisson_exact_garwood,,final,cvd_rates_v1_1_0,UN_WPP_2024,BRB,persons,2026-08-26,historical_estimate,WHO_WORLD_2000_2025,none,No disclosure restriction identified.,236.121
bnr_cvd_public_metric_v2,CVD-BURDEN-001,cvd_2024_05,quarterly,2013_q2,2013-04-01,2013,4,2,1,all_cvd,male,all,hospital_registered,hospital_only,not_applicable,observed,quarterly_count,83,count,83,,,,,,,,,final,,,,,,,,none,No disclosure restriction identified.,83.000
bnr_cvd_public_metric_v2,CVD-INCIDENCE-001,cvd_2024_05,annual,2013,2013-01-01,2013,,,1,all_cvd,male,age_standardised,national_estimate,hospital_plus_dco,inclusive,estimated,annual_age_standardised_rate,224.34713198747,rate_per_100000,,,213.6879231909225,292.8706171081323,201.881478602826,251.0139960580274,95,conditional_fay_feuer_gamma,,final,cvd_rates_v1_1_0,UN_WPP_2024,BRB,persons,2026-08-26,historical_estimate,WHO_WORLD_2000_2025,none,No disclosure restriction identified.,224.347
bnr_cvd_public_metric_v2,CVD-INCIDENCE-001,cvd_2024_05,annual,2013,2013-01-01,2013,,,1,all_cvd,male,age_standardised,hospital_registered,hospital_only,not_applicable,observed,annual_age_standardised_rate,208.3325719114977,rate_per_100000,,,,,186.8640042888371,234.0092616411146,95,fay_feuer_gamma,,final,cvd_rates_v1_1_0,UN_WPP_2024,BRB,persons,2026-08-26,historical_estimate,WHO_WORLD_2000_2025,none,No disclosure restriction identified.,208.333
bnr_cvd_public_metric_v2,CVD-BURDEN-001,cvd_2024_05,annual,2013,2013-01-01,2013,,,1,all_cvd,male,all,hospital_registered,hospital_only,not_applicable,observed,annual_previous_5yr_mean,,count,,,,,,,,,3,insufficient_history,,,,,,,,none,No disclosure restriction identified.,.
bnr_cvd_public_metric_v2,CVD-INCIDENCE-001,cvd_2024_05,annual,2013,2013-01-01,2013,,,1,all_cvd,male,all,national_estimate,hospital_plus_dco,inclusive,estimated,annual_crude_rate,285.2820852579932,rate_per_100000,378.9230769230769,132824,273.2939830151178,362.3484568193356,257.2775439894307,315.5032955203113,95,conditional_gamma,,final,cvd_rates_v1_1_0,UN_WPP_2024,BRB,persons,2026-08-26,historical_estimate,WHO_WORLD_2000_2025,none,No disclosure restriction identified.,285.282
bnr_cvd_public_metric_v2,CVD-BURDEN-001,cvd_2024_05,quarterly,2013_q2,2013-04-01,2013,4,2,1,all_cvd,male,all,hospital_registered,hospital_only,not_applicable,observed,quarterly_same_quarter_previous_5yr_mean,,count,,,,,,,,,3,insufficient_history,,,,,,,,none,No disclosure restriction identified.,.
bnr_cvd_public_metric_v2,CVD-INCIDENCE-001,cvd_2024_05,annual,2013,2013-01-01,2013,,,1,all_cvd,male,all,hospital_registered,hospital_only,not_applicable,observed,annual_crude_rate,267.2709751249774,rate_per_100000,355,132824,,,240.1881674372891,296.5716881961348,95,poisson_exact_garwood,,final,cvd_rates_v1_1_0,UN_WPP_2024,BRB,persons,2026-08-26,historical_estimate,WHO_WORLD_2000_2025,none,No disclosure restriction identified.,267.271
bnr_cvd_public_metric_v2,CVD-BURDEN-001,cvd_2024_05,annual,2013,2013-01-01,2013,,,1,all_cvd,male,all,national_estimate,hospital_plus_dco,inclusive,estimated,annual_count,378.9230769230769,count,378.9230769230769,,363,481.2857142857143,,,,,,final,cvd_rates_v1_1_0,not_applicable,BRB,not_applicable,not_applicable,not_applicable,not_applicable,none,No disclosure restriction identified.,378.923
bnr_cvd_public_metric_v2,CVD-BURDEN-001,cvd_2024_05,quarterly,2013_q3,2013-07-01,2013,7,3,1,all_cvd,male,all,hospital_registered,hospital_only,not_applicable,observed,quarterly_same_quarter_previous_5yr_mean,,count,,,,,,,,,3,insufficient_history,,,,,,,,none,No disclosure restriction identified.,.
bnr_cvd_public_metric_v2,CVD-BURDEN-001,cvd_2024_05,quarterly,2013_q4,2013-10-01,2013,10,4,1,all_cvd,male,all,hospital_registered,hospital_only,not_applicable,observed,quarterly_count,97,count,97,,,,,,,,,final,,,,,,,,none,No disclosure restriction identified.,97.000
bnr_cvd_public_metric_v2,CVD-BURDEN-001,cvd_2024_05,annual,2013,2013-01-01,2013,,,1,all_cvd,male,all,national_estimate,additional_dco,primary,estimated,annual_count,22.68783068783069,count,22.68783068783069,,8,114.7692307692308,,,,,,final,cvd_rates_v1_1_0,not_applicable,BRB,not_applicable,not_applicable,not_applicable,not_applicable,none,No disclosure restriction identified.,22.688
bnr_cvd_public_metric_v2,CVD-BURDEN-001,cvd_2024_05,quarterly,2013_q1,2013-01-01,2013,1,1,1,all_cvd,male,all,hospital_registered,hospital_only,not_applicable,observed,quarterly_count,98,count,98,,,,,,,,,final,,,,,,,,none,No disclosure restriction identified.,98.000
bnr_cvd_public_metric_v2,CVD-BURDEN-001,cvd_2024_05,annual,2013,2013-01-01,2013,,,1,all_cvd,male,all,hospital_registered,hospital_only,not_applicable,observed,annual_count,355,count,355,,,,,,,,,final,,,,,,,,none,No disclosure restriction identified.,355.000
bnr_cvd_public_metric_v2,CVD-BURDEN-001,cvd_2024_05,quarterly,2013_q4,2013-10-01,2013,10,4,1,all_cvd,male,all,hospital_registered,hospital_only,not_applicable,observed,quarterly_same_quarter_previous_5yr_mean,,count,,,,,,,,,3,insufficient_history,,,,,,,,none,No disclosure restriction identified.,.
bnr_cvd_public_metric_v2,CVD-BURDEN-001,cvd_2024_05,annual,2013,2013-01-01,2013,,,1,all_cvd,male,all,national_estimate,additional_dco,inclusive,estimated,annual_count,23.92307692307692,count,23.92307692307692,,8,126.2857142857143,,,,,,final,cvd_rates_v1_1_0,not_applicable,BRB,not_applicable,not_applicable,not_applicable,not_applicable,none,No disclosure restriction identified.,23.923
bnr_cvd_public_metric_v2,CVD-BURDEN-001,cvd_2024_05,quarterly,2013_q3,2013-07-01,2013,7,3,1,all_cvd,male,all,hospital_registered,hospital_only,not_applicable,observed,quarterly_count,77,count,77,,,,,,,,,final,,,,,,,,none,No disclosure restriction identified.,77.000
bnr_cvd_public_metric_v2,CVD-BURDEN-001,cvd_2024_05,annual,2013,2013-01-01,2013,,,1,all_cvd,male,all,national_estimate,hospital_plus_dco,primary,estimated,annual_count,377.6878306878307,count,377.6878306878307,,363,469.7692307692308,,,,,,final,cvd_rates_v1_1_0,not_applicable,BRB,not_applicable,not_applicable,not_applicable,not_applicable,none,No disclosure restriction identified.,377.688
bnr_cvd_public_metric_v2,CVD-INCIDENCE-001,cvd_2024_05,annual,2013,2013-01-01,2013,,,1,all_cvd,male,age_standardised,national_estimate,hospital_plus_dco,primary,estimated,annual_age_standardised_rate,223.5202347991786,rate_per_100000,,,213.6879231909224,285.161265266323,201.1050192343563,250.137002752909,95,conditional_fay_feuer_gamma,,final,cvd_rates_v1_1_0,UN_WPP_2024,BRB,persons,2026-08-26,historical_estimate,WHO_WORLD_2000_2025,none,No disclosure restriction identified.,223.520
bnr_cvd_public_metric_v2,CVD-BURDEN-001,cvd_2024_05,quarterly,2013_q1,2013-01-01,2013,1,1,1,all_cvd,male,all,hospital_registered,hospital_only,not_applicable,observed,quarterly_same_quarter_previous_5yr_mean,,count,,,,,,,,,3,insufficient_history,,,,,,,,none,No disclosure restriction identified.,.
bnr_cvd_public_metric_v2,CVD-BURDEN-002,cvd_2024_05,annual,2013,2013-01-01,2013,,,1,all_cvd,male,all,hospital_registered,hospital_only,not_applicable,observed,sex_distribution,50.9325681492109,percent,355,697,,,,,,,,final,,,,,,,,none,No disclosure restriction identified.,50.933
bnr_cvd_public_metric_v2,CVD-INCIDENCE-001,cvd_2024_05,annual,2013,2013-01-01,2013,,,1,all_cvd,male,all,national_estimate,hospital_plus_dco,primary,estimated,annual_crude_rate,284.3520980303489,rate_per_100000,377.6878306878307,132824,273.2939830151178,353.6779729335292,256.3944241082243,314.5265019122818,95,conditional_gamma,,final,cvd_rates_v1_1_0,UN_WPP_2024,BRB,persons,2026-08-26,historical_estimate,WHO_WORLD_2000_2025,none,No disclosure restriction identified.,284.352
bnr_cvd_public_metric_v2,CVD-BURDEN-001,cvd_2024_05,annual,2013,2013-01-01,2013,,,1,heart,all,all,national_estimate,hospital_plus_dco,primary,estimated,annual_count,172.8518518518518,count,172.8518518518518,,160,253.4230769230769,,,,,,final,cvd_rates_v1_1_0,not_applicable,BRB,not_applicable,not_applicable,not_applicable,not_applicable,none,No disclosure restriction identified.,172.852
bnr_cvd_public_metric_v2,CVD-BURDEN-001,cvd_2024_05,quarterly,2013_q3,2013-07-01,2013,7,3,1,heart,all,all,hospital_registered,hospital_only,not_applicable,observed,quarterly_count,39,count,39,,,,,,,,,final,,,,,,,,none,No disclosure restriction identified.,39.000
bnr_cvd_public_metric_v2,CVD-BURDEN-001,cvd_2024_05,annual,2013,2013-01-01,2013,,,1,heart,all,all,hospital_registered,hospital_only,not_applicable,observed,annual_previous_5yr_mean,,count,,,,,,,,,3,insufficient_history,,,,,,,,none,No disclosure restriction identified.,.
bnr_cvd_public_metric_v2,CVD-BURDEN-001,cvd_2024_05,annual,2013,2013-01-01,2013,,,1,heart,all,all,national_estimate,hospital_plus_dco,inclusive,estimated,annual_count,176.9230769230769,count,176.9230769230769,,161,279.2857142857143,,,,,,final,cvd_rates_v1_1_0,not_applicable,BRB,not_applicable,not_applicable,not_applicable,not_applicable,none,No disclosure restriction identified.,176.923
bnr_cvd_public_metric_v2,CVD-BURDEN-001,cvd_2024_05,quarterly,2013_q2,2013-04-01,2013,4,2,1,heart,all,all,hospital_registered,hospital_only,not_applicable,observed,quarterly_count,37,count,37,,,,,,,,,final,,,,,,,,none,No disclosure restriction identified.,37.000
bnr_cvd_public_metric_v2,CVD-BURDEN-001,cvd_2024_05,quarterly,2013_q1,2013-01-01,2013,1,1,1,heart,all,all,hospital_registered,hospital_only,not_applicable,observed,quarterly_count,43,count,43,,,,,,,,,final,,,,,,,,none,No disclosure restriction identified.,43.000
bnr_cvd_public_metric_v2,CVD-INCIDENCE-001,cvd_2024_05,annual,2013,2013-01-01,2013,,,1,heart,all,all,national_estimate,hospital_plus_dco,primary,estimated,annual_crude_rate,62.25194095469427,rate_per_100000,172.8518518518518,277665,57.62339509840995,91.26936305370749,53.31727567462772,72.25551559910913,95,conditional_gamma,,final,cvd_rates_v1_1_0,UN_WPP_2024,BRB,persons,2026-08-26,historical_estimate,WHO_WORLD_2000_2025,none,No disclosure restriction identified.,62.252
bnr_cvd_public_metric_v2,CVD-BURDEN-001,cvd_2024_05,quarterly,2013_q1,2013-01-01,2013,1,1,1,heart,all,all,hospital_registered,hospital_only,not_applicable,observed,quarterly_same_quarter_previous_5yr_mean,,count,,,,,,,,,3,insufficient_history,,,,,,,,none,No disclosure restriction identified.,.
bnr_cvd_public_metric_v2,CVD-BURDEN-002,cvd_2024_05,annual,2013,2013-01-01,2013,,,1,heart,all,all,hospital_registered,hospital_only,not_applicable,observed,event_type_distribution,21.95121951219512,percent,153,697,,,,,,,,final,,,,,,,,none,No disclosure restriction identified.,21.951
bnr_cvd_public_metric_v2,CVD-BURDEN-001,cvd_2024_05,quarterly,2013_q4,2013-10-01,2013,10,4,1,heart,all,all,hospital_registered,hospital_only,not_applicable,observed,quarterly_same_quarter_previous_5yr_mean,,count,,,,,,,,,3,insufficient_history,,,,,,,,none,No disclosure restriction identified.,.
bnr_cvd_public_metric_v2,CVD-BURDEN-001,cvd_2024_05,annual,2013,2013-01-01,2013,,,1,heart,all,all,national_estimate,additional_dco,inclusive,estimated,annual_count,23.92307692307692,count,23.92307692307692,,8,126.2857142857143,,,,,,final,cvd_rates_v1_1_0,not_applicable,BRB,not_applicable,not_applicable,not_applicable,not_applicable,none,No disclosure restriction identified.,23.923
bnr_cvd_public_metric_v2,CVD-BURDEN-001,cvd_2024_05,annual,2013,2013-01-01,2013,,,1,heart,all,all,national_estimate,additional_dco,primary,estimated,annual_count,19.85185185185185,count,19.85185185185185,,7,100.4230769230769,,,,,,final,cvd_rates_v1_1_0,not_applicable,BRB,not_applicable,not_applicable,not_applicable,not_applicable,none,No disclosure restriction identified.,19.852
bnr_cvd_public_metric_v2,CVD-BURDEN-001,cvd_2024_05,annual,2013,2013-01-01,2013,,,1,heart,all,all,hospital_registered,hospital_only,not_applicable,observed,annual_count,153,count,153,,,,,,,,,final,,,,,,,,none,No disclosure restriction identified.,153.000
bnr_cvd_public_metric_v2,CVD-INCIDENCE-001,cvd_2024_05,annual,2013,2013-01-01,2013,,,1,heart,all,age_standardised,hospital_registered,hospital_only,not_applicable,observed,annual_age_standardised_rate,38.48739354638426,rate_per_100000,,,,,32.54648671336497,45.50961495668341,95,fay_feuer_gamma,,final,cvd_rates_v1_1_0,UN_WPP_2024,BRB,persons,2026-08-26,historical_estimate,WHO_WORLD_2000_2025,none,No disclosure restriction identified.,38.487
bnr_cvd_public_metric_v2,CVD-BURDEN-001,cvd_2024_05,quarterly,2013_q4,2013-10-01,2013,10,4,1,heart,all,all,hospital_registered,hospital_only,not_applicable,observed,quarterly_count,34,count,34,,,,,,,,,final,,,,,,,,none,No disclosure restriction identified.,34.000
bnr_cvd_public_metric_v2,CVD-INCIDENCE-001,cvd_2024_05,annual,2013,2013-01-01,2013,,,1,heart,all,all,national_estimate,hospital_plus_dco,inclusive,estimated,annual_crude_rate,63.71817727228023,rate_per_100000,176.9230769230769,277665,57.98354131777501,100.5836941226709,54.67480585352612,73.8301547755664,95,conditional_gamma,,final,cvd_rates_v1_1_0,UN_WPP_2024,BRB,persons,2026-08-26,historical_estimate,WHO_WORLD_2000_2025,none,No disclosure restriction identified.,63.718
bnr_cvd_public_metric_v2,CVD-BURDEN-001,cvd_2024_05,quarterly,2013_q2,2013-04-01,2013,4,2,1,heart,all,all,hospital_registered,hospital_only,not_applicable,observed,quarterly_same_quarter_previous_5yr_mean,,count,,,,,,,,,3,insufficient_history,,,,,,,,none,No disclosure restriction identified.,.
bnr_cvd_public_metric_v2,CVD-INCIDENCE-001,cvd_2024_05,annual,2013,2013-01-01,2013,,,1,heart,all,all,hospital_registered,hospital_only,not_applicable,observed,annual_crude_rate,55.10237156285452,rate_per_100000,153,277665,,,46.71715025362565,64.5581488856653,95,poisson_exact_garwood,,final,cvd_rates_v1_1_0,UN_WPP_2024,BRB,persons,2026-08-26,historical_estimate,WHO_WORLD_2000_2025,none,No disclosure restriction identified.,55.102
bnr_cvd_public_metric_v2,CVD-INCIDENCE-001,cvd_2024_05,annual,2013,2013-01-01,2013,,,1,heart,all,age_standardised,national_estimate,hospital_plus_dco,primary,estimated,annual_age_standardised_rate,43.02796931125513,rate_per_100000,,,40.08845477690775,61.45646427658673,36.76353580444903,50.36446864279718,95,conditional_fay_feuer_gamma,,final,cvd_rates_v1_1_0,UN_WPP_2024,BRB,persons,2026-08-26,historical_estimate,WHO_WORLD_2000_2025,none,No disclosure restriction identified.,43.028
bnr_cvd_public_metric_v2,CVD-BURDEN-001,cvd_2024_05,quarterly,2013_q3,2013-07-01,2013,7,3,1,heart,all,all,hospital_registered,hospital_only,not_applicable,observed,quarterly_same_quarter_previous_5yr_mean,,count,,,,,,,,,3,insufficient_history,,,,,,,,none,No disclosure restriction identified.,.
bnr_cvd_public_metric_v2,CVD-INCIDENCE-001,cvd_2024_05,annual,2013,2013-01-01,2013,,,1,heart,all,age_standardised,national_estimate,hospital_plus_dco,inclusive,estimated,annual_age_standardised_rate,44.38340678162685,rate_per_100000,,,40.45905070543645,69.61141012856517,37.9847949479776,51.85759309202957,95,conditional_fay_feuer_gamma,,final,cvd_rates_v1_1_0,UN_WPP_2024,BRB,persons,2026-08-26,historical_estimate,WHO_WORLD_2000_2025,none,No disclosure restriction identified.,44.383
bnr_cvd_public_metric_v2,CVD-BURDEN-001,cvd_2024_05,annual,2013,2013-01-01,2013,,,1,heart,female,all,hospital_registered,hospital_only,not_applicable,observed,annual_count,64,count,64,,,,,,,,,final,,,,,,,,none,No disclosure restriction identified.,64.000
bnr_cvd_public_metric_v2,CVD-BURDEN-001,cvd_2024_05,quarterly,2013_q3,2013-07-01,2013,7,3,1,heart,female,all,hospital_registered,hospital_only,not_applicable,observed,quarterly_same_quarter_previous_5yr_mean,,count,,,,,,,,,3,insufficient_history,,,,,,,,none,No disclosure restriction identified.,.
bnr_cvd_public_metric_v2,CVD-INCIDENCE-001,cvd_2024_05,annual,2013,2013-01-01,2013,,,1,heart,female,age_standardised,national_estimate,hospital_plus_dco,inclusive,estimated,annual_age_standardised_rate,37.07080025813821,rate_per_100000,,,31.01397133695518,76.00755760860056,29.39047434439009,46.92902008017877,95,conditional_fay_feuer_gamma,,final,cvd_rates_v1_1_0,UN_WPP_2024,BRB,persons,2026-08-26,historical_estimate,WHO_WORLD_2000_2025,none,No disclosure restriction identified.,37.071
bnr_cvd_public_metric_v2,CVD-INCIDENCE-001,cvd_2024_05,annual,2013,2013-01-01,2013,,,1,heart,female,age_standardised,hospital_registered,hospital_only,not_applicable,observed,annual_age_standardised_rate,27.97092685481491,rate_per_100000,,,,,21.3969462073839,36.75461330477968,95,fay_feuer_gamma,,final,cvd_rates_v1_1_0,UN_WPP_2024,BRB,persons,2026-08-26,historical_estimate,WHO_WORLD_2000_2025,none,No disclosure restriction identified.,27.971
bnr_cvd_public_metric_v2,CVD-BURDEN-001,cvd_2024_05,quarterly,2013_q1,2013-01-01,2013,1,1,1,heart,female,all,hospital_registered,hospital_only,not_applicable,observed,quarterly_count,18,count,18,,,,,,,,,final,,,,,,,,none,No disclosure restriction identified.,18.000
bnr_cvd_public_metric_v2,CVD-INCIDENCE-001,cvd_2024_05,annual,2013,2013-01-01,2013,,,1,heart,female,all,national_estimate,hospital_plus_dco,inclusive,estimated,annual_crude_rate,58.63857078292217,rate_per_100000,84.93269230769231,144841,49.01926940576218,120.4769367789507,46.834001303129,72.51357468851073,95,conditional_gamma,,final,cvd_rates_v1_1_0,UN_WPP_2024,BRB,persons,2026-08-26,historical_estimate,WHO_WORLD_2000_2025,none,No disclosure restriction identified.,58.639
bnr_cvd_public_metric_v2,CVD-BURDEN-001,cvd_2024_05,quarterly,2013_q2,2013-04-01,2013,4,2,1,heart,female,all,hospital_registered,hospital_only,not_applicable,observed,quarterly_same_quarter_previous_5yr_mean,,count,,,,,,,,,3,insufficient_history,,,,,,,,none,No disclosure restriction identified.,.
bnr_cvd_public_metric_v2,CVD-BURDEN-001,cvd_2024_05,annual,2013,2013-01-01,2013,,,1,heart,female,all,hospital_registered,hospital_only,not_applicable,observed,annual_previous_5yr_mean,,count,,,,,,,,,3,insufficient_history,,,,,,,,none,No disclosure restriction identified.,.
bnr_cvd_public_metric_v2,CVD-INCIDENCE-001,cvd_2024_05,annual,2013,2013-01-01,2013,,,1,heart,female,age_standardised,national_estimate,hospital_plus_dco,primary,estimated,annual_age_standardised_rate,34.57675504495775,rate_per_100000,,,30.30022075021975,61.38733543119978,27.28714414668583,44.03017090547011,95,conditional_fay_feuer_gamma,,final,cvd_rates_v1_1_0,UN_WPP_2024,BRB,persons,2026-08-26,historical_estimate,WHO_WORLD_2000_2025,none,No disclosure restriction identified.,34.577
bnr_cvd_public_metric_v2,CVD-BURDEN-001,cvd_2024_05,quarterly,2013_q4,2013-10-01,2013,10,4,1,heart,female,all,hospital_registered,hospital_only,not_applicable,observed,quarterly_count,14,count,14,,,,,,,,,final,,,,,,,,none,No disclosure restriction identified.,14.000
bnr_cvd_public_metric_v2,CVD-BURDEN-001,cvd_2024_05,annual,2013,2013-01-01,2013,,,1,heart,female,all,national_estimate,additional_dco,inclusive,estimated,annual_count,20.93269230769231,count,20.93269230769231,,7,110.5,,,,,,final,cvd_rates_v1_1_0,not_applicable,BRB,not_applicable,not_applicable,not_applicable,not_applicable,none,No disclosure restriction identified.,20.933
bnr_cvd_public_metric_v2,CVD-BURDEN-001,cvd_2024_05,quarterly,2013_q1,2013-01-01,2013,1,1,1,heart,female,all,hospital_registered,hospital_only,not_applicable,observed,quarterly_same_quarter_previous_5yr_mean,,count,,,,,,,,,3,insufficient_history,,,,,,,,none,No disclosure restriction identified.,.
bnr_cvd_public_metric_v2,CVD-BURDEN-001,cvd_2024_05,annual,2013,2013-01-01,2013,,,1,heart,female,all,national_estimate,hospital_plus_dco,inclusive,estimated,annual_count,84.93269230769231,count,84.93269230769231,,71,174.5,,,,,,final,cvd_rates_v1_1_0,not_applicable,BRB,not_applicable,not_applicable,not_applicable,not_applicable,none,No disclosure restriction identified.,84.933
bnr_cvd_public_metric_v2,CVD-BURDEN-001,cvd_2024_05,quarterly,2013_q2,2013-04-01,2013,4,2,1,heart,female,all,hospital_registered,hospital_only,not_applicable,observed,quarterly_count,16,count,16,,,,,,,,,final,,,,,,,,none,No disclosure restriction identified.,16.000
bnr_cvd_public_metric_v2,CVD-BURDEN-001,cvd_2024_05,quarterly,2013_q3,2013-07-01,2013,7,3,1,heart,female,all,hospital_registered,hospital_only,not_applicable,observed,quarterly_count,16,count,16,,,,,,,,,final,,,,,,,,none,No disclosure restriction identified.,16.000
bnr_cvd_public_metric_v2,CVD-BURDEN-002,cvd_2024_05,annual,2013,2013-01-01,2013,,,1,heart,female,all,hospital_registered,hospital_only,not_applicable,observed,sex_distribution,41.83006535947712,percent,64,153,,,,,,,,final,,,,,,,,none,No disclosure restriction identified.,41.830
bnr_cvd_public_metric_v2,CVD-BURDEN-001,cvd_2024_05,annual,2013,2013-01-01,2013,,,1,heart,female,all,national_estimate,additional_dco,primary,estimated,annual_count,17.01587301587302,count,17.01587301587302,,6,86.07692307692307,,,,,,final,cvd_rates_v1_1_0,not_applicable,BRB,not_applicable,not_applicable,not_applicable,not_applicable,none,No disclosure restriction identified.,17.016
bnr_cvd_public_metric_v2,CVD-INCIDENCE-001,cvd_2024_05,annual,2013,2013-01-01,2013,,,1,heart,female,all,hospital_registered,hospital_only,not_applicable,observed,annual_crude_rate,44.18638368970112,rate_per_100000,64,144841,,,34.02889965288523,56.42502551686673,95,poisson_exact_garwood,,final,cvd_rates_v1_1_0,UN_WPP_2024,BRB,persons,2026-08-26,historical_estimate,WHO_WORLD_2000_2025,none,No disclosure restriction identified.,44.186
bnr_cvd_public_metric_v2,CVD-BURDEN-001,cvd_2024_05,quarterly,2013_q4,2013-10-01,2013,10,4,1,heart,female,all,hospital_registered,hospital_only,not_applicable,observed,quarterly_same_quarter_previous_5yr_mean,,count,,,,,,,,,3,insufficient_history,,,,,,,,none,No disclosure restriction identified.,.
bnr_cvd_public_metric_v2,CVD-INCIDENCE-001,cvd_2024_05,annual,2013,2013-01-01,2013,,,1,heart,female,all,national_estimate,hospital_plus_dco,primary,estimated,annual_crude_rate,55.9343507818042,rate_per_100000,81.01587301587301,144841,48.3288571606106,103.6149454069794,44.42100996245881,69.51981613722585,95,conditional_gamma,,final,cvd_rates_v1_1_0,UN_WPP_2024,BRB,persons,2026-08-26,historical_estimate,WHO_WORLD_2000_2025,none,No disclosure restriction identified.,55.934
bnr_cvd_public_metric_v2,CVD-BURDEN-001,cvd_2024_05,annual,2013,2013-01-01,2013,,,1,heart,female,all,national_estimate,hospital_plus_dco,primary,estimated,annual_count,81.01587301587301,count,81.01587301587301,,70,150.0769230769231,,,,,,final,cvd_rates_v1_1_0,not_applicable,BRB,not_applicable,not_applicable,not_applicable,not_applicable,none,No disclosure restriction identified.,81.016
bnr_cvd_public_metric_v2,CVD-BURDEN-001,cvd_2024_05,quarterly,2013_q1,2013-01-01,2013,1,1,1,heart,male,all,hospital_registered,hospital_only,not_applicable,observed,quarterly_count,25,count,25,,,,,,,,,final,,,,,,,,none,No disclosure restriction identified.,25.000
bnr_cvd_public_metric_v2,CVD-BURDEN-001,cvd_2024_05,quarterly,2013_q4,2013-10-01,2013,10,4,1,heart,male,all,hospital_registered,hospital_only,not_applicable,observed,quarterly_same_quarter_previous_5yr_mean,,count,,,,,,,,,3,insufficient_history,,,,,,,,none,No disclosure restriction identified.,.
bnr_cvd_public_metric_v2,CVD-BURDEN-001,cvd_2024_05,annual,2013,2013-01-01,2013,,,1,heart,male,all,national_estimate,additional_dco,inclusive,estimated,annual_count,,count,,,,,,,,,,final,cvd_rates_v1_1_0,not_applicable,BRB,not_applicable,not_applicable,not_applicable,not_applicable,primary,Primary suppression: supporting frequency 1-5.,*
bnr_cvd_public_metric_v2,CVD-BURDEN-001,cvd_2024_05,quarterly,2013_q2,2013-04-01,2013,4,2,1,heart,male,all,hospital_registered,hospital_only,not_applicable,observed,quarterly_count,21,count,21,,,,,,,,,final,,,,,,,,none,No disclosure restriction identified.,21.000
bnr_cvd_public_metric_v2,CVD-BURDEN-001,cvd_2024_05,quarterly,2013_q1,2013-01-01,2013,1,1,1,heart,male,all,hospital_registered,hospital_only,not_applicable,observed,quarterly_same_quarter_previous_5yr_mean,,count,,,,,,,,,3,insufficient_history,,,,,,,,none,No disclosure restriction identified.,.
bnr_cvd_public_metric_v2,CVD-INCIDENCE-001,cvd_2024_05,annual,2013,2013-01-01,2013,,,1,heart,male,age_standardised,national_estimate,hospital_plus_dco,primary,estimated,annual_age_standardised_rate,,rate_per_100000,,,,,,,95,conditional_fay_feuer_gamma,,final,cvd_rates_v1_1_0,UN_WPP_2024,BRB,persons,2026-08-26,historical_estimate,WHO_WORLD_2000_2025,primary,Primary suppression: supporting frequency 1-5.,*
bnr_cvd_public_metric_v2,CVD-INCIDENCE-001,cvd_2024_05,annual,2013,2013-01-01,2013,,,1,heart,male,age_standardised,national_estimate,hospital_plus_dco,inclusive,estimated,annual_age_standardised_rate,,rate_per_100000,,,,,,,95,conditional_fay_feuer_gamma,,final,cvd_rates_v1_1_0,UN_WPP_2024,BRB,persons,2026-08-26,historical_estimate,WHO_WORLD_2000_2025,primary,Primary suppression: supporting frequency 1-5.,*
bnr_cvd_public_metric_v2,CVD-BURDEN-001,cvd_2024_05,annual,2013,2013-01-01,2013,,,1,heart,male,all,hospital_registered,hospital_only,not_applicable,observed,annual_count,89,count,89,,,,,,,,,final,,,,,,,,none,No disclosure restriction identified.,89.000
bnr_cvd_public_metric_v2,CVD-BURDEN-001,cvd_2024_05,quarterly,2013_q2,2013-04-01,2013,4,2,1,heart,male,all,hospital_registered,hospital_only,not_applicable,observed,quarterly_same_quarter_previous_5yr_mean,,count,,,,,,,,,3,insufficient_history,,,,,,,,none,No disclosure restriction identified.,.
bnr_cvd_public_metric_v2,CVD-BURDEN-001,cvd_2024_05,annual,2013,2013-01-01,2013,,,1,heart,male,all,hospital_registered,hospital_only,not_applicable,observed,annual_previous_5yr_mean,,count,,,,,,,,,3,insufficient_history,,,,,,,,none,No disclosure restriction identified.,.
bnr_cvd_public_metric_v2,CVD-BURDEN-001,cvd_2024_05,quarterly,2013_q4,2013-10-01,2013,10,4,1,heart,male,all,hospital_registered,hospital_only,not_applicable,observed,quarterly_count,20,count,20,,,,,,,,,final,,,,,,,,none,No disclosure restriction identified.,20.000
bnr_cvd_public_metric_v2,CVD-INCIDENCE-001,cvd_2024_05,annual,2013,2013-01-01,2013,,,1,heart,male,age_standardised,hospital_registered,hospital_only,not_applicable,observed,annual_age_standardised_rate,52.33389799526746,rate_per_100000,,,,,41.88928544949949,67.54101652811563,95,fay_feuer_gamma,,final,cvd_rates_v1_1_0,UN_WPP_2024,BRB,persons,2026-08-26,historical_estimate,WHO_WORLD_2000_2025,none,No disclosure restriction identified.,52.334
bnr_cvd_public_metric_v2,CVD-BURDEN-001,cvd_2024_05,quarterly,2013_q3,2013-07-01,2013,7,3,1,heart,male,all,hospital_registered,hospital_only,not_applicable,observed,quarterly_same_quarter_previous_5yr_mean,,count,,,,,,,,,3,insufficient_history,,,,,,,,none,No disclosure restriction identified.,.
bnr_cvd_public_metric_v2,CVD-BURDEN-001,cvd_2024_05,annual,2013,2013-01-01,2013,,,1,heart,male,all,national_estimate,hospital_plus_dco,primary,estimated,annual_count,,count,,,,,,,,,,final,cvd_rates_v1_1_0,not_applicable,BRB,not_applicable,not_applicable,not_applicable,not_applicable,primary,Primary suppression: supporting frequency 1-5.,*
bnr_cvd_public_metric_v2,CVD-BURDEN-001,cvd_2024_05,annual,2013,2013-01-01,2013,,,1,heart,male,all,national_estimate,hospital_plus_dco,inclusive,estimated,annual_count,,count,,,,,,,,,,final,cvd_rates_v1_1_0,not_applicable,BRB,not_applicable,not_applicable,not_applicable,not_applicable,primary,Primary suppression: supporting frequency 1-5.,*
bnr_cvd_public_metric_v2,CVD-BURDEN-001,cvd_2024_05,quarterly,2013_q3,2013-07-01,2013,7,3,1,heart,male,all,hospital_registered,hospital_only,not_applicable,observed,quarterly_count,23,count,23,,,,,,,,,final,,,,,,,,none,No disclosure restriction identified.,23.000
bnr_cvd_public_metric_v2,CVD-BURDEN-001,cvd_2024_05,annual,2013,2013-01-01,2013,,,1,heart,male,all,national_estimate,additional_dco,primary,estimated,annual_count,,count,,,,,,,,,,final,cvd_rates_v1_1_0,not_applicable,BRB,not_applicable,not_applicable,not_applicable,not_applicable,primary,Primary suppression: supporting frequency 1-5.,*
bnr_cvd_public_metric_v2,CVD-INCIDENCE-001,cvd_2024_05,annual,2013,2013-01-01,2013,,,1,heart,male,all,national_estimate,hospital_plus_dco,primary,estimated,annual_crude_rate,,rate_per_100000,,,,,,,95,conditional_gamma,,final,cvd_rates_v1_1_0,UN_WPP_2024,BRB,persons,2026-08-26,historical_estimate,WHO_WORLD_2000_2025,primary,Primary suppression: supporting frequency 1-5.,*
bnr_cvd_public_metric_v2,CVD-INCIDENCE-001,cvd_2024_05,annual,2013,2013-01-01,2013,,,1,heart,male,all,national_estimate,hospital_plus_dco,inclusive,estimated,annual_crude_rate,,rate_per_100000,,,,,,,95,conditional_gamma,,final,cvd_rates_v1_1_0,UN_WPP_2024,BRB,persons,2026-08-26,historical_estimate,WHO_WORLD_2000_2025,primary,Primary suppression: supporting frequency 1-5.,*
bnr_cvd_public_metric_v2,CVD-BURDEN-002,cvd_2024_05,annual,2013,2013-01-01,2013,,,1,heart,male,all,hospital_registered,hospital_only,not_applicable,observed,sex_distribution,58.16993464052288,percent,89,153,,,,,,,,final,,,,,,,,none,No disclosure restriction identified.,58.170
bnr_cvd_public_metric_v2,CVD-INCIDENCE-001,cvd_2024_05,annual,2013,2013-01-01,2013,,,1,heart,male,all,hospital_registered,hospital_only,not_applicable,observed,annual_crude_rate,67.00596277781123,rate_per_100000,89,132824,,,53.81129023546248,82.45660301884926,95,poisson_exact_garwood,,final,cvd_rates_v1_1_0,UN_WPP_2024,BRB,persons,2026-08-26,historical_estimate,WHO_WORLD_2000_2025,none,No disclosure restriction identified.,67.006
bnr_cvd_public_metric_v2,CVD-INCIDENCE-001,cvd_2024_05,annual,2013,2013-01-01,2013,,,1,stroke,all,all,national_estimate,hospital_plus_dco,inclusive,estimated,annual_crude_rate,217.4590576081581,rate_per_100000,603.8076923076923,277665,203.1224677218951,309.6228497341348,200.4575714467033,235.5171950943399,95,conditional_gamma,,final,cvd_rates_v1_1_0,UN_WPP_2024,BRB,persons,2026-08-26,historical_estimate,WHO_WORLD_2000_2025,none,No disclosure restriction identified.,217.459
bnr_cvd_public_metric_v2,CVD-INCIDENCE-001,cvd_2024_05,annual,2013,2013-01-01,2013,,,1,stroke,all,all,national_estimate,hospital_plus_dco,primary,estimated,annual_crude_rate,215.3255173981589,rate_per_100000,597.8835978835979,277665,202.76232150253,294.0870916669091,198.4093412650717,233.2984149763938,95,conditional_gamma,,final,cvd_rates_v1_1_0,UN_WPP_2024,BRB,persons,2026-08-26,historical_estimate,WHO_WORLD_2000_2025,none,No disclosure restriction identified.,215.326
bnr_cvd_public_metric_v2,CVD-BURDEN-001,cvd_2024_05,quarterly,2013_q1,2013-01-01,2013,1,1,1,stroke,all,all,hospital_registered,hospital_only,not_applicable,observed,quarterly_same_quarter_previous_5yr_mean,,count,,,,,,,,,3,insufficient_history,,,,,,,,none,No disclosure restriction identified.,.
bnr_cvd_public_metric_v2,CVD-BURDEN-001,cvd_2024_05,annual,2013,2013-01-01,2013,,,1,stroke,all,all,national_estimate,hospital_plus_dco,primary,estimated,annual_count,597.8835978835979,count,597.8835978835979,,563,816.5769230769231,,,,,,final,cvd_rates_v1_1_0,not_applicable,BRB,not_applicable,not_applicable,not_applicable,not_applicable,none,No disclosure restriction identified.,597.884
bnr_cvd_public_metric_v2,CVD-INCIDENCE-001,cvd_2024_05,annual,2013,2013-01-01,2013,,,1,stroke,all,all,hospital_registered,hospital_only,not_applicable,observed,annual_crude_rate,195.9195433345938,rate_per_100000,544,277665,,,179.7996056125652,213.0968917599064,95,poisson_exact_garwood,,final,cvd_rates_v1_1_0,UN_WPP_2024,BRB,persons,2026-08-26,historical_estimate,WHO_WORLD_2000_2025,none,No disclosure restriction identified.,195.920
bnr_cvd_public_metric_v2,CVD-BURDEN-001,cvd_2024_05,annual,2013,2013-01-01,2013,,,1,stroke,all,all,hospital_registered,hospital_only,not_applicable,observed,annual_previous_5yr_mean,,count,,,,,,,,,3,insufficient_history,,,,,,,,none,No disclosure restriction identified.,.
bnr_cvd_public_metric_v2,CVD-INCIDENCE-001,cvd_2024_05,annual,2013,2013-01-01,2013,,,1,stroke,all,age_standardised,national_estimate,hospital_plus_dco,primary,estimated,annual_age_standardised_rate,146.3833426925534,rate_per_100000,,,138.1149862699463,198.2195771881284,134.6998759666703,159.0961477552164,95,conditional_fay_feuer_gamma,,final,cvd_rates_v1_1_0,UN_WPP_2024,BRB,persons,2026-08-26,historical_estimate,WHO_WORLD_2000_2025,none,No disclosure restriction identified.,146.383
bnr_cvd_public_metric_v2,CVD-BURDEN-002,cvd_2024_05,annual,2013,2013-01-01,2013,,,1,stroke,all,all,hospital_registered,hospital_only,not_applicable,observed,event_type_distribution,78.04878048780488,percent,544,697,,,,,,,,final,,,,,,,,none,No disclosure restriction identified.,78.049
bnr_cvd_public_metric_v2,CVD-INCIDENCE-001,cvd_2024_05,annual,2013,2013-01-01,2013,,,1,stroke,all,age_standardised,national_estimate,hospital_plus_dco,inclusive,estimated,annual_age_standardised_rate,147.7472112531206,rate_per_100000,,,138.3385360987141,208.2315515314477,136.0121677132134,160.5110879988016,95,conditional_fay_feuer_gamma,,final,cvd_rates_v1_1_0,UN_WPP_2024,BRB,persons,2026-08-26,historical_estimate,WHO_WORLD_2000_2025,none,No disclosure restriction identified.,147.747
bnr_cvd_public_metric_v2,CVD-BURDEN-001,cvd_2024_05,annual,2013,2013-01-01,2013,,,1,stroke,all,all,national_estimate,additional_dco,inclusive,estimated,annual_count,59.80769230769229,count,59.80769230769229,,20,315.7142857142856,,,,,,final,cvd_rates_v1_1_0,not_applicable,BRB,not_applicable,not_applicable,not_applicable,not_applicable,none,No disclosure restriction identified.,59.808
bnr_cvd_public_metric_v2,CVD-BURDEN-001,cvd_2024_05,annual,2013,2013-01-01,2013,,,1,stroke,all,all,hospital_registered,hospital_only,not_applicable,observed,annual_count,544,count,544,,,,,,,,,final,,,,,,,,none,No disclosure restriction identified.,544.000
bnr_cvd_public_metric_v2,CVD-BURDEN-001,cvd_2024_05,annual,2013,2013-01-01,2013,,,1,stroke,all,all,national_estimate,additional_dco,primary,estimated,annual_count,53.88359788359788,count,53.88359788359788,,19,272.576923076923,,,,,,final,cvd_rates_v1_1_0,not_applicable,BRB,not_applicable,not_applicable,not_applicable,not_applicable,none,No disclosure restriction identified.,53.884
bnr_cvd_public_metric_v2,CVD-BURDEN-001,cvd_2024_05,quarterly,2013_q2,2013-04-01,2013,4,2,1,stroke,all,all,hospital_registered,hospital_only,not_applicable,observed,quarterly_count,115,count,115,,,,,,,,,final,,,,,,,,none,No disclosure restriction identified.,115.000
bnr_cvd_public_metric_v2,CVD-BURDEN-001,cvd_2024_05,annual,2013,2013-01-01,2013,,,1,stroke,all,all,national_estimate,hospital_plus_dco,inclusive,estimated,annual_count,603.8076923076923,count,603.8076923076923,,564,859.7142857142856,,,,,,final,cvd_rates_v1_1_0,not_applicable,BRB,not_applicable,not_applicable,not_applicable,not_applicable,none,No disclosure restriction identified.,603.808
bnr_cvd_public_metric_v2,CVD-BURDEN-001,cvd_2024_05,quarterly,2013_q3,2013-07-01,2013,7,3,1,stroke,all,all,hospital_registered,hospital_only,not_applicable,observed,quarterly_count,131,count,131,,,,,,,,,final,,,,,,,,none,No disclosure restriction identified.,131.000
bnr_cvd_public_metric_v2,CVD-BURDEN-001,cvd_2024_05,quarterly,2013_q4,2013-10-01,2013,10,4,1,stroke,all,all,hospital_registered,hospital_only,not_applicable,observed,quarterly_count,141,count,141,,,,,,,,,final,,,,,,,,none,No disclosure restriction identified.,141.000
bnr_cvd_public_metric_v2,CVD-BURDEN-001,cvd_2024_05,quarterly,2013_q4,2013-10-01,2013,10,4,1,stroke,all,all,hospital_registered,hospital_only,not_applicable,observed,quarterly_same_quarter_previous_5yr_mean,,count,,,,,,,,,3,insufficient_history,,,,,,,,none,No disclosure restriction identified.,.
bnr_cvd_public_metric_v2,CVD-BURDEN-001,cvd_2024_05,quarterly,2013_q3,2013-07-01,2013,7,3,1,stroke,all,all,hospital_registered,hospital_only,not_applicable,observed,quarterly_same_quarter_previous_5yr_mean,,count,,,,,,,,,3,insufficient_history,,,,,,,,none,No disclosure restriction identified.,.
bnr_cvd_public_metric_v2,CVD-BURDEN-001,cvd_2024_05,quarterly,2013_q2,2013-04-01,2013,4,2,1,stroke,all,all,hospital_registered,hospital_only,not_applicable,observed,quarterly_same_quarter_previous_5yr_mean,,count,,,,,,,,,3,insufficient_history,,,,,,,,none,No disclosure restriction identified.,.
bnr_cvd_public_metric_v2,CVD-INCIDENCE-001,cvd_2024_05,annual,2013,2013-01-01,2013,,,1,stroke,all,age_standardised,hospital_registered,hospital_only,not_applicable,observed,annual_age_standardised_rate,133.611472253022,rate_per_100000,,,,,122.4440424027351,145.8115953157438,95,fay_feuer_gamma,,final,cvd_rates_v1_1_0,UN_WPP_2024,BRB,persons,2026-08-26,historical_estimate,WHO_WORLD_2000_2025,none,No disclosure restriction identified.,133.611
bnr_cvd_public_metric_v2,CVD-BURDEN-001,cvd_2024_05,quarterly,2013_q1,2013-01-01,2013,1,1,1,stroke,all,all,hospital_registered,hospital_only,not_applicable,observed,quarterly_count,157,count,157,,,,,,,,,final,,,,,,,,none,No disclosure restriction identified.,157.000
bnr_cvd_public_metric_v2,CVD-BURDEN-001,cvd_2024_05,quarterly,2013_q2,2013-04-01,2013,4,2,1,stroke,female,all,hospital_registered,hospital_only,not_applicable,observed,quarterly_count,53,count,53,,,,,,,,,final,,,,,,,,none,No disclosure restriction identified.,53.000
bnr_cvd_public_metric_v2,CVD-INCIDENCE-001,cvd_2024_05,annual,2013,2013-01-01,2013,,,1,stroke,female,all,hospital_registered,hospital_only,not_applicable,observed,annual_crude_rate,191.9346041521392,rate_per_100000,278,144841,,,170.0334046185568,215.8742854121652,95,poisson_exact_garwood,,final,cvd_rates_v1_1_0,UN_WPP_2024,BRB,persons,2026-08-26,historical_estimate,WHO_WORLD_2000_2025,none,No disclosure restriction identified.,191.935
bnr_cvd_public_metric_v2,CVD-BURDEN-001,cvd_2024_05,annual,2013,2013-01-01,2013,,,1,stroke,female,all,national_estimate,hospital_plus_dco,inclusive,estimated,annual_count,316.875,count,316.875,,291,483.2142857142857,,,,,,final,cvd_rates_v1_1_0,not_applicable,BRB,not_applicable,not_applicable,not_applicable,not_applicable,none,No disclosure restriction identified.,316.875
bnr_cvd_public_metric_v2,CVD-BURDEN-002,cvd_2024_05,annual,2013,2013-01-01,2013,,,1,stroke,female,all,hospital_registered,hospital_only,not_applicable,observed,sex_distribution,51.10294117647059,percent,278,544,,,,,,,,final,,,,,,,,none,No disclosure restriction identified.,51.103
bnr_cvd_public_metric_v2,CVD-BURDEN-001,cvd_2024_05,quarterly,2013_q1,2013-01-01,2013,1,1,1,stroke,female,all,hospital_registered,hospital_only,not_applicable,observed,quarterly_count,84,count,84,,,,,,,,,final,,,,,,,,none,No disclosure restriction identified.,84.000
bnr_cvd_public_metric_v2,CVD-BURDEN-001,cvd_2024_05,annual,2013,2013-01-01,2013,,,1,stroke,female,all,national_estimate,additional_dco,primary,estimated,annual_count,34.03174603174603,count,34.03174603174603,,12,172.1538461538461,,,,,,final,cvd_rates_v1_1_0,not_applicable,BRB,not_applicable,not_applicable,not_applicable,not_applicable,none,No disclosure restriction identified.,34.032
bnr_cvd_public_metric_v2,CVD-BURDEN-001,cvd_2024_05,annual,2013,2013-01-01,2013,,,1,stroke,female,all,national_estimate,additional_dco,inclusive,estimated,annual_count,38.87499999999999,count,38.87499999999999,,13,205.2142857142857,,,,,,final,cvd_rates_v1_1_0,not_applicable,BRB,not_applicable,not_applicable,not_applicable,not_applicable,none,No disclosure restriction identified.,38.875
bnr_cvd_public_metric_v2,CVD-BURDEN-001,cvd_2024_05,quarterly,2013_q4,2013-10-01,2013,10,4,1,stroke,female,all,hospital_registered,hospital_only,not_applicable,observed,quarterly_count,64,count,64,,,,,,,,,final,,,,,,,,none,No disclosure restriction identified.,64.000
bnr_cvd_public_metric_v2,CVD-BURDEN-001,cvd_2024_05,annual,2013,2013-01-01,2013,,,1,stroke,female,all,hospital_registered,hospital_only,not_applicable,observed,annual_count,278,count,278,,,,,,,,,final,,,,,,,,none,No disclosure restriction identified.,278.000
bnr_cvd_public_metric_v2,CVD-INCIDENCE-001,cvd_2024_05,annual,2013,2013-01-01,2013,,,1,stroke,female,age_standardised,national_estimate,hospital_plus_dco,primary,estimated,annual_age_standardised_rate,129.5602547550614,rate_per_100000,,,121.1316613761507,182.4010517074627,115.2041862403024,145.9261031689011,95,conditional_fay_feuer_gamma,,final,cvd_rates_v1_1_0,UN_WPP_2024,BRB,persons,2026-08-26,historical_estimate,WHO_WORLD_2000_2025,none,No disclosure restriction identified.,129.560
bnr_cvd_public_metric_v2,CVD-BURDEN-001,cvd_2024_05,quarterly,2013_q4,2013-10-01,2013,10,4,1,stroke,female,all,hospital_registered,hospital_only,not_applicable,observed,quarterly_same_quarter_previous_5yr_mean,,count,,,,,,,,,3,insufficient_history,,,,,,,,none,No disclosure restriction identified.,.
bnr_cvd_public_metric_v2,CVD-BURDEN-001,cvd_2024_05,quarterly,2013_q2,2013-04-01,2013,4,2,1,stroke,female,all,hospital_registered,hospital_only,not_applicable,observed,quarterly_same_quarter_previous_5yr_mean,,count,,,,,,,,,3,insufficient_history,,,,,,,,none,No disclosure restriction identified.,.
bnr_cvd_public_metric_v2,CVD-BURDEN-001,cvd_2024_05,quarterly,2013_q3,2013-07-01,2013,7,3,1,stroke,female,all,hospital_registered,hospital_only,not_applicable,observed,quarterly_same_quarter_previous_5yr_mean,,count,,,,,,,,,3,insufficient_history,,,,,,,,none,No disclosure restriction identified.,.
bnr_cvd_public_metric_v2,CVD-BURDEN-001,cvd_2024_05,annual,2013,2013-01-01,2013,,,1,stroke,female,all,hospital_registered,hospital_only,not_applicable,observed,annual_previous_5yr_mean,,count,,,,,,,,,3,insufficient_history,,,,,,,,none,No disclosure restriction identified.,.
bnr_cvd_public_metric_v2,CVD-INCIDENCE-001,cvd_2024_05,annual,2013,2013-01-01,2013,,,1,stroke,female,all,national_estimate,hospital_plus_dco,primary,estimated,annual_crude_rate,215.4305383363454,rate_per_100000,312.031746031746,144841,200.2195510939582,310.7917275866959,192.1878345686279,240.7094876932446,95,conditional_gamma,,final,cvd_rates_v1_1_0,UN_WPP_2024,BRB,persons,2026-08-26,historical_estimate,WHO_WORLD_2000_2025,none,No disclosure restriction identified.,215.431
bnr_cvd_public_metric_v2,CVD-BURDEN-001,cvd_2024_05,quarterly,2013_q1,2013-01-01,2013,1,1,1,stroke,female,all,hospital_registered,hospital_only,not_applicable,observed,quarterly_same_quarter_previous_5yr_mean,,count,,,,,,,,,3,insufficient_history,,,,,,,,none,No disclosure restriction identified.,.
bnr_cvd_public_metric_v2,CVD-BURDEN-001,cvd_2024_05,quarterly,2013_q3,2013-07-01,2013,7,3,1,stroke,female,all,hospital_registered,hospital_only,not_applicable,observed,quarterly_count,77,count,77,,,,,,,,,final,,,,,,,,none,No disclosure restriction identified.,77.000
bnr_cvd_public_metric_v2,CVD-BURDEN-001,cvd_2024_05,annual,2013,2013-01-01,2013,,,1,stroke,female,all,national_estimate,hospital_plus_dco,primary,estimated,annual_count,312.031746031746,count,312.031746031746,,290,450.1538461538461,,,,,,final,cvd_rates_v1_1_0,not_applicable,BRB,not_applicable,not_applicable,not_applicable,not_applicable,none,No disclosure restriction identified.,312.032
bnr_cvd_public_metric_v2,CVD-INCIDENCE-001,cvd_2024_05,annual,2013,2013-01-01,2013,,,1,stroke,female,age_standardised,hospital_registered,hospital_only,not_applicable,observed,annual_age_standardised_rate,116.5408713225077,rate_per_100000,,,,,102.9006594379011,132.2041323807464,95,fay_feuer_gamma,,final,cvd_rates_v1_1_0,UN_WPP_2024,BRB,persons,2026-08-26,historical_estimate,WHO_WORLD_2000_2025,none,No disclosure restriction identified.,116.541
bnr_cvd_public_metric_v2,CVD-INCIDENCE-001,cvd_2024_05,annual,2013,2013-01-01,2013,,,1,stroke,female,all,national_estimate,hospital_plus_dco,inclusive,estimated,annual_crude_rate,218.7743801824069,rate_per_100000,316.875,144841,200.9099633391098,333.617059889317,195.3468328136697,244.2378843539766,95,conditional_gamma,,final,cvd_rates_v1_1_0,UN_WPP_2024,BRB,persons,2026-08-26,historical_estimate,WHO_WORLD_2000_2025,none,No disclosure restriction identified.,218.774
bnr_cvd_public_metric_v2,CVD-INCIDENCE-001,cvd_2024_05,annual,2013,2013-01-01,2013,,,1,stroke,female,age_standardised,national_estimate,hospital_plus_dco,inclusive,estimated,annual_age_standardised_rate,131.3946366227284,rate_per_100000,,,121.5080468569867,194.9512851167827,116.9452387757751,147.8516108154763,95,conditional_fay_feuer_gamma,,final,cvd_rates_v1_1_0,UN_WPP_2024,BRB,persons,2026-08-26,historical_estimate,WHO_WORLD_2000_2025,none,No disclosure restriction identified.,131.395
bnr_cvd_public_metric_v2,CVD-BURDEN-001,cvd_2024_05,annual,2013,2013-01-01,2013,,,1,stroke,male,all,hospital_registered,hospital_only,not_applicable,observed,annual_previous_5yr_mean,,count,,,,,,,,,3,insufficient_history,,,,,,,,none,No disclosure restriction identified.,.
bnr_cvd_public_metric_v2,CVD-BURDEN-001,cvd_2024_05,annual,2013,2013-01-01,2013,,,1,stroke,male,all,national_estimate,additional_dco,inclusive,estimated,annual_count,20.93269230769231,count,20.93269230769231,,7,110.5,,,,,,final,cvd_rates_v1_1_0,not_applicable,BRB,not_applicable,not_applicable,not_applicable,not_applicable,none,No disclosure restriction identified.,20.933
bnr_cvd_public_metric_v2,CVD-INCIDENCE-001,cvd_2024_05,annual,2013,2013-01-01,2013,,,1,stroke,male,all,national_estimate,hospital_plus_dco,primary,estimated,annual_crude_rate,215.2109948893662,rate_per_100000,285.8518518518518,132824,205.535144251039,275.8711354296489,190.9831938627957,241.6611046213814,95,conditional_gamma,,final,cvd_rates_v1_1_0,UN_WPP_2024,BRB,persons,2026-08-26,historical_estimate,WHO_WORLD_2000_2025,none,No disclosure restriction identified.,215.211
bnr_cvd_public_metric_v2,CVD-BURDEN-001,cvd_2024_05,quarterly,2013_q2,2013-04-01,2013,4,2,1,stroke,male,all,hospital_registered,hospital_only,not_applicable,observed,quarterly_count,62,count,62,,,,,,,,,final,,,,,,,,none,No disclosure restriction identified.,62.000
bnr_cvd_public_metric_v2,CVD-INCIDENCE-001,cvd_2024_05,annual,2013,2013-01-01,2013,,,1,stroke,male,age_standardised,hospital_registered,hospital_only,not_applicable,observed,annual_age_standardised_rate,155.9986739162302,rate_per_100000,,,,,137.4878811445298,178.8067261933601,95,fay_feuer_gamma,,final,cvd_rates_v1_1_0,UN_WPP_2024,BRB,persons,2026-08-26,historical_estimate,WHO_WORLD_2000_2025,none,No disclosure restriction identified.,155.999
bnr_cvd_public_metric_v2,CVD-BURDEN-001,cvd_2024_05,quarterly,2013_q1,2013-01-01,2013,1,1,1,stroke,male,all,hospital_registered,hospital_only,not_applicable,observed,quarterly_count,73,count,73,,,,,,,,,final,,,,,,,,none,No disclosure restriction identified.,73.000
bnr_cvd_public_metric_v2,CVD-INCIDENCE-001,cvd_2024_05,annual,2013,2013-01-01,2013,,,1,stroke,male,all,national_estimate,hospital_plus_dco,inclusive,estimated,annual_crude_rate,216.024733713555,rate_per_100000,286.9326923076923,132824,205.535144251039,283.4578088297296,191.7497970711744,242.5218982828796,95,conditional_gamma,,final,cvd_rates_v1_1_0,UN_WPP_2024,BRB,persons,2026-08-26,historical_estimate,WHO_WORLD_2000_2025,none,No disclosure restriction identified.,216.025
bnr_cvd_public_metric_v2,CVD-INCIDENCE-001,cvd_2024_05,annual,2013,2013-01-01,2013,,,1,stroke,male,age_standardised,national_estimate,hospital_plus_dco,primary,estimated,annual_age_standardised_rate,169.621393916643,rate_per_100000,,,160.8022076477191,224.9109078333586,150.1090420407048,193.4213129207923,95,conditional_fay_feuer_gamma,,final,cvd_rates_v1_1_0,UN_WPP_2024,BRB,persons,2026-08-26,historical_estimate,WHO_WORLD_2000_2025,none,No disclosure restriction identified.,169.621
bnr_cvd_public_metric_v2,CVD-INCIDENCE-001,cvd_2024_05,annual,2013,2013-01-01,2013,,,1,stroke,male,age_standardised,national_estimate,hospital_plus_dco,inclusive,estimated,annual_age_standardised_rate,170.3630872863555,rate_per_100000,,,160.8022076477191,231.825884963304,150.7976132086382,194.2156318401841,95,conditional_fay_feuer_gamma,,final,cvd_rates_v1_1_0,UN_WPP_2024,BRB,persons,2026-08-26,historical_estimate,WHO_WORLD_2000_2025,none,No disclosure restriction identified.,170.363
bnr_cvd_public_metric_v2,CVD-BURDEN-001,cvd_2024_05,quarterly,2013_q2,2013-04-01,2013,4,2,1,stroke,male,all,hospital_registered,hospital_only,not_applicable,observed,quarterly_same_quarter_previous_5yr_mean,,count,,,,,,,,,3,insufficient_history,,,,,,,,none,No disclosure restriction identified.,.
bnr_cvd_public_metric_v2,CVD-BURDEN-001,cvd_2024_05,quarterly,2013_q3,2013-07-01,2013,7,3,1,stroke,male,all,hospital_registered,hospital_only,not_applicable,observed,quarterly_same_quarter_previous_5yr_mean,,count,,,,,,,,,3,insufficient_history,,,,,,,,none,No disclosure restriction identified.,.
bnr_cvd_public_metric_v2,CVD-BURDEN-001,cvd_2024_05,quarterly,2013_q1,2013-01-01,2013,1,1,1,stroke,male,all,hospital_registered,hospital_only,not_applicable,observed,quarterly_same_quarter_previous_5yr_mean,,count,,,,,,,,,3,insufficient_history,,,,,,,,none,No disclosure restriction identified.,.
bnr_cvd_public_metric_v2,CVD-INCIDENCE-001,cvd_2024_05,annual,2013,2013-01-01,2013,,,1,stroke,male,all,hospital_registered,hospital_only,not_applicable,observed,annual_crude_rate,200.2650123471662,rate_per_100000,266,132824,,,176.9193723115784,225.8345306190798,95,poisson_exact_garwood,,final,cvd_rates_v1_1_0,UN_WPP_2024,BRB,persons,2026-08-26,historical_estimate,WHO_WORLD_2000_2025,none,No disclosure restriction identified.,200.265
bnr_cvd_public_metric_v2,CVD-BURDEN-001,cvd_2024_05,quarterly,2013_q4,2013-10-01,2013,10,4,1,stroke,male,all,hospital_registered,hospital_only,not_applicable,observed,quarterly_count,77,count,77,,,,,,,,,final,,,,,,,,none,No disclosure restriction identified.,77.000
bnr_cvd_public_metric_v2,CVD-BURDEN-001,cvd_2024_05,annual,2013,2013-01-01,2013,,,1,stroke,male,all,national_estimate,hospital_plus_dco,primary,estimated,annual_count,285.8518518518518,count,285.8518518518518,,273,366.4230769230769,,,,,,final,cvd_rates_v1_1_0,not_applicable,BRB,not_applicable,not_applicable,not_applicable,not_applicable,none,No disclosure restriction identified.,285.852
bnr_cvd_public_metric_v2,CVD-BURDEN-002,cvd_2024_05,annual,2013,2013-01-01,2013,,,1,stroke,male,all,hospital_registered,hospital_only,not_applicable,observed,sex_distribution,48.89705882352941,percent,266,544,,,,,,,,final,,,,,,,,none,No disclosure restriction identified.,48.897
bnr_cvd_public_metric_v2,CVD-BURDEN-001,cvd_2024_05,annual,2013,2013-01-01,2013,,,1,stroke,male,all,national_estimate,hospital_plus_dco,inclusive,estimated,annual_count,286.9326923076923,count,286.9326923076923,,273,376.5,,,,,,final,cvd_rates_v1_1_0,not_applicable,BRB,not_applicable,not_applicable,not_applicable,not_applicable,none,No disclosure restriction identified.,286.933
bnr_cvd_public_metric_v2,CVD-BURDEN-001,cvd_2024_05,quarterly,2013_q4,2013-10-01,2013,10,4,1,stroke,male,all,hospital_registered,hospital_only,not_applicable,observed,quarterly_same_quarter_previous_5yr_mean,,count,,,,,,,,,3,insufficient_history,,,,,,,,none,No disclosure restriction identified.,.
bnr_cvd_public_metric_v2,CVD-BURDEN-001,cvd_2024_05,annual,2013,2013-01-01,2013,,,1,stroke,male,all,national_estimate,additional_dco,primary,estimated,annual_count,19.85185185185185,count,19.85185185185185,,7,100.4230769230769,,,,,,final,cvd_rates_v1_1_0,not_applicable,BRB,not_applicable,not_applicable,not_applicable,not_applicable,none,No disclosure restriction identified.,19.852
bnr_cvd_public_metric_v2,CVD-BURDEN-001,cvd_2024_05,quarterly,2013_q3,2013-07-01,2013,7,3,1,stroke,male,all,hospital_registered,hospital_only,not_applicable,observed,quarterly_count,54,count,54,,,,,,,,,final,,,,,,,,none,No disclosure restriction identified.,54.000
bnr_cvd_public_metric_v2,CVD-BURDEN-001,cvd_2024_05,annual,2013,2013-01-01,2013,,,1,stroke,male,all,hospital_registered,hospital_only,not_applicable,observed,annual_count,266,count,266,,,,,,,,,final,,,,,,,,none,No disclosure restriction identified.,266.000
bnr_cvd_public_metric_v2,CVD-BURDEN-001,cvd_2024_05,annual,2014,2014-01-01,2014,,,1,all_cvd,all,all,hospital_registered,hospital_only,not_applicable,observed,annual_count,715,count,715,,,,,,,,,final,,,,,,,,none,No disclosure restriction identified.,715.000
bnr_cvd_public_metric_v2,CVD-INCIDENCE-001,cvd_2024_05,annual,2014,2014-01-01,2014,,,1,all_cvd,all,all,national_estimate,hospital_plus_dco,primary,estimated,annual_crude_rate,302.4933274117748,rate_per_100000,841.984126984127,278348,274.1172920229353,385.8479313664909,282.4036536746452,323.6348895647924,95,conditional_gamma,,final,cvd_rates_v1_1_0,UN_WPP_2024,BRB,persons,2026-08-26,historical_estimate,WHO_WORLD_2000_2025,none,No disclosure restriction identified.,302.493
bnr_cvd_public_metric_v2,CVD-BURDEN-001,cvd_2024_05,quarterly,2014_q1,2014-01-01,2014,1,1,1,all_cvd,all,all,hospital_registered,hospital_only,not_applicable,observed,quarterly_count,187,count,187,,,,,,,,,final,,,,,,,,none,No disclosure restriction identified.,187.000
bnr_cvd_public_metric_v2,CVD-INCIDENCE-001,cvd_2024_05,annual,2014,2014-01-01,2014,,,1,all_cvd,all,age_standardised,national_estimate,hospital_plus_dco,primary,estimated,annual_age_standardised_rate,201.7458026082721,rate_per_100000,,,184.0606663179517,253.6958904610883,188.0788464972179,216.4466515234191,95,conditional_fay_feuer_gamma,,final,cvd_rates_v1_1_0,UN_WPP_2024,BRB,persons,2026-08-26,historical_estimate,WHO_WORLD_2000_2025,none,No disclosure restriction identified.,201.746
bnr_cvd_public_metric_v2,CVD-BURDEN-001,cvd_2024_05,monthly,2014_m05,2014-05-01,2014,5,,1,all_cvd,all,all,hospital_registered,hospital_only,not_applicable,observed,monthly_count,46,count,46,,,,,,,,,final,,,,,,,,none,No disclosure restriction identified.,46.000
bnr_cvd_public_metric_v2,CVD-BURDEN-001,cvd_2024_05,quarterly,2014_q2,2014-04-01,2014,4,2,1,all_cvd,all,all,hospital_registered,hospital_only,not_applicable,observed,quarterly_count,162,count,162,,,,,,,,,final,,,,,,,,none,No disclosure restriction identified.,162.000
bnr_cvd_public_metric_v2,CVD-BURDEN-001,cvd_2024_05,annual,2014,2014-01-01,2014,,,1,all_cvd,all,all,national_estimate,additional_dco,primary,estimated,annual_count,126.9841269841269,count,126.9841269841269,,48,359,,,,,,final,cvd_rates_v1_1_0,not_applicable,BRB,not_applicable,not_applicable,not_applicable,not_applicable,none,No disclosure restriction identified.,126.984
bnr_cvd_public_metric_v2,CVD-BURDEN-002,cvd_2024_05,annual,2014,2014-01-01,2014,,,1,all_cvd,all,under_70,hospital_registered,hospital_only,not_applicable,observed,age_distribution,47.83216783216783,percent,342,715,,,,,,,,final,,,,,,,,none,No disclosure restriction identified.,47.832
bnr_cvd_public_metric_v2,CVD-INCIDENCE-001,cvd_2024_05,annual,2014,2014-01-01,2014,,,1,all_cvd,all,age_standardised,national_estimate,hospital_plus_dco,inclusive,estimated,annual_age_standardised_rate,208.4525471429209,rate_per_100000,,,186.0910856205439,272.3984809700692,194.5720926324796,223.3652187197263,95,conditional_fay_feuer_gamma,,final,cvd_rates_v1_1_0,UN_WPP_2024,BRB,persons,2026-08-26,historical_estimate,WHO_WORLD_2000_2025,none,No disclosure restriction identified.,208.453
bnr_cvd_public_metric_v2,CVD-BURDEN-001,cvd_2024_05,quarterly,2014_q2,2014-04-01,2014,4,2,1,all_cvd,all,all,hospital_registered,hospital_only,not_applicable,observed,quarterly_same_quarter_previous_5yr_mean,,count,,,,,,,,,4,insufficient_history,,,,,,,,none,No disclosure restriction identified.,.
bnr_cvd_public_metric_v2,CVD-BURDEN-001,cvd_2024_05,monthly,2014_m12,2014-12-01,2014,12,,1,all_cvd,all,all,hospital_registered,hospital_only,not_applicable,observed,monthly_count,67,count,67,,,,,,,,,final,,,,,,,,none,No disclosure restriction identified.,67.000
bnr_cvd_public_metric_v2,CVD-BURDEN-001,cvd_2024_05,annual,2014,2014-01-01,2014,,,1,all_cvd,all,under_70,hospital_registered,hospital_only,not_applicable,observed,annual_count,342,count,342,,,,,,,,,final,,,,,,,,none,No disclosure restriction identified.,342.000
bnr_cvd_public_metric_v2,CVD-BURDEN-001,cvd_2024_05,annual,2014,2014-01-01,2014,,,1,all_cvd,all,age_70_plus,hospital_registered,hospital_only,not_applicable,observed,annual_previous_5yr_mean,,count,,,,,,,,,4,insufficient_history,,,,,,,,none,No disclosure restriction identified.,.
bnr_cvd_public_metric_v2,CVD-BURDEN-001,cvd_2024_05,monthly,2014_m09,2014-09-01,2014,9,,1,all_cvd,all,all,hospital_registered,hospital_only,not_applicable,observed,monthly_count,61,count,61,,,,,,,,,final,,,,,,,,none,No disclosure restriction identified.,61.000
bnr_cvd_public_metric_v2,CVD-BURDEN-001,cvd_2024_05,quarterly,2014_q3,2014-07-01,2014,7,3,1,all_cvd,all,all,hospital_registered,hospital_only,not_applicable,observed,quarterly_count,181,count,181,,,,,,,,,final,,,,,,,,none,No disclosure restriction identified.,181.000
bnr_cvd_public_metric_v2,CVD-BURDEN-001,cvd_2024_05,monthly,2014_m11,2014-11-01,2014,11,,1,all_cvd,all,all,hospital_registered,hospital_only,not_applicable,observed,monthly_count,46,count,46,,,,,,,,,final,,,,,,,,none,No disclosure restriction identified.,46.000
bnr_cvd_public_metric_v2,CVD-BURDEN-001,cvd_2024_05,monthly,2014_m07,2014-07-01,2014,7,,1,all_cvd,all,all,hospital_registered,hospital_only,not_applicable,observed,monthly_count,56,count,56,,,,,,,,,final,,,,,,,,none,No disclosure restriction identified.,56.000
bnr_cvd_public_metric_v2,CVD-BURDEN-001,cvd_2024_05,quarterly,2014_q3,2014-07-01,2014,7,3,1,all_cvd,all,all,hospital_registered,hospital_only,not_applicable,observed,quarterly_same_quarter_previous_5yr_mean,,count,,,,,,,,,4,insufficient_history,,,,,,,,none,No disclosure restriction identified.,.
bnr_cvd_public_metric_v2,CVD-INCIDENCE-001,cvd_2024_05,annual,2014,2014-01-01,2014,,,1,all_cvd,all,age_standardised,hospital_registered,hospital_only,not_applicable,observed,annual_age_standardised_rate,173.313107607757,rate_per_100000,,,,,160.608105487874,187.0590971550069,95,fay_feuer_gamma,,final,cvd_rates_v1_1_0,UN_WPP_2024,BRB,persons,2026-08-26,historical_estimate,WHO_WORLD_2000_2025,none,No disclosure restriction identified.,173.313
bnr_cvd_public_metric_v2,CVD-BURDEN-001,cvd_2024_05,monthly,2014_m06,2014-06-01,2014,6,,1,all_cvd,all,all,hospital_registered,hospital_only,not_applicable,observed,monthly_count,49,count,49,,,,,,,,,final,,,,,,,,none,No disclosure restriction identified.,49.000
bnr_cvd_public_metric_v2,CVD-BURDEN-001,cvd_2024_05,monthly,2014_m01,2014-01-01,2014,1,,1,all_cvd,all,all,hospital_registered,hospital_only,not_applicable,observed,monthly_count,65,count,65,,,,,,,,,final,,,,,,,,none,No disclosure restriction identified.,65.000
bnr_cvd_public_metric_v2,CVD-BURDEN-001,cvd_2024_05,monthly,2014_m10,2014-10-01,2014,10,,1,all_cvd,all,all,hospital_registered,hospital_only,not_applicable,observed,monthly_count,72,count,72,,,,,,,,,final,,,,,,,,none,No disclosure restriction identified.,72.000
bnr_cvd_public_metric_v2,CVD-INCIDENCE-001,cvd_2024_05,annual,2014,2014-01-01,2014,,,1,all_cvd,all,all,hospital_registered,hospital_only,not_applicable,observed,annual_crude_rate,256.8726917383994,rate_per_100000,715,278348,,,238.3868615609435,276.4114327906399,95,poisson_exact_garwood,,final,cvd_rates_v1_1_0,UN_WPP_2024,BRB,persons,2026-08-26,historical_estimate,WHO_WORLD_2000_2025,none,No disclosure restriction identified.,256.873
bnr_cvd_public_metric_v2,CVD-BURDEN-001,cvd_2024_05,quarterly,2014_q4,2014-10-01,2014,10,4,1,all_cvd,all,all,hospital_registered,hospital_only,not_applicable,observed,quarterly_same_quarter_previous_5yr_mean,,count,,,,,,,,,4,insufficient_history,,,,,,,,none,No disclosure restriction identified.,.
bnr_cvd_public_metric_v2,CVD-BURDEN-001,cvd_2024_05,annual,2014,2014-01-01,2014,,,1,all_cvd,all,under_70,hospital_registered,hospital_only,not_applicable,observed,annual_previous_5yr_mean,,count,,,,,,,,,4,insufficient_history,,,,,,,,none,No disclosure restriction identified.,.
bnr_cvd_public_metric_v2,CVD-BURDEN-001,cvd_2024_05,quarterly,2014_q1,2014-01-01,2014,1,1,1,all_cvd,all,all,hospital_registered,hospital_only,not_applicable,observed,quarterly_same_quarter_previous_5yr_mean,,count,,,,,,,,,4,insufficient_history,,,,,,,,none,No disclosure restriction identified.,.
bnr_cvd_public_metric_v2,CVD-BURDEN-001,cvd_2024_05,monthly,2014_m03,2014-03-01,2014,3,,1,all_cvd,all,all,hospital_registered,hospital_only,not_applicable,observed,monthly_count,72,count,72,,,,,,,,,final,,,,,,,,none,No disclosure restriction identified.,72.000
bnr_cvd_public_metric_v2,CVD-BURDEN-001,cvd_2024_05,monthly,2014_m04,2014-04-01,2014,4,,1,all_cvd,all,all,hospital_registered,hospital_only,not_applicable,observed,monthly_count,67,count,67,,,,,,,,,final,,,,,,,,none,No disclosure restriction identified.,67.000
bnr_cvd_public_metric_v2,CVD-BURDEN-001,cvd_2024_05,annual,2014,2014-01-01,2014,,,1,all_cvd,all,age_70_plus,hospital_registered,hospital_only,not_applicable,observed,annual_count,373,count,373,,,,,,,,,final,,,,,,,,none,No disclosure restriction identified.,373.000
bnr_cvd_public_metric_v2,CVD-INCIDENCE-001,cvd_2024_05,annual,2014,2014-01-01,2014,,,1,all_cvd,all,all,national_estimate,hospital_plus_dco,inclusive,estimated,annual_crude_rate,313.187089542587,rate_per_100000,871.75,278348,277.3506545762858,415.6667193585009,292.7393593509991,334.6865013082249,95,conditional_gamma,,final,cvd_rates_v1_1_0,UN_WPP_2024,BRB,persons,2026-08-26,historical_estimate,WHO_WORLD_2000_2025,none,No disclosure restriction identified.,313.187
bnr_cvd_public_metric_v2,CVD-BURDEN-001,cvd_2024_05,annual,2014,2014-01-01,2014,,,1,all_cvd,all,all,hospital_registered,hospital_only,not_applicable,observed,annual_previous_5yr_mean,,count,,,,,,,,,4,insufficient_history,,,,,,,,none,No disclosure restriction identified.,.
bnr_cvd_public_metric_v2,CVD-BURDEN-001,cvd_2024_05,annual,2014,2014-01-01,2014,,,1,all_cvd,all,all,national_estimate,hospital_plus_dco,primary,estimated,annual_count,841.984126984127,count,841.984126984127,,763,1074,,,,,,final,cvd_rates_v1_1_0,not_applicable,BRB,not_applicable,not_applicable,not_applicable,not_applicable,none,No disclosure restriction identified.,841.984
bnr_cvd_public_metric_v2,CVD-BURDEN-001,cvd_2024_05,annual,2014,2014-01-01,2014,,,1,all_cvd,all,all,national_estimate,additional_dco,inclusive,estimated,annual_count,156.75,count,156.75,,57,441.9999999999999,,,,,,final,cvd_rates_v1_1_0,not_applicable,BRB,not_applicable,not_applicable,not_applicable,not_applicable,none,No disclosure restriction identified.,156.750
bnr_cvd_public_metric_v2,CVD-BURDEN-001,cvd_2024_05,annual,2014,2014-01-01,2014,,,1,all_cvd,all,all,national_estimate,hospital_plus_dco,inclusive,estimated,annual_count,871.75,count,871.75,,772,1157,,,,,,final,cvd_rates_v1_1_0,not_applicable,BRB,not_applicable,not_applicable,not_applicable,not_applicable,none,No disclosure restriction identified.,871.750
bnr_cvd_public_metric_v2,CVD-BURDEN-001,cvd_2024_05,monthly,2014_m02,2014-02-01,2014,2,,1,all_cvd,all,all,hospital_registered,hospital_only,not_applicable,observed,monthly_count,50,count,50,,,,,,,,,final,,,,,,,,none,No disclosure restriction identified.,50.000
bnr_cvd_public_metric_v2,CVD-BURDEN-001,cvd_2024_05,monthly,2014_m08,2014-08-01,2014,8,,1,all_cvd,all,all,hospital_registered,hospital_only,not_applicable,observed,monthly_count,64,count,64,,,,,,,,,final,,,,,,,,none,No disclosure restriction identified.,64.000
bnr_cvd_public_metric_v2,CVD-BURDEN-001,cvd_2024_05,quarterly,2014_q4,2014-10-01,2014,10,4,1,all_cvd,all,all,hospital_registered,hospital_only,not_applicable,observed,quarterly_count,185,count,185,,,,,,,,,final,,,,,,,,none,No disclosure restriction identified.,185.000
bnr_cvd_public_metric_v2,CVD-BURDEN-002,cvd_2024_05,annual,2014,2014-01-01,2014,,,1,all_cvd,all,age_70_plus,hospital_registered,hospital_only,not_applicable,observed,age_distribution,52.16783216783217,percent,373,715,,,,,,,,final,,,,,,,,none,No disclosure restriction identified.,52.168
bnr_cvd_public_metric_v2,CVD-BURDEN-001,cvd_2024_05,annual,2014,2014-01-01,2014,,,1,all_cvd,female,all,national_estimate,hospital_plus_dco,primary,estimated,annual_count,435.1375661375661,count,435.1375661375661,,394,555.9791666666666,,,,,,final,cvd_rates_v1_1_0,not_applicable,BRB,not_applicable,not_applicable,not_applicable,not_applicable,none,No disclosure restriction identified.,435.138
bnr_cvd_public_metric_v2,CVD-BURDEN-001,cvd_2024_05,annual,2014,2014-01-01,2014,,,1,all_cvd,female,all,hospital_registered,hospital_only,not_applicable,observed,annual_count,369,count,369,,,,,,,,,final,,,,,,,,none,No disclosure restriction identified.,369.000
bnr_cvd_public_metric_v2,CVD-BURDEN-001,cvd_2024_05,annual,2014,2014-01-01,2014,,,1,all_cvd,female,all,national_estimate,additional_dco,inclusive,estimated,annual_count,79.75,count,79.75,,29,224.8771929824561,,,,,,final,cvd_rates_v1_1_0,not_applicable,BRB,not_applicable,not_applicable,not_applicable,not_applicable,none,No disclosure restriction identified.,79.750
bnr_cvd_public_metric_v2,CVD-BURDEN-001,cvd_2024_05,quarterly,2014_q3,2014-07-01,2014,7,3,1,all_cvd,female,all,hospital_registered,hospital_only,not_applicable,observed,quarterly_count,91,count,91,,,,,,,,,final,,,,,,,,none,No disclosure restriction identified.,91.000
bnr_cvd_public_metric_v2,CVD-BURDEN-001,cvd_2024_05,quarterly,2014_q3,2014-07-01,2014,7,3,1,all_cvd,female,all,hospital_registered,hospital_only,not_applicable,observed,quarterly_same_quarter_previous_5yr_mean,,count,,,,,,,,,4,insufficient_history,,,,,,,,none,No disclosure restriction identified.,.
bnr_cvd_public_metric_v2,CVD-INCIDENCE-001,cvd_2024_05,annual,2014,2014-01-01,2014,,,1,all_cvd,female,all,hospital_registered,hospital_only,not_applicable,observed,annual_crude_rate,254.2302816513256,rate_per_100000,369,145144,,,228.9493445404703,281.5401902058834,95,poisson_exact_garwood,,final,cvd_rates_v1_1_0,UN_WPP_2024,BRB,persons,2026-08-26,historical_estimate,WHO_WORLD_2000_2025,none,No disclosure restriction identified.,254.230
bnr_cvd_public_metric_v2,CVD-INCIDENCE-001,cvd_2024_05,annual,2014,2014-01-01,2014,,,1,all_cvd,female,age_standardised,national_estimate,hospital_plus_dco,inclusive,estimated,annual_age_standardised_rate,180.3123805300022,rate_per_100000,,,162.4461949549926,231.4034024374856,163.4920782040653,199.1379950686234,95,conditional_fay_feuer_gamma,,final,cvd_rates_v1_1_0,UN_WPP_2024,BRB,persons,2026-08-26,historical_estimate,WHO_WORLD_2000_2025,none,No disclosure restriction identified.,180.312
bnr_cvd_public_metric_v2,CVD-BURDEN-001,cvd_2024_05,quarterly,2014_q2,2014-04-01,2014,4,2,1,all_cvd,female,all,hospital_registered,hospital_only,not_applicable,observed,quarterly_same_quarter_previous_5yr_mean,,count,,,,,,,,,4,insufficient_history,,,,,,,,none,No disclosure restriction identified.,.
bnr_cvd_public_metric_v2,CVD-BURDEN-001,cvd_2024_05,quarterly,2014_q4,2014-10-01,2014,10,4,1,all_cvd,female,all,hospital_registered,hospital_only,not_applicable,observed,quarterly_same_quarter_previous_5yr_mean,,count,,,,,,,,,4,insufficient_history,,,,,,,,none,No disclosure restriction identified.,.
bnr_cvd_public_metric_v2,CVD-BURDEN-001,cvd_2024_05,quarterly,2014_q1,2014-01-01,2014,1,1,1,all_cvd,female,all,hospital_registered,hospital_only,not_applicable,observed,quarterly_count,92,count,92,,,,,,,,,final,,,,,,,,none,No disclosure restriction identified.,92.000
bnr_cvd_public_metric_v2,CVD-BURDEN-001,cvd_2024_05,quarterly,2014_q1,2014-01-01,2014,1,1,1,all_cvd,female,all,hospital_registered,hospital_only,not_applicable,observed,quarterly_same_quarter_previous_5yr_mean,,count,,,,,,,,,4,insufficient_history,,,,,,,,none,No disclosure restriction identified.,.
bnr_cvd_public_metric_v2,CVD-INCIDENCE-001,cvd_2024_05,annual,2014,2014-01-01,2014,,,1,all_cvd,female,all,national_estimate,hospital_plus_dco,inclusive,estimated,annual_crude_rate,309.1757151518492,rate_per_100000,448.75,145144,274.2104392878796,409.1641356049552,281.228150319769,339.1490246462814,95,conditional_gamma,,final,cvd_rates_v1_1_0,UN_WPP_2024,BRB,persons,2026-08-26,historical_estimate,WHO_WORLD_2000_2025,none,No disclosure restriction identified.,309.176
bnr_cvd_public_metric_v2,CVD-INCIDENCE-001,cvd_2024_05,annual,2014,2014-01-01,2014,,,1,all_cvd,female,age_standardised,hospital_registered,hospital_only,not_applicable,observed,annual_age_standardised_rate,152.2369460549872,rate_per_100000,,,,,136.6033489598651,169.908582253652,95,fay_feuer_gamma,,final,cvd_rates_v1_1_0,UN_WPP_2024,BRB,persons,2026-08-26,historical_estimate,WHO_WORLD_2000_2025,none,No disclosure restriction identified.,152.237
bnr_cvd_public_metric_v2,CVD-INCIDENCE-001,cvd_2024_05,annual,2014,2014-01-01,2014,,,1,all_cvd,female,all,national_estimate,hospital_plus_dco,primary,estimated,annual_crude_rate,299.797143621208,rate_per_100000,435.1375661375661,145144,271.4545554759411,383.0534962979294,272.2868662277925,329.3336532909699,95,conditional_gamma,,final,cvd_rates_v1_1_0,UN_WPP_2024,BRB,persons,2026-08-26,historical_estimate,WHO_WORLD_2000_2025,none,No disclosure restriction identified.,299.797
bnr_cvd_public_metric_v2,CVD-INCIDENCE-001,cvd_2024_05,annual,2014,2014-01-01,2014,,,1,all_cvd,female,age_standardised,national_estimate,hospital_plus_dco,primary,estimated,annual_age_standardised_rate,175.1504936169843,rate_per_100000,,,160.8982670334221,217.0164092061984,158.5560556959749,193.75425629962,95,conditional_fay_feuer_gamma,,final,cvd_rates_v1_1_0,UN_WPP_2024,BRB,persons,2026-08-26,historical_estimate,WHO_WORLD_2000_2025,none,No disclosure restriction identified.,175.150
bnr_cvd_public_metric_v2,CVD-BURDEN-001,cvd_2024_05,quarterly,2014_q4,2014-10-01,2014,10,4,1,all_cvd,female,all,hospital_registered,hospital_only,not_applicable,observed,quarterly_count,100,count,100,,,,,,,,,final,,,,,,,,none,No disclosure restriction identified.,100.000
bnr_cvd_public_metric_v2,CVD-BURDEN-002,cvd_2024_05,annual,2014,2014-01-01,2014,,,1,all_cvd,female,all,hospital_registered,hospital_only,not_applicable,observed,sex_distribution,51.60839160839161,percent,369,715,,,,,,,,final,,,,,,,,none,No disclosure restriction identified.,51.608
bnr_cvd_public_metric_v2,CVD-BURDEN-001,cvd_2024_05,annual,2014,2014-01-01,2014,,,1,all_cvd,female,all,national_estimate,additional_dco,primary,estimated,annual_count,66.13756613756613,count,66.13756613756613,,25,186.9791666666667,,,,,,final,cvd_rates_v1_1_0,not_applicable,BRB,not_applicable,not_applicable,not_applicable,not_applicable,none,No disclosure restriction identified.,66.138
bnr_cvd_public_metric_v2,CVD-BURDEN-001,cvd_2024_05,quarterly,2014_q2,2014-04-01,2014,4,2,1,all_cvd,female,all,hospital_registered,hospital_only,not_applicable,observed,quarterly_count,86,count,86,,,,,,,,,final,,,,,,,,none,No disclosure restriction identified.,86.000
bnr_cvd_public_metric_v2,CVD-BURDEN-001,cvd_2024_05,annual,2014,2014-01-01,2014,,,1,all_cvd,female,all,national_estimate,hospital_plus_dco,inclusive,estimated,annual_count,448.75,count,448.75,,398,593.8771929824561,,,,,,final,cvd_rates_v1_1_0,not_applicable,BRB,not_applicable,not_applicable,not_applicable,not_applicable,none,No disclosure restriction identified.,448.750
bnr_cvd_public_metric_v2,CVD-BURDEN-001,cvd_2024_05,annual,2014,2014-01-01,2014,,,1,all_cvd,female,all,hospital_registered,hospital_only,not_applicable,observed,annual_previous_5yr_mean,,count,,,,,,,,,4,insufficient_history,,,,,,,,none,No disclosure restriction identified.,.
bnr_cvd_public_metric_v2,CVD-BURDEN-001,cvd_2024_05,quarterly,2014_q1,2014-01-01,2014,1,1,1,all_cvd,male,all,hospital_registered,hospital_only,not_applicable,observed,quarterly_count,95,count,95,,,,,,,,,final,,,,,,,,none,No disclosure restriction identified.,95.000
bnr_cvd_public_metric_v2,CVD-BURDEN-001,cvd_2024_05,quarterly,2014_q2,2014-04-01,2014,4,2,1,all_cvd,male,all,hospital_registered,hospital_only,not_applicable,observed,quarterly_same_quarter_previous_5yr_mean,,count,,,,,,,,,4,insufficient_history,,,,,,,,none,No disclosure restriction identified.,.
bnr_cvd_public_metric_v2,CVD-BURDEN-001,cvd_2024_05,annual,2014,2014-01-01,2014,,,1,all_cvd,male,all,national_estimate,additional_dco,inclusive,estimated,annual_count,77,count,77,,28,217.1228070175438,,,,,,final,cvd_rates_v1_1_0,not_applicable,BRB,not_applicable,not_applicable,not_applicable,not_applicable,none,No disclosure restriction identified.,77.000
bnr_cvd_public_metric_v2,CVD-INCIDENCE-001,cvd_2024_05,annual,2014,2014-01-01,2014,,,1,all_cvd,male,age_standardised,national_estimate,hospital_plus_dco,primary,estimated,annual_age_standardised_rate,239.2560687213667,rate_per_100000,,,214.8986912770446,310.8058649640629,215.0831412175937,267.6933830471329,95,conditional_fay_feuer_gamma,,final,cvd_rates_v1_1_0,UN_WPP_2024,BRB,persons,2026-08-26,historical_estimate,WHO_WORLD_2000_2025,none,No disclosure restriction identified.,239.256
bnr_cvd_public_metric_v2,CVD-INCIDENCE-001,cvd_2024_05,annual,2014,2014-01-01,2014,,,1,all_cvd,male,all,hospital_registered,hospital_only,not_applicable,observed,annual_crude_rate,259.7519594006186,rate_per_100000,346,133204,,,233.1001754796297,288.6158179260968,95,poisson_exact_garwood,,final,cvd_rates_v1_1_0,UN_WPP_2024,BRB,persons,2026-08-26,historical_estimate,WHO_WORLD_2000_2025,none,No disclosure restriction identified.,259.752
bnr_cvd_public_metric_v2,CVD-BURDEN-001,cvd_2024_05,annual,2014,2014-01-01,2014,,,1,all_cvd,male,all,hospital_registered,hospital_only,not_applicable,observed,annual_previous_5yr_mean,,count,,,,,,,,,4,insufficient_history,,,,,,,,none,No disclosure restriction identified.,.
bnr_cvd_public_metric_v2,CVD-BURDEN-001,cvd_2024_05,quarterly,2014_q3,2014-07-01,2014,7,3,1,all_cvd,male,all,hospital_registered,hospital_only,not_applicable,observed,quarterly_count,90,count,90,,,,,,,,,final,,,,,,,,none,No disclosure restriction identified.,90.000
bnr_cvd_public_metric_v2,CVD-BURDEN-001,cvd_2024_05,quarterly,2014_q3,2014-07-01,2014,7,3,1,all_cvd,male,all,hospital_registered,hospital_only,not_applicable,observed,quarterly_same_quarter_previous_5yr_mean,,count,,,,,,,,,4,insufficient_history,,,,,,,,none,No disclosure restriction identified.,.
bnr_cvd_public_metric_v2,CVD-INCIDENCE-001,cvd_2024_05,annual,2014,2014-01-01,2014,,,1,all_cvd,male,all,national_estimate,hospital_plus_dco,primary,estimated,annual_crude_rate,305.4311888881421,rate_per_100000,406.8465608465608,133204,277.0187081469025,388.8928510655336,276.4697275332022,336.6016957047954,95,conditional_gamma,,final,cvd_rates_v1_1_0,UN_WPP_2024,BRB,persons,2026-08-26,historical_estimate,WHO_WORLD_2000_2025,none,No disclosure restriction identified.,305.431
bnr_cvd_public_metric_v2,CVD-INCIDENCE-001,cvd_2024_05,annual,2014,2014-01-01,2014,,,1,all_cvd,male,age_standardised,national_estimate,hospital_plus_dco,inclusive,estimated,annual_age_standardised_rate,247.9920750027226,rate_per_100000,,,217.5129441258915,335.151694878573,223.4210123884325,276.8141964320549,95,conditional_fay_feuer_gamma,,final,cvd_rates_v1_1_0,UN_WPP_2024,BRB,persons,2026-08-26,historical_estimate,WHO_WORLD_2000_2025,none,No disclosure restriction identified.,247.992
bnr_cvd_public_metric_v2,CVD-INCIDENCE-001,cvd_2024_05,annual,2014,2014-01-01,2014,,,1,all_cvd,male,age_standardised,hospital_registered,hospital_only,not_applicable,observed,annual_age_standardised_rate,200.0962979105595,rate_per_100000,,,,,178.7585136220146,225.6806414291151,95,fay_feuer_gamma,,final,cvd_rates_v1_1_0,UN_WPP_2024,BRB,persons,2026-08-26,historical_estimate,WHO_WORLD_2000_2025,none,No disclosure restriction identified.,200.096
bnr_cvd_public_metric_v2,CVD-INCIDENCE-001,cvd_2024_05,annual,2014,2014-01-01,2014,,,1,all_cvd,male,all,national_estimate,hospital_plus_dco,inclusive,estimated,annual_crude_rate,317.5580312903517,rate_per_100000,423,133204,280.7723491787033,422.7521748727845,288.0130030622904,349.3114121829053,95,conditional_gamma,,final,cvd_rates_v1_1_0,UN_WPP_2024,BRB,persons,2026-08-26,historical_estimate,WHO_WORLD_2000_2025,none,No disclosure restriction identified.,317.558
bnr_cvd_public_metric_v2,CVD-BURDEN-001,cvd_2024_05,quarterly,2014_q4,2014-10-01,2014,10,4,1,all_cvd,male,all,hospital_registered,hospital_only,not_applicable,observed,quarterly_count,85,count,85,,,,,,,,,final,,,,,,,,none,No disclosure restriction identified.,85.000
bnr_cvd_public_metric_v2,CVD-BURDEN-001,cvd_2024_05,annual,2014,2014-01-01,2014,,,1,all_cvd,male,all,national_estimate,hospital_plus_dco,inclusive,estimated,annual_count,423,count,423,,374,563.1228070175439,,,,,,final,cvd_rates_v1_1_0,not_applicable,BRB,not_applicable,not_applicable,not_applicable,not_applicable,none,No disclosure restriction identified.,423.000
bnr_cvd_public_metric_v2,CVD-BURDEN-001,cvd_2024_05,quarterly,2014_q4,2014-10-01,2014,10,4,1,all_cvd,male,all,hospital_registered,hospital_only,not_applicable,observed,quarterly_same_quarter_previous_5yr_mean,,count,,,,,,,,,4,insufficient_history,,,,,,,,none,No disclosure restriction identified.,.
bnr_cvd_public_metric_v2,CVD-BURDEN-001,cvd_2024_05,quarterly,2014_q1,2014-01-01,2014,1,1,1,all_cvd,male,all,hospital_registered,hospital_only,not_applicable,observed,quarterly_same_quarter_previous_5yr_mean,,count,,,,,,,,,4,insufficient_history,,,,,,,,none,No disclosure restriction identified.,.
bnr_cvd_public_metric_v2,CVD-BURDEN-001,cvd_2024_05,annual,2014,2014-01-01,2014,,,1,all_cvd,male,all,national_estimate,additional_dco,primary,estimated,annual_count,60.84656084656083,count,60.84656084656083,,23,172.0208333333333,,,,,,final,cvd_rates_v1_1_0,not_applicable,BRB,not_applicable,not_applicable,not_applicable,not_applicable,none,No disclosure restriction identified.,60.847
bnr_cvd_public_metric_v2,CVD-BURDEN-001,cvd_2024_05,quarterly,2014_q2,2014-04-01,2014,4,2,1,all_cvd,male,all,hospital_registered,hospital_only,not_applicable,observed,quarterly_count,76,count,76,,,,,,,,,final,,,,,,,,none,No disclosure restriction identified.,76.000
bnr_cvd_public_metric_v2,CVD-BURDEN-001,cvd_2024_05,annual,2014,2014-01-01,2014,,,1,all_cvd,male,all,hospital_registered,hospital_only,not_applicable,observed,annual_count,346,count,346,,,,,,,,,final,,,,,,,,none,No disclosure restriction identified.,346.000
bnr_cvd_public_metric_v2,CVD-BURDEN-001,cvd_2024_05,annual,2014,2014-01-01,2014,,,1,all_cvd,male,all,national_estimate,hospital_plus_dco,primary,estimated,annual_count,406.8465608465608,count,406.8465608465608,,369,518.0208333333334,,,,,,final,cvd_rates_v1_1_0,not_applicable,BRB,not_applicable,not_applicable,not_applicable,not_applicable,none,No disclosure restriction identified.,406.847
bnr_cvd_public_metric_v2,CVD-BURDEN-002,cvd_2024_05,annual,2014,2014-01-01,2014,,,1,all_cvd,male,all,hospital_registered,hospital_only,not_applicable,observed,sex_distribution,48.39160839160839,percent,346,715,,,,,,,,final,,,,,,,,none,No disclosure restriction identified.,48.392
bnr_cvd_public_metric_v2,CVD-INCIDENCE-001,cvd_2024_05,annual,2014,2014-01-01,2014,,,1,heart,all,all,national_estimate,hospital_plus_dco,primary,estimated,annual_crude_rate,99.27430494490433,rate_per_100000,276.3280423280423,278348,89.81562648195784,127.0591729298097,87.91317836588711,111.6962372743384,95,conditional_gamma,,final,cvd_rates_v1_1_0,UN_WPP_2024,BRB,persons,2026-08-26,historical_estimate,WHO_WORLD_2000_2025,none,No disclosure restriction identified.,99.274
bnr_cvd_public_metric_v2,CVD-INCIDENCE-001,cvd_2024_05,annual,2014,2014-01-01,2014,,,1,heart,all,age_standardised,hospital_registered,hospital_only,not_applicable,observed,annual_age_standardised_rate,56.58276019985158,rate_per_100000,,,,,49.47036619502109,64.76232174647039,95,fay_feuer_gamma,,final,cvd_rates_v1_1_0,UN_WPP_2024,BRB,persons,2026-08-26,historical_estimate,WHO_WORLD_2000_2025,none,No disclosure restriction identified.,56.583
bnr_cvd_public_metric_v2,CVD-BURDEN-001,cvd_2024_05,annual,2014,2014-01-01,2014,,,1,heart,all,all,national_estimate,additional_dco,inclusive,estimated,annual_count,57.75,count,57.75,,21,162.8421052631579,,,,,,final,cvd_rates_v1_1_0,not_applicable,BRB,not_applicable,not_applicable,not_applicable,not_applicable,none,No disclosure restriction identified.,57.750
bnr_cvd_public_metric_v2,CVD-BURDEN-001,cvd_2024_05,quarterly,2014_q3,2014-07-01,2014,7,3,1,heart,all,all,hospital_registered,hospital_only,not_applicable,observed,quarterly_count,62,count,62,,,,,,,,,final,,,,,,,,none,No disclosure restriction identified.,62.000
bnr_cvd_public_metric_v2,CVD-BURDEN-001,cvd_2024_05,quarterly,2014_q3,2014-07-01,2014,7,3,1,heart,all,all,hospital_registered,hospital_only,not_applicable,observed,quarterly_same_quarter_previous_5yr_mean,,count,,,,,,,,,4,insufficient_history,,,,,,,,none,No disclosure restriction identified.,.
bnr_cvd_public_metric_v2,CVD-INCIDENCE-001,cvd_2024_05,annual,2014,2014-01-01,2014,,,1,heart,all,all,national_estimate,hospital_plus_dco,inclusive,estimated,annual_crude_rate,104.8148361044448,rate_per_100000,291.75,278348,91.611939011597,142.5704891945183,93.13141859456933,117.5585023103496,95,conditional_gamma,,final,cvd_rates_v1_1_0,UN_WPP_2024,BRB,persons,2026-08-26,historical_estimate,WHO_WORLD_2000_2025,none,No disclosure restriction identified.,104.815
bnr_cvd_public_metric_v2,CVD-BURDEN-001,cvd_2024_05,annual,2014,2014-01-01,2014,,,1,heart,all,all,national_estimate,hospital_plus_dco,inclusive,estimated,annual_count,291.75,count,291.75,,255,396.8421052631579,,,,,,final,cvd_rates_v1_1_0,not_applicable,BRB,not_applicable,not_applicable,not_applicable,not_applicable,none,No disclosure restriction identified.,291.750
bnr_cvd_public_metric_v2,CVD-BURDEN-001,cvd_2024_05,quarterly,2014_q4,2014-10-01,2014,10,4,1,heart,all,all,hospital_registered,hospital_only,not_applicable,observed,quarterly_same_quarter_previous_5yr_mean,,count,,,,,,,,,4,insufficient_history,,,,,,,,none,No disclosure restriction identified.,.
bnr_cvd_public_metric_v2,CVD-BURDEN-001,cvd_2024_05,quarterly,2014_q1,2014-01-01,2014,1,1,1,heart,all,all,hospital_registered,hospital_only,not_applicable,observed,quarterly_count,58,count,58,,,,,,,,,final,,,,,,,,none,No disclosure restriction identified.,58.000
bnr_cvd_public_metric_v2,CVD-BURDEN-002,cvd_2024_05,annual,2014,2014-01-01,2014,,,1,heart,all,all,hospital_registered,hospital_only,not_applicable,observed,event_type_distribution,32.72727272727273,percent,234,715,,,,,,,,final,,,,,,,,none,No disclosure restriction identified.,32.727
bnr_cvd_public_metric_v2,CVD-BURDEN-001,cvd_2024_05,annual,2014,2014-01-01,2014,,,1,heart,all,all,national_estimate,additional_dco,primary,estimated,annual_count,42.32804232804232,count,42.32804232804232,,16,119.6666666666667,,,,,,final,cvd_rates_v1_1_0,not_applicable,BRB,not_applicable,not_applicable,not_applicable,not_applicable,none,No disclosure restriction identified.,42.328
bnr_cvd_public_metric_v2,CVD-BURDEN-001,cvd_2024_05,quarterly,2014_q1,2014-01-01,2014,1,1,1,heart,all,all,hospital_registered,hospital_only,not_applicable,observed,quarterly_same_quarter_previous_5yr_mean,,count,,,,,,,,,4,insufficient_history,,,,,,,,none,No disclosure restriction identified.,.
bnr_cvd_public_metric_v2,CVD-BURDEN-001,cvd_2024_05,annual,2014,2014-01-01,2014,,,1,heart,all,all,hospital_registered,hospital_only,not_applicable,observed,annual_count,234,count,234,,,,,,,,,final,,,,,,,,none,No disclosure restriction identified.,234.000
bnr_cvd_public_metric_v2,CVD-INCIDENCE-001,cvd_2024_05,annual,2014,2014-01-01,2014,,,1,heart,all,age_standardised,national_estimate,hospital_plus_dco,inclusive,estimated,annual_age_standardised_rate,68.7708282177985,rate_per_100000,,,61.01478493365047,90.95039059176571,60.99623178070533,77.59529072762435,95,conditional_fay_feuer_gamma,,final,cvd_rates_v1_1_0,UN_WPP_2024,BRB,persons,2026-08-26,historical_estimate,WHO_WORLD_2000_2025,none,No disclosure restriction identified.,68.771
bnr_cvd_public_metric_v2,CVD-INCIDENCE-001,cvd_2024_05,annual,2014,2014-01-01,2014,,,1,heart,all,all,hospital_registered,hospital_only,not_applicable,observed,annual_crude_rate,84.06742638711253,rate_per_100000,234,278348,,,73.64033854027193,95.55712046598916,95,poisson_exact_garwood,,final,cvd_rates_v1_1_0,UN_WPP_2024,BRB,persons,2026-08-26,historical_estimate,WHO_WORLD_2000_2025,none,No disclosure restriction identified.,84.067
bnr_cvd_public_metric_v2,CVD-BURDEN-001,cvd_2024_05,quarterly,2014_q2,2014-04-01,2014,4,2,1,heart,all,all,hospital_registered,hospital_only,not_applicable,observed,quarterly_same_quarter_previous_5yr_mean,,count,,,,,,,,,4,insufficient_history,,,,,,,,none,No disclosure restriction identified.,.
bnr_cvd_public_metric_v2,CVD-BURDEN-001,cvd_2024_05,annual,2014,2014-01-01,2014,,,1,heart,all,all,hospital_registered,hospital_only,not_applicable,observed,annual_previous_5yr_mean,,count,,,,,,,,,4,insufficient_history,,,,,,,,none,No disclosure restriction identified.,.
bnr_cvd_public_metric_v2,CVD-INCIDENCE-001,cvd_2024_05,annual,2014,2014-01-01,2014,,,1,heart,all,age_standardised,national_estimate,hospital_plus_dco,primary,estimated,annual_age_standardised_rate,65.49235042078568,rate_per_100000,,,59.95058530336467,81.77128545320994,57.89011146005525,74.14856704489235,95,conditional_fay_feuer_gamma,,final,cvd_rates_v1_1_0,UN_WPP_2024,BRB,persons,2026-08-26,historical_estimate,WHO_WORLD_2000_2025,none,No disclosure restriction identified.,65.492
bnr_cvd_public_metric_v2,CVD-BURDEN-001,cvd_2024_05,annual,2014,2014-01-01,2014,,,1,heart,all,all,national_estimate,hospital_plus_dco,primary,estimated,annual_count,276.3280423280423,count,276.3280423280423,,250,353.6666666666667,,,,,,final,cvd_rates_v1_1_0,not_applicable,BRB,not_applicable,not_applicable,not_applicable,not_applicable,none,No disclosure restriction identified.,276.328
bnr_cvd_public_metric_v2,CVD-BURDEN-001,cvd_2024_05,quarterly,2014_q4,2014-10-01,2014,10,4,1,heart,all,all,hospital_registered,hospital_only,not_applicable,observed,quarterly_count,64,count,64,,,,,,,,,final,,,,,,,,none,No disclosure restriction identified.,64.000
bnr_cvd_public_metric_v2,CVD-BURDEN-001,cvd_2024_05,quarterly,2014_q2,2014-04-01,2014,4,2,1,heart,all,all,hospital_registered,hospital_only,not_applicable,observed,quarterly_count,50,count,50,,,,,,,,,final,,,,,,,,none,No disclosure restriction identified.,50.000
bnr_cvd_public_metric_v2,CVD-INCIDENCE-001,cvd_2024_05,annual,2014,2014-01-01,2014,,,1,heart,female,all,national_estimate,hospital_plus_dco,inclusive,estimated,annual_crude_rate,94.04453508240093,rate_per_100000,136.5,145144,81.98754340517003,128.5233007558857,78.93020751098935,111.2099899108073,95,conditional_gamma,,final,cvd_rates_v1_1_0,UN_WPP_2024,BRB,persons,2026-08-26,historical_estimate,WHO_WORLD_2000_2025,none,No disclosure restriction identified.,94.045
bnr_cvd_public_metric_v2,CVD-BURDEN-001,cvd_2024_05,annual,2014,2014-01-01,2014,,,1,heart,female,all,national_estimate,additional_dco,primary,estimated,annual_count,23.8095238095238,count,23.8095238095238,,9,67.3125,,,,,,final,cvd_rates_v1_1_0,not_applicable,BRB,not_applicable,not_applicable,not_applicable,not_applicable,none,No disclosure restriction identified.,23.810
bnr_cvd_public_metric_v2,CVD-BURDEN-002,cvd_2024_05,annual,2014,2014-01-01,2014,,,1,heart,female,all,hospital_registered,hospital_only,not_applicable,observed,sex_distribution,46.58119658119658,percent,109,234,,,,,,,,final,,,,,,,,none,No disclosure restriction identified.,46.581
bnr_cvd_public_metric_v2,CVD-INCIDENCE-001,cvd_2024_05,annual,2014,2014-01-01,2014,,,1,heart,female,age_standardised,national_estimate,hospital_plus_dco,inclusive,estimated,annual_age_standardised_rate,54.12700005810533,rate_per_100000,,,48.22955192622229,70.99163243524455,45.20831216088394,65.14310703122088,95,conditional_fay_feuer_gamma,,final,cvd_rates_v1_1_0,UN_WPP_2024,BRB,persons,2026-08-26,historical_estimate,WHO_WORLD_2000_2025,none,No disclosure restriction identified.,54.127
bnr_cvd_public_metric_v2,CVD-BURDEN-001,cvd_2024_05,annual,2014,2014-01-01,2014,,,1,heart,female,all,hospital_registered,hospital_only,not_applicable,observed,annual_previous_5yr_mean,,count,,,,,,,,,4,insufficient_history,,,,,,,,none,No disclosure restriction identified.,.
bnr_cvd_public_metric_v2,CVD-BURDEN-001,cvd_2024_05,annual,2014,2014-01-01,2014,,,1,heart,female,all,national_estimate,additional_dco,inclusive,estimated,annual_count,27.5,count,27.5,,10,77.54385964912279,,,,,,final,cvd_rates_v1_1_0,not_applicable,BRB,not_applicable,not_applicable,not_applicable,not_applicable,none,No disclosure restriction identified.,27.500
bnr_cvd_public_metric_v2,CVD-BURDEN-001,cvd_2024_05,quarterly,2014_q2,2014-04-01,2014,4,2,1,heart,female,all,hospital_registered,hospital_only,not_applicable,observed,quarterly_count,24,count,24,,,,,,,,,final,,,,,,,,none,No disclosure restriction identified.,24.000
bnr_cvd_public_metric_v2,CVD-INCIDENCE-001,cvd_2024_05,annual,2014,2014-01-01,2014,,,1,heart,female,all,national_estimate,hospital_plus_dco,primary,estimated,annual_crude_rate,91.50190418448148,rate_per_100000,132.8095238095238,145144,81.29857245218543,121.4741911481012,76.60244028018595,108.4532708258452,95,conditional_gamma,,final,cvd_rates_v1_1_0,UN_WPP_2024,BRB,persons,2026-08-26,historical_estimate,WHO_WORLD_2000_2025,none,No disclosure restriction identified.,91.502
bnr_cvd_public_metric_v2,CVD-INCIDENCE-001,cvd_2024_05,annual,2014,2014-01-01,2014,,,1,heart,female,age_standardised,hospital_registered,hospital_only,not_applicable,observed,annual_age_standardised_rate,44.85958156514627,rate_per_100000,,,,,36.6411166928912,55.22338734029401,95,fay_feuer_gamma,,final,cvd_rates_v1_1_0,UN_WPP_2024,BRB,persons,2026-08-26,historical_estimate,WHO_WORLD_2000_2025,none,No disclosure restriction identified.,44.860
bnr_cvd_public_metric_v2,CVD-BURDEN-001,cvd_2024_05,quarterly,2014_q4,2014-10-01,2014,10,4,1,heart,female,all,hospital_registered,hospital_only,not_applicable,observed,quarterly_same_quarter_previous_5yr_mean,,count,,,,,,,,,4,insufficient_history,,,,,,,,none,No disclosure restriction identified.,.
bnr_cvd_public_metric_v2,CVD-BURDEN-001,cvd_2024_05,quarterly,2014_q4,2014-10-01,2014,10,4,1,heart,female,all,hospital_registered,hospital_only,not_applicable,observed,quarterly_count,29,count,29,,,,,,,,,final,,,,,,,,none,No disclosure restriction identified.,29.000
bnr_cvd_public_metric_v2,CVD-BURDEN-001,cvd_2024_05,annual,2014,2014-01-01,2014,,,1,heart,female,all,national_estimate,hospital_plus_dco,inclusive,estimated,annual_count,136.5,count,136.5,,119,186.5438596491228,,,,,,final,cvd_rates_v1_1_0,not_applicable,BRB,not_applicable,not_applicable,not_applicable,not_applicable,none,No disclosure restriction identified.,136.500
bnr_cvd_public_metric_v2,CVD-INCIDENCE-001,cvd_2024_05,annual,2014,2014-01-01,2014,,,1,heart,female,all,hospital_registered,hospital_only,not_applicable,observed,annual_crude_rate,75.09783387532381,rate_per_100000,109,145144,,,61.66313588276456,90.59033895816229,95,poisson_exact_garwood,,final,cvd_rates_v1_1_0,UN_WPP_2024,BRB,persons,2026-08-26,historical_estimate,WHO_WORLD_2000_2025,none,No disclosure restriction identified.,75.098
bnr_cvd_public_metric_v2,CVD-BURDEN-001,cvd_2024_05,quarterly,2014_q3,2014-07-01,2014,7,3,1,heart,female,all,hospital_registered,hospital_only,not_applicable,observed,quarterly_same_quarter_previous_5yr_mean,,count,,,,,,,,,4,insufficient_history,,,,,,,,none,No disclosure restriction identified.,.
bnr_cvd_public_metric_v2,CVD-INCIDENCE-001,cvd_2024_05,annual,2014,2014-01-01,2014,,,1,heart,female,age_standardised,national_estimate,hospital_plus_dco,primary,estimated,annual_age_standardised_rate,52.95693664480208,rate_per_100000,,,47.92038178525616,67.7518165447182,44.11791600786429,63.89954478935625,95,conditional_fay_feuer_gamma,,final,cvd_rates_v1_1_0,UN_WPP_2024,BRB,persons,2026-08-26,historical_estimate,WHO_WORLD_2000_2025,none,No disclosure restriction identified.,52.957
bnr_cvd_public_metric_v2,CVD-BURDEN-001,cvd_2024_05,quarterly,2014_q1,2014-01-01,2014,1,1,1,heart,female,all,hospital_registered,hospital_only,not_applicable,observed,quarterly_count,26,count,26,,,,,,,,,final,,,,,,,,none,No disclosure restriction identified.,26.000
bnr_cvd_public_metric_v2,CVD-BURDEN-001,cvd_2024_05,annual,2014,2014-01-01,2014,,,1,heart,female,all,hospital_registered,hospital_only,not_applicable,observed,annual_count,109,count,109,,,,,,,,,final,,,,,,,,none,No disclosure restriction identified.,109.000
bnr_cvd_public_metric_v2,CVD-BURDEN-001,cvd_2024_05,annual,2014,2014-01-01,2014,,,1,heart,female,all,national_estimate,hospital_plus_dco,primary,estimated,annual_count,132.8095238095238,count,132.8095238095238,,118,176.3125,,,,,,final,cvd_rates_v1_1_0,not_applicable,BRB,not_applicable,not_applicable,not_applicable,not_applicable,none,No disclosure restriction identified.,132.810
bnr_cvd_public_metric_v2,CVD-BURDEN-001,cvd_2024_05,quarterly,2014_q3,2014-07-01,2014,7,3,1,heart,female,all,hospital_registered,hospital_only,not_applicable,observed,quarterly_count,30,count,30,,,,,,,,,final,,,,,,,,none,No disclosure restriction identified.,30.000
bnr_cvd_public_metric_v2,CVD-BURDEN-001,cvd_2024_05,quarterly,2014_q1,2014-01-01,2014,1,1,1,heart,female,all,hospital_registered,hospital_only,not_applicable,observed,quarterly_same_quarter_previous_5yr_mean,,count,,,,,,,,,4,insufficient_history,,,,,,,,none,No disclosure restriction identified.,.
bnr_cvd_public_metric_v2,CVD-BURDEN-001,cvd_2024_05,quarterly,2014_q2,2014-04-01,2014,4,2,1,heart,female,all,hospital_registered,hospital_only,not_applicable,observed,quarterly_same_quarter_previous_5yr_mean,,count,,,,,,,,,4,insufficient_history,,,,,,,,none,No disclosure restriction identified.,.
bnr_cvd_public_metric_v2,CVD-INCIDENCE-001,cvd_2024_05,annual,2014,2014-01-01,2014,,,1,heart,male,age_standardised,hospital_registered,hospital_only,not_applicable,observed,annual_age_standardised_rate,70.65313746095586,rate_per_100000,,,,,58.7313443439534,87.1474527105464,95,fay_feuer_gamma,,final,cvd_rates_v1_1_0,UN_WPP_2024,BRB,persons,2026-08-26,historical_estimate,WHO_WORLD_2000_2025,none,No disclosure restriction identified.,70.653
bnr_cvd_public_metric_v2,CVD-BURDEN-001,cvd_2024_05,annual,2014,2014-01-01,2014,,,1,heart,male,all,hospital_registered,hospital_only,not_applicable,observed,annual_previous_5yr_mean,,count,,,,,,,,,4,insufficient_history,,,,,,,,none,No disclosure restriction identified.,.
bnr_cvd_public_metric_v2,CVD-BURDEN-002,cvd_2024_05,annual,2014,2014-01-01,2014,,,1,heart,male,all,hospital_registered,hospital_only,not_applicable,observed,sex_distribution,53.41880341880342,percent,125,234,,,,,,,,final,,,,,,,,none,No disclosure restriction identified.,53.419
bnr_cvd_public_metric_v2,CVD-BURDEN-001,cvd_2024_05,quarterly,2014_q1,2014-01-01,2014,1,1,1,heart,male,all,hospital_registered,hospital_only,not_applicable,observed,quarterly_count,32,count,32,,,,,,,,,final,,,,,,,,none,No disclosure restriction identified.,32.000
bnr_cvd_public_metric_v2,CVD-INCIDENCE-001,cvd_2024_05,annual,2014,2014-01-01,2014,,,1,heart,male,all,national_estimate,hospital_plus_dco,inclusive,estimated,annual_crude_rate,116.5505540374163,rate_per_100000,155.25,133204,102.099036064983,157.8768247305149,98.93807333478821,136.3941973547196,95,conditional_gamma,,final,cvd_rates_v1_1_0,UN_WPP_2024,BRB,persons,2026-08-26,historical_estimate,WHO_WORLD_2000_2025,none,No disclosure restriction identified.,116.551
bnr_cvd_public_metric_v2,CVD-BURDEN-001,cvd_2024_05,quarterly,2014_q3,2014-07-01,2014,7,3,1,heart,male,all,hospital_registered,hospital_only,not_applicable,observed,quarterly_count,32,count,32,,,,,,,,,final,,,,,,,,none,No disclosure restriction identified.,32.000
bnr_cvd_public_metric_v2,CVD-BURDEN-001,cvd_2024_05,annual,2014,2014-01-01,2014,,,1,heart,male,all,national_estimate,hospital_plus_dco,inclusive,estimated,annual_count,155.25,count,155.25,,136,210.2982456140351,,,,,,final,cvd_rates_v1_1_0,not_applicable,BRB,not_applicable,not_applicable,not_applicable,not_applicable,none,No disclosure restriction identified.,155.250
bnr_cvd_public_metric_v2,CVD-INCIDENCE-001,cvd_2024_05,annual,2014,2014-01-01,2014,,,1,heart,male,age_standardised,national_estimate,hospital_plus_dco,inclusive,estimated,annual_age_standardised_rate,87.15342127940266,rate_per_100000,,,76.65324066766379,117.180253555077,73.89504391797618,104.8818553710209,95,conditional_fay_feuer_gamma,,final,cvd_rates_v1_1_0,UN_WPP_2024,BRB,persons,2026-08-26,historical_estimate,WHO_WORLD_2000_2025,none,No disclosure restriction identified.,87.153
bnr_cvd_public_metric_v2,CVD-INCIDENCE-001,cvd_2024_05,annual,2014,2014-01-01,2014,,,1,heart,male,all,national_estimate,hospital_plus_dco,primary,estimated,annual_crude_rate,107.7433999868761,rate_per_100000,143.5185185185185,133204,99.09612323954235,133.1447754321692,90.83759889101252,126.8826680861772,95,conditional_gamma,,final,cvd_rates_v1_1_0,UN_WPP_2024,BRB,persons,2026-08-26,historical_estimate,WHO_WORLD_2000_2025,none,No disclosure restriction identified.,107.743
bnr_cvd_public_metric_v2,CVD-BURDEN-001,cvd_2024_05,annual,2014,2014-01-01,2014,,,1,heart,male,all,national_estimate,additional_dco,inclusive,estimated,annual_count,30.25,count,30.25,,11,85.29824561403508,,,,,,final,cvd_rates_v1_1_0,not_applicable,BRB,not_applicable,not_applicable,not_applicable,not_applicable,none,No disclosure restriction identified.,30.250
bnr_cvd_public_metric_v2,CVD-BURDEN-001,cvd_2024_05,quarterly,2014_q2,2014-04-01,2014,4,2,1,heart,male,all,hospital_registered,hospital_only,not_applicable,observed,quarterly_same_quarter_previous_5yr_mean,,count,,,,,,,,,4,insufficient_history,,,,,,,,none,No disclosure restriction identified.,.
bnr_cvd_public_metric_v2,CVD-BURDEN-001,cvd_2024_05,quarterly,2014_q2,2014-04-01,2014,4,2,1,heart,male,all,hospital_registered,hospital_only,not_applicable,observed,quarterly_count,26,count,26,,,,,,,,,final,,,,,,,,none,No disclosure restriction identified.,26.000
bnr_cvd_public_metric_v2,CVD-BURDEN-001,cvd_2024_05,annual,2014,2014-01-01,2014,,,1,heart,male,all,hospital_registered,hospital_only,not_applicable,observed,annual_count,125,count,125,,,,,,,,,final,,,,,,,,none,No disclosure restriction identified.,125.000
bnr_cvd_public_metric_v2,CVD-BURDEN-001,cvd_2024_05,annual,2014,2014-01-01,2014,,,1,heart,male,all,national_estimate,hospital_plus_dco,primary,estimated,annual_count,143.5185185185185,count,143.5185185185185,,132,177.3541666666667,,,,,,final,cvd_rates_v1_1_0,not_applicable,BRB,not_applicable,not_applicable,not_applicable,not_applicable,none,No disclosure restriction identified.,143.519
bnr_cvd_public_metric_v2,CVD-BURDEN-001,cvd_2024_05,quarterly,2014_q1,2014-01-01,2014,1,1,1,heart,male,all,hospital_registered,hospital_only,not_applicable,observed,quarterly_same_quarter_previous_5yr_mean,,count,,,,,,,,,4,insufficient_history,,,,,,,,none,No disclosure restriction identified.,.
bnr_cvd_public_metric_v2,CVD-INCIDENCE-001,cvd_2024_05,annual,2014,2014-01-01,2014,,,1,heart,male,age_standardised,national_estimate,hospital_plus_dco,primary,estimated,annual_age_standardised_rate,80.92871817409126,rate_per_100000,,,74.53730697052104,99.70348858457882,68.14199187730151,98.22233400996883,95,conditional_fay_feuer_gamma,,final,cvd_rates_v1_1_0,UN_WPP_2024,BRB,persons,2026-08-26,historical_estimate,WHO_WORLD_2000_2025,none,No disclosure restriction identified.,80.929
bnr_cvd_public_metric_v2,CVD-INCIDENCE-001,cvd_2024_05,annual,2014,2014-01-01,2014,,,1,heart,male,all,hospital_registered,hospital_only,not_applicable,observed,annual_crude_rate,93.84102579502117,rate_per_100000,125,133204,,,78.1124433744484,111.8073458356599,95,poisson_exact_garwood,,final,cvd_rates_v1_1_0,UN_WPP_2024,BRB,persons,2026-08-26,historical_estimate,WHO_WORLD_2000_2025,none,No disclosure restriction identified.,93.841
bnr_cvd_public_metric_v2,CVD-BURDEN-001,cvd_2024_05,annual,2014,2014-01-01,2014,,,1,heart,male,all,national_estimate,additional_dco,primary,estimated,annual_count,18.51851851851851,count,18.51851851851851,,7,52.35416666666666,,,,,,final,cvd_rates_v1_1_0,not_applicable,BRB,not_applicable,not_applicable,not_applicable,not_applicable,none,No disclosure restriction identified.,18.519
bnr_cvd_public_metric_v2,CVD-BURDEN-001,cvd_2024_05,quarterly,2014_q3,2014-07-01,2014,7,3,1,heart,male,all,hospital_registered,hospital_only,not_applicable,observed,quarterly_same_quarter_previous_5yr_mean,,count,,,,,,,,,4,insufficient_history,,,,,,,,none,No disclosure restriction identified.,.
bnr_cvd_public_metric_v2,CVD-BURDEN-001,cvd_2024_05,quarterly,2014_q4,2014-10-01,2014,10,4,1,heart,male,all,hospital_registered,hospital_only,not_applicable,observed,quarterly_same_quarter_previous_5yr_mean,,count,,,,,,,,,4,insufficient_history,,,,,,,,none,No disclosure restriction identified.,.
bnr_cvd_public_metric_v2,CVD-BURDEN-001,cvd_2024_05,quarterly,2014_q4,2014-10-01,2014,10,4,1,heart,male,all,hospital_registered,hospital_only,not_applicable,observed,quarterly_count,35,count,35,,,,,,,,,final,,,,,,,,none,No disclosure restriction identified.,35.000
bnr_cvd_public_metric_v2,CVD-BURDEN-001,cvd_2024_05,annual,2014,2014-01-01,2014,,,1,stroke,all,all,national_estimate,additional_dco,inclusive,estimated,annual_count,,count,,,,,,,,,,final,cvd_rates_v1_1_0,not_applicable,BRB,not_applicable,not_applicable,not_applicable,not_applicable,secondary,Secondary suppression: protects a related confidential value.,*
bnr_cvd_public_metric_v2,CVD-BURDEN-001,cvd_2024_05,quarterly,2014_q3,2014-07-01,2014,7,3,1,stroke,all,all,hospital_registered,hospital_only,not_applicable,observed,quarterly_same_quarter_previous_5yr_mean,,count,,,,,,,,,4,insufficient_history,,,,,,,,none,No disclosure restriction identified.,.
bnr_cvd_public_metric_v2,CVD-INCIDENCE-001,cvd_2024_05,annual,2014,2014-01-01,2014,,,1,stroke,all,all,hospital_registered,hospital_only,not_applicable,observed,annual_crude_rate,172.8052653512869,rate_per_100000,481,278348,,,157.7052763962718,188.9610158227345,95,poisson_exact_garwood,,final,cvd_rates_v1_1_0,UN_WPP_2024,BRB,persons,2026-08-26,historical_estimate,WHO_WORLD_2000_2025,none,No disclosure restriction identified.,172.805
bnr_cvd_public_metric_v2,CVD-INCIDENCE-001,cvd_2024_05,annual,2014,2014-01-01,2014,,,1,stroke,all,age_standardised,national_estimate,hospital_plus_dco,inclusive,estimated,annual_age_standardised_rate,,rate_per_100000,,,,,,,95,conditional_fay_feuer_gamma,,final,cvd_rates_v1_1_0,UN_WPP_2024,BRB,persons,2026-08-26,historical_estimate,WHO_WORLD_2000_2025,secondary,Secondary suppression: protects a related confidential value.,*
bnr_cvd_public_metric_v2,CVD-BURDEN-001,cvd_2024_05,annual,2014,2014-01-01,2014,,,1,stroke,all,all,national_estimate,hospital_plus_dco,inclusive,estimated,annual_count,,count,,,,,,,,,,final,cvd_rates_v1_1_0,not_applicable,BRB,not_applicable,not_applicable,not_applicable,not_applicable,secondary,Secondary suppression: protects a related confidential value.,*
bnr_cvd_public_metric_v2,CVD-BURDEN-002,cvd_2024_05,annual,2014,2014-01-01,2014,,,1,stroke,all,all,hospital_registered,hospital_only,not_applicable,observed,event_type_distribution,67.27272727272727,percent,481,715,,,,,,,,final,,,,,,,,none,No disclosure restriction identified.,67.273
bnr_cvd_public_metric_v2,CVD-BURDEN-001,cvd_2024_05,quarterly,2014_q2,2014-04-01,2014,4,2,1,stroke,all,all,hospital_registered,hospital_only,not_applicable,observed,quarterly_count,112,count,112,,,,,,,,,final,,,,,,,,none,No disclosure restriction identified.,112.000
bnr_cvd_public_metric_v2,CVD-BURDEN-001,cvd_2024_05,quarterly,2014_q4,2014-10-01,2014,10,4,1,stroke,all,all,hospital_registered,hospital_only,not_applicable,observed,quarterly_same_quarter_previous_5yr_mean,,count,,,,,,,,,4,insufficient_history,,,,,,,,none,No disclosure restriction identified.,.
bnr_cvd_public_metric_v2,CVD-BURDEN-001,cvd_2024_05,annual,2014,2014-01-01,2014,,,1,stroke,all,all,hospital_registered,hospital_only,not_applicable,observed,annual_count,481,count,481,,,,,,,,,final,,,,,,,,none,No disclosure restriction identified.,481.000
bnr_cvd_public_metric_v2,CVD-BURDEN-001,cvd_2024_05,quarterly,2014_q1,2014-01-01,2014,1,1,1,stroke,all,all,hospital_registered,hospital_only,not_applicable,observed,quarterly_same_quarter_previous_5yr_mean,,count,,,,,,,,,4,insufficient_history,,,,,,,,none,No disclosure restriction identified.,.
bnr_cvd_public_metric_v2,CVD-BURDEN-001,cvd_2024_05,quarterly,2014_q4,2014-10-01,2014,10,4,1,stroke,all,all,hospital_registered,hospital_only,not_applicable,observed,quarterly_count,121,count,121,,,,,,,,,final,,,,,,,,none,No disclosure restriction identified.,121.000
bnr_cvd_public_metric_v2,CVD-BURDEN-001,cvd_2024_05,annual,2014,2014-01-01,2014,,,1,stroke,all,all,national_estimate,hospital_plus_dco,primary,estimated,annual_count,,count,,,,,,,,,,final,cvd_rates_v1_1_0,not_applicable,BRB,not_applicable,not_applicable,not_applicable,not_applicable,secondary,Secondary suppression: protects a related confidential value.,*
bnr_cvd_public_metric_v2,CVD-INCIDENCE-001,cvd_2024_05,annual,2014,2014-01-01,2014,,,1,stroke,all,age_standardised,national_estimate,hospital_plus_dco,primary,estimated,annual_age_standardised_rate,,rate_per_100000,,,,,,,95,conditional_fay_feuer_gamma,,final,cvd_rates_v1_1_0,UN_WPP_2024,BRB,persons,2026-08-26,historical_estimate,WHO_WORLD_2000_2025,secondary,Secondary suppression: protects a related confidential value.,*
bnr_cvd_public_metric_v2,CVD-BURDEN-001,cvd_2024_05,annual,2014,2014-01-01,2014,,,1,stroke,all,all,hospital_registered,hospital_only,not_applicable,observed,annual_previous_5yr_mean,,count,,,,,,,,,4,insufficient_history,,,,,,,,none,No disclosure restriction identified.,.
bnr_cvd_public_metric_v2,CVD-INCIDENCE-001,cvd_2024_05,annual,2014,2014-01-01,2014,,,1,stroke,all,all,national_estimate,hospital_plus_dco,primary,estimated,annual_crude_rate,,rate_per_100000,,,,,,,95,conditional_gamma,,final,cvd_rates_v1_1_0,UN_WPP_2024,BRB,persons,2026-08-26,historical_estimate,WHO_WORLD_2000_2025,secondary,Secondary suppression: protects a related confidential value.,*
bnr_cvd_public_metric_v2,CVD-BURDEN-001,cvd_2024_05,quarterly,2014_q1,2014-01-01,2014,1,1,1,stroke,all,all,hospital_registered,hospital_only,not_applicable,observed,quarterly_count,129,count,129,,,,,,,,,final,,,,,,,,none,No disclosure restriction identified.,129.000
bnr_cvd_public_metric_v2,CVD-BURDEN-001,cvd_2024_05,quarterly,2014_q3,2014-07-01,2014,7,3,1,stroke,all,all,hospital_registered,hospital_only,not_applicable,observed,quarterly_count,119,count,119,,,,,,,,,final,,,,,,,,none,No disclosure restriction identified.,119.000
bnr_cvd_public_metric_v2,CVD-BURDEN-001,cvd_2024_05,quarterly,2014_q2,2014-04-01,2014,4,2,1,stroke,all,all,hospital_registered,hospital_only,not_applicable,observed,quarterly_same_quarter_previous_5yr_mean,,count,,,,,,,,,4,insufficient_history,,,,,,,,none,No disclosure restriction identified.,.
bnr_cvd_public_metric_v2,CVD-INCIDENCE-001,cvd_2024_05,annual,2014,2014-01-01,2014,,,1,stroke,all,age_standardised,hospital_registered,hospital_only,not_applicable,observed,annual_age_standardised_rate,116.7303474079054,rate_per_100000,,,,,106.3165376299475,128.1970132114088,95,fay_feuer_gamma,,final,cvd_rates_v1_1_0,UN_WPP_2024,BRB,persons,2026-08-26,historical_estimate,WHO_WORLD_2000_2025,none,No disclosure restriction identified.,116.730
bnr_cvd_public_metric_v2,CVD-BURDEN-001,cvd_2024_05,annual,2014,2014-01-01,2014,,,1,stroke,all,all,national_estimate,additional_dco,primary,estimated,annual_count,,count,,,,,,,,,,final,cvd_rates_v1_1_0,not_applicable,BRB,not_applicable,not_applicable,not_applicable,not_applicable,secondary,Secondary suppression: protects a related confidential value.,*
bnr_cvd_public_metric_v2,CVD-INCIDENCE-001,cvd_2024_05,annual,2014,2014-01-01,2014,,,1,stroke,all,all,national_estimate,hospital_plus_dco,inclusive,estimated,annual_crude_rate,,rate_per_100000,,,,,,,95,conditional_gamma,,final,cvd_rates_v1_1_0,UN_WPP_2024,BRB,persons,2026-08-26,historical_estimate,WHO_WORLD_2000_2025,secondary,Secondary suppression: protects a related confidential value.,*
bnr_cvd_public_metric_v2,CVD-BURDEN-001,cvd_2024_05,quarterly,2014_q1,2014-01-01,2014,1,1,1,stroke,female,all,hospital_registered,hospital_only,not_applicable,observed,quarterly_same_quarter_previous_5yr_mean,,count,,,,,,,,,4,insufficient_history,,,,,,,,none,No disclosure restriction identified.,.
bnr_cvd_public_metric_v2,CVD-BURDEN-001,cvd_2024_05,quarterly,2014_q4,2014-10-01,2014,10,4,1,stroke,female,all,hospital_registered,hospital_only,not_applicable,observed,quarterly_same_quarter_previous_5yr_mean,,count,,,,,,,,,4,insufficient_history,,,,,,,,none,No disclosure restriction identified.,.
bnr_cvd_public_metric_v2,CVD-BURDEN-001,cvd_2024_05,annual,2014,2014-01-01,2014,,,1,stroke,female,all,national_estimate,additional_dco,primary,estimated,annual_count,42.32804232804232,count,42.32804232804232,,16,119.6666666666667,,,,,,final,cvd_rates_v1_1_0,not_applicable,BRB,not_applicable,not_applicable,not_applicable,not_applicable,none,No disclosure restriction identified.,42.328
bnr_cvd_public_metric_v2,CVD-BURDEN-001,cvd_2024_05,quarterly,2014_q2,2014-04-01,2014,4,2,1,stroke,female,all,hospital_registered,hospital_only,not_applicable,observed,quarterly_same_quarter_previous_5yr_mean,,count,,,,,,,,,4,insufficient_history,,,,,,,,none,No disclosure restriction identified.,.
bnr_cvd_public_metric_v2,CVD-INCIDENCE-001,cvd_2024_05,annual,2014,2014-01-01,2014,,,1,stroke,female,all,national_estimate,hospital_plus_dco,inclusive,estimated,annual_crude_rate,,rate_per_100000,,,,,,,95,conditional_gamma,,final,cvd_rates_v1_1_0,UN_WPP_2024,BRB,persons,2026-08-26,historical_estimate,WHO_WORLD_2000_2025,secondary,Secondary suppression: protects a related confidential value.,*
bnr_cvd_public_metric_v2,CVD-BURDEN-001,cvd_2024_05,annual,2014,2014-01-01,2014,,,1,stroke,female,all,hospital_registered,hospital_only,not_applicable,observed,annual_previous_5yr_mean,,count,,,,,,,,,4,insufficient_history,,,,,,,,none,No disclosure restriction identified.,.
bnr_cvd_public_metric_v2,CVD-BURDEN-001,cvd_2024_05,annual,2014,2014-01-01,2014,,,1,stroke,female,all,national_estimate,additional_dco,inclusive,estimated,annual_count,,count,,,,,,,,,,final,cvd_rates_v1_1_0,not_applicable,BRB,not_applicable,not_applicable,not_applicable,not_applicable,secondary,Secondary suppression: protects a related confidential value.,*
bnr_cvd_public_metric_v2,CVD-BURDEN-001,cvd_2024_05,quarterly,2014_q2,2014-04-01,2014,4,2,1,stroke,female,all,hospital_registered,hospital_only,not_applicable,observed,quarterly_count,62,count,62,,,,,,,,,final,,,,,,,,none,No disclosure restriction identified.,62.000
bnr_cvd_public_metric_v2,CVD-INCIDENCE-001,cvd_2024_05,annual,2014,2014-01-01,2014,,,1,stroke,female,all,national_estimate,hospital_plus_dco,primary,estimated,annual_crude_rate,208.2952394367265,rate_per_100000,302.3280423280423,145144,190.1559830237557,261.5793051498281,185.4749880592333,233.1480835282149,95,conditional_gamma,,final,cvd_rates_v1_1_0,UN_WPP_2024,BRB,persons,2026-08-26,historical_estimate,WHO_WORLD_2000_2025,none,No disclosure restriction identified.,208.295
bnr_cvd_public_metric_v2,CVD-BURDEN-002,cvd_2024_05,annual,2014,2014-01-01,2014,,,1,stroke,female,all,hospital_registered,hospital_only,not_applicable,observed,sex_distribution,54.05405405405406,percent,260,481,,,,,,,,final,,,,,,,,none,No disclosure restriction identified.,54.054
bnr_cvd_public_metric_v2,CVD-INCIDENCE-001,cvd_2024_05,annual,2014,2014-01-01,2014,,,1,stroke,female,age_standardised,national_estimate,hospital_plus_dco,inclusive,estimated,annual_age_standardised_rate,,rate_per_100000,,,,,,,95,conditional_fay_feuer_gamma,,final,cvd_rates_v1_1_0,UN_WPP_2024,BRB,persons,2026-08-26,historical_estimate,WHO_WORLD_2000_2025,secondary,Secondary suppression: protects a related confidential value.,*
bnr_cvd_public_metric_v2,CVD-INCIDENCE-001,cvd_2024_05,annual,2014,2014-01-01,2014,,,1,stroke,female,age_standardised,national_estimate,hospital_plus_dco,primary,estimated,annual_age_standardised_rate,122.1935569721823,rate_per_100000,,,112.9778852481659,149.2645926614801,108.3352264831448,138.0948645326057,95,conditional_fay_feuer_gamma,,final,cvd_rates_v1_1_0,UN_WPP_2024,BRB,persons,2026-08-26,historical_estimate,WHO_WORLD_2000_2025,none,No disclosure restriction identified.,122.194
bnr_cvd_public_metric_v2,CVD-BURDEN-001,cvd_2024_05,annual,2014,2014-01-01,2014,,,1,stroke,female,all,hospital_registered,hospital_only,not_applicable,observed,annual_count,260,count,260,,,,,,,,,final,,,,,,,,none,No disclosure restriction identified.,260.000
bnr_cvd_public_metric_v2,CVD-BURDEN-001,cvd_2024_05,annual,2014,2014-01-01,2014,,,1,stroke,female,all,national_estimate,hospital_plus_dco,primary,estimated,annual_count,302.3280423280423,count,302.3280423280423,,276,379.6666666666666,,,,,,final,cvd_rates_v1_1_0,not_applicable,BRB,not_applicable,not_applicable,not_applicable,not_applicable,none,No disclosure restriction identified.,302.328
bnr_cvd_public_metric_v2,CVD-BURDEN-001,cvd_2024_05,quarterly,2014_q1,2014-01-01,2014,1,1,1,stroke,female,all,hospital_registered,hospital_only,not_applicable,observed,quarterly_count,66,count,66,,,,,,,,,final,,,,,,,,none,No disclosure restriction identified.,66.000
bnr_cvd_public_metric_v2,CVD-BURDEN-001,cvd_2024_05,quarterly,2014_q3,2014-07-01,2014,7,3,1,stroke,female,all,hospital_registered,hospital_only,not_applicable,observed,quarterly_count,61,count,61,,,,,,,,,final,,,,,,,,none,No disclosure restriction identified.,61.000
bnr_cvd_public_metric_v2,CVD-BURDEN-001,cvd_2024_05,annual,2014,2014-01-01,2014,,,1,stroke,female,all,national_estimate,hospital_plus_dco,inclusive,estimated,annual_count,,count,,,,,,,,,,final,cvd_rates_v1_1_0,not_applicable,BRB,not_applicable,not_applicable,not_applicable,not_applicable,secondary,Secondary suppression: protects a related confidential value.,*
bnr_cvd_public_metric_v2,CVD-BURDEN-001,cvd_2024_05,quarterly,2014_q3,2014-07-01,2014,7,3,1,stroke,female,all,hospital_registered,hospital_only,not_applicable,observed,quarterly_same_quarter_previous_5yr_mean,,count,,,,,,,,,4,insufficient_history,,,,,,,,none,No disclosure restriction identified.,.
bnr_cvd_public_metric_v2,CVD-BURDEN-001,cvd_2024_05,quarterly,2014_q4,2014-10-01,2014,10,4,1,stroke,female,all,hospital_registered,hospital_only,not_applicable,observed,quarterly_count,71,count,71,,,,,,,,,final,,,,,,,,none,No disclosure restriction identified.,71.000
bnr_cvd_public_metric_v2,CVD-INCIDENCE-001,cvd_2024_05,annual,2014,2014-01-01,2014,,,1,stroke,female,age_standardised,hospital_registered,hospital_only,not_applicable,observed,annual_age_standardised_rate,107.3773644898409,rate_per_100000,,,,,94.26780903791671,122.5577370242347,95,fay_feuer_gamma,,final,cvd_rates_v1_1_0,UN_WPP_2024,BRB,persons,2026-08-26,historical_estimate,WHO_WORLD_2000_2025,none,No disclosure restriction identified.,107.377
bnr_cvd_public_metric_v2,CVD-INCIDENCE-001,cvd_2024_05,annual,2014,2014-01-01,2014,,,1,stroke,female,all,hospital_registered,hospital_only,not_applicable,observed,annual_crude_rate,179.1324477760018,rate_per_100000,260,145144,,,158.0182972834576,202.2821769363068,95,poisson_exact_garwood,,final,cvd_rates_v1_1_0,UN_WPP_2024,BRB,persons,2026-08-26,historical_estimate,WHO_WORLD_2000_2025,none,No disclosure restriction identified.,179.132
bnr_cvd_public_metric_v2,CVD-INCIDENCE-001,cvd_2024_05,annual,2014,2014-01-01,2014,,,1,stroke,male,all,national_estimate,hospital_plus_dco,primary,estimated,annual_crude_rate,,rate_per_100000,,,,,,,95,conditional_gamma,,final,cvd_rates_v1_1_0,UN_WPP_2024,BRB,persons,2026-08-26,historical_estimate,WHO_WORLD_2000_2025,secondary,Secondary suppression: protects a related confidential value.,*
bnr_cvd_public_metric_v2,CVD-BURDEN-001,cvd_2024_05,quarterly,2014_q4,2014-10-01,2014,10,4,1,stroke,male,all,hospital_registered,hospital_only,not_applicable,observed,quarterly_count,50,count,50,,,,,,,,,final,,,,,,,,none,No disclosure restriction identified.,50.000
bnr_cvd_public_metric_v2,CVD-INCIDENCE-001,cvd_2024_05,annual,2014,2014-01-01,2014,,,1,stroke,male,age_standardised,national_estimate,hospital_plus_dco,inclusive,estimated,annual_age_standardised_rate,,rate_per_100000,,,,,,,95,conditional_fay_feuer_gamma,,final,cvd_rates_v1_1_0,UN_WPP_2024,BRB,persons,2026-08-26,historical_estimate,WHO_WORLD_2000_2025,secondary,Secondary suppression: protects a related confidential value.,*
bnr_cvd_public_metric_v2,CVD-BURDEN-001,cvd_2024_05,quarterly,2014_q3,2014-07-01,2014,7,3,1,stroke,male,all,hospital_registered,hospital_only,not_applicable,observed,quarterly_count,58,count,58,,,,,,,,,final,,,,,,,,none,No disclosure restriction identified.,58.000
bnr_cvd_public_metric_v2,CVD-INCIDENCE-001,cvd_2024_05,annual,2014,2014-01-01,2014,,,1,stroke,male,all,national_estimate,hospital_plus_dco,inclusive,estimated,annual_crude_rate,,rate_per_100000,,,,,,,95,conditional_gamma,,final,cvd_rates_v1_1_0,UN_WPP_2024,BRB,persons,2026-08-26,historical_estimate,WHO_WORLD_2000_2025,secondary,Secondary suppression: protects a related confidential value.,*
bnr_cvd_public_metric_v2,CVD-BURDEN-001,cvd_2024_05,annual,2014,2014-01-01,2014,,,1,stroke,male,all,national_estimate,hospital_plus_dco,primary,estimated,annual_count,,count,,,,,,,,,,final,cvd_rates_v1_1_0,not_applicable,BRB,not_applicable,not_applicable,not_applicable,not_applicable,secondary,Secondary suppression: protects a related confidential value.,*
bnr_cvd_public_metric_v2,CVD-BURDEN-001,cvd_2024_05,quarterly,2014_q1,2014-01-01,2014,1,1,1,stroke,male,all,hospital_registered,hospital_only,not_applicable,observed,quarterly_same_quarter_previous_5yr_mean,,count,,,,,,,,,4,insufficient_history,,,,,,,,none,No disclosure restriction identified.,.
bnr_cvd_public_metric_v2,CVD-BURDEN-001,cvd_2024_05,annual,2014,2014-01-01,2014,,,1,stroke,male,all,national_estimate,additional_dco,primary,estimated,annual_count,,count,,,,,,,,,,final,cvd_rates_v1_1_0,not_applicable,BRB,not_applicable,not_applicable,not_applicable,not_applicable,secondary,Secondary suppression: protects a related confidential value.,*
bnr_cvd_public_metric_v2,CVD-BURDEN-001,cvd_2024_05,quarterly,2014_q2,2014-04-01,2014,4,2,1,stroke,male,all,hospital_registered,hospital_only,not_applicable,observed,quarterly_same_quarter_previous_5yr_mean,,count,,,,,,,,,4,insufficient_history,,,,,,,,none,No disclosure restriction identified.,.
bnr_cvd_public_metric_v2,CVD-BURDEN-001,cvd_2024_05,annual,2014,2014-01-01,2014,,,1,stroke,male,all,national_estimate,additional_dco,inclusive,estimated,annual_count,,count,,,,,,,,,,final,cvd_rates_v1_1_0,not_applicable,BRB,not_applicable,not_applicable,not_applicable,not_applicable,secondary,Secondary suppression: protects a related confidential value.,*
bnr_cvd_public_metric_v2,CVD-BURDEN-001,cvd_2024_05,quarterly,2014_q4,2014-10-01,2014,10,4,1,stroke,male,all,hospital_registered,hospital_only,not_applicable,observed,quarterly_same_quarter_previous_5yr_mean,,count,,,,,,,,,4,insufficient_history,,,,,,,,none,No disclosure restriction identified.,.
bnr_cvd_public_metric_v2,CVD-BURDEN-001,cvd_2024_05,annual,2014,2014-01-01,2014,,,1,stroke,male,all,hospital_registered,hospital_only,not_applicable,observed,annual_previous_5yr_mean,,count,,,,,,,,,4,insufficient_history,,,,,,,,none,No disclosure restriction identified.,.
bnr_cvd_public_metric_v2,CVD-BURDEN-001,cvd_2024_05,annual,2014,2014-01-01,2014,,,1,stroke,male,all,hospital_registered,hospital_only,not_applicable,observed,annual_count,221,count,221,,,,,,,,,final,,,,,,,,none,No disclosure restriction identified.,221.000
bnr_cvd_public_metric_v2,CVD-INCIDENCE-001,cvd_2024_05,annual,2014,2014-01-01,2014,,,1,stroke,male,age_standardised,hospital_registered,hospital_only,not_applicable,observed,annual_age_standardised_rate,129.4431604496036,rate_per_100000,,,,,112.0258951767754,151.285083410344,95,fay_feuer_gamma,,final,cvd_rates_v1_1_0,UN_WPP_2024,BRB,persons,2026-08-26,historical_estimate,WHO_WORLD_2000_2025,none,No disclosure restriction identified.,129.443
bnr_cvd_public_metric_v2,CVD-BURDEN-001,cvd_2024_05,quarterly,2014_q3,2014-07-01,2014,7,3,1,stroke,male,all,hospital_registered,hospital_only,not_applicable,observed,quarterly_same_quarter_previous_5yr_mean,,count,,,,,,,,,4,insufficient_history,,,,,,,,none,No disclosure restriction identified.,.
bnr_cvd_public_metric_v2,CVD-BURDEN-001,cvd_2024_05,quarterly,2014_q2,2014-04-01,2014,4,2,1,stroke,male,all,hospital_registered,hospital_only,not_applicable,observed,quarterly_count,50,count,50,,,,,,,,,final,,,,,,,,none,No disclosure restriction identified.,50.000
bnr_cvd_public_metric_v2,CVD-INCIDENCE-001,cvd_2024_05,annual,2014,2014-01-01,2014,,,1,stroke,male,age_standardised,national_estimate,hospital_plus_dco,primary,estimated,annual_age_standardised_rate,,rate_per_100000,,,,,,,95,conditional_fay_feuer_gamma,,final,cvd_rates_v1_1_0,UN_WPP_2024,BRB,persons,2026-08-26,historical_estimate,WHO_WORLD_2000_2025,secondary,Secondary suppression: protects a related confidential value.,*
bnr_cvd_public_metric_v2,CVD-BURDEN-001,cvd_2024_05,annual,2014,2014-01-01,2014,,,1,stroke,male,all,national_estimate,hospital_plus_dco,inclusive,estimated,annual_count,,count,,,,,,,,,,final,cvd_rates_v1_1_0,not_applicable,BRB,not_applicable,not_applicable,not_applicable,not_applicable,secondary,Secondary suppression: protects a related confidential value.,*
bnr_cvd_public_metric_v2,CVD-BURDEN-002,cvd_2024_05,annual,2014,2014-01-01,2014,,,1,stroke,male,all,hospital_registered,hospital_only,not_applicable,observed,sex_distribution,45.94594594594595,percent,221,481,,,,,,,,final,,,,,,,,none,No disclosure restriction identified.,45.946
bnr_cvd_public_metric_v2,CVD-INCIDENCE-001,cvd_2024_05,annual,2014,2014-01-01,2014,,,1,stroke,male,all,hospital_registered,hospital_only,not_applicable,observed,annual_crude_rate,165.9109336055974,rate_per_100000,221,133204,,,144.7564951982178,189.2871989242503,95,poisson_exact_garwood,,final,cvd_rates_v1_1_0,UN_WPP_2024,BRB,persons,2026-08-26,historical_estimate,WHO_WORLD_2000_2025,none,No disclosure restriction identified.,165.911
bnr_cvd_public_metric_v2,CVD-BURDEN-001,cvd_2024_05,quarterly,2014_q1,2014-01-01,2014,1,1,1,stroke,male,all,hospital_registered,hospital_only,not_applicable,observed,quarterly_count,63,count,63,,,,,,,,,final,,,,,,,,none,No disclosure restriction identified.,63.000
bnr_cvd_public_metric_v2,CVD-BURDEN-001,cvd_2024_05,annual,2015,2015-01-01,2015,,,1,all_cvd,all,all,national_estimate,additional_dco,inclusive,estimated,annual_count,197.0833333333333,count,197.0833333333333,,77,470.0000000000001,,,,,,final,cvd_rates_v1_1_0,not_applicable,BRB,not_applicable,not_applicable,not_applicable,not_applicable,none,No disclosure restriction identified.,197.083
bnr_cvd_public_metric_v2,CVD-INCIDENCE-001,cvd_2024_05,annual,2015,2015-01-01,2015,,,1,all_cvd,all,all,national_estimate,hospital_plus_dco,inclusive,estimated,annual_crude_rate,319.7545909650286,rate_per_100000,892.0833333333333,278990,276.7124269687086,417.5776909566651,299.1133818719091,341.4449265333266,95,conditional_gamma,,final,cvd_rates_v1_1_0,UN_WPP_2024,BRB,persons,2026-08-26,historical_estimate,WHO_WORLD_2000_2025,none,No disclosure restriction identified.,319.755
bnr_cvd_public_metric_v2,CVD-BURDEN-001,cvd_2024_05,annual,2015,2015-01-01,2015,,,1,all_cvd,all,under_70,hospital_registered,hospital_only,not_applicable,observed,annual_previous_5yr_mean,296.8,count,1484,,,,,,,,5,final,,,,,,,,none,No disclosure restriction identified.,296.800
bnr_cvd_public_metric_v2,CVD-INCIDENCE-001,cvd_2024_05,annual,2015,2015-01-01,2015,,,1,all_cvd,all,age_standardised,national_estimate,hospital_plus_dco,inclusive,estimated,annual_age_standardised_rate,211.4477992109105,rate_per_100000,,,184.3300005282044,273.0791598534244,197.5381198500477,226.395464379214,95,conditional_fay_feuer_gamma,,final,cvd_rates_v1_1_0,UN_WPP_2024,BRB,persons,2026-08-26,historical_estimate,WHO_WORLD_2000_2025,none,No disclosure restriction identified.,211.448
bnr_cvd_public_metric_v2,CVD-BURDEN-001,cvd_2024_05,annual,2015,2015-01-01,2015,,,1,all_cvd,all,under_70,hospital_registered,hospital_only,not_applicable,observed,annual_count,350,count,350,,,,,,,,,final,,,,,,,,none,No disclosure restriction identified.,350.000
bnr_cvd_public_metric_v2,CVD-BURDEN-001,cvd_2024_05,quarterly,2015_q1,2015-01-01,2015,1,1,1,all_cvd,all,all,hospital_registered,hospital_only,not_applicable,observed,quarterly_count,197,count,197,,,,,,,,,final,,,,,,,,none,No disclosure restriction identified.,197.000
bnr_cvd_public_metric_v2,CVD-BURDEN-001,cvd_2024_05,monthly,2015_m12,2015-12-01,2015,12,,1,all_cvd,all,all,hospital_registered,hospital_only,not_applicable,observed,monthly_count,44,count,44,,,,,,,,,final,,,,,,,,none,No disclosure restriction identified.,44.000
bnr_cvd_public_metric_v2,CVD-BURDEN-001,cvd_2024_05,monthly,2015_m05,2015-05-01,2015,5,,1,all_cvd,all,all,hospital_registered,hospital_only,not_applicable,observed,monthly_count,56,count,56,,,,,,,,,final,,,,,,,,none,No disclosure restriction identified.,56.000
bnr_cvd_public_metric_v2,CVD-BURDEN-002,cvd_2024_05,annual,2015,2015-01-01,2015,,,1,all_cvd,all,age_70_plus,hospital_registered,hospital_only,not_applicable,observed,age_distribution,49.64028776978417,percent,345,695,,,,,,,,final,,,,,,,,none,No disclosure restriction identified.,49.640
bnr_cvd_public_metric_v2,CVD-BURDEN-001,cvd_2024_05,monthly,2015_m01,2015-01-01,2015,1,,1,all_cvd,all,all,hospital_registered,hospital_only,not_applicable,observed,monthly_count,68,count,68,,,,,,,,,final,,,,,,,,none,No disclosure restriction identified.,68.000
bnr_cvd_public_metric_v2,CVD-BURDEN-001,cvd_2024_05,monthly,2015_m07,2015-07-01,2015,7,,1,all_cvd,all,all,hospital_registered,hospital_only,not_applicable,observed,monthly_count,63,count,63,,,,,,,,,final,,,,,,,,none,No disclosure restriction identified.,63.000
bnr_cvd_public_metric_v2,CVD-INCIDENCE-001,cvd_2024_05,annual,2015,2015-01-01,2015,,,1,all_cvd,all,all,national_estimate,hospital_plus_dco,primary,estimated,annual_crude_rate,307.8166879736829,rate_per_100000,858.7777777777778,278990,273.1280691064196,389.6196996308111,287.570934063583,329.1117919937768,95,conditional_gamma,,final,cvd_rates_v1_1_0,UN_WPP_2024,BRB,persons,2026-08-26,historical_estimate,WHO_WORLD_2000_2025,none,No disclosure restriction identified.,307.817
bnr_cvd_public_metric_v2,CVD-BURDEN-001,cvd_2024_05,monthly,2015_m08,2015-08-01,2015,8,,1,all_cvd,all,all,hospital_registered,hospital_only,not_applicable,observed,monthly_count,53,count,53,,,,,,,,,final,,,,,,,,none,No disclosure restriction identified.,53.000
bnr_cvd_public_metric_v2,CVD-BURDEN-001,cvd_2024_05,quarterly,2015_q1,2015-01-01,2015,1,1,1,all_cvd,all,all,hospital_registered,hospital_only,not_applicable,observed,quarterly_same_quarter_previous_5yr_mean,160,count,800,,,,,,,,5,final,,,,,,,,none,No disclosure restriction identified.,160.000
bnr_cvd_public_metric_v2,CVD-BURDEN-001,cvd_2024_05,monthly,2015_m10,2015-10-01,2015,10,,1,all_cvd,all,all,hospital_registered,hospital_only,not_applicable,observed,monthly_count,61,count,61,,,,,,,,,final,,,,,,,,none,No disclosure restriction identified.,61.000
bnr_cvd_public_metric_v2,CVD-BURDEN-001,cvd_2024_05,annual,2015,2015-01-01,2015,,,1,all_cvd,all,all,national_estimate,additional_dco,primary,estimated,annual_count,163.7777777777778,count,163.7777777777778,,67,392,,,,,,final,cvd_rates_v1_1_0,not_applicable,BRB,not_applicable,not_applicable,not_applicable,not_applicable,none,No disclosure restriction identified.,163.778
bnr_cvd_public_metric_v2,CVD-BURDEN-001,cvd_2024_05,annual,2015,2015-01-01,2015,,,1,all_cvd,all,all,hospital_registered,hospital_only,not_applicable,observed,annual_count,695,count,695,,,,,,,,,final,,,,,,,,none,No disclosure restriction identified.,695.000
bnr_cvd_public_metric_v2,CVD-BURDEN-001,cvd_2024_05,quarterly,2015_q3,2015-07-01,2015,7,3,1,all_cvd,all,all,hospital_registered,hospital_only,not_applicable,observed,quarterly_same_quarter_previous_5yr_mean,148.4,count,742,,,,,,,,5,final,,,,,,,,none,No disclosure restriction identified.,148.400
bnr_cvd_public_metric_v2,CVD-INCIDENCE-001,cvd_2024_05,annual,2015,2015-01-01,2015,,,1,all_cvd,all,age_standardised,national_estimate,hospital_plus_dco,primary,estimated,annual_age_standardised_rate,203.5831005240921,rate_per_100000,,,181.9312388119089,254.6427147110315,189.9406616946504,218.2641713692126,95,conditional_fay_feuer_gamma,,final,cvd_rates_v1_1_0,UN_WPP_2024,BRB,persons,2026-08-26,historical_estimate,WHO_WORLD_2000_2025,none,No disclosure restriction identified.,203.583
bnr_cvd_public_metric_v2,CVD-INCIDENCE-001,cvd_2024_05,annual,2015,2015-01-01,2015,,,1,all_cvd,all,age_standardised,hospital_registered,hospital_only,not_applicable,observed,annual_age_standardised_rate,166.9414883957821,rate_per_100000,,,,,154.5176943351961,180.4149338144128,95,fay_feuer_gamma,,final,cvd_rates_v1_1_0,UN_WPP_2024,BRB,persons,2026-08-26,historical_estimate,WHO_WORLD_2000_2025,none,No disclosure restriction identified.,166.941
bnr_cvd_public_metric_v2,CVD-BURDEN-001,cvd_2024_05,quarterly,2015_q2,2015-04-01,2015,4,2,1,all_cvd,all,all,hospital_registered,hospital_only,not_applicable,observed,quarterly_count,159,count,159,,,,,,,,,final,,,,,,,,none,No disclosure restriction identified.,159.000
bnr_cvd_public_metric_v2,CVD-BURDEN-001,cvd_2024_05,monthly,2015_m03,2015-03-01,2015,3,,1,all_cvd,all,all,hospital_registered,hospital_only,not_applicable,observed,monthly_count,63,count,63,,,,,,,,,final,,,,,,,,none,No disclosure restriction identified.,63.000
bnr_cvd_public_metric_v2,CVD-BURDEN-001,cvd_2024_05,annual,2015,2015-01-01,2015,,,1,all_cvd,all,age_70_plus,hospital_registered,hospital_only,not_applicable,observed,annual_count,345,count,345,,,,,,,,,final,,,,,,,,none,No disclosure restriction identified.,345.000
bnr_cvd_public_metric_v2,CVD-BURDEN-001,cvd_2024_05,monthly,2015_m09,2015-09-01,2015,9,,1,all_cvd,all,all,hospital_registered,hospital_only,not_applicable,observed,monthly_count,46,count,46,,,,,,,,,final,,,,,,,,none,No disclosure restriction identified.,46.000
bnr_cvd_public_metric_v2,CVD-BURDEN-001,cvd_2024_05,monthly,2015_m06,2015-06-01,2015,6,,1,all_cvd,all,all,hospital_registered,hospital_only,not_applicable,observed,monthly_count,48,count,48,,,,,,,,,final,,,,,,,,none,No disclosure restriction identified.,48.000
bnr_cvd_public_metric_v2,CVD-BURDEN-001,cvd_2024_05,quarterly,2015_q3,2015-07-01,2015,7,3,1,all_cvd,all,all,hospital_registered,hospital_only,not_applicable,observed,quarterly_count,162,count,162,,,,,,,,,final,,,,,,,,none,No disclosure restriction identified.,162.000
bnr_cvd_public_metric_v2,CVD-BURDEN-001,cvd_2024_05,quarterly,2015_q4,2015-10-01,2015,10,4,1,all_cvd,all,all,hospital_registered,hospital_only,not_applicable,observed,quarterly_count,177,count,177,,,,,,,,,final,,,,,,,,none,No disclosure restriction identified.,177.000
bnr_cvd_public_metric_v2,CVD-BURDEN-001,cvd_2024_05,monthly,2015_m02,2015-02-01,2015,2,,1,all_cvd,all,all,hospital_registered,hospital_only,not_applicable,observed,monthly_count,66,count,66,,,,,,,,,final,,,,,,,,none,No disclosure restriction identified.,66.000
bnr_cvd_public_metric_v2,CVD-BURDEN-001,cvd_2024_05,quarterly,2015_q4,2015-10-01,2015,10,4,1,all_cvd,all,all,hospital_registered,hospital_only,not_applicable,observed,quarterly_same_quarter_previous_5yr_mean,154.8,count,774,,,,,,,,5,final,,,,,,,,none,No disclosure restriction identified.,154.800
bnr_cvd_public_metric_v2,CVD-BURDEN-001,cvd_2024_05,annual,2015,2015-01-01,2015,,,1,all_cvd,all,all,hospital_registered,hospital_only,not_applicable,observed,annual_previous_5yr_mean,611,count,3055,,,,,,,,5,final,,,,,,,,none,No disclosure restriction identified.,611.000
bnr_cvd_public_metric_v2,CVD-BURDEN-001,cvd_2024_05,annual,2015,2015-01-01,2015,,,1,all_cvd,all,all,national_estimate,hospital_plus_dco,primary,estimated,annual_count,858.7777777777778,count,858.7777777777778,,762,1087,,,,,,final,cvd_rates_v1_1_0,not_applicable,BRB,not_applicable,not_applicable,not_applicable,not_applicable,none,No disclosure restriction identified.,858.778
bnr_cvd_public_metric_v2,CVD-INCIDENCE-001,cvd_2024_05,annual,2015,2015-01-01,2015,,,1,all_cvd,all,all,hospital_registered,hospital_only,not_applicable,observed,annual_crude_rate,249.1128714290835,rate_per_100000,695,278990,,,230.9342034407931,268.3422129569034,95,poisson_exact_garwood,,final,cvd_rates_v1_1_0,UN_WPP_2024,BRB,persons,2026-08-26,historical_estimate,WHO_WORLD_2000_2025,none,No disclosure restriction identified.,249.113
bnr_cvd_public_metric_v2,CVD-BURDEN-002,cvd_2024_05,annual,2015,2015-01-01,2015,,,1,all_cvd,all,under_70,hospital_registered,hospital_only,not_applicable,observed,age_distribution,50.35971223021583,percent,350,695,,,,,,,,final,,,,,,,,none,No disclosure restriction identified.,50.360
bnr_cvd_public_metric_v2,CVD-BURDEN-001,cvd_2024_05,monthly,2015_m04,2015-04-01,2015,4,,1,all_cvd,all,all,hospital_registered,hospital_only,not_applicable,observed,monthly_count,55,count,55,,,,,,,,,final,,,,,,,,none,No disclosure restriction identified.,55.000
bnr_cvd_public_metric_v2,CVD-BURDEN-001,cvd_2024_05,annual,2015,2015-01-01,2015,,,1,all_cvd,all,all,national_estimate,hospital_plus_dco,inclusive,estimated,annual_count,892.0833333333333,count,892.0833333333333,,772,1165,,,,,,final,cvd_rates_v1_1_0,not_applicable,BRB,not_applicable,not_applicable,not_applicable,not_applicable,none,No disclosure restriction identified.,892.083
bnr_cvd_public_metric_v2,CVD-BURDEN-001,cvd_2024_05,monthly,2015_m11,2015-11-01,2015,11,,1,all_cvd,all,all,hospital_registered,hospital_only,not_applicable,observed,monthly_count,72,count,72,,,,,,,,,final,,,,,,,,none,No disclosure restriction identified.,72.000
bnr_cvd_public_metric_v2,CVD-BURDEN-001,cvd_2024_05,quarterly,2015_q2,2015-04-01,2015,4,2,1,all_cvd,all,all,hospital_registered,hospital_only,not_applicable,observed,quarterly_same_quarter_previous_5yr_mean,147.8,count,739,,,,,,,,5,final,,,,,,,,none,No disclosure restriction identified.,147.800
bnr_cvd_public_metric_v2,CVD-BURDEN-001,cvd_2024_05,annual,2015,2015-01-01,2015,,,1,all_cvd,all,age_70_plus,hospital_registered,hospital_only,not_applicable,observed,annual_previous_5yr_mean,314.2,count,1571,,,,,,,,5,final,,,,,,,,none,No disclosure restriction identified.,314.200
bnr_cvd_public_metric_v2,CVD-BURDEN-001,cvd_2024_05,quarterly,2015_q3,2015-07-01,2015,7,3,1,all_cvd,female,all,hospital_registered,hospital_only,not_applicable,observed,quarterly_same_quarter_previous_5yr_mean,76.2,count,381,,,,,,,,5,final,,,,,,,,none,No disclosure restriction identified.,76.200
bnr_cvd_public_metric_v2,CVD-BURDEN-001,cvd_2024_05,annual,2015,2015-01-01,2015,,,1,all_cvd,female,all,national_estimate,additional_dco,inclusive,estimated,annual_count,99.82142857142858,count,99.82142857142858,,39,238.051948051948,,,,,,final,cvd_rates_v1_1_0,not_applicable,BRB,not_applicable,not_applicable,not_applicable,not_applicable,none,No disclosure restriction identified.,99.821
bnr_cvd_public_metric_v2,CVD-BURDEN-001,cvd_2024_05,quarterly,2015_q1,2015-01-01,2015,1,1,1,all_cvd,female,all,hospital_registered,hospital_only,not_applicable,observed,quarterly_count,98,count,98,,,,,,,,,final,,,,,,,,none,No disclosure restriction identified.,98.000
bnr_cvd_public_metric_v2,CVD-INCIDENCE-001,cvd_2024_05,annual,2015,2015-01-01,2015,,,1,all_cvd,female,age_standardised,national_estimate,hospital_plus_dco,inclusive,estimated,annual_age_standardised_rate,181.3305864802485,rate_per_100000,,,158.9749562649236,232.1388369696234,164.5430030804171,200.1389565248913,95,conditional_fay_feuer_gamma,,final,cvd_rates_v1_1_0,UN_WPP_2024,BRB,persons,2026-08-26,historical_estimate,WHO_WORLD_2000_2025,none,No disclosure restriction identified.,181.331
bnr_cvd_public_metric_v2,CVD-BURDEN-001,cvd_2024_05,annual,2015,2015-01-01,2015,,,1,all_cvd,female,all,national_estimate,additional_dco,primary,estimated,annual_count,88,count,88,,36,210.6268656716418,,,,,,final,cvd_rates_v1_1_0,not_applicable,BRB,not_applicable,not_applicable,not_applicable,not_applicable,none,No disclosure restriction identified.,88.000
bnr_cvd_public_metric_v2,CVD-BURDEN-001,cvd_2024_05,annual,2015,2015-01-01,2015,,,1,all_cvd,female,all,national_estimate,hospital_plus_dco,primary,estimated,annual_count,443,count,443,,391,565.6268656716418,,,,,,final,cvd_rates_v1_1_0,not_applicable,BRB,not_applicable,not_applicable,not_applicable,not_applicable,none,No disclosure restriction identified.,443.000
bnr_cvd_public_metric_v2,CVD-BURDEN-001,cvd_2024_05,annual,2015,2015-01-01,2015,,,1,all_cvd,female,all,hospital_registered,hospital_only,not_applicable,observed,annual_count,355,count,355,,,,,,,,,final,,,,,,,,none,No disclosure restriction identified.,355.000
bnr_cvd_public_metric_v2,CVD-BURDEN-001,cvd_2024_05,quarterly,2015_q1,2015-01-01,2015,1,1,1,all_cvd,female,all,hospital_registered,hospital_only,not_applicable,observed,quarterly_same_quarter_previous_5yr_mean,80.2,count,401,,,,,,,,5,final,,,,,,,,none,No disclosure restriction identified.,80.200
bnr_cvd_public_metric_v2,CVD-BURDEN-001,cvd_2024_05,quarterly,2015_q4,2015-10-01,2015,10,4,1,all_cvd,female,all,hospital_registered,hospital_only,not_applicable,observed,quarterly_count,95,count,95,,,,,,,,,final,,,,,,,,none,No disclosure restriction identified.,95.000
bnr_cvd_public_metric_v2,CVD-INCIDENCE-001,cvd_2024_05,annual,2015,2015-01-01,2015,,,1,all_cvd,female,all,national_estimate,hospital_plus_dco,primary,estimated,annual_crude_rate,304.6264715590274,rate_per_100000,443,145424,268.8689624821212,388.9501496806866,276.9162558000005,334.3587344549275,95,conditional_gamma,,final,cvd_rates_v1_1_0,UN_WPP_2024,BRB,persons,2026-08-26,historical_estimate,WHO_WORLD_2000_2025,none,No disclosure restriction identified.,304.626
bnr_cvd_public_metric_v2,CVD-BURDEN-001,cvd_2024_05,annual,2015,2015-01-01,2015,,,1,all_cvd,female,all,national_estimate,hospital_plus_dco,inclusive,estimated,annual_count,454.8214285714286,count,454.8214285714286,,394,593.051948051948,,,,,,final,cvd_rates_v1_1_0,not_applicable,BRB,not_applicable,not_applicable,not_applicable,not_applicable,none,No disclosure restriction identified.,454.821
bnr_cvd_public_metric_v2,CVD-INCIDENCE-001,cvd_2024_05,annual,2015,2015-01-01,2015,,,1,all_cvd,female,age_standardised,hospital_registered,hospital_only,not_applicable,observed,annual_age_standardised_rate,144.6400483405932,rate_per_100000,,,,,129.5001421216705,161.8363388940349,95,fay_feuer_gamma,,final,cvd_rates_v1_1_0,UN_WPP_2024,BRB,persons,2026-08-26,historical_estimate,WHO_WORLD_2000_2025,none,No disclosure restriction identified.,144.640
bnr_cvd_public_metric_v2,CVD-INCIDENCE-001,cvd_2024_05,annual,2015,2015-01-01,2015,,,1,all_cvd,female,all,national_estimate,hospital_plus_dco,inclusive,estimated,annual_crude_rate,312.7554107791208,rate_per_100000,454.8214285714286,145424,270.9318956980966,407.8088541450848,284.6691299592968,342.8633258598576,95,conditional_gamma,,final,cvd_rates_v1_1_0,UN_WPP_2024,BRB,persons,2026-08-26,historical_estimate,WHO_WORLD_2000_2025,none,No disclosure restriction identified.,312.755
bnr_cvd_public_metric_v2,CVD-BURDEN-001,cvd_2024_05,quarterly,2015_q2,2015-04-01,2015,4,2,1,all_cvd,female,all,hospital_registered,hospital_only,not_applicable,observed,quarterly_count,73,count,73,,,,,,,,,final,,,,,,,,none,No disclosure restriction identified.,73.000
bnr_cvd_public_metric_v2,CVD-INCIDENCE-001,cvd_2024_05,annual,2015,2015-01-01,2015,,,1,all_cvd,female,age_standardised,national_estimate,hospital_plus_dco,primary,estimated,annual_age_standardised_rate,176.7865695362962,rate_per_100000,,,157.7908979206535,221.5823324507969,160.2018646038551,195.3950753974309,95,conditional_fay_feuer_gamma,,final,cvd_rates_v1_1_0,UN_WPP_2024,BRB,persons,2026-08-26,historical_estimate,WHO_WORLD_2000_2025,none,No disclosure restriction identified.,176.787
bnr_cvd_public_metric_v2,CVD-BURDEN-001,cvd_2024_05,quarterly,2015_q2,2015-04-01,2015,4,2,1,all_cvd,female,all,hospital_registered,hospital_only,not_applicable,observed,quarterly_same_quarter_previous_5yr_mean,74,count,370,,,,,,,,5,final,,,,,,,,none,No disclosure restriction identified.,74.000
bnr_cvd_public_metric_v2,CVD-BURDEN-002,cvd_2024_05,annual,2015,2015-01-01,2015,,,1,all_cvd,female,all,hospital_registered,hospital_only,not_applicable,observed,sex_distribution,51.07913669064749,percent,355,695,,,,,,,,final,,,,,,,,none,No disclosure restriction identified.,51.079
bnr_cvd_public_metric_v2,CVD-INCIDENCE-001,cvd_2024_05,annual,2015,2015-01-01,2015,,,1,all_cvd,female,all,hospital_registered,hospital_only,not_applicable,observed,annual_crude_rate,244.113763890417,rate_per_100000,355,145424,,,219.3774971922825,270.8757695632317,95,poisson_exact_garwood,,final,cvd_rates_v1_1_0,UN_WPP_2024,BRB,persons,2026-08-26,historical_estimate,WHO_WORLD_2000_2025,none,No disclosure restriction identified.,244.114
bnr_cvd_public_metric_v2,CVD-BURDEN-001,cvd_2024_05,annual,2015,2015-01-01,2015,,,1,all_cvd,female,all,hospital_registered,hospital_only,not_applicable,observed,annual_previous_5yr_mean,308.2,count,1541,,,,,,,,5,final,,,,,,,,none,No disclosure restriction identified.,308.200
bnr_cvd_public_metric_v2,CVD-BURDEN-001,cvd_2024_05,quarterly,2015_q3,2015-07-01,2015,7,3,1,all_cvd,female,all,hospital_registered,hospital_only,not_applicable,observed,quarterly_count,89,count,89,,,,,,,,,final,,,,,,,,none,No disclosure restriction identified.,89.000
bnr_cvd_public_metric_v2,CVD-BURDEN-001,cvd_2024_05,quarterly,2015_q4,2015-10-01,2015,10,4,1,all_cvd,female,all,hospital_registered,hospital_only,not_applicable,observed,quarterly_same_quarter_previous_5yr_mean,77.8,count,389,,,,,,,,5,final,,,,,,,,none,No disclosure restriction identified.,77.800
bnr_cvd_public_metric_v2,CVD-INCIDENCE-001,cvd_2024_05,annual,2015,2015-01-01,2015,,,1,all_cvd,male,all,national_estimate,hospital_plus_dco,primary,estimated,annual_crude_rate,311.290132052901,rate_per_100000,415.7777777777778,133566,277.7652995522813,390.3486922782432,282.0839857075172,342.6989497887162,95,conditional_gamma,,final,cvd_rates_v1_1_0,UN_WPP_2024,BRB,persons,2026-08-26,historical_estimate,WHO_WORLD_2000_2025,none,No disclosure restriction identified.,311.290
bnr_cvd_public_metric_v2,CVD-INCIDENCE-001,cvd_2024_05,annual,2015,2015-01-01,2015,,,1,all_cvd,male,all,national_estimate,hospital_plus_dco,inclusive,estimated,annual_crude_rate,327.3751589191147,rate_per_100000,437.2619047619048,133566,283.0061542608149,428.2138058697961,297.405545159618,359.5465620296954,95,conditional_gamma,,final,cvd_rates_v1_1_0,UN_WPP_2024,BRB,persons,2026-08-26,historical_estimate,WHO_WORLD_2000_2025,none,No disclosure restriction identified.,327.375
bnr_cvd_public_metric_v2,CVD-BURDEN-001,cvd_2024_05,quarterly,2015_q2,2015-04-01,2015,4,2,1,all_cvd,male,all,hospital_registered,hospital_only,not_applicable,observed,quarterly_same_quarter_previous_5yr_mean,73.8,count,369,,,,,,,,5,final,,,,,,,,none,No disclosure restriction identified.,73.800
bnr_cvd_public_metric_v2,CVD-BURDEN-002,cvd_2024_05,annual,2015,2015-01-01,2015,,,1,all_cvd,male,all,hospital_registered,hospital_only,not_applicable,observed,sex_distribution,48.92086330935252,percent,340,695,,,,,,,,final,,,,,,,,none,No disclosure restriction identified.,48.921
bnr_cvd_public_metric_v2,CVD-BURDEN-001,cvd_2024_05,annual,2015,2015-01-01,2015,,,1,all_cvd,male,all,national_estimate,hospital_plus_dco,inclusive,estimated,annual_count,437.2619047619048,count,437.2619047619048,,378,571.9480519480519,,,,,,final,cvd_rates_v1_1_0,not_applicable,BRB,not_applicable,not_applicable,not_applicable,not_applicable,none,No disclosure restriction identified.,437.262
bnr_cvd_public_metric_v2,CVD-BURDEN-001,cvd_2024_05,quarterly,2015_q4,2015-10-01,2015,10,4,1,all_cvd,male,all,hospital_registered,hospital_only,not_applicable,observed,quarterly_same_quarter_previous_5yr_mean,77,count,385,,,,,,,,5,final,,,,,,,,none,No disclosure restriction identified.,77.000
bnr_cvd_public_metric_v2,CVD-BURDEN-001,cvd_2024_05,quarterly,2015_q1,2015-01-01,2015,1,1,1,all_cvd,male,all,hospital_registered,hospital_only,not_applicable,observed,quarterly_count,99,count,99,,,,,,,,,final,,,,,,,,none,No disclosure restriction identified.,99.000
bnr_cvd_public_metric_v2,CVD-BURDEN-001,cvd_2024_05,quarterly,2015_q3,2015-07-01,2015,7,3,1,all_cvd,male,all,hospital_registered,hospital_only,not_applicable,observed,quarterly_count,73,count,73,,,,,,,,,final,,,,,,,,none,No disclosure restriction identified.,73.000
bnr_cvd_public_metric_v2,CVD-BURDEN-001,cvd_2024_05,quarterly,2015_q1,2015-01-01,2015,1,1,1,all_cvd,male,all,hospital_registered,hospital_only,not_applicable,observed,quarterly_same_quarter_previous_5yr_mean,79.8,count,399,,,,,,,,5,final,,,,,,,,none,No disclosure restriction identified.,79.800
bnr_cvd_public_metric_v2,CVD-BURDEN-001,cvd_2024_05,quarterly,2015_q2,2015-04-01,2015,4,2,1,all_cvd,male,all,hospital_registered,hospital_only,not_applicable,observed,quarterly_count,86,count,86,,,,,,,,,final,,,,,,,,none,No disclosure restriction identified.,86.000
bnr_cvd_public_metric_v2,CVD-BURDEN-001,cvd_2024_05,annual,2015,2015-01-01,2015,,,1,all_cvd,male,all,hospital_registered,hospital_only,not_applicable,observed,annual_count,340,count,340,,,,,,,,,final,,,,,,,,none,No disclosure restriction identified.,340.000
bnr_cvd_public_metric_v2,CVD-BURDEN-001,cvd_2024_05,annual,2015,2015-01-01,2015,,,1,all_cvd,male,all,national_estimate,additional_dco,inclusive,estimated,annual_count,97.26190476190477,count,97.26190476190477,,38,231.948051948052,,,,,,final,cvd_rates_v1_1_0,not_applicable,BRB,not_applicable,not_applicable,not_applicable,not_applicable,none,No disclosure restriction identified.,97.262
bnr_cvd_public_metric_v2,CVD-BURDEN-001,cvd_2024_05,annual,2015,2015-01-01,2015,,,1,all_cvd,male,all,hospital_registered,hospital_only,not_applicable,observed,annual_previous_5yr_mean,302.8,count,1514,,,,,,,,5,final,,,,,,,,none,No disclosure restriction identified.,302.800
bnr_cvd_public_metric_v2,CVD-BURDEN-001,cvd_2024_05,annual,2015,2015-01-01,2015,,,1,all_cvd,male,all,national_estimate,additional_dco,primary,estimated,annual_count,75.77777777777777,count,75.77777777777777,,31,181.3731343283582,,,,,,final,cvd_rates_v1_1_0,not_applicable,BRB,not_applicable,not_applicable,not_applicable,not_applicable,none,No disclosure restriction identified.,75.778
bnr_cvd_public_metric_v2,CVD-BURDEN-001,cvd_2024_05,annual,2015,2015-01-01,2015,,,1,all_cvd,male,all,national_estimate,hospital_plus_dco,primary,estimated,annual_count,415.7777777777778,count,415.7777777777778,,371,521.3731343283582,,,,,,final,cvd_rates_v1_1_0,not_applicable,BRB,not_applicable,not_applicable,not_applicable,not_applicable,none,No disclosure restriction identified.,415.778
bnr_cvd_public_metric_v2,CVD-INCIDENCE-001,cvd_2024_05,annual,2015,2015-01-01,2015,,,1,all_cvd,male,age_standardised,national_estimate,hospital_plus_dco,inclusive,estimated,annual_age_standardised_rate,245.1435388019,rate_per_100000,,,212.0446671359382,320.3682471336314,222.441723639292,271.9602239605593,95,conditional_fay_feuer_gamma,,final,cvd_rates_v1_1_0,UN_WPP_2024,BRB,persons,2026-08-26,historical_estimate,WHO_WORLD_2000_2025,none,No disclosure restriction identified.,245.144
bnr_cvd_public_metric_v2,CVD-BURDEN-001,cvd_2024_05,quarterly,2015_q4,2015-10-01,2015,10,4,1,all_cvd,male,all,hospital_registered,hospital_only,not_applicable,observed,quarterly_count,82,count,82,,,,,,,,,final,,,,,,,,none,No disclosure restriction identified.,82.000
bnr_cvd_public_metric_v2,CVD-BURDEN-001,cvd_2024_05,quarterly,2015_q3,2015-07-01,2015,7,3,1,all_cvd,male,all,hospital_registered,hospital_only,not_applicable,observed,quarterly_same_quarter_previous_5yr_mean,72.2,count,361,,,,,,,,5,final,,,,,,,,none,No disclosure restriction identified.,72.200
bnr_cvd_public_metric_v2,CVD-INCIDENCE-001,cvd_2024_05,annual,2015,2015-01-01,2015,,,1,all_cvd,male,age_standardised,hospital_registered,hospital_only,not_applicable,observed,annual_age_standardised_rate,190.8209631669245,rate_per_100000,,,,,170.8350118662232,214.9949512482146,95,fay_feuer_gamma,,final,cvd_rates_v1_1_0,UN_WPP_2024,BRB,persons,2026-08-26,historical_estimate,WHO_WORLD_2000_2025,none,No disclosure restriction identified.,190.821
bnr_cvd_public_metric_v2,CVD-INCIDENCE-001,cvd_2024_05,annual,2015,2015-01-01,2015,,,1,all_cvd,male,age_standardised,national_estimate,hospital_plus_dco,primary,estimated,annual_age_standardised_rate,232.9669091257165,rate_per_100000,,,208.0624865137031,291.6967415540467,210.8586408382234,259.2031845123411,95,conditional_fay_feuer_gamma,,final,cvd_rates_v1_1_0,UN_WPP_2024,BRB,persons,2026-08-26,historical_estimate,WHO_WORLD_2000_2025,none,No disclosure restriction identified.,232.967
bnr_cvd_public_metric_v2,CVD-INCIDENCE-001,cvd_2024_05,annual,2015,2015-01-01,2015,,,1,all_cvd,male,all,hospital_registered,hospital_only,not_applicable,observed,annual_crude_rate,254.5558001287753,rate_per_100000,340,133566,,,228.2140085774193,283.1040117913922,95,poisson_exact_garwood,,final,cvd_rates_v1_1_0,UN_WPP_2024,BRB,persons,2026-08-26,historical_estimate,WHO_WORLD_2000_2025,none,No disclosure restriction identified.,254.556
bnr_cvd_public_metric_v2,CVD-INCIDENCE-001,cvd_2024_05,annual,2015,2015-01-01,2015,,,1,heart,all,all,national_estimate,hospital_plus_dco,primary,estimated,annual_crude_rate,94.90583095371798,rate_per_100000,264.7777777777778,278990,83.51553819133302,121.7665213485959,83.81759618480712,107.0528778429814,95,conditional_gamma,,final,cvd_rates_v1_1_0,UN_WPP_2024,BRB,persons,2026-08-26,historical_estimate,WHO_WORLD_2000_2025,none,No disclosure restriction identified.,94.906
bnr_cvd_public_metric_v2,CVD-BURDEN-001,cvd_2024_05,quarterly,2015_q2,2015-04-01,2015,4,2,1,heart,all,all,hospital_registered,hospital_only,not_applicable,observed,quarterly_same_quarter_previous_5yr_mean,37.4,count,187,,,,,,,,5,final,,,,,,,,none,No disclosure restriction identified.,37.400
bnr_cvd_public_metric_v2,CVD-BURDEN-001,cvd_2024_05,annual,2015,2015-01-01,2015,,,1,heart,all,all,national_estimate,additional_dco,inclusive,estimated,annual_count,61.42857142857144,count,61.42857142857144,,24,146.4935064935065,,,,,,final,cvd_rates_v1_1_0,not_applicable,BRB,not_applicable,not_applicable,not_applicable,not_applicable,none,No disclosure restriction identified.,61.429
bnr_cvd_public_metric_v2,CVD-BURDEN-001,cvd_2024_05,quarterly,2015_q4,2015-10-01,2015,10,4,1,heart,all,all,hospital_registered,hospital_only,not_applicable,observed,quarterly_same_quarter_previous_5yr_mean,45,count,225,,,,,,,,5,final,,,,,,,,none,No disclosure restriction identified.,45.000
bnr_cvd_public_metric_v2,CVD-BURDEN-001,cvd_2024_05,quarterly,2015_q4,2015-10-01,2015,10,4,1,heart,all,all,hospital_registered,hospital_only,not_applicable,observed,quarterly_count,49,count,49,,,,,,,,,final,,,,,,,,none,No disclosure restriction identified.,49.000
bnr_cvd_public_metric_v2,CVD-BURDEN-001,cvd_2024_05,annual,2015,2015-01-01,2015,,,1,heart,all,all,hospital_registered,hospital_only,not_applicable,observed,annual_previous_5yr_mean,163.8,count,819,,,,,,,,5,final,,,,,,,,none,No disclosure restriction identified.,163.800
bnr_cvd_public_metric_v2,CVD-BURDEN-001,cvd_2024_05,annual,2015,2015-01-01,2015,,,1,heart,all,all,national_estimate,hospital_plus_dco,inclusive,estimated,annual_count,272.4285714285714,count,272.4285714285714,,235,357.4935064935065,,,,,,final,cvd_rates_v1_1_0,not_applicable,BRB,not_applicable,not_applicable,not_applicable,not_applicable,none,No disclosure restriction identified.,272.429
bnr_cvd_public_metric_v2,CVD-BURDEN-001,cvd_2024_05,quarterly,2015_q2,2015-04-01,2015,4,2,1,heart,all,all,hospital_registered,hospital_only,not_applicable,observed,quarterly_count,53,count,53,,,,,,,,,final,,,,,,,,none,No disclosure restriction identified.,53.000
bnr_cvd_public_metric_v2,CVD-BURDEN-002,cvd_2024_05,annual,2015,2015-01-01,2015,,,1,heart,all,all,hospital_registered,hospital_only,not_applicable,observed,event_type_distribution,30.35971223021583,percent,211,695,,,,,,,,final,,,,,,,,none,No disclosure restriction identified.,30.360
bnr_cvd_public_metric_v2,CVD-BURDEN-001,cvd_2024_05,annual,2015,2015-01-01,2015,,,1,heart,all,all,hospital_registered,hospital_only,not_applicable,observed,annual_count,211,count,211,,,,,,,,,final,,,,,,,,none,No disclosure restriction identified.,211.000
bnr_cvd_public_metric_v2,CVD-BURDEN-001,cvd_2024_05,quarterly,2015_q3,2015-07-01,2015,7,3,1,heart,all,all,hospital_registered,hospital_only,not_applicable,observed,quarterly_same_quarter_previous_5yr_mean,39.6,count,198,,,,,,,,5,final,,,,,,,,none,No disclosure restriction identified.,39.600
bnr_cvd_public_metric_v2,CVD-BURDEN-001,cvd_2024_05,quarterly,2015_q3,2015-07-01,2015,7,3,1,heart,all,all,hospital_registered,hospital_only,not_applicable,observed,quarterly_count,47,count,47,,,,,,,,,final,,,,,,,,none,No disclosure restriction identified.,47.000
bnr_cvd_public_metric_v2,CVD-INCIDENCE-001,cvd_2024_05,annual,2015,2015-01-01,2015,,,1,heart,all,age_standardised,national_estimate,hospital_plus_dco,primary,estimated,annual_age_standardised_rate,63.60804608466766,rate_per_100000,,,56.44747457013122,80.49416995476857,56.04660664646093,72.24502138702215,95,conditional_fay_feuer_gamma,,final,cvd_rates_v1_1_0,UN_WPP_2024,BRB,persons,2026-08-26,historical_estimate,WHO_WORLD_2000_2025,none,No disclosure restriction identified.,63.608
bnr_cvd_public_metric_v2,CVD-BURDEN-001,cvd_2024_05,quarterly,2015_q1,2015-01-01,2015,1,1,1,heart,all,all,hospital_registered,hospital_only,not_applicable,observed,quarterly_count,62,count,62,,,,,,,,,final,,,,,,,,none,No disclosure restriction identified.,62.000
bnr_cvd_public_metric_v2,CVD-INCIDENCE-001,cvd_2024_05,annual,2015,2015-01-01,2015,,,1,heart,all,age_standardised,hospital_registered,hospital_only,not_applicable,observed,annual_age_standardised_rate,51.49015582929828,rate_per_100000,,,,,44.65030108725679,59.42176234434375,95,fay_feuer_gamma,,final,cvd_rates_v1_1_0,UN_WPP_2024,BRB,persons,2026-08-26,historical_estimate,WHO_WORLD_2000_2025,none,No disclosure restriction identified.,51.490
bnr_cvd_public_metric_v2,CVD-INCIDENCE-001,cvd_2024_05,annual,2015,2015-01-01,2015,,,1,heart,all,age_standardised,national_estimate,hospital_plus_dco,inclusive,estimated,annual_age_standardised_rate,65.38400212582387,rate_per_100000,,,56.91844926608037,84.62389498887727,57.72068246168786,74.12112310634819,95,conditional_fay_feuer_gamma,,final,cvd_rates_v1_1_0,UN_WPP_2024,BRB,persons,2026-08-26,historical_estimate,WHO_WORLD_2000_2025,none,No disclosure restriction identified.,65.384
bnr_cvd_public_metric_v2,CVD-BURDEN-001,cvd_2024_05,annual,2015,2015-01-01,2015,,,1,heart,all,all,national_estimate,hospital_plus_dco,primary,estimated,annual_count,264.7777777777778,count,264.7777777777778,,233,339.7164179104478,,,,,,final,cvd_rates_v1_1_0,not_applicable,BRB,not_applicable,not_applicable,not_applicable,not_applicable,none,No disclosure restriction identified.,264.778
bnr_cvd_public_metric_v2,CVD-BURDEN-001,cvd_2024_05,annual,2015,2015-01-01,2015,,,1,heart,all,all,national_estimate,additional_dco,primary,estimated,annual_count,53.77777777777777,count,53.77777777777777,,22,128.7164179104478,,,,,,final,cvd_rates_v1_1_0,not_applicable,BRB,not_applicable,not_applicable,not_applicable,not_applicable,none,No disclosure restriction identified.,53.778
bnr_cvd_public_metric_v2,CVD-INCIDENCE-001,cvd_2024_05,annual,2015,2015-01-01,2015,,,1,heart,all,all,hospital_registered,hospital_only,not_applicable,observed,annual_crude_rate,75.62995089429728,rate_per_100000,211,278990,,,65.76885743267641,86.55239913172315,95,poisson_exact_garwood,,final,cvd_rates_v1_1_0,UN_WPP_2024,BRB,persons,2026-08-26,historical_estimate,WHO_WORLD_2000_2025,none,No disclosure restriction identified.,75.630
bnr_cvd_public_metric_v2,CVD-INCIDENCE-001,cvd_2024_05,annual,2015,2015-01-01,2015,,,1,heart,all,all,national_estimate,hospital_plus_dco,inclusive,estimated,annual_crude_rate,97.64814919121525,rate_per_100000,272.4285714285714,278990,84.23240976379081,128.1384660717253,86.39588337882455,109.9589275725396,95,conditional_gamma,,final,cvd_rates_v1_1_0,UN_WPP_2024,BRB,persons,2026-08-26,historical_estimate,WHO_WORLD_2000_2025,none,No disclosure restriction identified.,97.648
bnr_cvd_public_metric_v2,CVD-BURDEN-001,cvd_2024_05,quarterly,2015_q1,2015-01-01,2015,1,1,1,heart,all,all,hospital_registered,hospital_only,not_applicable,observed,quarterly_same_quarter_previous_5yr_mean,41.8,count,209,,,,,,,,5,final,,,,,,,,none,No disclosure restriction identified.,41.800
bnr_cvd_public_metric_v2,CVD-BURDEN-001,cvd_2024_05,quarterly,2015_q4,2015-10-01,2015,10,4,1,heart,female,all,hospital_registered,hospital_only,not_applicable,observed,quarterly_same_quarter_previous_5yr_mean,21.8,count,109,,,,,,,,5,final,,,,,,,,none,No disclosure restriction identified.,21.800
bnr_cvd_public_metric_v2,CVD-BURDEN-001,cvd_2024_05,quarterly,2015_q3,2015-07-01,2015,7,3,1,heart,female,all,hospital_registered,hospital_only,not_applicable,observed,quarterly_count,19,count,19,,,,,,,,,final,,,,,,,,none,No disclosure restriction identified.,19.000
bnr_cvd_public_metric_v2,CVD-BURDEN-001,cvd_2024_05,annual,2015,2015-01-01,2015,,,1,heart,female,all,hospital_registered,hospital_only,not_applicable,observed,annual_count,100,count,100,,,,,,,,,final,,,,,,,,none,No disclosure restriction identified.,100.000
bnr_cvd_public_metric_v2,CVD-BURDEN-001,cvd_2024_05,quarterly,2015_q2,2015-04-01,2015,4,2,1,heart,female,all,hospital_registered,hospital_only,not_applicable,observed,quarterly_same_quarter_previous_5yr_mean,17,count,85,,,,,,,,5,final,,,,,,,,none,No disclosure restriction identified.,17.000
bnr_cvd_public_metric_v2,CVD-BURDEN-002,cvd_2024_05,annual,2015,2015-01-01,2015,,,1,heart,female,all,hospital_registered,hospital_only,not_applicable,observed,sex_distribution,47.39336492890995,percent,100,211,,,,,,,,final,,,,,,,,none,No disclosure restriction identified.,47.393
bnr_cvd_public_metric_v2,CVD-INCIDENCE-001,cvd_2024_05,annual,2015,2015-01-01,2015,,,1,heart,female,all,national_estimate,hospital_plus_dco,inclusive,estimated,annual_crude_rate,91.64498949541309,rate_per_100000,133.2738095238095,145424,77.70381780173837,123.3294706174011,76.74707126711171,108.590760599878,95,conditional_gamma,,final,cvd_rates_v1_1_0,UN_WPP_2024,BRB,persons,2026-08-26,historical_estimate,WHO_WORLD_2000_2025,none,No disclosure restriction identified.,91.645
bnr_cvd_public_metric_v2,CVD-INCIDENCE-001,cvd_2024_05,annual,2015,2015-01-01,2015,,,1,heart,female,all,national_estimate,hospital_plus_dco,primary,estimated,annual_crude_rate,88.9353430887153,rate_per_100000,129.3333333333333,145424,77.01617339641324,117.0432357959351,74.26931020932264,105.6500867738351,95,conditional_gamma,,final,cvd_rates_v1_1_0,UN_WPP_2024,BRB,persons,2026-08-26,historical_estimate,WHO_WORLD_2000_2025,none,No disclosure restriction identified.,88.935
bnr_cvd_public_metric_v2,CVD-INCIDENCE-001,cvd_2024_05,annual,2015,2015-01-01,2015,,,1,heart,female,age_standardised,national_estimate,hospital_plus_dco,inclusive,estimated,annual_age_standardised_rate,52.97433463968333,rate_per_100000,,,45.53680136353108,69.87781935821117,44.17095808722109,63.90262318988124,95,conditional_fay_feuer_gamma,,final,cvd_rates_v1_1_0,UN_WPP_2024,BRB,persons,2026-08-26,historical_estimate,WHO_WORLD_2000_2025,none,No disclosure restriction identified.,52.974
bnr_cvd_public_metric_v2,CVD-INCIDENCE-001,cvd_2024_05,annual,2015,2015-01-01,2015,,,1,heart,female,all,hospital_registered,hospital_only,not_applicable,observed,annual_crude_rate,68.76444053251183,rate_per_100000,100,145424,,,55.94949337861912,83.63598428899373,95,poisson_exact_garwood,,final,cvd_rates_v1_1_0,UN_WPP_2024,BRB,persons,2026-08-26,historical_estimate,WHO_WORLD_2000_2025,none,No disclosure restriction identified.,68.764
bnr_cvd_public_metric_v2,CVD-BURDEN-001,cvd_2024_05,quarterly,2015_q4,2015-10-01,2015,10,4,1,heart,female,all,hospital_registered,hospital_only,not_applicable,observed,quarterly_count,29,count,29,,,,,,,,,final,,,,,,,,none,No disclosure restriction identified.,29.000
bnr_cvd_public_metric_v2,CVD-BURDEN-001,cvd_2024_05,annual,2015,2015-01-01,2015,,,1,heart,female,all,hospital_registered,hospital_only,not_applicable,observed,annual_previous_5yr_mean,74.8,count,374,,,,,,,,5,final,,,,,,,,none,No disclosure restriction identified.,74.800
bnr_cvd_public_metric_v2,CVD-BURDEN-001,cvd_2024_05,quarterly,2015_q1,2015-01-01,2015,1,1,1,heart,female,all,hospital_registered,hospital_only,not_applicable,observed,quarterly_count,30,count,30,,,,,,,,,final,,,,,,,,none,No disclosure restriction identified.,30.000
bnr_cvd_public_metric_v2,CVD-INCIDENCE-001,cvd_2024_05,annual,2015,2015-01-01,2015,,,1,heart,female,age_standardised,national_estimate,hospital_plus_dco,primary,estimated,annual_age_standardised_rate,51.35614231169823,rate_per_100000,,,45.09933316100881,66.11100568198076,42.69445054295276,62.146798710021,95,conditional_fay_feuer_gamma,,final,cvd_rates_v1_1_0,UN_WPP_2024,BRB,persons,2026-08-26,historical_estimate,WHO_WORLD_2000_2025,none,No disclosure restriction identified.,51.356
bnr_cvd_public_metric_v2,CVD-INCIDENCE-001,cvd_2024_05,annual,2015,2015-01-01,2015,,,1,heart,female,age_standardised,hospital_registered,hospital_only,not_applicable,observed,annual_age_standardised_rate,40.76769605668536,rate_per_100000,,,,,32.98610268377693,50.7299378380543,95,fay_feuer_gamma,,final,cvd_rates_v1_1_0,UN_WPP_2024,BRB,persons,2026-08-26,historical_estimate,WHO_WORLD_2000_2025,none,No disclosure restriction identified.,40.768
bnr_cvd_public_metric_v2,CVD-BURDEN-001,cvd_2024_05,annual,2015,2015-01-01,2015,,,1,heart,female,all,national_estimate,additional_dco,inclusive,estimated,annual_count,33.27380952380953,count,33.27380952380953,,13,79.35064935064935,,,,,,final,cvd_rates_v1_1_0,not_applicable,BRB,not_applicable,not_applicable,not_applicable,not_applicable,none,No disclosure restriction identified.,33.274
bnr_cvd_public_metric_v2,CVD-BURDEN-001,cvd_2024_05,quarterly,2015_q3,2015-07-01,2015,7,3,1,heart,female,all,hospital_registered,hospital_only,not_applicable,observed,quarterly_same_quarter_previous_5yr_mean,18.6,count,93,,,,,,,,5,final,,,,,,,,none,No disclosure restriction identified.,18.600
bnr_cvd_public_metric_v2,CVD-BURDEN-001,cvd_2024_05,annual,2015,2015-01-01,2015,,,1,heart,female,all,national_estimate,hospital_plus_dco,primary,estimated,annual_count,129.3333333333333,count,129.3333333333333,,112,170.2089552238806,,,,,,final,cvd_rates_v1_1_0,not_applicable,BRB,not_applicable,not_applicable,not_applicable,not_applicable,none,No disclosure restriction identified.,129.333
bnr_cvd_public_metric_v2,CVD-BURDEN-001,cvd_2024_05,annual,2015,2015-01-01,2015,,,1,heart,female,all,national_estimate,hospital_plus_dco,inclusive,estimated,annual_count,133.2738095238095,count,133.2738095238095,,113,179.3506493506493,,,,,,final,cvd_rates_v1_1_0,not_applicable,BRB,not_applicable,not_applicable,not_applicable,not_applicable,none,No disclosure restriction identified.,133.274
bnr_cvd_public_metric_v2,CVD-BURDEN-001,cvd_2024_05,quarterly,2015_q2,2015-04-01,2015,4,2,1,heart,female,all,hospital_registered,hospital_only,not_applicable,observed,quarterly_count,22,count,22,,,,,,,,,final,,,,,,,,none,No disclosure restriction identified.,22.000
bnr_cvd_public_metric_v2,CVD-BURDEN-001,cvd_2024_05,quarterly,2015_q1,2015-01-01,2015,1,1,1,heart,female,all,hospital_registered,hospital_only,not_applicable,observed,quarterly_same_quarter_previous_5yr_mean,17.4,count,87,,,,,,,,5,final,,,,,,,,none,No disclosure restriction identified.,17.400
bnr_cvd_public_metric_v2,CVD-BURDEN-001,cvd_2024_05,annual,2015,2015-01-01,2015,,,1,heart,female,all,national_estimate,additional_dco,primary,estimated,annual_count,29.33333333333334,count,29.33333333333334,,12,70.20895522388061,,,,,,final,cvd_rates_v1_1_0,not_applicable,BRB,not_applicable,not_applicable,not_applicable,not_applicable,none,No disclosure restriction identified.,29.333
bnr_cvd_public_metric_v2,CVD-BURDEN-001,cvd_2024_05,annual,2015,2015-01-01,2015,,,1,heart,male,all,hospital_registered,hospital_only,not_applicable,observed,annual_previous_5yr_mean,89,count,445,,,,,,,,5,final,,,,,,,,none,No disclosure restriction identified.,89.000
bnr_cvd_public_metric_v2,CVD-BURDEN-001,cvd_2024_05,quarterly,2015_q4,2015-10-01,2015,10,4,1,heart,male,all,hospital_registered,hospital_only,not_applicable,observed,quarterly_count,20,count,20,,,,,,,,,final,,,,,,,,none,No disclosure restriction identified.,20.000
bnr_cvd_public_metric_v2,CVD-BURDEN-001,cvd_2024_05,annual,2015,2015-01-01,2015,,,1,heart,male,all,national_estimate,hospital_plus_dco,inclusive,estimated,annual_count,139.1547619047619,count,139.1547619047619,,122,178.1428571428571,,,,,,final,cvd_rates_v1_1_0,not_applicable,BRB,not_applicable,not_applicable,not_applicable,not_applicable,none,No disclosure restriction identified.,139.155
bnr_cvd_public_metric_v2,CVD-BURDEN-001,cvd_2024_05,quarterly,2015_q1,2015-01-01,2015,1,1,1,heart,male,all,hospital_registered,hospital_only,not_applicable,observed,quarterly_count,32,count,32,,,,,,,,,final,,,,,,,,none,No disclosure restriction identified.,32.000
bnr_cvd_public_metric_v2,CVD-BURDEN-002,cvd_2024_05,annual,2015,2015-01-01,2015,,,1,heart,male,all,hospital_registered,hospital_only,not_applicable,observed,sex_distribution,52.60663507109005,percent,111,211,,,,,,,,final,,,,,,,,none,No disclosure restriction identified.,52.607
bnr_cvd_public_metric_v2,CVD-INCIDENCE-001,cvd_2024_05,annual,2015,2015-01-01,2015,,,1,heart,male,all,national_estimate,hospital_plus_dco,inclusive,estimated,annual_crude_rate,104.184269877635,rate_per_100000,139.1547619047619,133566,91.3406106344429,133.3744045212533,87.59376315120629,123.003117663309,95,conditional_gamma,,final,cvd_rates_v1_1_0,UN_WPP_2024,BRB,persons,2026-08-26,historical_estimate,WHO_WORLD_2000_2025,none,No disclosure restriction identified.,104.184
bnr_cvd_public_metric_v2,CVD-BURDEN-001,cvd_2024_05,quarterly,2015_q3,2015-07-01,2015,7,3,1,heart,male,all,hospital_registered,hospital_only,not_applicable,observed,quarterly_same_quarter_previous_5yr_mean,21,count,105,,,,,,,,5,final,,,,,,,,none,No disclosure restriction identified.,21.000
bnr_cvd_public_metric_v2,CVD-BURDEN-001,cvd_2024_05,quarterly,2015_q4,2015-10-01,2015,10,4,1,heart,male,all,hospital_registered,hospital_only,not_applicable,observed,quarterly_same_quarter_previous_5yr_mean,23.2,count,116,,,,,,,,5,final,,,,,,,,none,No disclosure restriction identified.,23.200
bnr_cvd_public_metric_v2,CVD-BURDEN-001,cvd_2024_05,annual,2015,2015-01-01,2015,,,1,heart,male,all,national_estimate,additional_dco,inclusive,estimated,annual_count,28.15476190476191,count,28.15476190476191,,11,67.14285714285714,,,,,,final,cvd_rates_v1_1_0,not_applicable,BRB,not_applicable,not_applicable,not_applicable,not_applicable,none,No disclosure restriction identified.,28.155
bnr_cvd_public_metric_v2,CVD-INCIDENCE-001,cvd_2024_05,annual,2015,2015-01-01,2015,,,1,heart,male,age_standardised,national_estimate,hospital_plus_dco,inclusive,estimated,annual_age_standardised_rate,78.26007933113586,rate_per_100000,,,68.94885344018944,99.42195635601409,65.69485604661322,95.34776052634014,95,conditional_fay_feuer_gamma,,final,cvd_rates_v1_1_0,UN_WPP_2024,BRB,persons,2026-08-26,historical_estimate,WHO_WORLD_2000_2025,none,No disclosure restriction identified.,78.260
bnr_cvd_public_metric_v2,CVD-BURDEN-001,cvd_2024_05,quarterly,2015_q1,2015-01-01,2015,1,1,1,heart,male,all,hospital_registered,hospital_only,not_applicable,observed,quarterly_same_quarter_previous_5yr_mean,24.4,count,122,,,,,,,,5,final,,,,,,,,none,No disclosure restriction identified.,24.400
bnr_cvd_public_metric_v2,CVD-INCIDENCE-001,cvd_2024_05,annual,2015,2015-01-01,2015,,,1,heart,male,age_standardised,national_estimate,hospital_plus_dco,primary,estimated,annual_age_standardised_rate,76.32622803872422,rate_per_100000,,,68.43881387695524,94.92639874856754,63.91130996098289,93.27675603778172,95,conditional_fay_feuer_gamma,,final,cvd_rates_v1_1_0,UN_WPP_2024,BRB,persons,2026-08-26,historical_estimate,WHO_WORLD_2000_2025,none,No disclosure restriction identified.,76.326
bnr_cvd_public_metric_v2,CVD-BURDEN-001,cvd_2024_05,quarterly,2015_q3,2015-07-01,2015,7,3,1,heart,male,all,hospital_registered,hospital_only,not_applicable,observed,quarterly_count,28,count,28,,,,,,,,,final,,,,,,,,none,No disclosure restriction identified.,28.000
bnr_cvd_public_metric_v2,CVD-INCIDENCE-001,cvd_2024_05,annual,2015,2015-01-01,2015,,,1,heart,male,all,national_estimate,hospital_plus_dco,primary,estimated,annual_crude_rate,101.4063792016265,rate_per_100000,135.4444444444445,133566,90.59191710465238,126.9091405646401,85.04834193532643,119.9935806482022,95,conditional_gamma,,final,cvd_rates_v1_1_0,UN_WPP_2024,BRB,persons,2026-08-26,historical_estimate,WHO_WORLD_2000_2025,none,No disclosure restriction identified.,101.406
bnr_cvd_public_metric_v2,CVD-BURDEN-001,cvd_2024_05,annual,2015,2015-01-01,2015,,,1,heart,male,all,hospital_registered,hospital_only,not_applicable,observed,annual_count,111,count,111,,,,,,,,,final,,,,,,,,none,No disclosure restriction identified.,111.000
bnr_cvd_public_metric_v2,CVD-BURDEN-001,cvd_2024_05,quarterly,2015_q2,2015-04-01,2015,4,2,1,heart,male,all,hospital_registered,hospital_only,not_applicable,observed,quarterly_count,31,count,31,,,,,,,,,final,,,,,,,,none,No disclosure restriction identified.,31.000
bnr_cvd_public_metric_v2,CVD-INCIDENCE-001,cvd_2024_05,annual,2015,2015-01-01,2015,,,1,heart,male,age_standardised,hospital_registered,hospital_only,not_applicable,observed,annual_age_standardised_rate,62.97829638034594,rate_per_100000,,,,,51.70702201011397,78.8852403522814,95,fay_feuer_gamma,,final,cvd_rates_v1_1_0,UN_WPP_2024,BRB,persons,2026-08-26,historical_estimate,WHO_WORLD_2000_2025,none,No disclosure restriction identified.,62.978
bnr_cvd_public_metric_v2,CVD-BURDEN-001,cvd_2024_05,annual,2015,2015-01-01,2015,,,1,heart,male,all,national_estimate,hospital_plus_dco,primary,estimated,annual_count,135.4444444444445,count,135.4444444444445,,121,169.5074626865672,,,,,,final,cvd_rates_v1_1_0,not_applicable,BRB,not_applicable,not_applicable,not_applicable,not_applicable,none,No disclosure restriction identified.,135.444
bnr_cvd_public_metric_v2,CVD-BURDEN-001,cvd_2024_05,quarterly,2015_q2,2015-04-01,2015,4,2,1,heart,male,all,hospital_registered,hospital_only,not_applicable,observed,quarterly_same_quarter_previous_5yr_mean,20.4,count,102,,,,,,,,5,final,,,,,,,,none,No disclosure restriction identified.,20.400
bnr_cvd_public_metric_v2,CVD-INCIDENCE-001,cvd_2024_05,annual,2015,2015-01-01,2015,,,1,heart,male,all,hospital_registered,hospital_only,not_applicable,observed,annual_crude_rate,83.10498180674722,rate_per_100000,111,133566,,,68.36569776004403,100.0798349808301,95,poisson_exact_garwood,,final,cvd_rates_v1_1_0,UN_WPP_2024,BRB,persons,2026-08-26,historical_estimate,WHO_WORLD_2000_2025,none,No disclosure restriction identified.,83.105
bnr_cvd_public_metric_v2,CVD-BURDEN-001,cvd_2024_05,annual,2015,2015-01-01,2015,,,1,heart,male,all,national_estimate,additional_dco,primary,estimated,annual_count,24.44444444444444,count,24.44444444444444,,10,58.50746268656718,,,,,,final,cvd_rates_v1_1_0,not_applicable,BRB,not_applicable,not_applicable,not_applicable,not_applicable,none,No disclosure restriction identified.,24.444
bnr_cvd_public_metric_v2,CVD-BURDEN-001,cvd_2024_05,quarterly,2015_q2,2015-04-01,2015,4,2,1,stroke,all,all,hospital_registered,hospital_only,not_applicable,observed,quarterly_count,106,count,106,,,,,,,,,final,,,,,,,,none,No disclosure restriction identified.,106.000
bnr_cvd_public_metric_v2,CVD-BURDEN-001,cvd_2024_05,quarterly,2015_q3,2015-07-01,2015,7,3,1,stroke,all,all,hospital_registered,hospital_only,not_applicable,observed,quarterly_count,115,count,115,,,,,,,,,final,,,,,,,,none,No disclosure restriction identified.,115.000
bnr_cvd_public_metric_v2,CVD-BURDEN-001,cvd_2024_05,annual,2015,2015-01-01,2015,,,1,stroke,all,all,national_estimate,additional_dco,inclusive,estimated,annual_count,,count,,,,,,,,,,final,cvd_rates_v1_1_0,not_applicable,BRB,not_applicable,not_applicable,not_applicable,not_applicable,secondary,Secondary suppression: protects a related confidential value.,*
bnr_cvd_public_metric_v2,CVD-BURDEN-002,cvd_2024_05,annual,2015,2015-01-01,2015,,,1,stroke,all,all,hospital_registered,hospital_only,not_applicable,observed,event_type_distribution,69.64028776978417,percent,484,695,,,,,,,,final,,,,,,,,none,No disclosure restriction identified.,69.640
bnr_cvd_public_metric_v2,CVD-BURDEN-001,cvd_2024_05,annual,2015,2015-01-01,2015,,,1,stroke,all,all,hospital_registered,hospital_only,not_applicable,observed,annual_previous_5yr_mean,447.2,count,2236,,,,,,,,5,final,,,,,,,,none,No disclosure restriction identified.,447.200
bnr_cvd_public_metric_v2,CVD-BURDEN-001,cvd_2024_05,quarterly,2015_q4,2015-10-01,2015,10,4,1,stroke,all,all,hospital_registered,hospital_only,not_applicable,observed,quarterly_count,128,count,128,,,,,,,,,final,,,,,,,,none,No disclosure restriction identified.,128.000
bnr_cvd_public_metric_v2,CVD-BURDEN-001,cvd_2024_05,quarterly,2015_q2,2015-04-01,2015,4,2,1,stroke,all,all,hospital_registered,hospital_only,not_applicable,observed,quarterly_same_quarter_previous_5yr_mean,110.4,count,552,,,,,,,,5,final,,,,,,,,none,No disclosure restriction identified.,110.400
bnr_cvd_public_metric_v2,CVD-INCIDENCE-001,cvd_2024_05,annual,2015,2015-01-01,2015,,,1,stroke,all,all,national_estimate,hospital_plus_dco,inclusive,estimated,annual_crude_rate,,rate_per_100000,,,,,,,95,conditional_gamma,,final,cvd_rates_v1_1_0,UN_WPP_2024,BRB,persons,2026-08-26,historical_estimate,WHO_WORLD_2000_2025,secondary,Secondary suppression: protects a related confidential value.,*
bnr_cvd_public_metric_v2,CVD-BURDEN-001,cvd_2024_05,quarterly,2015_q3,2015-07-01,2015,7,3,1,stroke,all,all,hospital_registered,hospital_only,not_applicable,observed,quarterly_same_quarter_previous_5yr_mean,108.8,count,544,,,,,,,,5,final,,,,,,,,none,No disclosure restriction identified.,108.800
bnr_cvd_public_metric_v2,CVD-BURDEN-001,cvd_2024_05,annual,2015,2015-01-01,2015,,,1,stroke,all,all,national_estimate,additional_dco,primary,estimated,annual_count,110,count,110,,45,263.2835820895523,,,,,,final,cvd_rates_v1_1_0,not_applicable,BRB,not_applicable,not_applicable,not_applicable,not_applicable,none,No disclosure restriction identified.,110.000
bnr_cvd_public_metric_v2,CVD-BURDEN-001,cvd_2024_05,annual,2015,2015-01-01,2015,,,1,stroke,all,all,national_estimate,hospital_plus_dco,inclusive,estimated,annual_count,,count,,,,,,,,,,final,cvd_rates_v1_1_0,not_applicable,BRB,not_applicable,not_applicable,not_applicable,not_applicable,secondary,Secondary suppression: protects a related confidential value.,*
bnr_cvd_public_metric_v2,CVD-INCIDENCE-001,cvd_2024_05,annual,2015,2015-01-01,2015,,,1,stroke,all,all,hospital_registered,hospital_only,not_applicable,observed,annual_crude_rate,173.4829205347862,rate_per_100000,484,278990,,,158.3696970089755,189.6494270682665,95,poisson_exact_garwood,,final,cvd_rates_v1_1_0,UN_WPP_2024,BRB,persons,2026-08-26,historical_estimate,WHO_WORLD_2000_2025,none,No disclosure restriction identified.,173.483
bnr_cvd_public_metric_v2,CVD-INCIDENCE-001,cvd_2024_05,annual,2015,2015-01-01,2015,,,1,stroke,all,age_standardised,national_estimate,hospital_plus_dco,inclusive,estimated,annual_age_standardised_rate,,rate_per_100000,,,,,,,95,conditional_fay_feuer_gamma,,final,cvd_rates_v1_1_0,UN_WPP_2024,BRB,persons,2026-08-26,historical_estimate,WHO_WORLD_2000_2025,secondary,Secondary suppression: protects a related confidential value.,*
bnr_cvd_public_metric_v2,CVD-BURDEN-001,cvd_2024_05,annual,2015,2015-01-01,2015,,,1,stroke,all,all,national_estimate,hospital_plus_dco,primary,estimated,annual_count,594,count,594,,529,747.2835820895523,,,,,,final,cvd_rates_v1_1_0,not_applicable,BRB,not_applicable,not_applicable,not_applicable,not_applicable,none,No disclosure restriction identified.,594.000
bnr_cvd_public_metric_v2,CVD-BURDEN-001,cvd_2024_05,quarterly,2015_q4,2015-10-01,2015,10,4,1,stroke,all,all,hospital_registered,hospital_only,not_applicable,observed,quarterly_same_quarter_previous_5yr_mean,109.8,count,549,,,,,,,,5,final,,,,,,,,none,No disclosure restriction identified.,109.800
bnr_cvd_public_metric_v2,CVD-INCIDENCE-001,cvd_2024_05,annual,2015,2015-01-01,2015,,,1,stroke,all,age_standardised,hospital_registered,hospital_only,not_applicable,observed,annual_age_standardised_rate,115.4513325664838,rate_per_100000,,,,,105.192720413334,126.765704295865,95,fay_feuer_gamma,,final,cvd_rates_v1_1_0,UN_WPP_2024,BRB,persons,2026-08-26,historical_estimate,WHO_WORLD_2000_2025,none,No disclosure restriction identified.,115.451
bnr_cvd_public_metric_v2,CVD-INCIDENCE-001,cvd_2024_05,annual,2015,2015-01-01,2015,,,1,stroke,all,age_standardised,national_estimate,hospital_plus_dco,primary,estimated,annual_age_standardised_rate,139.9750544394245,rate_per_100000,,,125.4837642417777,174.148544756263,128.7311875550315,152.263655171293,95,conditional_fay_feuer_gamma,,final,cvd_rates_v1_1_0,UN_WPP_2024,BRB,persons,2026-08-26,historical_estimate,WHO_WORLD_2000_2025,none,No disclosure restriction identified.,139.975
bnr_cvd_public_metric_v2,CVD-BURDEN-001,cvd_2024_05,quarterly,2015_q1,2015-01-01,2015,1,1,1,stroke,all,all,hospital_registered,hospital_only,not_applicable,observed,quarterly_count,135,count,135,,,,,,,,,final,,,,,,,,none,No disclosure restriction identified.,135.000
bnr_cvd_public_metric_v2,CVD-BURDEN-001,cvd_2024_05,quarterly,2015_q1,2015-01-01,2015,1,1,1,stroke,all,all,hospital_registered,hospital_only,not_applicable,observed,quarterly_same_quarter_previous_5yr_mean,118.2,count,591,,,,,,,,5,final,,,,,,,,none,No disclosure restriction identified.,118.200
bnr_cvd_public_metric_v2,CVD-INCIDENCE-001,cvd_2024_05,annual,2015,2015-01-01,2015,,,1,stroke,all,all,national_estimate,hospital_plus_dco,primary,estimated,annual_crude_rate,212.9108570199649,rate_per_100000,594,278990,189.6125309150866,267.8531782822152,196.1309091647841,230.7425539732101,95,conditional_gamma,,final,cvd_rates_v1_1_0,UN_WPP_2024,BRB,persons,2026-08-26,historical_estimate,WHO_WORLD_2000_2025,none,No disclosure restriction identified.,212.911
bnr_cvd_public_metric_v2,CVD-BURDEN-001,cvd_2024_05,annual,2015,2015-01-01,2015,,,1,stroke,all,all,hospital_registered,hospital_only,not_applicable,observed,annual_count,484,count,484,,,,,,,,,final,,,,,,,,none,No disclosure restriction identified.,484.000
bnr_cvd_public_metric_v2,CVD-BURDEN-001,cvd_2024_05,quarterly,2015_q1,2015-01-01,2015,1,1,1,stroke,female,all,hospital_registered,hospital_only,not_applicable,observed,quarterly_count,68,count,68,,,,,,,,,final,,,,,,,,none,No disclosure restriction identified.,68.000
bnr_cvd_public_metric_v2,CVD-BURDEN-001,cvd_2024_05,annual,2015,2015-01-01,2015,,,1,stroke,female,all,national_estimate,additional_dco,inclusive,estimated,annual_count,,count,,,,,,,,,,final,cvd_rates_v1_1_0,not_applicable,BRB,not_applicable,not_applicable,not_applicable,not_applicable,secondary,Secondary suppression: protects a related confidential value.,*
bnr_cvd_public_metric_v2,CVD-INCIDENCE-001,cvd_2024_05,annual,2015,2015-01-01,2015,,,1,stroke,female,age_standardised,national_estimate,hospital_plus_dco,primary,estimated,annual_age_standardised_rate,125.430427224598,rate_per_100000,,,112.6915647596447,155.4713267688162,111.4682805585434,141.4484596168865,95,conditional_fay_feuer_gamma,,final,cvd_rates_v1_1_0,UN_WPP_2024,BRB,persons,2026-08-26,historical_estimate,WHO_WORLD_2000_2025,none,No disclosure restriction identified.,125.430
bnr_cvd_public_metric_v2,CVD-BURDEN-001,cvd_2024_05,quarterly,2015_q4,2015-10-01,2015,10,4,1,stroke,female,all,hospital_registered,hospital_only,not_applicable,observed,quarterly_same_quarter_previous_5yr_mean,56,count,280,,,,,,,,5,final,,,,,,,,none,No disclosure restriction identified.,56.000
bnr_cvd_public_metric_v2,CVD-BURDEN-001,cvd_2024_05,quarterly,2015_q3,2015-07-01,2015,7,3,1,stroke,female,all,hospital_registered,hospital_only,not_applicable,observed,quarterly_same_quarter_previous_5yr_mean,57.6,count,288,,,,,,,,5,final,,,,,,,,none,No disclosure restriction identified.,57.600
bnr_cvd_public_metric_v2,CVD-INCIDENCE-001,cvd_2024_05,annual,2015,2015-01-01,2015,,,1,stroke,female,all,hospital_registered,hospital_only,not_applicable,observed,annual_crude_rate,175.3493233579051,rate_per_100000,255,145424,,,154.4858694280017,198.2448365560742,95,poisson_exact_garwood,,final,cvd_rates_v1_1_0,UN_WPP_2024,BRB,persons,2026-08-26,historical_estimate,WHO_WORLD_2000_2025,none,No disclosure restriction identified.,175.349
bnr_cvd_public_metric_v2,CVD-BURDEN-001,cvd_2024_05,annual,2015,2015-01-01,2015,,,1,stroke,female,all,hospital_registered,hospital_only,not_applicable,observed,annual_count,255,count,255,,,,,,,,,final,,,,,,,,none,No disclosure restriction identified.,255.000
bnr_cvd_public_metric_v2,CVD-BURDEN-001,cvd_2024_05,quarterly,2015_q2,2015-04-01,2015,4,2,1,stroke,female,all,hospital_registered,hospital_only,not_applicable,observed,quarterly_same_quarter_previous_5yr_mean,57,count,285,,,,,,,,5,final,,,,,,,,none,No disclosure restriction identified.,57.000
bnr_cvd_public_metric_v2,CVD-BURDEN-002,cvd_2024_05,annual,2015,2015-01-01,2015,,,1,stroke,female,all,hospital_registered,hospital_only,not_applicable,observed,sex_distribution,52.68595041322314,percent,255,484,,,,,,,,final,,,,,,,,none,No disclosure restriction identified.,52.686
bnr_cvd_public_metric_v2,CVD-BURDEN-001,cvd_2024_05,quarterly,2015_q2,2015-04-01,2015,4,2,1,stroke,female,all,hospital_registered,hospital_only,not_applicable,observed,quarterly_count,51,count,51,,,,,,,,,final,,,,,,,,none,No disclosure restriction identified.,51.000
bnr_cvd_public_metric_v2,CVD-BURDEN-001,cvd_2024_05,quarterly,2015_q3,2015-07-01,2015,7,3,1,stroke,female,all,hospital_registered,hospital_only,not_applicable,observed,quarterly_count,70,count,70,,,,,,,,,final,,,,,,,,none,No disclosure restriction identified.,70.000
bnr_cvd_public_metric_v2,CVD-INCIDENCE-001,cvd_2024_05,annual,2015,2015-01-01,2015,,,1,stroke,female,age_standardised,national_estimate,hospital_plus_dco,inclusive,estimated,annual_age_standardised_rate,,rate_per_100000,,,,,,,95,conditional_fay_feuer_gamma,,final,cvd_rates_v1_1_0,UN_WPP_2024,BRB,persons,2026-08-26,historical_estimate,WHO_WORLD_2000_2025,secondary,Secondary suppression: protects a related confidential value.,*
bnr_cvd_public_metric_v2,CVD-BURDEN-001,cvd_2024_05,annual,2015,2015-01-01,2015,,,1,stroke,female,all,national_estimate,hospital_plus_dco,inclusive,estimated,annual_count,,count,,,,,,,,,,final,cvd_rates_v1_1_0,not_applicable,BRB,not_applicable,not_applicable,not_applicable,not_applicable,secondary,Secondary suppression: protects a related confidential value.,*
bnr_cvd_public_metric_v2,CVD-INCIDENCE-001,cvd_2024_05,annual,2015,2015-01-01,2015,,,1,stroke,female,age_standardised,hospital_registered,hospital_only,not_applicable,observed,annual_age_standardised_rate,103.8723522839078,rate_per_100000,,,,,91.06923728241313,118.7636180280116,95,fay_feuer_gamma,,final,cvd_rates_v1_1_0,UN_WPP_2024,BRB,persons,2026-08-26,historical_estimate,WHO_WORLD_2000_2025,none,No disclosure restriction identified.,103.872
bnr_cvd_public_metric_v2,CVD-INCIDENCE-001,cvd_2024_05,annual,2015,2015-01-01,2015,,,1,stroke,female,all,national_estimate,hospital_plus_dco,primary,estimated,annual_crude_rate,215.6911284703121,rate_per_100000,313.6666666666667,145424,191.852789085708,271.9069138847516,192.479298257119,240.9309431979515,95,conditional_gamma,,final,cvd_rates_v1_1_0,UN_WPP_2024,BRB,persons,2026-08-26,historical_estimate,WHO_WORLD_2000_2025,none,No disclosure restriction identified.,215.691
bnr_cvd_public_metric_v2,CVD-BURDEN-001,cvd_2024_05,annual,2015,2015-01-01,2015,,,1,stroke,female,all,national_estimate,additional_dco,primary,estimated,annual_count,58.66666666666667,count,58.66666666666667,,24,140.4179104477612,,,,,,final,cvd_rates_v1_1_0,not_applicable,BRB,not_applicable,not_applicable,not_applicable,not_applicable,none,No disclosure restriction identified.,58.667
bnr_cvd_public_metric_v2,CVD-BURDEN-001,cvd_2024_05,annual,2015,2015-01-01,2015,,,1,stroke,female,all,hospital_registered,hospital_only,not_applicable,observed,annual_previous_5yr_mean,233.4,count,1167,,,,,,,,5,final,,,,,,,,none,No disclosure restriction identified.,233.400
bnr_cvd_public_metric_v2,CVD-BURDEN-001,cvd_2024_05,annual,2015,2015-01-01,2015,,,1,stroke,female,all,national_estimate,hospital_plus_dco,primary,estimated,annual_count,313.6666666666667,count,313.6666666666667,,279,395.4179104477612,,,,,,final,cvd_rates_v1_1_0,not_applicable,BRB,not_applicable,not_applicable,not_applicable,not_applicable,none,No disclosure restriction identified.,313.667
bnr_cvd_public_metric_v2,CVD-BURDEN-001,cvd_2024_05,quarterly,2015_q1,2015-01-01,2015,1,1,1,stroke,female,all,hospital_registered,hospital_only,not_applicable,observed,quarterly_same_quarter_previous_5yr_mean,62.8,count,314,,,,,,,,5,final,,,,,,,,none,No disclosure restriction identified.,62.800
bnr_cvd_public_metric_v2,CVD-INCIDENCE-001,cvd_2024_05,annual,2015,2015-01-01,2015,,,1,stroke,female,all,national_estimate,hospital_plus_dco,inclusive,estimated,annual_crude_rate,,rate_per_100000,,,,,,,95,conditional_gamma,,final,cvd_rates_v1_1_0,UN_WPP_2024,BRB,persons,2026-08-26,historical_estimate,WHO_WORLD_2000_2025,secondary,Secondary suppression: protects a related confidential value.,*
bnr_cvd_public_metric_v2,CVD-BURDEN-001,cvd_2024_05,quarterly,2015_q4,2015-10-01,2015,10,4,1,stroke,female,all,hospital_registered,hospital_only,not_applicable,observed,quarterly_count,66,count,66,,,,,,,,,final,,,,,,,,none,No disclosure restriction identified.,66.000
bnr_cvd_public_metric_v2,CVD-BURDEN-001,cvd_2024_05,quarterly,2015_q4,2015-10-01,2015,10,4,1,stroke,male,all,hospital_registered,hospital_only,not_applicable,observed,quarterly_same_quarter_previous_5yr_mean,53.8,count,269,,,,,,,,5,final,,,,,,,,none,No disclosure restriction identified.,53.800
bnr_cvd_public_metric_v2,CVD-BURDEN-001,cvd_2024_05,quarterly,2015_q3,2015-07-01,2015,7,3,1,stroke,male,all,hospital_registered,hospital_only,not_applicable,observed,quarterly_same_quarter_previous_5yr_mean,51.2,count,256,,,,,,,,5,final,,,,,,,,none,No disclosure restriction identified.,51.200
bnr_cvd_public_metric_v2,CVD-BURDEN-001,cvd_2024_05,quarterly,2015_q3,2015-07-01,2015,7,3,1,stroke,male,all,hospital_registered,hospital_only,not_applicable,observed,quarterly_count,45,count,45,,,,,,,,,final,,,,,,,,none,No disclosure restriction identified.,45.000
bnr_cvd_public_metric_v2,CVD-INCIDENCE-001,cvd_2024_05,annual,2015,2015-01-01,2015,,,1,stroke,male,all,national_estimate,hospital_plus_dco,inclusive,estimated,annual_crude_rate,,rate_per_100000,,,,,,,95,conditional_gamma,,final,cvd_rates_v1_1_0,UN_WPP_2024,BRB,persons,2026-08-26,historical_estimate,WHO_WORLD_2000_2025,secondary,Secondary suppression: protects a related confidential value.,*
bnr_cvd_public_metric_v2,CVD-BURDEN-001,cvd_2024_05,quarterly,2015_q4,2015-10-01,2015,10,4,1,stroke,male,all,hospital_registered,hospital_only,not_applicable,observed,quarterly_count,62,count,62,,,,,,,,,final,,,,,,,,none,No disclosure restriction identified.,62.000
bnr_cvd_public_metric_v2,CVD-BURDEN-001,cvd_2024_05,annual,2015,2015-01-01,2015,,,1,stroke,male,all,national_estimate,hospital_plus_dco,primary,estimated,annual_count,280.3333333333333,count,280.3333333333333,,250,351.865671641791,,,,,,final,cvd_rates_v1_1_0,not_applicable,BRB,not_applicable,not_applicable,not_applicable,not_applicable,none,No disclosure restriction identified.,280.333
bnr_cvd_public_metric_v2,CVD-BURDEN-001,cvd_2024_05,annual,2015,2015-01-01,2015,,,1,stroke,male,all,national_estimate,hospital_plus_dco,inclusive,estimated,annual_count,,count,,,,,,,,,,final,cvd_rates_v1_1_0,not_applicable,BRB,not_applicable,not_applicable,not_applicable,not_applicable,secondary,Secondary suppression: protects a related confidential value.,*
bnr_cvd_public_metric_v2,CVD-BURDEN-001,cvd_2024_05,annual,2015,2015-01-01,2015,,,1,stroke,male,all,national_estimate,additional_dco,primary,estimated,annual_count,51.33333333333334,count,51.33333333333334,,21,122.8656716417911,,,,,,final,cvd_rates_v1_1_0,not_applicable,BRB,not_applicable,not_applicable,not_applicable,not_applicable,none,No disclosure restriction identified.,51.333
bnr_cvd_public_metric_v2,CVD-BURDEN-001,cvd_2024_05,quarterly,2015_q2,2015-04-01,2015,4,2,1,stroke,male,all,hospital_registered,hospital_only,not_applicable,observed,quarterly_count,55,count,55,,,,,,,,,final,,,,,,,,none,No disclosure restriction identified.,55.000
bnr_cvd_public_metric_v2,CVD-BURDEN-001,cvd_2024_05,quarterly,2015_q1,2015-01-01,2015,1,1,1,stroke,male,all,hospital_registered,hospital_only,not_applicable,observed,quarterly_same_quarter_previous_5yr_mean,55.4,count,277,,,,,,,,5,final,,,,,,,,none,No disclosure restriction identified.,55.400
bnr_cvd_public_metric_v2,CVD-BURDEN-001,cvd_2024_05,quarterly,2015_q1,2015-01-01,2015,1,1,1,stroke,male,all,hospital_registered,hospital_only,not_applicable,observed,quarterly_count,67,count,67,,,,,,,,,final,,,,,,,,none,No disclosure restriction identified.,67.000
bnr_cvd_public_metric_v2,CVD-BURDEN-001,cvd_2024_05,quarterly,2015_q2,2015-04-01,2015,4,2,1,stroke,male,all,hospital_registered,hospital_only,not_applicable,observed,quarterly_same_quarter_previous_5yr_mean,53.4,count,267,,,,,,,,5,final,,,,,,,,none,No disclosure restriction identified.,53.400
bnr_cvd_public_metric_v2,CVD-BURDEN-001,cvd_2024_05,annual,2015,2015-01-01,2015,,,1,stroke,male,all,hospital_registered,hospital_only,not_applicable,observed,annual_previous_5yr_mean,213.8,count,1069,,,,,,,,5,final,,,,,,,,none,No disclosure restriction identified.,213.800
bnr_cvd_public_metric_v2,CVD-BURDEN-002,cvd_2024_05,annual,2015,2015-01-01,2015,,,1,stroke,male,all,hospital_registered,hospital_only,not_applicable,observed,sex_distribution,47.31404958677686,percent,229,484,,,,,,,,final,,,,,,,,none,No disclosure restriction identified.,47.314
bnr_cvd_public_metric_v2,CVD-INCIDENCE-001,cvd_2024_05,annual,2015,2015-01-01,2015,,,1,stroke,male,all,hospital_registered,hospital_only,not_applicable,observed,annual_crude_rate,171.4508183220281,rate_per_100000,229,133566,,,149.9622446196938,195.1543454146186,95,poisson_exact_garwood,,final,cvd_rates_v1_1_0,UN_WPP_2024,BRB,persons,2026-08-26,historical_estimate,WHO_WORLD_2000_2025,none,No disclosure restriction identified.,171.451
bnr_cvd_public_metric_v2,CVD-INCIDENCE-001,cvd_2024_05,annual,2015,2015-01-01,2015,,,1,stroke,male,all,national_estimate,hospital_plus_dco,primary,estimated,annual_crude_rate,209.8837528512745,rate_per_100000,280.3333333333333,133566,187.1733824476289,263.4395517136031,186.0312654246762,235.9466206897872,95,conditional_gamma,,final,cvd_rates_v1_1_0,UN_WPP_2024,BRB,persons,2026-08-26,historical_estimate,WHO_WORLD_2000_2025,none,No disclosure restriction identified.,209.884
bnr_cvd_public_metric_v2,CVD-INCIDENCE-001,cvd_2024_05,annual,2015,2015-01-01,2015,,,1,stroke,male,age_standardised,national_estimate,hospital_plus_dco,primary,estimated,annual_age_standardised_rate,156.6406810869923,rate_per_100000,,,139.6236726367478,196.7703428054792,138.6106818048082,178.9192309946303,95,conditional_fay_feuer_gamma,,final,cvd_rates_v1_1_0,UN_WPP_2024,BRB,persons,2026-08-26,historical_estimate,WHO_WORLD_2000_2025,none,No disclosure restriction identified.,156.641
bnr_cvd_public_metric_v2,CVD-INCIDENCE-001,cvd_2024_05,annual,2015,2015-01-01,2015,,,1,stroke,male,age_standardised,national_estimate,hospital_plus_dco,inclusive,estimated,annual_age_standardised_rate,,rate_per_100000,,,,,,,95,conditional_fay_feuer_gamma,,final,cvd_rates_v1_1_0,UN_WPP_2024,BRB,persons,2026-08-26,historical_estimate,WHO_WORLD_2000_2025,secondary,Secondary suppression: protects a related confidential value.,*
bnr_cvd_public_metric_v2,CVD-BURDEN-001,cvd_2024_05,annual,2015,2015-01-01,2015,,,1,stroke,male,all,national_estimate,additional_dco,inclusive,estimated,annual_count,,count,,,,,,,,,,final,cvd_rates_v1_1_0,not_applicable,BRB,not_applicable,not_applicable,not_applicable,not_applicable,secondary,Secondary suppression: protects a related confidential value.,*
bnr_cvd_public_metric_v2,CVD-INCIDENCE-001,cvd_2024_05,annual,2015,2015-01-01,2015,,,1,stroke,male,age_standardised,hospital_registered,hospital_only,not_applicable,observed,annual_age_standardised_rate,127.8426667865786,rate_per_100000,,,,,111.6048538898374,148.400692138791,95,fay_feuer_gamma,,final,cvd_rates_v1_1_0,UN_WPP_2024,BRB,persons,2026-08-26,historical_estimate,WHO_WORLD_2000_2025,none,No disclosure restriction identified.,127.843
bnr_cvd_public_metric_v2,CVD-BURDEN-001,cvd_2024_05,annual,2015,2015-01-01,2015,,,1,stroke,male,all,hospital_registered,hospital_only,not_applicable,observed,annual_count,229,count,229,,,,,,,,,final,,,,,,,,none,No disclosure restriction identified.,229.000
bnr_cvd_public_metric_v2,CVD-BURDEN-001,cvd_2024_05,monthly,2016_m08,2016-08-01,2016,8,,1,all_cvd,all,all,hospital_registered,hospital_only,not_applicable,observed,monthly_count,68,count,68,,,,,,,,,final,,,,,,,,none,No disclosure restriction identified.,68.000
bnr_cvd_public_metric_v2,CVD-BURDEN-001,cvd_2024_05,annual,2016,2016-01-01,2016,,,1,all_cvd,all,all,hospital_registered,hospital_only,not_applicable,observed,annual_previous_5yr_mean,639,count,3195,,,,,,,,5,final,,,,,,,,none,No disclosure restriction identified.,639.000
bnr_cvd_public_metric_v2,CVD-BURDEN-001,cvd_2024_05,annual,2016,2016-01-01,2016,,,1,all_cvd,all,all,national_estimate,hospital_plus_dco,primary,estimated,annual_count,937.0327102803739,count,937.0327102803739,,845,1148,,,,,,final,cvd_rates_v1_1_0,not_applicable,BRB,not_applicable,not_applicable,not_applicable,not_applicable,none,No disclosure restriction identified.,937.033
bnr_cvd_public_metric_v2,CVD-BURDEN-001,cvd_2024_05,annual,2016,2016-01-01,2016,,,1,all_cvd,all,under_70,hospital_registered,hospital_only,not_applicable,observed,annual_count,398,count,398,,,,,,,,,final,,,,,,,,none,No disclosure restriction identified.,398.000
bnr_cvd_public_metric_v2,CVD-BURDEN-001,cvd_2024_05,monthly,2016_m04,2016-04-01,2016,4,,1,all_cvd,all,all,hospital_registered,hospital_only,not_applicable,observed,monthly_count,67,count,67,,,,,,,,,final,,,,,,,,none,No disclosure restriction identified.,67.000
bnr_cvd_public_metric_v2,CVD-BURDEN-001,cvd_2024_05,quarterly,2016_q3,2016-07-01,2016,7,3,1,all_cvd,all,all,hospital_registered,hospital_only,not_applicable,observed,quarterly_count,199,count,199,,,,,,,,,final,,,,,,,,none,No disclosure restriction identified.,199.000
bnr_cvd_public_metric_v2,CVD-BURDEN-001,cvd_2024_05,annual,2016,2016-01-01,2016,,,1,all_cvd,all,all,national_estimate,additional_dco,primary,estimated,annual_count,157.0327102803738,count,157.0327102803738,,65,367.9999999999999,,,,,,final,cvd_rates_v1_1_0,not_applicable,BRB,not_applicable,not_applicable,not_applicable,not_applicable,none,No disclosure restriction identified.,157.033
bnr_cvd_public_metric_v2,CVD-BURDEN-002,cvd_2024_05,annual,2016,2016-01-01,2016,,,1,all_cvd,all,age_70_plus,hospital_registered,hospital_only,not_applicable,observed,age_distribution,48.84318766066838,percent,380,778,,,,,,,,final,,,,,,,,none,No disclosure restriction identified.,48.843
bnr_cvd_public_metric_v2,CVD-INCIDENCE-001,cvd_2024_05,annual,2016,2016-01-01,2016,,,1,all_cvd,all,age_standardised,national_estimate,hospital_plus_dco,primary,estimated,annual_age_standardised_rate,220.587678691764,rate_per_100000,,,200.5763558968021,266.4597878679077,206.3557112021772,235.8650953904215,95,conditional_fay_feuer_gamma,,final,cvd_rates_v1_1_0,UN_WPP_2024,BRB,persons,2026-08-26,historical_estimate,WHO_WORLD_2000_2025,none,No disclosure restriction identified.,220.588
bnr_cvd_public_metric_v2,CVD-BURDEN-001,cvd_2024_05,monthly,2016_m06,2016-06-01,2016,6,,1,all_cvd,all,all,hospital_registered,hospital_only,not_applicable,observed,monthly_count,53,count,53,,,,,,,,,final,,,,,,,,none,No disclosure restriction identified.,53.000
bnr_cvd_public_metric_v2,CVD-BURDEN-001,cvd_2024_05,monthly,2016_m07,2016-07-01,2016,7,,1,all_cvd,all,all,hospital_registered,hospital_only,not_applicable,observed,monthly_count,64,count,64,,,,,,,,,final,,,,,,,,none,No disclosure restriction identified.,64.000
bnr_cvd_public_metric_v2,CVD-BURDEN-001,cvd_2024_05,monthly,2016_m03,2016-03-01,2016,3,,1,all_cvd,all,all,hospital_registered,hospital_only,not_applicable,observed,monthly_count,58,count,58,,,,,,,,,final,,,,,,,,none,No disclosure restriction identified.,58.000
bnr_cvd_public_metric_v2,CVD-INCIDENCE-001,cvd_2024_05,annual,2016,2016-01-01,2016,,,1,all_cvd,all,all,hospital_registered,hospital_only,not_applicable,observed,annual_crude_rate,278.9724514704173,rate_per_100000,780,279597.5,,,259.7356579078357,299.2568985287663,95,poisson_exact_garwood,,final,cvd_rates_v1_1_0,UN_WPP_2024,BRB,persons,2026-08-26,historical_estimate,WHO_WORLD_2000_2025,none,No disclosure restriction identified.,278.972
bnr_cvd_public_metric_v2,CVD-BURDEN-001,cvd_2024_05,monthly,2016_m02,2016-02-01,2016,2,,1,all_cvd,all,all,hospital_registered,hospital_only,not_applicable,observed,monthly_count,55,count,55,,,,,,,,,final,,,,,,,,none,No disclosure restriction identified.,55.000
bnr_cvd_public_metric_v2,CVD-INCIDENCE-001,cvd_2024_05,annual,2016,2016-01-01,2016,,,1,all_cvd,all,age_standardised,hospital_registered,hospital_only,not_applicable,observed,annual_age_standardised_rate,186.4429463980501,rate_per_100000,,,,,173.267023116919,200.6755460259261,95,fay_feuer_gamma,,final,cvd_rates_v1_1_0,UN_WPP_2024,BRB,persons,2026-08-26,historical_estimate,WHO_WORLD_2000_2025,none,No disclosure restriction identified.,186.443
bnr_cvd_public_metric_v2,CVD-BURDEN-001,cvd_2024_05,monthly,2016_m10,2016-10-01,2016,10,,1,all_cvd,all,all,hospital_registered,hospital_only,not_applicable,observed,monthly_count,66,count,66,,,,,,,,,final,,,,,,,,none,No disclosure restriction identified.,66.000
bnr_cvd_public_metric_v2,CVD-BURDEN-001,cvd_2024_05,quarterly,2016_q2,2016-04-01,2016,4,2,1,all_cvd,all,all,hospital_registered,hospital_only,not_applicable,observed,quarterly_count,194,count,194,,,,,,,,,final,,,,,,,,none,No disclosure restriction identified.,194.000
bnr_cvd_public_metric_v2,CVD-BURDEN-001,cvd_2024_05,quarterly,2016_q3,2016-07-01,2016,7,3,1,all_cvd,all,all,hospital_registered,hospital_only,not_applicable,observed,quarterly_same_quarter_previous_5yr_mean,155.6,count,778,,,,,,,,5,final,,,,,,,,none,No disclosure restriction identified.,155.600
bnr_cvd_public_metric_v2,CVD-BURDEN-001,cvd_2024_05,quarterly,2016_q1,2016-01-01,2016,1,1,1,all_cvd,all,all,hospital_registered,hospital_only,not_applicable,observed,quarterly_count,193,count,193,,,,,,,,,final,,,,,,,,none,No disclosure restriction identified.,193.000
bnr_cvd_public_metric_v2,CVD-BURDEN-001,cvd_2024_05,annual,2016,2016-01-01,2016,,,1,all_cvd,all,age_70_plus,hospital_registered,hospital_only,not_applicable,observed,annual_previous_5yr_mean,324.4,count,1622,,,,,,,,5,final,,,,,,,,none,No disclosure restriction identified.,324.400
bnr_cvd_public_metric_v2,CVD-BURDEN-001,cvd_2024_05,annual,2016,2016-01-01,2016,,,1,all_cvd,all,under_70,hospital_registered,hospital_only,not_applicable,observed,annual_previous_5yr_mean,314.6,count,1573,,,,,,,,5,final,,,,,,,,none,No disclosure restriction identified.,314.600
bnr_cvd_public_metric_v2,CVD-BURDEN-001,cvd_2024_05,monthly,2016_m01,2016-01-01,2016,1,,1,all_cvd,all,all,hospital_registered,hospital_only,not_applicable,observed,monthly_count,80,count,80,,,,,,,,,final,,,,,,,,none,No disclosure restriction identified.,80.000
bnr_cvd_public_metric_v2,CVD-BURDEN-001,cvd_2024_05,quarterly,2016_q1,2016-01-01,2016,1,1,1,all_cvd,all,all,hospital_registered,hospital_only,not_applicable,observed,quarterly_same_quarter_previous_5yr_mean,166.2,count,831,,,,,,,,5,final,,,,,,,,none,No disclosure restriction identified.,166.200
bnr_cvd_public_metric_v2,CVD-BURDEN-001,cvd_2024_05,annual,2016,2016-01-01,2016,,,1,all_cvd,all,all,national_estimate,additional_dco,inclusive,estimated,annual_count,192.0163265306122,count,192.0163265306122,,76,449.9999999999999,,,,,,final,cvd_rates_v1_1_0,not_applicable,BRB,not_applicable,not_applicable,not_applicable,not_applicable,none,No disclosure restriction identified.,192.016
bnr_cvd_public_metric_v2,CVD-BURDEN-001,cvd_2024_05,monthly,2016_m11,2016-11-01,2016,11,,1,all_cvd,all,all,hospital_registered,hospital_only,not_applicable,observed,monthly_count,63,count,63,,,,,,,,,final,,,,,,,,none,No disclosure restriction identified.,63.000
bnr_cvd_public_metric_v2,CVD-BURDEN-001,cvd_2024_05,quarterly,2016_q4,2016-10-01,2016,10,4,1,all_cvd,all,all,hospital_registered,hospital_only,not_applicable,observed,quarterly_same_quarter_previous_5yr_mean,160.2,count,801,,,,,,,,5,final,,,,,,,,none,No disclosure restriction identified.,160.200
bnr_cvd_public_metric_v2,CVD-BURDEN-001,cvd_2024_05,monthly,2016_m05,2016-05-01,2016,5,,1,all_cvd,all,all,hospital_registered,hospital_only,not_applicable,observed,monthly_count,74,count,74,,,,,,,,,final,,,,,,,,none,No disclosure restriction identified.,74.000
bnr_cvd_public_metric_v2,CVD-BURDEN-001,cvd_2024_05,annual,2016,2016-01-01,2016,,,1,all_cvd,all,all,national_estimate,hospital_plus_dco,inclusive,estimated,annual_count,972.0163265306122,count,972.0163265306122,,856,1230,,,,,,final,cvd_rates_v1_1_0,not_applicable,BRB,not_applicable,not_applicable,not_applicable,not_applicable,none,No disclosure restriction identified.,972.016
bnr_cvd_public_metric_v2,CVD-BURDEN-001,cvd_2024_05,quarterly,2016_q4,2016-10-01,2016,10,4,1,all_cvd,all,all,hospital_registered,hospital_only,not_applicable,observed,quarterly_count,194,count,194,,,,,,,,,final,,,,,,,,none,No disclosure restriction identified.,194.000
bnr_cvd_public_metric_v2,CVD-BURDEN-001,cvd_2024_05,monthly,2016_m12,2016-12-01,2016,12,,1,all_cvd,all,all,hospital_registered,hospital_only,not_applicable,observed,monthly_count,65,count,65,,,,,,,,,final,,,,,,,,none,No disclosure restriction identified.,65.000
bnr_cvd_public_metric_v2,CVD-BURDEN-002,cvd_2024_05,annual,2016,2016-01-01,2016,,,1,all_cvd,all,under_70,hospital_registered,hospital_only,not_applicable,observed,age_distribution,51.15681233933162,percent,398,778,,,,,,,,final,,,,,,,,none,No disclosure restriction identified.,51.157
bnr_cvd_public_metric_v2,CVD-BURDEN-001,cvd_2024_05,annual,2016,2016-01-01,2016,,,1,all_cvd,all,age_70_plus,hospital_registered,hospital_only,not_applicable,observed,annual_count,380,count,380,,,,,,,,,final,,,,,,,,none,No disclosure restriction identified.,380.000
bnr_cvd_public_metric_v2,CVD-BURDEN-001,cvd_2024_05,monthly,2016_m09,2016-09-01,2016,9,,1,all_cvd,all,all,hospital_registered,hospital_only,not_applicable,observed,monthly_count,67,count,67,,,,,,,,,final,,,,,,,,none,No disclosure restriction identified.,67.000
bnr_cvd_public_metric_v2,CVD-INCIDENCE-001,cvd_2024_05,annual,2016,2016-01-01,2016,,,1,all_cvd,all,all,national_estimate,hospital_plus_dco,primary,estimated,annual_crude_rate,335.1362978139554,rate_per_100000,937.0327102803739,279597.5,302.2201557596188,410.5902234462039,314.0188910800929,357.3002693650429,95,conditional_gamma,,final,cvd_rates_v1_1_0,UN_WPP_2024,BRB,persons,2026-08-26,historical_estimate,WHO_WORLD_2000_2025,none,No disclosure restriction identified.,335.136
bnr_cvd_public_metric_v2,CVD-INCIDENCE-001,cvd_2024_05,annual,2016,2016-01-01,2016,,,1,all_cvd,all,age_standardised,national_estimate,hospital_plus_dco,inclusive,estimated,annual_age_standardised_rate,228.2351776205802,rate_per_100000,,,202.9842980127833,284.385159906339,213.7801671925195,243.7333565679744,95,conditional_fay_feuer_gamma,,final,cvd_rates_v1_1_0,UN_WPP_2024,BRB,persons,2026-08-26,historical_estimate,WHO_WORLD_2000_2025,none,No disclosure restriction identified.,228.235
bnr_cvd_public_metric_v2,CVD-INCIDENCE-001,cvd_2024_05,annual,2016,2016-01-01,2016,,,1,all_cvd,all,all,national_estimate,hospital_plus_dco,inclusive,estimated,annual_crude_rate,347.6484326686083,rate_per_100000,972.0163265306122,279597.5,306.1543826393298,439.9180965495042,326.1340967111839,370.2091274836101,95,conditional_gamma,,final,cvd_rates_v1_1_0,UN_WPP_2024,BRB,persons,2026-08-26,historical_estimate,WHO_WORLD_2000_2025,none,No disclosure restriction identified.,347.648
bnr_cvd_public_metric_v2,CVD-BURDEN-001,cvd_2024_05,quarterly,2016_q2,2016-04-01,2016,4,2,1,all_cvd,all,all,hospital_registered,hospital_only,not_applicable,observed,quarterly_same_quarter_previous_5yr_mean,157,count,785,,,,,,,,5,final,,,,,,,,none,No disclosure restriction identified.,157.000
bnr_cvd_public_metric_v2,CVD-BURDEN-001,cvd_2024_05,annual,2016,2016-01-01,2016,,,1,all_cvd,all,all,hospital_registered,hospital_only,not_applicable,observed,annual_count,780,count,780,,,,,,,,,final,,,,,,,,none,No disclosure restriction identified.,780.000
bnr_cvd_public_metric_v2,CVD-BURDEN-001,cvd_2024_05,quarterly,2016_q3,2016-07-01,2016,7,3,1,all_cvd,female,all,hospital_registered,hospital_only,not_applicable,observed,quarterly_same_quarter_previous_5yr_mean,81.2,count,406,,,,,,,,5,final,,,,,,,,none,No disclosure restriction identified.,81.200
bnr_cvd_public_metric_v2,CVD-INCIDENCE-001,cvd_2024_05,annual,2016,2016-01-01,2016,,,1,all_cvd,female,all,national_estimate,hospital_plus_dco,inclusive,estimated,annual_crude_rate,350.5334099004536,rate_per_100000,510.6938775510204,145690.5,303.3828561230828,455.3813518527651,320.7870003427229,382.2960046761841,95,conditional_gamma,,final,cvd_rates_v1_1_0,UN_WPP_2024,BRB,persons,2026-08-26,historical_estimate,WHO_WORLD_2000_2025,none,No disclosure restriction identified.,350.533
bnr_cvd_public_metric_v2,CVD-BURDEN-001,cvd_2024_05,quarterly,2016_q1,2016-01-01,2016,1,1,1,all_cvd,female,all,hospital_registered,hospital_only,not_applicable,observed,quarterly_same_quarter_previous_5yr_mean,82.59999999999999,count,413,,,,,,,,5,final,,,,,,,,none,No disclosure restriction identified.,82.600
bnr_cvd_public_metric_v2,CVD-BURDEN-001,cvd_2024_05,quarterly,2016_q4,2016-10-01,2016,10,4,1,all_cvd,female,all,hospital_registered,hospital_only,not_applicable,observed,quarterly_count,98,count,98,,,,,,,,,final,,,,,,,,none,No disclosure restriction identified.,98.000
bnr_cvd_public_metric_v2,CVD-BURDEN-001,cvd_2024_05,quarterly,2016_q4,2016-10-01,2016,10,4,1,all_cvd,female,all,hospital_registered,hospital_only,not_applicable,observed,quarterly_same_quarter_previous_5yr_mean,81,count,405,,,,,,,,5,final,,,,,,,,none,No disclosure restriction identified.,81.000
bnr_cvd_public_metric_v2,CVD-BURDEN-001,cvd_2024_05,annual,2016,2016-01-01,2016,,,1,all_cvd,female,all,hospital_registered,hospital_only,not_applicable,observed,annual_previous_5yr_mean,322,count,1610,,,,,,,,5,final,,,,,,,,none,No disclosure restriction identified.,322.000
bnr_cvd_public_metric_v2,CVD-BURDEN-001,cvd_2024_05,quarterly,2016_q2,2016-04-01,2016,4,2,1,all_cvd,female,all,hospital_registered,hospital_only,not_applicable,observed,quarterly_same_quarter_previous_5yr_mean,77.2,count,386,,,,,,,,5,final,,,,,,,,none,No disclosure restriction identified.,77.200
bnr_cvd_public_metric_v2,CVD-BURDEN-001,cvd_2024_05,quarterly,2016_q1,2016-01-01,2016,1,1,1,all_cvd,female,all,hospital_registered,hospital_only,not_applicable,observed,quarterly_count,101,count,101,,,,,,,,,final,,,,,,,,none,No disclosure restriction identified.,101.000
bnr_cvd_public_metric_v2,CVD-INCIDENCE-001,cvd_2024_05,annual,2016,2016-01-01,2016,,,1,all_cvd,female,all,national_estimate,hospital_plus_dco,primary,estimated,annual_crude_rate,333.8500797699848,rate_per_100000,486.3878504672897,145690.5,297.8917637045655,416.2776042891767,304.836083750351,364.880985798428,95,conditional_gamma,,final,cvd_rates_v1_1_0,UN_WPP_2024,BRB,persons,2026-08-26,historical_estimate,WHO_WORLD_2000_2025,none,No disclosure restriction identified.,333.850
bnr_cvd_public_metric_v2,CVD-BURDEN-001,cvd_2024_05,annual,2016,2016-01-01,2016,,,1,all_cvd,female,all,national_estimate,additional_dco,primary,estimated,annual_count,89.3878504672897,count,89.3878504672897,,37,209.4769230769231,,,,,,final,cvd_rates_v1_1_0,not_applicable,BRB,not_applicable,not_applicable,not_applicable,not_applicable,none,No disclosure restriction identified.,89.388
bnr_cvd_public_metric_v2,CVD-BURDEN-001,cvd_2024_05,annual,2016,2016-01-01,2016,,,1,all_cvd,female,all,national_estimate,hospital_plus_dco,primary,estimated,annual_count,486.3878504672897,count,486.3878504672897,,434,606.4769230769231,,,,,,final,cvd_rates_v1_1_0,not_applicable,BRB,not_applicable,not_applicable,not_applicable,not_applicable,none,No disclosure restriction identified.,486.388
bnr_cvd_public_metric_v2,CVD-BURDEN-001,cvd_2024_05,annual,2016,2016-01-01,2016,,,1,all_cvd,female,all,hospital_registered,hospital_only,not_applicable,observed,annual_count,397,count,397,,,,,,,,,final,,,,,,,,none,No disclosure restriction identified.,397.000
bnr_cvd_public_metric_v2,CVD-BURDEN-001,cvd_2024_05,quarterly,2016_q3,2016-07-01,2016,7,3,1,all_cvd,female,all,hospital_registered,hospital_only,not_applicable,observed,quarterly_count,107,count,107,,,,,,,,,final,,,,,,,,none,No disclosure restriction identified.,107.000
bnr_cvd_public_metric_v2,CVD-BURDEN-002,cvd_2024_05,annual,2016,2016-01-01,2016,,,1,all_cvd,female,all,hospital_registered,hospital_only,not_applicable,observed,sex_distribution,50.8974358974359,percent,397,780,,,,,,,,final,,,,,,,,none,No disclosure restriction identified.,50.897
bnr_cvd_public_metric_v2,CVD-INCIDENCE-001,cvd_2024_05,annual,2016,2016-01-01,2016,,,1,all_cvd,female,all,hospital_registered,hospital_only,not_applicable,observed,annual_crude_rate,272.4954612689228,rate_per_100000,397,145690.5,,,246.3466057676445,300.6644393709335,95,poisson_exact_garwood,,final,cvd_rates_v1_1_0,UN_WPP_2024,BRB,persons,2026-08-26,historical_estimate,WHO_WORLD_2000_2025,none,No disclosure restriction identified.,272.495
bnr_cvd_public_metric_v2,CVD-INCIDENCE-001,cvd_2024_05,annual,2016,2016-01-01,2016,,,1,all_cvd,female,age_standardised,national_estimate,hospital_plus_dco,primary,estimated,annual_age_standardised_rate,195.8084134372517,rate_per_100000,,,176.4119137508918,240.2711588721381,178.0252706992567,215.6507938714004,95,conditional_fay_feuer_gamma,,final,cvd_rates_v1_1_0,UN_WPP_2024,BRB,persons,2026-08-26,historical_estimate,WHO_WORLD_2000_2025,none,No disclosure restriction identified.,195.808
bnr_cvd_public_metric_v2,CVD-INCIDENCE-001,cvd_2024_05,annual,2016,2016-01-01,2016,,,1,all_cvd,female,age_standardised,national_estimate,hospital_plus_dco,inclusive,estimated,annual_age_standardised_rate,204.9084564199065,rate_per_100000,,,179.4137883604068,261.6005472364255,186.7584838744042,225.1102551412913,95,conditional_fay_feuer_gamma,,final,cvd_rates_v1_1_0,UN_WPP_2024,BRB,persons,2026-08-26,historical_estimate,WHO_WORLD_2000_2025,none,No disclosure restriction identified.,204.908
bnr_cvd_public_metric_v2,CVD-BURDEN-001,cvd_2024_05,quarterly,2016_q2,2016-04-01,2016,4,2,1,all_cvd,female,all,hospital_registered,hospital_only,not_applicable,observed,quarterly_count,91,count,91,,,,,,,,,final,,,,,,,,none,No disclosure restriction identified.,91.000
bnr_cvd_public_metric_v2,CVD-INCIDENCE-001,cvd_2024_05,annual,2016,2016-01-01,2016,,,1,all_cvd,female,age_standardised,hospital_registered,hospital_only,not_applicable,observed,annual_age_standardised_rate,162.7127357545848,rate_per_100000,,,,,146.3887158875968,181.1234915059859,95,fay_feuer_gamma,,final,cvd_rates_v1_1_0,UN_WPP_2024,BRB,persons,2026-08-26,historical_estimate,WHO_WORLD_2000_2025,none,No disclosure restriction identified.,162.713
bnr_cvd_public_metric_v2,CVD-BURDEN-001,cvd_2024_05,annual,2016,2016-01-01,2016,,,1,all_cvd,female,all,national_estimate,hospital_plus_dco,inclusive,estimated,annual_count,510.6938775510204,count,510.6938775510204,,442,663.4473684210527,,,,,,final,cvd_rates_v1_1_0,not_applicable,BRB,not_applicable,not_applicable,not_applicable,not_applicable,none,No disclosure restriction identified.,510.694
bnr_cvd_public_metric_v2,CVD-BURDEN-001,cvd_2024_05,annual,2016,2016-01-01,2016,,,1,all_cvd,female,all,national_estimate,additional_dco,inclusive,estimated,annual_count,113.6938775510204,count,113.6938775510204,,45,266.4473684210527,,,,,,final,cvd_rates_v1_1_0,not_applicable,BRB,not_applicable,not_applicable,not_applicable,not_applicable,none,No disclosure restriction identified.,113.694
bnr_cvd_public_metric_v2,CVD-BURDEN-001,cvd_2024_05,annual,2016,2016-01-01,2016,,,1,all_cvd,male,all,hospital_registered,hospital_only,not_applicable,observed,annual_count,383,count,383,,,,,,,,,final,,,,,,,,none,No disclosure restriction identified.,383.000
bnr_cvd_public_metric_v2,CVD-BURDEN-001,cvd_2024_05,quarterly,2016_q3,2016-07-01,2016,7,3,1,all_cvd,male,all,hospital_registered,hospital_only,not_applicable,observed,quarterly_same_quarter_previous_5yr_mean,74.40000000000001,count,372,,,,,,,,5,final,,,,,,,,none,No disclosure restriction identified.,74.400
bnr_cvd_public_metric_v2,CVD-BURDEN-001,cvd_2024_05,quarterly,2016_q4,2016-10-01,2016,10,4,1,all_cvd,male,all,hospital_registered,hospital_only,not_applicable,observed,quarterly_count,96,count,96,,,,,,,,,final,,,,,,,,none,No disclosure restriction identified.,96.000
bnr_cvd_public_metric_v2,CVD-INCIDENCE-001,cvd_2024_05,annual,2016,2016-01-01,2016,,,1,all_cvd,male,age_standardised,national_estimate,hospital_plus_dco,inclusive,estimated,annual_age_standardised_rate,252.824909525072,rate_per_100000,,,228.0676807169631,307.8771683220511,229.7248636728022,280.0343683188415,95,conditional_fay_feuer_gamma,,final,cvd_rates_v1_1_0,UN_WPP_2024,BRB,persons,2026-08-26,historical_estimate,WHO_WORLD_2000_2025,none,No disclosure restriction identified.,252.825
bnr_cvd_public_metric_v2,CVD-INCIDENCE-001,cvd_2024_05,annual,2016,2016-01-01,2016,,,1,all_cvd,male,all,national_estimate,hospital_plus_dco,inclusive,estimated,annual_crude_rate,344.5095842484649,rate_per_100000,461.3224489795919,133907,309.1697969486285,423.0941112704694,313.7853367083408,377.4291024208168,95,conditional_gamma,,final,cvd_rates_v1_1_0,UN_WPP_2024,BRB,persons,2026-08-26,historical_estimate,WHO_WORLD_2000_2025,none,No disclosure restriction identified.,344.510
bnr_cvd_public_metric_v2,CVD-INCIDENCE-001,cvd_2024_05,annual,2016,2016-01-01,2016,,,1,all_cvd,male,age_standardised,national_estimate,hospital_plus_dco,primary,estimated,annual_age_standardised_rate,247.4035700366708,rate_per_100000,,,226.5663947966606,295.1687871253097,224.5301642699212,274.3942496645141,95,conditional_fay_feuer_gamma,,final,cvd_rates_v1_1_0,UN_WPP_2024,BRB,persons,2026-08-26,historical_estimate,WHO_WORLD_2000_2025,none,No disclosure restriction identified.,247.404
bnr_cvd_public_metric_v2,CVD-INCIDENCE-001,cvd_2024_05,annual,2016,2016-01-01,2016,,,1,all_cvd,male,all,national_estimate,hospital_plus_dco,primary,estimated,annual_crude_rate,336.5357000105178,rate_per_100000,450.6448598130841,133907,306.9294361011747,404.4023665103967,306.1774694002817,369.0895969057963,95,conditional_gamma,,final,cvd_rates_v1_1_0,UN_WPP_2024,BRB,persons,2026-08-26,historical_estimate,WHO_WORLD_2000_2025,none,No disclosure restriction identified.,336.536
bnr_cvd_public_metric_v2,CVD-BURDEN-001,cvd_2024_05,annual,2016,2016-01-01,2016,,,1,all_cvd,male,all,national_estimate,additional_dco,inclusive,estimated,annual_count,78.32244897959183,count,78.32244897959183,,31,183.5526315789474,,,,,,final,cvd_rates_v1_1_0,not_applicable,BRB,not_applicable,not_applicable,not_applicable,not_applicable,none,No disclosure restriction identified.,78.322
bnr_cvd_public_metric_v2,CVD-BURDEN-001,cvd_2024_05,annual,2016,2016-01-01,2016,,,1,all_cvd,male,all,national_estimate,hospital_plus_dco,primary,estimated,annual_count,450.6448598130841,count,450.6448598130841,,411,541.5230769230769,,,,,,final,cvd_rates_v1_1_0,not_applicable,BRB,not_applicable,not_applicable,not_applicable,not_applicable,none,No disclosure restriction identified.,450.645
bnr_cvd_public_metric_v2,CVD-BURDEN-001,cvd_2024_05,quarterly,2016_q1,2016-01-01,2016,1,1,1,all_cvd,male,all,hospital_registered,hospital_only,not_applicable,observed,quarterly_same_quarter_previous_5yr_mean,83.59999999999999,count,418,,,,,,,,5,final,,,,,,,,none,No disclosure restriction identified.,83.600
bnr_cvd_public_metric_v2,CVD-BURDEN-001,cvd_2024_05,quarterly,2016_q2,2016-04-01,2016,4,2,1,all_cvd,male,all,hospital_registered,hospital_only,not_applicable,observed,quarterly_count,103,count,103,,,,,,,,,final,,,,,,,,none,No disclosure restriction identified.,103.000
bnr_cvd_public_metric_v2,CVD-BURDEN-001,cvd_2024_05,quarterly,2016_q2,2016-04-01,2016,4,2,1,all_cvd,male,all,hospital_registered,hospital_only,not_applicable,observed,quarterly_same_quarter_previous_5yr_mean,79.8,count,399,,,,,,,,5,final,,,,,,,,none,No disclosure restriction identified.,79.800
bnr_cvd_public_metric_v2,CVD-BURDEN-001,cvd_2024_05,quarterly,2016_q1,2016-01-01,2016,1,1,1,all_cvd,male,all,hospital_registered,hospital_only,not_applicable,observed,quarterly_count,92,count,92,,,,,,,,,final,,,,,,,,none,No disclosure restriction identified.,92.000
bnr_cvd_public_metric_v2,CVD-INCIDENCE-001,cvd_2024_05,annual,2016,2016-01-01,2016,,,1,all_cvd,male,age_standardised,hospital_registered,hospital_only,not_applicable,observed,annual_age_standardised_rate,211.8497099736831,rate_per_100000,,,,,190.5800039619164,237.2911722240924,95,fay_feuer_gamma,,final,cvd_rates_v1_1_0,UN_WPP_2024,BRB,persons,2026-08-26,historical_estimate,WHO_WORLD_2000_2025,none,No disclosure restriction identified.,211.850
bnr_cvd_public_metric_v2,CVD-BURDEN-001,cvd_2024_05,quarterly,2016_q3,2016-07-01,2016,7,3,1,all_cvd,male,all,hospital_registered,hospital_only,not_applicable,observed,quarterly_count,92,count,92,,,,,,,,,final,,,,,,,,none,No disclosure restriction identified.,92.000
bnr_cvd_public_metric_v2,CVD-INCIDENCE-001,cvd_2024_05,annual,2016,2016-01-01,2016,,,1,all_cvd,male,all,hospital_registered,hospital_only,not_applicable,observed,annual_crude_rate,286.0194015249389,rate_per_100000,383,133907,,,258.0884538486581,316.1488929132754,95,poisson_exact_garwood,,final,cvd_rates_v1_1_0,UN_WPP_2024,BRB,persons,2026-08-26,historical_estimate,WHO_WORLD_2000_2025,none,No disclosure restriction identified.,286.019
bnr_cvd_public_metric_v2,CVD-BURDEN-001,cvd_2024_05,annual,2016,2016-01-01,2016,,,1,all_cvd,male,all,national_estimate,additional_dco,primary,estimated,annual_count,67.6448598130841,count,67.6448598130841,,28,158.5230769230769,,,,,,final,cvd_rates_v1_1_0,not_applicable,BRB,not_applicable,not_applicable,not_applicable,not_applicable,none,No disclosure restriction identified.,67.645
bnr_cvd_public_metric_v2,CVD-BURDEN-002,cvd_2024_05,annual,2016,2016-01-01,2016,,,1,all_cvd,male,all,hospital_registered,hospital_only,not_applicable,observed,sex_distribution,49.1025641025641,percent,383,780,,,,,,,,final,,,,,,,,none,No disclosure restriction identified.,49.103
bnr_cvd_public_metric_v2,CVD-BURDEN-001,cvd_2024_05,annual,2016,2016-01-01,2016,,,1,all_cvd,male,all,hospital_registered,hospital_only,not_applicable,observed,annual_previous_5yr_mean,317,count,1585,,,,,,,,5,final,,,,,,,,none,No disclosure restriction identified.,317.000
bnr_cvd_public_metric_v2,CVD-BURDEN-001,cvd_2024_05,annual,2016,2016-01-01,2016,,,1,all_cvd,male,all,national_estimate,hospital_plus_dco,inclusive,estimated,annual_count,461.3224489795919,count,461.3224489795919,,414,566.5526315789474,,,,,,final,cvd_rates_v1_1_0,not_applicable,BRB,not_applicable,not_applicable,not_applicable,not_applicable,none,No disclosure restriction identified.,461.322
bnr_cvd_public_metric_v2,CVD-BURDEN-001,cvd_2024_05,quarterly,2016_q4,2016-10-01,2016,10,4,1,all_cvd,male,all,hospital_registered,hospital_only,not_applicable,observed,quarterly_same_quarter_previous_5yr_mean,79.2,count,396,,,,,,,,5,final,,,,,,,,none,No disclosure restriction identified.,79.200
bnr_cvd_public_metric_v2,CVD-INCIDENCE-001,cvd_2024_05,annual,2016,2016-01-01,2016,,,1,heart,all,age_standardised,hospital_registered,hospital_only,not_applicable,observed,annual_age_standardised_rate,52.39141557950602,rate_per_100000,,,,,45.49400144251362,60.38730144568588,95,fay_feuer_gamma,,final,cvd_rates_v1_1_0,UN_WPP_2024,BRB,persons,2026-08-26,historical_estimate,WHO_WORLD_2000_2025,none,No disclosure restriction identified.,52.391
bnr_cvd_public_metric_v2,CVD-BURDEN-001,cvd_2024_05,annual,2016,2016-01-01,2016,,,1,heart,all,all,national_estimate,hospital_plus_dco,inclusive,estimated,annual_count,252.3714285714286,count,252.3714285714286,,231,299.8947368421053,,,,,,final,cvd_rates_v1_1_0,not_applicable,BRB,not_applicable,not_applicable,not_applicable,not_applicable,none,No disclosure restriction identified.,252.371
bnr_cvd_public_metric_v2,CVD-INCIDENCE-001,cvd_2024_05,annual,2016,2016-01-01,2016,,,1,heart,all,all,national_estimate,hospital_plus_dco,primary,estimated,annual_crude_rate,87.98027672121799,rate_per_100000,245.9906542056075,279597.5,81.90345049580201,101.9102322225562,77.32838637135721,99.6894704697157,95,conditional_gamma,,final,cvd_rates_v1_1_0,UN_WPP_2024,BRB,persons,2026-08-26,historical_estimate,WHO_WORLD_2000_2025,none,No disclosure restriction identified.,87.980
bnr_cvd_public_metric_v2,CVD-BURDEN-001,cvd_2024_05,annual,2016,2016-01-01,2016,,,1,heart,all,all,national_estimate,additional_dco,primary,estimated,annual_count,28.99065420560747,count,28.99065420560747,,12,67.93846153846154,,,,,,final,cvd_rates_v1_1_0,not_applicable,BRB,not_applicable,not_applicable,not_applicable,not_applicable,none,No disclosure restriction identified.,28.991
bnr_cvd_public_metric_v2,CVD-BURDEN-001,cvd_2024_05,quarterly,2016_q4,2016-10-01,2016,10,4,1,heart,all,all,hospital_registered,hospital_only,not_applicable,observed,quarterly_count,49,count,49,,,,,,,,,final,,,,,,,,none,No disclosure restriction identified.,49.000
bnr_cvd_public_metric_v2,CVD-BURDEN-001,cvd_2024_05,quarterly,2016_q3,2016-07-01,2016,7,3,1,heart,all,all,hospital_registered,hospital_only,not_applicable,observed,quarterly_same_quarter_previous_5yr_mean,43.8,count,219,,,,,,,,5,final,,,,,,,,none,No disclosure restriction identified.,43.800
bnr_cvd_public_metric_v2,CVD-BURDEN-001,cvd_2024_05,quarterly,2016_q1,2016-01-01,2016,1,1,1,heart,all,all,hospital_registered,hospital_only,not_applicable,observed,quarterly_count,46,count,46,,,,,,,,,final,,,,,,,,none,No disclosure restriction identified.,46.000
bnr_cvd_public_metric_v2,CVD-BURDEN-001,cvd_2024_05,quarterly,2016_q4,2016-10-01,2016,10,4,1,heart,all,all,hospital_registered,hospital_only,not_applicable,observed,quarterly_same_quarter_previous_5yr_mean,46.2,count,231,,,,,,,,5,final,,,,,,,,none,No disclosure restriction identified.,46.200
bnr_cvd_public_metric_v2,CVD-BURDEN-001,cvd_2024_05,quarterly,2016_q2,2016-04-01,2016,4,2,1,heart,all,all,hospital_registered,hospital_only,not_applicable,observed,quarterly_same_quarter_previous_5yr_mean,44.2,count,221,,,,,,,,5,final,,,,,,,,none,No disclosure restriction identified.,44.200
bnr_cvd_public_metric_v2,CVD-BURDEN-001,cvd_2024_05,quarterly,2016_q2,2016-04-01,2016,4,2,1,heart,all,all,hospital_registered,hospital_only,not_applicable,observed,quarterly_count,70,count,70,,,,,,,,,final,,,,,,,,none,No disclosure restriction identified.,70.000
bnr_cvd_public_metric_v2,CVD-INCIDENCE-001,cvd_2024_05,annual,2016,2016-01-01,2016,,,1,heart,all,age_standardised,national_estimate,hospital_plus_dco,inclusive,estimated,annual_age_standardised_rate,60.95725090227944,rate_per_100000,,,55.78177043262312,72.4658851045415,53.50362498281614,69.50270661804754,95,conditional_fay_feuer_gamma,,final,cvd_rates_v1_1_0,UN_WPP_2024,BRB,persons,2026-08-26,historical_estimate,WHO_WORLD_2000_2025,none,No disclosure restriction identified.,60.957
bnr_cvd_public_metric_v2,CVD-BURDEN-001,cvd_2024_05,annual,2016,2016-01-01,2016,,,1,heart,all,all,hospital_registered,hospital_only,not_applicable,observed,annual_previous_5yr_mean,180.8,count,904,,,,,,,,5,final,,,,,,,,none,No disclosure restriction identified.,180.800
bnr_cvd_public_metric_v2,CVD-BURDEN-001,cvd_2024_05,annual,2016,2016-01-01,2016,,,1,heart,all,all,national_estimate,additional_dco,inclusive,estimated,annual_count,35.37142857142857,count,35.37142857142857,,14,82.89473684210525,,,,,,final,cvd_rates_v1_1_0,not_applicable,BRB,not_applicable,not_applicable,not_applicable,not_applicable,none,No disclosure restriction identified.,35.371
bnr_cvd_public_metric_v2,CVD-INCIDENCE-001,cvd_2024_05,annual,2016,2016-01-01,2016,,,1,heart,all,age_standardised,national_estimate,hospital_plus_dco,primary,estimated,annual_age_standardised_rate,59.49650982177343,rate_per_100000,,,55.33240236450645,69.04192537766235,52.12822591348382,67.95847152469068,95,conditional_fay_feuer_gamma,,final,cvd_rates_v1_1_0,UN_WPP_2024,BRB,persons,2026-08-26,historical_estimate,WHO_WORLD_2000_2025,none,No disclosure restriction identified.,59.497
bnr_cvd_public_metric_v2,CVD-BURDEN-001,cvd_2024_05,quarterly,2016_q1,2016-01-01,2016,1,1,1,heart,all,all,hospital_registered,hospital_only,not_applicable,observed,quarterly_same_quarter_previous_5yr_mean,46.6,count,233,,,,,,,,5,final,,,,,,,,none,No disclosure restriction identified.,46.600
bnr_cvd_public_metric_v2,CVD-INCIDENCE-001,cvd_2024_05,annual,2016,2016-01-01,2016,,,1,heart,all,all,hospital_registered,hospital_only,not_applicable,observed,annual_crude_rate,77.61156662702635,rate_per_100000,217,279597.5,,,67.62808284935787,88.65377032147116,95,poisson_exact_garwood,,final,cvd_rates_v1_1_0,UN_WPP_2024,BRB,persons,2026-08-26,historical_estimate,WHO_WORLD_2000_2025,none,No disclosure restriction identified.,77.612
bnr_cvd_public_metric_v2,CVD-BURDEN-001,cvd_2024_05,annual,2016,2016-01-01,2016,,,1,heart,all,all,hospital_registered,hospital_only,not_applicable,observed,annual_count,217,count,217,,,,,,,,,final,,,,,,,,none,No disclosure restriction identified.,217.000
bnr_cvd_public_metric_v2,CVD-BURDEN-001,cvd_2024_05,annual,2016,2016-01-01,2016,,,1,heart,all,all,national_estimate,hospital_plus_dco,primary,estimated,annual_count,245.9906542056075,count,245.9906542056075,,229,284.9384615384615,,,,,,final,cvd_rates_v1_1_0,not_applicable,BRB,not_applicable,not_applicable,not_applicable,not_applicable,none,No disclosure restriction identified.,245.991
bnr_cvd_public_metric_v2,CVD-BURDEN-002,cvd_2024_05,annual,2016,2016-01-01,2016,,,1,heart,all,all,hospital_registered,hospital_only,not_applicable,observed,event_type_distribution,27.82051282051282,percent,217,780,,,,,,,,final,,,,,,,,none,No disclosure restriction identified.,27.821
bnr_cvd_public_metric_v2,CVD-BURDEN-001,cvd_2024_05,quarterly,2016_q3,2016-07-01,2016,7,3,1,heart,all,all,hospital_registered,hospital_only,not_applicable,observed,quarterly_count,52,count,52,,,,,,,,,final,,,,,,,,none,No disclosure restriction identified.,52.000
bnr_cvd_public_metric_v2,CVD-INCIDENCE-001,cvd_2024_05,annual,2016,2016-01-01,2016,,,1,heart,all,all,national_estimate,hospital_plus_dco,inclusive,estimated,annual_crude_rate,90.26240526879839,rate_per_100000,252.3714285714286,279597.5,82.61876447393128,107.2594486152792,79.46878731679165,102.1130478606017,95,conditional_gamma,,final,cvd_rates_v1_1_0,UN_WPP_2024,BRB,persons,2026-08-26,historical_estimate,WHO_WORLD_2000_2025,none,No disclosure restriction identified.,90.262
bnr_cvd_public_metric_v2,CVD-BURDEN-002,cvd_2024_05,annual,2016,2016-01-01,2016,,,1,heart,female,all,hospital_registered,hospital_only,not_applicable,observed,sex_distribution,43.77880184331797,percent,95,217,,,,,,,,final,,,,,,,,none,No disclosure restriction identified.,43.779
bnr_cvd_public_metric_v2,CVD-BURDEN-001,cvd_2024_05,annual,2016,2016-01-01,2016,,,1,heart,female,all,national_estimate,hospital_plus_dco,primary,estimated,annual_count,,count,,,,,,,,,,final,cvd_rates_v1_1_0,not_applicable,BRB,not_applicable,not_applicable,not_applicable,not_applicable,primary,Primary suppression: supporting frequency 1-5.,*
bnr_cvd_public_metric_v2,CVD-BURDEN-001,cvd_2024_05,quarterly,2016_q3,2016-07-01,2016,7,3,1,heart,female,all,hospital_registered,hospital_only,not_applicable,observed,quarterly_count,26,count,26,,,,,,,,,final,,,,,,,,none,No disclosure restriction identified.,26.000
bnr_cvd_public_metric_v2,CVD-INCIDENCE-001,cvd_2024_05,annual,2016,2016-01-01,2016,,,1,heart,female,all,hospital_registered,hospital_only,not_applicable,observed,annual_crude_rate,65.20672246989336,rate_per_100000,95,145690.5,,,52.75613239252402,79.71183682090147,95,poisson_exact_garwood,,final,cvd_rates_v1_1_0,UN_WPP_2024,BRB,persons,2026-08-26,historical_estimate,WHO_WORLD_2000_2025,none,No disclosure restriction identified.,65.207
bnr_cvd_public_metric_v2,CVD-BURDEN-001,cvd_2024_05,quarterly,2016_q1,2016-01-01,2016,1,1,1,heart,female,all,hospital_registered,hospital_only,not_applicable,observed,quarterly_same_quarter_previous_5yr_mean,19.8,count,99,,,,,,,,5,final,,,,,,,,none,No disclosure restriction identified.,19.800
bnr_cvd_public_metric_v2,CVD-BURDEN-001,cvd_2024_05,quarterly,2016_q2,2016-04-01,2016,4,2,1,heart,female,all,hospital_registered,hospital_only,not_applicable,observed,quarterly_count,31,count,31,,,,,,,,,final,,,,,,,,none,No disclosure restriction identified.,31.000
bnr_cvd_public_metric_v2,CVD-BURDEN-001,cvd_2024_05,quarterly,2016_q4,2016-10-01,2016,10,4,1,heart,female,all,hospital_registered,hospital_only,not_applicable,observed,quarterly_same_quarter_previous_5yr_mean,23,count,115,,,,,,,,5,final,,,,,,,,none,No disclosure restriction identified.,23.000
bnr_cvd_public_metric_v2,CVD-BURDEN-001,cvd_2024_05,quarterly,2016_q2,2016-04-01,2016,4,2,1,heart,female,all,hospital_registered,hospital_only,not_applicable,observed,quarterly_same_quarter_previous_5yr_mean,19.8,count,99,,,,,,,,5,final,,,,,,,,none,No disclosure restriction identified.,19.800
bnr_cvd_public_metric_v2,CVD-BURDEN-001,cvd_2024_05,annual,2016,2016-01-01,2016,,,1,heart,female,all,national_estimate,additional_dco,primary,estimated,annual_count,,count,,,,,,,,,,final,cvd_rates_v1_1_0,not_applicable,BRB,not_applicable,not_applicable,not_applicable,not_applicable,primary,Primary suppression: supporting frequency 1-5.,*
bnr_cvd_public_metric_v2,CVD-BURDEN-001,cvd_2024_05,annual,2016,2016-01-01,2016,,,1,heart,female,all,national_estimate,hospital_plus_dco,inclusive,estimated,annual_count,110.1591836734694,count,110.1591836734694,,101,130.5263157894737,,,,,,final,cvd_rates_v1_1_0,not_applicable,BRB,not_applicable,not_applicable,not_applicable,not_applicable,none,No disclosure restriction identified.,110.159
bnr_cvd_public_metric_v2,CVD-BURDEN-001,cvd_2024_05,quarterly,2016_q3,2016-07-01,2016,7,3,1,heart,female,all,hospital_registered,hospital_only,not_applicable,observed,quarterly_same_quarter_previous_5yr_mean,20.2,count,101,,,,,,,,5,final,,,,,,,,none,No disclosure restriction identified.,20.200
bnr_cvd_public_metric_v2,CVD-BURDEN-001,cvd_2024_05,annual,2016,2016-01-01,2016,,,1,heart,female,all,hospital_registered,hospital_only,not_applicable,observed,annual_previous_5yr_mean,82.8,count,414,,,,,,,,5,final,,,,,,,,none,No disclosure restriction identified.,82.800
bnr_cvd_public_metric_v2,CVD-INCIDENCE-001,cvd_2024_05,annual,2016,2016-01-01,2016,,,1,heart,female,all,national_estimate,hospital_plus_dco,primary,estimated,annual_crude_rate,,rate_per_100000,,,,,,,95,conditional_gamma,,final,cvd_rates_v1_1_0,UN_WPP_2024,BRB,persons,2026-08-26,historical_estimate,WHO_WORLD_2000_2025,primary,Primary suppression: supporting frequency 1-5.,*
bnr_cvd_public_metric_v2,CVD-INCIDENCE-001,cvd_2024_05,annual,2016,2016-01-01,2016,,,1,heart,female,age_standardised,hospital_registered,hospital_only,not_applicable,observed,annual_age_standardised_rate,38.69100759870626,rate_per_100000,,,,,31.03736481023225,48.56783227192412,95,fay_feuer_gamma,,final,cvd_rates_v1_1_0,UN_WPP_2024,BRB,persons,2026-08-26,historical_estimate,WHO_WORLD_2000_2025,none,No disclosure restriction identified.,38.691
bnr_cvd_public_metric_v2,CVD-BURDEN-001,cvd_2024_05,annual,2016,2016-01-01,2016,,,1,heart,female,all,hospital_registered,hospital_only,not_applicable,observed,annual_count,95,count,95,,,,,,,,,final,,,,,,,,none,No disclosure restriction identified.,95.000
bnr_cvd_public_metric_v2,CVD-BURDEN-001,cvd_2024_05,annual,2016,2016-01-01,2016,,,1,heart,female,all,national_estimate,additional_dco,inclusive,estimated,annual_count,15.15918367346939,count,15.15918367346939,,6,35.52631578947368,,,,,,final,cvd_rates_v1_1_0,not_applicable,BRB,not_applicable,not_applicable,not_applicable,not_applicable,none,No disclosure restriction identified.,15.159
bnr_cvd_public_metric_v2,CVD-INCIDENCE-001,cvd_2024_05,annual,2016,2016-01-01,2016,,,1,heart,female,age_standardised,national_estimate,hospital_plus_dco,inclusive,estimated,annual_age_standardised_rate,46.10721186079075,rate_per_100000,,,41.62633884945053,56.07125842548153,37.59221499416705,56.84138376561913,95,conditional_fay_feuer_gamma,,final,cvd_rates_v1_1_0,UN_WPP_2024,BRB,persons,2026-08-26,historical_estimate,WHO_WORLD_2000_2025,none,No disclosure restriction identified.,46.107
bnr_cvd_public_metric_v2,CVD-BURDEN-001,cvd_2024_05,quarterly,2016_q4,2016-10-01,2016,10,4,1,heart,female,all,hospital_registered,hospital_only,not_applicable,observed,quarterly_count,20,count,20,,,,,,,,,final,,,,,,,,none,No disclosure restriction identified.,20.000
bnr_cvd_public_metric_v2,CVD-INCIDENCE-001,cvd_2024_05,annual,2016,2016-01-01,2016,,,1,heart,female,all,national_estimate,hospital_plus_dco,inclusive,estimated,annual_crude_rate,75.61178228743081,rate_per_100000,110.1591836734694,145690.5,69.32504178378137,89.59150788107235,62.15293825944356,91.12038499407559,95,conditional_gamma,,final,cvd_rates_v1_1_0,UN_WPP_2024,BRB,persons,2026-08-26,historical_estimate,WHO_WORLD_2000_2025,none,No disclosure restriction identified.,75.612
bnr_cvd_public_metric_v2,CVD-INCIDENCE-001,cvd_2024_05,annual,2016,2016-01-01,2016,,,1,heart,female,age_standardised,national_estimate,hospital_plus_dco,primary,estimated,annual_age_standardised_rate,,rate_per_100000,,,,,,,95,conditional_fay_feuer_gamma,,final,cvd_rates_v1_1_0,UN_WPP_2024,BRB,persons,2026-08-26,historical_estimate,WHO_WORLD_2000_2025,primary,Primary suppression: supporting frequency 1-5.,*
bnr_cvd_public_metric_v2,CVD-BURDEN-001,cvd_2024_05,quarterly,2016_q1,2016-01-01,2016,1,1,1,heart,female,all,hospital_registered,hospital_only,not_applicable,observed,quarterly_count,18,count,18,,,,,,,,,final,,,,,,,,none,No disclosure restriction identified.,18.000
bnr_cvd_public_metric_v2,CVD-BURDEN-001,cvd_2024_05,quarterly,2016_q1,2016-01-01,2016,1,1,1,heart,male,all,hospital_registered,hospital_only,not_applicable,observed,quarterly_count,28,count,28,,,,,,,,,final,,,,,,,,none,No disclosure restriction identified.,28.000
bnr_cvd_public_metric_v2,CVD-BURDEN-001,cvd_2024_05,quarterly,2016_q4,2016-10-01,2016,10,4,1,heart,male,all,hospital_registered,hospital_only,not_applicable,observed,quarterly_count,29,count,29,,,,,,,,,final,,,,,,,,none,No disclosure restriction identified.,29.000
bnr_cvd_public_metric_v2,CVD-BURDEN-001,cvd_2024_05,annual,2016,2016-01-01,2016,,,1,heart,male,all,national_estimate,hospital_plus_dco,primary,estimated,annual_count,138.911214953271,count,138.911214953271,,129,161.6307692307692,,,,,,final,cvd_rates_v1_1_0,not_applicable,BRB,not_applicable,not_applicable,not_applicable,not_applicable,none,No disclosure restriction identified.,138.911
bnr_cvd_public_metric_v2,CVD-BURDEN-001,cvd_2024_05,quarterly,2016_q1,2016-01-01,2016,1,1,1,heart,male,all,hospital_registered,hospital_only,not_applicable,observed,quarterly_same_quarter_previous_5yr_mean,26.8,count,134,,,,,,,,5,final,,,,,,,,none,No disclosure restriction identified.,26.800
bnr_cvd_public_metric_v2,CVD-BURDEN-001,cvd_2024_05,quarterly,2016_q3,2016-07-01,2016,7,3,1,heart,male,all,hospital_registered,hospital_only,not_applicable,observed,quarterly_count,26,count,26,,,,,,,,,final,,,,,,,,none,No disclosure restriction identified.,26.000
bnr_cvd_public_metric_v2,CVD-BURDEN-001,cvd_2024_05,annual,2016,2016-01-01,2016,,,1,heart,male,all,hospital_registered,hospital_only,not_applicable,observed,annual_previous_5yr_mean,98,count,490,,,,,,,,5,final,,,,,,,,none,No disclosure restriction identified.,98.000
bnr_cvd_public_metric_v2,CVD-BURDEN-001,cvd_2024_05,quarterly,2016_q2,2016-04-01,2016,4,2,1,heart,male,all,hospital_registered,hospital_only,not_applicable,observed,quarterly_count,39,count,39,,,,,,,,,final,,,,,,,,none,No disclosure restriction identified.,39.000
bnr_cvd_public_metric_v2,CVD-INCIDENCE-001,cvd_2024_05,annual,2016,2016-01-01,2016,,,1,heart,male,all,national_estimate,hospital_plus_dco,inclusive,estimated,annual_crude_rate,106.2022484993011,rate_per_100000,142.2122448979592,133907,97.08230338966597,126.4821264404636,89.46522797405289,125.1612829920399,95,conditional_gamma,,final,cvd_rates_v1_1_0,UN_WPP_2024,BRB,persons,2026-08-26,historical_estimate,WHO_WORLD_2000_2025,none,No disclosure restriction identified.,106.202
bnr_cvd_public_metric_v2,CVD-BURDEN-001,cvd_2024_05,annual,2016,2016-01-01,2016,,,1,heart,male,all,national_estimate,hospital_plus_dco,inclusive,estimated,annual_count,142.2122448979592,count,142.2122448979592,,130,169.3684210526316,,,,,,final,cvd_rates_v1_1_0,not_applicable,BRB,not_applicable,not_applicable,not_applicable,not_applicable,none,No disclosure restriction identified.,142.212
bnr_cvd_public_metric_v2,CVD-BURDEN-001,cvd_2024_05,quarterly,2016_q3,2016-07-01,2016,7,3,1,heart,male,all,hospital_registered,hospital_only,not_applicable,observed,quarterly_same_quarter_previous_5yr_mean,23.6,count,118,,,,,,,,5,final,,,,,,,,none,No disclosure restriction identified.,23.600
bnr_cvd_public_metric_v2,CVD-INCIDENCE-001,cvd_2024_05,annual,2016,2016-01-01,2016,,,1,heart,male,all,national_estimate,hospital_plus_dco,primary,estimated,annual_crude_rate,103.7370824178505,rate_per_100000,138.911214953271,133907,96.3355164405147,120.7037490428202,87.20394905262452,122.4929351671632,95,conditional_gamma,,final,cvd_rates_v1_1_0,UN_WPP_2024,BRB,persons,2026-08-26,historical_estimate,WHO_WORLD_2000_2025,none,No disclosure restriction identified.,103.737
bnr_cvd_public_metric_v2,CVD-BURDEN-001,cvd_2024_05,annual,2016,2016-01-01,2016,,,1,heart,male,all,hospital_registered,hospital_only,not_applicable,observed,annual_count,122,count,122,,,,,,,,,final,,,,,,,,none,No disclosure restriction identified.,122.000
bnr_cvd_public_metric_v2,CVD-BURDEN-001,cvd_2024_05,quarterly,2016_q2,2016-04-01,2016,4,2,1,heart,male,all,hospital_registered,hospital_only,not_applicable,observed,quarterly_same_quarter_previous_5yr_mean,24.4,count,122,,,,,,,,5,final,,,,,,,,none,No disclosure restriction identified.,24.400
bnr_cvd_public_metric_v2,CVD-BURDEN-002,cvd_2024_05,annual,2016,2016-01-01,2016,,,1,heart,male,all,hospital_registered,hospital_only,not_applicable,observed,sex_distribution,56.22119815668203,percent,122,217,,,,,,,,final,,,,,,,,none,No disclosure restriction identified.,56.221
bnr_cvd_public_metric_v2,CVD-INCIDENCE-001,cvd_2024_05,annual,2016,2016-01-01,2016,,,1,heart,male,age_standardised,national_estimate,hospital_plus_dco,primary,estimated,annual_age_standardised_rate,77.59712092122878,rate_per_100000,,,72.03039922209544,90.35775989308831,65.04669663328021,94.67845182169282,95,conditional_fay_feuer_gamma,,final,cvd_rates_v1_1_0,UN_WPP_2024,BRB,persons,2026-08-26,historical_estimate,WHO_WORLD_2000_2025,none,No disclosure restriction identified.,77.597
bnr_cvd_public_metric_v2,CVD-INCIDENCE-001,cvd_2024_05,annual,2016,2016-01-01,2016,,,1,heart,male,age_standardised,hospital_registered,hospital_only,not_applicable,observed,annual_age_standardised_rate,68.09878719696496,rate_per_100000,,,,,56.36685548571128,84.42568463084025,95,fay_feuer_gamma,,final,cvd_rates_v1_1_0,UN_WPP_2024,BRB,persons,2026-08-26,historical_estimate,WHO_WORLD_2000_2025,none,No disclosure restriction identified.,68.099
bnr_cvd_public_metric_v2,CVD-INCIDENCE-001,cvd_2024_05,annual,2016,2016-01-01,2016,,,1,heart,male,age_standardised,national_estimate,hospital_plus_dco,inclusive,estimated,annual_age_standardised_rate,79.26641402095184,rate_per_100000,,,72.51893028561889,94.27068706399487,66.59050366504812,96.46172022559745,95,conditional_fay_feuer_gamma,,final,cvd_rates_v1_1_0,UN_WPP_2024,BRB,persons,2026-08-26,historical_estimate,WHO_WORLD_2000_2025,none,No disclosure restriction identified.,79.266
bnr_cvd_public_metric_v2,CVD-BURDEN-001,cvd_2024_05,quarterly,2016_q4,2016-10-01,2016,10,4,1,heart,male,all,hospital_registered,hospital_only,not_applicable,observed,quarterly_same_quarter_previous_5yr_mean,23.2,count,116,,,,,,,,5,final,,,,,,,,none,No disclosure restriction identified.,23.200
bnr_cvd_public_metric_v2,CVD-BURDEN-001,cvd_2024_05,annual,2016,2016-01-01,2016,,,1,heart,male,all,national_estimate,additional_dco,inclusive,estimated,annual_count,20.21224489795918,count,20.21224489795918,,8,47.36842105263158,,,,,,final,cvd_rates_v1_1_0,not_applicable,BRB,not_applicable,not_applicable,not_applicable,not_applicable,none,No disclosure restriction identified.,20.212
bnr_cvd_public_metric_v2,CVD-BURDEN-001,cvd_2024_05,annual,2016,2016-01-01,2016,,,1,heart,male,all,national_estimate,additional_dco,primary,estimated,annual_count,16.91121495327102,count,16.91121495327102,,7,39.63076923076923,,,,,,final,cvd_rates_v1_1_0,not_applicable,BRB,not_applicable,not_applicable,not_applicable,not_applicable,none,No disclosure restriction identified.,16.911
bnr_cvd_public_metric_v2,CVD-INCIDENCE-001,cvd_2024_05,annual,2016,2016-01-01,2016,,,1,heart,male,all,hospital_registered,hospital_only,not_applicable,observed,annual_crude_rate,91.10800779645575,rate_per_100000,122,133907,,,75.6596939379464,108.7830881519763,95,poisson_exact_garwood,,final,cvd_rates_v1_1_0,UN_WPP_2024,BRB,persons,2026-08-26,historical_estimate,WHO_WORLD_2000_2025,none,No disclosure restriction identified.,91.108
bnr_cvd_public_metric_v2,CVD-INCIDENCE-001,cvd_2024_05,annual,2016,2016-01-01,2016,,,1,stroke,all,age_standardised,hospital_registered,hospital_only,not_applicable,observed,annual_age_standardised_rate,134.0515308185441,rate_per_100000,,,,,122.93316330295,146.2328352757895,95,fay_feuer_gamma,,final,cvd_rates_v1_1_0,UN_WPP_2024,BRB,persons,2026-08-26,historical_estimate,WHO_WORLD_2000_2025,none,No disclosure restriction identified.,134.052
bnr_cvd_public_metric_v2,CVD-BURDEN-001,cvd_2024_05,quarterly,2016_q1,2016-01-01,2016,1,1,1,stroke,all,all,hospital_registered,hospital_only,not_applicable,observed,quarterly_same_quarter_previous_5yr_mean,119.6,count,598,,,,,,,,5,final,,,,,,,,none,No disclosure restriction identified.,119.600
bnr_cvd_public_metric_v2,CVD-BURDEN-001,cvd_2024_05,quarterly,2016_q4,2016-10-01,2016,10,4,1,stroke,all,all,hospital_registered,hospital_only,not_applicable,observed,quarterly_same_quarter_previous_5yr_mean,114,count,570,,,,,,,,5,final,,,,,,,,none,No disclosure restriction identified.,114.000
bnr_cvd_public_metric_v2,CVD-INCIDENCE-001,cvd_2024_05,annual,2016,2016-01-01,2016,,,1,stroke,all,age_standardised,national_estimate,hospital_plus_dco,primary,estimated,annual_age_standardised_rate,161.0911688699907,rate_per_100000,,,145.2439535322957,197.4178624902454,149.0210500094422,174.209196045627,95,conditional_fay_feuer_gamma,,final,cvd_rates_v1_1_0,UN_WPP_2024,BRB,persons,2026-08-26,historical_estimate,WHO_WORLD_2000_2025,none,No disclosure restriction identified.,161.091
bnr_cvd_public_metric_v2,CVD-BURDEN-001,cvd_2024_05,quarterly,2016_q2,2016-04-01,2016,4,2,1,stroke,all,all,hospital_registered,hospital_only,not_applicable,observed,quarterly_count,124,count,124,,,,,,,,,final,,,,,,,,none,No disclosure restriction identified.,124.000
bnr_cvd_public_metric_v2,CVD-BURDEN-001,cvd_2024_05,quarterly,2016_q1,2016-01-01,2016,1,1,1,stroke,all,all,hospital_registered,hospital_only,not_applicable,observed,quarterly_count,147,count,147,,,,,,,,,final,,,,,,,,none,No disclosure restriction identified.,147.000
bnr_cvd_public_metric_v2,CVD-BURDEN-001,cvd_2024_05,annual,2016,2016-01-01,2016,,,1,stroke,all,all,hospital_registered,hospital_only,not_applicable,observed,annual_count,563,count,563,,,,,,,,,final,,,,,,,,none,No disclosure restriction identified.,563.000
bnr_cvd_public_metric_v2,CVD-BURDEN-001,cvd_2024_05,quarterly,2016_q2,2016-04-01,2016,4,2,1,stroke,all,all,hospital_registered,hospital_only,not_applicable,observed,quarterly_same_quarter_previous_5yr_mean,112.8,count,564,,,,,,,,5,final,,,,,,,,none,No disclosure restriction identified.,112.800
bnr_cvd_public_metric_v2,CVD-INCIDENCE-001,cvd_2024_05,annual,2016,2016-01-01,2016,,,1,stroke,all,all,national_estimate,hospital_plus_dco,primary,estimated,annual_crude_rate,247.1560210927374,rate_per_100000,691.0420560747664,279597.5,220.3167052638167,308.6799912236477,229.0695540542483,266.2909163943697,95,conditional_gamma,,final,cvd_rates_v1_1_0,UN_WPP_2024,BRB,persons,2026-08-26,historical_estimate,WHO_WORLD_2000_2025,none,No disclosure restriction identified.,247.156
bnr_cvd_public_metric_v2,CVD-BURDEN-001,cvd_2024_05,quarterly,2016_q3,2016-07-01,2016,7,3,1,stroke,all,all,hospital_registered,hospital_only,not_applicable,observed,quarterly_same_quarter_previous_5yr_mean,111.8,count,559,,,,,,,,5,final,,,,,,,,none,No disclosure restriction identified.,111.800
bnr_cvd_public_metric_v2,CVD-BURDEN-001,cvd_2024_05,annual,2016,2016-01-01,2016,,,1,stroke,all,all,hospital_registered,hospital_only,not_applicable,observed,annual_previous_5yr_mean,458.2,count,2291,,,,,,,,5,final,,,,,,,,none,No disclosure restriction identified.,458.200
bnr_cvd_public_metric_v2,CVD-BURDEN-001,cvd_2024_05,quarterly,2016_q3,2016-07-01,2016,7,3,1,stroke,all,all,hospital_registered,hospital_only,not_applicable,observed,quarterly_count,147,count,147,,,,,,,,,final,,,,,,,,none,No disclosure restriction identified.,147.000
bnr_cvd_public_metric_v2,CVD-BURDEN-001,cvd_2024_05,quarterly,2016_q4,2016-10-01,2016,10,4,1,stroke,all,all,hospital_registered,hospital_only,not_applicable,observed,quarterly_count,145,count,145,,,,,,,,,final,,,,,,,,none,No disclosure restriction identified.,145.000
bnr_cvd_public_metric_v2,CVD-BURDEN-001,cvd_2024_05,annual,2016,2016-01-01,2016,,,1,stroke,all,all,national_estimate,hospital_plus_dco,primary,estimated,annual_count,691.0420560747664,count,691.0420560747664,,616,863.0615384615385,,,,,,final,cvd_rates_v1_1_0,not_applicable,BRB,not_applicable,not_applicable,not_applicable,not_applicable,none,No disclosure restriction identified.,691.042
bnr_cvd_public_metric_v2,CVD-BURDEN-002,cvd_2024_05,annual,2016,2016-01-01,2016,,,1,stroke,all,all,hospital_registered,hospital_only,not_applicable,observed,event_type_distribution,72.17948717948718,percent,563,780,,,,,,,,final,,,,,,,,none,No disclosure restriction identified.,72.179
bnr_cvd_public_metric_v2,CVD-INCIDENCE-001,cvd_2024_05,annual,2016,2016-01-01,2016,,,1,stroke,all,all,national_estimate,hospital_plus_dco,inclusive,estimated,annual_crude_rate,,rate_per_100000,,,,,,,95,conditional_gamma,,final,cvd_rates_v1_1_0,UN_WPP_2024,BRB,persons,2026-08-26,historical_estimate,WHO_WORLD_2000_2025,secondary,Secondary suppression: protects a related confidential value.,*
bnr_cvd_public_metric_v2,CVD-BURDEN-001,cvd_2024_05,annual,2016,2016-01-01,2016,,,1,stroke,all,all,national_estimate,additional_dco,primary,estimated,annual_count,128.0420560747663,count,128.0420560747663,,53,300.0615384615385,,,,,,final,cvd_rates_v1_1_0,not_applicable,BRB,not_applicable,not_applicable,not_applicable,not_applicable,none,No disclosure restriction identified.,128.042
bnr_cvd_public_metric_v2,CVD-BURDEN-001,cvd_2024_05,annual,2016,2016-01-01,2016,,,1,stroke,all,all,national_estimate,hospital_plus_dco,inclusive,estimated,annual_count,,count,,,,,,,,,,final,cvd_rates_v1_1_0,not_applicable,BRB,not_applicable,not_applicable,not_applicable,not_applicable,secondary,Secondary suppression: protects a related confidential value.,*
bnr_cvd_public_metric_v2,CVD-BURDEN-001,cvd_2024_05,annual,2016,2016-01-01,2016,,,1,stroke,all,all,national_estimate,additional_dco,inclusive,estimated,annual_count,,count,,,,,,,,,,final,cvd_rates_v1_1_0,not_applicable,BRB,not_applicable,not_applicable,not_applicable,not_applicable,secondary,Secondary suppression: protects a related confidential value.,*
bnr_cvd_public_metric_v2,CVD-INCIDENCE-001,cvd_2024_05,annual,2016,2016-01-01,2016,,,1,stroke,all,age_standardised,national_estimate,hospital_plus_dco,inclusive,estimated,annual_age_standardised_rate,,rate_per_100000,,,,,,,95,conditional_fay_feuer_gamma,,final,cvd_rates_v1_1_0,UN_WPP_2024,BRB,persons,2026-08-26,historical_estimate,WHO_WORLD_2000_2025,secondary,Secondary suppression: protects a related confidential value.,*
bnr_cvd_public_metric_v2,CVD-INCIDENCE-001,cvd_2024_05,annual,2016,2016-01-01,2016,,,1,stroke,all,all,hospital_registered,hospital_only,not_applicable,observed,annual_crude_rate,201.3608848433909,rate_per_100000,563,279597.5,,,185.0692491831246,218.7023701763771,95,poisson_exact_garwood,,final,cvd_rates_v1_1_0,UN_WPP_2024,BRB,persons,2026-08-26,historical_estimate,WHO_WORLD_2000_2025,none,No disclosure restriction identified.,201.361
bnr_cvd_public_metric_v2,CVD-BURDEN-001,cvd_2024_05,quarterly,2016_q1,2016-01-01,2016,1,1,1,stroke,female,all,hospital_registered,hospital_only,not_applicable,observed,quarterly_same_quarter_previous_5yr_mean,62.8,count,314,,,,,,,,5,final,,,,,,,,none,No disclosure restriction identified.,62.800
bnr_cvd_public_metric_v2,CVD-BURDEN-001,cvd_2024_05,quarterly,2016_q4,2016-10-01,2016,10,4,1,stroke,female,all,hospital_registered,hospital_only,not_applicable,observed,quarterly_same_quarter_previous_5yr_mean,58,count,290,,,,,,,,5,final,,,,,,,,none,No disclosure restriction identified.,58.000
bnr_cvd_public_metric_v2,CVD-BURDEN-001,cvd_2024_05,quarterly,2016_q1,2016-01-01,2016,1,1,1,stroke,female,all,hospital_registered,hospital_only,not_applicable,observed,quarterly_count,83,count,83,,,,,,,,,final,,,,,,,,none,No disclosure restriction identified.,83.000
bnr_cvd_public_metric_v2,CVD-BURDEN-002,cvd_2024_05,annual,2016,2016-01-01,2016,,,1,stroke,female,all,hospital_registered,hospital_only,not_applicable,observed,sex_distribution,53.64120781527532,percent,302,563,,,,,,,,final,,,,,,,,none,No disclosure restriction identified.,53.641
bnr_cvd_public_metric_v2,CVD-BURDEN-001,cvd_2024_05,quarterly,2016_q3,2016-07-01,2016,7,3,1,stroke,female,all,hospital_registered,hospital_only,not_applicable,observed,quarterly_same_quarter_previous_5yr_mean,61,count,305,,,,,,,,5,final,,,,,,,,none,No disclosure restriction identified.,61.000
bnr_cvd_public_metric_v2,CVD-BURDEN-001,cvd_2024_05,quarterly,2016_q2,2016-04-01,2016,4,2,1,stroke,female,all,hospital_registered,hospital_only,not_applicable,observed,quarterly_same_quarter_previous_5yr_mean,57.4,count,287,,,,,,,,5,final,,,,,,,,none,No disclosure restriction identified.,57.400
bnr_cvd_public_metric_v2,CVD-BURDEN-001,cvd_2024_05,annual,2016,2016-01-01,2016,,,1,stroke,female,all,national_estimate,hospital_plus_dco,primary,estimated,annual_count,379.3084112149533,count,379.3084112149533,,334,483.1692307692308,,,,,,final,cvd_rates_v1_1_0,not_applicable,BRB,not_applicable,not_applicable,not_applicable,not_applicable,none,No disclosure restriction identified.,379.308
bnr_cvd_public_metric_v2,CVD-INCIDENCE-001,cvd_2024_05,annual,2016,2016-01-01,2016,,,1,stroke,female,age_standardised,national_estimate,hospital_plus_dco,inclusive,estimated,annual_age_standardised_rate,,rate_per_100000,,,,,,,95,conditional_fay_feuer_gamma,,final,cvd_rates_v1_1_0,UN_WPP_2024,BRB,persons,2026-08-26,historical_estimate,WHO_WORLD_2000_2025,secondary,Secondary suppression: protects a related confidential value.,*
bnr_cvd_public_metric_v2,CVD-BURDEN-001,cvd_2024_05,annual,2016,2016-01-01,2016,,,1,stroke,female,all,national_estimate,additional_dco,primary,estimated,annual_count,77.30841121495325,count,77.30841121495325,,32,181.1692307692308,,,,,,final,cvd_rates_v1_1_0,not_applicable,BRB,not_applicable,not_applicable,not_applicable,not_applicable,none,No disclosure restriction identified.,77.308
bnr_cvd_public_metric_v2,CVD-INCIDENCE-001,cvd_2024_05,annual,2016,2016-01-01,2016,,,1,stroke,female,age_standardised,hospital_registered,hospital_only,not_applicable,observed,annual_age_standardised_rate,124.0217281558785,rate_per_100000,,,,,109.7769291675471,140.3795723459537,95,fay_feuer_gamma,,final,cvd_rates_v1_1_0,UN_WPP_2024,BRB,persons,2026-08-26,historical_estimate,WHO_WORLD_2000_2025,none,No disclosure restriction identified.,124.022
bnr_cvd_public_metric_v2,CVD-BURDEN-001,cvd_2024_05,annual,2016,2016-01-01,2016,,,1,stroke,female,all,national_estimate,additional_dco,inclusive,estimated,annual_count,,count,,,,,,,,,,final,cvd_rates_v1_1_0,not_applicable,BRB,not_applicable,not_applicable,not_applicable,not_applicable,secondary,Secondary suppression: protects a related confidential value.,*
bnr_cvd_public_metric_v2,CVD-INCIDENCE-001,cvd_2024_05,annual,2016,2016-01-01,2016,,,1,stroke,female,all,national_estimate,hospital_plus_dco,primary,estimated,annual_crude_rate,260.3521926377857,rate_per_100000,379.3084112149533,145690.5,229.2531084730988,331.6408624922221,234.8075275408801,287.9177467040403,95,conditional_gamma,,final,cvd_rates_v1_1_0,UN_WPP_2024,BRB,persons,2026-08-26,historical_estimate,WHO_WORLD_2000_2025,none,No disclosure restriction identified.,260.352
bnr_cvd_public_metric_v2,CVD-INCIDENCE-001,cvd_2024_05,annual,2016,2016-01-01,2016,,,1,stroke,female,all,national_estimate,hospital_plus_dco,inclusive,estimated,annual_crude_rate,,rate_per_100000,,,,,,,95,conditional_gamma,,final,cvd_rates_v1_1_0,UN_WPP_2024,BRB,persons,2026-08-26,historical_estimate,WHO_WORLD_2000_2025,secondary,Secondary suppression: protects a related confidential value.,*
bnr_cvd_public_metric_v2,CVD-INCIDENCE-001,cvd_2024_05,annual,2016,2016-01-01,2016,,,1,stroke,female,all,hospital_registered,hospital_only,not_applicable,observed,annual_crude_rate,207.2887387990295,rate_per_100000,302,145690.5,,,184.5667859430681,232.0356805409569,95,poisson_exact_garwood,,final,cvd_rates_v1_1_0,UN_WPP_2024,BRB,persons,2026-08-26,historical_estimate,WHO_WORLD_2000_2025,none,No disclosure restriction identified.,207.289
bnr_cvd_public_metric_v2,CVD-BURDEN-001,cvd_2024_05,quarterly,2016_q4,2016-10-01,2016,10,4,1,stroke,female,all,hospital_registered,hospital_only,not_applicable,observed,quarterly_count,78,count,78,,,,,,,,,final,,,,,,,,none,No disclosure restriction identified.,78.000
bnr_cvd_public_metric_v2,CVD-BURDEN-001,cvd_2024_05,quarterly,2016_q2,2016-04-01,2016,4,2,1,stroke,female,all,hospital_registered,hospital_only,not_applicable,observed,quarterly_count,60,count,60,,,,,,,,,final,,,,,,,,none,No disclosure restriction identified.,60.000
bnr_cvd_public_metric_v2,CVD-BURDEN-001,cvd_2024_05,quarterly,2016_q3,2016-07-01,2016,7,3,1,stroke,female,all,hospital_registered,hospital_only,not_applicable,observed,quarterly_count,81,count,81,,,,,,,,,final,,,,,,,,none,No disclosure restriction identified.,81.000
bnr_cvd_public_metric_v2,CVD-BURDEN-001,cvd_2024_05,annual,2016,2016-01-01,2016,,,1,stroke,female,all,hospital_registered,hospital_only,not_applicable,observed,annual_count,302,count,302,,,,,,,,,final,,,,,,,,none,No disclosure restriction identified.,302.000
bnr_cvd_public_metric_v2,CVD-BURDEN-001,cvd_2024_05,annual,2016,2016-01-01,2016,,,1,stroke,female,all,national_estimate,hospital_plus_dco,inclusive,estimated,annual_count,,count,,,,,,,,,,final,cvd_rates_v1_1_0,not_applicable,BRB,not_applicable,not_applicable,not_applicable,not_applicable,secondary,Secondary suppression: protects a related confidential value.,*
bnr_cvd_public_metric_v2,CVD-INCIDENCE-001,cvd_2024_05,annual,2016,2016-01-01,2016,,,1,stroke,female,age_standardised,national_estimate,hospital_plus_dco,primary,estimated,annual_age_standardised_rate,150.9628978389659,rate_per_100000,,,135.1733922026497,187.1573030668293,135.4647390068233,168.5321634459901,95,conditional_fay_feuer_gamma,,final,cvd_rates_v1_1_0,UN_WPP_2024,BRB,persons,2026-08-26,historical_estimate,WHO_WORLD_2000_2025,none,No disclosure restriction identified.,150.963
bnr_cvd_public_metric_v2,CVD-BURDEN-001,cvd_2024_05,annual,2016,2016-01-01,2016,,,1,stroke,female,all,hospital_registered,hospital_only,not_applicable,observed,annual_previous_5yr_mean,239.2,count,1196,,,,,,,,5,final,,,,,,,,none,No disclosure restriction identified.,239.200
bnr_cvd_public_metric_v2,CVD-BURDEN-001,cvd_2024_05,quarterly,2016_q1,2016-01-01,2016,1,1,1,stroke,male,all,hospital_registered,hospital_only,not_applicable,observed,quarterly_same_quarter_previous_5yr_mean,56.8,count,284,,,,,,,,5,final,,,,,,,,none,No disclosure restriction identified.,56.800
bnr_cvd_public_metric_v2,CVD-INCIDENCE-001,cvd_2024_05,annual,2016,2016-01-01,2016,,,1,stroke,male,age_standardised,national_estimate,hospital_plus_dco,inclusive,estimated,annual_age_standardised_rate,,rate_per_100000,,,,,,,95,conditional_fay_feuer_gamma,,final,cvd_rates_v1_1_0,UN_WPP_2024,BRB,persons,2026-08-26,historical_estimate,WHO_WORLD_2000_2025,secondary,Secondary suppression: protects a related confidential value.,*
bnr_cvd_public_metric_v2,CVD-BURDEN-001,cvd_2024_05,annual,2016,2016-01-01,2016,,,1,stroke,male,all,hospital_registered,hospital_only,not_applicable,observed,annual_previous_5yr_mean,219,count,1095,,,,,,,,5,final,,,,,,,,none,No disclosure restriction identified.,219.000
bnr_cvd_public_metric_v2,CVD-BURDEN-001,cvd_2024_05,quarterly,2016_q2,2016-04-01,2016,4,2,1,stroke,male,all,hospital_registered,hospital_only,not_applicable,observed,quarterly_count,64,count,64,,,,,,,,,final,,,,,,,,none,No disclosure restriction identified.,64.000
bnr_cvd_public_metric_v2,CVD-BURDEN-001,cvd_2024_05,annual,2016,2016-01-01,2016,,,1,stroke,male,all,national_estimate,additional_dco,inclusive,estimated,annual_count,,count,,,,,,,,,,final,cvd_rates_v1_1_0,not_applicable,BRB,not_applicable,not_applicable,not_applicable,not_applicable,secondary,Secondary suppression: protects a related confidential value.,*
bnr_cvd_public_metric_v2,CVD-INCIDENCE-001,cvd_2024_05,annual,2016,2016-01-01,2016,,,1,stroke,male,age_standardised,national_estimate,hospital_plus_dco,primary,estimated,annual_age_standardised_rate,169.806449115442,rate_per_100000,,,154.5359955745652,204.8110272322214,150.9428694684127,192.8980227800594,95,conditional_fay_feuer_gamma,,final,cvd_rates_v1_1_0,UN_WPP_2024,BRB,persons,2026-08-26,historical_estimate,WHO_WORLD_2000_2025,none,No disclosure restriction identified.,169.806
bnr_cvd_public_metric_v2,CVD-INCIDENCE-001,cvd_2024_05,annual,2016,2016-01-01,2016,,,1,stroke,male,age_standardised,hospital_registered,hospital_only,not_applicable,observed,annual_age_standardised_rate,143.7509227767182,rate_per_100000,,,,,126.27268745321,165.5281627753576,95,fay_feuer_gamma,,final,cvd_rates_v1_1_0,UN_WPP_2024,BRB,persons,2026-08-26,historical_estimate,WHO_WORLD_2000_2025,none,No disclosure restriction identified.,143.751
bnr_cvd_public_metric_v2,CVD-BURDEN-001,cvd_2024_05,annual,2016,2016-01-01,2016,,,1,stroke,male,all,national_estimate,hospital_plus_dco,inclusive,estimated,annual_count,,count,,,,,,,,,,final,cvd_rates_v1_1_0,not_applicable,BRB,not_applicable,not_applicable,not_applicable,not_applicable,secondary,Secondary suppression: protects a related confidential value.,*
bnr_cvd_public_metric_v2,CVD-BURDEN-001,cvd_2024_05,quarterly,2016_q3,2016-07-01,2016,7,3,1,stroke,male,all,hospital_registered,hospital_only,not_applicable,observed,quarterly_count,66,count,66,,,,,,,,,final,,,,,,,,none,No disclosure restriction identified.,66.000
bnr_cvd_public_metric_v2,CVD-INCIDENCE-001,cvd_2024_05,annual,2016,2016-01-01,2016,,,1,stroke,male,all,hospital_registered,hospital_only,not_applicable,observed,annual_crude_rate,194.9113937284832,rate_per_100000,261,133907,,,171.9800611139649,220.0490381739568,95,poisson_exact_garwood,,final,cvd_rates_v1_1_0,UN_WPP_2024,BRB,persons,2026-08-26,historical_estimate,WHO_WORLD_2000_2025,none,No disclosure restriction identified.,194.911
bnr_cvd_public_metric_v2,CVD-BURDEN-001,cvd_2024_05,quarterly,2016_q1,2016-01-01,2016,1,1,1,stroke,male,all,hospital_registered,hospital_only,not_applicable,observed,quarterly_count,64,count,64,,,,,,,,,final,,,,,,,,none,No disclosure restriction identified.,64.000
bnr_cvd_public_metric_v2,CVD-BURDEN-001,cvd_2024_05,quarterly,2016_q4,2016-10-01,2016,10,4,1,stroke,male,all,hospital_registered,hospital_only,not_applicable,observed,quarterly_count,67,count,67,,,,,,,,,final,,,,,,,,none,No disclosure restriction identified.,67.000
bnr_cvd_public_metric_v2,CVD-INCIDENCE-001,cvd_2024_05,annual,2016,2016-01-01,2016,,,1,stroke,male,all,national_estimate,hospital_plus_dco,inclusive,estimated,annual_crude_rate,,rate_per_100000,,,,,,,95,conditional_gamma,,final,cvd_rates_v1_1_0,UN_WPP_2024,BRB,persons,2026-08-26,historical_estimate,WHO_WORLD_2000_2025,secondary,Secondary suppression: protects a related confidential value.,*
bnr_cvd_public_metric_v2,CVD-BURDEN-001,cvd_2024_05,quarterly,2016_q2,2016-04-01,2016,4,2,1,stroke,male,all,hospital_registered,hospital_only,not_applicable,observed,quarterly_same_quarter_previous_5yr_mean,55.4,count,277,,,,,,,,5,final,,,,,,,,none,No disclosure restriction identified.,55.400
bnr_cvd_public_metric_v2,CVD-INCIDENCE-001,cvd_2024_05,annual,2016,2016-01-01,2016,,,1,stroke,male,all,national_estimate,hospital_plus_dco,primary,estimated,annual_crude_rate,232.7986175926674,rate_per_100000,311.7336448598131,133907,210.59391966066,283.6986174675765,207.6704180213941,260.1293491711493,95,conditional_gamma,,final,cvd_rates_v1_1_0,UN_WPP_2024,BRB,persons,2026-08-26,historical_estimate,WHO_WORLD_2000_2025,none,No disclosure restriction identified.,232.799
bnr_cvd_public_metric_v2,CVD-BURDEN-001,cvd_2024_05,quarterly,2016_q3,2016-07-01,2016,7,3,1,stroke,male,all,hospital_registered,hospital_only,not_applicable,observed,quarterly_same_quarter_previous_5yr_mean,50.8,count,254,,,,,,,,5,final,,,,,,,,none,No disclosure restriction identified.,50.800
bnr_cvd_public_metric_v2,CVD-BURDEN-001,cvd_2024_05,annual,2016,2016-01-01,2016,,,1,stroke,male,all,national_estimate,additional_dco,primary,estimated,annual_count,50.73364485981307,count,50.73364485981307,,21,118.8923076923077,,,,,,final,cvd_rates_v1_1_0,not_applicable,BRB,not_applicable,not_applicable,not_applicable,not_applicable,none,No disclosure restriction identified.,50.734
bnr_cvd_public_metric_v2,CVD-BURDEN-002,cvd_2024_05,annual,2016,2016-01-01,2016,,,1,stroke,male,all,hospital_registered,hospital_only,not_applicable,observed,sex_distribution,46.35879218472469,percent,261,563,,,,,,,,final,,,,,,,,none,No disclosure restriction identified.,46.359
bnr_cvd_public_metric_v2,CVD-BURDEN-001,cvd_2024_05,quarterly,2016_q4,2016-10-01,2016,10,4,1,stroke,male,all,hospital_registered,hospital_only,not_applicable,observed,quarterly_same_quarter_previous_5yr_mean,56,count,280,,,,,,,,5,final,,,,,,,,none,No disclosure restriction identified.,56.000
bnr_cvd_public_metric_v2,CVD-BURDEN-001,cvd_2024_05,annual,2016,2016-01-01,2016,,,1,stroke,male,all,hospital_registered,hospital_only,not_applicable,observed,annual_count,261,count,261,,,,,,,,,final,,,,,,,,none,No disclosure restriction identified.,261.000
bnr_cvd_public_metric_v2,CVD-BURDEN-001,cvd_2024_05,annual,2016,2016-01-01,2016,,,1,stroke,male,all,national_estimate,hospital_plus_dco,primary,estimated,annual_count,311.7336448598131,count,311.7336448598131,,282,379.8923076923077,,,,,,final,cvd_rates_v1_1_0,not_applicable,BRB,not_applicable,not_applicable,not_applicable,not_applicable,none,No disclosure restriction identified.,311.734
bnr_cvd_public_metric_v2,CVD-INCIDENCE-001,cvd_2024_05,annual,2017,2017-01-01,2017,,,1,all_cvd,all,all,national_estimate,hospital_plus_dco,primary,estimated,annual_crude_rate,335.7448038762346,rate_per_100000,940.6595744680851,280171,313.0231180243494,410.1066848460405,314.6292171999055,357.9047912506557,95,conditional_gamma,,final,cvd_rates_v1_1_0,UN_WPP_2024,BRB,persons,2026-08-26,historical_estimate,WHO_WORLD_2000_2025,none,No disclosure restriction identified.,335.745
bnr_cvd_public_metric_v2,CVD-BURDEN-001,cvd_2024_05,annual,2017,2017-01-01,2017,,,1,all_cvd,all,age_70_plus,hospital_registered,hospital_only,not_applicable,observed,annual_previous_5yr_mean,350.2,count,1751,,,,,,,,5,final,,,,,,,,none,No disclosure restriction identified.,350.200
bnr_cvd_public_metric_v2,CVD-BURDEN-001,cvd_2024_05,monthly,2017_m06,2017-06-01,2017,6,,1,all_cvd,all,all,hospital_registered,hospital_only,not_applicable,observed,monthly_count,66,count,66,,,,,,,,,final,,,,,,,,none,No disclosure restriction identified.,66.000
bnr_cvd_public_metric_v2,CVD-BURDEN-001,cvd_2024_05,monthly,2017_m02,2017-02-01,2017,2,,1,all_cvd,all,all,hospital_registered,hospital_only,not_applicable,observed,monthly_count,69,count,69,,,,,,,,,final,,,,,,,,none,No disclosure restriction identified.,69.000
bnr_cvd_public_metric_v2,CVD-INCIDENCE-001,cvd_2024_05,annual,2017,2017-01-01,2017,,,1,all_cvd,all,all,hospital_registered,hospital_only,not_applicable,observed,annual_crude_rate,293.3922497331986,rate_per_100000,822,280171,,,273.6756609302097,314.1540267486873,95,poisson_exact_garwood,,final,cvd_rates_v1_1_0,UN_WPP_2024,BRB,persons,2026-08-26,historical_estimate,WHO_WORLD_2000_2025,none,No disclosure restriction identified.,293.392
bnr_cvd_public_metric_v2,CVD-BURDEN-001,cvd_2024_05,monthly,2017_m08,2017-08-01,2017,8,,1,all_cvd,all,all,hospital_registered,hospital_only,not_applicable,observed,monthly_count,61,count,61,,,,,,,,,final,,,,,,,,none,No disclosure restriction identified.,61.000
bnr_cvd_public_metric_v2,CVD-BURDEN-001,cvd_2024_05,quarterly,2017_q2,2017-04-01,2017,4,2,1,all_cvd,all,all,hospital_registered,hospital_only,not_applicable,observed,quarterly_count,198,count,198,,,,,,,,,final,,,,,,,,none,No disclosure restriction identified.,198.000
bnr_cvd_public_metric_v2,CVD-BURDEN-001,cvd_2024_05,annual,2017,2017-01-01,2017,,,1,all_cvd,all,under_70,hospital_registered,hospital_only,not_applicable,observed,annual_previous_5yr_mean,343.6,count,1718,,,,,,,,5,final,,,,,,,,none,No disclosure restriction identified.,343.600
bnr_cvd_public_metric_v2,CVD-BURDEN-002,cvd_2024_05,annual,2017,2017-01-01,2017,,,1,all_cvd,all,under_70,hospital_registered,hospital_only,not_applicable,observed,age_distribution,49.39024390243902,percent,405,820,,,,,,,,final,,,,,,,,none,No disclosure restriction identified.,49.390
bnr_cvd_public_metric_v2,CVD-BURDEN-001,cvd_2024_05,monthly,2017_m01,2017-01-01,2017,1,,1,all_cvd,all,all,hospital_registered,hospital_only,not_applicable,observed,monthly_count,78,count,78,,,,,,,,,final,,,,,,,,none,No disclosure restriction identified.,78.000
bnr_cvd_public_metric_v2,CVD-BURDEN-001,cvd_2024_05,annual,2017,2017-01-01,2017,,,1,all_cvd,all,all,national_estimate,additional_dco,inclusive,estimated,annual_count,140.1330798479088,count,140.1330798479088,,63,384.9999999999999,,,,,,final,cvd_rates_v1_1_0,not_applicable,BRB,not_applicable,not_applicable,not_applicable,not_applicable,none,No disclosure restriction identified.,140.133
bnr_cvd_public_metric_v2,CVD-BURDEN-001,cvd_2024_05,monthly,2017_m04,2017-04-01,2017,4,,1,all_cvd,all,all,hospital_registered,hospital_only,not_applicable,observed,monthly_count,69,count,69,,,,,,,,,final,,,,,,,,none,No disclosure restriction identified.,69.000
bnr_cvd_public_metric_v2,CVD-BURDEN-001,cvd_2024_05,quarterly,2017_q4,2017-10-01,2017,10,4,1,all_cvd,all,all,hospital_registered,hospital_only,not_applicable,observed,quarterly_count,214,count,214,,,,,,,,,final,,,,,,,,none,No disclosure restriction identified.,214.000
bnr_cvd_public_metric_v2,CVD-BURDEN-001,cvd_2024_05,quarterly,2017_q3,2017-07-01,2017,7,3,1,all_cvd,all,all,hospital_registered,hospital_only,not_applicable,observed,quarterly_count,189,count,189,,,,,,,,,final,,,,,,,,none,No disclosure restriction identified.,189.000
bnr_cvd_public_metric_v2,CVD-INCIDENCE-001,cvd_2024_05,annual,2017,2017-01-01,2017,,,1,all_cvd,all,age_standardised,hospital_registered,hospital_only,not_applicable,observed,annual_age_standardised_rate,189.7519757550689,rate_per_100000,,,,,176.7396718616802,203.8062254268969,95,fay_feuer_gamma,,final,cvd_rates_v1_1_0,UN_WPP_2024,BRB,persons,2026-08-26,historical_estimate,WHO_WORLD_2000_2025,none,No disclosure restriction identified.,189.752
bnr_cvd_public_metric_v2,CVD-BURDEN-001,cvd_2024_05,monthly,2017_m03,2017-03-01,2017,3,,1,all_cvd,all,all,hospital_registered,hospital_only,not_applicable,observed,monthly_count,74,count,74,,,,,,,,,final,,,,,,,,none,No disclosure restriction identified.,74.000
bnr_cvd_public_metric_v2,CVD-BURDEN-001,cvd_2024_05,quarterly,2017_q1,2017-01-01,2017,1,1,1,all_cvd,all,all,hospital_registered,hospital_only,not_applicable,observed,quarterly_count,221,count,221,,,,,,,,,final,,,,,,,,none,No disclosure restriction identified.,221.000
bnr_cvd_public_metric_v2,CVD-INCIDENCE-001,cvd_2024_05,annual,2017,2017-01-01,2017,,,1,all_cvd,all,age_standardised,national_estimate,hospital_plus_dco,inclusive,estimated,annual_age_standardised_rate,220.2208098924441,rate_per_100000,,,203.4499302475983,273.4616976538596,206.2629717610103,235.2125247877518,95,conditional_fay_feuer_gamma,,final,cvd_rates_v1_1_0,UN_WPP_2024,BRB,persons,2026-08-26,historical_estimate,WHO_WORLD_2000_2025,none,No disclosure restriction identified.,220.221
bnr_cvd_public_metric_v2,CVD-BURDEN-001,cvd_2024_05,annual,2017,2017-01-01,2017,,,1,all_cvd,all,all,national_estimate,hospital_plus_dco,inclusive,estimated,annual_count,962.1330798479088,count,962.1330798479088,,885,1207,,,,,,final,cvd_rates_v1_1_0,not_applicable,BRB,not_applicable,not_applicable,not_applicable,not_applicable,none,No disclosure restriction identified.,962.133
bnr_cvd_public_metric_v2,CVD-BURDEN-001,cvd_2024_05,annual,2017,2017-01-01,2017,,,1,all_cvd,all,age_70_plus,hospital_registered,hospital_only,not_applicable,observed,annual_count,415,count,415,,,,,,,,,final,,,,,,,,none,No disclosure restriction identified.,415.000
bnr_cvd_public_metric_v2,CVD-BURDEN-001,cvd_2024_05,monthly,2017_m12,2017-12-01,2017,12,,1,all_cvd,all,all,hospital_registered,hospital_only,not_applicable,observed,monthly_count,78,count,78,,,,,,,,,final,,,,,,,,none,No disclosure restriction identified.,78.000
bnr_cvd_public_metric_v2,CVD-BURDEN-001,cvd_2024_05,annual,2017,2017-01-01,2017,,,1,all_cvd,all,all,hospital_registered,hospital_only,not_applicable,observed,annual_count,822,count,822,,,,,,,,,final,,,,,,,,none,No disclosure restriction identified.,822.000
bnr_cvd_public_metric_v2,CVD-BURDEN-001,cvd_2024_05,monthly,2017_m07,2017-07-01,2017,7,,1,all_cvd,all,all,hospital_registered,hospital_only,not_applicable,observed,monthly_count,69,count,69,,,,,,,,,final,,,,,,,,none,No disclosure restriction identified.,69.000
bnr_cvd_public_metric_v2,CVD-BURDEN-001,cvd_2024_05,monthly,2017_m10,2017-10-01,2017,10,,1,all_cvd,all,all,hospital_registered,hospital_only,not_applicable,observed,monthly_count,72,count,72,,,,,,,,,final,,,,,,,,none,No disclosure restriction identified.,72.000
bnr_cvd_public_metric_v2,CVD-BURDEN-001,cvd_2024_05,annual,2017,2017-01-01,2017,,,1,all_cvd,all,all,national_estimate,additional_dco,primary,estimated,annual_count,118.6595744680851,count,118.6595744680851,,55,326.9999999999999,,,,,,final,cvd_rates_v1_1_0,not_applicable,BRB,not_applicable,not_applicable,not_applicable,not_applicable,none,No disclosure restriction identified.,118.660
bnr_cvd_public_metric_v2,CVD-INCIDENCE-001,cvd_2024_05,annual,2017,2017-01-01,2017,,,1,all_cvd,all,age_standardised,national_estimate,hospital_plus_dco,primary,estimated,annual_age_standardised_rate,215.5633228814407,rate_per_100000,,,201.7158151528941,260.8824390839567,201.7444404134498,230.417274273562,95,conditional_fay_feuer_gamma,,final,cvd_rates_v1_1_0,UN_WPP_2024,BRB,persons,2026-08-26,historical_estimate,WHO_WORLD_2000_2025,none,No disclosure restriction identified.,215.563
bnr_cvd_public_metric_v2,CVD-BURDEN-001,cvd_2024_05,annual,2017,2017-01-01,2017,,,1,all_cvd,all,all,national_estimate,hospital_plus_dco,primary,estimated,annual_count,940.6595744680851,count,940.6595744680851,,877,1149,,,,,,final,cvd_rates_v1_1_0,not_applicable,BRB,not_applicable,not_applicable,not_applicable,not_applicable,none,No disclosure restriction identified.,940.660
bnr_cvd_public_metric_v2,CVD-BURDEN-001,cvd_2024_05,quarterly,2017_q2,2017-04-01,2017,4,2,1,all_cvd,all,all,hospital_registered,hospital_only,not_applicable,observed,quarterly_same_quarter_previous_5yr_mean,168.8,count,844,,,,,,,,5,final,,,,,,,,none,No disclosure restriction identified.,168.800
bnr_cvd_public_metric_v2,CVD-BURDEN-001,cvd_2024_05,quarterly,2017_q4,2017-10-01,2017,10,4,1,all_cvd,all,all,hospital_registered,hospital_only,not_applicable,observed,quarterly_same_quarter_previous_5yr_mean,171.4,count,857,,,,,,,,5,final,,,,,,,,none,No disclosure restriction identified.,171.400
bnr_cvd_public_metric_v2,CVD-BURDEN-001,cvd_2024_05,quarterly,2017_q1,2017-01-01,2017,1,1,1,all_cvd,all,all,hospital_registered,hospital_only,not_applicable,observed,quarterly_same_quarter_previous_5yr_mean,182.4,count,912,,,,,,,,5,final,,,,,,,,none,No disclosure restriction identified.,182.400
bnr_cvd_public_metric_v2,CVD-BURDEN-002,cvd_2024_05,annual,2017,2017-01-01,2017,,,1,all_cvd,all,age_70_plus,hospital_registered,hospital_only,not_applicable,observed,age_distribution,50.60975609756098,percent,415,820,,,,,,,,final,,,,,,,,none,No disclosure restriction identified.,50.610
bnr_cvd_public_metric_v2,CVD-BURDEN-001,cvd_2024_05,monthly,2017_m11,2017-11-01,2017,11,,1,all_cvd,all,all,hospital_registered,hospital_only,not_applicable,observed,monthly_count,64,count,64,,,,,,,,,final,,,,,,,,none,No disclosure restriction identified.,64.000
bnr_cvd_public_metric_v2,CVD-BURDEN-001,cvd_2024_05,monthly,2017_m09,2017-09-01,2017,9,,1,all_cvd,all,all,hospital_registered,hospital_only,not_applicable,observed,monthly_count,59,count,59,,,,,,,,,final,,,,,,,,none,No disclosure restriction identified.,59.000
bnr_cvd_public_metric_v2,CVD-BURDEN-001,cvd_2024_05,monthly,2017_m05,2017-05-01,2017,5,,1,all_cvd,all,all,hospital_registered,hospital_only,not_applicable,observed,monthly_count,63,count,63,,,,,,,,,final,,,,,,,,none,No disclosure restriction identified.,63.000
bnr_cvd_public_metric_v2,CVD-INCIDENCE-001,cvd_2024_05,annual,2017,2017-01-01,2017,,,1,all_cvd,all,all,national_estimate,hospital_plus_dco,inclusive,estimated,annual_crude_rate,343.4092321646098,rate_per_100000,962.1330798479088,280171,315.8785170485168,430.808327771254,322.0501095626712,365.8126286978593,95,conditional_gamma,,final,cvd_rates_v1_1_0,UN_WPP_2024,BRB,persons,2026-08-26,historical_estimate,WHO_WORLD_2000_2025,none,No disclosure restriction identified.,343.409
bnr_cvd_public_metric_v2,CVD-BURDEN-001,cvd_2024_05,annual,2017,2017-01-01,2017,,,1,all_cvd,all,all,hospital_registered,hospital_only,not_applicable,observed,annual_previous_5yr_mean,694.2,count,3471,,,,,,,,5,final,,,,,,,,none,No disclosure restriction identified.,694.200
bnr_cvd_public_metric_v2,CVD-BURDEN-001,cvd_2024_05,annual,2017,2017-01-01,2017,,,1,all_cvd,all,under_70,hospital_registered,hospital_only,not_applicable,observed,annual_count,405,count,405,,,,,,,,,final,,,,,,,,none,No disclosure restriction identified.,405.000
bnr_cvd_public_metric_v2,CVD-BURDEN-001,cvd_2024_05,quarterly,2017_q3,2017-07-01,2017,7,3,1,all_cvd,all,all,hospital_registered,hospital_only,not_applicable,observed,quarterly_same_quarter_previous_5yr_mean,171.6,count,858,,,,,,,,5,final,,,,,,,,none,No disclosure restriction identified.,171.600
bnr_cvd_public_metric_v2,CVD-BURDEN-001,cvd_2024_05,quarterly,2017_q1,2017-01-01,2017,1,1,1,all_cvd,female,all,hospital_registered,hospital_only,not_applicable,observed,quarterly_count,111,count,111,,,,,,,,,final,,,,,,,,none,No disclosure restriction identified.,111.000
bnr_cvd_public_metric_v2,CVD-INCIDENCE-001,cvd_2024_05,annual,2017,2017-01-01,2017,,,1,all_cvd,female,age_standardised,national_estimate,hospital_plus_dco,inclusive,estimated,annual_age_standardised_rate,190.1965039215824,rate_per_100000,,,177.3713659097655,230.9112277686199,173.0524364774935,209.3793011022794,95,conditional_fay_feuer_gamma,,final,cvd_rates_v1_1_0,UN_WPP_2024,BRB,persons,2026-08-26,historical_estimate,WHO_WORLD_2000_2025,none,No disclosure restriction identified.,190.197
bnr_cvd_public_metric_v2,CVD-INCIDENCE-001,cvd_2024_05,annual,2017,2017-01-01,2017,,,1,all_cvd,female,all,national_estimate,hospital_plus_dco,primary,estimated,annual_crude_rate,323.3768467950979,rate_per_100000,471.9361702127659,145940,303.5494038646019,388.266660022176,294.8558677012393,353.911744101592,95,conditional_gamma,,final,cvd_rates_v1_1_0,UN_WPP_2024,BRB,persons,2026-08-26,historical_estimate,WHO_WORLD_2000_2025,none,No disclosure restriction identified.,323.377
bnr_cvd_public_metric_v2,CVD-BURDEN-001,cvd_2024_05,quarterly,2017_q2,2017-04-01,2017,4,2,1,all_cvd,female,all,hospital_registered,hospital_only,not_applicable,observed,quarterly_count,98,count,98,,,,,,,,,final,,,,,,,,none,No disclosure restriction identified.,98.000
bnr_cvd_public_metric_v2,CVD-BURDEN-001,cvd_2024_05,quarterly,2017_q3,2017-07-01,2017,7,3,1,all_cvd,female,all,hospital_registered,hospital_only,not_applicable,observed,quarterly_same_quarter_previous_5yr_mean,90.59999999999999,count,453,,,,,,,,5,final,,,,,,,,none,No disclosure restriction identified.,90.600
bnr_cvd_public_metric_v2,CVD-BURDEN-001,cvd_2024_05,annual,2017,2017-01-01,2017,,,1,all_cvd,female,all,hospital_registered,hospital_only,not_applicable,observed,annual_count,418,count,418,,,,,,,,,final,,,,,,,,none,No disclosure restriction identified.,418.000
bnr_cvd_public_metric_v2,CVD-BURDEN-001,cvd_2024_05,quarterly,2017_q1,2017-01-01,2017,1,1,1,all_cvd,female,all,hospital_registered,hospital_only,not_applicable,observed,quarterly_same_quarter_previous_5yr_mean,90.59999999999999,count,453,,,,,,,,5,final,,,,,,,,none,No disclosure restriction identified.,90.600
bnr_cvd_public_metric_v2,CVD-INCIDENCE-001,cvd_2024_05,annual,2017,2017-01-01,2017,,,1,all_cvd,female,all,national_estimate,hospital_plus_dco,inclusive,estimated,annual_crude_rate,330.6192294244575,rate_per_100000,482.5057034220532,145940,306.2902562696999,407.8540648363863,301.7732952605085,361.4787460508272,95,conditional_gamma,,final,cvd_rates_v1_1_0,UN_WPP_2024,BRB,persons,2026-08-26,historical_estimate,WHO_WORLD_2000_2025,none,No disclosure restriction identified.,330.619
bnr_cvd_public_metric_v2,CVD-BURDEN-001,cvd_2024_05,annual,2017,2017-01-01,2017,,,1,all_cvd,female,all,national_estimate,hospital_plus_dco,primary,estimated,annual_count,471.9361702127659,count,471.9361702127659,,443,566.6363636363636,,,,,,final,cvd_rates_v1_1_0,not_applicable,BRB,not_applicable,not_applicable,not_applicable,not_applicable,none,No disclosure restriction identified.,471.936
bnr_cvd_public_metric_v2,CVD-INCIDENCE-001,cvd_2024_05,annual,2017,2017-01-01,2017,,,1,all_cvd,female,age_standardised,hospital_registered,hospital_only,not_applicable,observed,annual_age_standardised_rate,166.8961755460766,rate_per_100000,,,,,150.7325848556605,185.1199832084276,95,fay_feuer_gamma,,final,cvd_rates_v1_1_0,UN_WPP_2024,BRB,persons,2026-08-26,historical_estimate,WHO_WORLD_2000_2025,none,No disclosure restriction identified.,166.896
bnr_cvd_public_metric_v2,CVD-BURDEN-002,cvd_2024_05,annual,2017,2017-01-01,2017,,,1,all_cvd,female,all,hospital_registered,hospital_only,not_applicable,observed,sex_distribution,50.85158150851582,percent,418,822,,,,,,,,final,,,,,,,,none,No disclosure restriction identified.,50.852
bnr_cvd_public_metric_v2,CVD-BURDEN-001,cvd_2024_05,annual,2017,2017-01-01,2017,,,1,all_cvd,female,all,hospital_registered,hospital_only,not_applicable,observed,annual_previous_5yr_mean,352.2,count,1761,,,,,,,,5,final,,,,,,,,none,No disclosure restriction identified.,352.200
bnr_cvd_public_metric_v2,CVD-BURDEN-001,cvd_2024_05,annual,2017,2017-01-01,2017,,,1,all_cvd,female,all,national_estimate,additional_dco,inclusive,estimated,annual_count,64.50570342205323,count,64.50570342205323,,29,177.2222222222222,,,,,,final,cvd_rates_v1_1_0,not_applicable,BRB,not_applicable,not_applicable,not_applicable,not_applicable,none,No disclosure restriction identified.,64.506
bnr_cvd_public_metric_v2,CVD-BURDEN-001,cvd_2024_05,quarterly,2017_q4,2017-10-01,2017,10,4,1,all_cvd,female,all,hospital_registered,hospital_only,not_applicable,observed,quarterly_count,118,count,118,,,,,,,,,final,,,,,,,,none,No disclosure restriction identified.,118.000
bnr_cvd_public_metric_v2,CVD-INCIDENCE-001,cvd_2024_05,annual,2017,2017-01-01,2017,,,1,all_cvd,female,all,hospital_registered,hospital_only,not_applicable,observed,annual_crude_rate,286.4190763327395,rate_per_100000,418,145940,,,259.6161699653721,315.2378070364687,95,poisson_exact_garwood,,final,cvd_rates_v1_1_0,UN_WPP_2024,BRB,persons,2026-08-26,historical_estimate,WHO_WORLD_2000_2025,none,No disclosure restriction identified.,286.419
bnr_cvd_public_metric_v2,CVD-BURDEN-001,cvd_2024_05,quarterly,2017_q4,2017-10-01,2017,10,4,1,all_cvd,female,all,hospital_registered,hospital_only,not_applicable,observed,quarterly_same_quarter_previous_5yr_mean,88.8,count,444,,,,,,,,5,final,,,,,,,,none,No disclosure restriction identified.,88.800
bnr_cvd_public_metric_v2,CVD-INCIDENCE-001,cvd_2024_05,annual,2017,2017-01-01,2017,,,1,all_cvd,female,age_standardised,national_estimate,hospital_plus_dco,primary,estimated,annual_age_standardised_rate,186.2573897276485,rate_per_100000,,,175.8703083521306,220.2514742293433,169.2790127390817,205.2774562487058,95,conditional_fay_feuer_gamma,,final,cvd_rates_v1_1_0,UN_WPP_2024,BRB,persons,2026-08-26,historical_estimate,WHO_WORLD_2000_2025,none,No disclosure restriction identified.,186.257
bnr_cvd_public_metric_v2,CVD-BURDEN-001,cvd_2024_05,annual,2017,2017-01-01,2017,,,1,all_cvd,female,all,national_estimate,additional_dco,primary,estimated,annual_count,53.93617021276596,count,53.93617021276596,,25,148.6363636363636,,,,,,final,cvd_rates_v1_1_0,not_applicable,BRB,not_applicable,not_applicable,not_applicable,not_applicable,none,No disclosure restriction identified.,53.936
bnr_cvd_public_metric_v2,CVD-BURDEN-001,cvd_2024_05,annual,2017,2017-01-01,2017,,,1,all_cvd,female,all,national_estimate,hospital_plus_dco,inclusive,estimated,annual_count,482.5057034220532,count,482.5057034220532,,447,595.2222222222222,,,,,,final,cvd_rates_v1_1_0,not_applicable,BRB,not_applicable,not_applicable,not_applicable,not_applicable,none,No disclosure restriction identified.,482.506
bnr_cvd_public_metric_v2,CVD-BURDEN-001,cvd_2024_05,quarterly,2017_q2,2017-04-01,2017,4,2,1,all_cvd,female,all,hospital_registered,hospital_only,not_applicable,observed,quarterly_same_quarter_previous_5yr_mean,82.2,count,411,,,,,,,,5,final,,,,,,,,none,No disclosure restriction identified.,82.200
bnr_cvd_public_metric_v2,CVD-BURDEN-001,cvd_2024_05,quarterly,2017_q3,2017-07-01,2017,7,3,1,all_cvd,female,all,hospital_registered,hospital_only,not_applicable,observed,quarterly_count,91,count,91,,,,,,,,,final,,,,,,,,none,No disclosure restriction identified.,91.000
bnr_cvd_public_metric_v2,CVD-BURDEN-001,cvd_2024_05,quarterly,2017_q2,2017-04-01,2017,4,2,1,all_cvd,male,all,hospital_registered,hospital_only,not_applicable,observed,quarterly_same_quarter_previous_5yr_mean,86.59999999999999,count,433,,,,,,,,5,final,,,,,,,,none,No disclosure restriction identified.,86.600
bnr_cvd_public_metric_v2,CVD-INCIDENCE-001,cvd_2024_05,annual,2017,2017-01-01,2017,,,1,all_cvd,male,all,national_estimate,hospital_plus_dco,inclusive,estimated,annual_crude_rate,357.3149096899044,rate_per_100000,479.6273764258555,134231,326.3031639487153,455.7648961698698,326.0485634287327,390.7705818773107,95,conditional_gamma,,final,cvd_rates_v1_1_0,UN_WPP_2024,BRB,persons,2026-08-26,historical_estimate,WHO_WORLD_2000_2025,none,No disclosure restriction identified.,357.315
bnr_cvd_public_metric_v2,CVD-BURDEN-001,cvd_2024_05,quarterly,2017_q1,2017-01-01,2017,1,1,1,all_cvd,male,all,hospital_registered,hospital_only,not_applicable,observed,quarterly_count,110,count,110,,,,,,,,,final,,,,,,,,none,No disclosure restriction identified.,110.000
bnr_cvd_public_metric_v2,CVD-BURDEN-001,cvd_2024_05,quarterly,2017_q2,2017-04-01,2017,4,2,1,all_cvd,male,all,hospital_registered,hospital_only,not_applicable,observed,quarterly_count,100,count,100,,,,,,,,,final,,,,,,,,none,No disclosure restriction identified.,100.000
bnr_cvd_public_metric_v2,CVD-BURDEN-001,cvd_2024_05,quarterly,2017_q4,2017-10-01,2017,10,4,1,all_cvd,male,all,hospital_registered,hospital_only,not_applicable,observed,quarterly_same_quarter_previous_5yr_mean,82.59999999999999,count,413,,,,,,,,5,final,,,,,,,,none,No disclosure restriction identified.,82.600
bnr_cvd_public_metric_v2,CVD-INCIDENCE-001,cvd_2024_05,annual,2017,2017-01-01,2017,,,1,all_cvd,male,all,hospital_registered,hospital_only,not_applicable,observed,annual_crude_rate,300.9736946010981,rate_per_100000,404,134231,,,272.3370509575057,331.8026077039999,95,poisson_exact_garwood,,final,cvd_rates_v1_1_0,UN_WPP_2024,BRB,persons,2026-08-26,historical_estimate,WHO_WORLD_2000_2025,none,No disclosure restriction identified.,300.974
bnr_cvd_public_metric_v2,CVD-BURDEN-001,cvd_2024_05,quarterly,2017_q1,2017-01-01,2017,1,1,1,all_cvd,male,all,hospital_registered,hospital_only,not_applicable,observed,quarterly_same_quarter_previous_5yr_mean,91.8,count,459,,,,,,,,5,final,,,,,,,,none,No disclosure restriction identified.,91.800
bnr_cvd_public_metric_v2,CVD-BURDEN-001,cvd_2024_05,annual,2017,2017-01-01,2017,,,1,all_cvd,male,all,hospital_registered,hospital_only,not_applicable,observed,annual_previous_5yr_mean,342,count,1710,,,,,,,,5,final,,,,,,,,none,No disclosure restriction identified.,342.000
bnr_cvd_public_metric_v2,CVD-INCIDENCE-001,cvd_2024_05,annual,2017,2017-01-01,2017,,,1,all_cvd,male,all,national_estimate,hospital_plus_dco,primary,estimated,annual_crude_rate,349.191620605761,rate_per_100000,468.7234042553191,134231,323.3232263784074,433.8518198952822,318.2909238606007,382.2820234833732,95,conditional_gamma,,final,cvd_rates_v1_1_0,UN_WPP_2024,BRB,persons,2026-08-26,historical_estimate,WHO_WORLD_2000_2025,none,No disclosure restriction identified.,349.192
bnr_cvd_public_metric_v2,CVD-BURDEN-001,cvd_2024_05,annual,2017,2017-01-01,2017,,,1,all_cvd,male,all,national_estimate,additional_dco,inclusive,estimated,annual_count,75.62737642585552,count,75.62737642585552,,34,207.7777777777778,,,,,,final,cvd_rates_v1_1_0,not_applicable,BRB,not_applicable,not_applicable,not_applicable,not_applicable,none,No disclosure restriction identified.,75.627
bnr_cvd_public_metric_v2,CVD-BURDEN-001,cvd_2024_05,annual,2017,2017-01-01,2017,,,1,all_cvd,male,all,national_estimate,hospital_plus_dco,primary,estimated,annual_count,468.7234042553191,count,468.7234042553191,,434,582.3636363636364,,,,,,final,cvd_rates_v1_1_0,not_applicable,BRB,not_applicable,not_applicable,not_applicable,not_applicable,none,No disclosure restriction identified.,468.723
bnr_cvd_public_metric_v2,CVD-BURDEN-002,cvd_2024_05,annual,2017,2017-01-01,2017,,,1,all_cvd,male,all,hospital_registered,hospital_only,not_applicable,observed,sex_distribution,49.14841849148419,percent,404,822,,,,,,,,final,,,,,,,,none,No disclosure restriction identified.,49.148
bnr_cvd_public_metric_v2,CVD-BURDEN-001,cvd_2024_05,quarterly,2017_q4,2017-10-01,2017,10,4,1,all_cvd,male,all,hospital_registered,hospital_only,not_applicable,observed,quarterly_count,96,count,96,,,,,,,,,final,,,,,,,,none,No disclosure restriction identified.,96.000
bnr_cvd_public_metric_v2,CVD-BURDEN-001,cvd_2024_05,annual,2017,2017-01-01,2017,,,1,all_cvd,male,all,national_estimate,additional_dco,primary,estimated,annual_count,64.72340425531914,count,64.72340425531914,,30,178.3636363636364,,,,,,final,cvd_rates_v1_1_0,not_applicable,BRB,not_applicable,not_applicable,not_applicable,not_applicable,none,No disclosure restriction identified.,64.723
bnr_cvd_public_metric_v2,CVD-INCIDENCE-001,cvd_2024_05,annual,2017,2017-01-01,2017,,,1,all_cvd,male,age_standardised,national_estimate,hospital_plus_dco,primary,estimated,annual_age_standardised_rate,253.004276154079,rate_per_100000,,,234.2304112631961,314.4460157969684,230.1025661547835,279.9999566201761,95,conditional_fay_feuer_gamma,,final,cvd_rates_v1_1_0,UN_WPP_2024,BRB,persons,2026-08-26,historical_estimate,WHO_WORLD_2000_2025,none,No disclosure restriction identified.,253.004
bnr_cvd_public_metric_v2,CVD-BURDEN-001,cvd_2024_05,quarterly,2017_q3,2017-07-01,2017,7,3,1,all_cvd,male,all,hospital_registered,hospital_only,not_applicable,observed,quarterly_same_quarter_previous_5yr_mean,81,count,405,,,,,,,,5,final,,,,,,,,none,No disclosure restriction identified.,81.000
bnr_cvd_public_metric_v2,CVD-INCIDENCE-001,cvd_2024_05,annual,2017,2017-01-01,2017,,,1,all_cvd,male,age_standardised,national_estimate,hospital_plus_dco,inclusive,estimated,annual_age_standardised_rate,258.5959616321236,rate_per_100000,,,236.2565277469724,329.5147993627622,235.455367557432,285.8234018343525,95,conditional_fay_feuer_gamma,,final,cvd_rates_v1_1_0,UN_WPP_2024,BRB,persons,2026-08-26,historical_estimate,WHO_WORLD_2000_2025,none,No disclosure restriction identified.,258.596
bnr_cvd_public_metric_v2,CVD-INCIDENCE-001,cvd_2024_05,annual,2017,2017-01-01,2017,,,1,all_cvd,male,age_standardised,hospital_registered,hospital_only,not_applicable,observed,annual_age_standardised_rate,218.01034416997,rate_per_100000,,,,,196.8377164626625,243.3142569508232,95,fay_feuer_gamma,,final,cvd_rates_v1_1_0,UN_WPP_2024,BRB,persons,2026-08-26,historical_estimate,WHO_WORLD_2000_2025,none,No disclosure restriction identified.,218.010
bnr_cvd_public_metric_v2,CVD-BURDEN-001,cvd_2024_05,annual,2017,2017-01-01,2017,,,1,all_cvd,male,all,national_estimate,hospital_plus_dco,inclusive,estimated,annual_count,479.6273764258555,count,479.6273764258555,,438,611.7777777777778,,,,,,final,cvd_rates_v1_1_0,not_applicable,BRB,not_applicable,not_applicable,not_applicable,not_applicable,none,No disclosure restriction identified.,479.627
bnr_cvd_public_metric_v2,CVD-BURDEN-001,cvd_2024_05,quarterly,2017_q3,2017-07-01,2017,7,3,1,all_cvd,male,all,hospital_registered,hospital_only,not_applicable,observed,quarterly_count,98,count,98,,,,,,,,,final,,,,,,,,none,No disclosure restriction identified.,98.000
bnr_cvd_public_metric_v2,CVD-BURDEN-001,cvd_2024_05,annual,2017,2017-01-01,2017,,,1,all_cvd,male,all,hospital_registered,hospital_only,not_applicable,observed,annual_count,404,count,404,,,,,,,,,final,,,,,,,,none,No disclosure restriction identified.,404.000
bnr_cvd_public_metric_v2,CVD-BURDEN-001,cvd_2024_05,quarterly,2017_q3,2017-07-01,2017,7,3,1,heart,all,all,hospital_registered,hospital_only,not_applicable,observed,quarterly_same_quarter_previous_5yr_mean,48.6,count,243,,,,,,,,5,final,,,,,,,,none,No disclosure restriction identified.,48.600
bnr_cvd_public_metric_v2,CVD-BURDEN-001,cvd_2024_05,annual,2017,2017-01-01,2017,,,1,heart,all,all,national_estimate,additional_dco,inclusive,estimated,annual_count,60.05703422053233,count,60.05703422053233,,27,165,,,,,,final,cvd_rates_v1_1_0,not_applicable,BRB,not_applicable,not_applicable,not_applicable,not_applicable,none,No disclosure restriction identified.,60.057
bnr_cvd_public_metric_v2,CVD-BURDEN-001,cvd_2024_05,annual,2017,2017-01-01,2017,,,1,heart,all,all,national_estimate,hospital_plus_dco,primary,estimated,annual_count,327.6212765957447,count,327.6212765957447,,301,414.7454545454545,,,,,,final,cvd_rates_v1_1_0,not_applicable,BRB,not_applicable,not_applicable,not_applicable,not_applicable,none,No disclosure restriction identified.,327.621
bnr_cvd_public_metric_v2,CVD-BURDEN-001,cvd_2024_05,quarterly,2017_q4,2017-10-01,2017,10,4,1,heart,all,all,hospital_registered,hospital_only,not_applicable,observed,quarterly_same_quarter_previous_5yr_mean,48.8,count,244,,,,,,,,5,final,,,,,,,,none,No disclosure restriction identified.,48.800
bnr_cvd_public_metric_v2,CVD-INCIDENCE-001,cvd_2024_05,annual,2017,2017-01-01,2017,,,1,heart,all,age_standardised,hospital_registered,hospital_only,not_applicable,observed,annual_age_standardised_rate,64.55749403103172,rate_per_100000,,,,,57.07843410900369,73.10859009042278,95,fay_feuer_gamma,,final,cvd_rates_v1_1_0,UN_WPP_2024,BRB,persons,2026-08-26,historical_estimate,WHO_WORLD_2000_2025,none,No disclosure restriction identified.,64.557
bnr_cvd_public_metric_v2,CVD-BURDEN-001,cvd_2024_05,quarterly,2017_q1,2017-01-01,2017,1,1,1,heart,all,all,hospital_registered,hospital_only,not_applicable,observed,quarterly_same_quarter_previous_5yr_mean,51.6,count,258,,,,,,,,5,final,,,,,,,,none,No disclosure restriction identified.,51.600
bnr_cvd_public_metric_v2,CVD-INCIDENCE-001,cvd_2024_05,annual,2017,2017-01-01,2017,,,1,heart,all,all,national_estimate,hospital_plus_dco,inclusive,estimated,annual_crude_rate,120.6609657032785,rate_per_100000,338.0570342205323,280171,108.8620877963815,158.1177209632689,108.1399549566017,134.2338972688213,95,conditional_gamma,,final,cvd_rates_v1_1_0,UN_WPP_2024,BRB,persons,2026-08-26,historical_estimate,WHO_WORLD_2000_2025,none,No disclosure restriction identified.,120.661
bnr_cvd_public_metric_v2,CVD-BURDEN-001,cvd_2024_05,quarterly,2017_q2,2017-04-01,2017,4,2,1,heart,all,all,hospital_registered,hospital_only,not_applicable,observed,quarterly_same_quarter_previous_5yr_mean,51.4,count,257,,,,,,,,5,final,,,,,,,,none,No disclosure restriction identified.,51.400
bnr_cvd_public_metric_v2,CVD-BURDEN-001,cvd_2024_05,quarterly,2017_q1,2017-01-01,2017,1,1,1,heart,all,all,hospital_registered,hospital_only,not_applicable,observed,quarterly_count,73,count,73,,,,,,,,,final,,,,,,,,none,No disclosure restriction identified.,73.000
bnr_cvd_public_metric_v2,CVD-BURDEN-001,cvd_2024_05,quarterly,2017_q3,2017-07-01,2017,7,3,1,heart,all,all,hospital_registered,hospital_only,not_applicable,observed,quarterly_count,64,count,64,,,,,,,,,final,,,,,,,,none,No disclosure restriction identified.,64.000
bnr_cvd_public_metric_v2,CVD-INCIDENCE-001,cvd_2024_05,annual,2017,2017-01-01,2017,,,1,heart,all,age_standardised,national_estimate,hospital_plus_dco,inclusive,estimated,annual_age_standardised_rate,77.90764124265765,rate_per_100000,,,70.55935508514732,101.2355338061826,69.70767872309476,87.16869788613953,95,conditional_fay_feuer_gamma,,final,cvd_rates_v1_1_0,UN_WPP_2024,BRB,persons,2026-08-26,historical_estimate,WHO_WORLD_2000_2025,none,No disclosure restriction identified.,77.908
bnr_cvd_public_metric_v2,CVD-BURDEN-001,cvd_2024_05,annual,2017,2017-01-01,2017,,,1,heart,all,all,hospital_registered,hospital_only,not_applicable,observed,annual_count,278,count,278,,,,,,,,,final,,,,,,,,none,No disclosure restriction identified.,278.000
bnr_cvd_public_metric_v2,CVD-INCIDENCE-001,cvd_2024_05,annual,2017,2017-01-01,2017,,,1,heart,all,age_standardised,national_estimate,hospital_plus_dco,primary,estimated,annual_age_standardised_rate,75.57645886326054,rate_per_100000,,,69.66490376589124,94.923366454651,67.49684560129629,84.71894868200646,95,conditional_fay_feuer_gamma,,final,cvd_rates_v1_1_0,UN_WPP_2024,BRB,persons,2026-08-26,historical_estimate,WHO_WORLD_2000_2025,none,No disclosure restriction identified.,75.576
bnr_cvd_public_metric_v2,CVD-BURDEN-001,cvd_2024_05,annual,2017,2017-01-01,2017,,,1,heart,all,all,national_estimate,hospital_plus_dco,inclusive,estimated,annual_count,338.0570342205323,count,338.0570342205323,,305,443,,,,,,final,cvd_rates_v1_1_0,not_applicable,BRB,not_applicable,not_applicable,not_applicable,not_applicable,none,No disclosure restriction identified.,338.057
bnr_cvd_public_metric_v2,CVD-BURDEN-002,cvd_2024_05,annual,2017,2017-01-01,2017,,,1,heart,all,all,hospital_registered,hospital_only,not_applicable,observed,event_type_distribution,33.81995133819951,percent,278,822,,,,,,,,final,,,,,,,,none,No disclosure restriction identified.,33.820
bnr_cvd_public_metric_v2,CVD-BURDEN-001,cvd_2024_05,annual,2017,2017-01-01,2017,,,1,heart,all,all,hospital_registered,hospital_only,not_applicable,observed,annual_previous_5yr_mean,200.4,count,1002,,,,,,,,5,final,,,,,,,,none,No disclosure restriction identified.,200.400
bnr_cvd_public_metric_v2,CVD-INCIDENCE-001,cvd_2024_05,annual,2017,2017-01-01,2017,,,1,heart,all,all,hospital_registered,hospital_only,not_applicable,observed,annual_crude_rate,99.22511608981658,rate_per_100000,278,280171,,,87.90277494229018,111.6012983977051,95,poisson_exact_garwood,,final,cvd_rates_v1_1_0,UN_WPP_2024,BRB,persons,2026-08-26,historical_estimate,WHO_WORLD_2000_2025,none,No disclosure restriction identified.,99.225
bnr_cvd_public_metric_v2,CVD-INCIDENCE-001,cvd_2024_05,annual,2017,2017-01-01,2017,,,1,heart,all,all,national_estimate,hospital_plus_dco,primary,estimated,annual_crude_rate,116.9361841859952,rate_per_100000,327.6212765957447,280171,107.4343882842978,148.0329707733686,104.6153090306779,130.3092757543047,95,conditional_gamma,,final,cvd_rates_v1_1_0,UN_WPP_2024,BRB,persons,2026-08-26,historical_estimate,WHO_WORLD_2000_2025,none,No disclosure restriction identified.,116.936
bnr_cvd_public_metric_v2,CVD-BURDEN-001,cvd_2024_05,annual,2017,2017-01-01,2017,,,1,heart,all,all,national_estimate,additional_dco,primary,estimated,annual_count,49.62127659574467,count,49.62127659574467,,23,136.7454545454545,,,,,,final,cvd_rates_v1_1_0,not_applicable,BRB,not_applicable,not_applicable,not_applicable,not_applicable,none,No disclosure restriction identified.,49.621
bnr_cvd_public_metric_v2,CVD-BURDEN-001,cvd_2024_05,quarterly,2017_q2,2017-04-01,2017,4,2,1,heart,all,all,hospital_registered,hospital_only,not_applicable,observed,quarterly_count,61,count,61,,,,,,,,,final,,,,,,,,none,No disclosure restriction identified.,61.000
bnr_cvd_public_metric_v2,CVD-BURDEN-001,cvd_2024_05,quarterly,2017_q4,2017-10-01,2017,10,4,1,heart,all,all,hospital_registered,hospital_only,not_applicable,observed,quarterly_count,80,count,80,,,,,,,,,final,,,,,,,,none,No disclosure restriction identified.,80.000
bnr_cvd_public_metric_v2,CVD-INCIDENCE-001,cvd_2024_05,annual,2017,2017-01-01,2017,,,1,heart,female,all,national_estimate,hospital_plus_dco,inclusive,estimated,annual_crude_rate,105.0043483675514,rate_per_100000,153.2433460076046,145940,96.61504727970399,131.6370502337338,89.03743942240516,123.0080519105682,95,conditional_gamma,,final,cvd_rates_v1_1_0,UN_WPP_2024,BRB,persons,2026-08-26,historical_estimate,WHO_WORLD_2000_2025,none,No disclosure restriction identified.,105.004
bnr_cvd_public_metric_v2,CVD-BURDEN-001,cvd_2024_05,quarterly,2017_q3,2017-07-01,2017,7,3,1,heart,female,all,hospital_registered,hospital_only,not_applicable,observed,quarterly_same_quarter_previous_5yr_mean,22.8,count,114,,,,,,,,5,final,,,,,,,,none,No disclosure restriction identified.,22.800
bnr_cvd_public_metric_v2,CVD-BURDEN-001,cvd_2024_05,quarterly,2017_q2,2017-04-01,2017,4,2,1,heart,female,all,hospital_registered,hospital_only,not_applicable,observed,quarterly_count,29,count,29,,,,,,,,,final,,,,,,,,none,No disclosure restriction identified.,29.000
bnr_cvd_public_metric_v2,CVD-BURDEN-001,cvd_2024_05,annual,2017,2017-01-01,2017,,,1,heart,female,all,national_estimate,hospital_plus_dco,primary,estimated,annual_count,150.4170212765957,count,150.4170212765957,,140,184.5090909090909,,,,,,final,cvd_rates_v1_1_0,not_applicable,BRB,not_applicable,not_applicable,not_applicable,not_applicable,none,No disclosure restriction identified.,150.417
bnr_cvd_public_metric_v2,CVD-BURDEN-001,cvd_2024_05,annual,2017,2017-01-01,2017,,,1,heart,female,all,hospital_registered,hospital_only,not_applicable,observed,annual_count,131,count,131,,,,,,,,,final,,,,,,,,none,No disclosure restriction identified.,131.000
bnr_cvd_public_metric_v2,CVD-BURDEN-001,cvd_2024_05,annual,2017,2017-01-01,2017,,,1,heart,female,all,national_estimate,additional_dco,primary,estimated,annual_count,19.41702127659574,count,19.41702127659574,,9,53.50909090909091,,,,,,final,cvd_rates_v1_1_0,not_applicable,BRB,not_applicable,not_applicable,not_applicable,not_applicable,none,No disclosure restriction identified.,19.417
bnr_cvd_public_metric_v2,CVD-INCIDENCE-001,cvd_2024_05,annual,2017,2017-01-01,2017,,,1,heart,female,age_standardised,national_estimate,hospital_plus_dco,inclusive,estimated,annual_age_standardised_rate,61.04120265039659,rate_per_100000,,,56.52226777923117,75.38702763822332,51.52675974839835,72.69844847186542,95,conditional_fay_feuer_gamma,,final,cvd_rates_v1_1_0,UN_WPP_2024,BRB,persons,2026-08-26,historical_estimate,WHO_WORLD_2000_2025,none,No disclosure restriction identified.,61.041
bnr_cvd_public_metric_v2,CVD-BURDEN-001,cvd_2024_05,quarterly,2017_q1,2017-01-01,2017,1,1,1,heart,female,all,hospital_registered,hospital_only,not_applicable,observed,quarterly_same_quarter_previous_5yr_mean,22,count,110,,,,,,,,5,final,,,,,,,,none,No disclosure restriction identified.,22.000
bnr_cvd_public_metric_v2,CVD-INCIDENCE-001,cvd_2024_05,annual,2017,2017-01-01,2017,,,1,heart,female,all,hospital_registered,hospital_only,not_applicable,observed,annual_crude_rate,89.76291626695902,rate_per_100000,131,145940,,,75.05058233558361,106.5163511360603,95,poisson_exact_garwood,,final,cvd_rates_v1_1_0,UN_WPP_2024,BRB,persons,2026-08-26,historical_estimate,WHO_WORLD_2000_2025,none,No disclosure restriction identified.,89.763
bnr_cvd_public_metric_v2,CVD-BURDEN-001,cvd_2024_05,annual,2017,2017-01-01,2017,,,1,heart,female,all,hospital_registered,hospital_only,not_applicable,observed,annual_previous_5yr_mean,92.8,count,464,,,,,,,,5,final,,,,,,,,none,No disclosure restriction identified.,92.800
bnr_cvd_public_metric_v2,CVD-BURDEN-001,cvd_2024_05,quarterly,2017_q3,2017-07-01,2017,7,3,1,heart,female,all,hospital_registered,hospital_only,not_applicable,observed,quarterly_count,35,count,35,,,,,,,,,final,,,,,,,,none,No disclosure restriction identified.,35.000
bnr_cvd_public_metric_v2,CVD-INCIDENCE-001,cvd_2024_05,annual,2017,2017-01-01,2017,,,1,heart,female,age_standardised,hospital_registered,hospital_only,not_applicable,observed,annual_age_standardised_rate,52.83133650247184,rate_per_100000,,,,,43.94943486884081,63.88405359117272,95,fay_feuer_gamma,,final,cvd_rates_v1_1_0,UN_WPP_2024,BRB,persons,2026-08-26,historical_estimate,WHO_WORLD_2000_2025,none,No disclosure restriction identified.,52.831
bnr_cvd_public_metric_v2,CVD-BURDEN-001,cvd_2024_05,annual,2017,2017-01-01,2017,,,1,heart,female,all,national_estimate,additional_dco,inclusive,estimated,annual_count,22.24334600760456,count,22.24334600760456,,10,61.11111111111111,,,,,,final,cvd_rates_v1_1_0,not_applicable,BRB,not_applicable,not_applicable,not_applicable,not_applicable,none,No disclosure restriction identified.,22.243
bnr_cvd_public_metric_v2,CVD-BURDEN-002,cvd_2024_05,annual,2017,2017-01-01,2017,,,1,heart,female,all,hospital_registered,hospital_only,not_applicable,observed,sex_distribution,47.12230215827338,percent,131,278,,,,,,,,final,,,,,,,,none,No disclosure restriction identified.,47.122
bnr_cvd_public_metric_v2,CVD-BURDEN-001,cvd_2024_05,annual,2017,2017-01-01,2017,,,1,heart,female,all,national_estimate,hospital_plus_dco,inclusive,estimated,annual_count,153.2433460076046,count,153.2433460076046,,141,192.1111111111111,,,,,,final,cvd_rates_v1_1_0,not_applicable,BRB,not_applicable,not_applicable,not_applicable,not_applicable,none,No disclosure restriction identified.,153.243
bnr_cvd_public_metric_v2,CVD-INCIDENCE-001,cvd_2024_05,annual,2017,2017-01-01,2017,,,1,heart,female,age_standardised,national_estimate,hospital_plus_dco,primary,estimated,annual_age_standardised_rate,59.95008753012809,rate_per_100000,,,56.13095482890027,72.44906727960094,50.51879650270325,71.52732365204854,95,conditional_fay_feuer_gamma,,final,cvd_rates_v1_1_0,UN_WPP_2024,BRB,persons,2026-08-26,historical_estimate,WHO_WORLD_2000_2025,none,No disclosure restriction identified.,59.950
bnr_cvd_public_metric_v2,CVD-BURDEN-001,cvd_2024_05,quarterly,2017_q4,2017-10-01,2017,10,4,1,heart,female,all,hospital_registered,hospital_only,not_applicable,observed,quarterly_count,36,count,36,,,,,,,,,final,,,,,,,,none,No disclosure restriction identified.,36.000
bnr_cvd_public_metric_v2,CVD-BURDEN-001,cvd_2024_05,quarterly,2017_q1,2017-01-01,2017,1,1,1,heart,female,all,hospital_registered,hospital_only,not_applicable,observed,quarterly_count,31,count,31,,,,,,,,,final,,,,,,,,none,No disclosure restriction identified.,31.000
bnr_cvd_public_metric_v2,CVD-BURDEN-001,cvd_2024_05,quarterly,2017_q4,2017-10-01,2017,10,4,1,heart,female,all,hospital_registered,hospital_only,not_applicable,observed,quarterly_same_quarter_previous_5yr_mean,24.6,count,123,,,,,,,,5,final,,,,,,,,none,No disclosure restriction identified.,24.600
bnr_cvd_public_metric_v2,CVD-INCIDENCE-001,cvd_2024_05,annual,2017,2017-01-01,2017,,,1,heart,female,all,national_estimate,hospital_plus_dco,primary,estimated,annual_crude_rate,103.0677136334081,rate_per_100000,150.4170212765957,145940,95.92983417842949,126.4280463951562,87.25491267996229,120.9178033871288,95,conditional_gamma,,final,cvd_rates_v1_1_0,UN_WPP_2024,BRB,persons,2026-08-26,historical_estimate,WHO_WORLD_2000_2025,none,No disclosure restriction identified.,103.068
bnr_cvd_public_metric_v2,CVD-BURDEN-001,cvd_2024_05,quarterly,2017_q2,2017-04-01,2017,4,2,1,heart,female,all,hospital_registered,hospital_only,not_applicable,observed,quarterly_same_quarter_previous_5yr_mean,23.4,count,117,,,,,,,,5,final,,,,,,,,none,No disclosure restriction identified.,23.400
bnr_cvd_public_metric_v2,CVD-BURDEN-001,cvd_2024_05,annual,2017,2017-01-01,2017,,,1,heart,male,all,hospital_registered,hospital_only,not_applicable,observed,annual_previous_5yr_mean,107.6,count,538,,,,,,,,5,final,,,,,,,,none,No disclosure restriction identified.,107.600
bnr_cvd_public_metric_v2,CVD-BURDEN-001,cvd_2024_05,quarterly,2017_q4,2017-10-01,2017,10,4,1,heart,male,all,hospital_registered,hospital_only,not_applicable,observed,quarterly_same_quarter_previous_5yr_mean,24.2,count,121,,,,,,,,5,final,,,,,,,,none,No disclosure restriction identified.,24.200
bnr_cvd_public_metric_v2,CVD-BURDEN-001,cvd_2024_05,quarterly,2017_q1,2017-01-01,2017,1,1,1,heart,male,all,hospital_registered,hospital_only,not_applicable,observed,quarterly_same_quarter_previous_5yr_mean,29.6,count,148,,,,,,,,5,final,,,,,,,,none,No disclosure restriction identified.,29.600
bnr_cvd_public_metric_v2,CVD-BURDEN-001,cvd_2024_05,annual,2017,2017-01-01,2017,,,1,heart,male,all,national_estimate,hospital_plus_dco,inclusive,estimated,annual_count,184.8136882129278,count,184.8136882129278,,164,250.8888888888889,,,,,,final,cvd_rates_v1_1_0,not_applicable,BRB,not_applicable,not_applicable,not_applicable,not_applicable,none,No disclosure restriction identified.,184.814
bnr_cvd_public_metric_v2,CVD-BURDEN-001,cvd_2024_05,quarterly,2017_q3,2017-07-01,2017,7,3,1,heart,male,all,hospital_registered,hospital_only,not_applicable,observed,quarterly_count,29,count,29,,,,,,,,,final,,,,,,,,none,No disclosure restriction identified.,29.000
bnr_cvd_public_metric_v2,CVD-BURDEN-001,cvd_2024_05,annual,2017,2017-01-01,2017,,,1,heart,male,all,national_estimate,hospital_plus_dco,primary,estimated,annual_count,177.2042553191489,count,177.2042553191489,,161,230.2363636363636,,,,,,final,cvd_rates_v1_1_0,not_applicable,BRB,not_applicable,not_applicable,not_applicable,not_applicable,none,No disclosure restriction identified.,177.204
bnr_cvd_public_metric_v2,CVD-INCIDENCE-001,cvd_2024_05,annual,2017,2017-01-01,2017,,,1,heart,male,all,hospital_registered,hospital_only,not_applicable,observed,annual_crude_rate,109.5127057088154,rate_per_100000,147,134231,,,92.52523778103188,128.7158455742327,95,poisson_exact_garwood,,final,cvd_rates_v1_1_0,UN_WPP_2024,BRB,persons,2026-08-26,historical_estimate,WHO_WORLD_2000_2025,none,No disclosure restriction identified.,109.513
bnr_cvd_public_metric_v2,CVD-INCIDENCE-001,cvd_2024_05,annual,2017,2017-01-01,2017,,,1,heart,male,all,national_estimate,hospital_plus_dco,primary,estimated,annual_crude_rate,132.0144045109914,rate_per_100000,177.2042553191489,134231,119.9424872048931,171.522497512768,113.292205667935,152.9470375973398,95,conditional_gamma,,final,cvd_rates_v1_1_0,UN_WPP_2024,BRB,persons,2026-08-26,historical_estimate,WHO_WORLD_2000_2025,none,No disclosure restriction identified.,132.014
bnr_cvd_public_metric_v2,CVD-INCIDENCE-001,cvd_2024_05,annual,2017,2017-01-01,2017,,,1,heart,male,all,national_estimate,hospital_plus_dco,inclusive,estimated,annual_crude_rate,137.6833132532185,rate_per_100000,184.8136882129278,134231,122.177440382624,186.9083064932012,118.5479823864194,159.0279640451041,95,conditional_gamma,,final,cvd_rates_v1_1_0,UN_WPP_2024,BRB,persons,2026-08-26,historical_estimate,WHO_WORLD_2000_2025,none,No disclosure restriction identified.,137.683
bnr_cvd_public_metric_v2,CVD-BURDEN-001,cvd_2024_05,quarterly,2017_q2,2017-04-01,2017,4,2,1,heart,male,all,hospital_registered,hospital_only,not_applicable,observed,quarterly_count,32,count,32,,,,,,,,,final,,,,,,,,none,No disclosure restriction identified.,32.000
bnr_cvd_public_metric_v2,CVD-BURDEN-001,cvd_2024_05,quarterly,2017_q4,2017-10-01,2017,10,4,1,heart,male,all,hospital_registered,hospital_only,not_applicable,observed,quarterly_count,44,count,44,,,,,,,,,final,,,,,,,,none,No disclosure restriction identified.,44.000
bnr_cvd_public_metric_v2,CVD-INCIDENCE-001,cvd_2024_05,annual,2017,2017-01-01,2017,,,1,heart,male,age_standardised,hospital_registered,hospital_only,not_applicable,observed,annual_age_standardised_rate,78.85108848221083,rate_per_100000,,,,,66.41750351128941,95.78443973758071,95,fay_feuer_gamma,,final,cvd_rates_v1_1_0,UN_WPP_2024,BRB,persons,2026-08-26,historical_estimate,WHO_WORLD_2000_2025,none,No disclosure restriction identified.,78.851
bnr_cvd_public_metric_v2,CVD-INCIDENCE-001,cvd_2024_05,annual,2017,2017-01-01,2017,,,1,heart,male,age_standardised,national_estimate,hospital_plus_dco,primary,estimated,annual_age_standardised_rate,94.75046574720245,rate_per_100000,,,86.22062232298603,122.6663169537289,81.11545640410259,112.7977888941046,95,conditional_fay_feuer_gamma,,final,cvd_rates_v1_1_0,UN_WPP_2024,BRB,persons,2026-08-26,historical_estimate,WHO_WORLD_2000_2025,none,No disclosure restriction identified.,94.750
bnr_cvd_public_metric_v2,CVD-BURDEN-001,cvd_2024_05,annual,2017,2017-01-01,2017,,,1,heart,male,all,national_estimate,additional_dco,primary,estimated,annual_count,30.20425531914893,count,30.20425531914893,,14,83.23636363636363,,,,,,final,cvd_rates_v1_1_0,not_applicable,BRB,not_applicable,not_applicable,not_applicable,not_applicable,none,No disclosure restriction identified.,30.204
bnr_cvd_public_metric_v2,CVD-BURDEN-001,cvd_2024_05,annual,2017,2017-01-01,2017,,,1,heart,male,all,national_estimate,additional_dco,inclusive,estimated,annual_count,37.81368821292777,count,37.81368821292777,,17,103.8888888888889,,,,,,final,cvd_rates_v1_1_0,not_applicable,BRB,not_applicable,not_applicable,not_applicable,not_applicable,none,No disclosure restriction identified.,37.814
bnr_cvd_public_metric_v2,CVD-INCIDENCE-001,cvd_2024_05,annual,2017,2017-01-01,2017,,,1,heart,male,age_standardised,national_estimate,hospital_plus_dco,inclusive,estimated,annual_age_standardised_rate,98.6210590035403,rate_per_100000,,,87.73912651145808,133.1668764387219,84.7188156900523,116.9165663263149,95,conditional_fay_feuer_gamma,,final,cvd_rates_v1_1_0,UN_WPP_2024,BRB,persons,2026-08-26,historical_estimate,WHO_WORLD_2000_2025,none,No disclosure restriction identified.,98.621
bnr_cvd_public_metric_v2,CVD-BURDEN-001,cvd_2024_05,quarterly,2017_q1,2017-01-01,2017,1,1,1,heart,male,all,hospital_registered,hospital_only,not_applicable,observed,quarterly_count,42,count,42,,,,,,,,,final,,,,,,,,none,No disclosure restriction identified.,42.000
bnr_cvd_public_metric_v2,CVD-BURDEN-001,cvd_2024_05,quarterly,2017_q2,2017-04-01,2017,4,2,1,heart,male,all,hospital_registered,hospital_only,not_applicable,observed,quarterly_same_quarter_previous_5yr_mean,28,count,140,,,,,,,,5,final,,,,,,,,none,No disclosure restriction identified.,28.000
bnr_cvd_public_metric_v2,CVD-BURDEN-001,cvd_2024_05,quarterly,2017_q3,2017-07-01,2017,7,3,1,heart,male,all,hospital_registered,hospital_only,not_applicable,observed,quarterly_same_quarter_previous_5yr_mean,25.8,count,129,,,,,,,,5,final,,,,,,,,none,No disclosure restriction identified.,25.800
bnr_cvd_public_metric_v2,CVD-BURDEN-001,cvd_2024_05,annual,2017,2017-01-01,2017,,,1,heart,male,all,hospital_registered,hospital_only,not_applicable,observed,annual_count,147,count,147,,,,,,,,,final,,,,,,,,none,No disclosure restriction identified.,147.000
bnr_cvd_public_metric_v2,CVD-BURDEN-002,cvd_2024_05,annual,2017,2017-01-01,2017,,,1,heart,male,all,hospital_registered,hospital_only,not_applicable,observed,sex_distribution,52.87769784172662,percent,147,278,,,,,,,,final,,,,,,,,none,No disclosure restriction identified.,52.878
bnr_cvd_public_metric_v2,CVD-BURDEN-001,cvd_2024_05,annual,2017,2017-01-01,2017,,,1,stroke,all,all,national_estimate,additional_dco,inclusive,estimated,annual_count,,count,,,,,,,,,,final,cvd_rates_v1_1_0,not_applicable,BRB,not_applicable,not_applicable,not_applicable,not_applicable,secondary,Secondary suppression: protects a related confidential value.,*
bnr_cvd_public_metric_v2,CVD-BURDEN-001,cvd_2024_05,quarterly,2017_q3,2017-07-01,2017,7,3,1,stroke,all,all,hospital_registered,hospital_only,not_applicable,observed,quarterly_count,125,count,125,,,,,,,,,final,,,,,,,,none,No disclosure restriction identified.,125.000
bnr_cvd_public_metric_v2,CVD-INCIDENCE-001,cvd_2024_05,annual,2017,2017-01-01,2017,,,1,stroke,all,all,hospital_registered,hospital_only,not_applicable,observed,annual_crude_rate,194.1671336433821,rate_per_100000,544,280171,,,178.1913813078902,211.1908386325294,95,poisson_exact_garwood,,final,cvd_rates_v1_1_0,UN_WPP_2024,BRB,persons,2026-08-26,historical_estimate,WHO_WORLD_2000_2025,none,No disclosure restriction identified.,194.167
bnr_cvd_public_metric_v2,CVD-BURDEN-001,cvd_2024_05,quarterly,2017_q1,2017-01-01,2017,1,1,1,stroke,all,all,hospital_registered,hospital_only,not_applicable,observed,quarterly_count,148,count,148,,,,,,,,,final,,,,,,,,none,No disclosure restriction identified.,148.000
bnr_cvd_public_metric_v2,CVD-BURDEN-001,cvd_2024_05,quarterly,2017_q4,2017-10-01,2017,10,4,1,stroke,all,all,hospital_registered,hospital_only,not_applicable,observed,quarterly_count,134,count,134,,,,,,,,,final,,,,,,,,none,No disclosure restriction identified.,134.000
bnr_cvd_public_metric_v2,CVD-BURDEN-001,cvd_2024_05,quarterly,2017_q4,2017-10-01,2017,10,4,1,stroke,all,all,hospital_registered,hospital_only,not_applicable,observed,quarterly_same_quarter_previous_5yr_mean,122.6,count,613,,,,,,,,5,final,,,,,,,,none,No disclosure restriction identified.,122.600
bnr_cvd_public_metric_v2,CVD-INCIDENCE-001,cvd_2024_05,annual,2017,2017-01-01,2017,,,1,stroke,all,all,national_estimate,hospital_plus_dco,primary,estimated,annual_crude_rate,218.8086196902393,rate_per_100000,613.0382978723404,280171,205.5887297400516,262.0737140726719,201.828289994731,236.8360431781344,95,conditional_gamma,,final,cvd_rates_v1_1_0,UN_WPP_2024,BRB,persons,2026-08-26,historical_estimate,WHO_WORLD_2000_2025,none,No disclosure restriction identified.,218.809
bnr_cvd_public_metric_v2,CVD-INCIDENCE-001,cvd_2024_05,annual,2017,2017-01-01,2017,,,1,stroke,all,all,national_estimate,hospital_plus_dco,inclusive,estimated,annual_crude_rate,,rate_per_100000,,,,,,,95,conditional_gamma,,final,cvd_rates_v1_1_0,UN_WPP_2024,BRB,persons,2026-08-26,historical_estimate,WHO_WORLD_2000_2025,secondary,Secondary suppression: protects a related confidential value.,*
bnr_cvd_public_metric_v2,CVD-BURDEN-001,cvd_2024_05,annual,2017,2017-01-01,2017,,,1,stroke,all,all,national_estimate,hospital_plus_dco,inclusive,estimated,annual_count,,count,,,,,,,,,,final,cvd_rates_v1_1_0,not_applicable,BRB,not_applicable,not_applicable,not_applicable,not_applicable,secondary,Secondary suppression: protects a related confidential value.,*
bnr_cvd_public_metric_v2,CVD-BURDEN-001,cvd_2024_05,annual,2017,2017-01-01,2017,,,1,stroke,all,all,hospital_registered,hospital_only,not_applicable,observed,annual_count,544,count,544,,,,,,,,,final,,,,,,,,none,No disclosure restriction identified.,544.000
bnr_cvd_public_metric_v2,CVD-BURDEN-001,cvd_2024_05,annual,2017,2017-01-01,2017,,,1,stroke,all,all,hospital_registered,hospital_only,not_applicable,observed,annual_previous_5yr_mean,493.8,count,2469,,,,,,,,5,final,,,,,,,,none,No disclosure restriction identified.,493.800
bnr_cvd_public_metric_v2,CVD-BURDEN-001,cvd_2024_05,quarterly,2017_q2,2017-04-01,2017,4,2,1,stroke,all,all,hospital_registered,hospital_only,not_applicable,observed,quarterly_same_quarter_previous_5yr_mean,117.4,count,587,,,,,,,,5,final,,,,,,,,none,No disclosure restriction identified.,117.400
bnr_cvd_public_metric_v2,CVD-BURDEN-001,cvd_2024_05,annual,2017,2017-01-01,2017,,,1,stroke,all,all,national_estimate,additional_dco,primary,estimated,annual_count,69.03829787234042,count,69.03829787234042,,32,190.2545454545455,,,,,,final,cvd_rates_v1_1_0,not_applicable,BRB,not_applicable,not_applicable,not_applicable,not_applicable,none,No disclosure restriction identified.,69.038
bnr_cvd_public_metric_v2,CVD-BURDEN-001,cvd_2024_05,quarterly,2017_q1,2017-01-01,2017,1,1,1,stroke,all,all,hospital_registered,hospital_only,not_applicable,observed,quarterly_same_quarter_previous_5yr_mean,130.8,count,654,,,,,,,,5,final,,,,,,,,none,No disclosure restriction identified.,130.800
bnr_cvd_public_metric_v2,CVD-INCIDENCE-001,cvd_2024_05,annual,2017,2017-01-01,2017,,,1,stroke,all,age_standardised,national_estimate,hospital_plus_dco,inclusive,estimated,annual_age_standardised_rate,,rate_per_100000,,,,,,,95,conditional_fay_feuer_gamma,,final,cvd_rates_v1_1_0,UN_WPP_2024,BRB,persons,2026-08-26,historical_estimate,WHO_WORLD_2000_2025,secondary,Secondary suppression: protects a related confidential value.,*
bnr_cvd_public_metric_v2,CVD-BURDEN-001,cvd_2024_05,quarterly,2017_q3,2017-07-01,2017,7,3,1,stroke,all,all,hospital_registered,hospital_only,not_applicable,observed,quarterly_same_quarter_previous_5yr_mean,123,count,615,,,,,,,,5,final,,,,,,,,none,No disclosure restriction identified.,123.000
bnr_cvd_public_metric_v2,CVD-INCIDENCE-001,cvd_2024_05,annual,2017,2017-01-01,2017,,,1,stroke,all,age_standardised,national_estimate,hospital_plus_dco,primary,estimated,annual_age_standardised_rate,139.9868640181801,rate_per_100000,,,132.0509113870029,165.9590726293058,128.8883548916995,152.1310043425873,95,conditional_fay_feuer_gamma,,final,cvd_rates_v1_1_0,UN_WPP_2024,BRB,persons,2026-08-26,historical_estimate,WHO_WORLD_2000_2025,none,No disclosure restriction identified.,139.987
bnr_cvd_public_metric_v2,CVD-BURDEN-001,cvd_2024_05,quarterly,2017_q2,2017-04-01,2017,4,2,1,stroke,all,all,hospital_registered,hospital_only,not_applicable,observed,quarterly_count,137,count,137,,,,,,,,,final,,,,,,,,none,No disclosure restriction identified.,137.000
bnr_cvd_public_metric_v2,CVD-BURDEN-002,cvd_2024_05,annual,2017,2017-01-01,2017,,,1,stroke,all,all,hospital_registered,hospital_only,not_applicable,observed,event_type_distribution,66.18004866180048,percent,544,822,,,,,,,,final,,,,,,,,none,No disclosure restriction identified.,66.180
bnr_cvd_public_metric_v2,CVD-BURDEN-001,cvd_2024_05,annual,2017,2017-01-01,2017,,,1,stroke,all,all,national_estimate,hospital_plus_dco,primary,estimated,annual_count,613.0382978723404,count,613.0382978723404,,576,734.2545454545455,,,,,,final,cvd_rates_v1_1_0,not_applicable,BRB,not_applicable,not_applicable,not_applicable,not_applicable,none,No disclosure restriction identified.,613.038
bnr_cvd_public_metric_v2,CVD-INCIDENCE-001,cvd_2024_05,annual,2017,2017-01-01,2017,,,1,stroke,all,age_standardised,hospital_registered,hospital_only,not_applicable,observed,annual_age_standardised_rate,125.1944817240372,rate_per_100000,,,,,114.6579697473158,136.7840182565529,95,fay_feuer_gamma,,final,cvd_rates_v1_1_0,UN_WPP_2024,BRB,persons,2026-08-26,historical_estimate,WHO_WORLD_2000_2025,none,No disclosure restriction identified.,125.194
bnr_cvd_public_metric_v2,CVD-INCIDENCE-001,cvd_2024_05,annual,2017,2017-01-01,2017,,,1,stroke,female,age_standardised,hospital_registered,hospital_only,not_applicable,observed,annual_age_standardised_rate,114.0648390436048,rate_per_100000,,,,,100.7526552048015,129.4706125916575,95,fay_feuer_gamma,,final,cvd_rates_v1_1_0,UN_WPP_2024,BRB,persons,2026-08-26,historical_estimate,WHO_WORLD_2000_2025,none,No disclosure restriction identified.,114.065
bnr_cvd_public_metric_v2,CVD-BURDEN-001,cvd_2024_05,annual,2017,2017-01-01,2017,,,1,stroke,female,all,national_estimate,hospital_plus_dco,inclusive,estimated,annual_count,,count,,,,,,,,,,final,cvd_rates_v1_1_0,not_applicable,BRB,not_applicable,not_applicable,not_applicable,not_applicable,secondary,Secondary suppression: protects a related confidential value.,*
bnr_cvd_public_metric_v2,CVD-BURDEN-002,cvd_2024_05,annual,2017,2017-01-01,2017,,,1,stroke,female,all,hospital_registered,hospital_only,not_applicable,observed,sex_distribution,52.75735294117647,percent,287,544,,,,,,,,final,,,,,,,,none,No disclosure restriction identified.,52.757
bnr_cvd_public_metric_v2,CVD-INCIDENCE-001,cvd_2024_05,annual,2017,2017-01-01,2017,,,1,stroke,female,all,national_estimate,hospital_plus_dco,inclusive,estimated,annual_crude_rate,,rate_per_100000,,,,,,,95,conditional_gamma,,final,cvd_rates_v1_1_0,UN_WPP_2024,BRB,persons,2026-08-26,historical_estimate,WHO_WORLD_2000_2025,secondary,Secondary suppression: protects a related confidential value.,*
bnr_cvd_public_metric_v2,CVD-INCIDENCE-001,cvd_2024_05,annual,2017,2017-01-01,2017,,,1,stroke,female,age_standardised,national_estimate,hospital_plus_dco,inclusive,estimated,annual_age_standardised_rate,,rate_per_100000,,,,,,,95,conditional_fay_feuer_gamma,,final,cvd_rates_v1_1_0,UN_WPP_2024,BRB,persons,2026-08-26,historical_estimate,WHO_WORLD_2000_2025,secondary,Secondary suppression: protects a related confidential value.,*
bnr_cvd_public_metric_v2,CVD-BURDEN-001,cvd_2024_05,annual,2017,2017-01-01,2017,,,1,stroke,female,all,national_estimate,additional_dco,inclusive,estimated,annual_count,,count,,,,,,,,,,final,cvd_rates_v1_1_0,not_applicable,BRB,not_applicable,not_applicable,not_applicable,not_applicable,secondary,Secondary suppression: protects a related confidential value.,*
bnr_cvd_public_metric_v2,CVD-BURDEN-001,cvd_2024_05,annual,2017,2017-01-01,2017,,,1,stroke,female,all,national_estimate,additional_dco,primary,estimated,annual_count,34.51914893617021,count,34.51914893617021,,16,95.12727272727273,,,,,,final,cvd_rates_v1_1_0,not_applicable,BRB,not_applicable,not_applicable,not_applicable,not_applicable,none,No disclosure restriction identified.,34.519
bnr_cvd_public_metric_v2,CVD-BURDEN-001,cvd_2024_05,quarterly,2017_q3,2017-07-01,2017,7,3,1,stroke,female,all,hospital_registered,hospital_only,not_applicable,observed,quarterly_same_quarter_previous_5yr_mean,67.8,count,339,,,,,,,,5,final,,,,,,,,none,No disclosure restriction identified.,67.800
bnr_cvd_public_metric_v2,CVD-INCIDENCE-001,cvd_2024_05,annual,2017,2017-01-01,2017,,,1,stroke,female,all,national_estimate,hospital_plus_dco,primary,estimated,annual_crude_rate,220.3091331616899,rate_per_100000,321.5191489361702,145940,207.6195696861724,261.8386136270198,196.8834096019114,245.7552130053799,95,conditional_gamma,,final,cvd_rates_v1_1_0,UN_WPP_2024,BRB,persons,2026-08-26,historical_estimate,WHO_WORLD_2000_2025,none,No disclosure restriction identified.,220.309
bnr_cvd_public_metric_v2,CVD-BURDEN-001,cvd_2024_05,annual,2017,2017-01-01,2017,,,1,stroke,female,all,national_estimate,hospital_plus_dco,primary,estimated,annual_count,321.5191489361702,count,321.5191489361702,,303,382.1272727272727,,,,,,final,cvd_rates_v1_1_0,not_applicable,BRB,not_applicable,not_applicable,not_applicable,not_applicable,none,No disclosure restriction identified.,321.519
bnr_cvd_public_metric_v2,CVD-BURDEN-001,cvd_2024_05,annual,2017,2017-01-01,2017,,,1,stroke,female,all,hospital_registered,hospital_only,not_applicable,observed,annual_count,287,count,287,,,,,,,,,final,,,,,,,,none,No disclosure restriction identified.,287.000
bnr_cvd_public_metric_v2,CVD-BURDEN-001,cvd_2024_05,quarterly,2017_q2,2017-04-01,2017,4,2,1,stroke,female,all,hospital_registered,hospital_only,not_applicable,observed,quarterly_same_quarter_previous_5yr_mean,58.8,count,294,,,,,,,,5,final,,,,,,,,none,No disclosure restriction identified.,58.800
bnr_cvd_public_metric_v2,CVD-BURDEN-001,cvd_2024_05,quarterly,2017_q4,2017-10-01,2017,10,4,1,stroke,female,all,hospital_registered,hospital_only,not_applicable,observed,quarterly_count,82,count,82,,,,,,,,,final,,,,,,,,none,No disclosure restriction identified.,82.000
bnr_cvd_public_metric_v2,CVD-INCIDENCE-001,cvd_2024_05,annual,2017,2017-01-01,2017,,,1,stroke,female,age_standardised,national_estimate,hospital_plus_dco,primary,estimated,annual_age_standardised_rate,126.3073021975204,rate_per_100000,,,119.7393535232304,147.8024069497423,112.3806633092717,142.3075987677729,95,conditional_fay_feuer_gamma,,final,cvd_rates_v1_1_0,UN_WPP_2024,BRB,persons,2026-08-26,historical_estimate,WHO_WORLD_2000_2025,none,No disclosure restriction identified.,126.307
bnr_cvd_public_metric_v2,CVD-BURDEN-001,cvd_2024_05,quarterly,2017_q2,2017-04-01,2017,4,2,1,stroke,female,all,hospital_registered,hospital_only,not_applicable,observed,quarterly_count,69,count,69,,,,,,,,,final,,,,,,,,none,No disclosure restriction identified.,69.000
bnr_cvd_public_metric_v2,CVD-INCIDENCE-001,cvd_2024_05,annual,2017,2017-01-01,2017,,,1,stroke,female,all,hospital_registered,hospital_only,not_applicable,observed,annual_crude_rate,196.6561600657805,rate_per_100000,287,145940,,,174.5602050696742,220.7746211329303,95,poisson_exact_garwood,,final,cvd_rates_v1_1_0,UN_WPP_2024,BRB,persons,2026-08-26,historical_estimate,WHO_WORLD_2000_2025,none,No disclosure restriction identified.,196.656
bnr_cvd_public_metric_v2,CVD-BURDEN-001,cvd_2024_05,quarterly,2017_q3,2017-07-01,2017,7,3,1,stroke,female,all,hospital_registered,hospital_only,not_applicable,observed,quarterly_count,56,count,56,,,,,,,,,final,,,,,,,,none,No disclosure restriction identified.,56.000
bnr_cvd_public_metric_v2,CVD-BURDEN-001,cvd_2024_05,quarterly,2017_q1,2017-01-01,2017,1,1,1,stroke,female,all,hospital_registered,hospital_only,not_applicable,observed,quarterly_count,80,count,80,,,,,,,,,final,,,,,,,,none,No disclosure restriction identified.,80.000
bnr_cvd_public_metric_v2,CVD-BURDEN-001,cvd_2024_05,annual,2017,2017-01-01,2017,,,1,stroke,female,all,hospital_registered,hospital_only,not_applicable,observed,annual_previous_5yr_mean,259.4,count,1297,,,,,,,,5,final,,,,,,,,none,No disclosure restriction identified.,259.400
bnr_cvd_public_metric_v2,CVD-BURDEN-001,cvd_2024_05,quarterly,2017_q4,2017-10-01,2017,10,4,1,stroke,female,all,hospital_registered,hospital_only,not_applicable,observed,quarterly_same_quarter_previous_5yr_mean,64.2,count,321,,,,,,,,5,final,,,,,,,,none,No disclosure restriction identified.,64.200
bnr_cvd_public_metric_v2,CVD-BURDEN-001,cvd_2024_05,quarterly,2017_q1,2017-01-01,2017,1,1,1,stroke,female,all,hospital_registered,hospital_only,not_applicable,observed,quarterly_same_quarter_previous_5yr_mean,68.59999999999999,count,343,,,,,,,,5,final,,,,,,,,none,No disclosure restriction identified.,68.600
bnr_cvd_public_metric_v2,CVD-BURDEN-001,cvd_2024_05,annual,2017,2017-01-01,2017,,,1,stroke,male,all,national_estimate,hospital_plus_dco,inclusive,estimated,annual_count,294.8136882129278,count,294.8136882129278,,274,360.8888888888889,,,,,,final,cvd_rates_v1_1_0,not_applicable,BRB,not_applicable,not_applicable,not_applicable,not_applicable,none,No disclosure restriction identified.,294.814
bnr_cvd_public_metric_v2,CVD-INCIDENCE-001,cvd_2024_05,annual,2017,2017-01-01,2017,,,1,stroke,male,age_standardised,national_estimate,hospital_plus_dco,primary,estimated,annual_age_standardised_rate,158.2538104068765,rate_per_100000,,,148.0097889402101,191.7796988432395,140.1244769064789,180.6286207764395,95,conditional_fay_feuer_gamma,,final,cvd_rates_v1_1_0,UN_WPP_2024,BRB,persons,2026-08-26,historical_estimate,WHO_WORLD_2000_2025,none,No disclosure restriction identified.,158.254
bnr_cvd_public_metric_v2,CVD-INCIDENCE-001,cvd_2024_05,annual,2017,2017-01-01,2017,,,1,stroke,male,all,hospital_registered,hospital_only,not_applicable,observed,annual_crude_rate,191.4609888922827,rate_per_100000,257,134231,,,168.7665241068944,216.356783639738,95,poisson_exact_garwood,,final,cvd_rates_v1_1_0,UN_WPP_2024,BRB,persons,2026-08-26,historical_estimate,WHO_WORLD_2000_2025,none,No disclosure restriction identified.,191.461
bnr_cvd_public_metric_v2,CVD-BURDEN-001,cvd_2024_05,quarterly,2017_q1,2017-01-01,2017,1,1,1,stroke,male,all,hospital_registered,hospital_only,not_applicable,observed,quarterly_count,68,count,68,,,,,,,,,final,,,,,,,,none,No disclosure restriction identified.,68.000
bnr_cvd_public_metric_v2,CVD-BURDEN-001,cvd_2024_05,annual,2017,2017-01-01,2017,,,1,stroke,male,all,hospital_registered,hospital_only,not_applicable,observed,annual_count,257,count,257,,,,,,,,,final,,,,,,,,none,No disclosure restriction identified.,257.000
bnr_cvd_public_metric_v2,CVD-INCIDENCE-001,cvd_2024_05,annual,2017,2017-01-01,2017,,,1,stroke,male,age_standardised,national_estimate,hospital_plus_dco,inclusive,estimated,annual_age_standardised_rate,159.9749026285833,rate_per_100000,,,148.5174012355143,196.3479229240403,141.7486553383387,182.4426541350001,95,conditional_fay_feuer_gamma,,final,cvd_rates_v1_1_0,UN_WPP_2024,BRB,persons,2026-08-26,historical_estimate,WHO_WORLD_2000_2025,none,No disclosure restriction identified.,159.975
bnr_cvd_public_metric_v2,CVD-BURDEN-001,cvd_2024_05,annual,2017,2017-01-01,2017,,,1,stroke,male,all,national_estimate,additional_dco,inclusive,estimated,annual_count,37.81368821292776,count,37.81368821292776,,17,103.8888888888889,,,,,,final,cvd_rates_v1_1_0,not_applicable,BRB,not_applicable,not_applicable,not_applicable,not_applicable,none,No disclosure restriction identified.,37.814
bnr_cvd_public_metric_v2,CVD-BURDEN-001,cvd_2024_05,quarterly,2017_q4,2017-10-01,2017,10,4,1,stroke,male,all,hospital_registered,hospital_only,not_applicable,observed,quarterly_same_quarter_previous_5yr_mean,58.4,count,292,,,,,,,,5,final,,,,,,,,none,No disclosure restriction identified.,58.400
bnr_cvd_public_metric_v2,CVD-BURDEN-001,cvd_2024_05,annual,2017,2017-01-01,2017,,,1,stroke,male,all,national_estimate,additional_dco,primary,estimated,annual_count,34.51914893617021,count,34.51914893617021,,16,95.12727272727273,,,,,,final,cvd_rates_v1_1_0,not_applicable,BRB,not_applicable,not_applicable,not_applicable,not_applicable,none,No disclosure restriction identified.,34.519
bnr_cvd_public_metric_v2,CVD-INCIDENCE-001,cvd_2024_05,annual,2017,2017-01-01,2017,,,1,stroke,male,age_standardised,hospital_registered,hospital_only,not_applicable,observed,annual_age_standardised_rate,139.1592556877592,rate_per_100000,,,,,122.289858417562,160.3094539305314,95,fay_feuer_gamma,,final,cvd_rates_v1_1_0,UN_WPP_2024,BRB,persons,2026-08-26,historical_estimate,WHO_WORLD_2000_2025,none,No disclosure restriction identified.,139.159
bnr_cvd_public_metric_v2,CVD-BURDEN-001,cvd_2024_05,quarterly,2017_q4,2017-10-01,2017,10,4,1,stroke,male,all,hospital_registered,hospital_only,not_applicable,observed,quarterly_count,52,count,52,,,,,,,,,final,,,,,,,,none,No disclosure restriction identified.,52.000
bnr_cvd_public_metric_v2,CVD-INCIDENCE-001,cvd_2024_05,annual,2017,2017-01-01,2017,,,1,stroke,male,all,national_estimate,hospital_plus_dco,primary,estimated,annual_crude_rate,217.1772160947696,rate_per_100000,291.5191489361702,134231,203.3807391735143,262.3293223825142,192.9597791512235,243.5932534700472,95,conditional_gamma,,final,cvd_rates_v1_1_0,UN_WPP_2024,BRB,persons,2026-08-26,historical_estimate,WHO_WORLD_2000_2025,none,No disclosure restriction identified.,217.177
bnr_cvd_public_metric_v2,CVD-BURDEN-001,cvd_2024_05,annual,2017,2017-01-01,2017,,,1,stroke,male,all,national_estimate,hospital_plus_dco,primary,estimated,annual_count,291.5191489361702,count,291.5191489361702,,273,352.1272727272727,,,,,,final,cvd_rates_v1_1_0,not_applicable,BRB,not_applicable,not_applicable,not_applicable,not_applicable,none,No disclosure restriction identified.,291.519
bnr_cvd_public_metric_v2,CVD-BURDEN-001,cvd_2024_05,quarterly,2017_q3,2017-07-01,2017,7,3,1,stroke,male,all,hospital_registered,hospital_only,not_applicable,observed,quarterly_same_quarter_previous_5yr_mean,55.2,count,276,,,,,,,,5,final,,,,,,,,none,No disclosure restriction identified.,55.200
bnr_cvd_public_metric_v2,CVD-BURDEN-001,cvd_2024_05,quarterly,2017_q3,2017-07-01,2017,7,3,1,stroke,male,all,hospital_registered,hospital_only,not_applicable,observed,quarterly_count,69,count,69,,,,,,,,,final,,,,,,,,none,No disclosure restriction identified.,69.000
bnr_cvd_public_metric_v2,CVD-BURDEN-002,cvd_2024_05,annual,2017,2017-01-01,2017,,,1,stroke,male,all,hospital_registered,hospital_only,not_applicable,observed,sex_distribution,47.24264705882353,percent,257,544,,,,,,,,final,,,,,,,,none,No disclosure restriction identified.,47.243
bnr_cvd_public_metric_v2,CVD-BURDEN-001,cvd_2024_05,quarterly,2017_q2,2017-04-01,2017,4,2,1,stroke,male,all,hospital_registered,hospital_only,not_applicable,observed,quarterly_same_quarter_previous_5yr_mean,58.6,count,293,,,,,,,,5,final,,,,,,,,none,No disclosure restriction identified.,58.600
bnr_cvd_public_metric_v2,CVD-BURDEN-001,cvd_2024_05,quarterly,2017_q2,2017-04-01,2017,4,2,1,stroke,male,all,hospital_registered,hospital_only,not_applicable,observed,quarterly_count,68,count,68,,,,,,,,,final,,,,,,,,none,No disclosure restriction identified.,68.000
bnr_cvd_public_metric_v2,CVD-INCIDENCE-001,cvd_2024_05,annual,2017,2017-01-01,2017,,,1,stroke,male,all,national_estimate,hospital_plus_dco,inclusive,estimated,annual_crude_rate,219.6315964366858,rate_per_100000,294.8136882129278,134231,204.1257235660913,268.8565896766685,195.2736427012568,246.1879152982432,95,conditional_gamma,,final,cvd_rates_v1_1_0,UN_WPP_2024,BRB,persons,2026-08-26,historical_estimate,WHO_WORLD_2000_2025,none,No disclosure restriction identified.,219.632
bnr_cvd_public_metric_v2,CVD-BURDEN-001,cvd_2024_05,quarterly,2017_q1,2017-01-01,2017,1,1,1,stroke,male,all,hospital_registered,hospital_only,not_applicable,observed,quarterly_same_quarter_previous_5yr_mean,62.2,count,311,,,,,,,,5,final,,,,,,,,none,No disclosure restriction identified.,62.200
bnr_cvd_public_metric_v2,CVD-BURDEN-001,cvd_2024_05,annual,2017,2017-01-01,2017,,,1,stroke,male,all,hospital_registered,hospital_only,not_applicable,observed,annual_previous_5yr_mean,234.4,count,1172,,,,,,,,5,final,,,,,,,,none,No disclosure restriction identified.,234.400
bnr_cvd_public_metric_v2,CVD-BURDEN-001,cvd_2024_05,annual,2018,2018-01-01,2018,,,1,all_cvd,all,under_70,hospital_registered,hospital_only,not_applicable,observed,annual_count,403,count,403,,,,,,,,,final,,,,,,,,none,No disclosure restriction identified.,403.000
bnr_cvd_public_metric_v2,CVD-BURDEN-001,cvd_2024_05,annual,2018,2018-01-01,2018,,,1,all_cvd,all,all,hospital_registered,hospital_only,not_applicable,observed,annual_previous_5yr_mean,741.8,count,3709,,,,,,,,5,final,,,,,,,,none,No disclosure restriction identified.,741.800
bnr_cvd_public_metric_v2,CVD-INCIDENCE-001,cvd_2024_05,annual,2018,2018-01-01,2018,,,1,all_cvd,all,all,hospital_registered,hospital_only,not_applicable,observed,annual_crude_rate,287.4847930519165,rate_per_100000,807,280710.5,,,267.9896058206801,308.0232712188226,95,poisson_exact_garwood,,final,cvd_rates_v1_1_0,UN_WPP_2024,BRB,persons,2026-08-26,historical_estimate,WHO_WORLD_2000_2025,none,No disclosure restriction identified.,287.485
bnr_cvd_public_metric_v2,CVD-BURDEN-001,cvd_2024_05,annual,2018,2018-01-01,2018,,,1,all_cvd,all,all,national_estimate,hospital_plus_dco,inclusive,estimated,annual_count,952.7966101694915,count,952.7966101694915,,875,1145,,,,,,final,cvd_rates_v1_1_0,not_applicable,BRB,not_applicable,not_applicable,not_applicable,not_applicable,none,No disclosure restriction identified.,952.797
bnr_cvd_public_metric_v2,CVD-BURDEN-001,cvd_2024_05,annual,2018,2018-01-01,2018,,,1,all_cvd,all,under_70,hospital_registered,hospital_only,not_applicable,observed,annual_previous_5yr_mean,368.6,count,1843,,,,,,,,5,final,,,,,,,,none,No disclosure restriction identified.,368.600
bnr_cvd_public_metric_v2,CVD-BURDEN-001,cvd_2024_05,annual,2018,2018-01-01,2018,,,1,all_cvd,all,all,national_estimate,additional_dco,primary,estimated,annual_count,109.9826589595375,count,109.9826589595375,,53,239,,,,,,final,cvd_rates_v1_1_0,not_applicable,BRB,not_applicable,not_applicable,not_applicable,not_applicable,none,No disclosure restriction identified.,109.983
bnr_cvd_public_metric_v2,CVD-BURDEN-001,cvd_2024_05,monthly,2018_m09,2018-09-01,2018,9,,1,all_cvd,all,all,hospital_registered,hospital_only,not_applicable,observed,monthly_count,57,count,57,,,,,,,,,final,,,,,,,,none,No disclosure restriction identified.,57.000
bnr_cvd_public_metric_v2,CVD-BURDEN-001,cvd_2024_05,monthly,2018_m01,2018-01-01,2018,1,,1,all_cvd,all,all,hospital_registered,hospital_only,not_applicable,observed,monthly_count,69,count,69,,,,,,,,,final,,,,,,,,none,No disclosure restriction identified.,69.000
bnr_cvd_public_metric_v2,CVD-BURDEN-001,cvd_2024_05,quarterly,2018_q2,2018-04-01,2018,4,2,1,all_cvd,all,all,hospital_registered,hospital_only,not_applicable,observed,quarterly_count,222,count,222,,,,,,,,,final,,,,,,,,none,No disclosure restriction identified.,222.000
bnr_cvd_public_metric_v2,CVD-BURDEN-002,cvd_2024_05,annual,2018,2018-01-01,2018,,,1,all_cvd,all,age_70_plus,hospital_registered,hospital_only,not_applicable,observed,age_distribution,50.06195786864932,percent,404,807,,,,,,,,final,,,,,,,,none,No disclosure restriction identified.,50.062
bnr_cvd_public_metric_v2,CVD-BURDEN-001,cvd_2024_05,annual,2018,2018-01-01,2018,,,1,all_cvd,all,age_70_plus,hospital_registered,hospital_only,not_applicable,observed,annual_count,404,count,404,,,,,,,,,final,,,,,,,,none,No disclosure restriction identified.,404.000
bnr_cvd_public_metric_v2,CVD-BURDEN-001,cvd_2024_05,monthly,2018_m05,2018-05-01,2018,5,,1,all_cvd,all,all,hospital_registered,hospital_only,not_applicable,observed,monthly_count,77,count,77,,,,,,,,,final,,,,,,,,none,No disclosure restriction identified.,77.000
bnr_cvd_public_metric_v2,CVD-BURDEN-001,cvd_2024_05,quarterly,2018_q3,2018-07-01,2018,7,3,1,all_cvd,all,all,hospital_registered,hospital_only,not_applicable,observed,quarterly_same_quarter_previous_5yr_mean,180.2,count,901,,,,,,,,5,final,,,,,,,,none,No disclosure restriction identified.,180.200
bnr_cvd_public_metric_v2,CVD-BURDEN-001,cvd_2024_05,quarterly,2018_q2,2018-04-01,2018,4,2,1,all_cvd,all,all,hospital_registered,hospital_only,not_applicable,observed,quarterly_same_quarter_previous_5yr_mean,173,count,865,,,,,,,,5,final,,,,,,,,none,No disclosure restriction identified.,173.000
bnr_cvd_public_metric_v2,CVD-INCIDENCE-001,cvd_2024_05,annual,2018,2018-01-01,2018,,,1,all_cvd,all,age_standardised,national_estimate,hospital_plus_dco,inclusive,estimated,annual_age_standardised_rate,216.257385912277,rate_per_100000,,,199.9519969975165,256.5412879369792,202.4083536232063,231.1456962328417,95,conditional_fay_feuer_gamma,,final,cvd_rates_v1_1_0,UN_WPP_2024,BRB,persons,2026-08-26,historical_estimate,WHO_WORLD_2000_2025,none,No disclosure restriction identified.,216.257
bnr_cvd_public_metric_v2,CVD-BURDEN-002,cvd_2024_05,annual,2018,2018-01-01,2018,,,1,all_cvd,all,under_70,hospital_registered,hospital_only,not_applicable,observed,age_distribution,49.93804213135068,percent,403,807,,,,,,,,final,,,,,,,,none,No disclosure restriction identified.,49.938
bnr_cvd_public_metric_v2,CVD-BURDEN-001,cvd_2024_05,annual,2018,2018-01-01,2018,,,1,all_cvd,all,age_70_plus,hospital_registered,hospital_only,not_applicable,observed,annual_previous_5yr_mean,372.4,count,1862,,,,,,,,5,final,,,,,,,,none,No disclosure restriction identified.,372.400
bnr_cvd_public_metric_v2,CVD-BURDEN-001,cvd_2024_05,quarterly,2018_q4,2018-10-01,2018,10,4,1,all_cvd,all,all,hospital_registered,hospital_only,not_applicable,observed,quarterly_count,184,count,184,,,,,,,,,final,,,,,,,,none,No disclosure restriction identified.,184.000
bnr_cvd_public_metric_v2,CVD-BURDEN-001,cvd_2024_05,monthly,2018_m12,2018-12-01,2018,12,,1,all_cvd,all,all,hospital_registered,hospital_only,not_applicable,observed,monthly_count,50,count,50,,,,,,,,,final,,,,,,,,none,No disclosure restriction identified.,50.000
bnr_cvd_public_metric_v2,CVD-BURDEN-001,cvd_2024_05,monthly,2018_m03,2018-03-01,2018,3,,1,all_cvd,all,all,hospital_registered,hospital_only,not_applicable,observed,monthly_count,74,count,74,,,,,,,,,final,,,,,,,,none,No disclosure restriction identified.,74.000
bnr_cvd_public_metric_v2,CVD-BURDEN-001,cvd_2024_05,annual,2018,2018-01-01,2018,,,1,all_cvd,all,all,national_estimate,additional_dco,inclusive,estimated,annual_count,145.7966101694915,count,145.7966101694915,,68,338,,,,,,final,cvd_rates_v1_1_0,not_applicable,BRB,not_applicable,not_applicable,not_applicable,not_applicable,none,No disclosure restriction identified.,145.797
bnr_cvd_public_metric_v2,CVD-BURDEN-001,cvd_2024_05,monthly,2018_m06,2018-06-01,2018,6,,1,all_cvd,all,all,hospital_registered,hospital_only,not_applicable,observed,monthly_count,62,count,62,,,,,,,,,final,,,,,,,,none,No disclosure restriction identified.,62.000
bnr_cvd_public_metric_v2,CVD-INCIDENCE-001,cvd_2024_05,annual,2018,2018-01-01,2018,,,1,all_cvd,all,age_standardised,hospital_registered,hospital_only,not_applicable,observed,annual_age_standardised_rate,185.6998792794296,rate_per_100000,,,,,172.7799191133516,199.6695219678675,95,fay_feuer_gamma,,final,cvd_rates_v1_1_0,UN_WPP_2024,BRB,persons,2026-08-26,historical_estimate,WHO_WORLD_2000_2025,none,No disclosure restriction identified.,185.700
bnr_cvd_public_metric_v2,CVD-BURDEN-001,cvd_2024_05,quarterly,2018_q1,2018-01-01,2018,1,1,1,all_cvd,all,all,hospital_registered,hospital_only,not_applicable,observed,quarterly_count,212,count,212,,,,,,,,,final,,,,,,,,none,No disclosure restriction identified.,212.000
bnr_cvd_public_metric_v2,CVD-BURDEN-001,cvd_2024_05,monthly,2018_m10,2018-10-01,2018,10,,1,all_cvd,all,all,hospital_registered,hospital_only,not_applicable,observed,monthly_count,55,count,55,,,,,,,,,final,,,,,,,,none,No disclosure restriction identified.,55.000
bnr_cvd_public_metric_v2,CVD-BURDEN-001,cvd_2024_05,annual,2018,2018-01-01,2018,,,1,all_cvd,all,all,national_estimate,hospital_plus_dco,primary,estimated,annual_count,916.9826589595375,count,916.9826589595375,,860,1046,,,,,,final,cvd_rates_v1_1_0,not_applicable,BRB,not_applicable,not_applicable,not_applicable,not_applicable,none,No disclosure restriction identified.,916.983
bnr_cvd_public_metric_v2,CVD-BURDEN-001,cvd_2024_05,annual,2018,2018-01-01,2018,,,1,all_cvd,all,all,hospital_registered,hospital_only,not_applicable,observed,annual_count,807,count,807,,,,,,,,,final,,,,,,,,none,No disclosure restriction identified.,807.000
bnr_cvd_public_metric_v2,CVD-BURDEN-001,cvd_2024_05,quarterly,2018_q4,2018-10-01,2018,10,4,1,all_cvd,all,all,hospital_registered,hospital_only,not_applicable,observed,quarterly_same_quarter_previous_5yr_mean,189,count,945,,,,,,,,5,final,,,,,,,,none,No disclosure restriction identified.,189.000
bnr_cvd_public_metric_v2,CVD-BURDEN-001,cvd_2024_05,monthly,2018_m04,2018-04-01,2018,4,,1,all_cvd,all,all,hospital_registered,hospital_only,not_applicable,observed,monthly_count,83,count,83,,,,,,,,,final,,,,,,,,none,No disclosure restriction identified.,83.000
bnr_cvd_public_metric_v2,CVD-BURDEN-001,cvd_2024_05,quarterly,2018_q1,2018-01-01,2018,1,1,1,all_cvd,all,all,hospital_registered,hospital_only,not_applicable,observed,quarterly_same_quarter_previous_5yr_mean,199.6,count,998,,,,,,,,5,final,,,,,,,,none,No disclosure restriction identified.,199.600
bnr_cvd_public_metric_v2,CVD-BURDEN-001,cvd_2024_05,monthly,2018_m11,2018-11-01,2018,11,,1,all_cvd,all,all,hospital_registered,hospital_only,not_applicable,observed,monthly_count,79,count,79,,,,,,,,,final,,,,,,,,none,No disclosure restriction identified.,79.000
bnr_cvd_public_metric_v2,CVD-BURDEN-001,cvd_2024_05,quarterly,2018_q3,2018-07-01,2018,7,3,1,all_cvd,all,all,hospital_registered,hospital_only,not_applicable,observed,quarterly_count,189,count,189,,,,,,,,,final,,,,,,,,none,No disclosure restriction identified.,189.000
bnr_cvd_public_metric_v2,CVD-BURDEN-001,cvd_2024_05,monthly,2018_m07,2018-07-01,2018,7,,1,all_cvd,all,all,hospital_registered,hospital_only,not_applicable,observed,monthly_count,65,count,65,,,,,,,,,final,,,,,,,,none,No disclosure restriction identified.,65.000
bnr_cvd_public_metric_v2,CVD-BURDEN-001,cvd_2024_05,monthly,2018_m02,2018-02-01,2018,2,,1,all_cvd,all,all,hospital_registered,hospital_only,not_applicable,observed,monthly_count,69,count,69,,,,,,,,,final,,,,,,,,none,No disclosure restriction identified.,69.000
bnr_cvd_public_metric_v2,CVD-BURDEN-001,cvd_2024_05,monthly,2018_m08,2018-08-01,2018,8,,1,all_cvd,all,all,hospital_registered,hospital_only,not_applicable,observed,monthly_count,67,count,67,,,,,,,,,final,,,,,,,,none,No disclosure restriction identified.,67.000
bnr_cvd_public_metric_v2,CVD-INCIDENCE-001,cvd_2024_05,annual,2018,2018-01-01,2018,,,1,all_cvd,all,age_standardised,national_estimate,hospital_plus_dco,primary,estimated,annual_age_standardised_rate,209.01481245237,rate_per_100000,,,196.9352091928521,236.3648575682595,195.3697986200158,223.701997293308,95,conditional_fay_feuer_gamma,,final,cvd_rates_v1_1_0,UN_WPP_2024,BRB,persons,2026-08-26,historical_estimate,WHO_WORLD_2000_2025,none,No disclosure restriction identified.,209.015
bnr_cvd_public_metric_v2,CVD-INCIDENCE-001,cvd_2024_05,annual,2018,2018-01-01,2018,,,1,all_cvd,all,all,national_estimate,hospital_plus_dco,primary,estimated,annual_crude_rate,326.6648946012128,rate_per_100000,916.9826589595375,280710.5,306.3654548012989,372.625890374603,305.8611386130679,348.5111886525659,95,conditional_gamma,,final,cvd_rates_v1_1_0,UN_WPP_2024,BRB,persons,2026-08-26,historical_estimate,WHO_WORLD_2000_2025,none,No disclosure restriction identified.,326.665
bnr_cvd_public_metric_v2,CVD-INCIDENCE-001,cvd_2024_05,annual,2018,2018-01-01,2018,,,1,all_cvd,all,all,national_estimate,hospital_plus_dco,inclusive,estimated,annual_crude_rate,339.4232172182699,rate_per_100000,952.7966101694915,280710.5,311.709038315275,407.8935415668456,318.2104915588284,361.6782642967902,95,conditional_gamma,,final,cvd_rates_v1_1_0,UN_WPP_2024,BRB,persons,2026-08-26,historical_estimate,WHO_WORLD_2000_2025,none,No disclosure restriction identified.,339.423
bnr_cvd_public_metric_v2,CVD-INCIDENCE-001,cvd_2024_05,annual,2018,2018-01-01,2018,,,1,all_cvd,female,age_standardised,national_estimate,hospital_plus_dco,inclusive,estimated,annual_age_standardised_rate,177.6046075460645,rate_per_100000,,,163.6449970655718,212.0930569684583,161.1926786624265,196.0557476511324,95,conditional_fay_feuer_gamma,,final,cvd_rates_v1_1_0,UN_WPP_2024,BRB,persons,2026-08-26,historical_estimate,WHO_WORLD_2000_2025,none,No disclosure restriction identified.,177.605
bnr_cvd_public_metric_v2,CVD-BURDEN-001,cvd_2024_05,quarterly,2018_q4,2018-10-01,2018,10,4,1,all_cvd,female,all,hospital_registered,hospital_only,not_applicable,observed,quarterly_same_quarter_previous_5yr_mean,97.8,count,489,,,,,,,,5,final,,,,,,,,none,No disclosure restriction identified.,97.800
bnr_cvd_public_metric_v2,CVD-BURDEN-001,cvd_2024_05,annual,2018,2018-01-01,2018,,,1,all_cvd,female,all,national_estimate,additional_dco,primary,estimated,annual_count,58.10404624277454,count,58.10404624277454,,28,126.2641509433962,,,,,,final,cvd_rates_v1_1_0,not_applicable,BRB,not_applicable,not_applicable,not_applicable,not_applicable,none,No disclosure restriction identified.,58.104
bnr_cvd_public_metric_v2,CVD-BURDEN-001,cvd_2024_05,annual,2018,2018-01-01,2018,,,1,all_cvd,female,all,national_estimate,hospital_plus_dco,inclusive,estimated,annual_count,462.3305084745763,count,462.3305084745763,,420,566.9117647058823,,,,,,final,cvd_rates_v1_1_0,not_applicable,BRB,not_applicable,not_applicable,not_applicable,not_applicable,none,No disclosure restriction identified.,462.331
bnr_cvd_public_metric_v2,CVD-BURDEN-001,cvd_2024_05,quarterly,2018_q1,2018-01-01,2018,1,1,1,all_cvd,female,all,hospital_registered,hospital_only,not_applicable,observed,quarterly_count,99,count,99,,,,,,,,,final,,,,,,,,none,No disclosure restriction identified.,99.000
bnr_cvd_public_metric_v2,CVD-INCIDENCE-001,cvd_2024_05,annual,2018,2018-01-01,2018,,,1,all_cvd,female,all,national_estimate,hospital_plus_dco,primary,estimated,annual_crude_rate,301.7674518587668,rate_per_100000,441.1040462427745,146173.5,281.1727159847715,348.3970425168695,274.2597870715301,331.2868632028143,95,conditional_gamma,,final,cvd_rates_v1_1_0,UN_WPP_2024,BRB,persons,2026-08-26,historical_estimate,WHO_WORLD_2000_2025,none,No disclosure restriction identified.,301.767
bnr_cvd_public_metric_v2,CVD-BURDEN-001,cvd_2024_05,quarterly,2018_q3,2018-07-01,2018,7,3,1,all_cvd,female,all,hospital_registered,hospital_only,not_applicable,observed,quarterly_same_quarter_previous_5yr_mean,94.2,count,471,,,,,,,,5,final,,,,,,,,none,No disclosure restriction identified.,94.200
bnr_cvd_public_metric_v2,CVD-BURDEN-001,cvd_2024_05,quarterly,2018_q1,2018-01-01,2018,1,1,1,all_cvd,female,all,hospital_registered,hospital_only,not_applicable,observed,quarterly_same_quarter_previous_5yr_mean,100.8,count,504,,,,,,,,5,final,,,,,,,,none,No disclosure restriction identified.,100.800
bnr_cvd_public_metric_v2,CVD-INCIDENCE-001,cvd_2024_05,annual,2018,2018-01-01,2018,,,1,all_cvd,female,all,national_estimate,hospital_plus_dco,inclusive,estimated,annual_crude_rate,316.2888680058809,rate_per_100000,462.3305084745763,146173.5,287.3297827581607,387.8348433237778,288.1114654414942,346.4772862280843,95,conditional_gamma,,final,cvd_rates_v1_1_0,UN_WPP_2024,BRB,persons,2026-08-26,historical_estimate,WHO_WORLD_2000_2025,none,No disclosure restriction identified.,316.289
bnr_cvd_public_metric_v2,CVD-INCIDENCE-001,cvd_2024_05,annual,2018,2018-01-01,2018,,,1,all_cvd,female,all,hospital_registered,hospital_only,not_applicable,observed,annual_crude_rate,262.0173971342275,rate_per_100000,383,146173.5,,,236.4303419533107,289.6184999561341,95,poisson_exact_garwood,,final,cvd_rates_v1_1_0,UN_WPP_2024,BRB,persons,2026-08-26,historical_estimate,WHO_WORLD_2000_2025,none,No disclosure restriction identified.,262.017
bnr_cvd_public_metric_v2,CVD-BURDEN-001,cvd_2024_05,quarterly,2018_q2,2018-04-01,2018,4,2,1,all_cvd,female,all,hospital_registered,hospital_only,not_applicable,observed,quarterly_count,107,count,107,,,,,,,,,final,,,,,,,,none,No disclosure restriction identified.,107.000
bnr_cvd_public_metric_v2,CVD-BURDEN-001,cvd_2024_05,annual,2018,2018-01-01,2018,,,1,all_cvd,female,all,national_estimate,hospital_plus_dco,primary,estimated,annual_count,441.1040462427745,count,441.1040462427745,,411,509.2641509433962,,,,,,final,cvd_rates_v1_1_0,not_applicable,BRB,not_applicable,not_applicable,not_applicable,not_applicable,none,No disclosure restriction identified.,441.104
bnr_cvd_public_metric_v2,CVD-INCIDENCE-001,cvd_2024_05,annual,2018,2018-01-01,2018,,,1,all_cvd,female,age_standardised,national_estimate,hospital_plus_dco,primary,estimated,annual_age_standardised_rate,170.6844858738656,rate_per_100000,,,160.7154959883377,193.2557837278913,154.5416525334386,188.8750836782083,95,conditional_fay_feuer_gamma,,final,cvd_rates_v1_1_0,UN_WPP_2024,BRB,persons,2026-08-26,historical_estimate,WHO_WORLD_2000_2025,none,No disclosure restriction identified.,170.684
bnr_cvd_public_metric_v2,CVD-BURDEN-001,cvd_2024_05,annual,2018,2018-01-01,2018,,,1,all_cvd,female,all,national_estimate,additional_dco,inclusive,estimated,annual_count,79.33050847457629,count,79.33050847457629,,37,183.9117647058823,,,,,,final,cvd_rates_v1_1_0,not_applicable,BRB,not_applicable,not_applicable,not_applicable,not_applicable,none,No disclosure restriction identified.,79.331
bnr_cvd_public_metric_v2,CVD-BURDEN-001,cvd_2024_05,annual,2018,2018-01-01,2018,,,1,all_cvd,female,all,hospital_registered,hospital_only,not_applicable,observed,annual_count,383,count,383,,,,,,,,,final,,,,,,,,none,No disclosure restriction identified.,383.000
bnr_cvd_public_metric_v2,CVD-BURDEN-002,cvd_2024_05,annual,2018,2018-01-01,2018,,,1,all_cvd,female,all,hospital_registered,hospital_only,not_applicable,observed,sex_distribution,47.45972738537795,percent,383,807,,,,,,,,final,,,,,,,,none,No disclosure restriction identified.,47.460
bnr_cvd_public_metric_v2,CVD-BURDEN-001,cvd_2024_05,annual,2018,2018-01-01,2018,,,1,all_cvd,female,all,hospital_registered,hospital_only,not_applicable,observed,annual_previous_5yr_mean,376.2,count,1881,,,,,,,,5,final,,,,,,,,none,No disclosure restriction identified.,376.200
bnr_cvd_public_metric_v2,CVD-BURDEN-001,cvd_2024_05,quarterly,2018_q4,2018-10-01,2018,10,4,1,all_cvd,female,all,hospital_registered,hospital_only,not_applicable,observed,quarterly_count,96,count,96,,,,,,,,,final,,,,,,,,none,No disclosure restriction identified.,96.000
bnr_cvd_public_metric_v2,CVD-INCIDENCE-001,cvd_2024_05,annual,2018,2018-01-01,2018,,,1,all_cvd,female,age_standardised,hospital_registered,hospital_only,not_applicable,observed,annual_age_standardised_rate,151.4432634604003,rate_per_100000,,,,,136.095765177819,168.8637795978624,95,fay_feuer_gamma,,final,cvd_rates_v1_1_0,UN_WPP_2024,BRB,persons,2026-08-26,historical_estimate,WHO_WORLD_2000_2025,none,No disclosure restriction identified.,151.443
bnr_cvd_public_metric_v2,CVD-BURDEN-001,cvd_2024_05,quarterly,2018_q3,2018-07-01,2018,7,3,1,all_cvd,female,all,hospital_registered,hospital_only,not_applicable,observed,quarterly_count,81,count,81,,,,,,,,,final,,,,,,,,none,No disclosure restriction identified.,81.000
bnr_cvd_public_metric_v2,CVD-BURDEN-001,cvd_2024_05,quarterly,2018_q2,2018-04-01,2018,4,2,1,all_cvd,female,all,hospital_registered,hospital_only,not_applicable,observed,quarterly_same_quarter_previous_5yr_mean,83.40000000000001,count,417,,,,,,,,5,final,,,,,,,,none,No disclosure restriction identified.,83.400
bnr_cvd_public_metric_v2,CVD-BURDEN-001,cvd_2024_05,quarterly,2018_q2,2018-04-01,2018,4,2,1,all_cvd,male,all,hospital_registered,hospital_only,not_applicable,observed,quarterly_same_quarter_previous_5yr_mean,89.59999999999999,count,448,,,,,,,,5,final,,,,,,,,none,No disclosure restriction identified.,89.600
bnr_cvd_public_metric_v2,CVD-BURDEN-001,cvd_2024_05,annual,2018,2018-01-01,2018,,,1,all_cvd,male,all,national_estimate,additional_dco,inclusive,estimated,annual_count,66.46610169491527,count,66.46610169491527,,31,154.0882352941176,,,,,,final,cvd_rates_v1_1_0,not_applicable,BRB,not_applicable,not_applicable,not_applicable,not_applicable,none,No disclosure restriction identified.,66.466
bnr_cvd_public_metric_v2,CVD-BURDEN-001,cvd_2024_05,quarterly,2018_q2,2018-04-01,2018,4,2,1,all_cvd,male,all,hospital_registered,hospital_only,not_applicable,observed,quarterly_count,115,count,115,,,,,,,,,final,,,,,,,,none,No disclosure restriction identified.,115.000
bnr_cvd_public_metric_v2,CVD-BURDEN-001,cvd_2024_05,annual,2018,2018-01-01,2018,,,1,all_cvd,male,all,national_estimate,hospital_plus_dco,primary,estimated,annual_count,475.878612716763,count,475.878612716763,,449,536.7358490566038,,,,,,final,cvd_rates_v1_1_0,not_applicable,BRB,not_applicable,not_applicable,not_applicable,not_applicable,none,No disclosure restriction identified.,475.879
bnr_cvd_public_metric_v2,CVD-BURDEN-001,cvd_2024_05,annual,2018,2018-01-01,2018,,,1,all_cvd,male,all,hospital_registered,hospital_only,not_applicable,observed,annual_previous_5yr_mean,365.6,count,1828,,,,,,,,5,final,,,,,,,,none,No disclosure restriction identified.,365.600
bnr_cvd_public_metric_v2,CVD-INCIDENCE-001,cvd_2024_05,annual,2018,2018-01-01,2018,,,1,all_cvd,male,age_standardised,national_estimate,hospital_plus_dco,primary,estimated,annual_age_standardised_rate,254.9016222766639,rate_per_100000,,,239.4611613645368,289.8611564173289,231.7554028883031,282.1513467346151,95,conditional_fay_feuer_gamma,,final,cvd_rates_v1_1_0,UN_WPP_2024,BRB,persons,2026-08-26,historical_estimate,WHO_WORLD_2000_2025,none,No disclosure restriction identified.,254.902
bnr_cvd_public_metric_v2,CVD-BURDEN-001,cvd_2024_05,annual,2018,2018-01-01,2018,,,1,all_cvd,male,all,national_estimate,additional_dco,primary,estimated,annual_count,51.87861271676299,count,51.87861271676299,,25,112.7358490566038,,,,,,final,cvd_rates_v1_1_0,not_applicable,BRB,not_applicable,not_applicable,not_applicable,not_applicable,none,No disclosure restriction identified.,51.879
bnr_cvd_public_metric_v2,CVD-BURDEN-001,cvd_2024_05,quarterly,2018_q3,2018-07-01,2018,7,3,1,all_cvd,male,all,hospital_registered,hospital_only,not_applicable,observed,quarterly_same_quarter_previous_5yr_mean,86,count,430,,,,,,,,5,final,,,,,,,,none,No disclosure restriction identified.,86.000
bnr_cvd_public_metric_v2,CVD-INCIDENCE-001,cvd_2024_05,annual,2018,2018-01-01,2018,,,1,all_cvd,male,age_standardised,national_estimate,hospital_plus_dco,inclusive,estimated,annual_age_standardised_rate,262.1859981402467,rate_per_100000,,,242.3969587411902,311.0765660673275,238.737968839255,289.727678572874,95,conditional_fay_feuer_gamma,,final,cvd_rates_v1_1_0,UN_WPP_2024,BRB,persons,2026-08-26,historical_estimate,WHO_WORLD_2000_2025,none,No disclosure restriction identified.,262.186
bnr_cvd_public_metric_v2,CVD-INCIDENCE-001,cvd_2024_05,annual,2018,2018-01-01,2018,,,1,all_cvd,male,all,national_estimate,hospital_plus_dco,inclusive,estimated,annual_crude_rate,364.5585241940249,rate_per_100000,490.4661016949153,134537,338.1969272393468,429.6871754938177,333.0047459711911,398.2962842671648,95,conditional_gamma,,final,cvd_rates_v1_1_0,UN_WPP_2024,BRB,persons,2026-08-26,historical_estimate,WHO_WORLD_2000_2025,none,No disclosure restriction identified.,364.559
bnr_cvd_public_metric_v2,CVD-BURDEN-002,cvd_2024_05,annual,2018,2018-01-01,2018,,,1,all_cvd,male,all,hospital_registered,hospital_only,not_applicable,observed,sex_distribution,52.54027261462205,percent,424,807,,,,,,,,final,,,,,,,,none,No disclosure restriction identified.,52.540
bnr_cvd_public_metric_v2,CVD-BURDEN-001,cvd_2024_05,quarterly,2018_q1,2018-01-01,2018,1,1,1,all_cvd,male,all,hospital_registered,hospital_only,not_applicable,observed,quarterly_count,113,count,113,,,,,,,,,final,,,,,,,,none,No disclosure restriction identified.,113.000
bnr_cvd_public_metric_v2,CVD-BURDEN-001,cvd_2024_05,quarterly,2018_q1,2018-01-01,2018,1,1,1,all_cvd,male,all,hospital_registered,hospital_only,not_applicable,observed,quarterly_same_quarter_previous_5yr_mean,98.8,count,494,,,,,,,,5,final,,,,,,,,none,No disclosure restriction identified.,98.800
bnr_cvd_public_metric_v2,CVD-BURDEN-001,cvd_2024_05,annual,2018,2018-01-01,2018,,,1,all_cvd,male,all,national_estimate,hospital_plus_dco,inclusive,estimated,annual_count,490.4661016949153,count,490.4661016949153,,455,578.0882352941176,,,,,,final,cvd_rates_v1_1_0,not_applicable,BRB,not_applicable,not_applicable,not_applicable,not_applicable,none,No disclosure restriction identified.,490.466
bnr_cvd_public_metric_v2,CVD-BURDEN-001,cvd_2024_05,quarterly,2018_q4,2018-10-01,2018,10,4,1,all_cvd,male,all,hospital_registered,hospital_only,not_applicable,observed,quarterly_same_quarter_previous_5yr_mean,91.2,count,456,,,,,,,,5,final,,,,,,,,none,No disclosure restriction identified.,91.200
bnr_cvd_public_metric_v2,CVD-INCIDENCE-001,cvd_2024_05,annual,2018,2018-01-01,2018,,,1,all_cvd,male,all,national_estimate,hospital_plus_dco,primary,estimated,annual_crude_rate,353.7157902411701,rate_per_100000,475.878612716763,134537,333.7371875394873,398.9503623959237,322.6455094241423,386.970546386901,95,conditional_gamma,,final,cvd_rates_v1_1_0,UN_WPP_2024,BRB,persons,2026-08-26,historical_estimate,WHO_WORLD_2000_2025,none,No disclosure restriction identified.,353.716
bnr_cvd_public_metric_v2,CVD-INCIDENCE-001,cvd_2024_05,annual,2018,2018-01-01,2018,,,1,all_cvd,male,all,hospital_registered,hospital_only,not_applicable,observed,annual_crude_rate,315.1549387900726,rate_per_100000,424,134537,,,285.8672416514548,346.6290669361046,95,poisson_exact_garwood,,final,cvd_rates_v1_1_0,UN_WPP_2024,BRB,persons,2026-08-26,historical_estimate,WHO_WORLD_2000_2025,none,No disclosure restriction identified.,315.155
bnr_cvd_public_metric_v2,CVD-BURDEN-001,cvd_2024_05,annual,2018,2018-01-01,2018,,,1,all_cvd,male,all,hospital_registered,hospital_only,not_applicable,observed,annual_count,424,count,424,,,,,,,,,final,,,,,,,,none,No disclosure restriction identified.,424.000
bnr_cvd_public_metric_v2,CVD-BURDEN-001,cvd_2024_05,quarterly,2018_q4,2018-10-01,2018,10,4,1,all_cvd,male,all,hospital_registered,hospital_only,not_applicable,observed,quarterly_count,88,count,88,,,,,,,,,final,,,,,,,,none,No disclosure restriction identified.,88.000
bnr_cvd_public_metric_v2,CVD-BURDEN-001,cvd_2024_05,quarterly,2018_q3,2018-07-01,2018,7,3,1,all_cvd,male,all,hospital_registered,hospital_only,not_applicable,observed,quarterly_count,108,count,108,,,,,,,,,final,,,,,,,,none,No disclosure restriction identified.,108.000
bnr_cvd_public_metric_v2,CVD-INCIDENCE-001,cvd_2024_05,annual,2018,2018-01-01,2018,,,1,all_cvd,male,age_standardised,hospital_registered,hospital_only,not_applicable,observed,annual_age_standardised_rate,225.0998724516445,rate_per_100000,,,,,203.5729323616927,250.749322986733,95,fay_feuer_gamma,,final,cvd_rates_v1_1_0,UN_WPP_2024,BRB,persons,2026-08-26,historical_estimate,WHO_WORLD_2000_2025,none,No disclosure restriction identified.,225.100
bnr_cvd_public_metric_v2,CVD-BURDEN-001,cvd_2024_05,quarterly,2018_q2,2018-04-01,2018,4,2,1,heart,all,all,hospital_registered,hospital_only,not_applicable,observed,quarterly_count,82,count,82,,,,,,,,,final,,,,,,,,none,No disclosure restriction identified.,82.000
bnr_cvd_public_metric_v2,CVD-INCIDENCE-001,cvd_2024_05,annual,2018,2018-01-01,2018,,,1,heart,all,age_standardised,national_estimate,hospital_plus_dco,primary,estimated,annual_age_standardised_rate,66.0241902481812,rate_per_100000,,,62.20186649823984,74.67850817257677,58.54778883290609,74.56589337531605,95,conditional_fay_feuer_gamma,,final,cvd_rates_v1_1_0,UN_WPP_2024,BRB,persons,2026-08-26,historical_estimate,WHO_WORLD_2000_2025,none,No disclosure restriction identified.,66.024
bnr_cvd_public_metric_v2,CVD-INCIDENCE-001,cvd_2024_05,annual,2018,2018-01-01,2018,,,1,heart,all,age_standardised,national_estimate,hospital_plus_dco,inclusive,estimated,annual_age_standardised_rate,68.4886094410428,rate_per_100000,,,63.23699470021948,81.46318703601806,60.88420765846823,77.15532134639712,95,conditional_fay_feuer_gamma,,final,cvd_rates_v1_1_0,UN_WPP_2024,BRB,persons,2026-08-26,historical_estimate,WHO_WORLD_2000_2025,none,No disclosure restriction identified.,68.489
bnr_cvd_public_metric_v2,CVD-BURDEN-001,cvd_2024_05,annual,2018,2018-01-01,2018,,,1,heart,all,all,national_estimate,hospital_plus_dco,inclusive,estimated,annual_count,304.1694915254237,count,304.1694915254237,,279,366.3529411764706,,,,,,final,cvd_rates_v1_1_0,not_applicable,BRB,not_applicable,not_applicable,not_applicable,not_applicable,none,No disclosure restriction identified.,304.169
bnr_cvd_public_metric_v2,CVD-BURDEN-001,cvd_2024_05,quarterly,2018_q4,2018-10-01,2018,10,4,1,heart,all,all,hospital_registered,hospital_only,not_applicable,observed,quarterly_same_quarter_previous_5yr_mean,55.2,count,276,,,,,,,,5,final,,,,,,,,none,No disclosure restriction identified.,55.200
bnr_cvd_public_metric_v2,CVD-INCIDENCE-001,cvd_2024_05,annual,2018,2018-01-01,2018,,,1,heart,all,all,national_estimate,hospital_plus_dco,inclusive,estimated,annual_crude_rate,108.357005357984,rate_per_100000,304.1694915254237,280710.5,99.39065335995625,130.5091691178173,96.52065345067398,121.2442686146578,95,conditional_gamma,,final,cvd_rates_v1_1_0,UN_WPP_2024,BRB,persons,2026-08-26,historical_estimate,WHO_WORLD_2000_2025,none,No disclosure restriction identified.,108.357
bnr_cvd_public_metric_v2,CVD-BURDEN-001,cvd_2024_05,annual,2018,2018-01-01,2018,,,1,heart,all,all,hospital_registered,hospital_only,not_applicable,observed,annual_previous_5yr_mean,218.6,count,1093,,,,,,,,5,final,,,,,,,,none,No disclosure restriction identified.,218.600
bnr_cvd_public_metric_v2,CVD-BURDEN-001,cvd_2024_05,annual,2018,2018-01-01,2018,,,1,heart,all,all,hospital_registered,hospital_only,not_applicable,observed,annual_count,257,count,257,,,,,,,,,final,,,,,,,,none,No disclosure restriction identified.,257.000
bnr_cvd_public_metric_v2,CVD-BURDEN-001,cvd_2024_05,quarterly,2018_q3,2018-07-01,2018,7,3,1,heart,all,all,hospital_registered,hospital_only,not_applicable,observed,quarterly_same_quarter_previous_5yr_mean,52.8,count,264,,,,,,,,5,final,,,,,,,,none,No disclosure restriction identified.,52.800
bnr_cvd_public_metric_v2,CVD-BURDEN-001,cvd_2024_05,annual,2018,2018-01-01,2018,,,1,heart,all,all,national_estimate,hospital_plus_dco,primary,estimated,annual_count,292.2774566473988,count,292.2774566473988,,274,333.6603773584906,,,,,,final,cvd_rates_v1_1_0,not_applicable,BRB,not_applicable,not_applicable,not_applicable,not_applicable,none,No disclosure restriction identified.,292.277
bnr_cvd_public_metric_v2,CVD-BURDEN-001,cvd_2024_05,quarterly,2018_q1,2018-01-01,2018,1,1,1,heart,all,all,hospital_registered,hospital_only,not_applicable,observed,quarterly_same_quarter_previous_5yr_mean,56.4,count,282,,,,,,,,5,final,,,,,,,,none,No disclosure restriction identified.,56.400
bnr_cvd_public_metric_v2,CVD-BURDEN-001,cvd_2024_05,annual,2018,2018-01-01,2018,,,1,heart,all,all,national_estimate,additional_dco,primary,estimated,annual_count,35.27745664739884,count,35.27745664739884,,17,76.66037735849056,,,,,,final,cvd_rates_v1_1_0,not_applicable,BRB,not_applicable,not_applicable,not_applicable,not_applicable,none,No disclosure restriction identified.,35.277
bnr_cvd_public_metric_v2,CVD-BURDEN-001,cvd_2024_05,quarterly,2018_q1,2018-01-01,2018,1,1,1,heart,all,all,hospital_registered,hospital_only,not_applicable,observed,quarterly_count,59,count,59,,,,,,,,,final,,,,,,,,none,No disclosure restriction identified.,59.000
bnr_cvd_public_metric_v2,CVD-INCIDENCE-001,cvd_2024_05,annual,2018,2018-01-01,2018,,,1,heart,all,all,hospital_registered,hospital_only,not_applicable,observed,annual_crude_rate,91.5533975394579,rate_per_100000,257,280710.5,,,80.70128939741313,103.4581443328471,95,poisson_exact_garwood,,final,cvd_rates_v1_1_0,UN_WPP_2024,BRB,persons,2026-08-26,historical_estimate,WHO_WORLD_2000_2025,none,No disclosure restriction identified.,91.553
bnr_cvd_public_metric_v2,CVD-BURDEN-001,cvd_2024_05,annual,2018,2018-01-01,2018,,,1,heart,all,all,national_estimate,additional_dco,inclusive,estimated,annual_count,47.16949152542372,count,47.16949152542372,,22,109.3529411764706,,,,,,final,cvd_rates_v1_1_0,not_applicable,BRB,not_applicable,not_applicable,not_applicable,not_applicable,none,No disclosure restriction identified.,47.169
bnr_cvd_public_metric_v2,CVD-BURDEN-001,cvd_2024_05,quarterly,2018_q4,2018-10-01,2018,10,4,1,heart,all,all,hospital_registered,hospital_only,not_applicable,observed,quarterly_count,62,count,62,,,,,,,,,final,,,,,,,,none,No disclosure restriction identified.,62.000
bnr_cvd_public_metric_v2,CVD-INCIDENCE-001,cvd_2024_05,annual,2018,2018-01-01,2018,,,1,heart,all,age_standardised,hospital_registered,hospital_only,not_applicable,observed,annual_age_standardised_rate,58.64669440824061,rate_per_100000,,,,,51.57472666986239,66.79329806453904,95,fay_feuer_gamma,,final,cvd_rates_v1_1_0,UN_WPP_2024,BRB,persons,2026-08-26,historical_estimate,WHO_WORLD_2000_2025,none,No disclosure restriction identified.,58.647
bnr_cvd_public_metric_v2,CVD-INCIDENCE-001,cvd_2024_05,annual,2018,2018-01-01,2018,,,1,heart,all,all,national_estimate,hospital_plus_dco,primary,estimated,annual_crude_rate,104.1205999231945,rate_per_100000,292.2774566473988,280710.5,97.60945885529753,118.8628061146593,92.52473297908982,116.767774237528,95,conditional_gamma,,final,cvd_rates_v1_1_0,UN_WPP_2024,BRB,persons,2026-08-26,historical_estimate,WHO_WORLD_2000_2025,none,No disclosure restriction identified.,104.121
bnr_cvd_public_metric_v2,CVD-BURDEN-002,cvd_2024_05,annual,2018,2018-01-01,2018,,,1,heart,all,all,hospital_registered,hospital_only,not_applicable,observed,event_type_distribution,31.84634448574969,percent,257,807,,,,,,,,final,,,,,,,,none,No disclosure restriction identified.,31.846
bnr_cvd_public_metric_v2,CVD-BURDEN-001,cvd_2024_05,quarterly,2018_q3,2018-07-01,2018,7,3,1,heart,all,all,hospital_registered,hospital_only,not_applicable,observed,quarterly_count,54,count,54,,,,,,,,,final,,,,,,,,none,No disclosure restriction identified.,54.000
bnr_cvd_public_metric_v2,CVD-BURDEN-001,cvd_2024_05,quarterly,2018_q2,2018-04-01,2018,4,2,1,heart,all,all,hospital_registered,hospital_only,not_applicable,observed,quarterly_same_quarter_previous_5yr_mean,54.2,count,271,,,,,,,,5,final,,,,,,,,none,No disclosure restriction identified.,54.200
bnr_cvd_public_metric_v2,CVD-BURDEN-001,cvd_2024_05,annual,2018,2018-01-01,2018,,,1,heart,female,all,national_estimate,hospital_plus_dco,primary,estimated,annual_count,126.7514450867052,count,126.7514450867052,,116,151.0943396226415,,,,,,final,cvd_rates_v1_1_0,not_applicable,BRB,not_applicable,not_applicable,not_applicable,not_applicable,none,No disclosure restriction identified.,126.751
bnr_cvd_public_metric_v2,CVD-BURDEN-001,cvd_2024_05,quarterly,2018_q3,2018-07-01,2018,7,3,1,heart,female,all,hospital_registered,hospital_only,not_applicable,observed,quarterly_count,21,count,21,,,,,,,,,final,,,,,,,,none,No disclosure restriction identified.,21.000
bnr_cvd_public_metric_v2,CVD-BURDEN-001,cvd_2024_05,annual,2018,2018-01-01,2018,,,1,heart,female,all,hospital_registered,hospital_only,not_applicable,observed,annual_previous_5yr_mean,99.8,count,499,,,,,,,,5,final,,,,,,,,none,No disclosure restriction identified.,99.800
bnr_cvd_public_metric_v2,CVD-BURDEN-001,cvd_2024_05,quarterly,2018_q2,2018-04-01,2018,4,2,1,heart,female,all,hospital_registered,hospital_only,not_applicable,observed,quarterly_count,36,count,36,,,,,,,,,final,,,,,,,,none,No disclosure restriction identified.,36.000
bnr_cvd_public_metric_v2,CVD-BURDEN-001,cvd_2024_05,annual,2018,2018-01-01,2018,,,1,heart,female,all,national_estimate,hospital_plus_dco,inclusive,estimated,annual_count,131.728813559322,count,131.728813559322,,118,165.6470588235294,,,,,,final,cvd_rates_v1_1_0,not_applicable,BRB,not_applicable,not_applicable,not_applicable,not_applicable,none,No disclosure restriction identified.,131.729
bnr_cvd_public_metric_v2,CVD-BURDEN-002,cvd_2024_05,annual,2018,2018-01-01,2018,,,1,heart,female,all,hospital_registered,hospital_only,not_applicable,observed,sex_distribution,41.24513618677042,percent,106,257,,,,,,,,final,,,,,,,,none,No disclosure restriction identified.,41.245
bnr_cvd_public_metric_v2,CVD-BURDEN-001,cvd_2024_05,quarterly,2018_q4,2018-10-01,2018,10,4,1,heart,female,all,hospital_registered,hospital_only,not_applicable,observed,quarterly_count,32,count,32,,,,,,,,,final,,,,,,,,none,No disclosure restriction identified.,32.000
bnr_cvd_public_metric_v2,CVD-BURDEN-001,cvd_2024_05,annual,2018,2018-01-01,2018,,,1,heart,female,all,hospital_registered,hospital_only,not_applicable,observed,annual_count,106,count,106,,,,,,,,,final,,,,,,,,none,No disclosure restriction identified.,106.000
bnr_cvd_public_metric_v2,CVD-BURDEN-001,cvd_2024_05,quarterly,2018_q2,2018-04-01,2018,4,2,1,heart,female,all,hospital_registered,hospital_only,not_applicable,observed,quarterly_same_quarter_previous_5yr_mean,24.4,count,122,,,,,,,,5,final,,,,,,,,none,No disclosure restriction identified.,24.400
bnr_cvd_public_metric_v2,CVD-INCIDENCE-001,cvd_2024_05,annual,2018,2018-01-01,2018,,,1,heart,female,age_standardised,national_estimate,hospital_plus_dco,inclusive,estimated,annual_age_standardised_rate,50.30029201215624,rate_per_100000,,,45.42335339532201,62.34919918315848,41.88989869721333,60.85882215124307,95,conditional_fay_feuer_gamma,,final,cvd_rates_v1_1_0,UN_WPP_2024,BRB,persons,2026-08-26,historical_estimate,WHO_WORLD_2000_2025,none,No disclosure restriction identified.,50.300
bnr_cvd_public_metric_v2,CVD-INCIDENCE-001,cvd_2024_05,annual,2018,2018-01-01,2018,,,1,heart,female,all,national_estimate,hospital_plus_dco,primary,estimated,annual_crude_rate,86.71301233582365,rate_per_100000,126.7514450867052,146173.5,79.35774952368247,103.3664375708603,72.27524928932148,103.1895619593237,95,conditional_gamma,,final,cvd_rates_v1_1_0,UN_WPP_2024,BRB,persons,2026-08-26,historical_estimate,WHO_WORLD_2000_2025,none,No disclosure restriction identified.,86.713
bnr_cvd_public_metric_v2,CVD-BURDEN-001,cvd_2024_05,quarterly,2018_q1,2018-01-01,2018,1,1,1,heart,female,all,hospital_registered,hospital_only,not_applicable,observed,quarterly_count,17,count,17,,,,,,,,,final,,,,,,,,none,No disclosure restriction identified.,17.000
bnr_cvd_public_metric_v2,CVD-BURDEN-001,cvd_2024_05,annual,2018,2018-01-01,2018,,,1,heart,female,all,national_estimate,additional_dco,primary,estimated,annual_count,20.7514450867052,count,20.7514450867052,,10,45.09433962264151,,,,,,final,cvd_rates_v1_1_0,not_applicable,BRB,not_applicable,not_applicable,not_applicable,not_applicable,none,No disclosure restriction identified.,20.751
bnr_cvd_public_metric_v2,CVD-INCIDENCE-001,cvd_2024_05,annual,2018,2018-01-01,2018,,,1,heart,female,age_standardised,national_estimate,hospital_plus_dco,primary,estimated,annual_age_standardised_rate,48.3909910903503,rate_per_100000,,,44.64485612110573,56.87280611505501,40.14367339488663,58.79287824633477,95,conditional_fay_feuer_gamma,,final,cvd_rates_v1_1_0,UN_WPP_2024,BRB,persons,2026-08-26,historical_estimate,WHO_WORLD_2000_2025,none,No disclosure restriction identified.,48.391
bnr_cvd_public_metric_v2,CVD-INCIDENCE-001,cvd_2024_05,annual,2018,2018-01-01,2018,,,1,heart,female,all,hospital_registered,hospital_only,not_applicable,observed,annual_crude_rate,72.51656421991675,rate_per_100000,106,146173.5,,,59.37062105431249,87.70669548717615,95,poisson_exact_garwood,,final,cvd_rates_v1_1_0,UN_WPP_2024,BRB,persons,2026-08-26,historical_estimate,WHO_WORLD_2000_2025,none,No disclosure restriction identified.,72.517
bnr_cvd_public_metric_v2,CVD-BURDEN-001,cvd_2024_05,quarterly,2018_q1,2018-01-01,2018,1,1,1,heart,female,all,hospital_registered,hospital_only,not_applicable,observed,quarterly_same_quarter_previous_5yr_mean,24.6,count,123,,,,,,,,5,final,,,,,,,,none,No disclosure restriction identified.,24.600
bnr_cvd_public_metric_v2,CVD-BURDEN-001,cvd_2024_05,quarterly,2018_q3,2018-07-01,2018,7,3,1,heart,female,all,hospital_registered,hospital_only,not_applicable,observed,quarterly_same_quarter_previous_5yr_mean,25.2,count,126,,,,,,,,5,final,,,,,,,,none,No disclosure restriction identified.,25.200
bnr_cvd_public_metric_v2,CVD-INCIDENCE-001,cvd_2024_05,annual,2018,2018-01-01,2018,,,1,heart,female,age_standardised,hospital_registered,hospital_only,not_applicable,observed,annual_age_standardised_rate,41.16054778949653,rate_per_100000,,,,,33.52440719496992,50.98595432501721,95,fay_feuer_gamma,,final,cvd_rates_v1_1_0,UN_WPP_2024,BRB,persons,2026-08-26,historical_estimate,WHO_WORLD_2000_2025,none,No disclosure restriction identified.,41.161
bnr_cvd_public_metric_v2,CVD-INCIDENCE-001,cvd_2024_05,annual,2018,2018-01-01,2018,,,1,heart,female,all,national_estimate,hospital_plus_dco,inclusive,estimated,annual_crude_rate,90.11812234045297,rate_per_100000,131.728813559322,146173.5,80.72598658443562,113.3222224435547,75.38663258407406,106.8872948098263,95,conditional_gamma,,final,cvd_rates_v1_1_0,UN_WPP_2024,BRB,persons,2026-08-26,historical_estimate,WHO_WORLD_2000_2025,none,No disclosure restriction identified.,90.118
bnr_cvd_public_metric_v2,CVD-BURDEN-001,cvd_2024_05,annual,2018,2018-01-01,2018,,,1,heart,female,all,national_estimate,additional_dco,inclusive,estimated,annual_count,25.72881355932203,count,25.72881355932203,,12,59.64705882352941,,,,,,final,cvd_rates_v1_1_0,not_applicable,BRB,not_applicable,not_applicable,not_applicable,not_applicable,none,No disclosure restriction identified.,25.729
bnr_cvd_public_metric_v2,CVD-BURDEN-001,cvd_2024_05,quarterly,2018_q4,2018-10-01,2018,10,4,1,heart,female,all,hospital_registered,hospital_only,not_applicable,observed,quarterly_same_quarter_previous_5yr_mean,25.6,count,128,,,,,,,,5,final,,,,,,,,none,No disclosure restriction identified.,25.600
bnr_cvd_public_metric_v2,CVD-BURDEN-001,cvd_2024_05,quarterly,2018_q3,2018-07-01,2018,7,3,1,heart,male,all,hospital_registered,hospital_only,not_applicable,observed,quarterly_count,33,count,33,,,,,,,,,final,,,,,,,,none,No disclosure restriction identified.,33.000
bnr_cvd_public_metric_v2,CVD-BURDEN-001,cvd_2024_05,quarterly,2018_q2,2018-04-01,2018,4,2,1,heart,male,all,hospital_registered,hospital_only,not_applicable,observed,quarterly_same_quarter_previous_5yr_mean,29.8,count,149,,,,,,,,5,final,,,,,,,,none,No disclosure restriction identified.,29.800
bnr_cvd_public_metric_v2,CVD-INCIDENCE-001,cvd_2024_05,annual,2018,2018-01-01,2018,,,1,heart,male,all,national_estimate,hospital_plus_dco,primary,estimated,annual_crude_rate,123.0338208527718,rate_per_100000,165.5260115606936,134537,117.4398120963006,135.6995010561028,105.0044303077856,143.2704698331059,95,conditional_gamma,,final,cvd_rates_v1_1_0,UN_WPP_2024,BRB,persons,2026-08-26,historical_estimate,WHO_WORLD_2000_2025,none,No disclosure restriction identified.,123.034
bnr_cvd_public_metric_v2,CVD-BURDEN-001,cvd_2024_05,annual,2018,2018-01-01,2018,,,1,heart,male,all,national_estimate,hospital_plus_dco,inclusive,estimated,annual_count,172.4406779661017,count,172.4406779661017,,161,200.7058823529412,,,,,,final,cvd_rates_v1_1_0,not_applicable,BRB,not_applicable,not_applicable,not_applicable,not_applicable,none,No disclosure restriction identified.,172.441
bnr_cvd_public_metric_v2,CVD-BURDEN-001,cvd_2024_05,quarterly,2018_q1,2018-01-01,2018,1,1,1,heart,male,all,hospital_registered,hospital_only,not_applicable,observed,quarterly_count,42,count,42,,,,,,,,,final,,,,,,,,none,No disclosure restriction identified.,42.000
bnr_cvd_public_metric_v2,CVD-BURDEN-001,cvd_2024_05,quarterly,2018_q1,2018-01-01,2018,1,1,1,heart,male,all,hospital_registered,hospital_only,not_applicable,observed,quarterly_same_quarter_previous_5yr_mean,31.8,count,159,,,,,,,,5,final,,,,,,,,none,No disclosure restriction identified.,31.800
bnr_cvd_public_metric_v2,CVD-BURDEN-001,cvd_2024_05,annual,2018,2018-01-01,2018,,,1,heart,male,all,national_estimate,additional_dco,inclusive,estimated,annual_count,21.4406779661017,count,21.4406779661017,,10,49.70588235294117,,,,,,final,cvd_rates_v1_1_0,not_applicable,BRB,not_applicable,not_applicable,not_applicable,not_applicable,none,No disclosure restriction identified.,21.441
bnr_cvd_public_metric_v2,CVD-BURDEN-001,cvd_2024_05,quarterly,2018_q4,2018-10-01,2018,10,4,1,heart,male,all,hospital_registered,hospital_only,not_applicable,observed,quarterly_same_quarter_previous_5yr_mean,29.6,count,148,,,,,,,,5,final,,,,,,,,none,No disclosure restriction identified.,29.600
bnr_cvd_public_metric_v2,CVD-BURDEN-001,cvd_2024_05,annual,2018,2018-01-01,2018,,,1,heart,male,all,national_estimate,additional_dco,primary,estimated,annual_count,14.52601156069364,count,14.52601156069364,,7,31.56603773584905,,,,,,final,cvd_rates_v1_1_0,not_applicable,BRB,not_applicable,not_applicable,not_applicable,not_applicable,none,No disclosure restriction identified.,14.526
bnr_cvd_public_metric_v2,CVD-BURDEN-001,cvd_2024_05,quarterly,2018_q2,2018-04-01,2018,4,2,1,heart,male,all,hospital_registered,hospital_only,not_applicable,observed,quarterly_count,46,count,46,,,,,,,,,final,,,,,,,,none,No disclosure restriction identified.,46.000
bnr_cvd_public_metric_v2,CVD-BURDEN-001,cvd_2024_05,quarterly,2018_q4,2018-10-01,2018,10,4,1,heart,male,all,hospital_registered,hospital_only,not_applicable,observed,quarterly_count,30,count,30,,,,,,,,,final,,,,,,,,none,No disclosure restriction identified.,30.000
bnr_cvd_public_metric_v2,CVD-INCIDENCE-001,cvd_2024_05,annual,2018,2018-01-01,2018,,,1,heart,male,age_standardised,hospital_registered,hospital_only,not_applicable,observed,annual_age_standardised_rate,80.61007158484065,rate_per_100000,,,,,68.07754046183618,97.62742851220636,95,fay_feuer_gamma,,final,cvd_rates_v1_1_0,UN_WPP_2024,BRB,persons,2026-08-26,historical_estimate,WHO_WORLD_2000_2025,none,No disclosure restriction identified.,80.610
bnr_cvd_public_metric_v2,CVD-BURDEN-001,cvd_2024_05,quarterly,2018_q3,2018-07-01,2018,7,3,1,heart,male,all,hospital_registered,hospital_only,not_applicable,observed,quarterly_same_quarter_previous_5yr_mean,27.6,count,138,,,,,,,,5,final,,,,,,,,none,No disclosure restriction identified.,27.600
bnr_cvd_public_metric_v2,CVD-BURDEN-001,cvd_2024_05,annual,2018,2018-01-01,2018,,,1,heart,male,all,national_estimate,hospital_plus_dco,primary,estimated,annual_count,165.5260115606936,count,165.5260115606936,,158,182.5660377358491,,,,,,final,cvd_rates_v1_1_0,not_applicable,BRB,not_applicable,not_applicable,not_applicable,not_applicable,none,No disclosure restriction identified.,165.526
bnr_cvd_public_metric_v2,CVD-INCIDENCE-001,cvd_2024_05,annual,2018,2018-01-01,2018,,,1,heart,male,all,national_estimate,hospital_plus_dco,inclusive,estimated,annual_crude_rate,128.1734228993524,rate_per_100000,172.4406779661017,134537,119.6696819462304,149.1826652541243,109.7563649894024,148.7966202904641,95,conditional_gamma,,final,cvd_rates_v1_1_0,UN_WPP_2024,BRB,persons,2026-08-26,historical_estimate,WHO_WORLD_2000_2025,none,No disclosure restriction identified.,128.173
bnr_cvd_public_metric_v2,CVD-BURDEN-001,cvd_2024_05,annual,2018,2018-01-01,2018,,,1,heart,male,all,hospital_registered,hospital_only,not_applicable,observed,annual_previous_5yr_mean,118.8,count,594,,,,,,,,5,final,,,,,,,,none,No disclosure restriction identified.,118.800
bnr_cvd_public_metric_v2,CVD-BURDEN-002,cvd_2024_05,annual,2018,2018-01-01,2018,,,1,heart,male,all,hospital_registered,hospital_only,not_applicable,observed,sex_distribution,58.75486381322958,percent,151,257,,,,,,,,final,,,,,,,,none,No disclosure restriction identified.,58.755
bnr_cvd_public_metric_v2,CVD-INCIDENCE-001,cvd_2024_05,annual,2018,2018-01-01,2018,,,1,heart,male,all,hospital_registered,hospital_only,not_applicable,observed,annual_crude_rate,112.2367824464645,rate_per_100000,151,134537,,,95.04912080765651,131.634296294908,95,poisson_exact_garwood,,final,cvd_rates_v1_1_0,UN_WPP_2024,BRB,persons,2026-08-26,historical_estimate,WHO_WORLD_2000_2025,none,No disclosure restriction identified.,112.237
bnr_cvd_public_metric_v2,CVD-INCIDENCE-001,cvd_2024_05,annual,2018,2018-01-01,2018,,,1,heart,male,age_standardised,national_estimate,hospital_plus_dco,inclusive,estimated,annual_age_standardised_rate,91.30243065892122,rate_per_100000,,,85.59702166682288,105.3981469923406,77.99974259579018,109.0265693956994,95,conditional_fay_feuer_gamma,,final,cvd_rates_v1_1_0,UN_WPP_2024,BRB,persons,2026-08-26,historical_estimate,WHO_WORLD_2000_2025,none,No disclosure restriction identified.,91.302
bnr_cvd_public_metric_v2,CVD-INCIDENCE-001,cvd_2024_05,annual,2018,2018-01-01,2018,,,1,heart,male,age_standardised,national_estimate,hospital_plus_dco,primary,estimated,annual_age_standardised_rate,87.89745848180877,rate_per_100000,,,84.1218207023211,96.44607232215819,74.83193112074653,105.4037066287148,95,conditional_fay_feuer_gamma,,final,cvd_rates_v1_1_0,UN_WPP_2024,BRB,persons,2026-08-26,historical_estimate,WHO_WORLD_2000_2025,none,No disclosure restriction identified.,87.897
bnr_cvd_public_metric_v2,CVD-BURDEN-001,cvd_2024_05,annual,2018,2018-01-01,2018,,,1,heart,male,all,hospital_registered,hospital_only,not_applicable,observed,annual_count,151,count,151,,,,,,,,,final,,,,,,,,none,No disclosure restriction identified.,151.000
bnr_cvd_public_metric_v2,CVD-INCIDENCE-001,cvd_2024_05,annual,2018,2018-01-01,2018,,,1,stroke,all,age_standardised,national_estimate,hospital_plus_dco,primary,estimated,annual_age_standardised_rate,,rate_per_100000,,,,,,,95,conditional_fay_feuer_gamma,,final,cvd_rates_v1_1_0,UN_WPP_2024,BRB,persons,2026-08-26,historical_estimate,WHO_WORLD_2000_2025,secondary,Secondary suppression: protects a related confidential value.,*
bnr_cvd_public_metric_v2,CVD-BURDEN-001,cvd_2024_05,quarterly,2018_q3,2018-07-01,2018,7,3,1,stroke,all,all,hospital_registered,hospital_only,not_applicable,observed,quarterly_count,135,count,135,,,,,,,,,final,,,,,,,,none,No disclosure restriction identified.,135.000
bnr_cvd_public_metric_v2,CVD-BURDEN-001,cvd_2024_05,quarterly,2018_q2,2018-04-01,2018,4,2,1,stroke,all,all,hospital_registered,hospital_only,not_applicable,observed,quarterly_count,140,count,140,,,,,,,,,final,,,,,,,,none,No disclosure restriction identified.,140.000
bnr_cvd_public_metric_v2,CVD-BURDEN-001,cvd_2024_05,quarterly,2018_q1,2018-01-01,2018,1,1,1,stroke,all,all,hospital_registered,hospital_only,not_applicable,observed,quarterly_same_quarter_previous_5yr_mean,143.2,count,716,,,,,,,,5,final,,,,,,,,none,No disclosure restriction identified.,143.200
bnr_cvd_public_metric_v2,CVD-BURDEN-002,cvd_2024_05,annual,2018,2018-01-01,2018,,,1,stroke,all,all,hospital_registered,hospital_only,not_applicable,observed,event_type_distribution,68.15365551425032,percent,550,807,,,,,,,,final,,,,,,,,none,No disclosure restriction identified.,68.154
bnr_cvd_public_metric_v2,CVD-BURDEN-001,cvd_2024_05,quarterly,2018_q1,2018-01-01,2018,1,1,1,stroke,all,all,hospital_registered,hospital_only,not_applicable,observed,quarterly_count,153,count,153,,,,,,,,,final,,,,,,,,none,No disclosure restriction identified.,153.000
bnr_cvd_public_metric_v2,CVD-BURDEN-001,cvd_2024_05,annual,2018,2018-01-01,2018,,,1,stroke,all,all,national_estimate,hospital_plus_dco,inclusive,estimated,annual_count,,count,,,,,,,,,,final,cvd_rates_v1_1_0,not_applicable,BRB,not_applicable,not_applicable,not_applicable,not_applicable,secondary,Secondary suppression: protects a related confidential value.,*
bnr_cvd_public_metric_v2,CVD-INCIDENCE-001,cvd_2024_05,annual,2018,2018-01-01,2018,,,1,stroke,all,all,national_estimate,hospital_plus_dco,primary,estimated,annual_crude_rate,,rate_per_100000,,,,,,,95,conditional_gamma,,final,cvd_rates_v1_1_0,UN_WPP_2024,BRB,persons,2026-08-26,historical_estimate,WHO_WORLD_2000_2025,secondary,Secondary suppression: protects a related confidential value.,*
bnr_cvd_public_metric_v2,CVD-BURDEN-001,cvd_2024_05,quarterly,2018_q4,2018-10-01,2018,10,4,1,stroke,all,all,hospital_registered,hospital_only,not_applicable,observed,quarterly_same_quarter_previous_5yr_mean,133.8,count,669,,,,,,,,5,final,,,,,,,,none,No disclosure restriction identified.,133.800
bnr_cvd_public_metric_v2,CVD-INCIDENCE-001,cvd_2024_05,annual,2018,2018-01-01,2018,,,1,stroke,all,all,national_estimate,hospital_plus_dco,inclusive,estimated,annual_crude_rate,,rate_per_100000,,,,,,,95,conditional_gamma,,final,cvd_rates_v1_1_0,UN_WPP_2024,BRB,persons,2026-08-26,historical_estimate,WHO_WORLD_2000_2025,secondary,Secondary suppression: protects a related confidential value.,*
bnr_cvd_public_metric_v2,CVD-BURDEN-001,cvd_2024_05,annual,2018,2018-01-01,2018,,,1,stroke,all,all,national_estimate,additional_dco,inclusive,estimated,annual_count,,count,,,,,,,,,,final,cvd_rates_v1_1_0,not_applicable,BRB,not_applicable,not_applicable,not_applicable,not_applicable,secondary,Secondary suppression: protects a related confidential value.,*
bnr_cvd_public_metric_v2,CVD-BURDEN-001,cvd_2024_05,quarterly,2018_q4,2018-10-01,2018,10,4,1,stroke,all,all,hospital_registered,hospital_only,not_applicable,observed,quarterly_count,122,count,122,,,,,,,,,final,,,,,,,,none,No disclosure restriction identified.,122.000
bnr_cvd_public_metric_v2,CVD-BURDEN-001,cvd_2024_05,annual,2018,2018-01-01,2018,,,1,stroke,all,all,national_estimate,additional_dco,primary,estimated,annual_count,,count,,,,,,,,,,final,cvd_rates_v1_1_0,not_applicable,BRB,not_applicable,not_applicable,not_applicable,not_applicable,secondary,Secondary suppression: protects a related confidential value.,*
bnr_cvd_public_metric_v2,CVD-INCIDENCE-001,cvd_2024_05,annual,2018,2018-01-01,2018,,,1,stroke,all,age_standardised,hospital_registered,hospital_only,not_applicable,observed,annual_age_standardised_rate,127.053184871189,rate_per_100000,,,,,116.3472535424182,138.8231530514556,95,fay_feuer_gamma,,final,cvd_rates_v1_1_0,UN_WPP_2024,BRB,persons,2026-08-26,historical_estimate,WHO_WORLD_2000_2025,none,No disclosure restriction identified.,127.053
bnr_cvd_public_metric_v2,CVD-INCIDENCE-001,cvd_2024_05,annual,2018,2018-01-01,2018,,,1,stroke,all,all,hospital_registered,hospital_only,not_applicable,observed,annual_crude_rate,195.9313955124586,rate_per_100000,550,280710.5,,,179.8967723114729,213.011876476117,95,poisson_exact_garwood,,final,cvd_rates_v1_1_0,UN_WPP_2024,BRB,persons,2026-08-26,historical_estimate,WHO_WORLD_2000_2025,none,No disclosure restriction identified.,195.931
bnr_cvd_public_metric_v2,CVD-BURDEN-001,cvd_2024_05,annual,2018,2018-01-01,2018,,,1,stroke,all,all,hospital_registered,hospital_only,not_applicable,observed,annual_count,550,count,550,,,,,,,,,final,,,,,,,,none,No disclosure restriction identified.,550.000
bnr_cvd_public_metric_v2,CVD-BURDEN-001,cvd_2024_05,quarterly,2018_q2,2018-04-01,2018,4,2,1,stroke,all,all,hospital_registered,hospital_only,not_applicable,observed,quarterly_same_quarter_previous_5yr_mean,118.8,count,594,,,,,,,,5,final,,,,,,,,none,No disclosure restriction identified.,118.800
bnr_cvd_public_metric_v2,CVD-BURDEN-001,cvd_2024_05,annual,2018,2018-01-01,2018,,,1,stroke,all,all,national_estimate,hospital_plus_dco,primary,estimated,annual_count,,count,,,,,,,,,,final,cvd_rates_v1_1_0,not_applicable,BRB,not_applicable,not_applicable,not_applicable,not_applicable,secondary,Secondary suppression: protects a related confidential value.,*
bnr_cvd_public_metric_v2,CVD-BURDEN-001,cvd_2024_05,annual,2018,2018-01-01,2018,,,1,stroke,all,all,hospital_registered,hospital_only,not_applicable,observed,annual_previous_5yr_mean,523.2,count,2616,,,,,,,,5,final,,,,,,,,none,No disclosure restriction identified.,523.200
bnr_cvd_public_metric_v2,CVD-BURDEN-001,cvd_2024_05,quarterly,2018_q3,2018-07-01,2018,7,3,1,stroke,all,all,hospital_registered,hospital_only,not_applicable,observed,quarterly_same_quarter_previous_5yr_mean,127.4,count,637,,,,,,,,5,final,,,,,,,,none,No disclosure restriction identified.,127.400
bnr_cvd_public_metric_v2,CVD-INCIDENCE-001,cvd_2024_05,annual,2018,2018-01-01,2018,,,1,stroke,all,age_standardised,national_estimate,hospital_plus_dco,inclusive,estimated,annual_age_standardised_rate,,rate_per_100000,,,,,,,95,conditional_fay_feuer_gamma,,final,cvd_rates_v1_1_0,UN_WPP_2024,BRB,persons,2026-08-26,historical_estimate,WHO_WORLD_2000_2025,secondary,Secondary suppression: protects a related confidential value.,*
bnr_cvd_public_metric_v2,CVD-BURDEN-001,cvd_2024_05,quarterly,2018_q1,2018-01-01,2018,1,1,1,stroke,female,all,hospital_registered,hospital_only,not_applicable,observed,quarterly_count,82,count,82,,,,,,,,,final,,,,,,,,none,No disclosure restriction identified.,82.000
bnr_cvd_public_metric_v2,CVD-BURDEN-001,cvd_2024_05,quarterly,2018_q4,2018-10-01,2018,10,4,1,stroke,female,all,hospital_registered,hospital_only,not_applicable,observed,quarterly_count,64,count,64,,,,,,,,,final,,,,,,,,none,No disclosure restriction identified.,64.000
bnr_cvd_public_metric_v2,CVD-INCIDENCE-001,cvd_2024_05,annual,2018,2018-01-01,2018,,,1,stroke,female,age_standardised,national_estimate,hospital_plus_dco,inclusive,estimated,annual_age_standardised_rate,127.3043155339083,rate_per_100000,,,118.2216436702498,149.7438577852998,113.3832928414093,143.3003685771288,95,conditional_fay_feuer_gamma,,final,cvd_rates_v1_1_0,UN_WPP_2024,BRB,persons,2026-08-26,historical_estimate,WHO_WORLD_2000_2025,none,No disclosure restriction identified.,127.304
bnr_cvd_public_metric_v2,CVD-INCIDENCE-001,cvd_2024_05,annual,2018,2018-01-01,2018,,,1,stroke,female,all,national_estimate,hospital_plus_dco,inclusive,estimated,annual_crude_rate,226.1707456654279,rate_per_100000,330.6016949152543,146173.5,206.6037961737251,274.5126208802231,202.4451321041889,251.9129797172517,95,conditional_gamma,,final,cvd_rates_v1_1_0,UN_WPP_2024,BRB,persons,2026-08-26,historical_estimate,WHO_WORLD_2000_2025,none,No disclosure restriction identified.,226.171
bnr_cvd_public_metric_v2,CVD-BURDEN-002,cvd_2024_05,annual,2018,2018-01-01,2018,,,1,stroke,female,all,hospital_registered,hospital_only,not_applicable,observed,sex_distribution,50.36363636363637,percent,277,550,,,,,,,,final,,,,,,,,none,No disclosure restriction identified.,50.364
bnr_cvd_public_metric_v2,CVD-BURDEN-001,cvd_2024_05,quarterly,2018_q2,2018-04-01,2018,4,2,1,stroke,female,all,hospital_registered,hospital_only,not_applicable,observed,quarterly_count,71,count,71,,,,,,,,,final,,,,,,,,none,No disclosure restriction identified.,71.000
bnr_cvd_public_metric_v2,CVD-BURDEN-001,cvd_2024_05,quarterly,2018_q4,2018-10-01,2018,10,4,1,stroke,female,all,hospital_registered,hospital_only,not_applicable,observed,quarterly_same_quarter_previous_5yr_mean,72.2,count,361,,,,,,,,5,final,,,,,,,,none,No disclosure restriction identified.,72.200
bnr_cvd_public_metric_v2,CVD-INCIDENCE-001,cvd_2024_05,annual,2018,2018-01-01,2018,,,1,stroke,female,age_standardised,national_estimate,hospital_plus_dco,primary,estimated,annual_age_standardised_rate,122.2934947835154,rate_per_100000,,,116.070639867232,136.3829776128362,108.5890451509962,138.0838127421504,95,conditional_fay_feuer_gamma,,final,cvd_rates_v1_1_0,UN_WPP_2024,BRB,persons,2026-08-26,historical_estimate,WHO_WORLD_2000_2025,none,No disclosure restriction identified.,122.293
bnr_cvd_public_metric_v2,CVD-BURDEN-001,cvd_2024_05,annual,2018,2018-01-01,2018,,,1,stroke,female,all,national_estimate,additional_dco,primary,estimated,annual_count,37.35260115606935,count,37.35260115606935,,18,81.16981132075472,,,,,,final,cvd_rates_v1_1_0,not_applicable,BRB,not_applicable,not_applicable,not_applicable,not_applicable,none,No disclosure restriction identified.,37.353
bnr_cvd_public_metric_v2,CVD-BURDEN-001,cvd_2024_05,annual,2018,2018-01-01,2018,,,1,stroke,female,all,hospital_registered,hospital_only,not_applicable,observed,annual_count,277,count,277,,,,,,,,,final,,,,,,,,none,No disclosure restriction identified.,277.000
bnr_cvd_public_metric_v2,CVD-BURDEN-001,cvd_2024_05,quarterly,2018_q3,2018-07-01,2018,7,3,1,stroke,female,all,hospital_registered,hospital_only,not_applicable,observed,quarterly_same_quarter_previous_5yr_mean,69,count,345,,,,,,,,5,final,,,,,,,,none,No disclosure restriction identified.,69.000
bnr_cvd_public_metric_v2,CVD-BURDEN-001,cvd_2024_05,annual,2018,2018-01-01,2018,,,1,stroke,female,all,national_estimate,hospital_plus_dco,inclusive,estimated,annual_count,330.6016949152543,count,330.6016949152543,,302,401.2647058823529,,,,,,final,cvd_rates_v1_1_0,not_applicable,BRB,not_applicable,not_applicable,not_applicable,not_applicable,none,No disclosure restriction identified.,330.602
bnr_cvd_public_metric_v2,CVD-BURDEN-001,cvd_2024_05,quarterly,2018_q2,2018-04-01,2018,4,2,1,stroke,female,all,hospital_registered,hospital_only,not_applicable,observed,quarterly_same_quarter_previous_5yr_mean,59,count,295,,,,,,,,5,final,,,,,,,,none,No disclosure restriction identified.,59.000
bnr_cvd_public_metric_v2,CVD-INCIDENCE-001,cvd_2024_05,annual,2018,2018-01-01,2018,,,1,stroke,female,all,hospital_registered,hospital_only,not_applicable,observed,annual_crude_rate,189.5008329143107,rate_per_100000,277,146173.5,,,167.8395397396302,213.1820964405546,95,poisson_exact_garwood,,final,cvd_rates_v1_1_0,UN_WPP_2024,BRB,persons,2026-08-26,historical_estimate,WHO_WORLD_2000_2025,none,No disclosure restriction identified.,189.501
bnr_cvd_public_metric_v2,CVD-BURDEN-001,cvd_2024_05,annual,2018,2018-01-01,2018,,,1,stroke,female,all,national_estimate,additional_dco,inclusive,estimated,annual_count,53.60169491525425,count,53.60169491525425,,25,124.2647058823529,,,,,,final,cvd_rates_v1_1_0,not_applicable,BRB,not_applicable,not_applicable,not_applicable,not_applicable,none,No disclosure restriction identified.,53.602
bnr_cvd_public_metric_v2,CVD-BURDEN-001,cvd_2024_05,quarterly,2018_q3,2018-07-01,2018,7,3,1,stroke,female,all,hospital_registered,hospital_only,not_applicable,observed,quarterly_count,60,count,60,,,,,,,,,final,,,,,,,,none,No disclosure restriction identified.,60.000
bnr_cvd_public_metric_v2,CVD-BURDEN-001,cvd_2024_05,annual,2018,2018-01-01,2018,,,1,stroke,female,all,national_estimate,hospital_plus_dco,primary,estimated,annual_count,314.3526011560693,count,314.3526011560693,,295,358.1698113207547,,,,,,final,cvd_rates_v1_1_0,not_applicable,BRB,not_applicable,not_applicable,not_applicable,not_applicable,none,No disclosure restriction identified.,314.353
bnr_cvd_public_metric_v2,CVD-BURDEN-001,cvd_2024_05,annual,2018,2018-01-01,2018,,,1,stroke,female,all,hospital_registered,hospital_only,not_applicable,observed,annual_previous_5yr_mean,276.4,count,1382,,,,,,,,5,final,,,,,,,,none,No disclosure restriction identified.,276.400
bnr_cvd_public_metric_v2,CVD-INCIDENCE-001,cvd_2024_05,annual,2018,2018-01-01,2018,,,1,stroke,female,age_standardised,hospital_registered,hospital_only,not_applicable,observed,annual_age_standardised_rate,110.2827156709039,rate_per_100000,,,,,97.14196310359976,125.5354785655406,95,fay_feuer_gamma,,final,cvd_rates_v1_1_0,UN_WPP_2024,BRB,persons,2026-08-26,historical_estimate,WHO_WORLD_2000_2025,none,No disclosure restriction identified.,110.283
bnr_cvd_public_metric_v2,CVD-BURDEN-001,cvd_2024_05,quarterly,2018_q1,2018-01-01,2018,1,1,1,stroke,female,all,hospital_registered,hospital_only,not_applicable,observed,quarterly_same_quarter_previous_5yr_mean,76.2,count,381,,,,,,,,5,final,,,,,,,,none,No disclosure restriction identified.,76.200
bnr_cvd_public_metric_v2,CVD-INCIDENCE-001,cvd_2024_05,annual,2018,2018-01-01,2018,,,1,stroke,female,all,national_estimate,hospital_plus_dco,primary,estimated,annual_crude_rate,215.0544395229431,rate_per_100000,314.3526011560693,146173.5,201.8149664610891,245.0306049460092,191.9356689303924,240.190755592482,95,conditional_gamma,,final,cvd_rates_v1_1_0,UN_WPP_2024,BRB,persons,2026-08-26,historical_estimate,WHO_WORLD_2000_2025,none,No disclosure restriction identified.,215.054
bnr_cvd_public_metric_v2,CVD-BURDEN-001,cvd_2024_05,annual,2018,2018-01-01,2018,,,1,stroke,male,all,national_estimate,additional_dco,inclusive,estimated,annual_count,,count,,,,,,,,,,final,cvd_rates_v1_1_0,not_applicable,BRB,not_applicable,not_applicable,not_applicable,not_applicable,secondary,Secondary suppression: protects a related confidential value.,*
bnr_cvd_public_metric_v2,CVD-BURDEN-002,cvd_2024_05,annual,2018,2018-01-01,2018,,,1,stroke,male,all,hospital_registered,hospital_only,not_applicable,observed,sex_distribution,49.63636363636363,percent,273,550,,,,,,,,final,,,,,,,,none,No disclosure restriction identified.,49.636
bnr_cvd_public_metric_v2,CVD-INCIDENCE-001,cvd_2024_05,annual,2018,2018-01-01,2018,,,1,stroke,male,all,national_estimate,hospital_plus_dco,primary,estimated,annual_crude_rate,,rate_per_100000,,,,,,,95,conditional_gamma,,final,cvd_rates_v1_1_0,UN_WPP_2024,BRB,persons,2026-08-26,historical_estimate,WHO_WORLD_2000_2025,secondary,Secondary suppression: protects a related confidential value.,*
bnr_cvd_public_metric_v2,CVD-BURDEN-001,cvd_2024_05,annual,2018,2018-01-01,2018,,,1,stroke,male,all,national_estimate,hospital_plus_dco,inclusive,estimated,annual_count,,count,,,,,,,,,,final,cvd_rates_v1_1_0,not_applicable,BRB,not_applicable,not_applicable,not_applicable,not_applicable,secondary,Secondary suppression: protects a related confidential value.,*
bnr_cvd_public_metric_v2,CVD-BURDEN-001,cvd_2024_05,annual,2018,2018-01-01,2018,,,1,stroke,male,all,hospital_registered,hospital_only,not_applicable,observed,annual_count,273,count,273,,,,,,,,,final,,,,,,,,none,No disclosure restriction identified.,273.000
bnr_cvd_public_metric_v2,CVD-INCIDENCE-001,cvd_2024_05,annual,2018,2018-01-01,2018,,,1,stroke,male,age_standardised,hospital_registered,hospital_only,not_applicable,observed,annual_age_standardised_rate,144.4898008668038,rate_per_100000,,,,,127.2520847463699,165.9984563445941,95,fay_feuer_gamma,,final,cvd_rates_v1_1_0,UN_WPP_2024,BRB,persons,2026-08-26,historical_estimate,WHO_WORLD_2000_2025,none,No disclosure restriction identified.,144.490
bnr_cvd_public_metric_v2,CVD-BURDEN-001,cvd_2024_05,quarterly,2018_q4,2018-10-01,2018,10,4,1,stroke,male,all,hospital_registered,hospital_only,not_applicable,observed,quarterly_same_quarter_previous_5yr_mean,61.6,count,308,,,,,,,,5,final,,,,,,,,none,No disclosure restriction identified.,61.600
bnr_cvd_public_metric_v2,CVD-BURDEN-001,cvd_2024_05,quarterly,2018_q2,2018-04-01,2018,4,2,1,stroke,male,all,hospital_registered,hospital_only,not_applicable,observed,quarterly_count,69,count,69,,,,,,,,,final,,,,,,,,none,No disclosure restriction identified.,69.000
bnr_cvd_public_metric_v2,CVD-INCIDENCE-001,cvd_2024_05,annual,2018,2018-01-01,2018,,,1,stroke,male,all,national_estimate,hospital_plus_dco,inclusive,estimated,annual_crude_rate,,rate_per_100000,,,,,,,95,conditional_gamma,,final,cvd_rates_v1_1_0,UN_WPP_2024,BRB,persons,2026-08-26,historical_estimate,WHO_WORLD_2000_2025,secondary,Secondary suppression: protects a related confidential value.,*
bnr_cvd_public_metric_v2,CVD-BURDEN-001,cvd_2024_05,quarterly,2018_q4,2018-10-01,2018,10,4,1,stroke,male,all,hospital_registered,hospital_only,not_applicable,observed,quarterly_count,58,count,58,,,,,,,,,final,,,,,,,,none,No disclosure restriction identified.,58.000
bnr_cvd_public_metric_v2,CVD-INCIDENCE-001,cvd_2024_05,annual,2018,2018-01-01,2018,,,1,stroke,male,age_standardised,national_estimate,hospital_plus_dco,primary,estimated,annual_age_standardised_rate,,rate_per_100000,,,,,,,95,conditional_fay_feuer_gamma,,final,cvd_rates_v1_1_0,UN_WPP_2024,BRB,persons,2026-08-26,historical_estimate,WHO_WORLD_2000_2025,secondary,Secondary suppression: protects a related confidential value.,*
bnr_cvd_public_metric_v2,CVD-BURDEN-001,cvd_2024_05,quarterly,2018_q1,2018-01-01,2018,1,1,1,stroke,male,all,hospital_registered,hospital_only,not_applicable,observed,quarterly_same_quarter_previous_5yr_mean,67,count,335,,,,,,,,5,final,,,,,,,,none,No disclosure restriction identified.,67.000
bnr_cvd_public_metric_v2,CVD-BURDEN-001,cvd_2024_05,annual,2018,2018-01-01,2018,,,1,stroke,male,all,hospital_registered,hospital_only,not_applicable,observed,annual_previous_5yr_mean,246.8,count,1234,,,,,,,,5,final,,,,,,,,none,No disclosure restriction identified.,246.800
bnr_cvd_public_metric_v2,CVD-BURDEN-001,cvd_2024_05,annual,2018,2018-01-01,2018,,,1,stroke,male,all,national_estimate,hospital_plus_dco,primary,estimated,annual_count,,count,,,,,,,,,,final,cvd_rates_v1_1_0,not_applicable,BRB,not_applicable,not_applicable,not_applicable,not_applicable,secondary,Secondary suppression: protects a related confidential value.,*
bnr_cvd_public_metric_v2,CVD-INCIDENCE-001,cvd_2024_05,annual,2018,2018-01-01,2018,,,1,stroke,male,age_standardised,national_estimate,hospital_plus_dco,inclusive,estimated,annual_age_standardised_rate,,rate_per_100000,,,,,,,95,conditional_fay_feuer_gamma,,final,cvd_rates_v1_1_0,UN_WPP_2024,BRB,persons,2026-08-26,historical_estimate,WHO_WORLD_2000_2025,secondary,Secondary suppression: protects a related confidential value.,*
bnr_cvd_public_metric_v2,CVD-BURDEN-001,cvd_2024_05,quarterly,2018_q1,2018-01-01,2018,1,1,1,stroke,male,all,hospital_registered,hospital_only,not_applicable,observed,quarterly_count,71,count,71,,,,,,,,,final,,,,,,,,none,No disclosure restriction identified.,71.000
bnr_cvd_public_metric_v2,CVD-BURDEN-001,cvd_2024_05,quarterly,2018_q3,2018-07-01,2018,7,3,1,stroke,male,all,hospital_registered,hospital_only,not_applicable,observed,quarterly_count,75,count,75,,,,,,,,,final,,,,,,,,none,No disclosure restriction identified.,75.000
bnr_cvd_public_metric_v2,CVD-BURDEN-001,cvd_2024_05,quarterly,2018_q3,2018-07-01,2018,7,3,1,stroke,male,all,hospital_registered,hospital_only,not_applicable,observed,quarterly_same_quarter_previous_5yr_mean,58.4,count,292,,,,,,,,5,final,,,,,,,,none,No disclosure restriction identified.,58.400
bnr_cvd_public_metric_v2,CVD-BURDEN-001,cvd_2024_05,annual,2018,2018-01-01,2018,,,1,stroke,male,all,national_estimate,additional_dco,primary,estimated,annual_count,,count,,,,,,,,,,final,cvd_rates_v1_1_0,not_applicable,BRB,not_applicable,not_applicable,not_applicable,not_applicable,secondary,Secondary suppression: protects a related confidential value.,*
bnr_cvd_public_metric_v2,CVD-INCIDENCE-001,cvd_2024_05,annual,2018,2018-01-01,2018,,,1,stroke,male,all,hospital_registered,hospital_only,not_applicable,observed,annual_crude_rate,202.9181563436081,rate_per_100000,273,134537,,,179.5590680454935,228.4722417066904,95,poisson_exact_garwood,,final,cvd_rates_v1_1_0,UN_WPP_2024,BRB,persons,2026-08-26,historical_estimate,WHO_WORLD_2000_2025,none,No disclosure restriction identified.,202.918
bnr_cvd_public_metric_v2,CVD-BURDEN-001,cvd_2024_05,quarterly,2018_q2,2018-04-01,2018,4,2,1,stroke,male,all,hospital_registered,hospital_only,not_applicable,observed,quarterly_same_quarter_previous_5yr_mean,59.8,count,299,,,,,,,,5,final,,,,,,,,none,No disclosure restriction identified.,59.800
bnr_cvd_public_metric_v2,CVD-BURDEN-001,cvd_2024_05,monthly,2019_m03,2019-03-01,2019,3,,1,all_cvd,all,all,hospital_registered,hospital_only,not_applicable,observed,monthly_count,87,count,87,,,,,,,,,final,,,,,,,,none,No disclosure restriction identified.,87.000
bnr_cvd_public_metric_v2,CVD-BURDEN-001,cvd_2024_05,monthly,2019_m07,2019-07-01,2019,7,,1,all_cvd,all,all,hospital_registered,hospital_only,not_applicable,observed,monthly_count,62,count,62,,,,,,,,,final,,,,,,,,none,No disclosure restriction identified.,62.000
bnr_cvd_public_metric_v2,CVD-BURDEN-001,cvd_2024_05,monthly,2019_m05,2019-05-01,2019,5,,1,all_cvd,all,all,hospital_registered,hospital_only,not_applicable,observed,monthly_count,91,count,91,,,,,,,,,final,,,,,,,,none,No disclosure restriction identified.,91.000
bnr_cvd_public_metric_v2,CVD-BURDEN-002,cvd_2024_05,annual,2019,2019-01-01,2019,,,1,all_cvd,all,age_70_plus,hospital_registered,hospital_only,not_applicable,observed,age_distribution,52.62593783494105,percent,491,933,,,,,,,,final,,,,,,,,none,No disclosure restriction identified.,52.626
bnr_cvd_public_metric_v2,CVD-BURDEN-001,cvd_2024_05,annual,2019,2019-01-01,2019,,,1,all_cvd,all,age_70_plus,hospital_registered,hospital_only,not_applicable,observed,annual_previous_5yr_mean,383.4,count,1917,,,,,,,,5,final,,,,,,,,none,No disclosure restriction identified.,383.400
bnr_cvd_public_metric_v2,CVD-BURDEN-002,cvd_2024_05,annual,2019,2019-01-01,2019,,,1,all_cvd,all,under_70,hospital_registered,hospital_only,not_applicable,observed,age_distribution,47.37406216505895,percent,442,933,,,,,,,,final,,,,,,,,none,No disclosure restriction identified.,47.374
bnr_cvd_public_metric_v2,CVD-BURDEN-001,cvd_2024_05,monthly,2019_m12,2019-12-01,2019,12,,1,all_cvd,all,all,hospital_registered,hospital_only,not_applicable,observed,monthly_count,77,count,77,,,,,,,,,final,,,,,,,,none,No disclosure restriction identified.,77.000
bnr_cvd_public_metric_v2,CVD-BURDEN-001,cvd_2024_05,monthly,2019_m01,2019-01-01,2019,1,,1,all_cvd,all,all,hospital_registered,hospital_only,not_applicable,observed,monthly_count,90,count,90,,,,,,,,,final,,,,,,,,none,No disclosure restriction identified.,90.000
bnr_cvd_public_metric_v2,CVD-BURDEN-001,cvd_2024_05,monthly,2019_m04,2019-04-01,2019,4,,1,all_cvd,all,all,hospital_registered,hospital_only,not_applicable,observed,monthly_count,76,count,76,,,,,,,,,final,,,,,,,,none,No disclosure restriction identified.,76.000
bnr_cvd_public_metric_v2,CVD-BURDEN-001,cvd_2024_05,monthly,2019_m10,2019-10-01,2019,10,,1,all_cvd,all,all,hospital_registered,hospital_only,not_applicable,observed,monthly_count,62,count,62,,,,,,,,,final,,,,,,,,none,No disclosure restriction identified.,62.000
bnr_cvd_public_metric_v2,CVD-INCIDENCE-001,cvd_2024_05,annual,2019,2019-01-01,2019,,,1,all_cvd,all,age_standardised,national_estimate,hospital_plus_dco,inclusive,estimated,annual_age_standardised_rate,243.2368636715265,rate_per_100000,,,225.7881184088851,289.06378804264,228.7780572997667,258.7217862787757,95,conditional_fay_feuer_gamma,,final,cvd_rates_v1_1_0,UN_WPP_2024,BRB,persons,2026-08-26,historical_estimate,WHO_WORLD_2000_2025,none,No disclosure restriction identified.,243.237
bnr_cvd_public_metric_v2,CVD-BURDEN-001,cvd_2024_05,annual,2019,2019-01-01,2019,,,1,all_cvd,all,all,national_estimate,additional_dco,primary,estimated,annual_count,122.7711864406779,count,122.7711864406779,,66,269.0000000000001,,,,,,final,cvd_rates_v1_1_0,not_applicable,BRB,not_applicable,not_applicable,not_applicable,not_applicable,none,No disclosure restriction identified.,122.771
bnr_cvd_public_metric_v2,CVD-BURDEN-001,cvd_2024_05,quarterly,2019_q1,2019-01-01,2019,1,1,1,all_cvd,all,all,hospital_registered,hospital_only,not_applicable,observed,quarterly_count,252,count,252,,,,,,,,,final,,,,,,,,none,No disclosure restriction identified.,252.000
bnr_cvd_public_metric_v2,CVD-BURDEN-001,cvd_2024_05,quarterly,2019_q1,2019-01-01,2019,1,1,1,all_cvd,all,all,hospital_registered,hospital_only,not_applicable,observed,quarterly_same_quarter_previous_5yr_mean,202,count,1010,,,,,,,,5,final,,,,,,,,none,No disclosure restriction identified.,202.000
bnr_cvd_public_metric_v2,CVD-INCIDENCE-001,cvd_2024_05,annual,2019,2019-01-01,2019,,,1,all_cvd,all,age_standardised,national_estimate,hospital_plus_dco,primary,estimated,annual_age_standardised_rate,232.6468270174604,rate_per_100000,,,220.4494198890183,264.0643908331446,218.4976462034379,247.8238454672947,95,conditional_fay_feuer_gamma,,final,cvd_rates_v1_1_0,UN_WPP_2024,BRB,persons,2026-08-26,historical_estimate,WHO_WORLD_2000_2025,none,No disclosure restriction identified.,232.647
bnr_cvd_public_metric_v2,CVD-BURDEN-001,cvd_2024_05,annual,2019,2019-01-01,2019,,,1,all_cvd,all,under_70,hospital_registered,hospital_only,not_applicable,observed,annual_count,442,count,442,,,,,,,,,final,,,,,,,,none,No disclosure restriction identified.,442.000
bnr_cvd_public_metric_v2,CVD-BURDEN-001,cvd_2024_05,annual,2019,2019-01-01,2019,,,1,all_cvd,all,all,national_estimate,hospital_plus_dco,inclusive,estimated,annual_count,1105.348484848485,count,1105.348484848485,,1024,1319,,,,,,final,cvd_rates_v1_1_0,not_applicable,BRB,not_applicable,not_applicable,not_applicable,not_applicable,none,No disclosure restriction identified.,1105.348
bnr_cvd_public_metric_v2,CVD-BURDEN-001,cvd_2024_05,annual,2019,2019-01-01,2019,,,1,all_cvd,all,under_70,hospital_registered,hospital_only,not_applicable,observed,annual_previous_5yr_mean,379.6,count,1898,,,,,,,,5,final,,,,,,,,none,No disclosure restriction identified.,379.600
bnr_cvd_public_metric_v2,CVD-INCIDENCE-001,cvd_2024_05,annual,2019,2019-01-01,2019,,,1,all_cvd,all,all,national_estimate,hospital_plus_dco,primary,estimated,annual_crude_rate,375.44204419892,rate_per_100000,1055.771186440678,281207.5,355.253682778731,427.4423690691038,353.1339584223053,398.7900497454883,95,conditional_gamma,,final,cvd_rates_v1_1_0,UN_WPP_2024,BRB,persons,2026-08-26,historical_estimate,WHO_WORLD_2000_2025,none,No disclosure restriction identified.,375.442
bnr_cvd_public_metric_v2,CVD-BURDEN-001,cvd_2024_05,monthly,2019_m11,2019-11-01,2019,11,,1,all_cvd,all,all,hospital_registered,hospital_only,not_applicable,observed,monthly_count,68,count,68,,,,,,,,,final,,,,,,,,none,No disclosure restriction identified.,68.000
bnr_cvd_public_metric_v2,CVD-BURDEN-001,cvd_2024_05,quarterly,2019_q4,2019-10-01,2019,10,4,1,all_cvd,all,all,hospital_registered,hospital_only,not_applicable,observed,quarterly_same_quarter_previous_5yr_mean,190.8,count,954,,,,,,,,5,final,,,,,,,,none,No disclosure restriction identified.,190.800
bnr_cvd_public_metric_v2,CVD-BURDEN-001,cvd_2024_05,annual,2019,2019-01-01,2019,,,1,all_cvd,all,all,national_estimate,hospital_plus_dco,primary,estimated,annual_count,1055.771186440678,count,1055.771186440678,,999,1202,,,,,,final,cvd_rates_v1_1_0,not_applicable,BRB,not_applicable,not_applicable,not_applicable,not_applicable,none,No disclosure restriction identified.,1055.771
bnr_cvd_public_metric_v2,CVD-BURDEN-001,cvd_2024_05,quarterly,2019_q3,2019-07-01,2019,7,3,1,all_cvd,all,all,hospital_registered,hospital_only,not_applicable,observed,quarterly_same_quarter_previous_5yr_mean,184,count,920,,,,,,,,5,final,,,,,,,,none,No disclosure restriction identified.,184.000
bnr_cvd_public_metric_v2,CVD-INCIDENCE-001,cvd_2024_05,annual,2019,2019-01-01,2019,,,1,all_cvd,all,all,national_estimate,hospital_plus_dco,inclusive,estimated,annual_crude_rate,393.0721921885031,rate_per_100000,1105.348484848485,281207.5,364.1439150805011,469.0486562413876,370.2384371065438,416.9456259230284,95,conditional_gamma,,final,cvd_rates_v1_1_0,UN_WPP_2024,BRB,persons,2026-08-26,historical_estimate,WHO_WORLD_2000_2025,none,No disclosure restriction identified.,393.072
bnr_cvd_public_metric_v2,CVD-BURDEN-001,cvd_2024_05,annual,2019,2019-01-01,2019,,,1,all_cvd,all,age_70_plus,hospital_registered,hospital_only,not_applicable,observed,annual_count,491,count,491,,,,,,,,,final,,,,,,,,none,No disclosure restriction identified.,491.000
bnr_cvd_public_metric_v2,CVD-BURDEN-001,cvd_2024_05,quarterly,2019_q2,2019-04-01,2019,4,2,1,all_cvd,all,all,hospital_registered,hospital_only,not_applicable,observed,quarterly_count,243,count,243,,,,,,,,,final,,,,,,,,none,No disclosure restriction identified.,243.000
bnr_cvd_public_metric_v2,CVD-BURDEN-001,cvd_2024_05,monthly,2019_m09,2019-09-01,2019,9,,1,all_cvd,all,all,hospital_registered,hospital_only,not_applicable,observed,monthly_count,94,count,94,,,,,,,,,final,,,,,,,,none,No disclosure restriction identified.,94.000
bnr_cvd_public_metric_v2,CVD-BURDEN-001,cvd_2024_05,quarterly,2019_q3,2019-07-01,2019,7,3,1,all_cvd,all,all,hospital_registered,hospital_only,not_applicable,observed,quarterly_count,231,count,231,,,,,,,,,final,,,,,,,,none,No disclosure restriction identified.,231.000
bnr_cvd_public_metric_v2,CVD-BURDEN-001,cvd_2024_05,annual,2019,2019-01-01,2019,,,1,all_cvd,all,all,hospital_registered,hospital_only,not_applicable,observed,annual_previous_5yr_mean,763.8,count,3819,,,,,,,,5,final,,,,,,,,none,No disclosure restriction identified.,763.800
bnr_cvd_public_metric_v2,CVD-INCIDENCE-001,cvd_2024_05,annual,2019,2019-01-01,2019,,,1,all_cvd,all,all,hospital_registered,hospital_only,not_applicable,observed,annual_crude_rate,331.7834695020581,rate_per_100000,933,281207.5,,,310.8329305358126,353.7746057188938,95,poisson_exact_garwood,,final,cvd_rates_v1_1_0,UN_WPP_2024,BRB,persons,2026-08-26,historical_estimate,WHO_WORLD_2000_2025,none,No disclosure restriction identified.,331.783
bnr_cvd_public_metric_v2,CVD-BURDEN-001,cvd_2024_05,monthly,2019_m08,2019-08-01,2019,8,,1,all_cvd,all,all,hospital_registered,hospital_only,not_applicable,observed,monthly_count,75,count,75,,,,,,,,,final,,,,,,,,none,No disclosure restriction identified.,75.000
bnr_cvd_public_metric_v2,CVD-BURDEN-001,cvd_2024_05,quarterly,2019_q4,2019-10-01,2019,10,4,1,all_cvd,all,all,hospital_registered,hospital_only,not_applicable,observed,quarterly_count,207,count,207,,,,,,,,,final,,,,,,,,none,No disclosure restriction identified.,207.000
bnr_cvd_public_metric_v2,CVD-BURDEN-001,cvd_2024_05,monthly,2019_m06,2019-06-01,2019,6,,1,all_cvd,all,all,hospital_registered,hospital_only,not_applicable,observed,monthly_count,76,count,76,,,,,,,,,final,,,,,,,,none,No disclosure restriction identified.,76.000
bnr_cvd_public_metric_v2,CVD-BURDEN-001,cvd_2024_05,annual,2019,2019-01-01,2019,,,1,all_cvd,all,all,national_estimate,additional_dco,inclusive,estimated,annual_count,172.3484848484848,count,172.3484848484848,,91,386.0000000000001,,,,,,final,cvd_rates_v1_1_0,not_applicable,BRB,not_applicable,not_applicable,not_applicable,not_applicable,none,No disclosure restriction identified.,172.348
bnr_cvd_public_metric_v2,CVD-INCIDENCE-001,cvd_2024_05,annual,2019,2019-01-01,2019,,,1,all_cvd,all,age_standardised,hospital_registered,hospital_only,not_applicable,observed,annual_age_standardised_rate,206.2691830303369,rate_per_100000,,,,,192.9621036549813,220.6064892661332,95,fay_feuer_gamma,,final,cvd_rates_v1_1_0,UN_WPP_2024,BRB,persons,2026-08-26,historical_estimate,WHO_WORLD_2000_2025,none,No disclosure restriction identified.,206.269
bnr_cvd_public_metric_v2,CVD-BURDEN-001,cvd_2024_05,annual,2019,2019-01-01,2019,,,1,all_cvd,all,all,hospital_registered,hospital_only,not_applicable,observed,annual_count,933,count,933,,,,,,,,,final,,,,,,,,none,No disclosure restriction identified.,933.000
bnr_cvd_public_metric_v2,CVD-BURDEN-001,cvd_2024_05,monthly,2019_m02,2019-02-01,2019,2,,1,all_cvd,all,all,hospital_registered,hospital_only,not_applicable,observed,monthly_count,75,count,75,,,,,,,,,final,,,,,,,,none,No disclosure restriction identified.,75.000
bnr_cvd_public_metric_v2,CVD-BURDEN-001,cvd_2024_05,quarterly,2019_q2,2019-04-01,2019,4,2,1,all_cvd,all,all,hospital_registered,hospital_only,not_applicable,observed,quarterly_same_quarter_previous_5yr_mean,187,count,935,,,,,,,,5,final,,,,,,,,none,No disclosure restriction identified.,187.000
bnr_cvd_public_metric_v2,CVD-BURDEN-001,cvd_2024_05,quarterly,2019_q4,2019-10-01,2019,10,4,1,all_cvd,female,all,hospital_registered,hospital_only,not_applicable,observed,quarterly_count,94,count,94,,,,,,,,,final,,,,,,,,none,No disclosure restriction identified.,94.000
bnr_cvd_public_metric_v2,CVD-BURDEN-001,cvd_2024_05,quarterly,2019_q1,2019-01-01,2019,1,1,1,all_cvd,female,all,hospital_registered,hospital_only,not_applicable,observed,quarterly_count,124,count,124,,,,,,,,,final,,,,,,,,none,No disclosure restriction identified.,124.000
bnr_cvd_public_metric_v2,CVD-BURDEN-001,cvd_2024_05,quarterly,2019_q1,2019-01-01,2019,1,1,1,all_cvd,female,all,hospital_registered,hospital_only,not_applicable,observed,quarterly_same_quarter_previous_5yr_mean,100.2,count,501,,,,,,,,5,final,,,,,,,,none,No disclosure restriction identified.,100.200
bnr_cvd_public_metric_v2,CVD-BURDEN-001,cvd_2024_05,annual,2019,2019-01-01,2019,,,1,all_cvd,female,all,hospital_registered,hospital_only,not_applicable,observed,annual_previous_5yr_mean,384.4,count,1922,,,,,,,,5,final,,,,,,,,none,No disclosure restriction identified.,384.400
bnr_cvd_public_metric_v2,CVD-BURDEN-002,cvd_2024_05,annual,2019,2019-01-01,2019,,,1,all_cvd,female,all,hospital_registered,hospital_only,not_applicable,observed,sex_distribution,50.37513397642015,percent,470,933,,,,,,,,final,,,,,,,,none,No disclosure restriction identified.,50.375
bnr_cvd_public_metric_v2,CVD-INCIDENCE-001,cvd_2024_05,annual,2019,2019-01-01,2019,,,1,all_cvd,female,age_standardised,hospital_registered,hospital_only,not_applicable,observed,annual_age_standardised_rate,177.1788320095817,rate_per_100000,,,,,161.0097097228012,195.3755919375531,95,fay_feuer_gamma,,final,cvd_rates_v1_1_0,UN_WPP_2024,BRB,persons,2026-08-26,historical_estimate,WHO_WORLD_2000_2025,none,No disclosure restriction identified.,177.179
bnr_cvd_public_metric_v2,CVD-BURDEN-001,cvd_2024_05,quarterly,2019_q2,2019-04-01,2019,4,2,1,all_cvd,female,all,hospital_registered,hospital_only,not_applicable,observed,quarterly_count,136,count,136,,,,,,,,,final,,,,,,,,none,No disclosure restriction identified.,136.000
bnr_cvd_public_metric_v2,CVD-BURDEN-001,cvd_2024_05,annual,2019,2019-01-01,2019,,,1,all_cvd,female,all,hospital_registered,hospital_only,not_applicable,observed,annual_count,470,count,470,,,,,,,,,final,,,,,,,,none,No disclosure restriction identified.,470.000
bnr_cvd_public_metric_v2,CVD-INCIDENCE-001,cvd_2024_05,annual,2019,2019-01-01,2019,,,1,all_cvd,female,age_standardised,national_estimate,hospital_plus_dco,inclusive,estimated,annual_age_standardised_rate,207.1908252240789,rate_per_100000,,,193.0251644268362,244.3951431421119,189.799192505327,226.5886758737025,95,conditional_fay_feuer_gamma,,final,cvd_rates_v1_1_0,UN_WPP_2024,BRB,persons,2026-08-26,historical_estimate,WHO_WORLD_2000_2025,none,No disclosure restriction identified.,207.191
bnr_cvd_public_metric_v2,CVD-BURDEN-001,cvd_2024_05,annual,2019,2019-01-01,2019,,,1,all_cvd,female,all,national_estimate,additional_dco,primary,estimated,annual_count,57.66525423728813,count,57.66525423728813,,31,126.3484848484849,,,,,,final,cvd_rates_v1_1_0,not_applicable,BRB,not_applicable,not_applicable,not_applicable,not_applicable,none,No disclosure restriction identified.,57.665
bnr_cvd_public_metric_v2,CVD-INCIDENCE-001,cvd_2024_05,annual,2019,2019-01-01,2019,,,1,all_cvd,female,all,national_estimate,hospital_plus_dco,inclusive,estimated,annual_crude_rate,380.5771711037494,rate_per_100000,557.1212121212121,146388.5,352.4867048982672,454.3532306983672,349.6269732681693,413.5326958836887,95,conditional_gamma,,final,cvd_rates_v1_1_0,UN_WPP_2024,BRB,persons,2026-08-26,historical_estimate,WHO_WORLD_2000_2025,none,No disclosure restriction identified.,380.577
bnr_cvd_public_metric_v2,CVD-BURDEN-001,cvd_2024_05,quarterly,2019_q4,2019-10-01,2019,10,4,1,all_cvd,female,all,hospital_registered,hospital_only,not_applicable,observed,quarterly_same_quarter_previous_5yr_mean,101.4,count,507,,,,,,,,5,final,,,,,,,,none,No disclosure restriction identified.,101.400
bnr_cvd_public_metric_v2,CVD-BURDEN-001,cvd_2024_05,annual,2019,2019-01-01,2019,,,1,all_cvd,female,all,national_estimate,hospital_plus_dco,primary,estimated,annual_count,527.6652542372881,count,527.6652542372881,,501,596.3484848484849,,,,,,final,cvd_rates_v1_1_0,not_applicable,BRB,not_applicable,not_applicable,not_applicable,not_applicable,none,No disclosure restriction identified.,527.665
bnr_cvd_public_metric_v2,CVD-INCIDENCE-001,cvd_2024_05,annual,2019,2019-01-01,2019,,,1,all_cvd,female,age_standardised,national_estimate,hospital_plus_dco,primary,estimated,annual_age_standardised_rate,196.8185066973008,rate_per_100000,,,187.7368348029797,220.2106918796432,179.8365320477222,215.8137208291079,95,conditional_fay_feuer_gamma,,final,cvd_rates_v1_1_0,UN_WPP_2024,BRB,persons,2026-08-26,historical_estimate,WHO_WORLD_2000_2025,none,No disclosure restriction identified.,196.819
bnr_cvd_public_metric_v2,CVD-BURDEN-001,cvd_2024_05,quarterly,2019_q3,2019-07-01,2019,7,3,1,all_cvd,female,all,hospital_registered,hospital_only,not_applicable,observed,quarterly_count,116,count,116,,,,,,,,,final,,,,,,,,none,No disclosure restriction identified.,116.000
bnr_cvd_public_metric_v2,CVD-BURDEN-001,cvd_2024_05,annual,2019,2019-01-01,2019,,,1,all_cvd,female,all,national_estimate,additional_dco,inclusive,estimated,annual_count,87.12121212121211,count,87.12121212121211,,46,195.1208791208792,,,,,,final,cvd_rates_v1_1_0,not_applicable,BRB,not_applicable,not_applicable,not_applicable,not_applicable,none,No disclosure restriction identified.,87.121
bnr_cvd_public_metric_v2,CVD-INCIDENCE-001,cvd_2024_05,annual,2019,2019-01-01,2019,,,1,all_cvd,female,all,national_estimate,hospital_plus_dco,primary,estimated,annual_crude_rate,360.4554006887755,rate_per_100000,527.6652542372881,146388.5,342.239998360527,407.3738612312339,330.3521084277617,392.5647907531865,95,conditional_gamma,,final,cvd_rates_v1_1_0,UN_WPP_2024,BRB,persons,2026-08-26,historical_estimate,WHO_WORLD_2000_2025,none,No disclosure restriction identified.,360.455
bnr_cvd_public_metric_v2,CVD-BURDEN-001,cvd_2024_05,quarterly,2019_q3,2019-07-01,2019,7,3,1,all_cvd,female,all,hospital_registered,hospital_only,not_applicable,observed,quarterly_same_quarter_previous_5yr_mean,91.8,count,459,,,,,,,,5,final,,,,,,,,none,No disclosure restriction identified.,91.800
bnr_cvd_public_metric_v2,CVD-INCIDENCE-001,cvd_2024_05,annual,2019,2019-01-01,2019,,,1,all_cvd,female,all,hospital_registered,hospital_only,not_applicable,observed,annual_crude_rate,321.0634715158636,rate_per_100000,470,146388.5,,,292.6896101249028,351.4451434768392,95,poisson_exact_garwood,,final,cvd_rates_v1_1_0,UN_WPP_2024,BRB,persons,2026-08-26,historical_estimate,WHO_WORLD_2000_2025,none,No disclosure restriction identified.,321.063
bnr_cvd_public_metric_v2,CVD-BURDEN-001,cvd_2024_05,quarterly,2019_q2,2019-04-01,2019,4,2,1,all_cvd,female,all,hospital_registered,hospital_only,not_applicable,observed,quarterly_same_quarter_previous_5yr_mean,91,count,455,,,,,,,,5,final,,,,,,,,none,No disclosure restriction identified.,91.000
bnr_cvd_public_metric_v2,CVD-BURDEN-001,cvd_2024_05,annual,2019,2019-01-01,2019,,,1,all_cvd,female,all,national_estimate,hospital_plus_dco,inclusive,estimated,annual_count,557.1212121212121,count,557.1212121212121,,516,665.1208791208792,,,,,,final,cvd_rates_v1_1_0,not_applicable,BRB,not_applicable,not_applicable,not_applicable,not_applicable,none,No disclosure restriction identified.,557.121
bnr_cvd_public_metric_v2,CVD-BURDEN-001,cvd_2024_05,annual,2019,2019-01-01,2019,,,1,all_cvd,male,all,national_estimate,hospital_plus_dco,inclusive,estimated,annual_count,548.2272727272727,count,548.2272727272727,,508,653.8791208791209,,,,,,final,cvd_rates_v1_1_0,not_applicable,BRB,not_applicable,not_applicable,not_applicable,not_applicable,none,No disclosure restriction identified.,548.227
bnr_cvd_public_metric_v2,CVD-BURDEN-001,cvd_2024_05,quarterly,2019_q3,2019-07-01,2019,7,3,1,all_cvd,male,all,hospital_registered,hospital_only,not_applicable,observed,quarterly_count,115,count,115,,,,,,,,,final,,,,,,,,none,No disclosure restriction identified.,115.000
bnr_cvd_public_metric_v2,CVD-BURDEN-001,cvd_2024_05,quarterly,2019_q2,2019-04-01,2019,4,2,1,all_cvd,male,all,hospital_registered,hospital_only,not_applicable,observed,quarterly_same_quarter_previous_5yr_mean,96,count,480,,,,,,,,5,final,,,,,,,,none,No disclosure restriction identified.,96.000
bnr_cvd_public_metric_v2,CVD-BURDEN-001,cvd_2024_05,annual,2019,2019-01-01,2019,,,1,all_cvd,male,all,hospital_registered,hospital_only,not_applicable,observed,annual_previous_5yr_mean,379.4,count,1897,,,,,,,,5,final,,,,,,,,none,No disclosure restriction identified.,379.400
bnr_cvd_public_metric_v2,CVD-BURDEN-001,cvd_2024_05,quarterly,2019_q2,2019-04-01,2019,4,2,1,all_cvd,male,all,hospital_registered,hospital_only,not_applicable,observed,quarterly_count,107,count,107,,,,,,,,,final,,,,,,,,none,No disclosure restriction identified.,107.000
bnr_cvd_public_metric_v2,CVD-INCIDENCE-001,cvd_2024_05,annual,2019,2019-01-01,2019,,,1,all_cvd,male,age_standardised,national_estimate,hospital_plus_dco,inclusive,estimated,annual_age_standardised_rate,280.6542777456543,rate_per_100000,,,259.3041317603212,336.7277380807598,257.2312926409833,308.0948387097906,95,conditional_fay_feuer_gamma,,final,cvd_rates_v1_1_0,UN_WPP_2024,BRB,persons,2026-08-26,historical_estimate,WHO_WORLD_2000_2025,none,No disclosure restriction identified.,280.654
bnr_cvd_public_metric_v2,CVD-BURDEN-001,cvd_2024_05,annual,2019,2019-01-01,2019,,,1,all_cvd,male,all,national_estimate,hospital_plus_dco,primary,estimated,annual_count,528.1059322033898,count,528.1059322033898,,498,605.6515151515151,,,,,,final,cvd_rates_v1_1_0,not_applicable,BRB,not_applicable,not_applicable,not_applicable,not_applicable,none,No disclosure restriction identified.,528.106
bnr_cvd_public_metric_v2,CVD-BURDEN-001,cvd_2024_05,annual,2019,2019-01-01,2019,,,1,all_cvd,male,all,national_estimate,additional_dco,inclusive,estimated,annual_count,85.22727272727271,count,85.22727272727271,,45,190.8791208791209,,,,,,final,cvd_rates_v1_1_0,not_applicable,BRB,not_applicable,not_applicable,not_applicable,not_applicable,none,No disclosure restriction identified.,85.227
bnr_cvd_public_metric_v2,CVD-INCIDENCE-001,cvd_2024_05,annual,2019,2019-01-01,2019,,,1,all_cvd,male,age_standardised,national_estimate,hospital_plus_dco,primary,estimated,annual_age_standardised_rate,270.0879008467293,rate_per_100000,,,254.0573824011326,311.3786301762967,247.1224392259513,297.0807929830081,95,conditional_fay_feuer_gamma,,final,cvd_rates_v1_1_0,UN_WPP_2024,BRB,persons,2026-08-26,historical_estimate,WHO_WORLD_2000_2025,none,No disclosure restriction identified.,270.088
bnr_cvd_public_metric_v2,CVD-BURDEN-001,cvd_2024_05,annual,2019,2019-01-01,2019,,,1,all_cvd,male,all,national_estimate,additional_dco,primary,estimated,annual_count,65.10593220338983,count,65.10593220338983,,35,142.6515151515151,,,,,,final,cvd_rates_v1_1_0,not_applicable,BRB,not_applicable,not_applicable,not_applicable,not_applicable,none,No disclosure restriction identified.,65.106
bnr_cvd_public_metric_v2,CVD-BURDEN-001,cvd_2024_05,quarterly,2019_q4,2019-10-01,2019,10,4,1,all_cvd,male,all,hospital_registered,hospital_only,not_applicable,observed,quarterly_count,113,count,113,,,,,,,,,final,,,,,,,,none,No disclosure restriction identified.,113.000
bnr_cvd_public_metric_v2,CVD-INCIDENCE-001,cvd_2024_05,annual,2019,2019-01-01,2019,,,1,all_cvd,male,all,hospital_registered,hospital_only,not_applicable,observed,annual_crude_rate,343.4234047129855,rate_per_100000,463,134819,,,312.8502635366117,376.1769058308342,95,poisson_exact_garwood,,final,cvd_rates_v1_1_0,UN_WPP_2024,BRB,persons,2026-08-26,historical_estimate,WHO_WORLD_2000_2025,none,No disclosure restriction identified.,343.423
bnr_cvd_public_metric_v2,CVD-BURDEN-001,cvd_2024_05,quarterly,2019_q3,2019-07-01,2019,7,3,1,all_cvd,male,all,hospital_registered,hospital_only,not_applicable,observed,quarterly_same_quarter_previous_5yr_mean,92.2,count,461,,,,,,,,5,final,,,,,,,,none,No disclosure restriction identified.,92.200
bnr_cvd_public_metric_v2,CVD-INCIDENCE-001,cvd_2024_05,annual,2019,2019-01-01,2019,,,1,all_cvd,male,age_standardised,hospital_registered,hospital_only,not_applicable,observed,annual_age_standardised_rate,235.4209176072368,rate_per_100000,,,,,214.1180021409452,260.7814970550374,95,fay_feuer_gamma,,final,cvd_rates_v1_1_0,UN_WPP_2024,BRB,persons,2026-08-26,historical_estimate,WHO_WORLD_2000_2025,none,No disclosure restriction identified.,235.421
bnr_cvd_public_metric_v2,CVD-BURDEN-001,cvd_2024_05,quarterly,2019_q1,2019-01-01,2019,1,1,1,all_cvd,male,all,hospital_registered,hospital_only,not_applicable,observed,quarterly_same_quarter_previous_5yr_mean,101.8,count,509,,,,,,,,5,final,,,,,,,,none,No disclosure restriction identified.,101.800
bnr_cvd_public_metric_v2,CVD-BURDEN-002,cvd_2024_05,annual,2019,2019-01-01,2019,,,1,all_cvd,male,all,hospital_registered,hospital_only,not_applicable,observed,sex_distribution,49.62486602357985,percent,463,933,,,,,,,,final,,,,,,,,none,No disclosure restriction identified.,49.625
bnr_cvd_public_metric_v2,CVD-BURDEN-001,cvd_2024_05,annual,2019,2019-01-01,2019,,,1,all_cvd,male,all,hospital_registered,hospital_only,not_applicable,observed,annual_count,463,count,463,,,,,,,,,final,,,,,,,,none,No disclosure restriction identified.,463.000
bnr_cvd_public_metric_v2,CVD-INCIDENCE-001,cvd_2024_05,annual,2019,2019-01-01,2019,,,1,all_cvd,male,all,national_estimate,hospital_plus_dco,inclusive,estimated,annual_crude_rate,406.639474204135,rate_per_100000,548.2272727272727,134819,376.8014894043124,485.005170546526,373.3083238867882,442.148284346838,95,conditional_gamma,,final,cvd_rates_v1_1_0,UN_WPP_2024,BRB,persons,2026-08-26,historical_estimate,WHO_WORLD_2000_2025,none,No disclosure restriction identified.,406.639
bnr_cvd_public_metric_v2,CVD-BURDEN-001,cvd_2024_05,quarterly,2019_q4,2019-10-01,2019,10,4,1,all_cvd,male,all,hospital_registered,hospital_only,not_applicable,observed,quarterly_same_quarter_previous_5yr_mean,89.40000000000001,count,447,,,,,,,,5,final,,,,,,,,none,No disclosure restriction identified.,89.400
bnr_cvd_public_metric_v2,CVD-INCIDENCE-001,cvd_2024_05,annual,2019,2019-01-01,2019,,,1,all_cvd,male,all,national_estimate,hospital_plus_dco,primary,estimated,annual_crude_rate,391.7147673572641,rate_per_100000,528.1059322033898,134819,369.3841372506843,449.2330570257272,359.0142153715784,426.5935575077041,95,conditional_gamma,,final,cvd_rates_v1_1_0,UN_WPP_2024,BRB,persons,2026-08-26,historical_estimate,WHO_WORLD_2000_2025,none,No disclosure restriction identified.,391.715
bnr_cvd_public_metric_v2,CVD-BURDEN-001,cvd_2024_05,quarterly,2019_q1,2019-01-01,2019,1,1,1,all_cvd,male,all,hospital_registered,hospital_only,not_applicable,observed,quarterly_count,128,count,128,,,,,,,,,final,,,,,,,,none,No disclosure restriction identified.,128.000
bnr_cvd_public_metric_v2,CVD-BURDEN-001,cvd_2024_05,annual,2019,2019-01-01,2019,,,1,heart,all,all,national_estimate,additional_dco,inclusive,estimated,annual_count,70.07575757575756,count,70.07575757575756,,37,156.945054945055,,,,,,final,cvd_rates_v1_1_0,not_applicable,BRB,not_applicable,not_applicable,not_applicable,not_applicable,none,No disclosure restriction identified.,70.076
bnr_cvd_public_metric_v2,CVD-BURDEN-001,cvd_2024_05,quarterly,2019_q3,2019-07-01,2019,7,3,1,heart,all,all,hospital_registered,hospital_only,not_applicable,observed,quarterly_count,84,count,84,,,,,,,,,final,,,,,,,,none,No disclosure restriction identified.,84.000
bnr_cvd_public_metric_v2,CVD-BURDEN-001,cvd_2024_05,quarterly,2019_q4,2019-10-01,2019,10,4,1,heart,all,all,hospital_registered,hospital_only,not_applicable,observed,quarterly_count,74,count,74,,,,,,,,,final,,,,,,,,none,No disclosure restriction identified.,74.000
bnr_cvd_public_metric_v2,CVD-INCIDENCE-001,cvd_2024_05,annual,2019,2019-01-01,2019,,,1,heart,all,age_standardised,national_estimate,hospital_plus_dco,primary,estimated,annual_age_standardised_rate,79.99853614517937,rate_per_100000,,,74.86739403706628,93.21511430244037,71.77282078216273,89.28364806495637,95,conditional_fay_feuer_gamma,,final,cvd_rates_v1_1_0,UN_WPP_2024,BRB,persons,2026-08-26,historical_estimate,WHO_WORLD_2000_2025,none,No disclosure restriction identified.,79.999
bnr_cvd_public_metric_v2,CVD-BURDEN-001,cvd_2024_05,quarterly,2019_q4,2019-10-01,2019,10,4,1,heart,all,all,hospital_registered,hospital_only,not_applicable,observed,quarterly_same_quarter_previous_5yr_mean,60.8,count,304,,,,,,,,5,final,,,,,,,,none,No disclosure restriction identified.,60.800
bnr_cvd_public_metric_v2,CVD-INCIDENCE-001,cvd_2024_05,annual,2019,2019-01-01,2019,,,1,heart,all,age_standardised,national_estimate,hospital_plus_dco,inclusive,estimated,annual_age_standardised_rate,84.25730185750669,rate_per_100000,,,77.00965855982071,103.2923210679127,75.8194937024759,93.75169925741413,95,conditional_fay_feuer_gamma,,final,cvd_rates_v1_1_0,UN_WPP_2024,BRB,persons,2026-08-26,historical_estimate,WHO_WORLD_2000_2025,none,No disclosure restriction identified.,84.257
bnr_cvd_public_metric_v2,CVD-BURDEN-001,cvd_2024_05,annual,2019,2019-01-01,2019,,,1,heart,all,all,hospital_registered,hospital_only,not_applicable,observed,annual_count,311,count,311,,,,,,,,,final,,,,,,,,none,No disclosure restriction identified.,311.000
bnr_cvd_public_metric_v2,CVD-INCIDENCE-001,cvd_2024_05,annual,2019,2019-01-01,2019,,,1,heart,all,age_standardised,hospital_registered,hospital_only,not_applicable,observed,annual_age_standardised_rate,68.90212537935847,rate_per_100000,,,,,61.30309065316051,77.56407534751571,95,fay_feuer_gamma,,final,cvd_rates_v1_1_0,UN_WPP_2024,BRB,persons,2026-08-26,historical_estimate,WHO_WORLD_2000_2025,none,No disclosure restriction identified.,68.902
bnr_cvd_public_metric_v2,CVD-BURDEN-001,cvd_2024_05,quarterly,2019_q2,2019-04-01,2019,4,2,1,heart,all,all,hospital_registered,hospital_only,not_applicable,observed,quarterly_same_quarter_previous_5yr_mean,63.2,count,316,,,,,,,,5,final,,,,,,,,none,No disclosure restriction identified.,63.200
bnr_cvd_public_metric_v2,CVD-INCIDENCE-001,cvd_2024_05,annual,2019,2019-01-01,2019,,,1,heart,all,all,national_estimate,hospital_plus_dco,inclusive,estimated,annual_crude_rate,135.5140803768596,rate_per_100000,381.0757575757576,281207.5,123.752033640639,166.4056097170434,122.2480772968695,149.8270428161627,95,conditional_gamma,,final,cvd_rates_v1_1_0,UN_WPP_2024,BRB,persons,2026-08-26,historical_estimate,WHO_WORLD_2000_2025,none,No disclosure restriction identified.,135.514
bnr_cvd_public_metric_v2,CVD-BURDEN-002,cvd_2024_05,annual,2019,2019-01-01,2019,,,1,heart,all,all,hospital_registered,hospital_only,not_applicable,observed,event_type_distribution,33.33333333333333,percent,311,933,,,,,,,,final,,,,,,,,none,No disclosure restriction identified.,33.333
bnr_cvd_public_metric_v2,CVD-BURDEN-001,cvd_2024_05,annual,2019,2019-01-01,2019,,,1,heart,all,all,national_estimate,hospital_plus_dco,inclusive,estimated,annual_count,381.0757575757576,count,381.0757575757576,,348,467.9450549450549,,,,,,final,cvd_rates_v1_1_0,not_applicable,BRB,not_applicable,not_applicable,not_applicable,not_applicable,none,No disclosure restriction identified.,381.076
bnr_cvd_public_metric_v2,CVD-INCIDENCE-001,cvd_2024_05,annual,2019,2019-01-01,2019,,,1,heart,all,all,national_estimate,hospital_plus_dco,primary,estimated,annual_crude_rate,128.454815846372,rate_per_100000,361.2245762711864,281207.5,120.195940719931,149.727676020538,115.5480156779879,142.40905172838,95,conditional_gamma,,final,cvd_rates_v1_1_0,UN_WPP_2024,BRB,persons,2026-08-26,historical_estimate,WHO_WORLD_2000_2025,none,No disclosure restriction identified.,128.455
bnr_cvd_public_metric_v2,CVD-BURDEN-001,cvd_2024_05,annual,2019,2019-01-01,2019,,,1,heart,all,all,national_estimate,hospital_plus_dco,primary,estimated,annual_count,361.2245762711864,count,361.2245762711864,,338,421.0454545454546,,,,,,final,cvd_rates_v1_1_0,not_applicable,BRB,not_applicable,not_applicable,not_applicable,not_applicable,none,No disclosure restriction identified.,361.225
bnr_cvd_public_metric_v2,CVD-BURDEN-001,cvd_2024_05,annual,2019,2019-01-01,2019,,,1,heart,all,all,hospital_registered,hospital_only,not_applicable,observed,annual_previous_5yr_mean,239.4,count,1197,,,,,,,,5,final,,,,,,,,none,No disclosure restriction identified.,239.400
bnr_cvd_public_metric_v2,CVD-INCIDENCE-001,cvd_2024_05,annual,2019,2019-01-01,2019,,,1,heart,all,all,hospital_registered,hospital_only,not_applicable,observed,annual_crude_rate,110.5944898340194,rate_per_100000,311,281207.5,,,98.64329263558631,123.5945242189533,95,poisson_exact_garwood,,final,cvd_rates_v1_1_0,UN_WPP_2024,BRB,persons,2026-08-26,historical_estimate,WHO_WORLD_2000_2025,none,No disclosure restriction identified.,110.594
bnr_cvd_public_metric_v2,CVD-BURDEN-001,cvd_2024_05,quarterly,2019_q1,2019-01-01,2019,1,1,1,heart,all,all,hospital_registered,hospital_only,not_applicable,observed,quarterly_same_quarter_previous_5yr_mean,59.6,count,298,,,,,,,,5,final,,,,,,,,none,No disclosure restriction identified.,59.600
bnr_cvd_public_metric_v2,CVD-BURDEN-001,cvd_2024_05,quarterly,2019_q2,2019-04-01,2019,4,2,1,heart,all,all,hospital_registered,hospital_only,not_applicable,observed,quarterly_count,80,count,80,,,,,,,,,final,,,,,,,,none,No disclosure restriction identified.,80.000
bnr_cvd_public_metric_v2,CVD-BURDEN-001,cvd_2024_05,annual,2019,2019-01-01,2019,,,1,heart,all,all,national_estimate,additional_dco,primary,estimated,annual_count,50.22457627118643,count,50.22457627118643,,27,110.0454545454546,,,,,,final,cvd_rates_v1_1_0,not_applicable,BRB,not_applicable,not_applicable,not_applicable,not_applicable,none,No disclosure restriction identified.,50.225
bnr_cvd_public_metric_v2,CVD-BURDEN-001,cvd_2024_05,quarterly,2019_q1,2019-01-01,2019,1,1,1,heart,all,all,hospital_registered,hospital_only,not_applicable,observed,quarterly_count,73,count,73,,,,,,,,,final,,,,,,,,none,No disclosure restriction identified.,73.000
bnr_cvd_public_metric_v2,CVD-BURDEN-001,cvd_2024_05,quarterly,2019_q3,2019-07-01,2019,7,3,1,heart,all,all,hospital_registered,hospital_only,not_applicable,observed,quarterly_same_quarter_previous_5yr_mean,55.8,count,279,,,,,,,,5,final,,,,,,,,none,No disclosure restriction identified.,55.800
bnr_cvd_public_metric_v2,CVD-BURDEN-001,cvd_2024_05,quarterly,2019_q4,2019-10-01,2019,10,4,1,heart,female,all,hospital_registered,hospital_only,not_applicable,observed,quarterly_count,33,count,33,,,,,,,,,final,,,,,,,,none,No disclosure restriction identified.,33.000
bnr_cvd_public_metric_v2,CVD-BURDEN-001,cvd_2024_05,quarterly,2019_q1,2019-01-01,2019,1,1,1,heart,female,all,hospital_registered,hospital_only,not_applicable,observed,quarterly_count,36,count,36,,,,,,,,,final,,,,,,,,none,No disclosure restriction identified.,36.000
bnr_cvd_public_metric_v2,CVD-BURDEN-001,cvd_2024_05,annual,2019,2019-01-01,2019,,,1,heart,female,all,national_estimate,additional_dco,primary,estimated,annual_count,24.18220338983051,count,24.18220338983051,,13,52.9848484848485,,,,,,final,cvd_rates_v1_1_0,not_applicable,BRB,not_applicable,not_applicable,not_applicable,not_applicable,none,No disclosure restriction identified.,24.182
bnr_cvd_public_metric_v2,CVD-BURDEN-001,cvd_2024_05,annual,2019,2019-01-01,2019,,,1,heart,female,all,national_estimate,hospital_plus_dco,primary,estimated,annual_count,175.1822033898305,count,175.1822033898305,,164,203.9848484848485,,,,,,final,cvd_rates_v1_1_0,not_applicable,BRB,not_applicable,not_applicable,not_applicable,not_applicable,none,No disclosure restriction identified.,175.182
bnr_cvd_public_metric_v2,CVD-INCIDENCE-001,cvd_2024_05,annual,2019,2019-01-01,2019,,,1,heart,female,all,national_estimate,hospital_plus_dco,primary,estimated,annual_crude_rate,119.6693752513555,rate_per_100000,175.1822033898305,146388.5,112.0306581459609,139.3448587046445,102.6040732541295,138.7618184583915,95,conditional_gamma,,final,cvd_rates_v1_1_0,UN_WPP_2024,BRB,persons,2026-08-26,historical_estimate,WHO_WORLD_2000_2025,none,No disclosure restriction identified.,119.669
bnr_cvd_public_metric_v2,CVD-BURDEN-001,cvd_2024_05,annual,2019,2019-01-01,2019,,,1,heart,female,all,hospital_registered,hospital_only,not_applicable,observed,annual_count,151,count,151,,,,,,,,,final,,,,,,,,none,No disclosure restriction identified.,151.000
bnr_cvd_public_metric_v2,CVD-BURDEN-001,cvd_2024_05,annual,2019,2019-01-01,2019,,,1,heart,female,all,hospital_registered,hospital_only,not_applicable,observed,annual_previous_5yr_mean,108.2,count,541,,,,,,,,5,final,,,,,,,,none,No disclosure restriction identified.,108.200
bnr_cvd_public_metric_v2,CVD-BURDEN-001,cvd_2024_05,quarterly,2019_q3,2019-07-01,2019,7,3,1,heart,female,all,hospital_registered,hospital_only,not_applicable,observed,quarterly_same_quarter_previous_5yr_mean,26.2,count,131,,,,,,,,5,final,,,,,,,,none,No disclosure restriction identified.,26.200
bnr_cvd_public_metric_v2,CVD-BURDEN-001,cvd_2024_05,annual,2019,2019-01-01,2019,,,1,heart,female,all,national_estimate,additional_dco,inclusive,estimated,annual_count,39.77272727272727,count,39.77272727272727,,21,89.07692307692309,,,,,,final,cvd_rates_v1_1_0,not_applicable,BRB,not_applicable,not_applicable,not_applicable,not_applicable,none,No disclosure restriction identified.,39.773
bnr_cvd_public_metric_v2,CVD-INCIDENCE-001,cvd_2024_05,annual,2019,2019-01-01,2019,,,1,heart,female,age_standardised,national_estimate,hospital_plus_dco,inclusive,estimated,annual_age_standardised_rate,69.86208224309517,rate_per_100000,,,63.25323855213983,87.21937501384602,60.0665386237331,81.74721011200911,95,conditional_fay_feuer_gamma,,final,cvd_rates_v1_1_0,UN_WPP_2024,BRB,persons,2026-08-26,historical_estimate,WHO_WORLD_2000_2025,none,No disclosure restriction identified.,69.862
bnr_cvd_public_metric_v2,CVD-INCIDENCE-001,cvd_2024_05,annual,2019,2019-01-01,2019,,,1,heart,female,all,national_estimate,hospital_plus_dco,inclusive,estimated,annual_crude_rate,130.3194767845338,rate_per_100000,190.7727272727273,146388.5,117.4955682994224,163.9998518168593,112.4820863031183,150.1819466758722,95,conditional_gamma,,final,cvd_rates_v1_1_0,UN_WPP_2024,BRB,persons,2026-08-26,historical_estimate,WHO_WORLD_2000_2025,none,No disclosure restriction identified.,130.319
bnr_cvd_public_metric_v2,CVD-BURDEN-002,cvd_2024_05,annual,2019,2019-01-01,2019,,,1,heart,female,all,hospital_registered,hospital_only,not_applicable,observed,sex_distribution,48.55305466237942,percent,151,311,,,,,,,,final,,,,,,,,none,No disclosure restriction identified.,48.553
bnr_cvd_public_metric_v2,CVD-INCIDENCE-001,cvd_2024_05,annual,2019,2019-01-01,2019,,,1,heart,female,all,hospital_registered,hospital_only,not_applicable,observed,annual_crude_rate,103.150179146586,rate_per_100000,151,146388.5,,,87.35401733127726,120.9772852418601,95,poisson_exact_garwood,,final,cvd_rates_v1_1_0,UN_WPP_2024,BRB,persons,2026-08-26,historical_estimate,WHO_WORLD_2000_2025,none,No disclosure restriction identified.,103.150
bnr_cvd_public_metric_v2,CVD-BURDEN-001,cvd_2024_05,quarterly,2019_q1,2019-01-01,2019,1,1,1,heart,female,all,hospital_registered,hospital_only,not_applicable,observed,quarterly_same_quarter_previous_5yr_mean,24.4,count,122,,,,,,,,5,final,,,,,,,,none,No disclosure restriction identified.,24.400
bnr_cvd_public_metric_v2,CVD-INCIDENCE-001,cvd_2024_05,annual,2019,2019-01-01,2019,,,1,heart,female,age_standardised,national_estimate,hospital_plus_dco,primary,estimated,annual_age_standardised_rate,64.28541298299595,rate_per_100000,,,60.38951549140167,74.32030046134489,54.88441304873631,75.78919795865687,95,conditional_fay_feuer_gamma,,final,cvd_rates_v1_1_0,UN_WPP_2024,BRB,persons,2026-08-26,historical_estimate,WHO_WORLD_2000_2025,none,No disclosure restriction identified.,64.285
bnr_cvd_public_metric_v2,CVD-BURDEN-001,cvd_2024_05,annual,2019,2019-01-01,2019,,,1,heart,female,all,national_estimate,hospital_plus_dco,inclusive,estimated,annual_count,190.7727272727273,count,190.7727272727273,,172,240.0769230769231,,,,,,final,cvd_rates_v1_1_0,not_applicable,BRB,not_applicable,not_applicable,not_applicable,not_applicable,none,No disclosure restriction identified.,190.773
bnr_cvd_public_metric_v2,CVD-INCIDENCE-001,cvd_2024_05,annual,2019,2019-01-01,2019,,,1,heart,female,age_standardised,hospital_registered,hospital_only,not_applicable,observed,annual_age_standardised_rate,55.86029476225757,rate_per_100000,,,,,47.10121890647446,66.74400515601364,95,fay_feuer_gamma,,final,cvd_rates_v1_1_0,UN_WPP_2024,BRB,persons,2026-08-26,historical_estimate,WHO_WORLD_2000_2025,none,No disclosure restriction identified.,55.860
bnr_cvd_public_metric_v2,CVD-BURDEN-001,cvd_2024_05,quarterly,2019_q3,2019-07-01,2019,7,3,1,heart,female,all,hospital_registered,hospital_only,not_applicable,observed,quarterly_count,44,count,44,,,,,,,,,final,,,,,,,,none,No disclosure restriction identified.,44.000
bnr_cvd_public_metric_v2,CVD-BURDEN-001,cvd_2024_05,quarterly,2019_q4,2019-10-01,2019,10,4,1,heart,female,all,hospital_registered,hospital_only,not_applicable,observed,quarterly_same_quarter_previous_5yr_mean,29.2,count,146,,,,,,,,5,final,,,,,,,,none,No disclosure restriction identified.,29.200
bnr_cvd_public_metric_v2,CVD-BURDEN-001,cvd_2024_05,quarterly,2019_q2,2019-04-01,2019,4,2,1,heart,female,all,hospital_registered,hospital_only,not_applicable,observed,quarterly_same_quarter_previous_5yr_mean,28.4,count,142,,,,,,,,5,final,,,,,,,,none,No disclosure restriction identified.,28.400
bnr_cvd_public_metric_v2,CVD-BURDEN-001,cvd_2024_05,quarterly,2019_q2,2019-04-01,2019,4,2,1,heart,female,all,hospital_registered,hospital_only,not_applicable,observed,quarterly_count,38,count,38,,,,,,,,,final,,,,,,,,none,No disclosure restriction identified.,38.000
bnr_cvd_public_metric_v2,CVD-BURDEN-001,cvd_2024_05,quarterly,2019_q2,2019-04-01,2019,4,2,1,heart,male,all,hospital_registered,hospital_only,not_applicable,observed,quarterly_count,42,count,42,,,,,,,,,final,,,,,,,,none,No disclosure restriction identified.,42.000
bnr_cvd_public_metric_v2,CVD-BURDEN-001,cvd_2024_05,annual,2019,2019-01-01,2019,,,1,heart,male,all,national_estimate,additional_dco,inclusive,estimated,annual_count,30.3030303030303,count,30.3030303030303,,16,67.86813186813187,,,,,,final,cvd_rates_v1_1_0,not_applicable,BRB,not_applicable,not_applicable,not_applicable,not_applicable,none,No disclosure restriction identified.,30.303
bnr_cvd_public_metric_v2,CVD-INCIDENCE-001,cvd_2024_05,annual,2019,2019-01-01,2019,,,1,heart,male,age_standardised,national_estimate,hospital_plus_dco,primary,estimated,annual_age_standardised_rate,97.78986410500984,rate_per_100000,,,91.00003925003965,115.2788069132664,83.87837777928186,116.1050585457501,95,conditional_fay_feuer_gamma,,final,cvd_rates_v1_1_0,UN_WPP_2024,BRB,persons,2026-08-26,historical_estimate,WHO_WORLD_2000_2025,none,No disclosure restriction identified.,97.790
bnr_cvd_public_metric_v2,CVD-INCIDENCE-001,cvd_2024_05,annual,2019,2019-01-01,2019,,,1,heart,male,age_standardised,hospital_registered,hospital_only,not_applicable,observed,annual_age_standardised_rate,83.10644976347331,rate_per_100000,,,,,70.47309400242256,100.2004887410668,95,fay_feuer_gamma,,final,cvd_rates_v1_1_0,UN_WPP_2024,BRB,persons,2026-08-26,historical_estimate,WHO_WORLD_2000_2025,none,No disclosure restriction identified.,83.106
bnr_cvd_public_metric_v2,CVD-BURDEN-001,cvd_2024_05,quarterly,2019_q1,2019-01-01,2019,1,1,1,heart,male,all,hospital_registered,hospital_only,not_applicable,observed,quarterly_count,37,count,37,,,,,,,,,final,,,,,,,,none,No disclosure restriction identified.,37.000
bnr_cvd_public_metric_v2,CVD-BURDEN-001,cvd_2024_05,annual,2019,2019-01-01,2019,,,1,heart,male,all,hospital_registered,hospital_only,not_applicable,observed,annual_previous_5yr_mean,131.2,count,656,,,,,,,,5,final,,,,,,,,none,No disclosure restriction identified.,131.200
bnr_cvd_public_metric_v2,CVD-INCIDENCE-001,cvd_2024_05,annual,2019,2019-01-01,2019,,,1,heart,male,age_standardised,national_estimate,hospital_plus_dco,inclusive,estimated,annual_age_standardised_rate,99.95388557164037,rate_per_100000,,,92.00189587018552,120.8387816007361,85.89346818593026,118.4077628933226,95,conditional_fay_feuer_gamma,,final,cvd_rates_v1_1_0,UN_WPP_2024,BRB,persons,2026-08-26,historical_estimate,WHO_WORLD_2000_2025,none,No disclosure restriction identified.,99.954
bnr_cvd_public_metric_v2,CVD-BURDEN-002,cvd_2024_05,annual,2019,2019-01-01,2019,,,1,heart,male,all,hospital_registered,hospital_only,not_applicable,observed,sex_distribution,51.44694533762058,percent,160,311,,,,,,,,final,,,,,,,,none,No disclosure restriction identified.,51.447
bnr_cvd_public_metric_v2,CVD-BURDEN-001,cvd_2024_05,quarterly,2019_q3,2019-07-01,2019,7,3,1,heart,male,all,hospital_registered,hospital_only,not_applicable,observed,quarterly_same_quarter_previous_5yr_mean,29.6,count,148,,,,,,,,5,final,,,,,,,,none,No disclosure restriction identified.,29.600
bnr_cvd_public_metric_v2,CVD-BURDEN-001,cvd_2024_05,annual,2019,2019-01-01,2019,,,1,heart,male,all,hospital_registered,hospital_only,not_applicable,observed,annual_count,160,count,160,,,,,,,,,final,,,,,,,,none,No disclosure restriction identified.,160.000
bnr_cvd_public_metric_v2,CVD-BURDEN-001,cvd_2024_05,quarterly,2019_q2,2019-04-01,2019,4,2,1,heart,male,all,hospital_registered,hospital_only,not_applicable,observed,quarterly_same_quarter_previous_5yr_mean,34.8,count,174,,,,,,,,5,final,,,,,,,,none,No disclosure restriction identified.,34.800
bnr_cvd_public_metric_v2,CVD-BURDEN-001,cvd_2024_05,quarterly,2019_q3,2019-07-01,2019,7,3,1,heart,male,all,hospital_registered,hospital_only,not_applicable,observed,quarterly_count,40,count,40,,,,,,,,,final,,,,,,,,none,No disclosure restriction identified.,40.000
bnr_cvd_public_metric_v2,CVD-INCIDENCE-001,cvd_2024_05,annual,2019,2019-01-01,2019,,,1,heart,male,all,national_estimate,hospital_plus_dco,inclusive,estimated,annual_crude_rate,141.1544591660154,rate_per_100000,190.3030303030303,134819,130.5453979038563,169.0178178655322,121.8110967129162,162.6967467663827,95,conditional_gamma,,final,cvd_rates_v1_1_0,UN_WPP_2024,BRB,persons,2026-08-26,historical_estimate,WHO_WORLD_2000_2025,none,No disclosure restriction identified.,141.154
bnr_cvd_public_metric_v2,CVD-BURDEN-001,cvd_2024_05,annual,2019,2019-01-01,2019,,,1,heart,male,all,national_estimate,hospital_plus_dco,primary,estimated,annual_count,186.0423728813559,count,186.0423728813559,,174,217.0606060606061,,,,,,final,cvd_rates_v1_1_0,not_applicable,BRB,not_applicable,not_applicable,not_applicable,not_applicable,none,No disclosure restriction identified.,186.042
bnr_cvd_public_metric_v2,CVD-INCIDENCE-001,cvd_2024_05,annual,2019,2019-01-01,2019,,,1,heart,male,all,hospital_registered,hospital_only,not_applicable,observed,annual_crude_rate,118.6776344580512,rate_per_100000,160,134819,,,101.0009737401228,138.557880140171,95,poisson_exact_garwood,,final,cvd_rates_v1_1_0,UN_WPP_2024,BRB,persons,2026-08-26,historical_estimate,WHO_WORLD_2000_2025,none,No disclosure restriction identified.,118.678
bnr_cvd_public_metric_v2,CVD-BURDEN-001,cvd_2024_05,quarterly,2019_q4,2019-10-01,2019,10,4,1,heart,male,all,hospital_registered,hospital_only,not_applicable,observed,quarterly_same_quarter_previous_5yr_mean,31.6,count,158,,,,,,,,5,final,,,,,,,,none,No disclosure restriction identified.,31.600
bnr_cvd_public_metric_v2,CVD-BURDEN-001,cvd_2024_05,annual,2019,2019-01-01,2019,,,1,heart,male,all,national_estimate,additional_dco,primary,estimated,annual_count,26.04237288135593,count,26.04237288135593,,14,57.06060606060608,,,,,,final,cvd_rates_v1_1_0,not_applicable,BRB,not_applicable,not_applicable,not_applicable,not_applicable,none,No disclosure restriction identified.,26.042
bnr_cvd_public_metric_v2,CVD-BURDEN-001,cvd_2024_05,annual,2019,2019-01-01,2019,,,1,heart,male,all,national_estimate,hospital_plus_dco,inclusive,estimated,annual_count,190.3030303030303,count,190.3030303030303,,176,227.8681318681319,,,,,,final,cvd_rates_v1_1_0,not_applicable,BRB,not_applicable,not_applicable,not_applicable,not_applicable,none,No disclosure restriction identified.,190.303
bnr_cvd_public_metric_v2,CVD-BURDEN-001,cvd_2024_05,quarterly,2019_q1,2019-01-01,2019,1,1,1,heart,male,all,hospital_registered,hospital_only,not_applicable,observed,quarterly_same_quarter_previous_5yr_mean,35.2,count,176,,,,,,,,5,final,,,,,,,,none,No disclosure restriction identified.,35.200
bnr_cvd_public_metric_v2,CVD-BURDEN-001,cvd_2024_05,quarterly,2019_q4,2019-10-01,2019,10,4,1,heart,male,all,hospital_registered,hospital_only,not_applicable,observed,quarterly_count,41,count,41,,,,,,,,,final,,,,,,,,none,No disclosure restriction identified.,41.000
bnr_cvd_public_metric_v2,CVD-INCIDENCE-001,cvd_2024_05,annual,2019,2019-01-01,2019,,,1,heart,male,all,national_estimate,hospital_plus_dco,primary,estimated,annual_crude_rate,137.9941795157626,rate_per_100000,186.0423728813559,134819,129.0619274731307,161.0014953831478,118.8766890310414,159.3111814046204,95,conditional_gamma,,final,cvd_rates_v1_1_0,UN_WPP_2024,BRB,persons,2026-08-26,historical_estimate,WHO_WORLD_2000_2025,none,No disclosure restriction identified.,137.994
bnr_cvd_public_metric_v2,CVD-BURDEN-002,cvd_2024_05,annual,2019,2019-01-01,2019,,,1,stroke,all,all,hospital_registered,hospital_only,not_applicable,observed,event_type_distribution,66.66666666666666,percent,622,933,,,,,,,,final,,,,,,,,none,No disclosure restriction identified.,66.667
bnr_cvd_public_metric_v2,CVD-BURDEN-001,cvd_2024_05,quarterly,2019_q4,2019-10-01,2019,10,4,1,stroke,all,all,hospital_registered,hospital_only,not_applicable,observed,quarterly_count,133,count,133,,,,,,,,,final,,,,,,,,none,No disclosure restriction identified.,133.000
bnr_cvd_public_metric_v2,CVD-BURDEN-001,cvd_2024_05,annual,2019,2019-01-01,2019,,,1,stroke,all,all,national_estimate,additional_dco,inclusive,estimated,annual_count,,count,,,,,,,,,,final,cvd_rates_v1_1_0,not_applicable,BRB,not_applicable,not_applicable,not_applicable,not_applicable,secondary,Secondary suppression: protects a related confidential value.,*
bnr_cvd_public_metric_v2,CVD-BURDEN-001,cvd_2024_05,annual,2019,2019-01-01,2019,,,1,stroke,all,all,national_estimate,additional_dco,primary,estimated,annual_count,72.54661016949152,count,72.54661016949152,,39,158.9545454545455,,,,,,final,cvd_rates_v1_1_0,not_applicable,BRB,not_applicable,not_applicable,not_applicable,not_applicable,none,No disclosure restriction identified.,72.547
bnr_cvd_public_metric_v2,CVD-BURDEN-001,cvd_2024_05,annual,2019,2019-01-01,2019,,,1,stroke,all,all,hospital_registered,hospital_only,not_applicable,observed,annual_previous_5yr_mean,524.4,count,2622,,,,,,,,5,final,,,,,,,,none,No disclosure restriction identified.,524.400
bnr_cvd_public_metric_v2,CVD-BURDEN-001,cvd_2024_05,quarterly,2019_q2,2019-04-01,2019,4,2,1,stroke,all,all,hospital_registered,hospital_only,not_applicable,observed,quarterly_same_quarter_previous_5yr_mean,123.8,count,619,,,,,,,,5,final,,,,,,,,none,No disclosure restriction identified.,123.800
bnr_cvd_public_metric_v2,CVD-INCIDENCE-001,cvd_2024_05,annual,2019,2019-01-01,2019,,,1,stroke,all,age_standardised,hospital_registered,hospital_only,not_applicable,observed,annual_age_standardised_rate,137.3670576509785,rate_per_100000,,,,,126.5497276708282,149.2244870129253,95,fay_feuer_gamma,,final,cvd_rates_v1_1_0,UN_WPP_2024,BRB,persons,2026-08-26,historical_estimate,WHO_WORLD_2000_2025,none,No disclosure restriction identified.,137.367
bnr_cvd_public_metric_v2,CVD-BURDEN-001,cvd_2024_05,annual,2019,2019-01-01,2019,,,1,stroke,all,all,national_estimate,hospital_plus_dco,inclusive,estimated,annual_count,,count,,,,,,,,,,final,cvd_rates_v1_1_0,not_applicable,BRB,not_applicable,not_applicable,not_applicable,not_applicable,secondary,Secondary suppression: protects a related confidential value.,*
bnr_cvd_public_metric_v2,CVD-BURDEN-001,cvd_2024_05,annual,2019,2019-01-01,2019,,,1,stroke,all,all,national_estimate,hospital_plus_dco,primary,estimated,annual_count,694.5466101694915,count,694.5466101694915,,661,780.9545454545455,,,,,,final,cvd_rates_v1_1_0,not_applicable,BRB,not_applicable,not_applicable,not_applicable,not_applicable,none,No disclosure restriction identified.,694.547
bnr_cvd_public_metric_v2,CVD-BURDEN-001,cvd_2024_05,quarterly,2019_q3,2019-07-01,2019,7,3,1,stroke,all,all,hospital_registered,hospital_only,not_applicable,observed,quarterly_same_quarter_previous_5yr_mean,128.2,count,641,,,,,,,,5,final,,,,,,,,none,No disclosure restriction identified.,128.200
bnr_cvd_public_metric_v2,CVD-BURDEN-001,cvd_2024_05,quarterly,2019_q4,2019-10-01,2019,10,4,1,stroke,all,all,hospital_registered,hospital_only,not_applicable,observed,quarterly_same_quarter_previous_5yr_mean,130,count,650,,,,,,,,5,final,,,,,,,,none,No disclosure restriction identified.,130.000
bnr_cvd_public_metric_v2,CVD-INCIDENCE-001,cvd_2024_05,annual,2019,2019-01-01,2019,,,1,stroke,all,all,hospital_registered,hospital_only,not_applicable,observed,annual_crude_rate,221.1889796680387,rate_per_100000,622,281207.5,,,204.1455423115161,239.2755507989786,95,poisson_exact_garwood,,final,cvd_rates_v1_1_0,UN_WPP_2024,BRB,persons,2026-08-26,historical_estimate,WHO_WORLD_2000_2025,none,No disclosure restriction identified.,221.189
bnr_cvd_public_metric_v2,CVD-INCIDENCE-001,cvd_2024_05,annual,2019,2019-01-01,2019,,,1,stroke,all,all,national_estimate,hospital_plus_dco,inclusive,estimated,annual_crude_rate,,rate_per_100000,,,,,,,95,conditional_gamma,,final,cvd_rates_v1_1_0,UN_WPP_2024,BRB,persons,2026-08-26,historical_estimate,WHO_WORLD_2000_2025,secondary,Secondary suppression: protects a related confidential value.,*
bnr_cvd_public_metric_v2,CVD-INCIDENCE-001,cvd_2024_05,annual,2019,2019-01-01,2019,,,1,stroke,all,all,national_estimate,hospital_plus_dco,primary,estimated,annual_crude_rate,246.987228352548,rate_per_100000,694.5466101694915,281207.5,235.0577420588,277.7146930485658,228.9579057980508,266.05894348282,95,conditional_gamma,,final,cvd_rates_v1_1_0,UN_WPP_2024,BRB,persons,2026-08-26,historical_estimate,WHO_WORLD_2000_2025,none,No disclosure restriction identified.,246.987
bnr_cvd_public_metric_v2,CVD-INCIDENCE-001,cvd_2024_05,annual,2019,2019-01-01,2019,,,1,stroke,all,age_standardised,national_estimate,hospital_plus_dco,primary,estimated,annual_age_standardised_rate,152.6482908722811,rate_per_100000,,,145.582025851952,170.8492765307042,141.2443457048212,165.0887193199299,95,conditional_fay_feuer_gamma,,final,cvd_rates_v1_1_0,UN_WPP_2024,BRB,persons,2026-08-26,historical_estimate,WHO_WORLD_2000_2025,none,No disclosure restriction identified.,152.648
bnr_cvd_public_metric_v2,CVD-INCIDENCE-001,cvd_2024_05,annual,2019,2019-01-01,2019,,,1,stroke,all,age_standardised,national_estimate,hospital_plus_dco,inclusive,estimated,annual_age_standardised_rate,,rate_per_100000,,,,,,,95,conditional_fay_feuer_gamma,,final,cvd_rates_v1_1_0,UN_WPP_2024,BRB,persons,2026-08-26,historical_estimate,WHO_WORLD_2000_2025,secondary,Secondary suppression: protects a related confidential value.,*
bnr_cvd_public_metric_v2,CVD-BURDEN-001,cvd_2024_05,quarterly,2019_q1,2019-01-01,2019,1,1,1,stroke,all,all,hospital_registered,hospital_only,not_applicable,observed,quarterly_count,179,count,179,,,,,,,,,final,,,,,,,,none,No disclosure restriction identified.,179.000
bnr_cvd_public_metric_v2,CVD-BURDEN-001,cvd_2024_05,annual,2019,2019-01-01,2019,,,1,stroke,all,all,hospital_registered,hospital_only,not_applicable,observed,annual_count,622,count,622,,,,,,,,,final,,,,,,,,none,No disclosure restriction identified.,622.000
bnr_cvd_public_metric_v2,CVD-BURDEN-001,cvd_2024_05,quarterly,2019_q1,2019-01-01,2019,1,1,1,stroke,all,all,hospital_registered,hospital_only,not_applicable,observed,quarterly_same_quarter_previous_5yr_mean,142.4,count,712,,,,,,,,5,final,,,,,,,,none,No disclosure restriction identified.,142.400
bnr_cvd_public_metric_v2,CVD-BURDEN-001,cvd_2024_05,quarterly,2019_q3,2019-07-01,2019,7,3,1,stroke,all,all,hospital_registered,hospital_only,not_applicable,observed,quarterly_count,147,count,147,,,,,,,,,final,,,,,,,,none,No disclosure restriction identified.,147.000
bnr_cvd_public_metric_v2,CVD-BURDEN-001,cvd_2024_05,quarterly,2019_q2,2019-04-01,2019,4,2,1,stroke,all,all,hospital_registered,hospital_only,not_applicable,observed,quarterly_count,163,count,163,,,,,,,,,final,,,,,,,,none,No disclosure restriction identified.,163.000
bnr_cvd_public_metric_v2,CVD-BURDEN-001,cvd_2024_05,quarterly,2019_q2,2019-04-01,2019,4,2,1,stroke,female,all,hospital_registered,hospital_only,not_applicable,observed,quarterly_count,98,count,98,,,,,,,,,final,,,,,,,,none,No disclosure restriction identified.,98.000
bnr_cvd_public_metric_v2,CVD-BURDEN-001,cvd_2024_05,annual,2019,2019-01-01,2019,,,1,stroke,female,all,hospital_registered,hospital_only,not_applicable,observed,annual_count,319,count,319,,,,,,,,,final,,,,,,,,none,No disclosure restriction identified.,319.000
bnr_cvd_public_metric_v2,CVD-BURDEN-002,cvd_2024_05,annual,2019,2019-01-01,2019,,,1,stroke,female,all,hospital_registered,hospital_only,not_applicable,observed,sex_distribution,51.28617363344051,percent,319,622,,,,,,,,final,,,,,,,,none,No disclosure restriction identified.,51.286
bnr_cvd_public_metric_v2,CVD-BURDEN-001,cvd_2024_05,quarterly,2019_q3,2019-07-01,2019,7,3,1,stroke,female,all,hospital_registered,hospital_only,not_applicable,observed,quarterly_count,72,count,72,,,,,,,,,final,,,,,,,,none,No disclosure restriction identified.,72.000
bnr_cvd_public_metric_v2,CVD-INCIDENCE-001,cvd_2024_05,annual,2019,2019-01-01,2019,,,1,stroke,female,all,national_estimate,hospital_plus_dco,inclusive,estimated,annual_crude_rate,,rate_per_100000,,,,,,,95,conditional_gamma,,final,cvd_rates_v1_1_0,UN_WPP_2024,BRB,persons,2026-08-26,historical_estimate,WHO_WORLD_2000_2025,secondary,Secondary suppression: protects a related confidential value.,*
bnr_cvd_public_metric_v2,CVD-INCIDENCE-001,cvd_2024_05,annual,2019,2019-01-01,2019,,,1,stroke,female,age_standardised,hospital_registered,hospital_only,not_applicable,observed,annual_age_standardised_rate,121.3185372473241,rate_per_100000,,,,,107.9033979506552,136.8035906457292,95,fay_feuer_gamma,,final,cvd_rates_v1_1_0,UN_WPP_2024,BRB,persons,2026-08-26,historical_estimate,WHO_WORLD_2000_2025,none,No disclosure restriction identified.,121.319
bnr_cvd_public_metric_v2,CVD-BURDEN-001,cvd_2024_05,quarterly,2019_q1,2019-01-01,2019,1,1,1,stroke,female,all,hospital_registered,hospital_only,not_applicable,observed,quarterly_count,88,count,88,,,,,,,,,final,,,,,,,,none,No disclosure restriction identified.,88.000
bnr_cvd_public_metric_v2,CVD-BURDEN-001,cvd_2024_05,quarterly,2019_q2,2019-04-01,2019,4,2,1,stroke,female,all,hospital_registered,hospital_only,not_applicable,observed,quarterly_same_quarter_previous_5yr_mean,62.6,count,313,,,,,,,,5,final,,,,,,,,none,No disclosure restriction identified.,62.600
bnr_cvd_public_metric_v2,CVD-BURDEN-001,cvd_2024_05,annual,2019,2019-01-01,2019,,,1,stroke,female,all,national_estimate,hospital_plus_dco,primary,estimated,annual_count,352.4830508474576,count,352.4830508474576,,337,392.3636363636364,,,,,,final,cvd_rates_v1_1_0,not_applicable,BRB,not_applicable,not_applicable,not_applicable,not_applicable,none,No disclosure restriction identified.,352.483
bnr_cvd_public_metric_v2,CVD-BURDEN-001,cvd_2024_05,annual,2019,2019-01-01,2019,,,1,stroke,female,all,national_estimate,additional_dco,inclusive,estimated,annual_count,,count,,,,,,,,,,final,cvd_rates_v1_1_0,not_applicable,BRB,not_applicable,not_applicable,not_applicable,not_applicable,secondary,Secondary suppression: protects a related confidential value.,*
bnr_cvd_public_metric_v2,CVD-BURDEN-001,cvd_2024_05,annual,2019,2019-01-01,2019,,,1,stroke,female,all,national_estimate,hospital_plus_dco,inclusive,estimated,annual_count,,count,,,,,,,,,,final,cvd_rates_v1_1_0,not_applicable,BRB,not_applicable,not_applicable,not_applicable,not_applicable,secondary,Secondary suppression: protects a related confidential value.,*
bnr_cvd_public_metric_v2,CVD-INCIDENCE-001,cvd_2024_05,annual,2019,2019-01-01,2019,,,1,stroke,female,all,hospital_registered,hospital_only,not_applicable,observed,annual_crude_rate,217.9132923692776,rate_per_100000,319,146388.5,,,194.6535998977742,243.1872958453771,95,poisson_exact_garwood,,final,cvd_rates_v1_1_0,UN_WPP_2024,BRB,persons,2026-08-26,historical_estimate,WHO_WORLD_2000_2025,none,No disclosure restriction identified.,217.913
bnr_cvd_public_metric_v2,CVD-BURDEN-001,cvd_2024_05,quarterly,2019_q4,2019-10-01,2019,10,4,1,stroke,female,all,hospital_registered,hospital_only,not_applicable,observed,quarterly_same_quarter_previous_5yr_mean,72.2,count,361,,,,,,,,5,final,,,,,,,,none,No disclosure restriction identified.,72.200
bnr_cvd_public_metric_v2,CVD-BURDEN-001,cvd_2024_05,quarterly,2019_q3,2019-07-01,2019,7,3,1,stroke,female,all,hospital_registered,hospital_only,not_applicable,observed,quarterly_same_quarter_previous_5yr_mean,65.59999999999999,count,328,,,,,,,,5,final,,,,,,,,none,No disclosure restriction identified.,65.600
bnr_cvd_public_metric_v2,CVD-INCIDENCE-001,cvd_2024_05,annual,2019,2019-01-01,2019,,,1,stroke,female,age_standardised,national_estimate,hospital_plus_dco,primary,estimated,annual_age_standardised_rate,132.5330937143049,rate_per_100000,,,127.347319311578,145.8903914182983,118.5685521768074,148.5521595733962,95,conditional_fay_feuer_gamma,,final,cvd_rates_v1_1_0,UN_WPP_2024,BRB,persons,2026-08-26,historical_estimate,WHO_WORLD_2000_2025,none,No disclosure restriction identified.,132.533
bnr_cvd_public_metric_v2,CVD-BURDEN-001,cvd_2024_05,quarterly,2019_q1,2019-01-01,2019,1,1,1,stroke,female,all,hospital_registered,hospital_only,not_applicable,observed,quarterly_same_quarter_previous_5yr_mean,75.8,count,379,,,,,,,,5,final,,,,,,,,none,No disclosure restriction identified.,75.800
bnr_cvd_public_metric_v2,CVD-INCIDENCE-001,cvd_2024_05,annual,2019,2019-01-01,2019,,,1,stroke,female,all,national_estimate,hospital_plus_dco,primary,estimated,annual_crude_rate,240.78602543742,rate_per_100000,352.4830508474576,146388.5,230.209340214566,268.0290025265895,216.3023447882808,267.2822227958822,95,conditional_gamma,,final,cvd_rates_v1_1_0,UN_WPP_2024,BRB,persons,2026-08-26,historical_estimate,WHO_WORLD_2000_2025,none,No disclosure restriction identified.,240.786
bnr_cvd_public_metric_v2,CVD-BURDEN-001,cvd_2024_05,quarterly,2019_q4,2019-10-01,2019,10,4,1,stroke,female,all,hospital_registered,hospital_only,not_applicable,observed,quarterly_count,61,count,61,,,,,,,,,final,,,,,,,,none,No disclosure restriction identified.,61.000
bnr_cvd_public_metric_v2,CVD-INCIDENCE-001,cvd_2024_05,annual,2019,2019-01-01,2019,,,1,stroke,female,age_standardised,national_estimate,hospital_plus_dco,inclusive,estimated,annual_age_standardised_rate,,rate_per_100000,,,,,,,95,conditional_fay_feuer_gamma,,final,cvd_rates_v1_1_0,UN_WPP_2024,BRB,persons,2026-08-26,historical_estimate,WHO_WORLD_2000_2025,secondary,Secondary suppression: protects a related confidential value.,*
bnr_cvd_public_metric_v2,CVD-BURDEN-001,cvd_2024_05,annual,2019,2019-01-01,2019,,,1,stroke,female,all,national_estimate,additional_dco,primary,estimated,annual_count,33.48305084745762,count,33.48305084745762,,18,73.36363636363637,,,,,,final,cvd_rates_v1_1_0,not_applicable,BRB,not_applicable,not_applicable,not_applicable,not_applicable,none,No disclosure restriction identified.,33.483
bnr_cvd_public_metric_v2,CVD-BURDEN-001,cvd_2024_05,annual,2019,2019-01-01,2019,,,1,stroke,female,all,hospital_registered,hospital_only,not_applicable,observed,annual_previous_5yr_mean,276.2,count,1381,,,,,,,,5,final,,,,,,,,none,No disclosure restriction identified.,276.200
bnr_cvd_public_metric_v2,CVD-INCIDENCE-001,cvd_2024_05,annual,2019,2019-01-01,2019,,,1,stroke,male,age_standardised,hospital_registered,hospital_only,not_applicable,observed,annual_age_standardised_rate,152.3144678437635,rate_per_100000,,,,,135.4184619764257,173.3949919866796,95,fay_feuer_gamma,,final,cvd_rates_v1_1_0,UN_WPP_2024,BRB,persons,2026-08-26,historical_estimate,WHO_WORLD_2000_2025,none,No disclosure restriction identified.,152.314
bnr_cvd_public_metric_v2,CVD-INCIDENCE-001,cvd_2024_05,annual,2019,2019-01-01,2019,,,1,stroke,male,age_standardised,national_estimate,hospital_plus_dco,inclusive,estimated,annual_age_standardised_rate,180.7003921740139,rate_per_100000,,,167.3022358901357,215.8889564800237,162.2301029436369,203.2987559576838,95,conditional_fay_feuer_gamma,,final,cvd_rates_v1_1_0,UN_WPP_2024,BRB,persons,2026-08-26,historical_estimate,WHO_WORLD_2000_2025,none,No disclosure restriction identified.,180.700
bnr_cvd_public_metric_v2,CVD-BURDEN-001,cvd_2024_05,quarterly,2019_q3,2019-07-01,2019,7,3,1,stroke,male,all,hospital_registered,hospital_only,not_applicable,observed,quarterly_count,75,count,75,,,,,,,,,final,,,,,,,,none,No disclosure restriction identified.,75.000
bnr_cvd_public_metric_v2,CVD-BURDEN-001,cvd_2024_05,quarterly,2019_q2,2019-04-01,2019,4,2,1,stroke,male,all,hospital_registered,hospital_only,not_applicable,observed,quarterly_count,65,count,65,,,,,,,,,final,,,,,,,,none,No disclosure restriction identified.,65.000
bnr_cvd_public_metric_v2,CVD-INCIDENCE-001,cvd_2024_05,annual,2019,2019-01-01,2019,,,1,stroke,male,age_standardised,national_estimate,hospital_plus_dco,primary,estimated,annual_age_standardised_rate,172.2980367417195,rate_per_100000,,,163.0573431510929,196.0998232630303,154.2910480990248,194.4475033166763,95,conditional_fay_feuer_gamma,,final,cvd_rates_v1_1_0,UN_WPP_2024,BRB,persons,2026-08-26,historical_estimate,WHO_WORLD_2000_2025,none,No disclosure restriction identified.,172.298
bnr_cvd_public_metric_v2,CVD-BURDEN-001,cvd_2024_05,quarterly,2019_q1,2019-01-01,2019,1,1,1,stroke,male,all,hospital_registered,hospital_only,not_applicable,observed,quarterly_same_quarter_previous_5yr_mean,66.59999999999999,count,333,,,,,,,,5,final,,,,,,,,none,No disclosure restriction identified.,66.600
bnr_cvd_public_metric_v2,CVD-BURDEN-001,cvd_2024_05,annual,2019,2019-01-01,2019,,,1,stroke,male,all,national_estimate,additional_dco,primary,estimated,annual_count,39.06355932203389,count,39.06355932203389,,21,85.59090909090911,,,,,,final,cvd_rates_v1_1_0,not_applicable,BRB,not_applicable,not_applicable,not_applicable,not_applicable,none,No disclosure restriction identified.,39.064
bnr_cvd_public_metric_v2,CVD-INCIDENCE-001,cvd_2024_05,annual,2019,2019-01-01,2019,,,1,stroke,male,all,hospital_registered,hospital_only,not_applicable,observed,annual_crude_rate,224.7457702549344,rate_per_100000,303,134819,,,200.1497657513826,251.529986314262,95,poisson_exact_garwood,,final,cvd_rates_v1_1_0,UN_WPP_2024,BRB,persons,2026-08-26,historical_estimate,WHO_WORLD_2000_2025,none,No disclosure restriction identified.,224.746
bnr_cvd_public_metric_v2,CVD-BURDEN-001,cvd_2024_05,quarterly,2019_q1,2019-01-01,2019,1,1,1,stroke,male,all,hospital_registered,hospital_only,not_applicable,observed,quarterly_count,91,count,91,,,,,,,,,final,,,,,,,,none,No disclosure restriction identified.,91.000
bnr_cvd_public_metric_v2,CVD-BURDEN-001,cvd_2024_05,annual,2019,2019-01-01,2019,,,1,stroke,male,all,national_estimate,hospital_plus_dco,primary,estimated,annual_count,342.0635593220339,count,342.0635593220339,,324,388.5909090909091,,,,,,final,cvd_rates_v1_1_0,not_applicable,BRB,not_applicable,not_applicable,not_applicable,not_applicable,none,No disclosure restriction identified.,342.064
bnr_cvd_public_metric_v2,CVD-BURDEN-001,cvd_2024_05,annual,2019,2019-01-01,2019,,,1,stroke,male,all,national_estimate,hospital_plus_dco,inclusive,estimated,annual_count,357.9242424242424,count,357.9242424242424,,332,426.010989010989,,,,,,final,cvd_rates_v1_1_0,not_applicable,BRB,not_applicable,not_applicable,not_applicable,not_applicable,none,No disclosure restriction identified.,357.924
bnr_cvd_public_metric_v2,CVD-BURDEN-001,cvd_2024_05,quarterly,2019_q4,2019-10-01,2019,10,4,1,stroke,male,all,hospital_registered,hospital_only,not_applicable,observed,quarterly_count,72,count,72,,,,,,,,,final,,,,,,,,none,No disclosure restriction identified.,72.000
bnr_cvd_public_metric_v2,CVD-INCIDENCE-001,cvd_2024_05,annual,2019,2019-01-01,2019,,,1,stroke,male,all,national_estimate,hospital_plus_dco,primary,estimated,annual_crude_rate,253.7205878415015,rate_per_100000,342.0635593220339,134819,240.3222097775536,288.2315616425794,227.5423709221974,282.0846014049799,95,conditional_gamma,,final,cvd_rates_v1_1_0,UN_WPP_2024,BRB,persons,2026-08-26,historical_estimate,WHO_WORLD_2000_2025,none,No disclosure restriction identified.,253.721
bnr_cvd_public_metric_v2,CVD-BURDEN-001,cvd_2024_05,annual,2019,2019-01-01,2019,,,1,stroke,male,all,hospital_registered,hospital_only,not_applicable,observed,annual_count,303,count,303,,,,,,,,,final,,,,,,,,none,No disclosure restriction identified.,303.000
bnr_cvd_public_metric_v2,CVD-BURDEN-001,cvd_2024_05,annual,2019,2019-01-01,2019,,,1,stroke,male,all,hospital_registered,hospital_only,not_applicable,observed,annual_previous_5yr_mean,248.2,count,1241,,,,,,,,5,final,,,,,,,,none,No disclosure restriction identified.,248.200
bnr_cvd_public_metric_v2,CVD-BURDEN-001,cvd_2024_05,quarterly,2019_q2,2019-04-01,2019,4,2,1,stroke,male,all,hospital_registered,hospital_only,not_applicable,observed,quarterly_same_quarter_previous_5yr_mean,61.2,count,306,,,,,,,,5,final,,,,,,,,none,No disclosure restriction identified.,61.200
bnr_cvd_public_metric_v2,CVD-BURDEN-001,cvd_2024_05,quarterly,2019_q3,2019-07-01,2019,7,3,1,stroke,male,all,hospital_registered,hospital_only,not_applicable,observed,quarterly_same_quarter_previous_5yr_mean,62.6,count,313,,,,,,,,5,final,,,,,,,,none,No disclosure restriction identified.,62.600
bnr_cvd_public_metric_v2,CVD-BURDEN-001,cvd_2024_05,quarterly,2019_q4,2019-10-01,2019,10,4,1,stroke,male,all,hospital_registered,hospital_only,not_applicable,observed,quarterly_same_quarter_previous_5yr_mean,57.8,count,289,,,,,,,,5,final,,,,,,,,none,No disclosure restriction identified.,57.800
bnr_cvd_public_metric_v2,CVD-INCIDENCE-001,cvd_2024_05,annual,2019,2019-01-01,2019,,,1,stroke,male,all,national_estimate,hospital_plus_dco,inclusive,estimated,annual_crude_rate,265.4850150381196,rate_per_100000,357.9242424242424,134819,246.2560915004562,315.9873526809938,238.6903584226814,294.464601940983,95,conditional_gamma,,final,cvd_rates_v1_1_0,UN_WPP_2024,BRB,persons,2026-08-26,historical_estimate,WHO_WORLD_2000_2025,none,No disclosure restriction identified.,265.485
bnr_cvd_public_metric_v2,CVD-BURDEN-001,cvd_2024_05,annual,2019,2019-01-01,2019,,,1,stroke,male,all,national_estimate,additional_dco,inclusive,estimated,annual_count,54.92424242424242,count,54.92424242424242,,29,123.010989010989,,,,,,final,cvd_rates_v1_1_0,not_applicable,BRB,not_applicable,not_applicable,not_applicable,not_applicable,none,No disclosure restriction identified.,54.924
bnr_cvd_public_metric_v2,CVD-BURDEN-002,cvd_2024_05,annual,2019,2019-01-01,2019,,,1,stroke,male,all,hospital_registered,hospital_only,not_applicable,observed,sex_distribution,48.71382636655949,percent,303,622,,,,,,,,final,,,,,,,,none,No disclosure restriction identified.,48.714
bnr_cvd_public_metric_v2,CVD-BURDEN-001,cvd_2024_05,annual,2020,2020-01-01,2020,,,1,all_cvd,all,all,national_estimate,hospital_plus_dco,inclusive,estimated,annual_count,1035.555555555555,count,1035.555555555555,,940,1230,,,,,,final,cvd_rates_v1_1_0,not_applicable,BRB,not_applicable,not_applicable,not_applicable,not_applicable,none,No disclosure restriction identified.,1035.556
bnr_cvd_public_metric_v2,CVD-INCIDENCE-001,cvd_2024_05,annual,2020,2020-01-01,2020,,,1,all_cvd,all,all,national_estimate,hospital_plus_dco,primary,estimated,annual_crude_rate,344.7899069888139,rate_per_100000,971.2662721893491,281698,322.3310069649057,392.6190459286186,323.4443657915252,367.1740090658607,95,conditional_gamma,,final,cvd_rates_v1_1_0,UN_WPP_2024,BRB,persons,2026-08-26,historical_estimate,WHO_WORLD_2000_2025,none,No disclosure restriction identified.,344.790
bnr_cvd_public_metric_v2,CVD-BURDEN-001,cvd_2024_05,annual,2020,2020-01-01,2020,,,1,all_cvd,all,all,hospital_registered,hospital_only,not_applicable,observed,annual_count,854,count,854,,,,,,,,,final,,,,,,,,none,No disclosure restriction identified.,854.000
bnr_cvd_public_metric_v2,CVD-BURDEN-001,cvd_2024_05,monthly,2020_m12,2020-12-01,2020,12,,1,all_cvd,all,all,hospital_registered,hospital_only,not_applicable,observed,monthly_count,65,count,65,,,,,,,,,final,,,,,,,,none,No disclosure restriction identified.,65.000
bnr_cvd_public_metric_v2,CVD-BURDEN-001,cvd_2024_05,quarterly,2020_q3,2020-07-01,2020,7,3,1,all_cvd,all,all,hospital_registered,hospital_only,not_applicable,observed,quarterly_same_quarter_previous_5yr_mean,194,count,970,,,,,,,,5,final,,,,,,,,none,No disclosure restriction identified.,194.000
bnr_cvd_public_metric_v2,CVD-BURDEN-001,cvd_2024_05,quarterly,2020_q1,2020-01-01,2020,1,1,1,all_cvd,all,all,hospital_registered,hospital_only,not_applicable,observed,quarterly_count,217,count,217,,,,,,,,,final,,,,,,,,none,No disclosure restriction identified.,217.000
bnr_cvd_public_metric_v2,CVD-BURDEN-001,cvd_2024_05,monthly,2020_m05,2020-05-01,2020,5,,1,all_cvd,all,all,hospital_registered,hospital_only,not_applicable,observed,monthly_count,72,count,72,,,,,,,,,final,,,,,,,,none,No disclosure restriction identified.,72.000
bnr_cvd_public_metric_v2,CVD-BURDEN-001,cvd_2024_05,monthly,2020_m06,2020-06-01,2020,6,,1,all_cvd,all,all,hospital_registered,hospital_only,not_applicable,observed,monthly_count,67,count,67,,,,,,,,,final,,,,,,,,none,No disclosure restriction identified.,67.000
bnr_cvd_public_metric_v2,CVD-BURDEN-001,cvd_2024_05,quarterly,2020_q2,2020-04-01,2020,4,2,1,all_cvd,all,all,hospital_registered,hospital_only,not_applicable,observed,quarterly_same_quarter_previous_5yr_mean,203.2,count,1016,,,,,,,,5,final,,,,,,,,none,No disclosure restriction identified.,203.200
bnr_cvd_public_metric_v2,CVD-INCIDENCE-001,cvd_2024_05,annual,2020,2020-01-01,2020,,,1,all_cvd,all,all,national_estimate,hospital_plus_dco,inclusive,estimated,annual_crude_rate,367.611965848375,rate_per_100000,1035.555555555555,281698,333.6906900297482,436.6378178048832,345.5602270162011,390.7019167715571,95,conditional_gamma,,final,cvd_rates_v1_1_0,UN_WPP_2024,BRB,persons,2026-08-26,historical_estimate,WHO_WORLD_2000_2025,none,No disclosure restriction identified.,367.612
bnr_cvd_public_metric_v2,CVD-INCIDENCE-001,cvd_2024_05,annual,2020,2020-01-01,2020,,,1,all_cvd,all,age_standardised,national_estimate,hospital_plus_dco,inclusive,estimated,annual_age_standardised_rate,227.1576738733678,rate_per_100000,,,207.2958806332092,267.5741136062487,213.1670530757364,242.1808886462787,95,conditional_fay_feuer_gamma,,final,cvd_rates_v1_1_0,UN_WPP_2024,BRB,persons,2026-08-26,historical_estimate,WHO_WORLD_2000_2025,none,No disclosure restriction identified.,227.158
bnr_cvd_public_metric_v2,CVD-BURDEN-001,cvd_2024_05,monthly,2020_m04,2020-04-01,2020,4,,1,all_cvd,all,all,hospital_registered,hospital_only,not_applicable,observed,monthly_count,80,count,80,,,,,,,,,final,,,,,,,,none,No disclosure restriction identified.,80.000
bnr_cvd_public_metric_v2,CVD-BURDEN-001,cvd_2024_05,annual,2020,2020-01-01,2020,,,1,all_cvd,all,all,national_estimate,additional_dco,inclusive,estimated,annual_count,181.5555555555555,count,181.5555555555555,,86,375.9999999999999,,,,,,final,cvd_rates_v1_1_0,not_applicable,BRB,not_applicable,not_applicable,not_applicable,not_applicable,none,No disclosure restriction identified.,181.556
bnr_cvd_public_metric_v2,CVD-BURDEN-001,cvd_2024_05,monthly,2020_m07,2020-07-01,2020,7,,1,all_cvd,all,all,hospital_registered,hospital_only,not_applicable,observed,monthly_count,77,count,77,,,,,,,,,final,,,,,,,,none,No disclosure restriction identified.,77.000
bnr_cvd_public_metric_v2,CVD-BURDEN-001,cvd_2024_05,monthly,2020_m01,2020-01-01,2020,1,,1,all_cvd,all,all,hospital_registered,hospital_only,not_applicable,observed,monthly_count,70,count,70,,,,,,,,,final,,,,,,,,none,No disclosure restriction identified.,70.000
bnr_cvd_public_metric_v2,CVD-BURDEN-001,cvd_2024_05,annual,2020,2020-01-01,2020,,,1,all_cvd,all,age_70_plus,hospital_registered,hospital_only,not_applicable,observed,annual_count,419,count,419,,,,,,,,,final,,,,,,,,none,No disclosure restriction identified.,419.000
bnr_cvd_public_metric_v2,CVD-BURDEN-001,cvd_2024_05,quarterly,2020_q1,2020-01-01,2020,1,1,1,all_cvd,all,all,hospital_registered,hospital_only,not_applicable,observed,quarterly_same_quarter_previous_5yr_mean,215,count,1075,,,,,,,,5,final,,,,,,,,none,No disclosure restriction identified.,215.000
bnr_cvd_public_metric_v2,CVD-BURDEN-001,cvd_2024_05,annual,2020,2020-01-01,2020,,,1,all_cvd,all,all,national_estimate,additional_dco,primary,estimated,annual_count,117.2662721893491,count,117.2662721893491,,54,251.9999999999999,,,,,,final,cvd_rates_v1_1_0,not_applicable,BRB,not_applicable,not_applicable,not_applicable,not_applicable,none,No disclosure restriction identified.,117.266
bnr_cvd_public_metric_v2,CVD-BURDEN-001,cvd_2024_05,monthly,2020_m11,2020-11-01,2020,11,,1,all_cvd,all,all,hospital_registered,hospital_only,not_applicable,observed,monthly_count,67,count,67,,,,,,,,,final,,,,,,,,none,No disclosure restriction identified.,67.000
bnr_cvd_public_metric_v2,CVD-BURDEN-002,cvd_2024_05,annual,2020,2020-01-01,2020,,,1,all_cvd,all,under_70,hospital_registered,hospital_only,not_applicable,observed,age_distribution,50.93676814988291,percent,435,854,,,,,,,,final,,,,,,,,none,No disclosure restriction identified.,50.937
bnr_cvd_public_metric_v2,CVD-BURDEN-001,cvd_2024_05,annual,2020,2020-01-01,2020,,,1,all_cvd,all,all,national_estimate,hospital_plus_dco,primary,estimated,annual_count,971.2662721893491,count,971.2662721893491,,908,1106,,,,,,final,cvd_rates_v1_1_0,not_applicable,BRB,not_applicable,not_applicable,not_applicable,not_applicable,none,No disclosure restriction identified.,971.266
bnr_cvd_public_metric_v2,CVD-BURDEN-001,cvd_2024_05,annual,2020,2020-01-01,2020,,,1,all_cvd,all,under_70,hospital_registered,hospital_only,not_applicable,observed,annual_count,435,count,435,,,,,,,,,final,,,,,,,,none,No disclosure restriction identified.,435.000
bnr_cvd_public_metric_v2,CVD-BURDEN-001,cvd_2024_05,monthly,2020_m10,2020-10-01,2020,10,,1,all_cvd,all,all,hospital_registered,hospital_only,not_applicable,observed,monthly_count,58,count,58,,,,,,,,,final,,,,,,,,none,No disclosure restriction identified.,58.000
bnr_cvd_public_metric_v2,CVD-BURDEN-001,cvd_2024_05,quarterly,2020_q4,2020-10-01,2020,10,4,1,all_cvd,all,all,hospital_registered,hospital_only,not_applicable,observed,quarterly_same_quarter_previous_5yr_mean,195.2,count,976,,,,,,,,5,final,,,,,,,,none,No disclosure restriction identified.,195.200
bnr_cvd_public_metric_v2,CVD-BURDEN-001,cvd_2024_05,annual,2020,2020-01-01,2020,,,1,all_cvd,all,age_70_plus,hospital_registered,hospital_only,not_applicable,observed,annual_previous_5yr_mean,407,count,2035,,,,,,,,5,final,,,,,,,,none,No disclosure restriction identified.,407.000
bnr_cvd_public_metric_v2,CVD-BURDEN-001,cvd_2024_05,quarterly,2020_q3,2020-07-01,2020,7,3,1,all_cvd,all,all,hospital_registered,hospital_only,not_applicable,observed,quarterly_count,228,count,228,,,,,,,,,final,,,,,,,,none,No disclosure restriction identified.,228.000
bnr_cvd_public_metric_v2,CVD-BURDEN-001,cvd_2024_05,monthly,2020_m02,2020-02-01,2020,2,,1,all_cvd,all,all,hospital_registered,hospital_only,not_applicable,observed,monthly_count,90,count,90,,,,,,,,,final,,,,,,,,none,No disclosure restriction identified.,90.000
bnr_cvd_public_metric_v2,CVD-BURDEN-001,cvd_2024_05,monthly,2020_m03,2020-03-01,2020,3,,1,all_cvd,all,all,hospital_registered,hospital_only,not_applicable,observed,monthly_count,57,count,57,,,,,,,,,final,,,,,,,,none,No disclosure restriction identified.,57.000
bnr_cvd_public_metric_v2,CVD-BURDEN-002,cvd_2024_05,annual,2020,2020-01-01,2020,,,1,all_cvd,all,age_70_plus,hospital_registered,hospital_only,not_applicable,observed,age_distribution,49.06323185011709,percent,419,854,,,,,,,,final,,,,,,,,none,No disclosure restriction identified.,49.063
bnr_cvd_public_metric_v2,CVD-BURDEN-001,cvd_2024_05,quarterly,2020_q4,2020-10-01,2020,10,4,1,all_cvd,all,all,hospital_registered,hospital_only,not_applicable,observed,quarterly_count,190,count,190,,,,,,,,,final,,,,,,,,none,No disclosure restriction identified.,190.000
bnr_cvd_public_metric_v2,CVD-BURDEN-001,cvd_2024_05,annual,2020,2020-01-01,2020,,,1,all_cvd,all,all,hospital_registered,hospital_only,not_applicable,observed,annual_previous_5yr_mean,807.4,count,4037,,,,,,,,5,final,,,,,,,,none,No disclosure restriction identified.,807.400
bnr_cvd_public_metric_v2,CVD-BURDEN-001,cvd_2024_05,quarterly,2020_q2,2020-04-01,2020,4,2,1,all_cvd,all,all,hospital_registered,hospital_only,not_applicable,observed,quarterly_count,219,count,219,,,,,,,,,final,,,,,,,,none,No disclosure restriction identified.,219.000
bnr_cvd_public_metric_v2,CVD-BURDEN-001,cvd_2024_05,monthly,2020_m09,2020-09-01,2020,9,,1,all_cvd,all,all,hospital_registered,hospital_only,not_applicable,observed,monthly_count,69,count,69,,,,,,,,,final,,,,,,,,none,No disclosure restriction identified.,69.000
bnr_cvd_public_metric_v2,CVD-INCIDENCE-001,cvd_2024_05,annual,2020,2020-01-01,2020,,,1,all_cvd,all,age_standardised,hospital_registered,hospital_only,not_applicable,observed,annual_age_standardised_rate,189.4202667170664,rate_per_100000,,,,,176.5743347119611,203.3087843591206,95,fay_feuer_gamma,,final,cvd_rates_v1_1_0,UN_WPP_2024,BRB,persons,2026-08-26,historical_estimate,WHO_WORLD_2000_2025,none,No disclosure restriction identified.,189.420
bnr_cvd_public_metric_v2,CVD-INCIDENCE-001,cvd_2024_05,annual,2020,2020-01-01,2020,,,1,all_cvd,all,all,hospital_registered,hospital_only,not_applicable,observed,annual_crude_rate,303.161541792984,rate_per_100000,854,281698,,,283.1672156133742,324.1951633688288,95,poisson_exact_garwood,,final,cvd_rates_v1_1_0,UN_WPP_2024,BRB,persons,2026-08-26,historical_estimate,WHO_WORLD_2000_2025,none,No disclosure restriction identified.,303.162
bnr_cvd_public_metric_v2,CVD-BURDEN-001,cvd_2024_05,annual,2020,2020-01-01,2020,,,1,all_cvd,all,under_70,hospital_registered,hospital_only,not_applicable,observed,annual_previous_5yr_mean,399.6,count,1998,,,,,,,,5,final,,,,,,,,none,No disclosure restriction identified.,399.600
bnr_cvd_public_metric_v2,CVD-BURDEN-001,cvd_2024_05,monthly,2020_m08,2020-08-01,2020,8,,1,all_cvd,all,all,hospital_registered,hospital_only,not_applicable,observed,monthly_count,82,count,82,,,,,,,,,final,,,,,,,,none,No disclosure restriction identified.,82.000
bnr_cvd_public_metric_v2,CVD-INCIDENCE-001,cvd_2024_05,annual,2020,2020-01-01,2020,,,1,all_cvd,all,age_standardised,national_estimate,hospital_plus_dco,primary,estimated,annual_age_standardised_rate,213.5529825332369,rate_per_100000,,,200.533152201897,241.280398979609,199.9789436711098,228.1619212754957,95,conditional_fay_feuer_gamma,,final,cvd_rates_v1_1_0,UN_WPP_2024,BRB,persons,2026-08-26,historical_estimate,WHO_WORLD_2000_2025,none,No disclosure restriction identified.,213.553
bnr_cvd_public_metric_v2,CVD-BURDEN-001,cvd_2024_05,quarterly,2020_q3,2020-07-01,2020,7,3,1,all_cvd,female,all,hospital_registered,hospital_only,not_applicable,observed,quarterly_count,123,count,123,,,,,,,,,final,,,,,,,,none,No disclosure restriction identified.,123.000
bnr_cvd_public_metric_v2,CVD-BURDEN-001,cvd_2024_05,annual,2020,2020-01-01,2020,,,1,all_cvd,female,all,hospital_registered,hospital_only,not_applicable,observed,annual_previous_5yr_mean,404.6,count,2023,,,,,,,,5,final,,,,,,,,none,No disclosure restriction identified.,404.600
bnr_cvd_public_metric_v2,CVD-BURDEN-001,cvd_2024_05,annual,2020,2020-01-01,2020,,,1,all_cvd,female,all,national_estimate,hospital_plus_dco,primary,estimated,annual_count,471.6331360946746,count,471.6331360946746,,440,539,,,,,,final,cvd_rates_v1_1_0,not_applicable,BRB,not_applicable,not_applicable,not_applicable,not_applicable,none,No disclosure restriction identified.,471.633
bnr_cvd_public_metric_v2,CVD-BURDEN-001,cvd_2024_05,annual,2020,2020-01-01,2020,,,1,all_cvd,female,all,national_estimate,hospital_plus_dco,inclusive,estimated,annual_count,503.7777777777778,count,503.7777777777778,,456,601,,,,,,final,cvd_rates_v1_1_0,not_applicable,BRB,not_applicable,not_applicable,not_applicable,not_applicable,none,No disclosure restriction identified.,503.778
bnr_cvd_public_metric_v2,CVD-INCIDENCE-001,cvd_2024_05,annual,2020,2020-01-01,2020,,,1,all_cvd,female,age_standardised,national_estimate,hospital_plus_dco,primary,estimated,annual_age_standardised_rate,177.3977897099535,rate_per_100000,,,166.781710533446,200.0061064747379,161.1151566738658,195.7248099450263,95,conditional_fay_feuer_gamma,,final,cvd_rates_v1_1_0,UN_WPP_2024,BRB,persons,2026-08-26,historical_estimate,WHO_WORLD_2000_2025,none,No disclosure restriction identified.,177.398
bnr_cvd_public_metric_v2,CVD-INCIDENCE-001,cvd_2024_05,annual,2020,2020-01-01,2020,,,1,all_cvd,female,all,hospital_registered,hospital_only,not_applicable,observed,annual_crude_rate,281.727611011252,rate_per_100000,413,146595.5,,,255.2085641110702,310.2536629224283,95,poisson_exact_garwood,,final,cvd_rates_v1_1_0,UN_WPP_2024,BRB,persons,2026-08-26,historical_estimate,WHO_WORLD_2000_2025,none,No disclosure restriction identified.,281.728
bnr_cvd_public_metric_v2,CVD-INCIDENCE-001,cvd_2024_05,annual,2020,2020-01-01,2020,,,1,all_cvd,female,age_standardised,national_estimate,hospital_plus_dco,inclusive,estimated,annual_age_standardised_rate,189.0137926244029,rate_per_100000,,,172.5436447380679,222.5286284396195,172.1885131008883,207.8791892561801,95,conditional_fay_feuer_gamma,,final,cvd_rates_v1_1_0,UN_WPP_2024,BRB,persons,2026-08-26,historical_estimate,WHO_WORLD_2000_2025,none,No disclosure restriction identified.,189.014
bnr_cvd_public_metric_v2,CVD-BURDEN-001,cvd_2024_05,quarterly,2020_q4,2020-10-01,2020,10,4,1,all_cvd,female,all,hospital_registered,hospital_only,not_applicable,observed,quarterly_same_quarter_previous_5yr_mean,100.2,count,501,,,,,,,,5,final,,,,,,,,none,No disclosure restriction identified.,100.200
bnr_cvd_public_metric_v2,CVD-BURDEN-001,cvd_2024_05,quarterly,2020_q2,2020-04-01,2020,4,2,1,all_cvd,female,all,hospital_registered,hospital_only,not_applicable,observed,quarterly_same_quarter_previous_5yr_mean,101,count,505,,,,,,,,5,final,,,,,,,,none,No disclosure restriction identified.,101.000
bnr_cvd_public_metric_v2,CVD-BURDEN-001,cvd_2024_05,quarterly,2020_q1,2020-01-01,2020,1,1,1,all_cvd,female,all,hospital_registered,hospital_only,not_applicable,observed,quarterly_same_quarter_previous_5yr_mean,106.6,count,533,,,,,,,,5,final,,,,,,,,none,No disclosure restriction identified.,106.600
bnr_cvd_public_metric_v2,CVD-BURDEN-001,cvd_2024_05,quarterly,2020_q1,2020-01-01,2020,1,1,1,all_cvd,female,all,hospital_registered,hospital_only,not_applicable,observed,quarterly_count,107,count,107,,,,,,,,,final,,,,,,,,none,No disclosure restriction identified.,107.000
bnr_cvd_public_metric_v2,CVD-BURDEN-002,cvd_2024_05,annual,2020,2020-01-01,2020,,,1,all_cvd,female,all,hospital_registered,hospital_only,not_applicable,observed,sex_distribution,48.36065573770492,percent,413,854,,,,,,,,final,,,,,,,,none,No disclosure restriction identified.,48.361
bnr_cvd_public_metric_v2,CVD-BURDEN-001,cvd_2024_05,quarterly,2020_q4,2020-10-01,2020,10,4,1,all_cvd,female,all,hospital_registered,hospital_only,not_applicable,observed,quarterly_count,81,count,81,,,,,,,,,final,,,,,,,,none,No disclosure restriction identified.,81.000
bnr_cvd_public_metric_v2,CVD-BURDEN-001,cvd_2024_05,quarterly,2020_q3,2020-07-01,2020,7,3,1,all_cvd,female,all,hospital_registered,hospital_only,not_applicable,observed,quarterly_same_quarter_previous_5yr_mean,96.8,count,484,,,,,,,,5,final,,,,,,,,none,No disclosure restriction identified.,96.800
bnr_cvd_public_metric_v2,CVD-INCIDENCE-001,cvd_2024_05,annual,2020,2020-01-01,2020,,,1,all_cvd,female,age_standardised,hospital_registered,hospital_only,not_applicable,observed,annual_age_standardised_rate,157.7205116403664,rate_per_100000,,,,,142.2410989677102,175.2674075050613,95,fay_feuer_gamma,,final,cvd_rates_v1_1_0,UN_WPP_2024,BRB,persons,2026-08-26,historical_estimate,WHO_WORLD_2000_2025,none,No disclosure restriction identified.,157.721
bnr_cvd_public_metric_v2,CVD-BURDEN-001,cvd_2024_05,annual,2020,2020-01-01,2020,,,1,all_cvd,female,all,national_estimate,additional_dco,primary,estimated,annual_count,58.63313609467456,count,58.63313609467456,,27,126,,,,,,final,cvd_rates_v1_1_0,not_applicable,BRB,not_applicable,not_applicable,not_applicable,not_applicable,none,No disclosure restriction identified.,58.633
bnr_cvd_public_metric_v2,CVD-INCIDENCE-001,cvd_2024_05,annual,2020,2020-01-01,2020,,,1,all_cvd,female,all,national_estimate,hospital_plus_dco,inclusive,estimated,annual_crude_rate,343.6515976123263,rate_per_100000,503.7777777777778,146595.5,311.0600257170241,409.971656701604,314.2941447969831,375.0129884973665,95,conditional_gamma,,final,cvd_rates_v1_1_0,UN_WPP_2024,BRB,persons,2026-08-26,historical_estimate,WHO_WORLD_2000_2025,none,No disclosure restriction identified.,343.652
bnr_cvd_public_metric_v2,CVD-BURDEN-001,cvd_2024_05,annual,2020,2020-01-01,2020,,,1,all_cvd,female,all,hospital_registered,hospital_only,not_applicable,observed,annual_count,413,count,413,,,,,,,,,final,,,,,,,,none,No disclosure restriction identified.,413.000
bnr_cvd_public_metric_v2,CVD-BURDEN-001,cvd_2024_05,annual,2020,2020-01-01,2020,,,1,all_cvd,female,all,national_estimate,additional_dco,inclusive,estimated,annual_count,90.77777777777777,count,90.77777777777777,,43,188,,,,,,final,cvd_rates_v1_1_0,not_applicable,BRB,not_applicable,not_applicable,not_applicable,not_applicable,none,No disclosure restriction identified.,90.778
bnr_cvd_public_metric_v2,CVD-BURDEN-001,cvd_2024_05,quarterly,2020_q2,2020-04-01,2020,4,2,1,all_cvd,female,all,hospital_registered,hospital_only,not_applicable,observed,quarterly_count,102,count,102,,,,,,,,,final,,,,,,,,none,No disclosure restriction identified.,102.000
bnr_cvd_public_metric_v2,CVD-INCIDENCE-001,cvd_2024_05,annual,2020,2020-01-01,2020,,,1,all_cvd,female,all,national_estimate,hospital_plus_dco,primary,estimated,annual_crude_rate,321.7241566723907,rate_per_100000,471.6331360946746,146595.5,300.14563884976,367.6784075909561,293.3400369248915,352.1131991692952,95,conditional_gamma,,final,cvd_rates_v1_1_0,UN_WPP_2024,BRB,persons,2026-08-26,historical_estimate,WHO_WORLD_2000_2025,none,No disclosure restriction identified.,321.724
bnr_cvd_public_metric_v2,CVD-BURDEN-001,cvd_2024_05,quarterly,2020_q2,2020-04-01,2020,4,2,1,all_cvd,male,all,hospital_registered,hospital_only,not_applicable,observed,quarterly_same_quarter_previous_5yr_mean,102.2,count,511,,,,,,,,5,final,,,,,,,,none,No disclosure restriction identified.,102.200
bnr_cvd_public_metric_v2,CVD-INCIDENCE-001,cvd_2024_05,annual,2020,2020-01-01,2020,,,1,all_cvd,male,all,national_estimate,hospital_plus_dco,primary,estimated,annual_crude_rate,369.8178317164187,rate_per_100000,499.6331360946746,135102.5,346.4036564830407,419.6813530467608,338.0972201758574,403.7129857978754,95,conditional_gamma,,final,cvd_rates_v1_1_0,UN_WPP_2024,BRB,persons,2026-08-26,historical_estimate,WHO_WORLD_2000_2025,none,No disclosure restriction identified.,369.818
bnr_cvd_public_metric_v2,CVD-INCIDENCE-001,cvd_2024_05,annual,2020,2020-01-01,2020,,,1,all_cvd,male,age_standardised,national_estimate,hospital_plus_dco,inclusive,estimated,annual_age_standardised_rate,270.1515809445328,rate_per_100000,,,246.3812259820425,318.5214892984375,247.1857391729449,297.1446308116537,95,conditional_fay_feuer_gamma,,final,cvd_rates_v1_1_0,UN_WPP_2024,BRB,persons,2026-08-26,historical_estimate,WHO_WORLD_2000_2025,none,No disclosure restriction identified.,270.152
bnr_cvd_public_metric_v2,CVD-BURDEN-001,cvd_2024_05,quarterly,2020_q4,2020-10-01,2020,10,4,1,all_cvd,male,all,hospital_registered,hospital_only,not_applicable,observed,quarterly_count,109,count,109,,,,,,,,,final,,,,,,,,none,No disclosure restriction identified.,109.000
bnr_cvd_public_metric_v2,CVD-BURDEN-001,cvd_2024_05,annual,2020,2020-01-01,2020,,,1,all_cvd,male,all,national_estimate,additional_dco,inclusive,estimated,annual_count,90.77777777777776,count,90.77777777777776,,43,188,,,,,,final,cvd_rates_v1_1_0,not_applicable,BRB,not_applicable,not_applicable,not_applicable,not_applicable,none,No disclosure restriction identified.,90.778
bnr_cvd_public_metric_v2,CVD-BURDEN-001,cvd_2024_05,annual,2020,2020-01-01,2020,,,1,all_cvd,male,all,national_estimate,hospital_plus_dco,inclusive,estimated,annual_count,531.7777777777777,count,531.7777777777777,,484,629,,,,,,final,cvd_rates_v1_1_0,not_applicable,BRB,not_applicable,not_applicable,not_applicable,not_applicable,none,No disclosure restriction identified.,531.778
bnr_cvd_public_metric_v2,CVD-INCIDENCE-001,cvd_2024_05,annual,2020,2020-01-01,2020,,,1,all_cvd,male,all,hospital_registered,hospital_only,not_applicable,observed,annual_crude_rate,326.4188301474806,rate_per_100000,441,135102.5,,,296.66063888973,358.35362493097,95,poisson_exact_garwood,,final,cvd_rates_v1_1_0,UN_WPP_2024,BRB,persons,2026-08-26,historical_estimate,WHO_WORLD_2000_2025,none,No disclosure restriction identified.,326.419
bnr_cvd_public_metric_v2,CVD-BURDEN-001,cvd_2024_05,annual,2020,2020-01-01,2020,,,1,all_cvd,male,all,national_estimate,additional_dco,primary,estimated,annual_count,58.63313609467456,count,58.63313609467456,,27,126,,,,,,final,cvd_rates_v1_1_0,not_applicable,BRB,not_applicable,not_applicable,not_applicable,not_applicable,none,No disclosure restriction identified.,58.633
bnr_cvd_public_metric_v2,CVD-BURDEN-001,cvd_2024_05,quarterly,2020_q1,2020-01-01,2020,1,1,1,all_cvd,male,all,hospital_registered,hospital_only,not_applicable,observed,quarterly_count,110,count,110,,,,,,,,,final,,,,,,,,none,No disclosure restriction identified.,110.000
bnr_cvd_public_metric_v2,CVD-BURDEN-001,cvd_2024_05,annual,2020,2020-01-01,2020,,,1,all_cvd,male,all,hospital_registered,hospital_only,not_applicable,observed,annual_count,441,count,441,,,,,,,,,final,,,,,,,,none,No disclosure restriction identified.,441.000
bnr_cvd_public_metric_v2,CVD-BURDEN-001,cvd_2024_05,quarterly,2020_q4,2020-10-01,2020,10,4,1,all_cvd,male,all,hospital_registered,hospital_only,not_applicable,observed,quarterly_same_quarter_previous_5yr_mean,95,count,475,,,,,,,,5,final,,,,,,,,none,No disclosure restriction identified.,95.000
bnr_cvd_public_metric_v2,CVD-INCIDENCE-001,cvd_2024_05,annual,2020,2020-01-01,2020,,,1,all_cvd,male,age_standardised,hospital_registered,hospital_only,not_applicable,observed,annual_age_standardised_rate,224.9879065158012,rate_per_100000,,,,,204.0660780390139,249.9880878977036,95,fay_feuer_gamma,,final,cvd_rates_v1_1_0,UN_WPP_2024,BRB,persons,2026-08-26,historical_estimate,WHO_WORLD_2000_2025,none,No disclosure restriction identified.,224.988
bnr_cvd_public_metric_v2,CVD-BURDEN-002,cvd_2024_05,annual,2020,2020-01-01,2020,,,1,all_cvd,male,all,hospital_registered,hospital_only,not_applicable,observed,sex_distribution,51.63934426229508,percent,441,854,,,,,,,,final,,,,,,,,none,No disclosure restriction identified.,51.639
bnr_cvd_public_metric_v2,CVD-BURDEN-001,cvd_2024_05,quarterly,2020_q1,2020-01-01,2020,1,1,1,all_cvd,male,all,hospital_registered,hospital_only,not_applicable,observed,quarterly_same_quarter_previous_5yr_mean,108.4,count,542,,,,,,,,5,final,,,,,,,,none,No disclosure restriction identified.,108.400
bnr_cvd_public_metric_v2,CVD-BURDEN-001,cvd_2024_05,quarterly,2020_q3,2020-07-01,2020,7,3,1,all_cvd,male,all,hospital_registered,hospital_only,not_applicable,observed,quarterly_same_quarter_previous_5yr_mean,97.2,count,486,,,,,,,,5,final,,,,,,,,none,No disclosure restriction identified.,97.200
bnr_cvd_public_metric_v2,CVD-BURDEN-001,cvd_2024_05,quarterly,2020_q3,2020-07-01,2020,7,3,1,all_cvd,male,all,hospital_registered,hospital_only,not_applicable,observed,quarterly_count,105,count,105,,,,,,,,,final,,,,,,,,none,No disclosure restriction identified.,105.000
bnr_cvd_public_metric_v2,CVD-BURDEN-001,cvd_2024_05,quarterly,2020_q2,2020-04-01,2020,4,2,1,all_cvd,male,all,hospital_registered,hospital_only,not_applicable,observed,quarterly_count,117,count,117,,,,,,,,,final,,,,,,,,none,No disclosure restriction identified.,117.000
bnr_cvd_public_metric_v2,CVD-BURDEN-001,cvd_2024_05,annual,2020,2020-01-01,2020,,,1,all_cvd,male,all,hospital_registered,hospital_only,not_applicable,observed,annual_previous_5yr_mean,402.8,count,2014,,,,,,,,5,final,,,,,,,,none,No disclosure restriction identified.,402.800
bnr_cvd_public_metric_v2,CVD-INCIDENCE-001,cvd_2024_05,annual,2020,2020-01-01,2020,,,1,all_cvd,male,all,national_estimate,hospital_plus_dco,inclusive,estimated,annual_crude_rate,393.6106125184787,rate_per_100000,531.7777777777777,135102.5,358.2465165337429,465.572435743232,360.8629631703429,428.5318214576739,95,conditional_gamma,,final,cvd_rates_v1_1_0,UN_WPP_2024,BRB,persons,2026-08-26,historical_estimate,WHO_WORLD_2000_2025,none,No disclosure restriction identified.,393.611
bnr_cvd_public_metric_v2,CVD-BURDEN-001,cvd_2024_05,annual,2020,2020-01-01,2020,,,1,all_cvd,male,all,national_estimate,hospital_plus_dco,primary,estimated,annual_count,499.6331360946746,count,499.6331360946746,,468,567,,,,,,final,cvd_rates_v1_1_0,not_applicable,BRB,not_applicable,not_applicable,not_applicable,not_applicable,none,No disclosure restriction identified.,499.633
bnr_cvd_public_metric_v2,CVD-INCIDENCE-001,cvd_2024_05,annual,2020,2020-01-01,2020,,,1,all_cvd,male,age_standardised,national_estimate,hospital_plus_dco,primary,estimated,annual_age_standardised_rate,253.0204236400879,rate_per_100000,,,237.8966133114536,285.228538228846,230.9126025259941,279.1660964608507,95,conditional_fay_feuer_gamma,,final,cvd_rates_v1_1_0,UN_WPP_2024,BRB,persons,2026-08-26,historical_estimate,WHO_WORLD_2000_2025,none,No disclosure restriction identified.,253.020
bnr_cvd_public_metric_v2,CVD-BURDEN-001,cvd_2024_05,quarterly,2020_q1,2020-01-01,2020,1,1,1,heart,all,all,hospital_registered,hospital_only,not_applicable,observed,quarterly_count,79,count,79,,,,,,,,,final,,,,,,,,none,No disclosure restriction identified.,79.000
bnr_cvd_public_metric_v2,CVD-BURDEN-001,cvd_2024_05,annual,2020,2020-01-01,2020,,,1,heart,all,all,hospital_registered,hospital_only,not_applicable,observed,annual_count,291,count,291,,,,,,,,,final,,,,,,,,none,No disclosure restriction identified.,291.000
bnr_cvd_public_metric_v2,CVD-BURDEN-001,cvd_2024_05,annual,2020,2020-01-01,2020,,,1,heart,all,all,national_estimate,hospital_plus_dco,primary,estimated,annual_count,332.2603550295858,count,332.2603550295858,,310,379.6666666666666,,,,,,final,cvd_rates_v1_1_0,not_applicable,BRB,not_applicable,not_applicable,not_applicable,not_applicable,none,No disclosure restriction identified.,332.260
bnr_cvd_public_metric_v2,CVD-INCIDENCE-001,cvd_2024_05,annual,2020,2020-01-01,2020,,,1,heart,all,all,national_estimate,hospital_plus_dco,inclusive,estimated,annual_crude_rate,122.0377062591065,rate_per_100000,343.7777777777778,281698,112.1768702653196,142.1033608976263,109.4767547247942,135.6447209809413,95,conditional_gamma,,final,cvd_rates_v1_1_0,UN_WPP_2024,BRB,persons,2026-08-26,historical_estimate,WHO_WORLD_2000_2025,none,No disclosure restriction identified.,122.038
bnr_cvd_public_metric_v2,CVD-BURDEN-001,cvd_2024_05,quarterly,2020_q3,2020-07-01,2020,7,3,1,heart,all,all,hospital_registered,hospital_only,not_applicable,observed,quarterly_count,75,count,75,,,,,,,,,final,,,,,,,,none,No disclosure restriction identified.,75.000
bnr_cvd_public_metric_v2,CVD-BURDEN-001,cvd_2024_05,quarterly,2020_q1,2020-01-01,2020,1,1,1,heart,all,all,hospital_registered,hospital_only,not_applicable,observed,quarterly_same_quarter_previous_5yr_mean,62.6,count,313,,,,,,,,5,final,,,,,,,,none,No disclosure restriction identified.,62.600
bnr_cvd_public_metric_v2,CVD-BURDEN-001,cvd_2024_05,annual,2020,2020-01-01,2020,,,1,heart,all,all,national_estimate,additional_dco,primary,estimated,annual_count,41.2603550295858,count,41.2603550295858,,19,88.66666666666664,,,,,,final,cvd_rates_v1_1_0,not_applicable,BRB,not_applicable,not_applicable,not_applicable,not_applicable,none,No disclosure restriction identified.,41.260
bnr_cvd_public_metric_v2,CVD-BURDEN-001,cvd_2024_05,quarterly,2020_q2,2020-04-01,2020,4,2,1,heart,all,all,hospital_registered,hospital_only,not_applicable,observed,quarterly_same_quarter_previous_5yr_mean,69.2,count,346,,,,,,,,5,final,,,,,,,,none,No disclosure restriction identified.,69.200
bnr_cvd_public_metric_v2,CVD-BURDEN-001,cvd_2024_05,quarterly,2020_q4,2020-10-01,2020,10,4,1,heart,all,all,hospital_registered,hospital_only,not_applicable,observed,quarterly_count,61,count,61,,,,,,,,,final,,,,,,,,none,No disclosure restriction identified.,61.000
bnr_cvd_public_metric_v2,CVD-INCIDENCE-001,cvd_2024_05,annual,2020,2020-01-01,2020,,,1,heart,all,age_standardised,national_estimate,hospital_plus_dco,inclusive,estimated,annual_age_standardised_rate,74.43040338306035,rate_per_100000,,,68.60194503909516,86.29063838531512,66.63271963948084,83.28069909810407,95,conditional_fay_feuer_gamma,,final,cvd_rates_v1_1_0,UN_WPP_2024,BRB,persons,2026-08-26,historical_estimate,WHO_WORLD_2000_2025,none,No disclosure restriction identified.,74.430
bnr_cvd_public_metric_v2,CVD-BURDEN-001,cvd_2024_05,quarterly,2020_q2,2020-04-01,2020,4,2,1,heart,all,all,hospital_registered,hospital_only,not_applicable,observed,quarterly_count,76,count,76,,,,,,,,,final,,,,,,,,none,No disclosure restriction identified.,76.000
bnr_cvd_public_metric_v2,CVD-BURDEN-001,cvd_2024_05,quarterly,2020_q3,2020-07-01,2020,7,3,1,heart,all,all,hospital_registered,hospital_only,not_applicable,observed,quarterly_same_quarter_previous_5yr_mean,60.2,count,301,,,,,,,,5,final,,,,,,,,none,No disclosure restriction identified.,60.200
bnr_cvd_public_metric_v2,CVD-BURDEN-002,cvd_2024_05,annual,2020,2020-01-01,2020,,,1,heart,all,all,hospital_registered,hospital_only,not_applicable,observed,event_type_distribution,34.07494145199063,percent,291,854,,,,,,,,final,,,,,,,,none,No disclosure restriction identified.,34.075
bnr_cvd_public_metric_v2,CVD-BURDEN-001,cvd_2024_05,annual,2020,2020-01-01,2020,,,1,heart,all,all,national_estimate,hospital_plus_dco,inclusive,estimated,annual_count,343.7777777777778,count,343.7777777777778,,316,400.3023255813953,,,,,,final,cvd_rates_v1_1_0,not_applicable,BRB,not_applicable,not_applicable,not_applicable,not_applicable,none,No disclosure restriction identified.,343.778
bnr_cvd_public_metric_v2,CVD-INCIDENCE-001,cvd_2024_05,annual,2020,2020-01-01,2020,,,1,heart,all,all,hospital_registered,hospital_only,not_applicable,observed,annual_crude_rate,103.3021178709114,rate_per_100000,291,281698,,,91.77293105055375,115.8789704903025,95,poisson_exact_garwood,,final,cvd_rates_v1_1_0,UN_WPP_2024,BRB,persons,2026-08-26,historical_estimate,WHO_WORLD_2000_2025,none,No disclosure restriction identified.,103.302
bnr_cvd_public_metric_v2,CVD-BURDEN-001,cvd_2024_05,annual,2020,2020-01-01,2020,,,1,heart,all,all,hospital_registered,hospital_only,not_applicable,observed,annual_previous_5yr_mean,254.8,count,1274,,,,,,,,5,final,,,,,,,,none,No disclosure restriction identified.,254.800
bnr_cvd_public_metric_v2,CVD-INCIDENCE-001,cvd_2024_05,annual,2020,2020-01-01,2020,,,1,heart,all,age_standardised,national_estimate,hospital_plus_dco,primary,estimated,annual_age_standardised_rate,72.18496240764378,rate_per_100000,,,67.42183239165679,82.32866521946795,64.4941338471122,80.93113701573944,95,conditional_fay_feuer_gamma,,final,cvd_rates_v1_1_0,UN_WPP_2024,BRB,persons,2026-08-26,historical_estimate,WHO_WORLD_2000_2025,none,No disclosure restriction identified.,72.185
bnr_cvd_public_metric_v2,CVD-INCIDENCE-001,cvd_2024_05,annual,2020,2020-01-01,2020,,,1,heart,all,age_standardised,hospital_registered,hospital_only,not_applicable,observed,annual_age_standardised_rate,63.35633252952648,rate_per_100000,,,,,56.15302909904206,71.62152541819947,95,fay_feuer_gamma,,final,cvd_rates_v1_1_0,UN_WPP_2024,BRB,persons,2026-08-26,historical_estimate,WHO_WORLD_2000_2025,none,No disclosure restriction identified.,63.356
bnr_cvd_public_metric_v2,CVD-BURDEN-001,cvd_2024_05,annual,2020,2020-01-01,2020,,,1,heart,all,all,national_estimate,additional_dco,inclusive,estimated,annual_count,52.77777777777778,count,52.77777777777778,,25,109.3023255813954,,,,,,final,cvd_rates_v1_1_0,not_applicable,BRB,not_applicable,not_applicable,not_applicable,not_applicable,none,No disclosure restriction identified.,52.778
bnr_cvd_public_metric_v2,CVD-INCIDENCE-001,cvd_2024_05,annual,2020,2020-01-01,2020,,,1,heart,all,all,national_estimate,hospital_plus_dco,primary,estimated,annual_crude_rate,117.9491352546294,rate_per_100000,332.2603550295858,281698,110.0469296906616,134.7779063630791,105.6061766761923,131.3384741086054,95,conditional_gamma,,final,cvd_rates_v1_1_0,UN_WPP_2024,BRB,persons,2026-08-26,historical_estimate,WHO_WORLD_2000_2025,none,No disclosure restriction identified.,117.949
bnr_cvd_public_metric_v2,CVD-BURDEN-001,cvd_2024_05,quarterly,2020_q4,2020-10-01,2020,10,4,1,heart,all,all,hospital_registered,hospital_only,not_applicable,observed,quarterly_same_quarter_previous_5yr_mean,62.8,count,314,,,,,,,,5,final,,,,,,,,none,No disclosure restriction identified.,62.800
bnr_cvd_public_metric_v2,CVD-INCIDENCE-001,cvd_2024_05,annual,2020,2020-01-01,2020,,,1,heart,female,age_standardised,national_estimate,hospital_plus_dco,inclusive,estimated,annual_age_standardised_rate,52.80347849085761,rate_per_100000,,,49.15435272067229,60.22902511623471,44.38541744223319,63.35057370982896,95,conditional_fay_feuer_gamma,,final,cvd_rates_v1_1_0,UN_WPP_2024,BRB,persons,2026-08-26,historical_estimate,WHO_WORLD_2000_2025,none,No disclosure restriction identified.,52.803
bnr_cvd_public_metric_v2,CVD-BURDEN-001,cvd_2024_05,quarterly,2020_q4,2020-10-01,2020,10,4,1,heart,female,all,hospital_registered,hospital_only,not_applicable,observed,quarterly_same_quarter_previous_5yr_mean,30,count,150,,,,,,,,5,final,,,,,,,,none,No disclosure restriction identified.,30.000
bnr_cvd_public_metric_v2,CVD-BURDEN-001,cvd_2024_05,quarterly,2020_q3,2020-07-01,2020,7,3,1,heart,female,all,hospital_registered,hospital_only,not_applicable,observed,quarterly_count,39,count,39,,,,,,,,,final,,,,,,,,none,No disclosure restriction identified.,39.000
bnr_cvd_public_metric_v2,CVD-BURDEN-001,cvd_2024_05,annual,2020,2020-01-01,2020,,,1,heart,female,all,national_estimate,hospital_plus_dco,inclusive,estimated,annual_count,146.1111111111111,count,146.1111111111111,,135,168.7209302325581,,,,,,final,cvd_rates_v1_1_0,not_applicable,BRB,not_applicable,not_applicable,not_applicable,not_applicable,none,No disclosure restriction identified.,146.111
bnr_cvd_public_metric_v2,CVD-BURDEN-001,cvd_2024_05,quarterly,2020_q2,2020-04-01,2020,4,2,1,heart,female,all,hospital_registered,hospital_only,not_applicable,observed,quarterly_same_quarter_previous_5yr_mean,31.2,count,156,,,,,,,,5,final,,,,,,,,none,No disclosure restriction identified.,31.200
bnr_cvd_public_metric_v2,CVD-BURDEN-001,cvd_2024_05,quarterly,2020_q4,2020-10-01,2020,10,4,1,heart,female,all,hospital_registered,hospital_only,not_applicable,observed,quarterly_count,23,count,23,,,,,,,,,final,,,,,,,,none,No disclosure restriction identified.,23.000
bnr_cvd_public_metric_v2,CVD-INCIDENCE-001,cvd_2024_05,annual,2020,2020-01-01,2020,,,1,heart,female,age_standardised,hospital_registered,hospital_only,not_applicable,observed,annual_age_standardised_rate,45.87013952750549,rate_per_100000,,,,,37.98858184504279,55.91130190583775,95,fay_feuer_gamma,,final,cvd_rates_v1_1_0,UN_WPP_2024,BRB,persons,2026-08-26,historical_estimate,WHO_WORLD_2000_2025,none,No disclosure restriction identified.,45.870
bnr_cvd_public_metric_v2,CVD-BURDEN-001,cvd_2024_05,quarterly,2020_q1,2020-01-01,2020,1,1,1,heart,female,all,hospital_registered,hospital_only,not_applicable,observed,quarterly_count,33,count,33,,,,,,,,,final,,,,,,,,none,No disclosure restriction identified.,33.000
bnr_cvd_public_metric_v2,CVD-BURDEN-001,cvd_2024_05,annual,2020,2020-01-01,2020,,,1,heart,female,all,national_estimate,additional_dco,primary,estimated,annual_count,17.37278106508876,count,17.37278106508876,,8,37.33333333333333,,,,,,final,cvd_rates_v1_1_0,not_applicable,BRB,not_applicable,not_applicable,not_applicable,not_applicable,none,No disclosure restriction identified.,17.373
bnr_cvd_public_metric_v2,CVD-BURDEN-001,cvd_2024_05,annual,2020,2020-01-01,2020,,,1,heart,female,all,national_estimate,additional_dco,inclusive,estimated,annual_count,21.11111111111111,count,21.11111111111111,,10,43.72093023255814,,,,,,final,cvd_rates_v1_1_0,not_applicable,BRB,not_applicable,not_applicable,not_applicable,not_applicable,none,No disclosure restriction identified.,21.111
bnr_cvd_public_metric_v2,CVD-INCIDENCE-001,cvd_2024_05,annual,2020,2020-01-01,2020,,,1,heart,female,all,national_estimate,hospital_plus_dco,inclusive,estimated,annual_crude_rate,99.66957451702891,rate_per_100000,146.1111111111111,146595.5,92.09013919254001,115.0928440726749,84.1640151023676,117.2040895600338,95,conditional_gamma,,final,cvd_rates_v1_1_0,UN_WPP_2024,BRB,persons,2026-08-26,historical_estimate,WHO_WORLD_2000_2025,none,No disclosure restriction identified.,99.670
bnr_cvd_public_metric_v2,CVD-INCIDENCE-001,cvd_2024_05,annual,2020,2020-01-01,2020,,,1,heart,female,all,national_estimate,hospital_plus_dco,primary,estimated,annual_crude_rate,97.11947574454111,rate_per_100000,142.3727810650888,146595.5,90.72584083413201,110.7355500907827,81.82211786619627,114.4464915157145,95,conditional_gamma,,final,cvd_rates_v1_1_0,UN_WPP_2024,BRB,persons,2026-08-26,historical_estimate,WHO_WORLD_2000_2025,none,No disclosure restriction identified.,97.119
bnr_cvd_public_metric_v2,CVD-BURDEN-001,cvd_2024_05,quarterly,2020_q1,2020-01-01,2020,1,1,1,heart,female,all,hospital_registered,hospital_only,not_applicable,observed,quarterly_same_quarter_previous_5yr_mean,26.4,count,132,,,,,,,,5,final,,,,,,,,none,No disclosure restriction identified.,26.400
bnr_cvd_public_metric_v2,CVD-INCIDENCE-001,cvd_2024_05,annual,2020,2020-01-01,2020,,,1,heart,female,all,hospital_registered,hospital_only,not_applicable,observed,annual_crude_rate,85.26864740050002,rate_per_100000,125,146595.5,,,70.9768710993859,101.5937439736775,95,poisson_exact_garwood,,final,cvd_rates_v1_1_0,UN_WPP_2024,BRB,persons,2026-08-26,historical_estimate,WHO_WORLD_2000_2025,none,No disclosure restriction identified.,85.269
bnr_cvd_public_metric_v2,CVD-BURDEN-001,cvd_2024_05,quarterly,2020_q2,2020-04-01,2020,4,2,1,heart,female,all,hospital_registered,hospital_only,not_applicable,observed,quarterly_count,30,count,30,,,,,,,,,final,,,,,,,,none,No disclosure restriction identified.,30.000
bnr_cvd_public_metric_v2,CVD-BURDEN-001,cvd_2024_05,annual,2020,2020-01-01,2020,,,1,heart,female,all,hospital_registered,hospital_only,not_applicable,observed,annual_count,125,count,125,,,,,,,,,final,,,,,,,,none,No disclosure restriction identified.,125.000
bnr_cvd_public_metric_v2,CVD-BURDEN-001,cvd_2024_05,quarterly,2020_q3,2020-07-01,2020,7,3,1,heart,female,all,hospital_registered,hospital_only,not_applicable,observed,quarterly_same_quarter_previous_5yr_mean,29,count,145,,,,,,,,5,final,,,,,,,,none,No disclosure restriction identified.,29.000
bnr_cvd_public_metric_v2,CVD-INCIDENCE-001,cvd_2024_05,annual,2020,2020-01-01,2020,,,1,heart,female,age_standardised,national_estimate,hospital_plus_dco,primary,estimated,annual_age_standardised_rate,51.80779508317224,rate_per_100000,,,48.60437328474714,58.62989706129979,43.44925719320219,62.30160750798959,95,conditional_fay_feuer_gamma,,final,cvd_rates_v1_1_0,UN_WPP_2024,BRB,persons,2026-08-26,historical_estimate,WHO_WORLD_2000_2025,none,No disclosure restriction identified.,51.808
bnr_cvd_public_metric_v2,CVD-BURDEN-002,cvd_2024_05,annual,2020,2020-01-01,2020,,,1,heart,female,all,hospital_registered,hospital_only,not_applicable,observed,sex_distribution,42.9553264604811,percent,125,291,,,,,,,,final,,,,,,,,none,No disclosure restriction identified.,42.955
bnr_cvd_public_metric_v2,CVD-BURDEN-001,cvd_2024_05,annual,2020,2020-01-01,2020,,,1,heart,female,all,hospital_registered,hospital_only,not_applicable,observed,annual_previous_5yr_mean,116.6,count,583,,,,,,,,5,final,,,,,,,,none,No disclosure restriction identified.,116.600
bnr_cvd_public_metric_v2,CVD-BURDEN-001,cvd_2024_05,annual,2020,2020-01-01,2020,,,1,heart,female,all,national_estimate,hospital_plus_dco,primary,estimated,annual_count,142.3727810650888,count,142.3727810650888,,133,162.3333333333333,,,,,,final,cvd_rates_v1_1_0,not_applicable,BRB,not_applicable,not_applicable,not_applicable,not_applicable,none,No disclosure restriction identified.,142.373
bnr_cvd_public_metric_v2,CVD-INCIDENCE-001,cvd_2024_05,annual,2020,2020-01-01,2020,,,1,heart,male,all,national_estimate,hospital_plus_dco,inclusive,estimated,annual_crude_rate,146.308666876384,rate_per_100000,197.6666666666667,135102.5,133.9723543235691,171.4116284664142,126.6222163154426,168.1884618351669,95,conditional_gamma,,final,cvd_rates_v1_1_0,UN_WPP_2024,BRB,persons,2026-08-26,historical_estimate,WHO_WORLD_2000_2025,none,No disclosure restriction identified.,146.309
bnr_cvd_public_metric_v2,CVD-INCIDENCE-001,cvd_2024_05,annual,2020,2020-01-01,2020,,,1,heart,male,age_standardised,national_estimate,hospital_plus_dco,inclusive,estimated,annual_age_standardised_rate,99.87666676994942,rate_per_100000,,,92.16878070920885,115.5613186377355,86.2188863988264,117.8911685397579,95,conditional_fay_feuer_gamma,,final,cvd_rates_v1_1_0,UN_WPP_2024,BRB,persons,2026-08-26,historical_estimate,WHO_WORLD_2000_2025,none,No disclosure restriction identified.,99.877
bnr_cvd_public_metric_v2,CVD-BURDEN-001,cvd_2024_05,quarterly,2020_q3,2020-07-01,2020,7,3,1,heart,male,all,hospital_registered,hospital_only,not_applicable,observed,quarterly_same_quarter_previous_5yr_mean,31.2,count,156,,,,,,,,5,final,,,,,,,,none,No disclosure restriction identified.,31.200
bnr_cvd_public_metric_v2,CVD-BURDEN-001,cvd_2024_05,annual,2020,2020-01-01,2020,,,1,heart,male,all,national_estimate,additional_dco,inclusive,estimated,annual_count,31.66666666666666,count,31.66666666666666,,15,65.58139534883721,,,,,,final,cvd_rates_v1_1_0,not_applicable,BRB,not_applicable,not_applicable,not_applicable,not_applicable,none,No disclosure restriction identified.,31.667
bnr_cvd_public_metric_v2,CVD-BURDEN-001,cvd_2024_05,quarterly,2020_q4,2020-10-01,2020,10,4,1,heart,male,all,hospital_registered,hospital_only,not_applicable,observed,quarterly_count,38,count,38,,,,,,,,,final,,,,,,,,none,No disclosure restriction identified.,38.000
bnr_cvd_public_metric_v2,CVD-BURDEN-001,cvd_2024_05,annual,2020,2020-01-01,2020,,,1,heart,male,all,hospital_registered,hospital_only,not_applicable,observed,annual_count,166,count,166,,,,,,,,,final,,,,,,,,none,No disclosure restriction identified.,166.000
bnr_cvd_public_metric_v2,CVD-INCIDENCE-001,cvd_2024_05,annual,2020,2020-01-01,2020,,,1,heart,male,all,hospital_registered,hospital_only,not_applicable,observed,annual_crude_rate,122.8696730260358,rate_per_100000,166,135102.5,,,104.8890309367577,143.0482560283439,95,poisson_exact_garwood,,final,cvd_rates_v1_1_0,UN_WPP_2024,BRB,persons,2026-08-26,historical_estimate,WHO_WORLD_2000_2025,none,No disclosure restriction identified.,122.870
bnr_cvd_public_metric_v2,CVD-BURDEN-001,cvd_2024_05,annual,2020,2020-01-01,2020,,,1,heart,male,all,national_estimate,additional_dco,primary,estimated,annual_count,23.88757396449704,count,23.88757396449704,,11,51.33333333333333,,,,,,final,cvd_rates_v1_1_0,not_applicable,BRB,not_applicable,not_applicable,not_applicable,not_applicable,none,No disclosure restriction identified.,23.888
bnr_cvd_public_metric_v2,CVD-BURDEN-001,cvd_2024_05,quarterly,2020_q2,2020-04-01,2020,4,2,1,heart,male,all,hospital_registered,hospital_only,not_applicable,observed,quarterly_same_quarter_previous_5yr_mean,38,count,190,,,,,,,,5,final,,,,,,,,none,No disclosure restriction identified.,38.000
bnr_cvd_public_metric_v2,CVD-INCIDENCE-001,cvd_2024_05,annual,2020,2020-01-01,2020,,,1,heart,male,age_standardised,hospital_registered,hospital_only,not_applicable,observed,annual_age_standardised_rate,85.23168325454232,rate_per_100000,,,,,72.5376901882542,102.3644006823423,95,fay_feuer_gamma,,final,cvd_rates_v1_1_0,UN_WPP_2024,BRB,persons,2026-08-26,historical_estimate,WHO_WORLD_2000_2025,none,No disclosure restriction identified.,85.232
bnr_cvd_public_metric_v2,CVD-INCIDENCE-001,cvd_2024_05,annual,2020,2020-01-01,2020,,,1,heart,male,age_standardised,national_estimate,hospital_plus_dco,primary,estimated,annual_age_standardised_rate,96.34153193828516,rate_per_100000,,,90.34766262117049,109.1062536321405,82.90638370492405,114.1518435807096,95,conditional_fay_feuer_gamma,,final,cvd_rates_v1_1_0,UN_WPP_2024,BRB,persons,2026-08-26,historical_estimate,WHO_WORLD_2000_2025,none,No disclosure restriction identified.,96.342
bnr_cvd_public_metric_v2,CVD-BURDEN-001,cvd_2024_05,quarterly,2020_q3,2020-07-01,2020,7,3,1,heart,male,all,hospital_registered,hospital_only,not_applicable,observed,quarterly_count,36,count,36,,,,,,,,,final,,,,,,,,none,No disclosure restriction identified.,36.000
bnr_cvd_public_metric_v2,CVD-BURDEN-001,cvd_2024_05,quarterly,2020_q1,2020-01-01,2020,1,1,1,heart,male,all,hospital_registered,hospital_only,not_applicable,observed,quarterly_count,46,count,46,,,,,,,,,final,,,,,,,,none,No disclosure restriction identified.,46.000
bnr_cvd_public_metric_v2,CVD-BURDEN-001,cvd_2024_05,annual,2020,2020-01-01,2020,,,1,heart,male,all,national_estimate,hospital_plus_dco,inclusive,estimated,annual_count,197.6666666666667,count,197.6666666666667,,181,231.5813953488372,,,,,,final,cvd_rates_v1_1_0,not_applicable,BRB,not_applicable,not_applicable,not_applicable,not_applicable,none,No disclosure restriction identified.,197.667
bnr_cvd_public_metric_v2,CVD-BURDEN-002,cvd_2024_05,annual,2020,2020-01-01,2020,,,1,heart,male,all,hospital_registered,hospital_only,not_applicable,observed,sex_distribution,57.0446735395189,percent,166,291,,,,,,,,final,,,,,,,,none,No disclosure restriction identified.,57.045
bnr_cvd_public_metric_v2,CVD-BURDEN-001,cvd_2024_05,annual,2020,2020-01-01,2020,,,1,heart,male,all,hospital_registered,hospital_only,not_applicable,observed,annual_previous_5yr_mean,138.2,count,691,,,,,,,,5,final,,,,,,,,none,No disclosure restriction identified.,138.200
bnr_cvd_public_metric_v2,CVD-INCIDENCE-001,cvd_2024_05,annual,2020,2020-01-01,2020,,,1,heart,male,all,national_estimate,hospital_plus_dco,primary,estimated,annual_crude_rate,140.5507477393068,rate_per_100000,189.8875739644971,135102.5,131.0116393108936,160.8655156887055,121.2698422004532,162.0260203716774,95,conditional_gamma,,final,cvd_rates_v1_1_0,UN_WPP_2024,BRB,persons,2026-08-26,historical_estimate,WHO_WORLD_2000_2025,none,No disclosure restriction identified.,140.551
bnr_cvd_public_metric_v2,CVD-BURDEN-001,cvd_2024_05,quarterly,2020_q4,2020-10-01,2020,10,4,1,heart,male,all,hospital_registered,hospital_only,not_applicable,observed,quarterly_same_quarter_previous_5yr_mean,32.8,count,164,,,,,,,,5,final,,,,,,,,none,No disclosure restriction identified.,32.800
bnr_cvd_public_metric_v2,CVD-BURDEN-001,cvd_2024_05,quarterly,2020_q1,2020-01-01,2020,1,1,1,heart,male,all,hospital_registered,hospital_only,not_applicable,observed,quarterly_same_quarter_previous_5yr_mean,36.2,count,181,,,,,,,,5,final,,,,,,,,none,No disclosure restriction identified.,36.200
bnr_cvd_public_metric_v2,CVD-BURDEN-001,cvd_2024_05,quarterly,2020_q2,2020-04-01,2020,4,2,1,heart,male,all,hospital_registered,hospital_only,not_applicable,observed,quarterly_count,46,count,46,,,,,,,,,final,,,,,,,,none,No disclosure restriction identified.,46.000
bnr_cvd_public_metric_v2,CVD-BURDEN-001,cvd_2024_05,annual,2020,2020-01-01,2020,,,1,heart,male,all,national_estimate,hospital_plus_dco,primary,estimated,annual_count,189.8875739644971,count,189.8875739644971,,177,217.3333333333333,,,,,,final,cvd_rates_v1_1_0,not_applicable,BRB,not_applicable,not_applicable,not_applicable,not_applicable,none,No disclosure restriction identified.,189.888
bnr_cvd_public_metric_v2,CVD-INCIDENCE-001,cvd_2024_05,annual,2020,2020-01-01,2020,,,1,stroke,all,all,hospital_registered,hospital_only,not_applicable,observed,annual_crude_rate,199.8594239220726,rate_per_100000,563,281698,,,183.6892679340239,217.0716013084566,95,poisson_exact_garwood,,final,cvd_rates_v1_1_0,UN_WPP_2024,BRB,persons,2026-08-26,historical_estimate,WHO_WORLD_2000_2025,none,No disclosure restriction identified.,199.859
bnr_cvd_public_metric_v2,CVD-INCIDENCE-001,cvd_2024_05,annual,2020,2020-01-01,2020,,,1,stroke,all,age_standardised,national_estimate,hospital_plus_dco,primary,estimated,annual_age_standardised_rate,141.3680201255931,rate_per_100000,,,133.1113198102402,158.951733760141,130.2880445697839,153.4988897601728,95,conditional_fay_feuer_gamma,,final,cvd_rates_v1_1_0,UN_WPP_2024,BRB,persons,2026-08-26,historical_estimate,WHO_WORLD_2000_2025,none,No disclosure restriction identified.,141.368
bnr_cvd_public_metric_v2,CVD-BURDEN-001,cvd_2024_05,quarterly,2020_q2,2020-04-01,2020,4,2,1,stroke,all,all,hospital_registered,hospital_only,not_applicable,observed,quarterly_same_quarter_previous_5yr_mean,134,count,670,,,,,,,,5,final,,,,,,,,none,No disclosure restriction identified.,134.000
bnr_cvd_public_metric_v2,CVD-BURDEN-001,cvd_2024_05,quarterly,2020_q3,2020-07-01,2020,7,3,1,stroke,all,all,hospital_registered,hospital_only,not_applicable,observed,quarterly_same_quarter_previous_5yr_mean,133.8,count,669,,,,,,,,5,final,,,,,,,,none,No disclosure restriction identified.,133.800
bnr_cvd_public_metric_v2,CVD-BURDEN-001,cvd_2024_05,annual,2020,2020-01-01,2020,,,1,stroke,all,all,national_estimate,hospital_plus_dco,inclusive,estimated,annual_count,,count,,,,,,,,,,final,cvd_rates_v1_1_0,not_applicable,BRB,not_applicable,not_applicable,not_applicable,not_applicable,secondary,Secondary suppression: protects a related confidential value.,*
bnr_cvd_public_metric_v2,CVD-BURDEN-001,cvd_2024_05,quarterly,2020_q4,2020-10-01,2020,10,4,1,stroke,all,all,hospital_registered,hospital_only,not_applicable,observed,quarterly_count,129,count,129,,,,,,,,,final,,,,,,,,none,No disclosure restriction identified.,129.000
bnr_cvd_public_metric_v2,CVD-BURDEN-001,cvd_2024_05,quarterly,2020_q2,2020-04-01,2020,4,2,1,stroke,all,all,hospital_registered,hospital_only,not_applicable,observed,quarterly_count,143,count,143,,,,,,,,,final,,,,,,,,none,No disclosure restriction identified.,143.000
bnr_cvd_public_metric_v2,CVD-INCIDENCE-001,cvd_2024_05,annual,2020,2020-01-01,2020,,,1,stroke,all,age_standardised,national_estimate,hospital_plus_dco,inclusive,estimated,annual_age_standardised_rate,,rate_per_100000,,,,,,,95,conditional_fay_feuer_gamma,,final,cvd_rates_v1_1_0,UN_WPP_2024,BRB,persons,2026-08-26,historical_estimate,WHO_WORLD_2000_2025,secondary,Secondary suppression: protects a related confidential value.,*
bnr_cvd_public_metric_v2,CVD-BURDEN-001,cvd_2024_05,annual,2020,2020-01-01,2020,,,1,stroke,all,all,national_estimate,additional_dco,primary,estimated,annual_count,76.00591715976333,count,76.00591715976333,,35,163.3333333333333,,,,,,final,cvd_rates_v1_1_0,not_applicable,BRB,not_applicable,not_applicable,not_applicable,not_applicable,none,No disclosure restriction identified.,76.006
bnr_cvd_public_metric_v2,CVD-BURDEN-001,cvd_2024_05,annual,2020,2020-01-01,2020,,,1,stroke,all,all,national_estimate,hospital_plus_dco,primary,estimated,annual_count,639.0059171597634,count,639.0059171597634,,598,726.3333333333333,,,,,,final,cvd_rates_v1_1_0,not_applicable,BRB,not_applicable,not_applicable,not_applicable,not_applicable,none,No disclosure restriction identified.,639.006
bnr_cvd_public_metric_v2,CVD-BURDEN-001,cvd_2024_05,quarterly,2020_q1,2020-01-01,2020,1,1,1,stroke,all,all,hospital_registered,hospital_only,not_applicable,observed,quarterly_same_quarter_previous_5yr_mean,152.4,count,762,,,,,,,,5,final,,,,,,,,none,No disclosure restriction identified.,152.400
bnr_cvd_public_metric_v2,CVD-BURDEN-002,cvd_2024_05,annual,2020,2020-01-01,2020,,,1,stroke,all,all,hospital_registered,hospital_only,not_applicable,observed,event_type_distribution,65.92505854800936,percent,563,854,,,,,,,,final,,,,,,,,none,No disclosure restriction identified.,65.925
bnr_cvd_public_metric_v2,CVD-INCIDENCE-001,cvd_2024_05,annual,2020,2020-01-01,2020,,,1,stroke,all,all,national_estimate,hospital_plus_dco,inclusive,estimated,annual_crude_rate,,rate_per_100000,,,,,,,95,conditional_gamma,,final,cvd_rates_v1_1_0,UN_WPP_2024,BRB,persons,2026-08-26,historical_estimate,WHO_WORLD_2000_2025,secondary,Secondary suppression: protects a related confidential value.,*
bnr_cvd_public_metric_v2,CVD-BURDEN-001,cvd_2024_05,quarterly,2020_q4,2020-10-01,2020,10,4,1,stroke,all,all,hospital_registered,hospital_only,not_applicable,observed,quarterly_same_quarter_previous_5yr_mean,132.4,count,662,,,,,,,,5,final,,,,,,,,none,No disclosure restriction identified.,132.400
bnr_cvd_public_metric_v2,CVD-BURDEN-001,cvd_2024_05,quarterly,2020_q3,2020-07-01,2020,7,3,1,stroke,all,all,hospital_registered,hospital_only,not_applicable,observed,quarterly_count,153,count,153,,,,,,,,,final,,,,,,,,none,No disclosure restriction identified.,153.000
bnr_cvd_public_metric_v2,CVD-INCIDENCE-001,cvd_2024_05,annual,2020,2020-01-01,2020,,,1,stroke,all,age_standardised,hospital_registered,hospital_only,not_applicable,observed,annual_age_standardised_rate,126.0639341875399,rate_per_100000,,,,,115.5327965667596,137.6557525646832,95,fay_feuer_gamma,,final,cvd_rates_v1_1_0,UN_WPP_2024,BRB,persons,2026-08-26,historical_estimate,WHO_WORLD_2000_2025,none,No disclosure restriction identified.,126.064
bnr_cvd_public_metric_v2,CVD-BURDEN-001,cvd_2024_05,annual,2020,2020-01-01,2020,,,1,stroke,all,all,hospital_registered,hospital_only,not_applicable,observed,annual_previous_5yr_mean,552.6,count,2763,,,,,,,,5,final,,,,,,,,none,No disclosure restriction identified.,552.600
bnr_cvd_public_metric_v2,CVD-BURDEN-001,cvd_2024_05,annual,2020,2020-01-01,2020,,,1,stroke,all,all,national_estimate,additional_dco,inclusive,estimated,annual_count,,count,,,,,,,,,,final,cvd_rates_v1_1_0,not_applicable,BRB,not_applicable,not_applicable,not_applicable,not_applicable,secondary,Secondary suppression: protects a related confidential value.,*
bnr_cvd_public_metric_v2,CVD-INCIDENCE-001,cvd_2024_05,annual,2020,2020-01-01,2020,,,1,stroke,all,all,national_estimate,hospital_plus_dco,primary,estimated,annual_crude_rate,226.8407717341846,rate_per_100000,639.0059171597634,281698,212.284077274244,257.8411395655394,209.5913653507914,245.1313109090507,95,conditional_gamma,,final,cvd_rates_v1_1_0,UN_WPP_2024,BRB,persons,2026-08-26,historical_estimate,WHO_WORLD_2000_2025,none,No disclosure restriction identified.,226.841
bnr_cvd_public_metric_v2,CVD-BURDEN-001,cvd_2024_05,quarterly,2020_q1,2020-01-01,2020,1,1,1,stroke,all,all,hospital_registered,hospital_only,not_applicable,observed,quarterly_count,138,count,138,,,,,,,,,final,,,,,,,,none,No disclosure restriction identified.,138.000
bnr_cvd_public_metric_v2,CVD-BURDEN-001,cvd_2024_05,annual,2020,2020-01-01,2020,,,1,stroke,all,all,hospital_registered,hospital_only,not_applicable,observed,annual_count,563,count,563,,,,,,,,,final,,,,,,,,none,No disclosure restriction identified.,563.000
bnr_cvd_public_metric_v2,CVD-BURDEN-001,cvd_2024_05,quarterly,2020_q3,2020-07-01,2020,7,3,1,stroke,female,all,hospital_registered,hospital_only,not_applicable,observed,quarterly_count,84,count,84,,,,,,,,,final,,,,,,,,none,No disclosure restriction identified.,84.000
bnr_cvd_public_metric_v2,CVD-BURDEN-002,cvd_2024_05,annual,2020,2020-01-01,2020,,,1,stroke,female,all,hospital_registered,hospital_only,not_applicable,observed,sex_distribution,51.15452930728242,percent,288,563,,,,,,,,final,,,,,,,,none,No disclosure restriction identified.,51.155
bnr_cvd_public_metric_v2,CVD-BURDEN-001,cvd_2024_05,quarterly,2020_q4,2020-10-01,2020,10,4,1,stroke,female,all,hospital_registered,hospital_only,not_applicable,observed,quarterly_same_quarter_previous_5yr_mean,70.2,count,351,,,,,,,,5,final,,,,,,,,none,No disclosure restriction identified.,70.200
bnr_cvd_public_metric_v2,CVD-INCIDENCE-001,cvd_2024_05,annual,2020,2020-01-01,2020,,,1,stroke,female,age_standardised,national_estimate,hospital_plus_dco,inclusive,estimated,annual_age_standardised_rate,,rate_per_100000,,,,,,,95,conditional_fay_feuer_gamma,,final,cvd_rates_v1_1_0,UN_WPP_2024,BRB,persons,2026-08-26,historical_estimate,WHO_WORLD_2000_2025,secondary,Secondary suppression: protects a related confidential value.,*
bnr_cvd_public_metric_v2,CVD-INCIDENCE-001,cvd_2024_05,annual,2020,2020-01-01,2020,,,1,stroke,female,all,hospital_registered,hospital_only,not_applicable,observed,annual_crude_rate,196.4589636107521,rate_per_100000,288,146595.5,,,174.422373331436,220.5089490223241,95,poisson_exact_garwood,,final,cvd_rates_v1_1_0,UN_WPP_2024,BRB,persons,2026-08-26,historical_estimate,WHO_WORLD_2000_2025,none,No disclosure restriction identified.,196.459
bnr_cvd_public_metric_v2,CVD-BURDEN-001,cvd_2024_05,annual,2020,2020-01-01,2020,,,1,stroke,female,all,national_estimate,additional_dco,inclusive,estimated,annual_count,,count,,,,,,,,,,final,cvd_rates_v1_1_0,not_applicable,BRB,not_applicable,not_applicable,not_applicable,not_applicable,secondary,Secondary suppression: protects a related confidential value.,*
bnr_cvd_public_metric_v2,CVD-BURDEN-001,cvd_2024_05,quarterly,2020_q4,2020-10-01,2020,10,4,1,stroke,female,all,hospital_registered,hospital_only,not_applicable,observed,quarterly_count,58,count,58,,,,,,,,,final,,,,,,,,none,No disclosure restriction identified.,58.000
bnr_cvd_public_metric_v2,CVD-BURDEN-001,cvd_2024_05,quarterly,2020_q3,2020-07-01,2020,7,3,1,stroke,female,all,hospital_registered,hospital_only,not_applicable,observed,quarterly_same_quarter_previous_5yr_mean,67.8,count,339,,,,,,,,5,final,,,,,,,,none,No disclosure restriction identified.,67.800
bnr_cvd_public_metric_v2,CVD-BURDEN-001,cvd_2024_05,quarterly,2020_q2,2020-04-01,2020,4,2,1,stroke,female,all,hospital_registered,hospital_only,not_applicable,observed,quarterly_count,72,count,72,,,,,,,,,final,,,,,,,,none,No disclosure restriction identified.,72.000
bnr_cvd_public_metric_v2,CVD-INCIDENCE-001,cvd_2024_05,annual,2020,2020-01-01,2020,,,1,stroke,female,age_standardised,hospital_registered,hospital_only,not_applicable,observed,annual_age_standardised_rate,111.8503721128609,rate_per_100000,,,,,98.69714579313195,127.1212609865894,95,fay_feuer_gamma,,final,cvd_rates_v1_1_0,UN_WPP_2024,BRB,persons,2026-08-26,historical_estimate,WHO_WORLD_2000_2025,none,No disclosure restriction identified.,111.850
bnr_cvd_public_metric_v2,CVD-BURDEN-001,cvd_2024_05,quarterly,2020_q2,2020-04-01,2020,4,2,1,stroke,female,all,hospital_registered,hospital_only,not_applicable,observed,quarterly_same_quarter_previous_5yr_mean,69.8,count,349,,,,,,,,5,final,,,,,,,,none,No disclosure restriction identified.,69.800
bnr_cvd_public_metric_v2,CVD-BURDEN-001,cvd_2024_05,annual,2020,2020-01-01,2020,,,1,stroke,female,all,national_estimate,additional_dco,primary,estimated,annual_count,41.2603550295858,count,41.2603550295858,,19,88.66666666666666,,,,,,final,cvd_rates_v1_1_0,not_applicable,BRB,not_applicable,not_applicable,not_applicable,not_applicable,none,No disclosure restriction identified.,41.260
bnr_cvd_public_metric_v2,CVD-BURDEN-001,cvd_2024_05,annual,2020,2020-01-01,2020,,,1,stroke,female,all,hospital_registered,hospital_only,not_applicable,observed,annual_count,288,count,288,,,,,,,,,final,,,,,,,,none,No disclosure restriction identified.,288.000
bnr_cvd_public_metric_v2,CVD-BURDEN-001,cvd_2024_05,annual,2020,2020-01-01,2020,,,1,stroke,female,all,hospital_registered,hospital_only,not_applicable,observed,annual_previous_5yr_mean,288,count,1440,,,,,,,,5,final,,,,,,,,none,No disclosure restriction identified.,288.000
bnr_cvd_public_metric_v2,CVD-BURDEN-001,cvd_2024_05,quarterly,2020_q1,2020-01-01,2020,1,1,1,stroke,female,all,hospital_registered,hospital_only,not_applicable,observed,quarterly_same_quarter_previous_5yr_mean,80.2,count,401,,,,,,,,5,final,,,,,,,,none,No disclosure restriction identified.,80.200
bnr_cvd_public_metric_v2,CVD-INCIDENCE-001,cvd_2024_05,annual,2020,2020-01-01,2020,,,1,stroke,female,age_standardised,national_estimate,hospital_plus_dco,primary,estimated,annual_age_standardised_rate,125.5899946267812,rate_per_100000,,,118.1773372486989,141.3762094134381,111.7841142002302,141.4864012713156,95,conditional_fay_feuer_gamma,,final,cvd_rates_v1_1_0,UN_WPP_2024,BRB,persons,2026-08-26,historical_estimate,WHO_WORLD_2000_2025,none,No disclosure restriction identified.,125.590
bnr_cvd_public_metric_v2,CVD-INCIDENCE-001,cvd_2024_05,annual,2020,2020-01-01,2020,,,1,stroke,female,all,national_estimate,hospital_plus_dco,inclusive,estimated,annual_crude_rate,,rate_per_100000,,,,,,,95,conditional_gamma,,final,cvd_rates_v1_1_0,UN_WPP_2024,BRB,persons,2026-08-26,historical_estimate,WHO_WORLD_2000_2025,secondary,Secondary suppression: protects a related confidential value.,*
bnr_cvd_public_metric_v2,CVD-BURDEN-001,cvd_2024_05,annual,2020,2020-01-01,2020,,,1,stroke,female,all,national_estimate,hospital_plus_dco,primary,estimated,annual_count,329.2603550295858,count,329.2603550295858,,307,376.6666666666666,,,,,,final,cvd_rates_v1_1_0,not_applicable,BRB,not_applicable,not_applicable,not_applicable,not_applicable,none,No disclosure restriction identified.,329.260
bnr_cvd_public_metric_v2,CVD-INCIDENCE-001,cvd_2024_05,annual,2020,2020-01-01,2020,,,1,stroke,female,all,national_estimate,hospital_plus_dco,primary,estimated,annual_crude_rate,224.6046809278496,rate_per_100000,329.2603550295858,146595.5,209.419798015628,256.9428575001734,200.9967437568789,250.2235069634496,95,conditional_gamma,,final,cvd_rates_v1_1_0,UN_WPP_2024,BRB,persons,2026-08-26,historical_estimate,WHO_WORLD_2000_2025,none,No disclosure restriction identified.,224.605
bnr_cvd_public_metric_v2,CVD-BURDEN-001,cvd_2024_05,quarterly,2020_q1,2020-01-01,2020,1,1,1,stroke,female,all,hospital_registered,hospital_only,not_applicable,observed,quarterly_count,74,count,74,,,,,,,,,final,,,,,,,,none,No disclosure restriction identified.,74.000
bnr_cvd_public_metric_v2,CVD-BURDEN-001,cvd_2024_05,annual,2020,2020-01-01,2020,,,1,stroke,female,all,national_estimate,hospital_plus_dco,inclusive,estimated,annual_count,,count,,,,,,,,,,final,cvd_rates_v1_1_0,not_applicable,BRB,not_applicable,not_applicable,not_applicable,not_applicable,secondary,Secondary suppression: protects a related confidential value.,*
bnr_cvd_public_metric_v2,CVD-INCIDENCE-001,cvd_2024_05,annual,2020,2020-01-01,2020,,,1,stroke,male,all,national_estimate,hospital_plus_dco,inclusive,estimated,annual_crude_rate,,rate_per_100000,,,,,,,95,conditional_gamma,,final,cvd_rates_v1_1_0,UN_WPP_2024,BRB,persons,2026-08-26,historical_estimate,WHO_WORLD_2000_2025,secondary,Secondary suppression: protects a related confidential value.,*
bnr_cvd_public_metric_v2,CVD-INCIDENCE-001,cvd_2024_05,annual,2020,2020-01-01,2020,,,1,stroke,male,age_standardised,national_estimate,hospital_plus_dco,inclusive,estimated,annual_age_standardised_rate,,rate_per_100000,,,,,,,95,conditional_fay_feuer_gamma,,final,cvd_rates_v1_1_0,UN_WPP_2024,BRB,persons,2026-08-26,historical_estimate,WHO_WORLD_2000_2025,secondary,Secondary suppression: protects a related confidential value.,*
bnr_cvd_public_metric_v2,CVD-BURDEN-001,cvd_2024_05,quarterly,2020_q1,2020-01-01,2020,1,1,1,stroke,male,all,hospital_registered,hospital_only,not_applicable,observed,quarterly_count,64,count,64,,,,,,,,,final,,,,,,,,none,No disclosure restriction identified.,64.000
bnr_cvd_public_metric_v2,CVD-BURDEN-001,cvd_2024_05,annual,2020,2020-01-01,2020,,,1,stroke,male,all,national_estimate,hospital_plus_dco,inclusive,estimated,annual_count,,count,,,,,,,,,,final,cvd_rates_v1_1_0,not_applicable,BRB,not_applicable,not_applicable,not_applicable,not_applicable,secondary,Secondary suppression: protects a related confidential value.,*
bnr_cvd_public_metric_v2,CVD-INCIDENCE-001,cvd_2024_05,annual,2020,2020-01-01,2020,,,1,stroke,male,all,national_estimate,hospital_plus_dco,primary,estimated,annual_crude_rate,229.2670839771118,rate_per_100000,309.7455621301775,135102.5,215.3920171721471,258.8158373580553,204.4430689396937,256.2742705287689,95,conditional_gamma,,final,cvd_rates_v1_1_0,UN_WPP_2024,BRB,persons,2026-08-26,historical_estimate,WHO_WORLD_2000_2025,none,No disclosure restriction identified.,229.267
bnr_cvd_public_metric_v2,CVD-BURDEN-001,cvd_2024_05,quarterly,2020_q4,2020-10-01,2020,10,4,1,stroke,male,all,hospital_registered,hospital_only,not_applicable,observed,quarterly_same_quarter_previous_5yr_mean,62.2,count,311,,,,,,,,5,final,,,,,,,,none,No disclosure restriction identified.,62.200
bnr_cvd_public_metric_v2,CVD-BURDEN-001,cvd_2024_05,annual,2020,2020-01-01,2020,,,1,stroke,male,all,national_estimate,additional_dco,inclusive,estimated,annual_count,,count,,,,,,,,,,final,cvd_rates_v1_1_0,not_applicable,BRB,not_applicable,not_applicable,not_applicable,not_applicable,secondary,Secondary suppression: protects a related confidential value.,*
bnr_cvd_public_metric_v2,CVD-BURDEN-001,cvd_2024_05,quarterly,2020_q4,2020-10-01,2020,10,4,1,stroke,male,all,hospital_registered,hospital_only,not_applicable,observed,quarterly_count,71,count,71,,,,,,,,,final,,,,,,,,none,No disclosure restriction identified.,71.000
bnr_cvd_public_metric_v2,CVD-INCIDENCE-001,cvd_2024_05,annual,2020,2020-01-01,2020,,,1,stroke,male,age_standardised,national_estimate,hospital_plus_dco,primary,estimated,annual_age_standardised_rate,156.6788917018027,rate_per_100000,,,147.5489506902832,176.1222845967055,139.3804436422675,178.1641427903974,95,conditional_fay_feuer_gamma,,final,cvd_rates_v1_1_0,UN_WPP_2024,BRB,persons,2026-08-26,historical_estimate,WHO_WORLD_2000_2025,none,No disclosure restriction identified.,156.679
bnr_cvd_public_metric_v2,CVD-BURDEN-001,cvd_2024_05,annual,2020,2020-01-01,2020,,,1,stroke,male,all,hospital_registered,hospital_only,not_applicable,observed,annual_previous_5yr_mean,264.6,count,1323,,,,,,,,5,final,,,,,,,,none,No disclosure restriction identified.,264.600
bnr_cvd_public_metric_v2,CVD-BURDEN-001,cvd_2024_05,quarterly,2020_q3,2020-07-01,2020,7,3,1,stroke,male,all,hospital_registered,hospital_only,not_applicable,observed,quarterly_count,69,count,69,,,,,,,,,final,,,,,,,,none,No disclosure restriction identified.,69.000
bnr_cvd_public_metric_v2,CVD-BURDEN-001,cvd_2024_05,quarterly,2020_q1,2020-01-01,2020,1,1,1,stroke,male,all,hospital_registered,hospital_only,not_applicable,observed,quarterly_same_quarter_previous_5yr_mean,72.2,count,361,,,,,,,,5,final,,,,,,,,none,No disclosure restriction identified.,72.200
bnr_cvd_public_metric_v2,CVD-BURDEN-002,cvd_2024_05,annual,2020,2020-01-01,2020,,,1,stroke,male,all,hospital_registered,hospital_only,not_applicable,observed,sex_distribution,48.84547069271758,percent,275,563,,,,,,,,final,,,,,,,,none,No disclosure restriction identified.,48.845
bnr_cvd_public_metric_v2,CVD-INCIDENCE-001,cvd_2024_05,annual,2020,2020-01-01,2020,,,1,stroke,male,all,hospital_registered,hospital_only,not_applicable,observed,annual_crude_rate,203.5491571214448,rate_per_100000,275,135102.5,,,180.2001749872053,229.0837917336201,95,poisson_exact_garwood,,final,cvd_rates_v1_1_0,UN_WPP_2024,BRB,persons,2026-08-26,historical_estimate,WHO_WORLD_2000_2025,none,No disclosure restriction identified.,203.549
bnr_cvd_public_metric_v2,CVD-BURDEN-001,cvd_2024_05,quarterly,2020_q2,2020-04-01,2020,4,2,1,stroke,male,all,hospital_registered,hospital_only,not_applicable,observed,quarterly_same_quarter_previous_5yr_mean,64.2,count,321,,,,,,,,5,final,,,,,,,,none,No disclosure restriction identified.,64.200
bnr_cvd_public_metric_v2,CVD-BURDEN-001,cvd_2024_05,annual,2020,2020-01-01,2020,,,1,stroke,male,all,national_estimate,additional_dco,primary,estimated,annual_count,34.74556213017752,count,34.74556213017752,,16,74.66666666666667,,,,,,final,cvd_rates_v1_1_0,not_applicable,BRB,not_applicable,not_applicable,not_applicable,not_applicable,none,No disclosure restriction identified.,34.746
bnr_cvd_public_metric_v2,CVD-BURDEN-001,cvd_2024_05,quarterly,2020_q3,2020-07-01,2020,7,3,1,stroke,male,all,hospital_registered,hospital_only,not_applicable,observed,quarterly_same_quarter_previous_5yr_mean,66,count,330,,,,,,,,5,final,,,,,,,,none,No disclosure restriction identified.,66.000
bnr_cvd_public_metric_v2,CVD-BURDEN-001,cvd_2024_05,annual,2020,2020-01-01,2020,,,1,stroke,male,all,hospital_registered,hospital_only,not_applicable,observed,annual_count,275,count,275,,,,,,,,,final,,,,,,,,none,No disclosure restriction identified.,275.000
bnr_cvd_public_metric_v2,CVD-BURDEN-001,cvd_2024_05,quarterly,2020_q2,2020-04-01,2020,4,2,1,stroke,male,all,hospital_registered,hospital_only,not_applicable,observed,quarterly_count,71,count,71,,,,,,,,,final,,,,,,,,none,No disclosure restriction identified.,71.000
bnr_cvd_public_metric_v2,CVD-INCIDENCE-001,cvd_2024_05,annual,2020,2020-01-01,2020,,,1,stroke,male,age_standardised,hospital_registered,hospital_only,not_applicable,observed,annual_age_standardised_rate,139.7562232612589,rate_per_100000,,,,,123.3871190671222,160.3578696280816,95,fay_feuer_gamma,,final,cvd_rates_v1_1_0,UN_WPP_2024,BRB,persons,2026-08-26,historical_estimate,WHO_WORLD_2000_2025,none,No disclosure restriction identified.,139.756
bnr_cvd_public_metric_v2,CVD-BURDEN-001,cvd_2024_05,annual,2020,2020-01-01,2020,,,1,stroke,male,all,national_estimate,hospital_plus_dco,primary,estimated,annual_count,309.7455621301775,count,309.7455621301775,,291,349.6666666666667,,,,,,final,cvd_rates_v1_1_0,not_applicable,BRB,not_applicable,not_applicable,not_applicable,not_applicable,none,No disclosure restriction identified.,309.746
bnr_cvd_public_metric_v2,CVD-BURDEN-001,cvd_2024_05,monthly,2021_m07,2021-07-01,2021,7,,1,all_cvd,all,all,hospital_registered,hospital_only,not_applicable,observed,monthly_count,89,count,89,,,,,,,,,final,,,,,,,,none,No disclosure restriction identified.,89.000
bnr_cvd_public_metric_v2,CVD-BURDEN-001,cvd_2024_05,annual,2021,2021-01-01,2021,,,1,all_cvd,all,under_70,hospital_registered,hospital_only,not_applicable,observed,annual_previous_5yr_mean,416.6,count,2083,,,,,,,,5,final,,,,,,,,none,No disclosure restriction identified.,416.600
bnr_cvd_public_metric_v2,CVD-BURDEN-001,cvd_2024_05,monthly,2021_m08,2021-08-01,2021,8,,1,all_cvd,all,all,hospital_registered,hospital_only,not_applicable,observed,monthly_count,72,count,72,,,,,,,,,final,,,,,,,,none,No disclosure restriction identified.,72.000
bnr_cvd_public_metric_v2,CVD-BURDEN-001,cvd_2024_05,quarterly,2021_q4,2021-10-01,2021,10,4,1,all_cvd,all,all,hospital_registered,hospital_only,not_applicable,observed,quarterly_same_quarter_previous_5yr_mean,197.8,count,989,,,,,,,,5,final,,,,,,,,none,No disclosure restriction identified.,197.800
bnr_cvd_public_metric_v2,CVD-BURDEN-001,cvd_2024_05,monthly,2021_m10,2021-10-01,2021,10,,1,all_cvd,all,all,hospital_registered,hospital_only,not_applicable,observed,monthly_count,60,count,60,,,,,,,,,final,,,,,,,,none,No disclosure restriction identified.,60.000
bnr_cvd_public_metric_v2,CVD-BURDEN-001,cvd_2024_05,annual,2021,2021-01-01,2021,,,1,all_cvd,all,all,hospital_registered,hospital_only,not_applicable,observed,annual_count,730,count,730,,,,,,,,,final,,,,,,,,none,No disclosure restriction identified.,730.000
bnr_cvd_public_metric_v2,CVD-BURDEN-001,cvd_2024_05,annual,2021,2021-01-01,2021,,,1,all_cvd,all,age_70_plus,hospital_registered,hospital_only,not_applicable,observed,annual_count,352,count,352,,,,,,,,,final,,,,,,,,none,No disclosure restriction identified.,352.000
bnr_cvd_public_metric_v2,CVD-BURDEN-002,cvd_2024_05,annual,2021,2021-01-01,2021,,,1,all_cvd,all,under_70,hospital_registered,hospital_only,not_applicable,observed,age_distribution,51.78082191780822,percent,378,730,,,,,,,,final,,,,,,,,none,No disclosure restriction identified.,51.781
bnr_cvd_public_metric_v2,CVD-BURDEN-001,cvd_2024_05,annual,2021,2021-01-01,2021,,,1,all_cvd,all,age_70_plus,hospital_registered,hospital_only,not_applicable,observed,annual_previous_5yr_mean,421.8,count,2109,,,,,,,,5,final,,,,,,,,none,No disclosure restriction identified.,421.800
bnr_cvd_public_metric_v2,CVD-BURDEN-001,cvd_2024_05,annual,2021,2021-01-01,2021,,,1,all_cvd,all,all,national_estimate,additional_dco,primary,estimated,annual_count,106.6473988439306,count,106.6473988439306,,50,246,,,,,,final,cvd_rates_v1_1_0,not_applicable,BRB,not_applicable,not_applicable,not_applicable,not_applicable,none,No disclosure restriction identified.,106.647
bnr_cvd_public_metric_v2,CVD-BURDEN-001,cvd_2024_05,quarterly,2021_q1,2021-01-01,2021,1,1,1,all_cvd,all,all,hospital_registered,hospital_only,not_applicable,observed,quarterly_same_quarter_previous_5yr_mean,219,count,1095,,,,,,,,5,final,,,,,,,,none,No disclosure restriction identified.,219.000
bnr_cvd_public_metric_v2,CVD-INCIDENCE-001,cvd_2024_05,annual,2021,2021-01-01,2021,,,1,all_cvd,all,age_standardised,hospital_registered,hospital_only,not_applicable,observed,annual_age_standardised_rate,159.4245854568246,rate_per_100000,,,,,147.7425169300354,172.1508258563077,95,fay_feuer_gamma,,final,cvd_rates_v1_1_0,UN_WPP_2024,BRB,persons,2026-08-26,historical_estimate,WHO_WORLD_2000_2025,none,No disclosure restriction identified.,159.425
bnr_cvd_public_metric_v2,CVD-BURDEN-001,cvd_2024_05,quarterly,2021_q2,2021-04-01,2021,4,2,1,all_cvd,all,all,hospital_registered,hospital_only,not_applicable,observed,quarterly_count,172,count,172,,,,,,,,,final,,,,,,,,none,No disclosure restriction identified.,172.000
bnr_cvd_public_metric_v2,CVD-BURDEN-001,cvd_2024_05,monthly,2021_m09,2021-09-01,2021,9,,1,all_cvd,all,all,hospital_registered,hospital_only,not_applicable,observed,monthly_count,62,count,62,,,,,,,,,final,,,,,,,,none,No disclosure restriction identified.,62.000
bnr_cvd_public_metric_v2,CVD-INCIDENCE-001,cvd_2024_05,annual,2021,2021-01-01,2021,,,1,all_cvd,all,age_standardised,national_estimate,hospital_plus_dco,inclusive,estimated,annual_age_standardised_rate,190.7418374382447,rate_per_100000,,,173.9647381624839,233.1639313212398,177.9944737114059,204.5255738820458,95,conditional_fay_feuer_gamma,,final,cvd_rates_v1_1_0,UN_WPP_2024,BRB,persons,2026-08-26,historical_estimate,WHO_WORLD_2000_2025,none,No disclosure restriction identified.,190.742
bnr_cvd_public_metric_v2,CVD-INCIDENCE-001,cvd_2024_05,annual,2021,2021-01-01,2021,,,1,all_cvd,all,all,national_estimate,hospital_plus_dco,inclusive,estimated,annual_crude_rate,312.1673424158126,rate_per_100000,880.7692307692307,282146.5,283.5406428929652,384.5519969235841,291.8890595715895,333.4830884016799,95,conditional_gamma,,final,cvd_rates_v1_1_0,UN_WPP_2024,BRB,persons,2026-08-26,historical_estimate,WHO_WORLD_2000_2025,none,No disclosure restriction identified.,312.167
bnr_cvd_public_metric_v2,CVD-BURDEN-001,cvd_2024_05,monthly,2021_m12,2021-12-01,2021,12,,1,all_cvd,all,all,hospital_registered,hospital_only,not_applicable,observed,monthly_count,59,count,59,,,,,,,,,final,,,,,,,,none,No disclosure restriction identified.,59.000
bnr_cvd_public_metric_v2,CVD-BURDEN-001,cvd_2024_05,annual,2021,2021-01-01,2021,,,1,all_cvd,all,under_70,hospital_registered,hospital_only,not_applicable,observed,annual_count,378,count,378,,,,,,,,,final,,,,,,,,none,No disclosure restriction identified.,378.000
bnr_cvd_public_metric_v2,CVD-BURDEN-001,cvd_2024_05,annual,2021,2021-01-01,2021,,,1,all_cvd,all,all,national_estimate,hospital_plus_dco,inclusive,estimated,annual_count,880.7692307692307,count,880.7692307692307,,800,1085,,,,,,final,cvd_rates_v1_1_0,not_applicable,BRB,not_applicable,not_applicable,not_applicable,not_applicable,none,No disclosure restriction identified.,880.769
bnr_cvd_public_metric_v2,CVD-BURDEN-001,cvd_2024_05,quarterly,2021_q3,2021-07-01,2021,7,3,1,all_cvd,all,all,hospital_registered,hospital_only,not_applicable,observed,quarterly_count,223,count,223,,,,,,,,,final,,,,,,,,none,No disclosure restriction identified.,223.000
bnr_cvd_public_metric_v2,CVD-BURDEN-001,cvd_2024_05,monthly,2021_m01,2021-01-01,2021,1,,1,all_cvd,all,all,hospital_registered,hospital_only,not_applicable,observed,monthly_count,51,count,51,,,,,,,,,final,,,,,,,,none,No disclosure restriction identified.,51.000
bnr_cvd_public_metric_v2,CVD-INCIDENCE-001,cvd_2024_05,annual,2021,2021-01-01,2021,,,1,all_cvd,all,all,national_estimate,hospital_plus_dco,primary,estimated,annual_crude_rate,296.5294266786689,rate_per_100000,836.6473988439307,282146.5,276.4521268206411,345.9195843294175,276.7742057775857,317.3224122927483,95,conditional_gamma,,final,cvd_rates_v1_1_0,UN_WPP_2024,BRB,persons,2026-08-26,historical_estimate,WHO_WORLD_2000_2025,none,No disclosure restriction identified.,296.529
bnr_cvd_public_metric_v2,CVD-BURDEN-001,cvd_2024_05,quarterly,2021_q1,2021-01-01,2021,1,1,1,all_cvd,all,all,hospital_registered,hospital_only,not_applicable,observed,quarterly_count,163,count,163,,,,,,,,,final,,,,,,,,none,No disclosure restriction identified.,163.000
bnr_cvd_public_metric_v2,CVD-BURDEN-001,cvd_2024_05,quarterly,2021_q2,2021-04-01,2021,4,2,1,all_cvd,all,all,hospital_registered,hospital_only,not_applicable,observed,quarterly_same_quarter_previous_5yr_mean,215.2,count,1076,,,,,,,,5,final,,,,,,,,none,No disclosure restriction identified.,215.200
bnr_cvd_public_metric_v2,CVD-BURDEN-001,cvd_2024_05,monthly,2021_m06,2021-06-01,2021,6,,1,all_cvd,all,all,hospital_registered,hospital_only,not_applicable,observed,monthly_count,46,count,46,,,,,,,,,final,,,,,,,,none,No disclosure restriction identified.,46.000
bnr_cvd_public_metric_v2,CVD-BURDEN-001,cvd_2024_05,monthly,2021_m05,2021-05-01,2021,5,,1,all_cvd,all,all,hospital_registered,hospital_only,not_applicable,observed,monthly_count,72,count,72,,,,,,,,,final,,,,,,,,none,No disclosure restriction identified.,72.000
bnr_cvd_public_metric_v2,CVD-BURDEN-001,cvd_2024_05,monthly,2021_m03,2021-03-01,2021,3,,1,all_cvd,all,all,hospital_registered,hospital_only,not_applicable,observed,monthly_count,51,count,51,,,,,,,,,final,,,,,,,,none,No disclosure restriction identified.,51.000
bnr_cvd_public_metric_v2,CVD-BURDEN-001,cvd_2024_05,annual,2021,2021-01-01,2021,,,1,all_cvd,all,all,hospital_registered,hospital_only,not_applicable,observed,annual_previous_5yr_mean,839.2,count,4196,,,,,,,,5,final,,,,,,,,none,No disclosure restriction identified.,839.200
bnr_cvd_public_metric_v2,CVD-BURDEN-001,cvd_2024_05,quarterly,2021_q4,2021-10-01,2021,10,4,1,all_cvd,all,all,hospital_registered,hospital_only,not_applicable,observed,quarterly_count,172,count,172,,,,,,,,,final,,,,,,,,none,No disclosure restriction identified.,172.000
bnr_cvd_public_metric_v2,CVD-BURDEN-001,cvd_2024_05,annual,2021,2021-01-01,2021,,,1,all_cvd,all,all,national_estimate,additional_dco,inclusive,estimated,annual_count,150.7692307692308,count,150.7692307692308,,70,355.0000000000001,,,,,,final,cvd_rates_v1_1_0,not_applicable,BRB,not_applicable,not_applicable,not_applicable,not_applicable,none,No disclosure restriction identified.,150.769
bnr_cvd_public_metric_v2,CVD-INCIDENCE-001,cvd_2024_05,annual,2021,2021-01-01,2021,,,1,all_cvd,all,age_standardised,national_estimate,hospital_plus_dco,primary,estimated,annual_age_standardised_rate,181.6575437450601,rate_per_100000,,,169.8481675269188,210.7086092416878,169.2046631435408,195.1491779277845,95,conditional_fay_feuer_gamma,,final,cvd_rates_v1_1_0,UN_WPP_2024,BRB,persons,2026-08-26,historical_estimate,WHO_WORLD_2000_2025,none,No disclosure restriction identified.,181.658
bnr_cvd_public_metric_v2,CVD-INCIDENCE-001,cvd_2024_05,annual,2021,2021-01-01,2021,,,1,all_cvd,all,all,hospital_registered,hospital_only,not_applicable,observed,annual_crude_rate,258.7308366398307,rate_per_100000,730,282146.5,,,240.3000255827083,278.2002507069524,95,poisson_exact_garwood,,final,cvd_rates_v1_1_0,UN_WPP_2024,BRB,persons,2026-08-26,historical_estimate,WHO_WORLD_2000_2025,none,No disclosure restriction identified.,258.731
bnr_cvd_public_metric_v2,CVD-BURDEN-001,cvd_2024_05,monthly,2021_m11,2021-11-01,2021,11,,1,all_cvd,all,all,hospital_registered,hospital_only,not_applicable,observed,monthly_count,53,count,53,,,,,,,,,final,,,,,,,,none,No disclosure restriction identified.,53.000
bnr_cvd_public_metric_v2,CVD-BURDEN-001,cvd_2024_05,annual,2021,2021-01-01,2021,,,1,all_cvd,all,all,national_estimate,hospital_plus_dco,primary,estimated,annual_count,836.6473988439307,count,836.6473988439307,,780,976,,,,,,final,cvd_rates_v1_1_0,not_applicable,BRB,not_applicable,not_applicable,not_applicable,not_applicable,none,No disclosure restriction identified.,836.647
bnr_cvd_public_metric_v2,CVD-BURDEN-001,cvd_2024_05,quarterly,2021_q3,2021-07-01,2021,7,3,1,all_cvd,all,all,hospital_registered,hospital_only,not_applicable,observed,quarterly_same_quarter_previous_5yr_mean,207.2,count,1036,,,,,,,,5,final,,,,,,,,none,No disclosure restriction identified.,207.200
bnr_cvd_public_metric_v2,CVD-BURDEN-001,cvd_2024_05,monthly,2021_m04,2021-04-01,2021,4,,1,all_cvd,all,all,hospital_registered,hospital_only,not_applicable,observed,monthly_count,54,count,54,,,,,,,,,final,,,,,,,,none,No disclosure restriction identified.,54.000
bnr_cvd_public_metric_v2,CVD-BURDEN-001,cvd_2024_05,monthly,2021_m02,2021-02-01,2021,2,,1,all_cvd,all,all,hospital_registered,hospital_only,not_applicable,observed,monthly_count,61,count,61,,,,,,,,,final,,,,,,,,none,No disclosure restriction identified.,61.000
bnr_cvd_public_metric_v2,CVD-BURDEN-002,cvd_2024_05,annual,2021,2021-01-01,2021,,,1,all_cvd,all,age_70_plus,hospital_registered,hospital_only,not_applicable,observed,age_distribution,48.21917808219178,percent,352,730,,,,,,,,final,,,,,,,,none,No disclosure restriction identified.,48.219
bnr_cvd_public_metric_v2,CVD-BURDEN-001,cvd_2024_05,annual,2021,2021-01-01,2021,,,1,all_cvd,female,all,national_estimate,additional_dco,inclusive,estimated,annual_count,79.69230769230771,count,79.69230769230771,,37,187.6428571428572,,,,,,final,cvd_rates_v1_1_0,not_applicable,BRB,not_applicable,not_applicable,not_applicable,not_applicable,none,No disclosure restriction identified.,79.692
bnr_cvd_public_metric_v2,CVD-BURDEN-001,cvd_2024_05,quarterly,2021_q3,2021-07-01,2021,7,3,1,all_cvd,female,all,hospital_registered,hospital_only,not_applicable,observed,quarterly_count,107,count,107,,,,,,,,,final,,,,,,,,none,No disclosure restriction identified.,107.000
bnr_cvd_public_metric_v2,CVD-INCIDENCE-001,cvd_2024_05,annual,2021,2021-01-01,2021,,,1,all_cvd,female,age_standardised,hospital_registered,hospital_only,not_applicable,observed,annual_age_standardised_rate,132.9539904129761,rate_per_100000,,,,,118.8143173676642,149.1791898777656,95,fay_feuer_gamma,,final,cvd_rates_v1_1_0,UN_WPP_2024,BRB,persons,2026-08-26,historical_estimate,WHO_WORLD_2000_2025,none,No disclosure restriction identified.,132.954
bnr_cvd_public_metric_v2,CVD-BURDEN-001,cvd_2024_05,quarterly,2021_q4,2021-10-01,2021,10,4,1,all_cvd,female,all,hospital_registered,hospital_only,not_applicable,observed,quarterly_same_quarter_previous_5yr_mean,97.40000000000001,count,487,,,,,,,,5,final,,,,,,,,none,No disclosure restriction identified.,97.400
bnr_cvd_public_metric_v2,CVD-BURDEN-001,cvd_2024_05,quarterly,2021_q1,2021-01-01,2021,1,1,1,all_cvd,female,all,hospital_registered,hospital_only,not_applicable,observed,quarterly_count,78,count,78,,,,,,,,,final,,,,,,,,none,No disclosure restriction identified.,78.000
bnr_cvd_public_metric_v2,CVD-BURDEN-002,cvd_2024_05,annual,2021,2021-01-01,2021,,,1,all_cvd,female,all,hospital_registered,hospital_only,not_applicable,observed,sex_distribution,48.21917808219178,percent,352,730,,,,,,,,final,,,,,,,,none,No disclosure restriction identified.,48.219
bnr_cvd_public_metric_v2,CVD-INCIDENCE-001,cvd_2024_05,annual,2021,2021-01-01,2021,,,1,all_cvd,female,all,national_estimate,hospital_plus_dco,inclusive,estimated,annual_crude_rate,294.0893644929016,rate_per_100000,431.6923076923077,146789.5,265.0053307627589,367.6304212105478,266.997979447618,323.1843935059416,95,conditional_gamma,,final,cvd_rates_v1_1_0,UN_WPP_2024,BRB,persons,2026-08-26,historical_estimate,WHO_WORLD_2000_2025,none,No disclosure restriction identified.,294.089
bnr_cvd_public_metric_v2,CVD-BURDEN-001,cvd_2024_05,annual,2021,2021-01-01,2021,,,1,all_cvd,female,all,hospital_registered,hospital_only,not_applicable,observed,annual_previous_5yr_mean,416.2,count,2081,,,,,,,,5,final,,,,,,,,none,No disclosure restriction identified.,416.200
bnr_cvd_public_metric_v2,CVD-INCIDENCE-001,cvd_2024_05,annual,2021,2021-01-01,2021,,,1,all_cvd,female,all,hospital_registered,hospital_only,not_applicable,observed,annual_crude_rate,239.7991681966353,rate_per_100000,352,146789.5,,,215.3995591018723,266.205820197596,95,poisson_exact_garwood,,final,cvd_rates_v1_1_0,UN_WPP_2024,BRB,persons,2026-08-26,historical_estimate,WHO_WORLD_2000_2025,none,No disclosure restriction identified.,239.799
bnr_cvd_public_metric_v2,CVD-BURDEN-001,cvd_2024_05,annual,2021,2021-01-01,2021,,,1,all_cvd,female,all,national_estimate,hospital_plus_dco,inclusive,estimated,annual_count,431.6923076923077,count,431.6923076923077,,389,539.6428571428571,,,,,,final,cvd_rates_v1_1_0,not_applicable,BRB,not_applicable,not_applicable,not_applicable,not_applicable,none,No disclosure restriction identified.,431.692
bnr_cvd_public_metric_v2,CVD-INCIDENCE-001,cvd_2024_05,annual,2021,2021-01-01,2021,,,1,all_cvd,female,age_standardised,national_estimate,hospital_plus_dco,inclusive,estimated,annual_age_standardised_rate,161.7375025306365,rate_per_100000,,,146.3177638961756,200.7274130777733,146.1793736137601,179.3575016166834,95,conditional_fay_feuer_gamma,,final,cvd_rates_v1_1_0,UN_WPP_2024,BRB,persons,2026-08-26,historical_estimate,WHO_WORLD_2000_2025,none,No disclosure restriction identified.,161.738
bnr_cvd_public_metric_v2,CVD-BURDEN-001,cvd_2024_05,annual,2021,2021-01-01,2021,,,1,all_cvd,female,all,hospital_registered,hospital_only,not_applicable,observed,annual_count,352,count,352,,,,,,,,,final,,,,,,,,none,No disclosure restriction identified.,352.000
bnr_cvd_public_metric_v2,CVD-BURDEN-001,cvd_2024_05,quarterly,2021_q4,2021-10-01,2021,10,4,1,all_cvd,female,all,hospital_registered,hospital_only,not_applicable,observed,quarterly_count,81,count,81,,,,,,,,,final,,,,,,,,none,No disclosure restriction identified.,81.000
bnr_cvd_public_metric_v2,CVD-BURDEN-001,cvd_2024_05,quarterly,2021_q2,2021-04-01,2021,4,2,1,all_cvd,female,all,hospital_registered,hospital_only,not_applicable,observed,quarterly_count,86,count,86,,,,,,,,,final,,,,,,,,none,No disclosure restriction identified.,86.000
bnr_cvd_public_metric_v2,CVD-INCIDENCE-001,cvd_2024_05,annual,2021,2021-01-01,2021,,,1,all_cvd,female,age_standardised,national_estimate,hospital_plus_dco,primary,estimated,annual_age_standardised_rate,153.7452716485784,rate_per_100000,,,142.7016642714022,180.9125457964321,138.6230431148462,170.9300303502724,95,conditional_fay_feuer_gamma,,final,cvd_rates_v1_1_0,UN_WPP_2024,BRB,persons,2026-08-26,historical_estimate,WHO_WORLD_2000_2025,none,No disclosure restriction identified.,153.745
bnr_cvd_public_metric_v2,CVD-BURDEN-001,cvd_2024_05,quarterly,2021_q2,2021-04-01,2021,4,2,1,all_cvd,female,all,hospital_registered,hospital_only,not_applicable,observed,quarterly_same_quarter_previous_5yr_mean,106.8,count,534,,,,,,,,5,final,,,,,,,,none,No disclosure restriction identified.,106.800
bnr_cvd_public_metric_v2,CVD-BURDEN-001,cvd_2024_05,quarterly,2021_q3,2021-07-01,2021,7,3,1,all_cvd,female,all,hospital_registered,hospital_only,not_applicable,observed,quarterly_same_quarter_previous_5yr_mean,103.6,count,518,,,,,,,,5,final,,,,,,,,none,No disclosure restriction identified.,103.600
bnr_cvd_public_metric_v2,CVD-INCIDENCE-001,cvd_2024_05,annual,2021,2021-01-01,2021,,,1,all_cvd,female,all,national_estimate,hospital_plus_dco,primary,estimated,annual_crude_rate,280.4850097265821,rate_per_100000,411.7225433526012,146789.5,258.8741020304586,333.6478426590458,254.0430176938145,308.9314044389293,95,conditional_gamma,,final,cvd_rates_v1_1_0,UN_WPP_2024,BRB,persons,2026-08-26,historical_estimate,WHO_WORLD_2000_2025,none,No disclosure restriction identified.,280.485
bnr_cvd_public_metric_v2,CVD-BURDEN-001,cvd_2024_05,annual,2021,2021-01-01,2021,,,1,all_cvd,female,all,national_estimate,hospital_plus_dco,primary,estimated,annual_count,411.7225433526012,count,411.7225433526012,,380,489.76,,,,,,final,cvd_rates_v1_1_0,not_applicable,BRB,not_applicable,not_applicable,not_applicable,not_applicable,none,No disclosure restriction identified.,411.723
bnr_cvd_public_metric_v2,CVD-BURDEN-001,cvd_2024_05,quarterly,2021_q1,2021-01-01,2021,1,1,1,all_cvd,female,all,hospital_registered,hospital_only,not_applicable,observed,quarterly_same_quarter_previous_5yr_mean,108.4,count,542,,,,,,,,5,final,,,,,,,,none,No disclosure restriction identified.,108.400
bnr_cvd_public_metric_v2,CVD-BURDEN-001,cvd_2024_05,annual,2021,2021-01-01,2021,,,1,all_cvd,female,all,national_estimate,additional_dco,primary,estimated,annual_count,59.72254335260115,count,59.72254335260115,,28,137.76,,,,,,final,cvd_rates_v1_1_0,not_applicable,BRB,not_applicable,not_applicable,not_applicable,not_applicable,none,No disclosure restriction identified.,59.723
bnr_cvd_public_metric_v2,CVD-BURDEN-001,cvd_2024_05,quarterly,2021_q2,2021-04-01,2021,4,2,1,all_cvd,male,all,hospital_registered,hospital_only,not_applicable,observed,quarterly_same_quarter_previous_5yr_mean,108.4,count,542,,,,,,,,5,final,,,,,,,,none,No disclosure restriction identified.,108.400
bnr_cvd_public_metric_v2,CVD-INCIDENCE-001,cvd_2024_05,annual,2021,2021-01-01,2021,,,1,all_cvd,male,all,national_estimate,hospital_plus_dco,inclusive,estimated,annual_crude_rate,331.772219447035,rate_per_100000,449.0769230769231,135357,303.6414814158115,402.9027998974141,301.7927300928997,363.9239128467279,95,conditional_gamma,,final,cvd_rates_v1_1_0,UN_WPP_2024,BRB,persons,2026-08-26,historical_estimate,WHO_WORLD_2000_2025,none,No disclosure restriction identified.,331.772
bnr_cvd_public_metric_v2,CVD-INCIDENCE-001,cvd_2024_05,annual,2021,2021-01-01,2021,,,1,all_cvd,male,all,hospital_registered,hospital_only,not_applicable,observed,annual_crude_rate,279.2615084554179,rate_per_100000,378,135357,,,251.8153901147682,308.8828588860566,95,poisson_exact_garwood,,final,cvd_rates_v1_1_0,UN_WPP_2024,BRB,persons,2026-08-26,historical_estimate,WHO_WORLD_2000_2025,none,No disclosure restriction identified.,279.262
bnr_cvd_public_metric_v2,CVD-INCIDENCE-001,cvd_2024_05,annual,2021,2021-01-01,2021,,,1,all_cvd,male,age_standardised,national_estimate,hospital_plus_dco,primary,estimated,annual_age_standardised_rate,214.2090171240604,rate_per_100000,,,202.1603309824341,243.8487850324611,193.8785581502248,238.626995841147,95,conditional_fay_feuer_gamma,,final,cvd_rates_v1_1_0,UN_WPP_2024,BRB,persons,2026-08-26,historical_estimate,WHO_WORLD_2000_2025,none,No disclosure restriction identified.,214.209
bnr_cvd_public_metric_v2,CVD-BURDEN-001,cvd_2024_05,annual,2021,2021-01-01,2021,,,1,all_cvd,male,all,hospital_registered,hospital_only,not_applicable,observed,annual_previous_5yr_mean,423,count,2115,,,,,,,,5,final,,,,,,,,none,No disclosure restriction identified.,423.000
bnr_cvd_public_metric_v2,CVD-BURDEN-001,cvd_2024_05,annual,2021,2021-01-01,2021,,,1,all_cvd,male,all,national_estimate,additional_dco,primary,estimated,annual_count,46.92485549132947,count,46.92485549132947,,22,108.24,,,,,,final,cvd_rates_v1_1_0,not_applicable,BRB,not_applicable,not_applicable,not_applicable,not_applicable,none,No disclosure restriction identified.,46.925
bnr_cvd_public_metric_v2,CVD-INCIDENCE-001,cvd_2024_05,annual,2021,2021-01-01,2021,,,1,all_cvd,male,age_standardised,national_estimate,hospital_plus_dco,inclusive,estimated,annual_age_standardised_rate,225.6390229845486,rate_per_100000,,,207.3639327834304,271.8488939216621,204.8102850184966,250.5364544150538,95,conditional_fay_feuer_gamma,,final,cvd_rates_v1_1_0,UN_WPP_2024,BRB,persons,2026-08-26,historical_estimate,WHO_WORLD_2000_2025,none,No disclosure restriction identified.,225.639
bnr_cvd_public_metric_v2,CVD-BURDEN-001,cvd_2024_05,annual,2021,2021-01-01,2021,,,1,all_cvd,male,all,hospital_registered,hospital_only,not_applicable,observed,annual_count,378,count,378,,,,,,,,,final,,,,,,,,none,No disclosure restriction identified.,378.000
bnr_cvd_public_metric_v2,CVD-BURDEN-001,cvd_2024_05,quarterly,2021_q3,2021-07-01,2021,7,3,1,all_cvd,male,all,hospital_registered,hospital_only,not_applicable,observed,quarterly_same_quarter_previous_5yr_mean,103.6,count,518,,,,,,,,5,final,,,,,,,,none,No disclosure restriction identified.,103.600
bnr_cvd_public_metric_v2,CVD-BURDEN-001,cvd_2024_05,quarterly,2021_q4,2021-10-01,2021,10,4,1,all_cvd,male,all,hospital_registered,hospital_only,not_applicable,observed,quarterly_same_quarter_previous_5yr_mean,100.4,count,502,,,,,,,,5,final,,,,,,,,none,No disclosure restriction identified.,100.400
bnr_cvd_public_metric_v2,CVD-BURDEN-001,cvd_2024_05,annual,2021,2021-01-01,2021,,,1,all_cvd,male,all,national_estimate,hospital_plus_dco,primary,estimated,annual_count,424.9248554913295,count,424.9248554913295,,400,486.24,,,,,,final,cvd_rates_v1_1_0,not_applicable,BRB,not_applicable,not_applicable,not_applicable,not_applicable,none,No disclosure restriction identified.,424.925
bnr_cvd_public_metric_v2,CVD-BURDEN-002,cvd_2024_05,annual,2021,2021-01-01,2021,,,1,all_cvd,male,all,hospital_registered,hospital_only,not_applicable,observed,sex_distribution,51.78082191780822,percent,378,730,,,,,,,,final,,,,,,,,none,No disclosure restriction identified.,51.781
bnr_cvd_public_metric_v2,CVD-BURDEN-001,cvd_2024_05,quarterly,2021_q1,2021-01-01,2021,1,1,1,all_cvd,male,all,hospital_registered,hospital_only,not_applicable,observed,quarterly_same_quarter_previous_5yr_mean,110.6,count,553,,,,,,,,5,final,,,,,,,,none,No disclosure restriction identified.,110.600
bnr_cvd_public_metric_v2,CVD-INCIDENCE-001,cvd_2024_05,annual,2021,2021-01-01,2021,,,1,all_cvd,male,age_standardised,hospital_registered,hospital_only,not_applicable,observed,annual_age_standardised_rate,191.5255212757945,rate_per_100000,,,,,172.2567220529694,214.9215144491691,95,fay_feuer_gamma,,final,cvd_rates_v1_1_0,UN_WPP_2024,BRB,persons,2026-08-26,historical_estimate,WHO_WORLD_2000_2025,none,No disclosure restriction identified.,191.526
bnr_cvd_public_metric_v2,CVD-BURDEN-001,cvd_2024_05,quarterly,2021_q2,2021-04-01,2021,4,2,1,all_cvd,male,all,hospital_registered,hospital_only,not_applicable,observed,quarterly_count,86,count,86,,,,,,,,,final,,,,,,,,none,No disclosure restriction identified.,86.000
bnr_cvd_public_metric_v2,CVD-BURDEN-001,cvd_2024_05,quarterly,2021_q3,2021-07-01,2021,7,3,1,all_cvd,male,all,hospital_registered,hospital_only,not_applicable,observed,quarterly_count,116,count,116,,,,,,,,,final,,,,,,,,none,No disclosure restriction identified.,116.000
bnr_cvd_public_metric_v2,CVD-BURDEN-001,cvd_2024_05,quarterly,2021_q4,2021-10-01,2021,10,4,1,all_cvd,male,all,hospital_registered,hospital_only,not_applicable,observed,quarterly_count,91,count,91,,,,,,,,,final,,,,,,,,none,No disclosure restriction identified.,91.000
bnr_cvd_public_metric_v2,CVD-BURDEN-001,cvd_2024_05,quarterly,2021_q1,2021-01-01,2021,1,1,1,all_cvd,male,all,hospital_registered,hospital_only,not_applicable,observed,quarterly_count,85,count,85,,,,,,,,,final,,,,,,,,none,No disclosure restriction identified.,85.000
bnr_cvd_public_metric_v2,CVD-INCIDENCE-001,cvd_2024_05,annual,2021,2021-01-01,2021,,,1,all_cvd,male,all,national_estimate,hospital_plus_dco,primary,estimated,annual_crude_rate,313.9289844569025,rate_per_100000,424.9248554913295,135357,295.514823762347,359.227819765509,284.7862066925905,345.2449099873691,95,conditional_gamma,,final,cvd_rates_v1_1_0,UN_WPP_2024,BRB,persons,2026-08-26,historical_estimate,WHO_WORLD_2000_2025,none,No disclosure restriction identified.,313.929
bnr_cvd_public_metric_v2,CVD-BURDEN-001,cvd_2024_05,annual,2021,2021-01-01,2021,,,1,all_cvd,male,all,national_estimate,hospital_plus_dco,inclusive,estimated,annual_count,449.0769230769231,count,449.0769230769231,,411,545.3571428571429,,,,,,final,cvd_rates_v1_1_0,not_applicable,BRB,not_applicable,not_applicable,not_applicable,not_applicable,none,No disclosure restriction identified.,449.077
bnr_cvd_public_metric_v2,CVD-BURDEN-001,cvd_2024_05,annual,2021,2021-01-01,2021,,,1,all_cvd,male,all,national_estimate,additional_dco,inclusive,estimated,annual_count,71.07692307692308,count,71.07692307692308,,33,167.3571428571429,,,,,,final,cvd_rates_v1_1_0,not_applicable,BRB,not_applicable,not_applicable,not_applicable,not_applicable,none,No disclosure restriction identified.,71.077
bnr_cvd_public_metric_v2,CVD-BURDEN-001,cvd_2024_05,quarterly,2021_q3,2021-07-01,2021,7,3,1,heart,all,all,hospital_registered,hospital_only,not_applicable,observed,quarterly_count,71,count,71,,,,,,,,,final,,,,,,,,none,No disclosure restriction identified.,71.000
bnr_cvd_public_metric_v2,CVD-BURDEN-001,cvd_2024_05,annual,2021,2021-01-01,2021,,,1,heart,all,all,hospital_registered,hospital_only,not_applicable,observed,annual_count,201,count,201,,,,,,,,,final,,,,,,,,none,No disclosure restriction identified.,201.000
bnr_cvd_public_metric_v2,CVD-BURDEN-001,cvd_2024_05,quarterly,2021_q2,2021-04-01,2021,4,2,1,heart,all,all,hospital_registered,hospital_only,not_applicable,observed,quarterly_same_quarter_previous_5yr_mean,73.8,count,369,,,,,,,,5,final,,,,,,,,none,No disclosure restriction identified.,73.800
bnr_cvd_public_metric_v2,CVD-BURDEN-001,cvd_2024_05,quarterly,2021_q1,2021-01-01,2021,1,1,1,heart,all,all,hospital_registered,hospital_only,not_applicable,observed,quarterly_same_quarter_previous_5yr_mean,66,count,330,,,,,,,,5,final,,,,,,,,none,No disclosure restriction identified.,66.000
bnr_cvd_public_metric_v2,CVD-BURDEN-002,cvd_2024_05,annual,2021,2021-01-01,2021,,,1,heart,all,all,hospital_registered,hospital_only,not_applicable,observed,event_type_distribution,27.53424657534246,percent,201,730,,,,,,,,final,,,,,,,,none,No disclosure restriction identified.,27.534
bnr_cvd_public_metric_v2,CVD-BURDEN-001,cvd_2024_05,quarterly,2021_q3,2021-07-01,2021,7,3,1,heart,all,all,hospital_registered,hospital_only,not_applicable,observed,quarterly_same_quarter_previous_5yr_mean,65.8,count,329,,,,,,,,5,final,,,,,,,,none,No disclosure restriction identified.,65.800
bnr_cvd_public_metric_v2,CVD-BURDEN-001,cvd_2024_05,annual,2021,2021-01-01,2021,,,1,heart,all,all,national_estimate,additional_dco,inclusive,estimated,annual_count,49.53846153846153,count,49.53846153846153,,23,116.6428571428571,,,,,,final,cvd_rates_v1_1_0,not_applicable,BRB,not_applicable,not_applicable,not_applicable,not_applicable,none,No disclosure restriction identified.,49.538
bnr_cvd_public_metric_v2,CVD-INCIDENCE-001,cvd_2024_05,annual,2021,2021-01-01,2021,,,1,heart,all,all,national_estimate,hospital_plus_dco,inclusive,estimated,annual_crude_rate,88.79729556753728,rate_per_100000,250.5384615384615,282146.5,79.39138001003025,112.580824905805,78.14135226328722,100.5007922998391,95,conditional_gamma,,final,cvd_rates_v1_1_0,UN_WPP_2024,BRB,persons,2026-08-26,historical_estimate,WHO_WORLD_2000_2025,none,No disclosure restriction identified.,88.797
bnr_cvd_public_metric_v2,CVD-INCIDENCE-001,cvd_2024_05,annual,2021,2021-01-01,2021,,,1,heart,all,all,national_estimate,hospital_plus_dco,primary,estimated,annual_crude_rate,84.09110714006249,rate_per_100000,237.2601156069364,282146.5,77.26482518833301,100.883760741317,73.73060451919234,95.49975688845224,95,conditional_gamma,,final,cvd_rates_v1_1_0,UN_WPP_2024,BRB,persons,2026-08-26,historical_estimate,WHO_WORLD_2000_2025,none,No disclosure restriction identified.,84.091
bnr_cvd_public_metric_v2,CVD-BURDEN-001,cvd_2024_05,quarterly,2021_q4,2021-10-01,2021,10,4,1,heart,all,all,hospital_registered,hospital_only,not_applicable,observed,quarterly_same_quarter_previous_5yr_mean,65.2,count,326,,,,,,,,5,final,,,,,,,,none,No disclosure restriction identified.,65.200
bnr_cvd_public_metric_v2,CVD-BURDEN-001,cvd_2024_05,annual,2021,2021-01-01,2021,,,1,heart,all,all,hospital_registered,hospital_only,not_applicable,observed,annual_previous_5yr_mean,270.8,count,1354,,,,,,,,5,final,,,,,,,,none,No disclosure restriction identified.,270.800
bnr_cvd_public_metric_v2,CVD-INCIDENCE-001,cvd_2024_05,annual,2021,2021-01-01,2021,,,1,heart,all,age_standardised,hospital_registered,hospital_only,not_applicable,observed,annual_age_standardised_rate,44.77097366250013,rate_per_100000,,,,,38.63850980271142,51.99993291835857,95,fay_feuer_gamma,,final,cvd_rates_v1_1_0,UN_WPP_2024,BRB,persons,2026-08-26,historical_estimate,WHO_WORLD_2000_2025,none,No disclosure restriction identified.,44.771
bnr_cvd_public_metric_v2,CVD-BURDEN-001,cvd_2024_05,annual,2021,2021-01-01,2021,,,1,heart,all,all,national_estimate,hospital_plus_dco,inclusive,estimated,annual_count,250.5384615384615,count,250.5384615384615,,224,317.6428571428571,,,,,,final,cvd_rates_v1_1_0,not_applicable,BRB,not_applicable,not_applicable,not_applicable,not_applicable,none,No disclosure restriction identified.,250.538
bnr_cvd_public_metric_v2,CVD-BURDEN-001,cvd_2024_05,quarterly,2021_q4,2021-10-01,2021,10,4,1,heart,all,all,hospital_registered,hospital_only,not_applicable,observed,quarterly_count,44,count,44,,,,,,,,,final,,,,,,,,none,No disclosure restriction identified.,44.000
bnr_cvd_public_metric_v2,CVD-INCIDENCE-001,cvd_2024_05,annual,2021,2021-01-01,2021,,,1,heart,all,age_standardised,national_estimate,hospital_plus_dco,inclusive,estimated,annual_age_standardised_rate,55.37635417111282,rate_per_100000,,,49.69490032721317,69.74231603354484,48.52965782724172,63.3097875492158,95,conditional_fay_feuer_gamma,,final,cvd_rates_v1_1_0,UN_WPP_2024,BRB,persons,2026-08-26,historical_estimate,WHO_WORLD_2000_2025,none,No disclosure restriction identified.,55.376
bnr_cvd_public_metric_v2,CVD-INCIDENCE-001,cvd_2024_05,annual,2021,2021-01-01,2021,,,1,heart,all,age_standardised,national_estimate,hospital_plus_dco,primary,estimated,annual_age_standardised_rate,52.52880534077466,rate_per_100000,,,48.40811425963155,62.66570540038675,45.85746333891423,60.29034885262118,95,conditional_fay_feuer_gamma,,final,cvd_rates_v1_1_0,UN_WPP_2024,BRB,persons,2026-08-26,historical_estimate,WHO_WORLD_2000_2025,none,No disclosure restriction identified.,52.529
bnr_cvd_public_metric_v2,CVD-BURDEN-001,cvd_2024_05,annual,2021,2021-01-01,2021,,,1,heart,all,all,national_estimate,additional_dco,primary,estimated,annual_count,36.26011560693641,count,36.26011560693641,,17,83.64000000000001,,,,,,final,cvd_rates_v1_1_0,not_applicable,BRB,not_applicable,not_applicable,not_applicable,not_applicable,none,No disclosure restriction identified.,36.260
bnr_cvd_public_metric_v2,CVD-BURDEN-001,cvd_2024_05,annual,2021,2021-01-01,2021,,,1,heart,all,all,national_estimate,hospital_plus_dco,primary,estimated,annual_count,237.2601156069364,count,237.2601156069364,,218,284.64,,,,,,final,cvd_rates_v1_1_0,not_applicable,BRB,not_applicable,not_applicable,not_applicable,not_applicable,none,No disclosure restriction identified.,237.260
bnr_cvd_public_metric_v2,CVD-INCIDENCE-001,cvd_2024_05,annual,2021,2021-01-01,2021,,,1,heart,all,all,hospital_registered,hospital_only,not_applicable,observed,annual_crude_rate,71.23958652685749,rate_per_100000,201,282146.5,,,61.73092538776681,81.79830341998426,95,poisson_exact_garwood,,final,cvd_rates_v1_1_0,UN_WPP_2024,BRB,persons,2026-08-26,historical_estimate,WHO_WORLD_2000_2025,none,No disclosure restriction identified.,71.240
bnr_cvd_public_metric_v2,CVD-BURDEN-001,cvd_2024_05,quarterly,2021_q1,2021-01-01,2021,1,1,1,heart,all,all,hospital_registered,hospital_only,not_applicable,observed,quarterly_count,37,count,37,,,,,,,,,final,,,,,,,,none,No disclosure restriction identified.,37.000
bnr_cvd_public_metric_v2,CVD-BURDEN-001,cvd_2024_05,quarterly,2021_q2,2021-04-01,2021,4,2,1,heart,all,all,hospital_registered,hospital_only,not_applicable,observed,quarterly_count,49,count,49,,,,,,,,,final,,,,,,,,none,No disclosure restriction identified.,49.000
bnr_cvd_public_metric_v2,CVD-INCIDENCE-001,cvd_2024_05,annual,2021,2021-01-01,2021,,,1,heart,female,age_standardised,hospital_registered,hospital_only,not_applicable,observed,annual_age_standardised_rate,34.02503577185524,rate_per_100000,,,,,27.03181343534251,43.28453100737272,95,fay_feuer_gamma,,final,cvd_rates_v1_1_0,UN_WPP_2024,BRB,persons,2026-08-26,historical_estimate,WHO_WORLD_2000_2025,none,No disclosure restriction identified.,34.025
bnr_cvd_public_metric_v2,CVD-INCIDENCE-001,cvd_2024_05,annual,2021,2021-01-01,2021,,,1,heart,female,all,national_estimate,hospital_plus_dco,primary,estimated,annual_crude_rate,76.61476314427445,rate_per_100000,112.4624277456647,146789.5,68.12476369222594,97.50016179631378,63.11083151092063,92.15247244230029,95,conditional_gamma,,final,cvd_rates_v1_1_0,UN_WPP_2024,BRB,persons,2026-08-26,historical_estimate,WHO_WORLD_2000_2025,none,No disclosure restriction identified.,76.615
bnr_cvd_public_metric_v2,CVD-BURDEN-001,cvd_2024_05,quarterly,2021_q1,2021-01-01,2021,1,1,1,heart,female,all,hospital_registered,hospital_only,not_applicable,observed,quarterly_same_quarter_previous_5yr_mean,27,count,135,,,,,,,,5,final,,,,,,,,none,No disclosure restriction identified.,27.000
bnr_cvd_public_metric_v2,CVD-BURDEN-001,cvd_2024_05,annual,2021,2021-01-01,2021,,,1,heart,female,all,national_estimate,additional_dco,inclusive,estimated,annual_count,28,count,28,,13,65.92857142857142,,,,,,final,cvd_rates_v1_1_0,not_applicable,BRB,not_applicable,not_applicable,not_applicable,not_applicable,none,No disclosure restriction identified.,28.000
bnr_cvd_public_metric_v2,CVD-INCIDENCE-001,cvd_2024_05,annual,2021,2021-01-01,2021,,,1,heart,female,all,hospital_registered,hospital_only,not_applicable,observed,annual_crude_rate,60.63103968608109,rate_per_100000,89,146789.5,,,48.69170352262981,74.6117115963719,95,poisson_exact_garwood,,final,cvd_rates_v1_1_0,UN_WPP_2024,BRB,persons,2026-08-26,historical_estimate,WHO_WORLD_2000_2025,none,No disclosure restriction identified.,60.631
bnr_cvd_public_metric_v2,CVD-INCIDENCE-001,cvd_2024_05,annual,2021,2021-01-01,2021,,,1,heart,female,all,national_estimate,hospital_plus_dco,inclusive,estimated,annual_crude_rate,79.70597351990435,rate_per_100000,117,146789.5,69.48725896607046,105.5447231774558,65.91901174074417,95.52551729017176,95,conditional_gamma,,final,cvd_rates_v1_1_0,UN_WPP_2024,BRB,persons,2026-08-26,historical_estimate,WHO_WORLD_2000_2025,none,No disclosure restriction identified.,79.706
bnr_cvd_public_metric_v2,CVD-BURDEN-001,cvd_2024_05,annual,2021,2021-01-01,2021,,,1,heart,female,all,national_estimate,hospital_plus_dco,primary,estimated,annual_count,112.4624277456647,count,112.4624277456647,,100,143.12,,,,,,final,cvd_rates_v1_1_0,not_applicable,BRB,not_applicable,not_applicable,not_applicable,not_applicable,none,No disclosure restriction identified.,112.462
bnr_cvd_public_metric_v2,CVD-BURDEN-001,cvd_2024_05,quarterly,2021_q3,2021-07-01,2021,7,3,1,heart,female,all,hospital_registered,hospital_only,not_applicable,observed,quarterly_count,32,count,32,,,,,,,,,final,,,,,,,,none,No disclosure restriction identified.,32.000
bnr_cvd_public_metric_v2,CVD-BURDEN-001,cvd_2024_05,quarterly,2021_q4,2021-10-01,2021,10,4,1,heart,female,all,hospital_registered,hospital_only,not_applicable,observed,quarterly_count,18,count,18,,,,,,,,,final,,,,,,,,none,No disclosure restriction identified.,18.000
bnr_cvd_public_metric_v2,CVD-BURDEN-001,cvd_2024_05,annual,2021,2021-01-01,2021,,,1,heart,female,all,national_estimate,additional_dco,primary,estimated,annual_count,23.46242774566473,count,23.46242774566473,,11,54.12,,,,,,final,cvd_rates_v1_1_0,not_applicable,BRB,not_applicable,not_applicable,not_applicable,not_applicable,none,No disclosure restriction identified.,23.462
bnr_cvd_public_metric_v2,CVD-INCIDENCE-001,cvd_2024_05,annual,2021,2021-01-01,2021,,,1,heart,female,age_standardised,national_estimate,hospital_plus_dco,primary,estimated,annual_age_standardised_rate,42.613176816819,rate_per_100000,,,38.0514542021499,53.835014448905,34.77747604151313,52.67123089353034,95,conditional_fay_feuer_gamma,,final,cvd_rates_v1_1_0,UN_WPP_2024,BRB,persons,2026-08-26,historical_estimate,WHO_WORLD_2000_2025,none,No disclosure restriction identified.,42.613
bnr_cvd_public_metric_v2,CVD-BURDEN-001,cvd_2024_05,quarterly,2021_q2,2021-04-01,2021,4,2,1,heart,female,all,hospital_registered,hospital_only,not_applicable,observed,quarterly_count,20,count,20,,,,,,,,,final,,,,,,,,none,No disclosure restriction identified.,20.000
bnr_cvd_public_metric_v2,CVD-BURDEN-002,cvd_2024_05,annual,2021,2021-01-01,2021,,,1,heart,female,all,hospital_registered,hospital_only,not_applicable,observed,sex_distribution,44.27860696517413,percent,89,201,,,,,,,,final,,,,,,,,none,No disclosure restriction identified.,44.279
bnr_cvd_public_metric_v2,CVD-BURDEN-001,cvd_2024_05,quarterly,2021_q4,2021-10-01,2021,10,4,1,heart,female,all,hospital_registered,hospital_only,not_applicable,observed,quarterly_same_quarter_previous_5yr_mean,28.8,count,144,,,,,,,,5,final,,,,,,,,none,No disclosure restriction identified.,28.800
bnr_cvd_public_metric_v2,CVD-BURDEN-001,cvd_2024_05,annual,2021,2021-01-01,2021,,,1,heart,female,all,hospital_registered,hospital_only,not_applicable,observed,annual_count,89,count,89,,,,,,,,,final,,,,,,,,none,No disclosure restriction identified.,89.000
bnr_cvd_public_metric_v2,CVD-BURDEN-001,cvd_2024_05,quarterly,2021_q1,2021-01-01,2021,1,1,1,heart,female,all,hospital_registered,hospital_only,not_applicable,observed,quarterly_count,19,count,19,,,,,,,,,final,,,,,,,,none,No disclosure restriction identified.,19.000
bnr_cvd_public_metric_v2,CVD-BURDEN-001,cvd_2024_05,quarterly,2021_q2,2021-04-01,2021,4,2,1,heart,female,all,hospital_registered,hospital_only,not_applicable,observed,quarterly_same_quarter_previous_5yr_mean,32.8,count,164,,,,,,,,5,final,,,,,,,,none,No disclosure restriction identified.,32.800
bnr_cvd_public_metric_v2,CVD-BURDEN-001,cvd_2024_05,annual,2021,2021-01-01,2021,,,1,heart,female,all,national_estimate,hospital_plus_dco,inclusive,estimated,annual_count,117,count,117,,102,154.9285714285714,,,,,,final,cvd_rates_v1_1_0,not_applicable,BRB,not_applicable,not_applicable,not_applicable,not_applicable,none,No disclosure restriction identified.,117.000
bnr_cvd_public_metric_v2,CVD-BURDEN-001,cvd_2024_05,annual,2021,2021-01-01,2021,,,1,heart,female,all,hospital_registered,hospital_only,not_applicable,observed,annual_previous_5yr_mean,121.6,count,608,,,,,,,,5,final,,,,,,,,none,No disclosure restriction identified.,121.600
bnr_cvd_public_metric_v2,CVD-BURDEN-001,cvd_2024_05,quarterly,2021_q3,2021-07-01,2021,7,3,1,heart,female,all,hospital_registered,hospital_only,not_applicable,observed,quarterly_same_quarter_previous_5yr_mean,33,count,165,,,,,,,,5,final,,,,,,,,none,No disclosure restriction identified.,33.000
bnr_cvd_public_metric_v2,CVD-INCIDENCE-001,cvd_2024_05,annual,2021,2021-01-01,2021,,,1,heart,female,age_standardised,national_estimate,hospital_plus_dco,inclusive,estimated,annual_age_standardised_rate,44.75406457328833,rate_per_100000,,,39.00637057252059,59.28751940380102,36.6765856454887,55.05253957677704,95,conditional_fay_feuer_gamma,,final,cvd_rates_v1_1_0,UN_WPP_2024,BRB,persons,2026-08-26,historical_estimate,WHO_WORLD_2000_2025,none,No disclosure restriction identified.,44.754
bnr_cvd_public_metric_v2,CVD-INCIDENCE-001,cvd_2024_05,annual,2021,2021-01-01,2021,,,1,heart,male,age_standardised,hospital_registered,hospital_only,not_applicable,observed,annual_age_standardised_rate,57.14354293610873,rate_per_100000,,,,,46.89741681111821,72.02533178335716,95,fay_feuer_gamma,,final,cvd_rates_v1_1_0,UN_WPP_2024,BRB,persons,2026-08-26,historical_estimate,WHO_WORLD_2000_2025,none,No disclosure restriction identified.,57.144
bnr_cvd_public_metric_v2,CVD-BURDEN-001,cvd_2024_05,annual,2021,2021-01-01,2021,,,1,heart,male,all,national_estimate,hospital_plus_dco,primary,estimated,annual_count,124.7976878612717,count,124.7976878612717,,118,141.52,,,,,,final,cvd_rates_v1_1_0,not_applicable,BRB,not_applicable,not_applicable,not_applicable,not_applicable,none,No disclosure restriction identified.,124.798
bnr_cvd_public_metric_v2,CVD-INCIDENCE-001,cvd_2024_05,annual,2021,2021-01-01,2021,,,1,heart,male,all,national_estimate,hospital_plus_dco,inclusive,estimated,annual_crude_rate,98.65648731758354,rate_per_100000,133.5384615384615,135357,90.13202124751582,120.2112086661833,82.63395660717019,116.8791168302783,95,conditional_gamma,,final,cvd_rates_v1_1_0,UN_WPP_2024,BRB,persons,2026-08-26,historical_estimate,WHO_WORLD_2000_2025,none,No disclosure restriction identified.,98.656
bnr_cvd_public_metric_v2,CVD-BURDEN-001,cvd_2024_05,annual,2021,2021-01-01,2021,,,1,heart,male,all,national_estimate,hospital_plus_dco,inclusive,estimated,annual_count,133.5384615384615,count,133.5384615384615,,122,162.7142857142857,,,,,,final,cvd_rates_v1_1_0,not_applicable,BRB,not_applicable,not_applicable,not_applicable,not_applicable,none,No disclosure restriction identified.,133.538
bnr_cvd_public_metric_v2,CVD-BURDEN-001,cvd_2024_05,annual,2021,2021-01-01,2021,,,1,heart,male,all,national_estimate,additional_dco,primary,estimated,annual_count,12.79768786127168,count,12.79768786127168,,6,29.52,,,,,,final,cvd_rates_v1_1_0,not_applicable,BRB,not_applicable,not_applicable,not_applicable,not_applicable,none,No disclosure restriction identified.,12.798
bnr_cvd_public_metric_v2,CVD-BURDEN-001,cvd_2024_05,quarterly,2021_q2,2021-04-01,2021,4,2,1,heart,male,all,hospital_registered,hospital_only,not_applicable,observed,quarterly_same_quarter_previous_5yr_mean,41,count,205,,,,,,,,5,final,,,,,,,,none,No disclosure restriction identified.,41.000
bnr_cvd_public_metric_v2,CVD-INCIDENCE-001,cvd_2024_05,annual,2021,2021-01-01,2021,,,1,heart,male,age_standardised,national_estimate,hospital_plus_dco,inclusive,estimated,annual_age_standardised_rate,66.72039240813939,rate_per_100000,,,61.58993733383726,79.69311452458912,55.72387274896062,82.25818531202144,95,conditional_fay_feuer_gamma,,final,cvd_rates_v1_1_0,UN_WPP_2024,BRB,persons,2026-08-26,historical_estimate,WHO_WORLD_2000_2025,none,No disclosure restriction identified.,66.720
bnr_cvd_public_metric_v2,CVD-BURDEN-001,cvd_2024_05,annual,2021,2021-01-01,2021,,,1,heart,male,all,hospital_registered,hospital_only,not_applicable,observed,annual_previous_5yr_mean,149.2,count,746,,,,,,,,5,final,,,,,,,,none,No disclosure restriction identified.,149.200
bnr_cvd_public_metric_v2,CVD-BURDEN-001,cvd_2024_05,annual,2021,2021-01-01,2021,,,1,heart,male,all,national_estimate,additional_dco,inclusive,estimated,annual_count,21.53846153846154,count,21.53846153846154,,10,50.71428571428571,,,,,,final,cvd_rates_v1_1_0,not_applicable,BRB,not_applicable,not_applicable,not_applicable,not_applicable,none,No disclosure restriction identified.,21.538
bnr_cvd_public_metric_v2,CVD-BURDEN-002,cvd_2024_05,annual,2021,2021-01-01,2021,,,1,heart,male,all,hospital_registered,hospital_only,not_applicable,observed,sex_distribution,55.72139303482587,percent,112,201,,,,,,,,final,,,,,,,,none,No disclosure restriction identified.,55.721
bnr_cvd_public_metric_v2,CVD-BURDEN-001,cvd_2024_05,quarterly,2021_q2,2021-04-01,2021,4,2,1,heart,male,all,hospital_registered,hospital_only,not_applicable,observed,quarterly_count,29,count,29,,,,,,,,,final,,,,,,,,none,No disclosure restriction identified.,29.000
bnr_cvd_public_metric_v2,CVD-INCIDENCE-001,cvd_2024_05,annual,2021,2021-01-01,2021,,,1,heart,male,age_standardised,national_estimate,hospital_plus_dco,primary,estimated,annual_age_standardised_rate,62.83594539417009,rate_per_100000,,,59.81233866847897,70.27401793937027,52.13680415718084,78.11221374136416,95,conditional_fay_feuer_gamma,,final,cvd_rates_v1_1_0,UN_WPP_2024,BRB,persons,2026-08-26,historical_estimate,WHO_WORLD_2000_2025,none,No disclosure restriction identified.,62.836
bnr_cvd_public_metric_v2,CVD-BURDEN-001,cvd_2024_05,quarterly,2021_q4,2021-10-01,2021,10,4,1,heart,male,all,hospital_registered,hospital_only,not_applicable,observed,quarterly_same_quarter_previous_5yr_mean,36.4,count,182,,,,,,,,5,final,,,,,,,,none,No disclosure restriction identified.,36.400
bnr_cvd_public_metric_v2,CVD-BURDEN-001,cvd_2024_05,quarterly,2021_q4,2021-10-01,2021,10,4,1,heart,male,all,hospital_registered,hospital_only,not_applicable,observed,quarterly_count,26,count,26,,,,,,,,,final,,,,,,,,none,No disclosure restriction identified.,26.000
bnr_cvd_public_metric_v2,CVD-BURDEN-001,cvd_2024_05,annual,2021,2021-01-01,2021,,,1,heart,male,all,hospital_registered,hospital_only,not_applicable,observed,annual_count,112,count,112,,,,,,,,,final,,,,,,,,none,No disclosure restriction identified.,112.000
bnr_cvd_public_metric_v2,CVD-INCIDENCE-001,cvd_2024_05,annual,2021,2021-01-01,2021,,,1,heart,male,all,hospital_registered,hospital_only,not_applicable,observed,annual_crude_rate,82.74415065345715,rate_per_100000,112,135357,,,68.13127768239431,99.56271437172465,95,poisson_exact_garwood,,final,cvd_rates_v1_1_0,UN_WPP_2024,BRB,persons,2026-08-26,historical_estimate,WHO_WORLD_2000_2025,none,No disclosure restriction identified.,82.744
bnr_cvd_public_metric_v2,CVD-BURDEN-001,cvd_2024_05,quarterly,2021_q3,2021-07-01,2021,7,3,1,heart,male,all,hospital_registered,hospital_only,not_applicable,observed,quarterly_count,39,count,39,,,,,,,,,final,,,,,,,,none,No disclosure restriction identified.,39.000
bnr_cvd_public_metric_v2,CVD-BURDEN-001,cvd_2024_05,quarterly,2021_q1,2021-01-01,2021,1,1,1,heart,male,all,hospital_registered,hospital_only,not_applicable,observed,quarterly_count,18,count,18,,,,,,,,,final,,,,,,,,none,No disclosure restriction identified.,18.000
bnr_cvd_public_metric_v2,CVD-INCIDENCE-001,cvd_2024_05,annual,2021,2021-01-01,2021,,,1,heart,male,all,national_estimate,hospital_plus_dco,primary,estimated,annual_crude_rate,92.19891683568021,rate_per_100000,124.7976878612717,135357,87.17687300989236,104.5531446471184,76.7336293972448,109.8663992097688,95,conditional_gamma,,final,cvd_rates_v1_1_0,UN_WPP_2024,BRB,persons,2026-08-26,historical_estimate,WHO_WORLD_2000_2025,none,No disclosure restriction identified.,92.199
bnr_cvd_public_metric_v2,CVD-BURDEN-001,cvd_2024_05,quarterly,2021_q3,2021-07-01,2021,7,3,1,heart,male,all,hospital_registered,hospital_only,not_applicable,observed,quarterly_same_quarter_previous_5yr_mean,32.8,count,164,,,,,,,,5,final,,,,,,,,none,No disclosure restriction identified.,32.800
bnr_cvd_public_metric_v2,CVD-BURDEN-001,cvd_2024_05,quarterly,2021_q1,2021-01-01,2021,1,1,1,heart,male,all,hospital_registered,hospital_only,not_applicable,observed,quarterly_same_quarter_previous_5yr_mean,39,count,195,,,,,,,,5,final,,,,,,,,none,No disclosure restriction identified.,39.000
bnr_cvd_public_metric_v2,CVD-BURDEN-001,cvd_2024_05,quarterly,2021_q2,2021-04-01,2021,4,2,1,stroke,all,all,hospital_registered,hospital_only,not_applicable,observed,quarterly_count,123,count,123,,,,,,,,,final,,,,,,,,none,No disclosure restriction identified.,123.000
bnr_cvd_public_metric_v2,CVD-BURDEN-001,cvd_2024_05,annual,2021,2021-01-01,2021,,,1,stroke,all,all,national_estimate,additional_dco,inclusive,estimated,annual_count,,count,,,,,,,,,,final,cvd_rates_v1_1_0,not_applicable,BRB,not_applicable,not_applicable,not_applicable,not_applicable,secondary,Secondary suppression: protects a related confidential value.,*
bnr_cvd_public_metric_v2,CVD-BURDEN-001,cvd_2024_05,quarterly,2021_q4,2021-10-01,2021,10,4,1,stroke,all,all,hospital_registered,hospital_only,not_applicable,observed,quarterly_count,128,count,128,,,,,,,,,final,,,,,,,,none,No disclosure restriction identified.,128.000
bnr_cvd_public_metric_v2,CVD-BURDEN-001,cvd_2024_05,quarterly,2021_q3,2021-07-01,2021,7,3,1,stroke,all,all,hospital_registered,hospital_only,not_applicable,observed,quarterly_count,152,count,152,,,,,,,,,final,,,,,,,,none,No disclosure restriction identified.,152.000
bnr_cvd_public_metric_v2,CVD-BURDEN-001,cvd_2024_05,quarterly,2021_q2,2021-04-01,2021,4,2,1,stroke,all,all,hospital_registered,hospital_only,not_applicable,observed,quarterly_same_quarter_previous_5yr_mean,141.4,count,707,,,,,,,,5,final,,,,,,,,none,No disclosure restriction identified.,141.400
bnr_cvd_public_metric_v2,CVD-BURDEN-001,cvd_2024_05,annual,2021,2021-01-01,2021,,,1,stroke,all,all,national_estimate,additional_dco,primary,estimated,annual_count,70.38728323699421,count,70.38728323699421,,33,162.36,,,,,,final,cvd_rates_v1_1_0,not_applicable,BRB,not_applicable,not_applicable,not_applicable,not_applicable,none,No disclosure restriction identified.,70.387
bnr_cvd_public_metric_v2,CVD-BURDEN-001,cvd_2024_05,quarterly,2021_q1,2021-01-01,2021,1,1,1,stroke,all,all,hospital_registered,hospital_only,not_applicable,observed,quarterly_same_quarter_previous_5yr_mean,153,count,765,,,,,,,,5,final,,,,,,,,none,No disclosure restriction identified.,153.000
bnr_cvd_public_metric_v2,CVD-INCIDENCE-001,cvd_2024_05,annual,2021,2021-01-01,2021,,,1,stroke,all,all,national_estimate,hospital_plus_dco,inclusive,estimated,annual_crude_rate,,rate_per_100000,,,,,,,95,conditional_gamma,,final,cvd_rates_v1_1_0,UN_WPP_2024,BRB,persons,2026-08-26,historical_estimate,WHO_WORLD_2000_2025,secondary,Secondary suppression: protects a related confidential value.,*
bnr_cvd_public_metric_v2,CVD-INCIDENCE-001,cvd_2024_05,annual,2021,2021-01-01,2021,,,1,stroke,all,age_standardised,hospital_registered,hospital_only,not_applicable,observed,annual_age_standardised_rate,114.6536117943245,rate_per_100000,,,,,104.8107643254048,125.5473213170376,95,fay_feuer_gamma,,final,cvd_rates_v1_1_0,UN_WPP_2024,BRB,persons,2026-08-26,historical_estimate,WHO_WORLD_2000_2025,none,No disclosure restriction identified.,114.654
bnr_cvd_public_metric_v2,CVD-BURDEN-001,cvd_2024_05,annual,2021,2021-01-01,2021,,,1,stroke,all,all,national_estimate,hospital_plus_dco,inclusive,estimated,annual_count,,count,,,,,,,,,,final,cvd_rates_v1_1_0,not_applicable,BRB,not_applicable,not_applicable,not_applicable,not_applicable,secondary,Secondary suppression: protects a related confidential value.,*
bnr_cvd_public_metric_v2,CVD-BURDEN-001,cvd_2024_05,annual,2021,2021-01-01,2021,,,1,stroke,all,all,hospital_registered,hospital_only,not_applicable,observed,annual_count,529,count,529,,,,,,,,,final,,,,,,,,none,No disclosure restriction identified.,529.000
bnr_cvd_public_metric_v2,CVD-INCIDENCE-001,cvd_2024_05,annual,2021,2021-01-01,2021,,,1,stroke,all,age_standardised,national_estimate,hospital_plus_dco,primary,estimated,annual_age_standardised_rate,129.1287384042854,rate_per_100000,,,121.4400532672872,148.042903841301,118.7153919859556,140.5857817464844,95,conditional_fay_feuer_gamma,,final,cvd_rates_v1_1_0,UN_WPP_2024,BRB,persons,2026-08-26,historical_estimate,WHO_WORLD_2000_2025,none,No disclosure restriction identified.,129.129
bnr_cvd_public_metric_v2,CVD-BURDEN-001,cvd_2024_05,quarterly,2021_q3,2021-07-01,2021,7,3,1,stroke,all,all,hospital_registered,hospital_only,not_applicable,observed,quarterly_same_quarter_previous_5yr_mean,141.4,count,707,,,,,,,,5,final,,,,,,,,none,No disclosure restriction identified.,141.400
bnr_cvd_public_metric_v2,CVD-INCIDENCE-001,cvd_2024_05,annual,2021,2021-01-01,2021,,,1,stroke,all,age_standardised,national_estimate,hospital_plus_dco,inclusive,estimated,annual_age_standardised_rate,,rate_per_100000,,,,,,,95,conditional_fay_feuer_gamma,,final,cvd_rates_v1_1_0,UN_WPP_2024,BRB,persons,2026-08-26,historical_estimate,WHO_WORLD_2000_2025,secondary,Secondary suppression: protects a related confidential value.,*
bnr_cvd_public_metric_v2,CVD-BURDEN-001,cvd_2024_05,annual,2021,2021-01-01,2021,,,1,stroke,all,all,hospital_registered,hospital_only,not_applicable,observed,annual_previous_5yr_mean,568.4,count,2842,,,,,,,,5,final,,,,,,,,none,No disclosure restriction identified.,568.400
bnr_cvd_public_metric_v2,CVD-BURDEN-002,cvd_2024_05,annual,2021,2021-01-01,2021,,,1,stroke,all,all,hospital_registered,hospital_only,not_applicable,observed,event_type_distribution,72.46575342465754,percent,529,730,,,,,,,,final,,,,,,,,none,No disclosure restriction identified.,72.466
bnr_cvd_public_metric_v2,CVD-BURDEN-001,cvd_2024_05,quarterly,2021_q4,2021-10-01,2021,10,4,1,stroke,all,all,hospital_registered,hospital_only,not_applicable,observed,quarterly_same_quarter_previous_5yr_mean,132.6,count,663,,,,,,,,5,final,,,,,,,,none,No disclosure restriction identified.,132.600
bnr_cvd_public_metric_v2,CVD-BURDEN-001,cvd_2024_05,quarterly,2021_q1,2021-01-01,2021,1,1,1,stroke,all,all,hospital_registered,hospital_only,not_applicable,observed,quarterly_count,126,count,126,,,,,,,,,final,,,,,,,,none,No disclosure restriction identified.,126.000
bnr_cvd_public_metric_v2,CVD-BURDEN-001,cvd_2024_05,annual,2021,2021-01-01,2021,,,1,stroke,all,all,national_estimate,hospital_plus_dco,primary,estimated,annual_count,599.3872832369942,count,599.3872832369942,,562,691.36,,,,,,final,cvd_rates_v1_1_0,not_applicable,BRB,not_applicable,not_applicable,not_applicable,not_applicable,none,No disclosure restriction identified.,599.387
bnr_cvd_public_metric_v2,CVD-INCIDENCE-001,cvd_2024_05,annual,2021,2021-01-01,2021,,,1,stroke,all,all,hospital_registered,hospital_only,not_applicable,observed,annual_crude_rate,187.4912501129732,rate_per_100000,529,282146.5,,,171.8523271582466,204.1709952393268,95,poisson_exact_garwood,,final,cvd_rates_v1_1_0,UN_WPP_2024,BRB,persons,2026-08-26,historical_estimate,WHO_WORLD_2000_2025,none,No disclosure restriction identified.,187.491
bnr_cvd_public_metric_v2,CVD-INCIDENCE-001,cvd_2024_05,annual,2021,2021-01-01,2021,,,1,stroke,all,all,national_estimate,hospital_plus_dco,primary,estimated,annual_crude_rate,212.4383195386065,rate_per_100000,599.3872832369942,282146.5,199.187301632308,245.0358235881005,195.7694838920542,230.1470744855442,95,conditional_gamma,,final,cvd_rates_v1_1_0,UN_WPP_2024,BRB,persons,2026-08-26,historical_estimate,WHO_WORLD_2000_2025,none,No disclosure restriction identified.,212.438
bnr_cvd_public_metric_v2,CVD-BURDEN-001,cvd_2024_05,annual,2021,2021-01-01,2021,,,1,stroke,female,all,national_estimate,additional_dco,inclusive,estimated,annual_count,,count,,,,,,,,,,final,cvd_rates_v1_1_0,not_applicable,BRB,not_applicable,not_applicable,not_applicable,not_applicable,secondary,Secondary suppression: protects a related confidential value.,*
bnr_cvd_public_metric_v2,CVD-BURDEN-001,cvd_2024_05,annual,2021,2021-01-01,2021,,,1,stroke,female,all,national_estimate,additional_dco,primary,estimated,annual_count,36.26011560693641,count,36.26011560693641,,17,83.64,,,,,,final,cvd_rates_v1_1_0,not_applicable,BRB,not_applicable,not_applicable,not_applicable,not_applicable,none,No disclosure restriction identified.,36.260
bnr_cvd_public_metric_v2,CVD-INCIDENCE-001,cvd_2024_05,annual,2021,2021-01-01,2021,,,1,stroke,female,all,national_estimate,hospital_plus_dco,primary,estimated,annual_crude_rate,203.8702465823076,rate_per_100000,299.2601156069364,146789.5,190.7493383382326,236.147680862732,181.4239373335919,228.3265561717444,95,conditional_gamma,,final,cvd_rates_v1_1_0,UN_WPP_2024,BRB,persons,2026-08-26,historical_estimate,WHO_WORLD_2000_2025,none,No disclosure restriction identified.,203.870
bnr_cvd_public_metric_v2,CVD-INCIDENCE-001,cvd_2024_05,annual,2021,2021-01-01,2021,,,1,stroke,female,all,national_estimate,hospital_plus_dco,inclusive,estimated,annual_crude_rate,,rate_per_100000,,,,,,,95,conditional_gamma,,final,cvd_rates_v1_1_0,UN_WPP_2024,BRB,persons,2026-08-26,historical_estimate,WHO_WORLD_2000_2025,secondary,Secondary suppression: protects a related confidential value.,*
bnr_cvd_public_metric_v2,CVD-INCIDENCE-001,cvd_2024_05,annual,2021,2021-01-01,2021,,,1,stroke,female,all,hospital_registered,hospital_only,not_applicable,observed,annual_crude_rate,179.1681285105542,rate_per_100000,263,146789.5,,,158.1667726707327,202.1820120125478,95,poisson_exact_garwood,,final,cvd_rates_v1_1_0,UN_WPP_2024,BRB,persons,2026-08-26,historical_estimate,WHO_WORLD_2000_2025,none,No disclosure restriction identified.,179.168
bnr_cvd_public_metric_v2,CVD-BURDEN-001,cvd_2024_05,annual,2021,2021-01-01,2021,,,1,stroke,female,all,national_estimate,hospital_plus_dco,inclusive,estimated,annual_count,,count,,,,,,,,,,final,cvd_rates_v1_1_0,not_applicable,BRB,not_applicable,not_applicable,not_applicable,not_applicable,secondary,Secondary suppression: protects a related confidential value.,*
bnr_cvd_public_metric_v2,CVD-BURDEN-001,cvd_2024_05,annual,2021,2021-01-01,2021,,,1,stroke,female,all,hospital_registered,hospital_only,not_applicable,observed,annual_previous_5yr_mean,294.6,count,1473,,,,,,,,5,final,,,,,,,,none,No disclosure restriction identified.,294.600
bnr_cvd_public_metric_v2,CVD-BURDEN-002,cvd_2024_05,annual,2021,2021-01-01,2021,,,1,stroke,female,all,hospital_registered,hospital_only,not_applicable,observed,sex_distribution,49.7164461247637,percent,263,529,,,,,,,,final,,,,,,,,none,No disclosure restriction identified.,49.716
bnr_cvd_public_metric_v2,CVD-BURDEN-001,cvd_2024_05,quarterly,2021_q4,2021-10-01,2021,10,4,1,stroke,female,all,hospital_registered,hospital_only,not_applicable,observed,quarterly_count,63,count,63,,,,,,,,,final,,,,,,,,none,No disclosure restriction identified.,63.000
bnr_cvd_public_metric_v2,CVD-INCIDENCE-001,cvd_2024_05,annual,2021,2021-01-01,2021,,,1,stroke,female,age_standardised,hospital_registered,hospital_only,not_applicable,observed,annual_age_standardised_rate,98.92895464112091,rate_per_100000,,,,,86.81137095606994,113.1573663885324,95,fay_feuer_gamma,,final,cvd_rates_v1_1_0,UN_WPP_2024,BRB,persons,2026-08-26,historical_estimate,WHO_WORLD_2000_2025,none,No disclosure restriction identified.,98.929
bnr_cvd_public_metric_v2,CVD-BURDEN-001,cvd_2024_05,annual,2021,2021-01-01,2021,,,1,stroke,female,all,national_estimate,hospital_plus_dco,primary,estimated,annual_count,299.2601156069364,count,299.2601156069364,,280,346.64,,,,,,final,cvd_rates_v1_1_0,not_applicable,BRB,not_applicable,not_applicable,not_applicable,not_applicable,none,No disclosure restriction identified.,299.260
bnr_cvd_public_metric_v2,CVD-BURDEN-001,cvd_2024_05,quarterly,2021_q3,2021-07-01,2021,7,3,1,stroke,female,all,hospital_registered,hospital_only,not_applicable,observed,quarterly_count,75,count,75,,,,,,,,,final,,,,,,,,none,No disclosure restriction identified.,75.000
bnr_cvd_public_metric_v2,CVD-BURDEN-001,cvd_2024_05,quarterly,2021_q3,2021-07-01,2021,7,3,1,stroke,female,all,hospital_registered,hospital_only,not_applicable,observed,quarterly_same_quarter_previous_5yr_mean,70.59999999999999,count,353,,,,,,,,5,final,,,,,,,,none,No disclosure restriction identified.,70.600
bnr_cvd_public_metric_v2,CVD-BURDEN-001,cvd_2024_05,quarterly,2021_q1,2021-01-01,2021,1,1,1,stroke,female,all,hospital_registered,hospital_only,not_applicable,observed,quarterly_same_quarter_previous_5yr_mean,81.40000000000001,count,407,,,,,,,,5,final,,,,,,,,none,No disclosure restriction identified.,81.400
bnr_cvd_public_metric_v2,CVD-BURDEN-001,cvd_2024_05,quarterly,2021_q2,2021-04-01,2021,4,2,1,stroke,female,all,hospital_registered,hospital_only,not_applicable,observed,quarterly_same_quarter_previous_5yr_mean,74,count,370,,,,,,,,5,final,,,,,,,,none,No disclosure restriction identified.,74.000
bnr_cvd_public_metric_v2,CVD-INCIDENCE-001,cvd_2024_05,annual,2021,2021-01-01,2021,,,1,stroke,female,age_standardised,national_estimate,hospital_plus_dco,primary,estimated,annual_age_standardised_rate,111.1320948317595,rate_per_100000,,,104.6502100692523,127.0775313475272,98.37427755036299,125.9771925605051,95,conditional_fay_feuer_gamma,,final,cvd_rates_v1_1_0,UN_WPP_2024,BRB,persons,2026-08-26,historical_estimate,WHO_WORLD_2000_2025,none,No disclosure restriction identified.,111.132
bnr_cvd_public_metric_v2,CVD-BURDEN-001,cvd_2024_05,annual,2021,2021-01-01,2021,,,1,stroke,female,all,hospital_registered,hospital_only,not_applicable,observed,annual_count,263,count,263,,,,,,,,,final,,,,,,,,none,No disclosure restriction identified.,263.000
bnr_cvd_public_metric_v2,CVD-BURDEN-001,cvd_2024_05,quarterly,2021_q4,2021-10-01,2021,10,4,1,stroke,female,all,hospital_registered,hospital_only,not_applicable,observed,quarterly_same_quarter_previous_5yr_mean,68.59999999999999,count,343,,,,,,,,5,final,,,,,,,,none,No disclosure restriction identified.,68.600
bnr_cvd_public_metric_v2,CVD-BURDEN-001,cvd_2024_05,quarterly,2021_q2,2021-04-01,2021,4,2,1,stroke,female,all,hospital_registered,hospital_only,not_applicable,observed,quarterly_count,66,count,66,,,,,,,,,final,,,,,,,,none,No disclosure restriction identified.,66.000
bnr_cvd_public_metric_v2,CVD-INCIDENCE-001,cvd_2024_05,annual,2021,2021-01-01,2021,,,1,stroke,female,age_standardised,national_estimate,hospital_plus_dco,inclusive,estimated,annual_age_standardised_rate,,rate_per_100000,,,,,,,95,conditional_fay_feuer_gamma,,final,cvd_rates_v1_1_0,UN_WPP_2024,BRB,persons,2026-08-26,historical_estimate,WHO_WORLD_2000_2025,secondary,Secondary suppression: protects a related confidential value.,*
bnr_cvd_public_metric_v2,CVD-BURDEN-001,cvd_2024_05,quarterly,2021_q1,2021-01-01,2021,1,1,1,stroke,female,all,hospital_registered,hospital_only,not_applicable,observed,quarterly_count,59,count,59,,,,,,,,,final,,,,,,,,none,No disclosure restriction identified.,59.000
bnr_cvd_public_metric_v2,CVD-BURDEN-001,cvd_2024_05,annual,2021,2021-01-01,2021,,,1,stroke,male,all,hospital_registered,hospital_only,not_applicable,observed,annual_previous_5yr_mean,273.8,count,1369,,,,,,,,5,final,,,,,,,,none,No disclosure restriction identified.,273.800
bnr_cvd_public_metric_v2,CVD-BURDEN-001,cvd_2024_05,quarterly,2021_q4,2021-10-01,2021,10,4,1,stroke,male,all,hospital_registered,hospital_only,not_applicable,observed,quarterly_same_quarter_previous_5yr_mean,64,count,320,,,,,,,,5,final,,,,,,,,none,No disclosure restriction identified.,64.000
bnr_cvd_public_metric_v2,CVD-BURDEN-001,cvd_2024_05,annual,2021,2021-01-01,2021,,,1,stroke,male,all,national_estimate,additional_dco,primary,estimated,annual_count,34.1271676300578,count,34.1271676300578,,16,78.72,,,,,,final,cvd_rates_v1_1_0,not_applicable,BRB,not_applicable,not_applicable,not_applicable,not_applicable,none,No disclosure restriction identified.,34.127
bnr_cvd_public_metric_v2,CVD-BURDEN-001,cvd_2024_05,quarterly,2021_q1,2021-01-01,2021,1,1,1,stroke,male,all,hospital_registered,hospital_only,not_applicable,observed,quarterly_count,67,count,67,,,,,,,,,final,,,,,,,,none,No disclosure restriction identified.,67.000
bnr_cvd_public_metric_v2,CVD-BURDEN-001,cvd_2024_05,quarterly,2021_q2,2021-04-01,2021,4,2,1,stroke,male,all,hospital_registered,hospital_only,not_applicable,observed,quarterly_count,57,count,57,,,,,,,,,final,,,,,,,,none,No disclosure restriction identified.,57.000
bnr_cvd_public_metric_v2,CVD-INCIDENCE-001,cvd_2024_05,annual,2021,2021-01-01,2021,,,1,stroke,male,all,hospital_registered,hospital_only,not_applicable,observed,annual_crude_rate,196.5173578019608,rate_per_100000,266,135357,,,173.6085958458971,221.6083815018702,95,poisson_exact_garwood,,final,cvd_rates_v1_1_0,UN_WPP_2024,BRB,persons,2026-08-26,historical_estimate,WHO_WORLD_2000_2025,none,No disclosure restriction identified.,196.517
bnr_cvd_public_metric_v2,CVD-INCIDENCE-001,cvd_2024_05,annual,2021,2021-01-01,2021,,,1,stroke,male,all,national_estimate,hospital_plus_dco,primary,estimated,annual_crude_rate,221.7300676212222,rate_per_100000,300.1271676300578,135357,208.3379507524546,254.6746751183907,197.3516305537205,248.2882139089486,95,conditional_gamma,,final,cvd_rates_v1_1_0,UN_WPP_2024,BRB,persons,2026-08-26,historical_estimate,WHO_WORLD_2000_2025,none,No disclosure restriction identified.,221.730
bnr_cvd_public_metric_v2,CVD-BURDEN-001,cvd_2024_05,quarterly,2021_q4,2021-10-01,2021,10,4,1,stroke,male,all,hospital_registered,hospital_only,not_applicable,observed,quarterly_count,65,count,65,,,,,,,,,final,,,,,,,,none,No disclosure restriction identified.,65.000
bnr_cvd_public_metric_v2,CVD-INCIDENCE-001,cvd_2024_05,annual,2021,2021-01-01,2021,,,1,stroke,male,all,national_estimate,hospital_plus_dco,inclusive,estimated,annual_crude_rate,233.1157321294514,rate_per_100000,315.5384615384615,135357,213.5094601682957,282.6915912312309,208.101128258756,260.3090298723172,95,conditional_gamma,,final,cvd_rates_v1_1_0,UN_WPP_2024,BRB,persons,2026-08-26,historical_estimate,WHO_WORLD_2000_2025,none,No disclosure restriction identified.,233.116
bnr_cvd_public_metric_v2,CVD-INCIDENCE-001,cvd_2024_05,annual,2021,2021-01-01,2021,,,1,stroke,male,age_standardised,national_estimate,hospital_plus_dco,primary,estimated,annual_age_standardised_rate,151.3730717298902,rate_per_100000,,,142.3479923139551,173.5747670930908,134.312460263481,172.637911521806,95,conditional_fay_feuer_gamma,,final,cvd_rates_v1_1_0,UN_WPP_2024,BRB,persons,2026-08-26,historical_estimate,WHO_WORLD_2000_2025,none,No disclosure restriction identified.,151.373
bnr_cvd_public_metric_v2,CVD-BURDEN-001,cvd_2024_05,annual,2021,2021-01-01,2021,,,1,stroke,male,all,national_estimate,hospital_plus_dco,primary,estimated,annual_count,300.1271676300578,count,300.1271676300578,,282,344.72,,,,,,final,cvd_rates_v1_1_0,not_applicable,BRB,not_applicable,not_applicable,not_applicable,not_applicable,none,No disclosure restriction identified.,300.127
bnr_cvd_public_metric_v2,CVD-BURDEN-002,cvd_2024_05,annual,2021,2021-01-01,2021,,,1,stroke,male,all,hospital_registered,hospital_only,not_applicable,observed,sex_distribution,50.2835538752363,percent,266,529,,,,,,,,final,,,,,,,,none,No disclosure restriction identified.,50.284
bnr_cvd_public_metric_v2,CVD-BURDEN-001,cvd_2024_05,quarterly,2021_q3,2021-07-01,2021,7,3,1,stroke,male,all,hospital_registered,hospital_only,not_applicable,observed,quarterly_same_quarter_previous_5yr_mean,70.8,count,354,,,,,,,,5,final,,,,,,,,none,No disclosure restriction identified.,70.800
bnr_cvd_public_metric_v2,CVD-BURDEN-001,cvd_2024_05,quarterly,2021_q3,2021-07-01,2021,7,3,1,stroke,male,all,hospital_registered,hospital_only,not_applicable,observed,quarterly_count,77,count,77,,,,,,,,,final,,,,,,,,none,No disclosure restriction identified.,77.000
bnr_cvd_public_metric_v2,CVD-INCIDENCE-001,cvd_2024_05,annual,2021,2021-01-01,2021,,,1,stroke,male,age_standardised,hospital_registered,hospital_only,not_applicable,observed,annual_age_standardised_rate,134.3819783396858,rate_per_100000,,,,,118.2950374407084,154.7197957624749,95,fay_feuer_gamma,,final,cvd_rates_v1_1_0,UN_WPP_2024,BRB,persons,2026-08-26,historical_estimate,WHO_WORLD_2000_2025,none,No disclosure restriction identified.,134.382
bnr_cvd_public_metric_v2,CVD-BURDEN-001,cvd_2024_05,annual,2021,2021-01-01,2021,,,1,stroke,male,all,national_estimate,additional_dco,inclusive,estimated,annual_count,49.53846153846154,count,49.53846153846154,,23,116.6428571428571,,,,,,final,cvd_rates_v1_1_0,not_applicable,BRB,not_applicable,not_applicable,not_applicable,not_applicable,none,No disclosure restriction identified.,49.538
bnr_cvd_public_metric_v2,CVD-BURDEN-001,cvd_2024_05,annual,2021,2021-01-01,2021,,,1,stroke,male,all,national_estimate,hospital_plus_dco,inclusive,estimated,annual_count,315.5384615384615,count,315.5384615384615,,289,382.6428571428571,,,,,,final,cvd_rates_v1_1_0,not_applicable,BRB,not_applicable,not_applicable,not_applicable,not_applicable,none,No disclosure restriction identified.,315.538
bnr_cvd_public_metric_v2,CVD-BURDEN-001,cvd_2024_05,quarterly,2021_q1,2021-01-01,2021,1,1,1,stroke,male,all,hospital_registered,hospital_only,not_applicable,observed,quarterly_same_quarter_previous_5yr_mean,71.59999999999999,count,358,,,,,,,,5,final,,,,,,,,none,No disclosure restriction identified.,71.600
bnr_cvd_public_metric_v2,CVD-BURDEN-001,cvd_2024_05,annual,2021,2021-01-01,2021,,,1,stroke,male,all,hospital_registered,hospital_only,not_applicable,observed,annual_count,266,count,266,,,,,,,,,final,,,,,,,,none,No disclosure restriction identified.,266.000
bnr_cvd_public_metric_v2,CVD-BURDEN-001,cvd_2024_05,quarterly,2021_q2,2021-04-01,2021,4,2,1,stroke,male,all,hospital_registered,hospital_only,not_applicable,observed,quarterly_same_quarter_previous_5yr_mean,67.40000000000001,count,337,,,,,,,,5,final,,,,,,,,none,No disclosure restriction identified.,67.400
bnr_cvd_public_metric_v2,CVD-INCIDENCE-001,cvd_2024_05,annual,2021,2021-01-01,2021,,,1,stroke,male,age_standardised,national_estimate,hospital_plus_dco,inclusive,estimated,annual_age_standardised_rate,158.9186305764092,rate_per_100000,,,145.7739954495931,192.1557793970729,141.4550910998442,180.5671160399911,95,conditional_fay_feuer_gamma,,final,cvd_rates_v1_1_0,UN_WPP_2024,BRB,persons,2026-08-26,historical_estimate,WHO_WORLD_2000_2025,none,No disclosure restriction identified.,158.919
bnr_cvd_public_metric_v2,CVD-BURDEN-001,cvd_2024_05,quarterly,2022_q4,2022-10-01,2022,10,4,1,all_cvd,all,all,hospital_registered,hospital_only,not_applicable,observed,quarterly_count,207,count,207,,,,,,,,,final,,,,,,,,none,No disclosure restriction identified.,207.000
bnr_cvd_public_metric_v2,CVD-BURDEN-001,cvd_2024_05,quarterly,2022_q1,2022-01-01,2022,1,1,1,all_cvd,all,all,hospital_registered,hospital_only,not_applicable,observed,quarterly_same_quarter_previous_5yr_mean,213,count,1065,,,,,,,,5,final,,,,,,,,none,No disclosure restriction identified.,213.000
bnr_cvd_public_metric_v2,CVD-BURDEN-001,cvd_2024_05,monthly,2022_m09,2022-09-01,2022,9,,1,all_cvd,all,all,hospital_registered,hospital_only,not_applicable,observed,monthly_count,62,count,62,,,,,,,,,final,,,,,,,,none,No disclosure restriction identified.,62.000
bnr_cvd_public_metric_v2,CVD-BURDEN-001,cvd_2024_05,annual,2022,2022-01-01,2022,,,1,all_cvd,all,all,national_estimate,hospital_plus_dco,inclusive,estimated,annual_count,992.1836734693877,count,992.1836734693877,,897,1215,,,,,,final,cvd_rates_v1_1_0,not_applicable,BRB,not_applicable,not_applicable,not_applicable,not_applicable,none,No disclosure restriction identified.,992.184
bnr_cvd_public_metric_v2,CVD-BURDEN-001,cvd_2024_05,annual,2022,2022-01-01,2022,,,1,all_cvd,all,all,hospital_registered,hospital_only,not_applicable,observed,annual_previous_5yr_mean,829.2,count,4146,,,,,,,,5,final,,,,,,,,none,No disclosure restriction identified.,829.200
bnr_cvd_public_metric_v2,CVD-INCIDENCE-001,cvd_2024_05,annual,2022,2022-01-01,2022,,,1,all_cvd,all,all,hospital_registered,hospital_only,not_applicable,observed,annual_crude_rate,286.5562946747993,rate_per_100000,809,282318,,,267.1476858963786,307.0022390027942,95,poisson_exact_garwood,,final,cvd_rates_v1_1_0,UN_WPP_2024,BRB,persons,2026-08-26,historical_estimate,WHO_WORLD_2000_2025,none,No disclosure restriction identified.,286.556
bnr_cvd_public_metric_v2,CVD-BURDEN-002,cvd_2024_05,annual,2022,2022-01-01,2022,,,1,all_cvd,all,under_70,hospital_registered,hospital_only,not_applicable,observed,age_distribution,51.05067985166873,percent,413,809,,,,,,,,final,,,,,,,,none,No disclosure restriction identified.,51.051
bnr_cvd_public_metric_v2,CVD-BURDEN-001,cvd_2024_05,quarterly,2022_q3,2022-07-01,2022,7,3,1,all_cvd,all,all,hospital_registered,hospital_only,not_applicable,observed,quarterly_count,194,count,194,,,,,,,,,final,,,,,,,,none,No disclosure restriction identified.,194.000
bnr_cvd_public_metric_v2,CVD-BURDEN-001,cvd_2024_05,annual,2022,2022-01-01,2022,,,1,all_cvd,all,age_70_plus,hospital_registered,hospital_only,not_applicable,observed,annual_count,396,count,396,,,,,,,,,final,,,,,,,,none,No disclosure restriction identified.,396.000
bnr_cvd_public_metric_v2,CVD-BURDEN-001,cvd_2024_05,monthly,2022_m12,2022-12-01,2022,12,,1,all_cvd,all,all,hospital_registered,hospital_only,not_applicable,observed,monthly_count,58,count,58,,,,,,,,,final,,,,,,,,none,No disclosure restriction identified.,58.000
bnr_cvd_public_metric_v2,CVD-BURDEN-001,cvd_2024_05,monthly,2022_m02,2022-02-01,2022,2,,1,all_cvd,all,all,hospital_registered,hospital_only,not_applicable,observed,monthly_count,83,count,83,,,,,,,,,final,,,,,,,,none,No disclosure restriction identified.,83.000
bnr_cvd_public_metric_v2,CVD-BURDEN-001,cvd_2024_05,monthly,2022_m10,2022-10-01,2022,10,,1,all_cvd,all,all,hospital_registered,hospital_only,not_applicable,observed,monthly_count,81,count,81,,,,,,,,,final,,,,,,,,none,No disclosure restriction identified.,81.000
bnr_cvd_public_metric_v2,CVD-BURDEN-001,cvd_2024_05,annual,2022,2022-01-01,2022,,,1,all_cvd,all,under_70,hospital_registered,hospital_only,not_applicable,observed,annual_previous_5yr_mean,412.6,count,2063,,,,,,,,5,final,,,,,,,,none,No disclosure restriction identified.,412.600
bnr_cvd_public_metric_v2,CVD-BURDEN-002,cvd_2024_05,annual,2022,2022-01-01,2022,,,1,all_cvd,all,age_70_plus,hospital_registered,hospital_only,not_applicable,observed,age_distribution,48.94932014833127,percent,396,809,,,,,,,,final,,,,,,,,none,No disclosure restriction identified.,48.949
bnr_cvd_public_metric_v2,CVD-BURDEN-001,cvd_2024_05,monthly,2022_m05,2022-05-01,2022,5,,1,all_cvd,all,all,hospital_registered,hospital_only,not_applicable,observed,monthly_count,59,count,59,,,,,,,,,final,,,,,,,,none,No disclosure restriction identified.,59.000
bnr_cvd_public_metric_v2,CVD-BURDEN-001,cvd_2024_05,annual,2022,2022-01-01,2022,,,1,all_cvd,all,under_70,hospital_registered,hospital_only,not_applicable,observed,annual_count,413,count,413,,,,,,,,,final,,,,,,,,none,No disclosure restriction identified.,413.000
bnr_cvd_public_metric_v2,CVD-INCIDENCE-001,cvd_2024_05,annual,2022,2022-01-01,2022,,,1,all_cvd,all,all,national_estimate,hospital_plus_dco,primary,estimated,annual_crude_rate,333.617192718358,rate_per_100000,941.8613861386139,282318,308.8715561884117,388.214708236811,312.6485891592263,355.6222472593932,95,conditional_gamma,,final,cvd_rates_v1_1_0,UN_WPP_2024,BRB,persons,2026-08-26,historical_estimate,WHO_WORLD_2000_2025,none,No disclosure restriction identified.,333.617
bnr_cvd_public_metric_v2,CVD-BURDEN-001,cvd_2024_05,monthly,2022_m11,2022-11-01,2022,11,,1,all_cvd,all,all,hospital_registered,hospital_only,not_applicable,observed,monthly_count,68,count,68,,,,,,,,,final,,,,,,,,none,No disclosure restriction identified.,68.000
bnr_cvd_public_metric_v2,CVD-BURDEN-001,cvd_2024_05,monthly,2022_m06,2022-06-01,2022,6,,1,all_cvd,all,all,hospital_registered,hospital_only,not_applicable,observed,monthly_count,70,count,70,,,,,,,,,final,,,,,,,,none,No disclosure restriction identified.,70.000
bnr_cvd_public_metric_v2,CVD-BURDEN-001,cvd_2024_05,monthly,2022_m08,2022-08-01,2022,8,,1,all_cvd,all,all,hospital_registered,hospital_only,not_applicable,observed,monthly_count,63,count,63,,,,,,,,,final,,,,,,,,none,No disclosure restriction identified.,63.000
bnr_cvd_public_metric_v2,CVD-INCIDENCE-001,cvd_2024_05,annual,2022,2022-01-01,2022,,,1,all_cvd,all,age_standardised,national_estimate,hospital_plus_dco,inclusive,estimated,annual_age_standardised_rate,210.1593925064056,rate_per_100000,,,190.3682164641682,256.4887364234613,196.897955037636,224.4500760773925,95,conditional_fay_feuer_gamma,,final,cvd_rates_v1_1_0,UN_WPP_2024,BRB,persons,2026-08-26,historical_estimate,WHO_WORLD_2000_2025,none,No disclosure restriction identified.,210.159
bnr_cvd_public_metric_v2,CVD-BURDEN-001,cvd_2024_05,quarterly,2022_q3,2022-07-01,2022,7,3,1,all_cvd,all,all,hospital_registered,hospital_only,not_applicable,observed,quarterly_same_quarter_previous_5yr_mean,212,count,1060,,,,,,,,5,final,,,,,,,,none,No disclosure restriction identified.,212.000
bnr_cvd_public_metric_v2,CVD-BURDEN-001,cvd_2024_05,annual,2022,2022-01-01,2022,,,1,all_cvd,all,all,national_estimate,hospital_plus_dco,primary,estimated,annual_count,941.8613861386139,count,941.8613861386139,,872,1096,,,,,,final,cvd_rates_v1_1_0,not_applicable,BRB,not_applicable,not_applicable,not_applicable,not_applicable,none,No disclosure restriction identified.,941.861
bnr_cvd_public_metric_v2,CVD-BURDEN-001,cvd_2024_05,quarterly,2022_q2,2022-04-01,2022,4,2,1,all_cvd,all,all,hospital_registered,hospital_only,not_applicable,observed,quarterly_count,196,count,196,,,,,,,,,final,,,,,,,,none,No disclosure restriction identified.,196.000
bnr_cvd_public_metric_v2,CVD-BURDEN-001,cvd_2024_05,annual,2022,2022-01-01,2022,,,1,all_cvd,all,all,national_estimate,additional_dco,primary,estimated,annual_count,132.8613861386139,count,132.8613861386139,,63,286.9999999999999,,,,,,final,cvd_rates_v1_1_0,not_applicable,BRB,not_applicable,not_applicable,not_applicable,not_applicable,none,No disclosure restriction identified.,132.861
bnr_cvd_public_metric_v2,CVD-BURDEN-001,cvd_2024_05,quarterly,2022_q2,2022-04-01,2022,4,2,1,all_cvd,all,all,hospital_registered,hospital_only,not_applicable,observed,quarterly_same_quarter_previous_5yr_mean,210.8,count,1054,,,,,,,,5,final,,,,,,,,none,No disclosure restriction identified.,210.800
bnr_cvd_public_metric_v2,CVD-BURDEN-001,cvd_2024_05,annual,2022,2022-01-01,2022,,,1,all_cvd,all,age_70_plus,hospital_registered,hospital_only,not_applicable,observed,annual_previous_5yr_mean,416.2,count,2081,,,,,,,,5,final,,,,,,,,none,No disclosure restriction identified.,416.200
bnr_cvd_public_metric_v2,CVD-BURDEN-001,cvd_2024_05,quarterly,2022_q4,2022-10-01,2022,10,4,1,all_cvd,all,all,hospital_registered,hospital_only,not_applicable,observed,quarterly_same_quarter_previous_5yr_mean,193.4,count,967,,,,,,,,5,final,,,,,,,,none,No disclosure restriction identified.,193.400
bnr_cvd_public_metric_v2,CVD-BURDEN-001,cvd_2024_05,annual,2022,2022-01-01,2022,,,1,all_cvd,all,all,hospital_registered,hospital_only,not_applicable,observed,annual_count,809,count,809,,,,,,,,,final,,,,,,,,none,No disclosure restriction identified.,809.000
bnr_cvd_public_metric_v2,CVD-INCIDENCE-001,cvd_2024_05,annual,2022,2022-01-01,2022,,,1,all_cvd,all,age_standardised,national_estimate,hospital_plus_dco,primary,estimated,annual_age_standardised_rate,198.9954254979454,rate_per_100000,,,184.8378307646386,230.2320234015904,186.1160205688645,212.9041251822061,95,conditional_fay_feuer_gamma,,final,cvd_rates_v1_1_0,UN_WPP_2024,BRB,persons,2026-08-26,historical_estimate,WHO_WORLD_2000_2025,none,No disclosure restriction identified.,198.995
bnr_cvd_public_metric_v2,CVD-INCIDENCE-001,cvd_2024_05,annual,2022,2022-01-01,2022,,,1,all_cvd,all,age_standardised,hospital_registered,hospital_only,not_applicable,observed,annual_age_standardised_rate,172.070714085496,rate_per_100000,,,,,160.0684738507488,185.1085922903846,95,fay_feuer_gamma,,final,cvd_rates_v1_1_0,UN_WPP_2024,BRB,persons,2026-08-26,historical_estimate,WHO_WORLD_2000_2025,none,No disclosure restriction identified.,172.071
bnr_cvd_public_metric_v2,CVD-BURDEN-001,cvd_2024_05,annual,2022,2022-01-01,2022,,,1,all_cvd,all,all,national_estimate,additional_dco,inclusive,estimated,annual_count,183.1836734693878,count,183.1836734693878,,88,406.0000000000001,,,,,,final,cvd_rates_v1_1_0,not_applicable,BRB,not_applicable,not_applicable,not_applicable,not_applicable,none,No disclosure restriction identified.,183.184
bnr_cvd_public_metric_v2,CVD-BURDEN-001,cvd_2024_05,monthly,2022_m07,2022-07-01,2022,7,,1,all_cvd,all,all,hospital_registered,hospital_only,not_applicable,observed,monthly_count,69,count,69,,,,,,,,,final,,,,,,,,none,No disclosure restriction identified.,69.000
bnr_cvd_public_metric_v2,CVD-BURDEN-001,cvd_2024_05,monthly,2022_m01,2022-01-01,2022,1,,1,all_cvd,all,all,hospital_registered,hospital_only,not_applicable,observed,monthly_count,70,count,70,,,,,,,,,final,,,,,,,,none,No disclosure restriction identified.,70.000
bnr_cvd_public_metric_v2,CVD-BURDEN-001,cvd_2024_05,monthly,2022_m03,2022-03-01,2022,3,,1,all_cvd,all,all,hospital_registered,hospital_only,not_applicable,observed,monthly_count,59,count,59,,,,,,,,,final,,,,,,,,none,No disclosure restriction identified.,59.000
bnr_cvd_public_metric_v2,CVD-INCIDENCE-001,cvd_2024_05,annual,2022,2022-01-01,2022,,,1,all_cvd,all,all,national_estimate,hospital_plus_dco,inclusive,estimated,annual_crude_rate,351.4418752858081,rate_per_100000,992.1836734693877,282318,317.7268186938134,430.3657577625231,329.9114523023798,374.0084614325709,95,conditional_gamma,,final,cvd_rates_v1_1_0,UN_WPP_2024,BRB,persons,2026-08-26,historical_estimate,WHO_WORLD_2000_2025,none,No disclosure restriction identified.,351.442
bnr_cvd_public_metric_v2,CVD-BURDEN-001,cvd_2024_05,monthly,2022_m04,2022-04-01,2022,4,,1,all_cvd,all,all,hospital_registered,hospital_only,not_applicable,observed,monthly_count,67,count,67,,,,,,,,,final,,,,,,,,none,No disclosure restriction identified.,67.000
bnr_cvd_public_metric_v2,CVD-BURDEN-001,cvd_2024_05,quarterly,2022_q1,2022-01-01,2022,1,1,1,all_cvd,all,all,hospital_registered,hospital_only,not_applicable,observed,quarterly_count,212,count,212,,,,,,,,,final,,,,,,,,none,No disclosure restriction identified.,212.000
bnr_cvd_public_metric_v2,CVD-BURDEN-001,cvd_2024_05,quarterly,2022_q4,2022-10-01,2022,10,4,1,all_cvd,female,all,hospital_registered,hospital_only,not_applicable,observed,quarterly_same_quarter_previous_5yr_mean,94,count,470,,,,,,,,5,final,,,,,,,,none,No disclosure restriction identified.,94.000
bnr_cvd_public_metric_v2,CVD-INCIDENCE-001,cvd_2024_05,annual,2022,2022-01-01,2022,,,1,all_cvd,female,age_standardised,national_estimate,hospital_plus_dco,inclusive,estimated,annual_age_standardised_rate,176.555312478599,rate_per_100000,,,160.6473203513144,213.7944758674698,160.3579775099882,194.8080754716178,95,conditional_fay_feuer_gamma,,final,cvd_rates_v1_1_0,UN_WPP_2024,BRB,persons,2026-08-26,historical_estimate,WHO_WORLD_2000_2025,none,No disclosure restriction identified.,176.555
bnr_cvd_public_metric_v2,CVD-BURDEN-001,cvd_2024_05,quarterly,2022_q2,2022-04-01,2022,4,2,1,all_cvd,female,all,hospital_registered,hospital_only,not_applicable,observed,quarterly_count,97,count,97,,,,,,,,,final,,,,,,,,none,No disclosure restriction identified.,97.000
bnr_cvd_public_metric_v2,CVD-BURDEN-001,cvd_2024_05,annual,2022,2022-01-01,2022,,,1,all_cvd,female,all,national_estimate,hospital_plus_dco,primary,estimated,annual_count,452.1584158415841,count,452.1584158415841,,420,523.1111111111111,,,,,,final,cvd_rates_v1_1_0,not_applicable,BRB,not_applicable,not_applicable,not_applicable,not_applicable,none,No disclosure restriction identified.,452.158
bnr_cvd_public_metric_v2,CVD-BURDEN-001,cvd_2024_05,quarterly,2022_q3,2022-07-01,2022,7,3,1,all_cvd,female,all,hospital_registered,hospital_only,not_applicable,observed,quarterly_same_quarter_previous_5yr_mean,103.6,count,518,,,,,,,,5,final,,,,,,,,none,No disclosure restriction identified.,103.600
bnr_cvd_public_metric_v2,CVD-BURDEN-001,cvd_2024_05,annual,2022,2022-01-01,2022,,,1,all_cvd,female,all,national_estimate,additional_dco,primary,estimated,annual_count,61.15841584158417,count,61.15841584158417,,29,132.1111111111111,,,,,,final,cvd_rates_v1_1_0,not_applicable,BRB,not_applicable,not_applicable,not_applicable,not_applicable,none,No disclosure restriction identified.,61.158
bnr_cvd_public_metric_v2,CVD-BURDEN-001,cvd_2024_05,quarterly,2022_q4,2022-10-01,2022,10,4,1,all_cvd,female,all,hospital_registered,hospital_only,not_applicable,observed,quarterly_count,100,count,100,,,,,,,,,final,,,,,,,,none,No disclosure restriction identified.,100.000
bnr_cvd_public_metric_v2,CVD-BURDEN-001,cvd_2024_05,annual,2022,2022-01-01,2022,,,1,all_cvd,female,all,hospital_registered,hospital_only,not_applicable,observed,annual_previous_5yr_mean,407.2,count,2036,,,,,,,,5,final,,,,,,,,none,No disclosure restriction identified.,407.200
bnr_cvd_public_metric_v2,CVD-BURDEN-001,cvd_2024_05,annual,2022,2022-01-01,2022,,,1,all_cvd,female,all,national_estimate,additional_dco,inclusive,estimated,annual_count,87.42857142857143,count,87.42857142857143,,42,193.7727272727273,,,,,,final,cvd_rates_v1_1_0,not_applicable,BRB,not_applicable,not_applicable,not_applicable,not_applicable,none,No disclosure restriction identified.,87.429
bnr_cvd_public_metric_v2,CVD-BURDEN-001,cvd_2024_05,quarterly,2022_q1,2022-01-01,2022,1,1,1,all_cvd,female,all,hospital_registered,hospital_only,not_applicable,observed,quarterly_same_quarter_previous_5yr_mean,103.8,count,519,,,,,,,,5,final,,,,,,,,none,No disclosure restriction identified.,103.800
bnr_cvd_public_metric_v2,CVD-BURDEN-002,cvd_2024_05,annual,2022,2022-01-01,2022,,,1,all_cvd,female,all,hospital_registered,hospital_only,not_applicable,observed,sex_distribution,48.33127317676144,percent,391,809,,,,,,,,final,,,,,,,,none,No disclosure restriction identified.,48.331
bnr_cvd_public_metric_v2,CVD-BURDEN-001,cvd_2024_05,quarterly,2022_q1,2022-01-01,2022,1,1,1,all_cvd,female,all,hospital_registered,hospital_only,not_applicable,observed,quarterly_count,107,count,107,,,,,,,,,final,,,,,,,,none,No disclosure restriction identified.,107.000
bnr_cvd_public_metric_v2,CVD-BURDEN-001,cvd_2024_05,annual,2022,2022-01-01,2022,,,1,all_cvd,female,all,national_estimate,hospital_plus_dco,inclusive,estimated,annual_count,478.4285714285714,count,478.4285714285714,,433,584.7727272727273,,,,,,final,cvd_rates_v1_1_0,not_applicable,BRB,not_applicable,not_applicable,not_applicable,not_applicable,none,No disclosure restriction identified.,478.429
bnr_cvd_public_metric_v2,CVD-BURDEN-001,cvd_2024_05,quarterly,2022_q3,2022-07-01,2022,7,3,1,all_cvd,female,all,hospital_registered,hospital_only,not_applicable,observed,quarterly_count,87,count,87,,,,,,,,,final,,,,,,,,none,No disclosure restriction identified.,87.000
bnr_cvd_public_metric_v2,CVD-INCIDENCE-001,cvd_2024_05,annual,2022,2022-01-01,2022,,,1,all_cvd,female,all,national_estimate,hospital_plus_dco,primary,estimated,annual_crude_rate,307.7865280580397,rate_per_100000,452.1584158415841,146906.5,285.8961312127101,356.0843877644019,280.0671135131479,337.5072663140673,95,conditional_gamma,,final,cvd_rates_v1_1_0,UN_WPP_2024,BRB,persons,2026-08-26,historical_estimate,WHO_WORLD_2000_2025,none,No disclosure restriction identified.,307.787
bnr_cvd_public_metric_v2,CVD-INCIDENCE-001,cvd_2024_05,annual,2022,2022-01-01,2022,,,1,all_cvd,female,age_standardised,hospital_registered,hospital_only,not_applicable,observed,annual_age_standardised_rate,145.9399314034476,rate_per_100000,,,,,131.1794034266951,162.7781457469445,95,fay_feuer_gamma,,final,cvd_rates_v1_1_0,UN_WPP_2024,BRB,persons,2026-08-26,historical_estimate,WHO_WORLD_2000_2025,none,No disclosure restriction identified.,145.940
bnr_cvd_public_metric_v2,CVD-INCIDENCE-001,cvd_2024_05,annual,2022,2022-01-01,2022,,,1,all_cvd,female,all,hospital_registered,hospital_only,not_applicable,observed,annual_crude_rate,266.1556840575468,rate_per_100000,391,146906.5,,,240.4249585476051,293.8900628610664,95,poisson_exact_garwood,,final,cvd_rates_v1_1_0,UN_WPP_2024,BRB,persons,2026-08-26,historical_estimate,WHO_WORLD_2000_2025,none,No disclosure restriction identified.,266.156
bnr_cvd_public_metric_v2,CVD-BURDEN-001,cvd_2024_05,annual,2022,2022-01-01,2022,,,1,all_cvd,female,all,hospital_registered,hospital_only,not_applicable,observed,annual_count,391,count,391,,,,,,,,,final,,,,,,,,none,No disclosure restriction identified.,391.000
bnr_cvd_public_metric_v2,CVD-INCIDENCE-001,cvd_2024_05,annual,2022,2022-01-01,2022,,,1,all_cvd,female,all,national_estimate,hospital_plus_dco,inclusive,estimated,annual_crude_rate,325.6687562691722,rate_per_100000,478.4285714285714,146906.5,294.7452971788179,398.0577627761381,297.1367015078205,356.2012734626043,95,conditional_gamma,,final,cvd_rates_v1_1_0,UN_WPP_2024,BRB,persons,2026-08-26,historical_estimate,WHO_WORLD_2000_2025,none,No disclosure restriction identified.,325.669
bnr_cvd_public_metric_v2,CVD-INCIDENCE-001,cvd_2024_05,annual,2022,2022-01-01,2022,,,1,all_cvd,female,age_standardised,national_estimate,hospital_plus_dco,primary,estimated,annual_age_standardised_rate,167.1140065377905,rate_per_100000,,,155.9802205516572,191.6790264119579,151.3446782934573,184.9450387877194,95,conditional_fay_feuer_gamma,,final,cvd_rates_v1_1_0,UN_WPP_2024,BRB,persons,2026-08-26,historical_estimate,WHO_WORLD_2000_2025,none,No disclosure restriction identified.,167.114
bnr_cvd_public_metric_v2,CVD-BURDEN-001,cvd_2024_05,quarterly,2022_q2,2022-04-01,2022,4,2,1,all_cvd,female,all,hospital_registered,hospital_only,not_applicable,observed,quarterly_same_quarter_previous_5yr_mean,105.8,count,529,,,,,,,,5,final,,,,,,,,none,No disclosure restriction identified.,105.800
bnr_cvd_public_metric_v2,CVD-BURDEN-001,cvd_2024_05,quarterly,2022_q2,2022-04-01,2022,4,2,1,all_cvd,male,all,hospital_registered,hospital_only,not_applicable,observed,quarterly_same_quarter_previous_5yr_mean,105,count,525,,,,,,,,5,final,,,,,,,,none,No disclosure restriction identified.,105.000
bnr_cvd_public_metric_v2,CVD-BURDEN-001,cvd_2024_05,annual,2022,2022-01-01,2022,,,1,all_cvd,male,all,hospital_registered,hospital_only,not_applicable,observed,annual_previous_5yr_mean,422,count,2110,,,,,,,,5,final,,,,,,,,none,No disclosure restriction identified.,422.000
bnr_cvd_public_metric_v2,CVD-BURDEN-001,cvd_2024_05,annual,2022,2022-01-01,2022,,,1,all_cvd,male,all,national_estimate,additional_dco,inclusive,estimated,annual_count,95.75510204081633,count,95.75510204081633,,46,212.2272727272727,,,,,,final,cvd_rates_v1_1_0,not_applicable,BRB,not_applicable,not_applicable,not_applicable,not_applicable,none,No disclosure restriction identified.,95.755
bnr_cvd_public_metric_v2,CVD-BURDEN-001,cvd_2024_05,annual,2022,2022-01-01,2022,,,1,all_cvd,male,all,national_estimate,hospital_plus_dco,inclusive,estimated,annual_count,513.7551020408164,count,513.7551020408164,,464,630.2272727272727,,,,,,final,cvd_rates_v1_1_0,not_applicable,BRB,not_applicable,not_applicable,not_applicable,not_applicable,none,No disclosure restriction identified.,513.755
bnr_cvd_public_metric_v2,CVD-INCIDENCE-001,cvd_2024_05,annual,2022,2022-01-01,2022,,,1,all_cvd,male,age_standardised,hospital_registered,hospital_only,not_applicable,observed,annual_age_standardised_rate,205.0567464074921,rate_per_100000,,,,,185.2216976291917,230.2832545548575,95,fay_feuer_gamma,,final,cvd_rates_v1_1_0,UN_WPP_2024,BRB,persons,2026-08-26,historical_estimate,WHO_WORLD_2000_2025,none,No disclosure restriction identified.,205.057
bnr_cvd_public_metric_v2,CVD-BURDEN-001,cvd_2024_05,quarterly,2022_q1,2022-01-01,2022,1,1,1,all_cvd,male,all,hospital_registered,hospital_only,not_applicable,observed,quarterly_same_quarter_previous_5yr_mean,109.2,count,546,,,,,,,,5,final,,,,,,,,none,No disclosure restriction identified.,109.200
bnr_cvd_public_metric_v2,CVD-INCIDENCE-001,cvd_2024_05,annual,2022,2022-01-01,2022,,,1,all_cvd,male,all,hospital_registered,hospital_only,not_applicable,observed,annual_crude_rate,308.6887007381205,rate_per_100000,418,135411.5,,,279.8018177536354,339.7481422102424,95,poisson_exact_garwood,,final,cvd_rates_v1_1_0,UN_WPP_2024,BRB,persons,2026-08-26,historical_estimate,WHO_WORLD_2000_2025,none,No disclosure restriction identified.,308.689
bnr_cvd_public_metric_v2,CVD-BURDEN-002,cvd_2024_05,annual,2022,2022-01-01,2022,,,1,all_cvd,male,all,hospital_registered,hospital_only,not_applicable,observed,sex_distribution,51.66872682323856,percent,418,809,,,,,,,,final,,,,,,,,none,No disclosure restriction identified.,51.669
bnr_cvd_public_metric_v2,CVD-BURDEN-001,cvd_2024_05,quarterly,2022_q2,2022-04-01,2022,4,2,1,all_cvd,male,all,hospital_registered,hospital_only,not_applicable,observed,quarterly_count,99,count,99,,,,,,,,,final,,,,,,,,none,No disclosure restriction identified.,99.000
bnr_cvd_public_metric_v2,CVD-INCIDENCE-001,cvd_2024_05,annual,2022,2022-01-01,2022,,,1,all_cvd,male,age_standardised,national_estimate,hospital_plus_dco,primary,estimated,annual_age_standardised_rate,239.667070690462,rate_per_100000,,,221.4682147294638,279.820102096474,218.2675665988971,266.3743846736218,95,conditional_fay_feuer_gamma,,final,cvd_rates_v1_1_0,UN_WPP_2024,BRB,persons,2026-08-26,historical_estimate,WHO_WORLD_2000_2025,none,No disclosure restriction identified.,239.667
bnr_cvd_public_metric_v2,CVD-BURDEN-001,cvd_2024_05,quarterly,2022_q4,2022-10-01,2022,10,4,1,all_cvd,male,all,hospital_registered,hospital_only,not_applicable,observed,quarterly_count,107,count,107,,,,,,,,,final,,,,,,,,none,No disclosure restriction identified.,107.000
bnr_cvd_public_metric_v2,CVD-BURDEN-001,cvd_2024_05,quarterly,2022_q3,2022-07-01,2022,7,3,1,all_cvd,male,all,hospital_registered,hospital_only,not_applicable,observed,quarterly_same_quarter_previous_5yr_mean,108.4,count,542,,,,,,,,5,final,,,,,,,,none,No disclosure restriction identified.,108.400
bnr_cvd_public_metric_v2,CVD-INCIDENCE-001,cvd_2024_05,annual,2022,2022-01-01,2022,,,1,all_cvd,male,all,national_estimate,hospital_plus_dco,inclusive,estimated,annual_crude_rate,379.402858723828,rate_per_100000,513.7551020408164,135411.5,342.6592276136074,465.4163588227535,347.3005144796857,413.6743412227368,95,conditional_gamma,,final,cvd_rates_v1_1_0,UN_WPP_2024,BRB,persons,2026-08-26,historical_estimate,WHO_WORLD_2000_2025,none,No disclosure restriction identified.,379.403
bnr_cvd_public_metric_v2,CVD-BURDEN-001,cvd_2024_05,quarterly,2022_q1,2022-01-01,2022,1,1,1,all_cvd,male,all,hospital_registered,hospital_only,not_applicable,observed,quarterly_count,105,count,105,,,,,,,,,final,,,,,,,,none,No disclosure restriction identified.,105.000
bnr_cvd_public_metric_v2,CVD-INCIDENCE-001,cvd_2024_05,annual,2022,2022-01-01,2022,,,1,all_cvd,male,all,national_estimate,hospital_plus_dco,primary,estimated,annual_crude_rate,361.640606814805,rate_per_100000,489.7029702970297,135411.5,333.7973510373934,423.0725521014751,330.3155575767551,395.1355586537756,95,conditional_gamma,,final,cvd_rates_v1_1_0,UN_WPP_2024,BRB,persons,2026-08-26,historical_estimate,WHO_WORLD_2000_2025,none,No disclosure restriction identified.,361.641
bnr_cvd_public_metric_v2,CVD-BURDEN-001,cvd_2024_05,quarterly,2022_q4,2022-10-01,2022,10,4,1,all_cvd,male,all,hospital_registered,hospital_only,not_applicable,observed,quarterly_same_quarter_previous_5yr_mean,99.40000000000001,count,497,,,,,,,,5,final,,,,,,,,none,No disclosure restriction identified.,99.400
bnr_cvd_public_metric_v2,CVD-BURDEN-001,cvd_2024_05,quarterly,2022_q3,2022-07-01,2022,7,3,1,all_cvd,male,all,hospital_registered,hospital_only,not_applicable,observed,quarterly_count,107,count,107,,,,,,,,,final,,,,,,,,none,No disclosure restriction identified.,107.000
bnr_cvd_public_metric_v2,CVD-BURDEN-001,cvd_2024_05,annual,2022,2022-01-01,2022,,,1,all_cvd,male,all,national_estimate,hospital_plus_dco,primary,estimated,annual_count,489.7029702970297,count,489.7029702970297,,452,572.8888888888889,,,,,,final,cvd_rates_v1_1_0,not_applicable,BRB,not_applicable,not_applicable,not_applicable,not_applicable,none,No disclosure restriction identified.,489.703
bnr_cvd_public_metric_v2,CVD-INCIDENCE-001,cvd_2024_05,annual,2022,2022-01-01,2022,,,1,all_cvd,male,age_standardised,national_estimate,hospital_plus_dco,inclusive,estimated,annual_age_standardised_rate,253.6261678723136,rate_per_100000,,,228.3891155425535,312.7038130987977,231.4051019116507,281.1372861177013,95,conditional_fay_feuer_gamma,,final,cvd_rates_v1_1_0,UN_WPP_2024,BRB,persons,2026-08-26,historical_estimate,WHO_WORLD_2000_2025,none,No disclosure restriction identified.,253.626
bnr_cvd_public_metric_v2,CVD-BURDEN-001,cvd_2024_05,annual,2022,2022-01-01,2022,,,1,all_cvd,male,all,hospital_registered,hospital_only,not_applicable,observed,annual_count,418,count,418,,,,,,,,,final,,,,,,,,none,No disclosure restriction identified.,418.000
bnr_cvd_public_metric_v2,CVD-BURDEN-001,cvd_2024_05,annual,2022,2022-01-01,2022,,,1,all_cvd,male,all,national_estimate,additional_dco,primary,estimated,annual_count,71.70297029702971,count,71.70297029702971,,34,154.8888888888889,,,,,,final,cvd_rates_v1_1_0,not_applicable,BRB,not_applicable,not_applicable,not_applicable,not_applicable,none,No disclosure restriction identified.,71.703
bnr_cvd_public_metric_v2,CVD-BURDEN-001,cvd_2024_05,annual,2022,2022-01-01,2022,,,1,heart,all,all,national_estimate,hospital_plus_dco,inclusive,estimated,annual_count,317.0204081632653,count,317.0204081632653,,277,410.7045454545454,,,,,,final,cvd_rates_v1_1_0,not_applicable,BRB,not_applicable,not_applicable,not_applicable,not_applicable,none,No disclosure restriction identified.,317.020
bnr_cvd_public_metric_v2,CVD-BURDEN-001,cvd_2024_05,annual,2022,2022-01-01,2022,,,1,heart,all,all,national_estimate,additional_dco,primary,estimated,annual_count,48.50495049504951,count,48.50495049504951,,23,104.7777777777778,,,,,,final,cvd_rates_v1_1_0,not_applicable,BRB,not_applicable,not_applicable,not_applicable,not_applicable,none,No disclosure restriction identified.,48.505
bnr_cvd_public_metric_v2,CVD-BURDEN-002,cvd_2024_05,annual,2022,2022-01-01,2022,,,1,heart,all,all,hospital_registered,hospital_only,not_applicable,observed,event_type_distribution,29.66625463535228,percent,240,809,,,,,,,,final,,,,,,,,none,No disclosure restriction identified.,29.666
bnr_cvd_public_metric_v2,CVD-BURDEN-001,cvd_2024_05,annual,2022,2022-01-01,2022,,,1,heart,all,all,national_estimate,hospital_plus_dco,primary,estimated,annual_count,288.5049504950495,count,288.5049504950495,,263,344.7777777777778,,,,,,final,cvd_rates_v1_1_0,not_applicable,BRB,not_applicable,not_applicable,not_applicable,not_applicable,none,No disclosure restriction identified.,288.505
bnr_cvd_public_metric_v2,CVD-BURDEN-001,cvd_2024_05,quarterly,2022_q1,2022-01-01,2022,1,1,1,heart,all,all,hospital_registered,hospital_only,not_applicable,observed,quarterly_count,64,count,64,,,,,,,,,final,,,,,,,,none,No disclosure restriction identified.,64.000
bnr_cvd_public_metric_v2,CVD-BURDEN-001,cvd_2024_05,quarterly,2022_q1,2022-01-01,2022,1,1,1,heart,all,all,hospital_registered,hospital_only,not_applicable,observed,quarterly_same_quarter_previous_5yr_mean,64.2,count,321,,,,,,,,5,final,,,,,,,,none,No disclosure restriction identified.,64.200
bnr_cvd_public_metric_v2,CVD-BURDEN-001,cvd_2024_05,quarterly,2022_q3,2022-07-01,2022,7,3,1,heart,all,all,hospital_registered,hospital_only,not_applicable,observed,quarterly_count,48,count,48,,,,,,,,,final,,,,,,,,none,No disclosure restriction identified.,48.000
bnr_cvd_public_metric_v2,CVD-INCIDENCE-001,cvd_2024_05,annual,2022,2022-01-01,2022,,,1,heart,all,age_standardised,hospital_registered,hospital_only,not_applicable,observed,annual_age_standardised_rate,50.83662923131337,rate_per_100000,,,,,44.45521090937607,58.29130717915121,95,fay_feuer_gamma,,final,cvd_rates_v1_1_0,UN_WPP_2024,BRB,persons,2026-08-26,historical_estimate,WHO_WORLD_2000_2025,none,No disclosure restriction identified.,50.837
bnr_cvd_public_metric_v2,CVD-BURDEN-001,cvd_2024_05,quarterly,2022_q4,2022-10-01,2022,10,4,1,heart,all,all,hospital_registered,hospital_only,not_applicable,observed,quarterly_count,59,count,59,,,,,,,,,final,,,,,,,,none,No disclosure restriction identified.,59.000
bnr_cvd_public_metric_v2,CVD-INCIDENCE-001,cvd_2024_05,annual,2022,2022-01-01,2022,,,1,heart,all,age_standardised,national_estimate,hospital_plus_dco,primary,estimated,annual_age_standardised_rate,60.7553947222827,rate_per_100000,,,55.53989361905001,72.26261144211361,53.76922335002033,68.80557666737057,95,conditional_fay_feuer_gamma,,final,cvd_rates_v1_1_0,UN_WPP_2024,BRB,persons,2026-08-26,historical_estimate,WHO_WORLD_2000_2025,none,No disclosure restriction identified.,60.755
bnr_cvd_public_metric_v2,CVD-BURDEN-001,cvd_2024_05,annual,2022,2022-01-01,2022,,,1,heart,all,all,hospital_registered,hospital_only,not_applicable,observed,annual_previous_5yr_mean,267.6,count,1338,,,,,,,,5,final,,,,,,,,none,No disclosure restriction identified.,267.600
bnr_cvd_public_metric_v2,CVD-INCIDENCE-001,cvd_2024_05,annual,2022,2022-01-01,2022,,,1,heart,all,age_standardised,national_estimate,hospital_plus_dco,inclusive,estimated,annual_age_standardised_rate,67.12542607054621,rate_per_100000,,,58.6616394776115,86.93838104946155,59.74250336211618,75.57118535878007,95,conditional_fay_feuer_gamma,,final,cvd_rates_v1_1_0,UN_WPP_2024,BRB,persons,2026-08-26,historical_estimate,WHO_WORLD_2000_2025,none,No disclosure restriction identified.,67.125
bnr_cvd_public_metric_v2,CVD-BURDEN-001,cvd_2024_05,quarterly,2022_q3,2022-07-01,2022,7,3,1,heart,all,all,hospital_registered,hospital_only,not_applicable,observed,quarterly_same_quarter_previous_5yr_mean,69.59999999999999,count,348,,,,,,,,5,final,,,,,,,,none,No disclosure restriction identified.,69.600
bnr_cvd_public_metric_v2,CVD-BURDEN-001,cvd_2024_05,quarterly,2022_q4,2022-10-01,2022,10,4,1,heart,all,all,hospital_registered,hospital_only,not_applicable,observed,quarterly_same_quarter_previous_5yr_mean,64.2,count,321,,,,,,,,5,final,,,,,,,,none,No disclosure restriction identified.,64.200
bnr_cvd_public_metric_v2,CVD-BURDEN-001,cvd_2024_05,annual,2022,2022-01-01,2022,,,1,heart,all,all,hospital_registered,hospital_only,not_applicable,observed,annual_count,240,count,240,,,,,,,,,final,,,,,,,,none,No disclosure restriction identified.,240.000
bnr_cvd_public_metric_v2,CVD-BURDEN-001,cvd_2024_05,quarterly,2022_q2,2022-04-01,2022,4,2,1,heart,all,all,hospital_registered,hospital_only,not_applicable,observed,quarterly_same_quarter_previous_5yr_mean,69.59999999999999,count,348,,,,,,,,5,final,,,,,,,,none,No disclosure restriction identified.,69.600
bnr_cvd_public_metric_v2,CVD-INCIDENCE-001,cvd_2024_05,annual,2022,2022-01-01,2022,,,1,heart,all,all,national_estimate,hospital_plus_dco,inclusive,estimated,annual_crude_rate,112.2919573542124,rate_per_100000,317.0204081632653,282318,98.11630855985096,145.4758624864675,100.2698049913972,125.3586367334724,95,conditional_gamma,,final,cvd_rates_v1_1_0,UN_WPP_2024,BRB,persons,2026-08-26,historical_estimate,WHO_WORLD_2000_2025,none,No disclosure restriction identified.,112.292
bnr_cvd_public_metric_v2,CVD-BURDEN-001,cvd_2024_05,annual,2022,2022-01-01,2022,,,1,heart,all,all,national_estimate,additional_dco,inclusive,estimated,annual_count,77.02040816326533,count,77.02040816326533,,37,170.7045454545454,,,,,,final,cvd_rates_v1_1_0,not_applicable,BRB,not_applicable,not_applicable,not_applicable,not_applicable,none,No disclosure restriction identified.,77.020
bnr_cvd_public_metric_v2,CVD-BURDEN-001,cvd_2024_05,quarterly,2022_q2,2022-04-01,2022,4,2,1,heart,all,all,hospital_registered,hospital_only,not_applicable,observed,quarterly_count,69,count,69,,,,,,,,,final,,,,,,,,none,No disclosure restriction identified.,69.000
bnr_cvd_public_metric_v2,CVD-INCIDENCE-001,cvd_2024_05,annual,2022,2022-01-01,2022,,,1,heart,all,all,hospital_registered,hospital_only,not_applicable,observed,annual_crude_rate,85.01052005185642,rate_per_100000,240,282318,,,74.59472229662335,96.47370179333156,95,poisson_exact_garwood,,final,cvd_rates_v1_1_0,UN_WPP_2024,BRB,persons,2026-08-26,historical_estimate,WHO_WORLD_2000_2025,none,No disclosure restriction identified.,85.011
bnr_cvd_public_metric_v2,CVD-INCIDENCE-001,cvd_2024_05,annual,2022,2022-01-01,2022,,,1,heart,all,all,national_estimate,hospital_plus_dco,primary,estimated,annual_crude_rate,102.1914828296635,rate_per_100000,288.5049504950495,282318,93.15736155682599,122.1239091300511,90.73850985642022,114.6899070376143,95,conditional_gamma,,final,cvd_rates_v1_1_0,UN_WPP_2024,BRB,persons,2026-08-26,historical_estimate,WHO_WORLD_2000_2025,none,No disclosure restriction identified.,102.191
bnr_cvd_public_metric_v2,CVD-BURDEN-001,cvd_2024_05,quarterly,2022_q1,2022-01-01,2022,1,1,1,heart,female,all,hospital_registered,hospital_only,not_applicable,observed,quarterly_same_quarter_previous_5yr_mean,27.2,count,136,,,,,,,,5,final,,,,,,,,none,No disclosure restriction identified.,27.200
bnr_cvd_public_metric_v2,CVD-BURDEN-001,cvd_2024_05,quarterly,2022_q3,2022-07-01,2022,7,3,1,heart,female,all,hospital_registered,hospital_only,not_applicable,observed,quarterly_same_quarter_previous_5yr_mean,34.2,count,171,,,,,,,,5,final,,,,,,,,none,No disclosure restriction identified.,34.200
bnr_cvd_public_metric_v2,CVD-BURDEN-001,cvd_2024_05,annual,2022,2022-01-01,2022,,,1,heart,female,all,national_estimate,hospital_plus_dco,primary,estimated,annual_count,126.0891089108911,count,126.0891089108911,,115,150.5555555555555,,,,,,final,cvd_rates_v1_1_0,not_applicable,BRB,not_applicable,not_applicable,not_applicable,not_applicable,none,No disclosure restriction identified.,126.089
bnr_cvd_public_metric_v2,CVD-BURDEN-001,cvd_2024_05,annual,2022,2022-01-01,2022,,,1,heart,female,all,national_estimate,additional_dco,inclusive,estimated,annual_count,31.22448979591837,count,31.22448979591837,,15,69.20454545454545,,,,,,final,cvd_rates_v1_1_0,not_applicable,BRB,not_applicable,not_applicable,not_applicable,not_applicable,none,No disclosure restriction identified.,31.224
bnr_cvd_public_metric_v2,CVD-BURDEN-001,cvd_2024_05,quarterly,2022_q2,2022-04-01,2022,4,2,1,heart,female,all,hospital_registered,hospital_only,not_applicable,observed,quarterly_count,30,count,30,,,,,,,,,final,,,,,,,,none,No disclosure restriction identified.,30.000
bnr_cvd_public_metric_v2,CVD-BURDEN-001,cvd_2024_05,annual,2022,2022-01-01,2022,,,1,heart,female,all,hospital_registered,hospital_only,not_applicable,observed,annual_previous_5yr_mean,120.4,count,602,,,,,,,,5,final,,,,,,,,none,No disclosure restriction identified.,120.400
bnr_cvd_public_metric_v2,CVD-BURDEN-001,cvd_2024_05,quarterly,2022_q4,2022-10-01,2022,10,4,1,heart,female,all,hospital_registered,hospital_only,not_applicable,observed,quarterly_same_quarter_previous_5yr_mean,28.4,count,142,,,,,,,,5,final,,,,,,,,none,No disclosure restriction identified.,28.400
bnr_cvd_public_metric_v2,CVD-BURDEN-001,cvd_2024_05,annual,2022,2022-01-01,2022,,,1,heart,female,all,hospital_registered,hospital_only,not_applicable,observed,annual_count,105,count,105,,,,,,,,,final,,,,,,,,none,No disclosure restriction identified.,105.000
bnr_cvd_public_metric_v2,CVD-BURDEN-001,cvd_2024_05,annual,2022,2022-01-01,2022,,,1,heart,female,all,national_estimate,hospital_plus_dco,inclusive,estimated,annual_count,136.2244897959184,count,136.2244897959184,,120,174.2045454545454,,,,,,final,cvd_rates_v1_1_0,not_applicable,BRB,not_applicable,not_applicable,not_applicable,not_applicable,none,No disclosure restriction identified.,136.224
bnr_cvd_public_metric_v2,CVD-BURDEN-001,cvd_2024_05,quarterly,2022_q4,2022-10-01,2022,10,4,1,heart,female,all,hospital_registered,hospital_only,not_applicable,observed,quarterly_count,22,count,22,,,,,,,,,final,,,,,,,,none,No disclosure restriction identified.,22.000
bnr_cvd_public_metric_v2,CVD-BURDEN-001,cvd_2024_05,quarterly,2022_q3,2022-07-01,2022,7,3,1,heart,female,all,hospital_registered,hospital_only,not_applicable,observed,quarterly_count,21,count,21,,,,,,,,,final,,,,,,,,none,No disclosure restriction identified.,21.000
bnr_cvd_public_metric_v2,CVD-INCIDENCE-001,cvd_2024_05,annual,2022,2022-01-01,2022,,,1,heart,female,all,hospital_registered,hospital_only,not_applicable,observed,annual_crude_rate,71.47403280317754,rate_per_100000,105,146906.5,,,58.45867767612602,86.52367449284822,95,poisson_exact_garwood,,final,cvd_rates_v1_1_0,UN_WPP_2024,BRB,persons,2026-08-26,historical_estimate,WHO_WORLD_2000_2025,none,No disclosure restriction identified.,71.474
bnr_cvd_public_metric_v2,CVD-INCIDENCE-001,cvd_2024_05,annual,2022,2022-01-01,2022,,,1,heart,female,all,national_estimate,hospital_plus_dco,primary,estimated,annual_crude_rate,85.82949625162338,rate_per_100000,126.0891089108911,146906.5,78.2810835463373,102.4839306331276,71.50309254727168,102.1846648548095,95,conditional_gamma,,final,cvd_rates_v1_1_0,UN_WPP_2024,BRB,persons,2026-08-26,historical_estimate,WHO_WORLD_2000_2025,none,No disclosure restriction identified.,85.829
bnr_cvd_public_metric_v2,CVD-INCIDENCE-001,cvd_2024_05,annual,2022,2022-01-01,2022,,,1,heart,female,age_standardised,hospital_registered,hospital_only,not_applicable,observed,annual_age_standardised_rate,38.7168995650384,rate_per_100000,,,,,31.41150615193688,48.24370405804292,95,fay_feuer_gamma,,final,cvd_rates_v1_1_0,UN_WPP_2024,BRB,persons,2026-08-26,historical_estimate,WHO_WORLD_2000_2025,none,No disclosure restriction identified.,38.717
bnr_cvd_public_metric_v2,CVD-BURDEN-002,cvd_2024_05,annual,2022,2022-01-01,2022,,,1,heart,female,all,hospital_registered,hospital_only,not_applicable,observed,sex_distribution,43.75,percent,105,240,,,,,,,,final,,,,,,,,none,No disclosure restriction identified.,43.750
bnr_cvd_public_metric_v2,CVD-BURDEN-001,cvd_2024_05,quarterly,2022_q2,2022-04-01,2022,4,2,1,heart,female,all,hospital_registered,hospital_only,not_applicable,observed,quarterly_same_quarter_previous_5yr_mean,30.6,count,153,,,,,,,,5,final,,,,,,,,none,No disclosure restriction identified.,30.600
bnr_cvd_public_metric_v2,CVD-INCIDENCE-001,cvd_2024_05,annual,2022,2022-01-01,2022,,,1,heart,female,age_standardised,national_estimate,hospital_plus_dco,inclusive,estimated,annual_age_standardised_rate,50.56177856088776,rate_per_100000,,,44.40708653363271,64.96935307923482,42.06928848378054,61.24692613272586,95,conditional_fay_feuer_gamma,,final,cvd_rates_v1_1_0,UN_WPP_2024,BRB,persons,2026-08-26,historical_estimate,WHO_WORLD_2000_2025,none,No disclosure restriction identified.,50.562
bnr_cvd_public_metric_v2,CVD-BURDEN-001,cvd_2024_05,quarterly,2022_q1,2022-01-01,2022,1,1,1,heart,female,all,hospital_registered,hospital_only,not_applicable,observed,quarterly_count,32,count,32,,,,,,,,,final,,,,,,,,none,No disclosure restriction identified.,32.000
bnr_cvd_public_metric_v2,CVD-BURDEN-001,cvd_2024_05,annual,2022,2022-01-01,2022,,,1,heart,female,all,national_estimate,additional_dco,primary,estimated,annual_count,21.08910891089109,count,21.08910891089109,,10,45.55555555555556,,,,,,final,cvd_rates_v1_1_0,not_applicable,BRB,not_applicable,not_applicable,not_applicable,not_applicable,none,No disclosure restriction identified.,21.089
bnr_cvd_public_metric_v2,CVD-INCIDENCE-001,cvd_2024_05,annual,2022,2022-01-01,2022,,,1,heart,female,all,national_estimate,hospital_plus_dco,inclusive,estimated,annual_crude_rate,92.72870145018661,rate_per_100000,136.2244897959184,146906.5,81.68460891791719,118.5819180598173,77.81145497073544,109.6725230695042,95,conditional_gamma,,final,cvd_rates_v1_1_0,UN_WPP_2024,BRB,persons,2026-08-26,historical_estimate,WHO_WORLD_2000_2025,none,No disclosure restriction identified.,92.729
bnr_cvd_public_metric_v2,CVD-INCIDENCE-001,cvd_2024_05,annual,2022,2022-01-01,2022,,,1,heart,female,age_standardised,national_estimate,hospital_plus_dco,primary,estimated,annual_age_standardised_rate,46.91284302862371,rate_per_100000,,,42.60323895387464,56.42133455862565,38.728311424001,57.30425882110229,95,conditional_fay_feuer_gamma,,final,cvd_rates_v1_1_0,UN_WPP_2024,BRB,persons,2026-08-26,historical_estimate,WHO_WORLD_2000_2025,none,No disclosure restriction identified.,46.913
bnr_cvd_public_metric_v2,CVD-BURDEN-001,cvd_2024_05,annual,2022,2022-01-01,2022,,,1,heart,male,all,hospital_registered,hospital_only,not_applicable,observed,annual_count,135,count,135,,,,,,,,,final,,,,,,,,none,No disclosure restriction identified.,135.000
bnr_cvd_public_metric_v2,CVD-BURDEN-001,cvd_2024_05,annual,2022,2022-01-01,2022,,,1,heart,male,all,national_estimate,hospital_plus_dco,inclusive,estimated,annual_count,180.7959183673469,count,180.7959183673469,,157,236.5,,,,,,final,cvd_rates_v1_1_0,not_applicable,BRB,not_applicable,not_applicable,not_applicable,not_applicable,none,No disclosure restriction identified.,180.796
bnr_cvd_public_metric_v2,CVD-BURDEN-001,cvd_2024_05,annual,2022,2022-01-01,2022,,,1,heart,male,all,national_estimate,hospital_plus_dco,primary,estimated,annual_count,162.4158415841584,count,162.4158415841584,,148,194.2222222222222,,,,,,final,cvd_rates_v1_1_0,not_applicable,BRB,not_applicable,not_applicable,not_applicable,not_applicable,none,No disclosure restriction identified.,162.416
bnr_cvd_public_metric_v2,CVD-BURDEN-001,cvd_2024_05,quarterly,2022_q1,2022-01-01,2022,1,1,1,heart,male,all,hospital_registered,hospital_only,not_applicable,observed,quarterly_same_quarter_previous_5yr_mean,37,count,185,,,,,,,,5,final,,,,,,,,none,No disclosure restriction identified.,37.000
bnr_cvd_public_metric_v2,CVD-INCIDENCE-001,cvd_2024_05,annual,2022,2022-01-01,2022,,,1,heart,male,all,national_estimate,hospital_plus_dco,inclusive,estimated,annual_crude_rate,133.515926171224,rate_per_100000,180.7959183673469,135411.5,115.9428852054663,174.6528175228839,114.7625718189043,154.4599145000879,95,conditional_gamma,,final,cvd_rates_v1_1_0,UN_WPP_2024,BRB,persons,2026-08-26,historical_estimate,WHO_WORLD_2000_2025,none,No disclosure restriction identified.,133.516
bnr_cvd_public_metric_v2,CVD-BURDEN-001,cvd_2024_05,annual,2022,2022-01-01,2022,,,1,heart,male,all,national_estimate,additional_dco,inclusive,estimated,annual_count,45.79591836734694,count,45.79591836734694,,22,101.5,,,,,,final,cvd_rates_v1_1_0,not_applicable,BRB,not_applicable,not_applicable,not_applicable,not_applicable,none,No disclosure restriction identified.,45.796
bnr_cvd_public_metric_v2,CVD-BURDEN-001,cvd_2024_05,quarterly,2022_q2,2022-04-01,2022,4,2,1,heart,male,all,hospital_registered,hospital_only,not_applicable,observed,quarterly_same_quarter_previous_5yr_mean,39,count,195,,,,,,,,5,final,,,,,,,,none,No disclosure restriction identified.,39.000
bnr_cvd_public_metric_v2,CVD-BURDEN-001,cvd_2024_05,quarterly,2022_q2,2022-04-01,2022,4,2,1,heart,male,all,hospital_registered,hospital_only,not_applicable,observed,quarterly_count,39,count,39,,,,,,,,,final,,,,,,,,none,No disclosure restriction identified.,39.000
bnr_cvd_public_metric_v2,CVD-BURDEN-001,cvd_2024_05,annual,2022,2022-01-01,2022,,,1,heart,male,all,hospital_registered,hospital_only,not_applicable,observed,annual_previous_5yr_mean,147.2,count,736,,,,,,,,5,final,,,,,,,,none,No disclosure restriction identified.,147.200
bnr_cvd_public_metric_v2,CVD-BURDEN-001,cvd_2024_05,quarterly,2022_q3,2022-07-01,2022,7,3,1,heart,male,all,hospital_registered,hospital_only,not_applicable,observed,quarterly_same_quarter_previous_5yr_mean,35.4,count,177,,,,,,,,5,final,,,,,,,,none,No disclosure restriction identified.,35.400
bnr_cvd_public_metric_v2,CVD-BURDEN-002,cvd_2024_05,annual,2022,2022-01-01,2022,,,1,heart,male,all,hospital_registered,hospital_only,not_applicable,observed,sex_distribution,56.25,percent,135,240,,,,,,,,final,,,,,,,,none,No disclosure restriction identified.,56.250
bnr_cvd_public_metric_v2,CVD-BURDEN-001,cvd_2024_05,quarterly,2022_q4,2022-10-01,2022,10,4,1,heart,male,all,hospital_registered,hospital_only,not_applicable,observed,quarterly_same_quarter_previous_5yr_mean,35.8,count,179,,,,,,,,5,final,,,,,,,,none,No disclosure restriction identified.,35.800
bnr_cvd_public_metric_v2,CVD-BURDEN-001,cvd_2024_05,quarterly,2022_q4,2022-10-01,2022,10,4,1,heart,male,all,hospital_registered,hospital_only,not_applicable,observed,quarterly_count,37,count,37,,,,,,,,,final,,,,,,,,none,No disclosure restriction identified.,37.000
bnr_cvd_public_metric_v2,CVD-BURDEN-001,cvd_2024_05,annual,2022,2022-01-01,2022,,,1,heart,male,all,national_estimate,additional_dco,primary,estimated,annual_count,27.41584158415841,count,27.41584158415841,,13,59.22222222222221,,,,,,final,cvd_rates_v1_1_0,not_applicable,BRB,not_applicable,not_applicable,not_applicable,not_applicable,none,No disclosure restriction identified.,27.416
bnr_cvd_public_metric_v2,CVD-BURDEN-001,cvd_2024_05,quarterly,2022_q3,2022-07-01,2022,7,3,1,heart,male,all,hospital_registered,hospital_only,not_applicable,observed,quarterly_count,27,count,27,,,,,,,,,final,,,,,,,,none,No disclosure restriction identified.,27.000
bnr_cvd_public_metric_v2,CVD-INCIDENCE-001,cvd_2024_05,annual,2022,2022-01-01,2022,,,1,heart,male,age_standardised,hospital_registered,hospital_only,not_applicable,observed,annual_age_standardised_rate,65.52038358928415,rate_per_100000,,,,,54.74045623646207,82.46974620649502,95,fay_feuer_gamma,,final,cvd_rates_v1_1_0,UN_WPP_2024,BRB,persons,2026-08-26,historical_estimate,WHO_WORLD_2000_2025,none,No disclosure restriction identified.,65.520
bnr_cvd_public_metric_v2,CVD-BURDEN-001,cvd_2024_05,quarterly,2022_q1,2022-01-01,2022,1,1,1,heart,male,all,hospital_registered,hospital_only,not_applicable,observed,quarterly_count,32,count,32,,,,,,,,,final,,,,,,,,none,No disclosure restriction identified.,32.000
bnr_cvd_public_metric_v2,CVD-INCIDENCE-001,cvd_2024_05,annual,2022,2022-01-01,2022,,,1,heart,male,all,hospital_registered,hospital_only,not_applicable,observed,annual_crude_rate,99.69611148240732,rate_per_100000,135,135411.5,,,83.5886919777584,118.0024137422545,95,poisson_exact_garwood,,final,cvd_rates_v1_1_0,UN_WPP_2024,BRB,persons,2026-08-26,historical_estimate,WHO_WORLD_2000_2025,none,No disclosure restriction identified.,99.696
bnr_cvd_public_metric_v2,CVD-INCIDENCE-001,cvd_2024_05,annual,2022,2022-01-01,2022,,,1,heart,male,age_standardised,national_estimate,hospital_plus_dco,primary,estimated,annual_age_standardised_rate,78.27772309899841,rate_per_100000,,,71.56963847417214,93.07810028710716,66.50706347575951,96.06480314152317,95,conditional_fay_feuer_gamma,,final,cvd_rates_v1_1_0,UN_WPP_2024,BRB,persons,2026-08-26,historical_estimate,WHO_WORLD_2000_2025,none,No disclosure restriction identified.,78.278
bnr_cvd_public_metric_v2,CVD-INCIDENCE-001,cvd_2024_05,annual,2022,2022-01-01,2022,,,1,heart,male,age_standardised,national_estimate,hospital_plus_dco,inclusive,estimated,annual_age_standardised_rate,89.89288046783422,rate_per_100000,,,77.22873993290133,119.5384821746089,76.85933149363274,108.8496571762598,95,conditional_fay_feuer_gamma,,final,cvd_rates_v1_1_0,UN_WPP_2024,BRB,persons,2026-08-26,historical_estimate,WHO_WORLD_2000_2025,none,No disclosure restriction identified.,89.893
bnr_cvd_public_metric_v2,CVD-INCIDENCE-001,cvd_2024_05,annual,2022,2022-01-01,2022,,,1,heart,male,all,national_estimate,hospital_plus_dco,primary,estimated,annual_crude_rate,119.9424285117279,rate_per_100000,162.4158415841584,135411.5,109.2964777733058,143.4311134742782,102.2053407709029,139.8730428336987,95,conditional_gamma,,final,cvd_rates_v1_1_0,UN_WPP_2024,BRB,persons,2026-08-26,historical_estimate,WHO_WORLD_2000_2025,none,No disclosure restriction identified.,119.942
bnr_cvd_public_metric_v2,CVD-BURDEN-001,cvd_2024_05,annual,2022,2022-01-01,2022,,,1,stroke,all,all,national_estimate,hospital_plus_dco,inclusive,estimated,annual_count,675.1632653061224,count,675.1632653061224,,620,804.2954545454545,,,,,,final,cvd_rates_v1_1_0,not_applicable,BRB,not_applicable,not_applicable,not_applicable,not_applicable,none,No disclosure restriction identified.,675.163
bnr_cvd_public_metric_v2,CVD-BURDEN-001,cvd_2024_05,quarterly,2022_q4,2022-10-01,2022,10,4,1,stroke,all,all,hospital_registered,hospital_only,not_applicable,observed,quarterly_count,148,count,148,,,,,,,,,final,,,,,,,,none,No disclosure restriction identified.,148.000
bnr_cvd_public_metric_v2,CVD-INCIDENCE-001,cvd_2024_05,annual,2022,2022-01-01,2022,,,1,stroke,all,age_standardised,hospital_registered,hospital_only,not_applicable,observed,annual_age_standardised_rate,121.2340848541826,rate_per_100000,,,,,111.1661252597735,132.3496857578114,95,fay_feuer_gamma,,final,cvd_rates_v1_1_0,UN_WPP_2024,BRB,persons,2026-08-26,historical_estimate,WHO_WORLD_2000_2025,none,No disclosure restriction identified.,121.234
bnr_cvd_public_metric_v2,CVD-BURDEN-001,cvd_2024_05,annual,2022,2022-01-01,2022,,,1,stroke,all,all,national_estimate,additional_dco,primary,estimated,annual_count,84.35643564356435,count,84.35643564356435,,40,182.2222222222222,,,,,,final,cvd_rates_v1_1_0,not_applicable,BRB,not_applicable,not_applicable,not_applicable,not_applicable,none,No disclosure restriction identified.,84.356
bnr_cvd_public_metric_v2,CVD-BURDEN-001,cvd_2024_05,annual,2022,2022-01-01,2022,,,1,stroke,all,all,national_estimate,hospital_plus_dco,primary,estimated,annual_count,653.3564356435644,count,653.3564356435644,,609,751.2222222222222,,,,,,final,cvd_rates_v1_1_0,not_applicable,BRB,not_applicable,not_applicable,not_applicable,not_applicable,none,No disclosure restriction identified.,653.356
bnr_cvd_public_metric_v2,CVD-BURDEN-001,cvd_2024_05,annual,2022,2022-01-01,2022,,,1,stroke,all,all,hospital_registered,hospital_only,not_applicable,observed,annual_previous_5yr_mean,561.6,count,2808,,,,,,,,5,final,,,,,,,,none,No disclosure restriction identified.,561.600
bnr_cvd_public_metric_v2,CVD-BURDEN-001,cvd_2024_05,quarterly,2022_q4,2022-10-01,2022,10,4,1,stroke,all,all,hospital_registered,hospital_only,not_applicable,observed,quarterly_same_quarter_previous_5yr_mean,129.2,count,646,,,,,,,,5,final,,,,,,,,none,No disclosure restriction identified.,129.200
bnr_cvd_public_metric_v2,CVD-INCIDENCE-001,cvd_2024_05,annual,2022,2022-01-01,2022,,,1,stroke,all,all,hospital_registered,hospital_only,not_applicable,observed,annual_crude_rate,201.5457746229429,rate_per_100000,569,282318,,,185.3235733567339,218.8076325322478,95,poisson_exact_garwood,,final,cvd_rates_v1_1_0,UN_WPP_2024,BRB,persons,2026-08-26,historical_estimate,WHO_WORLD_2000_2025,none,No disclosure restriction identified.,201.546
bnr_cvd_public_metric_v2,CVD-INCIDENCE-001,cvd_2024_05,annual,2022,2022-01-01,2022,,,1,stroke,all,age_standardised,national_estimate,hospital_plus_dco,primary,estimated,annual_age_standardised_rate,138.2400307756627,rate_per_100000,,,129.2979371455886,157.9694119594768,127.5183868204841,150.0021296444509,95,conditional_fay_feuer_gamma,,final,cvd_rates_v1_1_0,UN_WPP_2024,BRB,persons,2026-08-26,historical_estimate,WHO_WORLD_2000_2025,none,No disclosure restriction identified.,138.240
bnr_cvd_public_metric_v2,CVD-BURDEN-002,cvd_2024_05,annual,2022,2022-01-01,2022,,,1,stroke,all,all,hospital_registered,hospital_only,not_applicable,observed,event_type_distribution,70.33374536464771,percent,569,809,,,,,,,,final,,,,,,,,none,No disclosure restriction identified.,70.334
bnr_cvd_public_metric_v2,CVD-BURDEN-001,cvd_2024_05,quarterly,2022_q1,2022-01-01,2022,1,1,1,stroke,all,all,hospital_registered,hospital_only,not_applicable,observed,quarterly_count,148,count,148,,,,,,,,,final,,,,,,,,none,No disclosure restriction identified.,148.000
bnr_cvd_public_metric_v2,CVD-BURDEN-001,cvd_2024_05,quarterly,2022_q3,2022-07-01,2022,7,3,1,stroke,all,all,hospital_registered,hospital_only,not_applicable,observed,quarterly_same_quarter_previous_5yr_mean,142.4,count,712,,,,,,,,5,final,,,,,,,,none,No disclosure restriction identified.,142.400
bnr_cvd_public_metric_v2,CVD-BURDEN-001,cvd_2024_05,annual,2022,2022-01-01,2022,,,1,stroke,all,all,hospital_registered,hospital_only,not_applicable,observed,annual_count,569,count,569,,,,,,,,,final,,,,,,,,none,No disclosure restriction identified.,569.000
bnr_cvd_public_metric_v2,CVD-BURDEN-001,cvd_2024_05,quarterly,2022_q3,2022-07-01,2022,7,3,1,stroke,all,all,hospital_registered,hospital_only,not_applicable,observed,quarterly_count,146,count,146,,,,,,,,,final,,,,,,,,none,No disclosure restriction identified.,146.000
bnr_cvd_public_metric_v2,CVD-BURDEN-001,cvd_2024_05,quarterly,2022_q2,2022-04-01,2022,4,2,1,stroke,all,all,hospital_registered,hospital_only,not_applicable,observed,quarterly_same_quarter_previous_5yr_mean,141.2,count,706,,,,,,,,5,final,,,,,,,,none,No disclosure restriction identified.,141.200
bnr_cvd_public_metric_v2,CVD-BURDEN-001,cvd_2024_05,annual,2022,2022-01-01,2022,,,1,stroke,all,all,national_estimate,additional_dco,inclusive,estimated,annual_count,106.1632653061225,count,106.1632653061225,,51,235.2954545454546,,,,,,final,cvd_rates_v1_1_0,not_applicable,BRB,not_applicable,not_applicable,not_applicable,not_applicable,none,No disclosure restriction identified.,106.163
bnr_cvd_public_metric_v2,CVD-BURDEN-001,cvd_2024_05,quarterly,2022_q2,2022-04-01,2022,4,2,1,stroke,all,all,hospital_registered,hospital_only,not_applicable,observed,quarterly_count,127,count,127,,,,,,,,,final,,,,,,,,none,No disclosure restriction identified.,127.000
bnr_cvd_public_metric_v2,CVD-BURDEN-001,cvd_2024_05,quarterly,2022_q1,2022-01-01,2022,1,1,1,stroke,all,all,hospital_registered,hospital_only,not_applicable,observed,quarterly_same_quarter_previous_5yr_mean,148.8,count,744,,,,,,,,5,final,,,,,,,,none,No disclosure restriction identified.,148.800
bnr_cvd_public_metric_v2,CVD-INCIDENCE-001,cvd_2024_05,annual,2022,2022-01-01,2022,,,1,stroke,all,all,national_estimate,hospital_plus_dco,primary,estimated,annual_crude_rate,231.4257098886944,rate_per_100000,653.3564356435644,282318,215.7141946315856,266.0907991067598,214.0181950950477,249.8719211666608,95,conditional_gamma,,final,cvd_rates_v1_1_0,UN_WPP_2024,BRB,persons,2026-08-26,historical_estimate,WHO_WORLD_2000_2025,none,No disclosure restriction identified.,231.426
bnr_cvd_public_metric_v2,CVD-INCIDENCE-001,cvd_2024_05,annual,2022,2022-01-01,2022,,,1,stroke,all,all,national_estimate,hospital_plus_dco,inclusive,estimated,annual_crude_rate,239.1499179315957,rate_per_100000,675.1632653061224,282318,219.6105101339624,284.8898952760555,221.4486562771309,257.8896575064092,95,conditional_gamma,,final,cvd_rates_v1_1_0,UN_WPP_2024,BRB,persons,2026-08-26,historical_estimate,WHO_WORLD_2000_2025,none,No disclosure restriction identified.,239.150
bnr_cvd_public_metric_v2,CVD-INCIDENCE-001,cvd_2024_05,annual,2022,2022-01-01,2022,,,1,stroke,all,age_standardised,national_estimate,hospital_plus_dco,inclusive,estimated,annual_age_standardised_rate,143.0339664358594,rate_per_100000,,,131.7065769865567,169.5503553739997,132.1188997083188,154.9889323349242,95,conditional_fay_feuer_gamma,,final,cvd_rates_v1_1_0,UN_WPP_2024,BRB,persons,2026-08-26,historical_estimate,WHO_WORLD_2000_2025,none,No disclosure restriction identified.,143.034
bnr_cvd_public_metric_v2,CVD-INCIDENCE-001,cvd_2024_05,annual,2022,2022-01-01,2022,,,1,stroke,female,all,national_estimate,hospital_plus_dco,inclusive,estimated,annual_crude_rate,232.9400548189856,rate_per_100000,342.2040816326531,146906.5,213.0606882609006,279.4758447163208,208.9107184016575,258.9753327544178,95,conditional_gamma,,final,cvd_rates_v1_1_0,UN_WPP_2024,BRB,persons,2026-08-26,historical_estimate,WHO_WORLD_2000_2025,none,No disclosure restriction identified.,232.940
bnr_cvd_public_metric_v2,CVD-BURDEN-001,cvd_2024_05,annual,2022,2022-01-01,2022,,,1,stroke,female,all,national_estimate,hospital_plus_dco,primary,estimated,annual_count,326.0693069306931,count,326.0693069306931,,305,372.5555555555555,,,,,,final,cvd_rates_v1_1_0,not_applicable,BRB,not_applicable,not_applicable,not_applicable,not_applicable,none,No disclosure restriction identified.,326.069
bnr_cvd_public_metric_v2,CVD-BURDEN-001,cvd_2024_05,quarterly,2022_q4,2022-10-01,2022,10,4,1,stroke,female,all,hospital_registered,hospital_only,not_applicable,observed,quarterly_count,78,count,78,,,,,,,,,final,,,,,,,,none,No disclosure restriction identified.,78.000
bnr_cvd_public_metric_v2,CVD-BURDEN-001,cvd_2024_05,quarterly,2022_q1,2022-01-01,2022,1,1,1,stroke,female,all,hospital_registered,hospital_only,not_applicable,observed,quarterly_same_quarter_previous_5yr_mean,76.59999999999999,count,383,,,,,,,,5,final,,,,,,,,none,No disclosure restriction identified.,76.600
bnr_cvd_public_metric_v2,CVD-INCIDENCE-001,cvd_2024_05,annual,2022,2022-01-01,2022,,,1,stroke,female,all,national_estimate,hospital_plus_dco,primary,estimated,annual_crude_rate,221.9570318064164,rate_per_100000,326.0693069306931,146906.5,207.6150476663728,253.6004571312743,198.5166996706638,247.404172199255,95,conditional_gamma,,final,cvd_rates_v1_1_0,UN_WPP_2024,BRB,persons,2026-08-26,historical_estimate,WHO_WORLD_2000_2025,none,No disclosure restriction identified.,221.957
bnr_cvd_public_metric_v2,CVD-INCIDENCE-001,cvd_2024_05,annual,2022,2022-01-01,2022,,,1,stroke,female,age_standardised,national_estimate,hospital_plus_dco,primary,estimated,annual_age_standardised_rate,120.2011635091668,rate_per_100000,,,113.3769815977825,135.2576918533323,106.8965231245601,135.5951488275705,95,conditional_fay_feuer_gamma,,final,cvd_rates_v1_1_0,UN_WPP_2024,BRB,persons,2026-08-26,historical_estimate,WHO_WORLD_2000_2025,none,No disclosure restriction identified.,120.201
bnr_cvd_public_metric_v2,CVD-BURDEN-001,cvd_2024_05,quarterly,2022_q2,2022-04-01,2022,4,2,1,stroke,female,all,hospital_registered,hospital_only,not_applicable,observed,quarterly_count,67,count,67,,,,,,,,,final,,,,,,,,none,No disclosure restriction identified.,67.000
bnr_cvd_public_metric_v2,CVD-INCIDENCE-001,cvd_2024_05,annual,2022,2022-01-01,2022,,,1,stroke,female,age_standardised,national_estimate,hospital_plus_dco,inclusive,estimated,annual_age_standardised_rate,125.9935339177113,rate_per_100000,,,116.2402338176817,148.8251227882349,112.3762461404795,141.6943844903479,95,conditional_fay_feuer_gamma,,final,cvd_rates_v1_1_0,UN_WPP_2024,BRB,persons,2026-08-26,historical_estimate,WHO_WORLD_2000_2025,none,No disclosure restriction identified.,125.994
bnr_cvd_public_metric_v2,CVD-BURDEN-001,cvd_2024_05,annual,2022,2022-01-01,2022,,,1,stroke,female,all,national_estimate,additional_dco,inclusive,estimated,annual_count,56.20408163265307,count,56.20408163265307,,27,124.5681818181818,,,,,,final,cvd_rates_v1_1_0,not_applicable,BRB,not_applicable,not_applicable,not_applicable,not_applicable,none,No disclosure restriction identified.,56.204
bnr_cvd_public_metric_v2,CVD-INCIDENCE-001,cvd_2024_05,annual,2022,2022-01-01,2022,,,1,stroke,female,age_standardised,hospital_registered,hospital_only,not_applicable,observed,annual_age_standardised_rate,107.2230318384092,rate_per_100000,,,,,94.56284610669731,121.9966139816576,95,fay_feuer_gamma,,final,cvd_rates_v1_1_0,UN_WPP_2024,BRB,persons,2026-08-26,historical_estimate,WHO_WORLD_2000_2025,none,No disclosure restriction identified.,107.223
bnr_cvd_public_metric_v2,CVD-BURDEN-001,cvd_2024_05,annual,2022,2022-01-01,2022,,,1,stroke,female,all,hospital_registered,hospital_only,not_applicable,observed,annual_previous_5yr_mean,286.8,count,1434,,,,,,,,5,final,,,,,,,,none,No disclosure restriction identified.,286.800
bnr_cvd_public_metric_v2,CVD-BURDEN-002,cvd_2024_05,annual,2022,2022-01-01,2022,,,1,stroke,female,all,hospital_registered,hospital_only,not_applicable,observed,sex_distribution,50.26362038664324,percent,286,569,,,,,,,,final,,,,,,,,none,No disclosure restriction identified.,50.264
bnr_cvd_public_metric_v2,CVD-BURDEN-001,cvd_2024_05,quarterly,2022_q4,2022-10-01,2022,10,4,1,stroke,female,all,hospital_registered,hospital_only,not_applicable,observed,quarterly_same_quarter_previous_5yr_mean,65.59999999999999,count,328,,,,,,,,5,final,,,,,,,,none,No disclosure restriction identified.,65.600
bnr_cvd_public_metric_v2,CVD-BURDEN-001,cvd_2024_05,annual,2022,2022-01-01,2022,,,1,stroke,female,all,hospital_registered,hospital_only,not_applicable,observed,annual_count,286,count,286,,,,,,,,,final,,,,,,,,none,No disclosure restriction identified.,286.000
bnr_cvd_public_metric_v2,CVD-INCIDENCE-001,cvd_2024_05,annual,2022,2022-01-01,2022,,,1,stroke,female,all,hospital_registered,hospital_only,not_applicable,observed,annual_crude_rate,194.6816512543693,rate_per_100000,286,146906.5,,,172.7704881165017,218.6020819010122,95,poisson_exact_garwood,,final,cvd_rates_v1_1_0,UN_WPP_2024,BRB,persons,2026-08-26,historical_estimate,WHO_WORLD_2000_2025,none,No disclosure restriction identified.,194.682
bnr_cvd_public_metric_v2,CVD-BURDEN-001,cvd_2024_05,quarterly,2022_q3,2022-07-01,2022,7,3,1,stroke,female,all,hospital_registered,hospital_only,not_applicable,observed,quarterly_same_quarter_previous_5yr_mean,69.40000000000001,count,347,,,,,,,,5,final,,,,,,,,none,No disclosure restriction identified.,69.400
bnr_cvd_public_metric_v2,CVD-BURDEN-001,cvd_2024_05,quarterly,2022_q2,2022-04-01,2022,4,2,1,stroke,female,all,hospital_registered,hospital_only,not_applicable,observed,quarterly_same_quarter_previous_5yr_mean,75.2,count,376,,,,,,,,5,final,,,,,,,,none,No disclosure restriction identified.,75.200
bnr_cvd_public_metric_v2,CVD-BURDEN-001,cvd_2024_05,annual,2022,2022-01-01,2022,,,1,stroke,female,all,national_estimate,hospital_plus_dco,inclusive,estimated,annual_count,342.2040816326531,count,342.2040816326531,,313,410.5681818181818,,,,,,final,cvd_rates_v1_1_0,not_applicable,BRB,not_applicable,not_applicable,not_applicable,not_applicable,none,No disclosure restriction identified.,342.204
bnr_cvd_public_metric_v2,CVD-BURDEN-001,cvd_2024_05,annual,2022,2022-01-01,2022,,,1,stroke,female,all,national_estimate,additional_dco,primary,estimated,annual_count,40.06930693069307,count,40.06930693069307,,19,86.55555555555557,,,,,,final,cvd_rates_v1_1_0,not_applicable,BRB,not_applicable,not_applicable,not_applicable,not_applicable,none,No disclosure restriction identified.,40.069
bnr_cvd_public_metric_v2,CVD-BURDEN-001,cvd_2024_05,quarterly,2022_q1,2022-01-01,2022,1,1,1,stroke,female,all,hospital_registered,hospital_only,not_applicable,observed,quarterly_count,75,count,75,,,,,,,,,final,,,,,,,,none,No disclosure restriction identified.,75.000
bnr_cvd_public_metric_v2,CVD-BURDEN-001,cvd_2024_05,quarterly,2022_q3,2022-07-01,2022,7,3,1,stroke,female,all,hospital_registered,hospital_only,not_applicable,observed,quarterly_count,66,count,66,,,,,,,,,final,,,,,,,,none,No disclosure restriction identified.,66.000
bnr_cvd_public_metric_v2,CVD-BURDEN-001,cvd_2024_05,quarterly,2022_q4,2022-10-01,2022,10,4,1,stroke,male,all,hospital_registered,hospital_only,not_applicable,observed,quarterly_same_quarter_previous_5yr_mean,63.6,count,318,,,,,,,,5,final,,,,,,,,none,No disclosure restriction identified.,63.600
bnr_cvd_public_metric_v2,CVD-BURDEN-001,cvd_2024_05,annual,2022,2022-01-01,2022,,,1,stroke,male,all,national_estimate,hospital_plus_dco,primary,estimated,annual_count,327.2871287128713,count,327.2871287128713,,304,378.6666666666667,,,,,,final,cvd_rates_v1_1_0,not_applicable,BRB,not_applicable,not_applicable,not_applicable,not_applicable,none,No disclosure restriction identified.,327.287
bnr_cvd_public_metric_v2,CVD-BURDEN-001,cvd_2024_05,quarterly,2022_q2,2022-04-01,2022,4,2,1,stroke,male,all,hospital_registered,hospital_only,not_applicable,observed,quarterly_count,60,count,60,,,,,,,,,final,,,,,,,,none,No disclosure restriction identified.,60.000
bnr_cvd_public_metric_v2,CVD-BURDEN-001,cvd_2024_05,annual,2022,2022-01-01,2022,,,1,stroke,male,all,national_estimate,additional_dco,primary,estimated,annual_count,44.28712871287129,count,44.28712871287129,,21,95.66666666666667,,,,,,final,cvd_rates_v1_1_0,not_applicable,BRB,not_applicable,not_applicable,not_applicable,not_applicable,none,No disclosure restriction identified.,44.287
bnr_cvd_public_metric_v2,CVD-BURDEN-001,cvd_2024_05,quarterly,2022_q3,2022-07-01,2022,7,3,1,stroke,male,all,hospital_registered,hospital_only,not_applicable,observed,quarterly_count,80,count,80,,,,,,,,,final,,,,,,,,none,No disclosure restriction identified.,80.000
bnr_cvd_public_metric_v2,CVD-INCIDENCE-001,cvd_2024_05,annual,2022,2022-01-01,2022,,,1,stroke,male,age_standardised,hospital_registered,hospital_only,not_applicable,observed,annual_age_standardised_rate,139.536362818208,rate_per_100000,,,,,123.1165417722621,161.5778933888609,95,fay_feuer_gamma,,final,cvd_rates_v1_1_0,UN_WPP_2024,BRB,persons,2026-08-26,historical_estimate,WHO_WORLD_2000_2025,none,No disclosure restriction identified.,139.536
bnr_cvd_public_metric_v2,CVD-INCIDENCE-001,cvd_2024_05,annual,2022,2022-01-01,2022,,,1,stroke,male,all,national_estimate,hospital_plus_dco,inclusive,estimated,annual_crude_rate,245.886932552604,rate_per_100000,332.9591836734694,135411.5,226.7163424081411,290.7635412998695,220.1820050543785,273.7686152021748,95,conditional_gamma,,final,cvd_rates_v1_1_0,UN_WPP_2024,BRB,persons,2026-08-26,historical_estimate,WHO_WORLD_2000_2025,none,No disclosure restriction identified.,245.887
bnr_cvd_public_metric_v2,CVD-BURDEN-002,cvd_2024_05,annual,2022,2022-01-01,2022,,,1,stroke,male,all,hospital_registered,hospital_only,not_applicable,observed,sex_distribution,49.73637961335677,percent,283,569,,,,,,,,final,,,,,,,,none,No disclosure restriction identified.,49.736
bnr_cvd_public_metric_v2,CVD-BURDEN-001,cvd_2024_05,annual,2022,2022-01-01,2022,,,1,stroke,male,all,national_estimate,additional_dco,inclusive,estimated,annual_count,49.95918367346939,count,49.95918367346939,,24,110.7272727272727,,,,,,final,cvd_rates_v1_1_0,not_applicable,BRB,not_applicable,not_applicable,not_applicable,not_applicable,none,No disclosure restriction identified.,49.959
bnr_cvd_public_metric_v2,CVD-BURDEN-001,cvd_2024_05,annual,2022,2022-01-01,2022,,,1,stroke,male,all,hospital_registered,hospital_only,not_applicable,observed,annual_count,283,count,283,,,,,,,,,final,,,,,,,,none,No disclosure restriction identified.,283.000
bnr_cvd_public_metric_v2,CVD-BURDEN-001,cvd_2024_05,quarterly,2022_q1,2022-01-01,2022,1,1,1,stroke,male,all,hospital_registered,hospital_only,not_applicable,observed,quarterly_count,73,count,73,,,,,,,,,final,,,,,,,,none,No disclosure restriction identified.,73.000
bnr_cvd_public_metric_v2,CVD-BURDEN-001,cvd_2024_05,annual,2022,2022-01-01,2022,,,1,stroke,male,all,national_estimate,hospital_plus_dco,inclusive,estimated,annual_count,332.9591836734694,count,332.9591836734694,,307,393.7272727272727,,,,,,final,cvd_rates_v1_1_0,not_applicable,BRB,not_applicable,not_applicable,not_applicable,not_applicable,none,No disclosure restriction identified.,332.959
bnr_cvd_public_metric_v2,CVD-INCIDENCE-001,cvd_2024_05,annual,2022,2022-01-01,2022,,,1,stroke,male,age_standardised,national_estimate,hospital_plus_dco,inclusive,estimated,annual_age_standardised_rate,163.7332874044794,rate_per_100000,,,151.1603756096521,193.1653309241888,145.9887950940177,186.9983926299281,95,conditional_fay_feuer_gamma,,final,cvd_rates_v1_1_0,UN_WPP_2024,BRB,persons,2026-08-26,historical_estimate,WHO_WORLD_2000_2025,none,No disclosure restriction identified.,163.733
bnr_cvd_public_metric_v2,CVD-BURDEN-001,cvd_2024_05,annual,2022,2022-01-01,2022,,,1,stroke,male,all,hospital_registered,hospital_only,not_applicable,observed,annual_previous_5yr_mean,274.8,count,1374,,,,,,,,5,final,,,,,,,,none,No disclosure restriction identified.,274.800
bnr_cvd_public_metric_v2,CVD-BURDEN-001,cvd_2024_05,quarterly,2022_q4,2022-10-01,2022,10,4,1,stroke,male,all,hospital_registered,hospital_only,not_applicable,observed,quarterly_count,70,count,70,,,,,,,,,final,,,,,,,,none,No disclosure restriction identified.,70.000
bnr_cvd_public_metric_v2,CVD-BURDEN-001,cvd_2024_05,quarterly,2022_q1,2022-01-01,2022,1,1,1,stroke,male,all,hospital_registered,hospital_only,not_applicable,observed,quarterly_same_quarter_previous_5yr_mean,72.2,count,361,,,,,,,,5,final,,,,,,,,none,No disclosure restriction identified.,72.200
bnr_cvd_public_metric_v2,CVD-BURDEN-001,cvd_2024_05,quarterly,2022_q3,2022-07-01,2022,7,3,1,stroke,male,all,hospital_registered,hospital_only,not_applicable,observed,quarterly_same_quarter_previous_5yr_mean,73,count,365,,,,,,,,5,final,,,,,,,,none,No disclosure restriction identified.,73.000
bnr_cvd_public_metric_v2,CVD-BURDEN-001,cvd_2024_05,quarterly,2022_q2,2022-04-01,2022,4,2,1,stroke,male,all,hospital_registered,hospital_only,not_applicable,observed,quarterly_same_quarter_previous_5yr_mean,66,count,330,,,,,,,,5,final,,,,,,,,none,No disclosure restriction identified.,66.000
bnr_cvd_public_metric_v2,CVD-INCIDENCE-001,cvd_2024_05,annual,2022,2022-01-01,2022,,,1,stroke,male,all,hospital_registered,hospital_only,not_applicable,observed,annual_crude_rate,208.9925892557131,rate_per_100000,283,135411.5,,,185.3501579791683,234.815075651847,95,poisson_exact_garwood,,final,cvd_rates_v1_1_0,UN_WPP_2024,BRB,persons,2026-08-26,historical_estimate,WHO_WORLD_2000_2025,none,No disclosure restriction identified.,208.993
bnr_cvd_public_metric_v2,CVD-INCIDENCE-001,cvd_2024_05,annual,2022,2022-01-01,2022,,,1,stroke,male,age_standardised,national_estimate,hospital_plus_dco,primary,estimated,annual_age_standardised_rate,161.3893475914636,rate_per_100000,,,149.8985762552917,186.7420018093669,143.7480297902903,184.561222574484,95,conditional_fay_feuer_gamma,,final,cvd_rates_v1_1_0,UN_WPP_2024,BRB,persons,2026-08-26,historical_estimate,WHO_WORLD_2000_2025,none,No disclosure restriction identified.,161.389
bnr_cvd_public_metric_v2,CVD-INCIDENCE-001,cvd_2024_05,annual,2022,2022-01-01,2022,,,1,stroke,male,all,national_estimate,hospital_plus_dco,primary,estimated,annual_crude_rate,241.6981783030771,rate_per_100000,327.2871287128713,135411.5,224.5008732640876,279.6414386271969,216.2192355632731,269.3542126581338,95,conditional_gamma,,final,cvd_rates_v1_1_0,UN_WPP_2024,BRB,persons,2026-08-26,historical_estimate,WHO_WORLD_2000_2025,none,No disclosure restriction identified.,241.698
bnr_cvd_public_metric_v2,CVD-INCIDENCE-001,cvd_2024_05,annual,2023,2023-01-01,2023,,,1,all_cvd,all,all,national_estimate,hospital_plus_dco,primary,estimated,annual_crude_rate,355.6870388967524,rate_per_100000,1004.232558139535,282336,331.1657032755298,412.2747364841891,334.0256070579264,378.3845021499652,95,conditional_gamma,,final,cvd_rates_v1_1_0,UN_WPP_2024,BRB,persons,2026-08-26,historical_estimate,WHO_WORLD_2000_2025,none,No disclosure restriction identified.,355.687
bnr_cvd_public_metric_v2,CVD-BURDEN-001,cvd_2024_05,monthly,2023_m01,2023-01-01,2023,1,,1,all_cvd,all,all,hospital_registered,hospital_only,not_applicable,observed,monthly_count,90,count,90,,,,,,,,,final,,,,,,,,none,No disclosure restriction identified.,90.000
bnr_cvd_public_metric_v2,CVD-BURDEN-002,cvd_2024_05,annual,2023,2023-01-01,2023,,,1,all_cvd,all,age_70_plus,hospital_registered,hospital_only,not_applicable,observed,age_distribution,50.68965517241379,percent,441,870,,,,,,,,final,,,,,,,,none,No disclosure restriction identified.,50.690
bnr_cvd_public_metric_v2,CVD-BURDEN-001,cvd_2024_05,monthly,2023_m10,2023-10-01,2023,10,,1,all_cvd,all,all,hospital_registered,hospital_only,not_applicable,observed,monthly_count,65,count,65,,,,,,,,,final,,,,,,,,none,No disclosure restriction identified.,65.000
bnr_cvd_public_metric_v2,CVD-BURDEN-001,cvd_2024_05,monthly,2023_m02,2023-02-01,2023,2,,1,all_cvd,all,all,hospital_registered,hospital_only,not_applicable,observed,monthly_count,65,count,65,,,,,,,,,final,,,,,,,,none,No disclosure restriction identified.,65.000
bnr_cvd_public_metric_v2,CVD-BURDEN-001,cvd_2024_05,quarterly,2023_q4,2023-10-01,2023,10,4,1,all_cvd,all,all,hospital_registered,hospital_only,not_applicable,observed,quarterly_same_quarter_previous_5yr_mean,192,count,960,,,,,,,,5,final,,,,,,,,none,No disclosure restriction identified.,192.000
bnr_cvd_public_metric_v2,CVD-BURDEN-001,cvd_2024_05,annual,2023,2023-01-01,2023,,,1,all_cvd,all,all,national_estimate,additional_dco,inclusive,estimated,annual_count,202.5975975975976,count,202.5975975975976,,103,424.9999999999999,,,,,,final,cvd_rates_v1_1_0,not_applicable,BRB,not_applicable,not_applicable,not_applicable,not_applicable,none,No disclosure restriction identified.,202.598
bnr_cvd_public_metric_v2,CVD-INCIDENCE-001,cvd_2024_05,annual,2023,2023-01-01,2023,,,1,all_cvd,all,all,hospital_registered,hospital_only,not_applicable,observed,annual_crude_rate,308.1434886093165,rate_per_100000,870,282336,,,288.0051680719503,329.3186474032436,95,poisson_exact_garwood,,final,cvd_rates_v1_1_0,UN_WPP_2024,BRB,persons,2026-08-26,historical_estimate,WHO_WORLD_2000_2025,none,No disclosure restriction identified.,308.143
bnr_cvd_public_metric_v2,CVD-BURDEN-001,cvd_2024_05,monthly,2023_m04,2023-04-01,2023,4,,1,all_cvd,all,all,hospital_registered,hospital_only,not_applicable,observed,monthly_count,75,count,75,,,,,,,,,final,,,,,,,,none,No disclosure restriction identified.,75.000
bnr_cvd_public_metric_v2,CVD-BURDEN-001,cvd_2024_05,annual,2023,2023-01-01,2023,,,1,all_cvd,all,all,national_estimate,hospital_plus_dco,primary,estimated,annual_count,1004.232558139535,count,1004.232558139535,,935,1164,,,,,,final,cvd_rates_v1_1_0,not_applicable,BRB,not_applicable,not_applicable,not_applicable,not_applicable,none,No disclosure restriction identified.,1004.233
bnr_cvd_public_metric_v2,CVD-BURDEN-001,cvd_2024_05,quarterly,2023_q4,2023-10-01,2023,10,4,1,all_cvd,all,all,hospital_registered,hospital_only,not_applicable,observed,quarterly_count,212,count,212,,,,,,,,,final,,,,,,,,none,No disclosure restriction identified.,212.000
bnr_cvd_public_metric_v2,CVD-BURDEN-001,cvd_2024_05,quarterly,2023_q3,2023-07-01,2023,7,3,1,all_cvd,all,all,hospital_registered,hospital_only,not_applicable,observed,quarterly_count,208,count,208,,,,,,,,,final,,,,,,,,none,No disclosure restriction identified.,208.000
bnr_cvd_public_metric_v2,CVD-BURDEN-001,cvd_2024_05,quarterly,2023_q1,2023-01-01,2023,1,1,1,all_cvd,all,all,hospital_registered,hospital_only,not_applicable,observed,quarterly_count,215,count,215,,,,,,,,,final,,,,,,,,none,No disclosure restriction identified.,215.000
bnr_cvd_public_metric_v2,CVD-BURDEN-001,cvd_2024_05,monthly,2023_m03,2023-03-01,2023,3,,1,all_cvd,all,all,hospital_registered,hospital_only,not_applicable,observed,monthly_count,60,count,60,,,,,,,,,final,,,,,,,,none,No disclosure restriction identified.,60.000
bnr_cvd_public_metric_v2,CVD-BURDEN-001,cvd_2024_05,monthly,2023_m05,2023-05-01,2023,5,,1,all_cvd,all,all,hospital_registered,hospital_only,not_applicable,observed,monthly_count,86,count,86,,,,,,,,,final,,,,,,,,none,No disclosure restriction identified.,86.000
bnr_cvd_public_metric_v2,CVD-BURDEN-001,cvd_2024_05,annual,2023,2023-01-01,2023,,,1,all_cvd,all,age_70_plus,hospital_registered,hospital_only,not_applicable,observed,annual_previous_5yr_mean,412.4,count,2062,,,,,,,,5,final,,,,,,,,none,No disclosure restriction identified.,412.400
bnr_cvd_public_metric_v2,CVD-BURDEN-002,cvd_2024_05,annual,2023,2023-01-01,2023,,,1,all_cvd,all,under_70,hospital_registered,hospital_only,not_applicable,observed,age_distribution,49.31034482758621,percent,429,870,,,,,,,,final,,,,,,,,none,No disclosure restriction identified.,49.310
bnr_cvd_public_metric_v2,CVD-BURDEN-001,cvd_2024_05,quarterly,2023_q3,2023-07-01,2023,7,3,1,all_cvd,all,all,hospital_registered,hospital_only,not_applicable,observed,quarterly_same_quarter_previous_5yr_mean,213,count,1065,,,,,,,,5,final,,,,,,,,none,No disclosure restriction identified.,213.000
bnr_cvd_public_metric_v2,CVD-BURDEN-001,cvd_2024_05,annual,2023,2023-01-01,2023,,,1,all_cvd,all,all,national_estimate,additional_dco,primary,estimated,annual_count,134.2325581395349,count,134.2325581395349,,65,293.9999999999999,,,,,,final,cvd_rates_v1_1_0,not_applicable,BRB,not_applicable,not_applicable,not_applicable,not_applicable,none,No disclosure restriction identified.,134.233
bnr_cvd_public_metric_v2,CVD-BURDEN-001,cvd_2024_05,monthly,2023_m08,2023-08-01,2023,8,,1,all_cvd,all,all,hospital_registered,hospital_only,not_applicable,observed,monthly_count,70,count,70,,,,,,,,,final,,,,,,,,none,No disclosure restriction identified.,70.000
bnr_cvd_public_metric_v2,CVD-BURDEN-001,cvd_2024_05,monthly,2023_m07,2023-07-01,2023,7,,1,all_cvd,all,all,hospital_registered,hospital_only,not_applicable,observed,monthly_count,75,count,75,,,,,,,,,final,,,,,,,,none,No disclosure restriction identified.,75.000
bnr_cvd_public_metric_v2,CVD-BURDEN-001,cvd_2024_05,annual,2023,2023-01-01,2023,,,1,all_cvd,all,all,national_estimate,hospital_plus_dco,inclusive,estimated,annual_count,1072.597597597598,count,1072.597597597598,,973,1295,,,,,,final,cvd_rates_v1_1_0,not_applicable,BRB,not_applicable,not_applicable,not_applicable,not_applicable,none,No disclosure restriction identified.,1072.598
bnr_cvd_public_metric_v2,CVD-INCIDENCE-001,cvd_2024_05,annual,2023,2023-01-01,2023,,,1,all_cvd,all,age_standardised,national_estimate,hospital_plus_dco,primary,estimated,annual_age_standardised_rate,211.0297324973021,rate_per_100000,,,197.0412066122018,243.310946078303,197.7506046253933,225.3405673903118,95,conditional_fay_feuer_gamma,,final,cvd_rates_v1_1_0,UN_WPP_2024,BRB,persons,2026-08-26,historical_estimate,WHO_WORLD_2000_2025,none,No disclosure restriction identified.,211.030
bnr_cvd_public_metric_v2,CVD-BURDEN-001,cvd_2024_05,monthly,2023_m12,2023-12-01,2023,12,,1,all_cvd,all,all,hospital_registered,hospital_only,not_applicable,observed,monthly_count,76,count,76,,,,,,,,,final,,,,,,,,none,No disclosure restriction identified.,76.000
bnr_cvd_public_metric_v2,CVD-BURDEN-001,cvd_2024_05,quarterly,2023_q1,2023-01-01,2023,1,1,1,all_cvd,all,all,hospital_registered,hospital_only,not_applicable,observed,quarterly_same_quarter_previous_5yr_mean,211.2,count,1056,,,,,,,,5,final,,,,,,,,none,No disclosure restriction identified.,211.200
bnr_cvd_public_metric_v2,CVD-INCIDENCE-001,cvd_2024_05,annual,2023,2023-01-01,2023,,,1,all_cvd,all,age_standardised,national_estimate,hospital_plus_dco,inclusive,estimated,annual_age_standardised_rate,224.2160848649637,rate_per_100000,,,204.4004455461354,268.464599848755,210.5716647912636,238.8878549009944,95,conditional_fay_feuer_gamma,,final,cvd_rates_v1_1_0,UN_WPP_2024,BRB,persons,2026-08-26,historical_estimate,WHO_WORLD_2000_2025,none,No disclosure restriction identified.,224.216
bnr_cvd_public_metric_v2,CVD-INCIDENCE-001,cvd_2024_05,annual,2023,2023-01-01,2023,,,1,all_cvd,all,age_standardised,hospital_registered,hospital_only,not_applicable,observed,annual_age_standardised_rate,183.9078744493347,rate_per_100000,,,,,171.506849002477,197.345139833127,95,fay_feuer_gamma,,final,cvd_rates_v1_1_0,UN_WPP_2024,BRB,persons,2026-08-26,historical_estimate,WHO_WORLD_2000_2025,none,No disclosure restriction identified.,183.908
bnr_cvd_public_metric_v2,CVD-BURDEN-001,cvd_2024_05,annual,2023,2023-01-01,2023,,,1,all_cvd,all,under_70,hospital_registered,hospital_only,not_applicable,observed,annual_count,429,count,429,,,,,,,,,final,,,,,,,,none,No disclosure restriction identified.,429.000
bnr_cvd_public_metric_v2,CVD-BURDEN-001,cvd_2024_05,quarterly,2023_q2,2023-04-01,2023,4,2,1,all_cvd,all,all,hospital_registered,hospital_only,not_applicable,observed,quarterly_count,235,count,235,,,,,,,,,final,,,,,,,,none,No disclosure restriction identified.,235.000
bnr_cvd_public_metric_v2,CVD-BURDEN-001,cvd_2024_05,quarterly,2023_q2,2023-04-01,2023,4,2,1,all_cvd,all,all,hospital_registered,hospital_only,not_applicable,observed,quarterly_same_quarter_previous_5yr_mean,210.4,count,1052,,,,,,,,5,final,,,,,,,,none,No disclosure restriction identified.,210.400
bnr_cvd_public_metric_v2,CVD-BURDEN-001,cvd_2024_05,annual,2023,2023-01-01,2023,,,1,all_cvd,all,age_70_plus,hospital_registered,hospital_only,not_applicable,observed,annual_count,441,count,441,,,,,,,,,final,,,,,,,,none,No disclosure restriction identified.,441.000
bnr_cvd_public_metric_v2,CVD-BURDEN-001,cvd_2024_05,monthly,2023_m11,2023-11-01,2023,11,,1,all_cvd,all,all,hospital_registered,hospital_only,not_applicable,observed,monthly_count,71,count,71,,,,,,,,,final,,,,,,,,none,No disclosure restriction identified.,71.000
bnr_cvd_public_metric_v2,CVD-BURDEN-001,cvd_2024_05,annual,2023,2023-01-01,2023,,,1,all_cvd,all,all,hospital_registered,hospital_only,not_applicable,observed,annual_count,870,count,870,,,,,,,,,final,,,,,,,,none,No disclosure restriction identified.,870.000
bnr_cvd_public_metric_v2,CVD-INCIDENCE-001,cvd_2024_05,annual,2023,2023-01-01,2023,,,1,all_cvd,all,all,national_estimate,hospital_plus_dco,inclusive,estimated,annual_crude_rate,379.9011098824088,rate_per_100000,1072.597597597598,282336,344.6248441573161,458.6733537345575,357.5031402261309,403.3347593722142,95,conditional_gamma,,final,cvd_rates_v1_1_0,UN_WPP_2024,BRB,persons,2026-08-26,historical_estimate,WHO_WORLD_2000_2025,none,No disclosure restriction identified.,379.901
bnr_cvd_public_metric_v2,CVD-BURDEN-001,cvd_2024_05,annual,2023,2023-01-01,2023,,,1,all_cvd,all,all,hospital_registered,hospital_only,not_applicable,observed,annual_previous_5yr_mean,826.6,count,4133,,,,,,,,5,final,,,,,,,,none,No disclosure restriction identified.,826.600
bnr_cvd_public_metric_v2,CVD-BURDEN-001,cvd_2024_05,annual,2023,2023-01-01,2023,,,1,all_cvd,all,under_70,hospital_registered,hospital_only,not_applicable,observed,annual_previous_5yr_mean,414.2,count,2071,,,,,,,,5,final,,,,,,,,none,No disclosure restriction identified.,414.200
bnr_cvd_public_metric_v2,CVD-BURDEN-001,cvd_2024_05,monthly,2023_m06,2023-06-01,2023,6,,1,all_cvd,all,all,hospital_registered,hospital_only,not_applicable,observed,monthly_count,74,count,74,,,,,,,,,final,,,,,,,,none,No disclosure restriction identified.,74.000
bnr_cvd_public_metric_v2,CVD-BURDEN-001,cvd_2024_05,monthly,2023_m09,2023-09-01,2023,9,,1,all_cvd,all,all,hospital_registered,hospital_only,not_applicable,observed,monthly_count,63,count,63,,,,,,,,,final,,,,,,,,none,No disclosure restriction identified.,63.000
bnr_cvd_public_metric_v2,CVD-BURDEN-001,cvd_2024_05,quarterly,2023_q1,2023-01-01,2023,1,1,1,all_cvd,female,all,hospital_registered,hospital_only,not_applicable,observed,quarterly_same_quarter_previous_5yr_mean,103,count,515,,,,,,,,5,final,,,,,,,,none,No disclosure restriction identified.,103.000
bnr_cvd_public_metric_v2,CVD-BURDEN-001,cvd_2024_05,quarterly,2023_q3,2023-07-01,2023,7,3,1,all_cvd,female,all,hospital_registered,hospital_only,not_applicable,observed,quarterly_count,98,count,98,,,,,,,,,final,,,,,,,,none,No disclosure restriction identified.,98.000
bnr_cvd_public_metric_v2,CVD-BURDEN-001,cvd_2024_05,quarterly,2023_q1,2023-01-01,2023,1,1,1,all_cvd,female,all,hospital_registered,hospital_only,not_applicable,observed,quarterly_count,108,count,108,,,,,,,,,final,,,,,,,,none,No disclosure restriction identified.,108.000
bnr_cvd_public_metric_v2,CVD-INCIDENCE-001,cvd_2024_05,annual,2023,2023-01-01,2023,,,1,all_cvd,female,all,hospital_registered,hospital_only,not_applicable,observed,annual_crude_rate,283.7284779702187,rate_per_100000,417,146971.5,,,257.1463238170123,312.3123471683589,95,poisson_exact_garwood,,final,cvd_rates_v1_1_0,UN_WPP_2024,BRB,persons,2026-08-26,historical_estimate,WHO_WORLD_2000_2025,none,No disclosure restriction identified.,283.728
bnr_cvd_public_metric_v2,CVD-BURDEN-001,cvd_2024_05,annual,2023,2023-01-01,2023,,,1,all_cvd,female,all,national_estimate,additional_dco,inclusive,estimated,annual_count,90.48048048048047,count,90.48048048048047,,46,189.8058252427184,,,,,,final,cvd_rates_v1_1_0,not_applicable,BRB,not_applicable,not_applicable,not_applicable,not_applicable,none,No disclosure restriction identified.,90.480
bnr_cvd_public_metric_v2,CVD-BURDEN-001,cvd_2024_05,annual,2023,2023-01-01,2023,,,1,all_cvd,female,all,national_estimate,hospital_plus_dco,inclusive,estimated,annual_count,507.4804804804805,count,507.4804804804805,,463,606.8058252427185,,,,,,final,cvd_rates_v1_1_0,not_applicable,BRB,not_applicable,not_applicable,not_applicable,not_applicable,none,No disclosure restriction identified.,507.480
bnr_cvd_public_metric_v2,CVD-BURDEN-001,cvd_2024_05,quarterly,2023_q4,2023-10-01,2023,10,4,1,all_cvd,female,all,hospital_registered,hospital_only,not_applicable,observed,quarterly_count,105,count,105,,,,,,,,,final,,,,,,,,none,No disclosure restriction identified.,105.000
bnr_cvd_public_metric_v2,CVD-BURDEN-001,cvd_2024_05,quarterly,2023_q2,2023-04-01,2023,4,2,1,all_cvd,female,all,hospital_registered,hospital_only,not_applicable,observed,quarterly_same_quarter_previous_5yr_mean,105.6,count,528,,,,,,,,5,final,,,,,,,,none,No disclosure restriction identified.,105.600
bnr_cvd_public_metric_v2,CVD-INCIDENCE-001,cvd_2024_05,annual,2023,2023-01-01,2023,,,1,all_cvd,female,age_standardised,hospital_registered,hospital_only,not_applicable,observed,annual_age_standardised_rate,151.1986439242303,rate_per_100000,,,,,136.3176475628893,168.1472922599871,95,fay_feuer_gamma,,final,cvd_rates_v1_1_0,UN_WPP_2024,BRB,persons,2026-08-26,historical_estimate,WHO_WORLD_2000_2025,none,No disclosure restriction identified.,151.199
bnr_cvd_public_metric_v2,CVD-BURDEN-002,cvd_2024_05,annual,2023,2023-01-01,2023,,,1,all_cvd,female,all,hospital_registered,hospital_only,not_applicable,observed,sex_distribution,47.93103448275862,percent,417,870,,,,,,,,final,,,,,,,,none,No disclosure restriction identified.,47.931
bnr_cvd_public_metric_v2,CVD-BURDEN-001,cvd_2024_05,annual,2023,2023-01-01,2023,,,1,all_cvd,female,all,hospital_registered,hospital_only,not_applicable,observed,annual_previous_5yr_mean,401.8,count,2009,,,,,,,,5,final,,,,,,,,none,No disclosure restriction identified.,401.800
bnr_cvd_public_metric_v2,CVD-BURDEN-001,cvd_2024_05,annual,2023,2023-01-01,2023,,,1,all_cvd,female,all,national_estimate,hospital_plus_dco,primary,estimated,annual_count,470.693023255814,count,470.693023255814,,443,534.6,,,,,,final,cvd_rates_v1_1_0,not_applicable,BRB,not_applicable,not_applicable,not_applicable,not_applicable,none,No disclosure restriction identified.,470.693
bnr_cvd_public_metric_v2,CVD-INCIDENCE-001,cvd_2024_05,annual,2023,2023-01-01,2023,,,1,all_cvd,female,age_standardised,national_estimate,hospital_plus_dco,inclusive,estimated,annual_age_standardised_rate,180.5892177032704,rate_per_100000,,,166.1407218912843,212.8528491280939,164.4738693586669,198.7420585363954,95,conditional_fay_feuer_gamma,,final,cvd_rates_v1_1_0,UN_WPP_2024,BRB,persons,2026-08-26,historical_estimate,WHO_WORLD_2000_2025,none,No disclosure restriction identified.,180.589
bnr_cvd_public_metric_v2,CVD-BURDEN-001,cvd_2024_05,quarterly,2023_q2,2023-04-01,2023,4,2,1,all_cvd,female,all,hospital_registered,hospital_only,not_applicable,observed,quarterly_count,106,count,106,,,,,,,,,final,,,,,,,,none,No disclosure restriction identified.,106.000
bnr_cvd_public_metric_v2,CVD-BURDEN-001,cvd_2024_05,quarterly,2023_q3,2023-07-01,2023,7,3,1,all_cvd,female,all,hospital_registered,hospital_only,not_applicable,observed,quarterly_same_quarter_previous_5yr_mean,102.8,count,514,,,,,,,,5,final,,,,,,,,none,No disclosure restriction identified.,102.800
bnr_cvd_public_metric_v2,CVD-BURDEN-001,cvd_2024_05,annual,2023,2023-01-01,2023,,,1,all_cvd,female,all,national_estimate,additional_dco,primary,estimated,annual_count,53.69302325581396,count,53.69302325581396,,26,117.6,,,,,,final,cvd_rates_v1_1_0,not_applicable,BRB,not_applicable,not_applicable,not_applicable,not_applicable,none,No disclosure restriction identified.,53.693
bnr_cvd_public_metric_v2,CVD-INCIDENCE-001,cvd_2024_05,annual,2023,2023-01-01,2023,,,1,all_cvd,female,age_standardised,national_estimate,hospital_plus_dco,primary,estimated,annual_age_standardised_rate,169.098772365814,rate_per_100000,,,159.866498912835,190.4040187957656,153.4217639103931,186.8268638836665,95,conditional_fay_feuer_gamma,,final,cvd_rates_v1_1_0,UN_WPP_2024,BRB,persons,2026-08-26,historical_estimate,WHO_WORLD_2000_2025,none,No disclosure restriction identified.,169.099
bnr_cvd_public_metric_v2,CVD-INCIDENCE-001,cvd_2024_05,annual,2023,2023-01-01,2023,,,1,all_cvd,female,all,national_estimate,hospital_plus_dco,inclusive,estimated,annual_crude_rate,345.2917609743933,rate_per_100000,507.4804804804805,146971.5,315.027063070051,412.8731252268082,315.899599034628,376.6826271418046,95,conditional_gamma,,final,cvd_rates_v1_1_0,UN_WPP_2024,BRB,persons,2026-08-26,historical_estimate,WHO_WORLD_2000_2025,none,No disclosure restriction identified.,345.292
bnr_cvd_public_metric_v2,CVD-BURDEN-001,cvd_2024_05,quarterly,2023_q4,2023-10-01,2023,10,4,1,all_cvd,female,all,hospital_registered,hospital_only,not_applicable,observed,quarterly_same_quarter_previous_5yr_mean,90.40000000000001,count,452,,,,,,,,5,final,,,,,,,,none,No disclosure restriction identified.,90.400
bnr_cvd_public_metric_v2,CVD-INCIDENCE-001,cvd_2024_05,annual,2023,2023-01-01,2023,,,1,all_cvd,female,all,national_estimate,hospital_plus_dco,primary,estimated,annual_crude_rate,320.2614270493354,rate_per_100000,470.693023255814,146971.5,301.418982591863,363.7439911819638,291.9788069284278,350.5438709098775,95,conditional_gamma,,final,cvd_rates_v1_1_0,UN_WPP_2024,BRB,persons,2026-08-26,historical_estimate,WHO_WORLD_2000_2025,none,No disclosure restriction identified.,320.261
bnr_cvd_public_metric_v2,CVD-BURDEN-001,cvd_2024_05,annual,2023,2023-01-01,2023,,,1,all_cvd,female,all,hospital_registered,hospital_only,not_applicable,observed,annual_count,417,count,417,,,,,,,,,final,,,,,,,,none,No disclosure restriction identified.,417.000
bnr_cvd_public_metric_v2,CVD-BURDEN-001,cvd_2024_05,annual,2023,2023-01-01,2023,,,1,all_cvd,male,all,hospital_registered,hospital_only,not_applicable,observed,annual_count,453,count,453,,,,,,,,,final,,,,,,,,none,No disclosure restriction identified.,453.000
bnr_cvd_public_metric_v2,CVD-BURDEN-001,cvd_2024_05,annual,2023,2023-01-01,2023,,,1,all_cvd,male,all,national_estimate,additional_dco,primary,estimated,annual_count,80.53953488372095,count,80.53953488372095,,39,176.4,,,,,,final,cvd_rates_v1_1_0,not_applicable,BRB,not_applicable,not_applicable,not_applicable,not_applicable,none,No disclosure restriction identified.,80.540
bnr_cvd_public_metric_v2,CVD-BURDEN-001,cvd_2024_05,annual,2023,2023-01-01,2023,,,1,all_cvd,male,all,hospital_registered,hospital_only,not_applicable,observed,annual_previous_5yr_mean,424.8,count,2124,,,,,,,,5,final,,,,,,,,none,No disclosure restriction identified.,424.800
bnr_cvd_public_metric_v2,CVD-BURDEN-002,cvd_2024_05,annual,2023,2023-01-01,2023,,,1,all_cvd,male,all,hospital_registered,hospital_only,not_applicable,observed,sex_distribution,52.06896551724138,percent,453,870,,,,,,,,final,,,,,,,,none,No disclosure restriction identified.,52.069
bnr_cvd_public_metric_v2,CVD-BURDEN-001,cvd_2024_05,quarterly,2023_q3,2023-07-01,2023,7,3,1,all_cvd,male,all,hospital_registered,hospital_only,not_applicable,observed,quarterly_same_quarter_previous_5yr_mean,110.2,count,551,,,,,,,,5,final,,,,,,,,none,No disclosure restriction identified.,110.200
bnr_cvd_public_metric_v2,CVD-BURDEN-001,cvd_2024_05,quarterly,2023_q1,2023-01-01,2023,1,1,1,all_cvd,male,all,hospital_registered,hospital_only,not_applicable,observed,quarterly_same_quarter_previous_5yr_mean,108.2,count,541,,,,,,,,5,final,,,,,,,,none,No disclosure restriction identified.,108.200
bnr_cvd_public_metric_v2,CVD-BURDEN-001,cvd_2024_05,quarterly,2023_q3,2023-07-01,2023,7,3,1,all_cvd,male,all,hospital_registered,hospital_only,not_applicable,observed,quarterly_count,110,count,110,,,,,,,,,final,,,,,,,,none,No disclosure restriction identified.,110.000
bnr_cvd_public_metric_v2,CVD-INCIDENCE-001,cvd_2024_05,annual,2023,2023-01-01,2023,,,1,all_cvd,male,all,national_estimate,hospital_plus_dco,primary,estimated,annual_crude_rate,394.150264569899,rate_per_100000,533.539534883721,135364.5,363.4630940904004,464.9668118302804,361.4107269350154,429.059103635993,95,conditional_gamma,,final,cvd_rates_v1_1_0,UN_WPP_2024,BRB,persons,2026-08-26,historical_estimate,WHO_WORLD_2000_2025,none,No disclosure restriction identified.,394.150
bnr_cvd_public_metric_v2,CVD-BURDEN-001,cvd_2024_05,quarterly,2023_q4,2023-10-01,2023,10,4,1,all_cvd,male,all,hospital_registered,hospital_only,not_applicable,observed,quarterly_count,107,count,107,,,,,,,,,final,,,,,,,,none,No disclosure restriction identified.,107.000
bnr_cvd_public_metric_v2,CVD-BURDEN-001,cvd_2024_05,quarterly,2023_q4,2023-10-01,2023,10,4,1,all_cvd,male,all,hospital_registered,hospital_only,not_applicable,observed,quarterly_same_quarter_previous_5yr_mean,101.6,count,508,,,,,,,,5,final,,,,,,,,none,No disclosure restriction identified.,101.600
bnr_cvd_public_metric_v2,CVD-INCIDENCE-001,cvd_2024_05,annual,2023,2023-01-01,2023,,,1,all_cvd,male,age_standardised,national_estimate,hospital_plus_dco,inclusive,estimated,annual_age_standardised_rate,279.9534368585827,rate_per_100000,,,252.5367535603814,341.1751568448574,256.5287272220331,311.385845917277,95,conditional_fay_feuer_gamma,,final,cvd_rates_v1_1_0,UN_WPP_2024,BRB,persons,2026-08-26,historical_estimate,WHO_WORLD_2000_2025,none,No disclosure restriction identified.,279.953
bnr_cvd_public_metric_v2,CVD-INCIDENCE-001,cvd_2024_05,annual,2023,2023-01-01,2023,,,1,all_cvd,male,age_standardised,hospital_registered,hospital_only,not_applicable,observed,annual_age_standardised_rate,224.1834754911235,rate_per_100000,,,,,203.3618234720923,253.2371301453099,95,fay_feuer_gamma,,final,cvd_rates_v1_1_0,UN_WPP_2024,BRB,persons,2026-08-26,historical_estimate,WHO_WORLD_2000_2025,none,No disclosure restriction identified.,224.183
bnr_cvd_public_metric_v2,CVD-INCIDENCE-001,cvd_2024_05,annual,2023,2023-01-01,2023,,,1,all_cvd,male,all,national_estimate,hospital_plus_dco,inclusive,estimated,annual_crude_rate,417.4780811195824,rate_per_100000,565.1171171171171,135364.5,376.7605243620004,508.4007806753481,383.7629070440315,453.3616796893747,95,conditional_gamma,,final,cvd_rates_v1_1_0,UN_WPP_2024,BRB,persons,2026-08-26,historical_estimate,WHO_WORLD_2000_2025,none,No disclosure restriction identified.,417.478
bnr_cvd_public_metric_v2,CVD-INCIDENCE-001,cvd_2024_05,annual,2023,2023-01-01,2023,,,1,all_cvd,male,age_standardised,national_estimate,hospital_plus_dco,primary,estimated,annual_age_standardised_rate,264.7136964532879,rate_per_100000,,,243.8095960020815,312.9539282637639,241.8972703050638,295.5928223050062,95,conditional_fay_feuer_gamma,,final,cvd_rates_v1_1_0,UN_WPP_2024,BRB,persons,2026-08-26,historical_estimate,WHO_WORLD_2000_2025,none,No disclosure restriction identified.,264.714
bnr_cvd_public_metric_v2,CVD-BURDEN-001,cvd_2024_05,quarterly,2023_q1,2023-01-01,2023,1,1,1,all_cvd,male,all,hospital_registered,hospital_only,not_applicable,observed,quarterly_count,107,count,107,,,,,,,,,final,,,,,,,,none,No disclosure restriction identified.,107.000
bnr_cvd_public_metric_v2,CVD-BURDEN-001,cvd_2024_05,annual,2023,2023-01-01,2023,,,1,all_cvd,male,all,national_estimate,hospital_plus_dco,inclusive,estimated,annual_count,565.1171171171171,count,565.1171171171171,,510,688.1941747572815,,,,,,final,cvd_rates_v1_1_0,not_applicable,BRB,not_applicable,not_applicable,not_applicable,not_applicable,none,No disclosure restriction identified.,565.117
bnr_cvd_public_metric_v2,CVD-BURDEN-001,cvd_2024_05,annual,2023,2023-01-01,2023,,,1,all_cvd,male,all,national_estimate,additional_dco,inclusive,estimated,annual_count,112.1171171171171,count,112.1171171171171,,57,235.1941747572815,,,,,,final,cvd_rates_v1_1_0,not_applicable,BRB,not_applicable,not_applicable,not_applicable,not_applicable,none,No disclosure restriction identified.,112.117
bnr_cvd_public_metric_v2,CVD-BURDEN-001,cvd_2024_05,quarterly,2023_q2,2023-04-01,2023,4,2,1,all_cvd,male,all,hospital_registered,hospital_only,not_applicable,observed,quarterly_same_quarter_previous_5yr_mean,104.8,count,524,,,,,,,,5,final,,,,,,,,none,No disclosure restriction identified.,104.800
bnr_cvd_public_metric_v2,CVD-BURDEN-001,cvd_2024_05,annual,2023,2023-01-01,2023,,,1,all_cvd,male,all,national_estimate,hospital_plus_dco,primary,estimated,annual_count,533.539534883721,count,533.539534883721,,492,629.4,,,,,,final,cvd_rates_v1_1_0,not_applicable,BRB,not_applicable,not_applicable,not_applicable,not_applicable,none,No disclosure restriction identified.,533.540
bnr_cvd_public_metric_v2,CVD-BURDEN-001,cvd_2024_05,quarterly,2023_q2,2023-04-01,2023,4,2,1,all_cvd,male,all,hospital_registered,hospital_only,not_applicable,observed,quarterly_count,129,count,129,,,,,,,,,final,,,,,,,,none,No disclosure restriction identified.,129.000
bnr_cvd_public_metric_v2,CVD-INCIDENCE-001,cvd_2024_05,annual,2023,2023-01-01,2023,,,1,all_cvd,male,all,hospital_registered,hospital_only,not_applicable,observed,annual_crude_rate,334.6519951686004,rate_per_100000,453,135364.5,,,304.5404101465439,366.9355177321985,95,poisson_exact_garwood,,final,cvd_rates_v1_1_0,UN_WPP_2024,BRB,persons,2026-08-26,historical_estimate,WHO_WORLD_2000_2025,none,No disclosure restriction identified.,334.652
bnr_cvd_public_metric_v2,CVD-INCIDENCE-001,cvd_2024_05,annual,2023,2023-01-01,2023,,,1,heart,all,age_standardised,national_estimate,hospital_plus_dco,primary,estimated,annual_age_standardised_rate,64.53193092766439,rate_per_100000,,,58.36185259760523,78.77057322780092,57.20378681117198,72.93837673098379,95,conditional_fay_feuer_gamma,,final,cvd_rates_v1_1_0,UN_WPP_2024,BRB,persons,2026-08-26,historical_estimate,WHO_WORLD_2000_2025,none,No disclosure restriction identified.,64.532
bnr_cvd_public_metric_v2,CVD-BURDEN-001,cvd_2024_05,quarterly,2023_q4,2023-10-01,2023,10,4,1,heart,all,all,hospital_registered,hospital_only,not_applicable,observed,quarterly_count,74,count,74,,,,,,,,,final,,,,,,,,none,No disclosure restriction identified.,74.000
bnr_cvd_public_metric_v2,CVD-BURDEN-001,cvd_2024_05,annual,2023,2023-01-01,2023,,,1,heart,all,all,hospital_registered,hospital_only,not_applicable,observed,annual_count,246,count,246,,,,,,,,,final,,,,,,,,none,No disclosure restriction identified.,246.000
bnr_cvd_public_metric_v2,CVD-INCIDENCE-001,cvd_2024_05,annual,2023,2023-01-01,2023,,,1,heart,all,age_standardised,hospital_registered,hospital_only,not_applicable,observed,annual_age_standardised_rate,52.56898429645798,rate_per_100000,,,,,46.02554970906901,60.19382179578795,95,fay_feuer_gamma,,final,cvd_rates_v1_1_0,UN_WPP_2024,BRB,persons,2026-08-26,historical_estimate,WHO_WORLD_2000_2025,none,No disclosure restriction identified.,52.569
bnr_cvd_public_metric_v2,CVD-BURDEN-001,cvd_2024_05,annual,2023,2023-01-01,2023,,,1,heart,all,all,national_estimate,hospital_plus_dco,primary,estimated,annual_count,301.7581395348838,count,301.7581395348838,,273,368.123076923077,,,,,,final,cvd_rates_v1_1_0,not_applicable,BRB,not_applicable,not_applicable,not_applicable,not_applicable,none,No disclosure restriction identified.,301.758
bnr_cvd_public_metric_v2,CVD-BURDEN-001,cvd_2024_05,quarterly,2023_q1,2023-01-01,2023,1,1,1,heart,all,all,hospital_registered,hospital_only,not_applicable,observed,quarterly_count,55,count,55,,,,,,,,,final,,,,,,,,none,No disclosure restriction identified.,55.000
bnr_cvd_public_metric_v2,CVD-INCIDENCE-001,cvd_2024_05,annual,2023,2023-01-01,2023,,,1,heart,all,age_standardised,national_estimate,hospital_plus_dco,inclusive,estimated,annual_age_standardised_rate,68.79845245499297,rate_per_100000,,,60.8199963526292,86.6144223923101,61.27147629643305,77.39608445053074,95,conditional_fay_feuer_gamma,,final,cvd_rates_v1_1_0,UN_WPP_2024,BRB,persons,2026-08-26,historical_estimate,WHO_WORLD_2000_2025,none,No disclosure restriction identified.,68.798
bnr_cvd_public_metric_v2,CVD-BURDEN-001,cvd_2024_05,quarterly,2023_q3,2023-07-01,2023,7,3,1,heart,all,all,hospital_registered,hospital_only,not_applicable,observed,quarterly_same_quarter_previous_5yr_mean,66.40000000000001,count,332,,,,,,,,5,final,,,,,,,,none,No disclosure restriction identified.,66.400
bnr_cvd_public_metric_v2,CVD-BURDEN-002,cvd_2024_05,annual,2023,2023-01-01,2023,,,1,heart,all,all,hospital_registered,hospital_only,not_applicable,observed,event_type_distribution,28.27586206896552,percent,246,870,,,,,,,,final,,,,,,,,none,No disclosure restriction identified.,28.276
bnr_cvd_public_metric_v2,CVD-INCIDENCE-001,cvd_2024_05,annual,2023,2023-01-01,2023,,,1,heart,all,all,national_estimate,hospital_plus_dco,inclusive,estimated,annual_crude_rate,114.9972652012774,rate_per_100000,324.6786786786787,282336,101.2977445313386,145.588427862306,102.8274386537379,128.2113248290521,95,conditional_gamma,,final,cvd_rates_v1_1_0,UN_WPP_2024,BRB,persons,2026-08-26,historical_estimate,WHO_WORLD_2000_2025,none,No disclosure restriction identified.,114.997
bnr_cvd_public_metric_v2,CVD-BURDEN-001,cvd_2024_05,annual,2023,2023-01-01,2023,,,1,heart,all,all,national_estimate,additional_dco,primary,estimated,annual_count,55.75813953488374,count,55.75813953488374,,27,122.123076923077,,,,,,final,cvd_rates_v1_1_0,not_applicable,BRB,not_applicable,not_applicable,not_applicable,not_applicable,none,No disclosure restriction identified.,55.758
bnr_cvd_public_metric_v2,CVD-BURDEN-001,cvd_2024_05,quarterly,2023_q2,2023-04-01,2023,4,2,1,heart,all,all,hospital_registered,hospital_only,not_applicable,observed,quarterly_count,63,count,63,,,,,,,,,final,,,,,,,,none,No disclosure restriction identified.,63.000
bnr_cvd_public_metric_v2,CVD-BURDEN-001,cvd_2024_05,annual,2023,2023-01-01,2023,,,1,heart,all,all,national_estimate,additional_dco,inclusive,estimated,annual_count,78.67867867867868,count,78.67867867867868,,40,165.0485436893204,,,,,,final,cvd_rates_v1_1_0,not_applicable,BRB,not_applicable,not_applicable,not_applicable,not_applicable,none,No disclosure restriction identified.,78.679
bnr_cvd_public_metric_v2,CVD-BURDEN-001,cvd_2024_05,annual,2023,2023-01-01,2023,,,1,heart,all,all,hospital_registered,hospital_only,not_applicable,observed,annual_previous_5yr_mean,260,count,1300,,,,,,,,5,final,,,,,,,,none,No disclosure restriction identified.,260.000
bnr_cvd_public_metric_v2,CVD-BURDEN-001,cvd_2024_05,quarterly,2023_q2,2023-04-01,2023,4,2,1,heart,all,all,hospital_registered,hospital_only,not_applicable,observed,quarterly_same_quarter_previous_5yr_mean,71.2,count,356,,,,,,,,5,final,,,,,,,,none,No disclosure restriction identified.,71.200
bnr_cvd_public_metric_v2,CVD-BURDEN-001,cvd_2024_05,quarterly,2023_q4,2023-10-01,2023,10,4,1,heart,all,all,hospital_registered,hospital_only,not_applicable,observed,quarterly_same_quarter_previous_5yr_mean,60,count,300,,,,,,,,5,final,,,,,,,,none,No disclosure restriction identified.,60.000
bnr_cvd_public_metric_v2,CVD-INCIDENCE-001,cvd_2024_05,annual,2023,2023-01-01,2023,,,1,heart,all,all,national_estimate,hospital_plus_dco,primary,estimated,annual_crude_rate,106.8790871638345,rate_per_100000,301.7581395348838,282336,96.69330159809589,130.3847461616928,95.1589801590578,119.6441330463632,95,conditional_gamma,,final,cvd_rates_v1_1_0,UN_WPP_2024,BRB,persons,2026-08-26,historical_estimate,WHO_WORLD_2000_2025,none,No disclosure restriction identified.,106.879
bnr_cvd_public_metric_v2,CVD-BURDEN-001,cvd_2024_05,annual,2023,2023-01-01,2023,,,1,heart,all,all,national_estimate,hospital_plus_dco,inclusive,estimated,annual_count,324.6786786786787,count,324.6786786786787,,286,411.0485436893204,,,,,,final,cvd_rates_v1_1_0,not_applicable,BRB,not_applicable,not_applicable,not_applicable,not_applicable,none,No disclosure restriction identified.,324.679
bnr_cvd_public_metric_v2,CVD-BURDEN-001,cvd_2024_05,quarterly,2023_q1,2023-01-01,2023,1,1,1,heart,all,all,hospital_registered,hospital_only,not_applicable,observed,quarterly_same_quarter_previous_5yr_mean,62.4,count,312,,,,,,,,5,final,,,,,,,,none,No disclosure restriction identified.,62.400
bnr_cvd_public_metric_v2,CVD-BURDEN-001,cvd_2024_05,quarterly,2023_q3,2023-07-01,2023,7,3,1,heart,all,all,hospital_registered,hospital_only,not_applicable,observed,quarterly_count,54,count,54,,,,,,,,,final,,,,,,,,none,No disclosure restriction identified.,54.000
bnr_cvd_public_metric_v2,CVD-INCIDENCE-001,cvd_2024_05,annual,2023,2023-01-01,2023,,,1,heart,all,all,hospital_registered,hospital_only,not_applicable,observed,annual_crude_rate,87.13022781366882,rate_per_100000,246,282336,,,76.58144789833906,98.72605546873517,95,poisson_exact_garwood,,final,cvd_rates_v1_1_0,UN_WPP_2024,BRB,persons,2026-08-26,historical_estimate,WHO_WORLD_2000_2025,none,No disclosure restriction identified.,87.130
bnr_cvd_public_metric_v2,CVD-BURDEN-001,cvd_2024_05,annual,2023,2023-01-01,2023,,,1,heart,female,all,hospital_registered,hospital_only,not_applicable,observed,annual_previous_5yr_mean,115.2,count,576,,,,,,,,5,final,,,,,,,,none,No disclosure restriction identified.,115.200
bnr_cvd_public_metric_v2,CVD-INCIDENCE-001,cvd_2024_05,annual,2023,2023-01-01,2023,,,1,heart,female,all,national_estimate,hospital_plus_dco,primary,estimated,annual_crude_rate,85.49355677168545,rate_per_100000,125.6511627906977,146971.5,78.2464627495807,102.2176198996195,71.19953408758309,101.81554754545,95,conditional_gamma,,final,cvd_rates_v1_1_0,UN_WPP_2024,BRB,persons,2026-08-26,historical_estimate,WHO_WORLD_2000_2025,none,No disclosure restriction identified.,85.494
bnr_cvd_public_metric_v2,CVD-BURDEN-001,cvd_2024_05,quarterly,2023_q2,2023-04-01,2023,4,2,1,heart,female,all,hospital_registered,hospital_only,not_applicable,observed,quarterly_count,24,count,24,,,,,,,,,final,,,,,,,,none,No disclosure restriction identified.,24.000
bnr_cvd_public_metric_v2,CVD-INCIDENCE-001,cvd_2024_05,annual,2023,2023-01-01,2023,,,1,heart,female,age_standardised,national_estimate,hospital_plus_dco,inclusive,estimated,annual_age_standardised_rate,50.06332062771193,rate_per_100000,,,44.37600760493747,62.76314582419859,41.75643539491826,60.55092742559241,95,conditional_fay_feuer_gamma,,final,cvd_rates_v1_1_0,UN_WPP_2024,BRB,persons,2026-08-26,historical_estimate,WHO_WORLD_2000_2025,none,No disclosure restriction identified.,50.063
bnr_cvd_public_metric_v2,CVD-INCIDENCE-001,cvd_2024_05,annual,2023,2023-01-01,2023,,,1,heart,female,all,national_estimate,hospital_plus_dco,inclusive,estimated,annual_crude_rate,95.53240281646811,rate_per_100000,140.4054054054054,146971.5,83.68969494085587,121.9772844804565,80.3845672686837,112.7050834492954,95,conditional_gamma,,final,cvd_rates_v1_1_0,UN_WPP_2024,BRB,persons,2026-08-26,historical_estimate,WHO_WORLD_2000_2025,none,No disclosure restriction identified.,95.532
bnr_cvd_public_metric_v2,CVD-INCIDENCE-001,cvd_2024_05,annual,2023,2023-01-01,2023,,,1,heart,female,age_standardised,national_estimate,hospital_plus_dco,primary,estimated,annual_age_standardised_rate,45.49724829568035,rate_per_100000,,,41.88542274568518,53.83223033413076,37.52455106527564,55.67683317299154,95,conditional_fay_feuer_gamma,,final,cvd_rates_v1_1_0,UN_WPP_2024,BRB,persons,2026-08-26,historical_estimate,WHO_WORLD_2000_2025,none,No disclosure restriction identified.,45.497
bnr_cvd_public_metric_v2,CVD-BURDEN-001,cvd_2024_05,quarterly,2023_q3,2023-07-01,2023,7,3,1,heart,female,all,hospital_registered,hospital_only,not_applicable,observed,quarterly_count,25,count,25,,,,,,,,,final,,,,,,,,none,No disclosure restriction identified.,25.000
bnr_cvd_public_metric_v2,CVD-BURDEN-001,cvd_2024_05,annual,2023,2023-01-01,2023,,,1,heart,female,all,national_estimate,hospital_plus_dco,primary,estimated,annual_count,125.6511627906977,count,125.6511627906977,,115,150.2307692307692,,,,,,final,cvd_rates_v1_1_0,not_applicable,BRB,not_applicable,not_applicable,not_applicable,not_applicable,none,No disclosure restriction identified.,125.651
bnr_cvd_public_metric_v2,CVD-INCIDENCE-001,cvd_2024_05,annual,2023,2023-01-01,2023,,,1,heart,female,age_standardised,hospital_registered,hospital_only,not_applicable,observed,annual_age_standardised_rate,38.49440749132289,rate_per_100000,,,,,31.14181409752077,48.09003868658593,95,fay_feuer_gamma,,final,cvd_rates_v1_1_0,UN_WPP_2024,BRB,persons,2026-08-26,historical_estimate,WHO_WORLD_2000_2025,none,No disclosure restriction identified.,38.494
bnr_cvd_public_metric_v2,CVD-BURDEN-001,cvd_2024_05,quarterly,2023_q4,2023-10-01,2023,10,4,1,heart,female,all,hospital_registered,hospital_only,not_applicable,observed,quarterly_same_quarter_previous_5yr_mean,25.6,count,128,,,,,,,,5,final,,,,,,,,none,No disclosure restriction identified.,25.600
bnr_cvd_public_metric_v2,CVD-BURDEN-001,cvd_2024_05,quarterly,2023_q3,2023-07-01,2023,7,3,1,heart,female,all,hospital_registered,hospital_only,not_applicable,observed,quarterly_same_quarter_previous_5yr_mean,31.4,count,157,,,,,,,,5,final,,,,,,,,none,No disclosure restriction identified.,31.400
bnr_cvd_public_metric_v2,CVD-BURDEN-001,cvd_2024_05,quarterly,2023_q1,2023-01-01,2023,1,1,1,heart,female,all,hospital_registered,hospital_only,not_applicable,observed,quarterly_count,26,count,26,,,,,,,,,final,,,,,,,,none,No disclosure restriction identified.,26.000
bnr_cvd_public_metric_v2,CVD-BURDEN-001,cvd_2024_05,annual,2023,2023-01-01,2023,,,1,heart,female,all,national_estimate,hospital_plus_dco,inclusive,estimated,annual_count,140.4054054054054,count,140.4054054054054,,123,179.2718446601942,,,,,,final,cvd_rates_v1_1_0,not_applicable,BRB,not_applicable,not_applicable,not_applicable,not_applicable,none,No disclosure restriction identified.,140.405
bnr_cvd_public_metric_v2,CVD-BURDEN-001,cvd_2024_05,quarterly,2023_q4,2023-10-01,2023,10,4,1,heart,female,all,hospital_registered,hospital_only,not_applicable,observed,quarterly_count,30,count,30,,,,,,,,,final,,,,,,,,none,No disclosure restriction identified.,30.000
bnr_cvd_public_metric_v2,CVD-BURDEN-001,cvd_2024_05,quarterly,2023_q2,2023-04-01,2023,4,2,1,heart,female,all,hospital_registered,hospital_only,not_applicable,observed,quarterly_same_quarter_previous_5yr_mean,30.8,count,154,,,,,,,,5,final,,,,,,,,none,No disclosure restriction identified.,30.800
bnr_cvd_public_metric_v2,CVD-BURDEN-002,cvd_2024_05,annual,2023,2023-01-01,2023,,,1,heart,female,all,hospital_registered,hospital_only,not_applicable,observed,sex_distribution,42.68292682926829,percent,105,246,,,,,,,,final,,,,,,,,none,No disclosure restriction identified.,42.683
bnr_cvd_public_metric_v2,CVD-INCIDENCE-001,cvd_2024_05,annual,2023,2023-01-01,2023,,,1,heart,female,all,hospital_registered,hospital_only,not_applicable,observed,annual_crude_rate,71.44242251048672,rate_per_100000,105,146971.5,,,58.43282358843589,86.48540830626077,95,poisson_exact_garwood,,final,cvd_rates_v1_1_0,UN_WPP_2024,BRB,persons,2026-08-26,historical_estimate,WHO_WORLD_2000_2025,none,No disclosure restriction identified.,71.442
bnr_cvd_public_metric_v2,CVD-BURDEN-001,cvd_2024_05,annual,2023,2023-01-01,2023,,,1,heart,female,all,national_estimate,additional_dco,primary,estimated,annual_count,20.65116279069767,count,20.65116279069767,,10,45.23076923076923,,,,,,final,cvd_rates_v1_1_0,not_applicable,BRB,not_applicable,not_applicable,not_applicable,not_applicable,none,No disclosure restriction identified.,20.651
bnr_cvd_public_metric_v2,CVD-BURDEN-001,cvd_2024_05,annual,2023,2023-01-01,2023,,,1,heart,female,all,national_estimate,additional_dco,inclusive,estimated,annual_count,35.4054054054054,count,35.4054054054054,,18,74.27184466019418,,,,,,final,cvd_rates_v1_1_0,not_applicable,BRB,not_applicable,not_applicable,not_applicable,not_applicable,none,No disclosure restriction identified.,35.405
bnr_cvd_public_metric_v2,CVD-BURDEN-001,cvd_2024_05,annual,2023,2023-01-01,2023,,,1,heart,female,all,hospital_registered,hospital_only,not_applicable,observed,annual_count,105,count,105,,,,,,,,,final,,,,,,,,none,No disclosure restriction identified.,105.000
bnr_cvd_public_metric_v2,CVD-BURDEN-001,cvd_2024_05,quarterly,2023_q1,2023-01-01,2023,1,1,1,heart,female,all,hospital_registered,hospital_only,not_applicable,observed,quarterly_same_quarter_previous_5yr_mean,27.4,count,137,,,,,,,,5,final,,,,,,,,none,No disclosure restriction identified.,27.400
bnr_cvd_public_metric_v2,CVD-BURDEN-001,cvd_2024_05,quarterly,2023_q3,2023-07-01,2023,7,3,1,heart,male,all,hospital_registered,hospital_only,not_applicable,observed,quarterly_same_quarter_previous_5yr_mean,35,count,175,,,,,,,,5,final,,,,,,,,none,No disclosure restriction identified.,35.000
bnr_cvd_public_metric_v2,CVD-INCIDENCE-001,cvd_2024_05,annual,2023,2023-01-01,2023,,,1,heart,male,age_standardised,national_estimate,hospital_plus_dco,primary,estimated,annual_age_standardised_rate,87.36291775905657,rate_per_100000,,,77.76284508823188,109.5169316148058,74.33033096465292,109.8225481926649,95,conditional_fay_feuer_gamma,,final,cvd_rates_v1_1_0,UN_WPP_2024,BRB,persons,2026-08-26,historical_estimate,WHO_WORLD_2000_2025,none,No disclosure restriction identified.,87.363
bnr_cvd_public_metric_v2,CVD-INCIDENCE-001,cvd_2024_05,annual,2023,2023-01-01,2023,,,1,heart,male,age_standardised,national_estimate,hospital_plus_dco,inclusive,estimated,annual_age_standardised_rate,90.8531646865453,rate_per_100000,,,79.98702236485707,115.1173659874025,77.62014332428011,113.4580587916995,95,conditional_fay_feuer_gamma,,final,cvd_rates_v1_1_0,UN_WPP_2024,BRB,persons,2026-08-26,historical_estimate,WHO_WORLD_2000_2025,none,No disclosure restriction identified.,90.853
bnr_cvd_public_metric_v2,CVD-BURDEN-001,cvd_2024_05,quarterly,2023_q1,2023-01-01,2023,1,1,1,heart,male,all,hospital_registered,hospital_only,not_applicable,observed,quarterly_same_quarter_previous_5yr_mean,35,count,175,,,,,,,,5,final,,,,,,,,none,No disclosure restriction identified.,35.000
bnr_cvd_public_metric_v2,CVD-BURDEN-001,cvd_2024_05,quarterly,2023_q4,2023-10-01,2023,10,4,1,heart,male,all,hospital_registered,hospital_only,not_applicable,observed,quarterly_count,44,count,44,,,,,,,,,final,,,,,,,,none,No disclosure restriction identified.,44.000
bnr_cvd_public_metric_v2,CVD-INCIDENCE-001,cvd_2024_05,annual,2023,2023-01-01,2023,,,1,heart,male,all,national_estimate,hospital_plus_dco,inclusive,estimated,annual_crude_rate,136.1311667928248,rate_per_100000,184.2732732732733,135364.5,120.4156185706001,171.2241385511905,117.1848819792732,157.268347607516,95,conditional_gamma,,final,cvd_rates_v1_1_0,UN_WPP_2024,BRB,persons,2026-08-26,historical_estimate,WHO_WORLD_2000_2025,none,No disclosure restriction identified.,136.131
bnr_cvd_public_metric_v2,CVD-BURDEN-001,cvd_2024_05,quarterly,2023_q4,2023-10-01,2023,10,4,1,heart,male,all,hospital_registered,hospital_only,not_applicable,observed,quarterly_same_quarter_previous_5yr_mean,34.4,count,172,,,,,,,,5,final,,,,,,,,none,No disclosure restriction identified.,34.400
bnr_cvd_public_metric_v2,CVD-INCIDENCE-001,cvd_2024_05,annual,2023,2023-01-01,2023,,,1,heart,male,age_standardised,hospital_registered,hospital_only,not_applicable,observed,annual_age_standardised_rate,68.74967642348382,rate_per_100000,,,,,57.53881282370794,89.77919298285093,95,fay_feuer_gamma,,final,cvd_rates_v1_1_0,UN_WPP_2024,BRB,persons,2026-08-26,historical_estimate,WHO_WORLD_2000_2025,none,No disclosure restriction identified.,68.750
bnr_cvd_public_metric_v2,CVD-BURDEN-001,cvd_2024_05,quarterly,2023_q2,2023-04-01,2023,4,2,1,heart,male,all,hospital_registered,hospital_only,not_applicable,observed,quarterly_same_quarter_previous_5yr_mean,40.4,count,202,,,,,,,,5,final,,,,,,,,none,No disclosure restriction identified.,40.400
bnr_cvd_public_metric_v2,CVD-BURDEN-001,cvd_2024_05,quarterly,2023_q3,2023-07-01,2023,7,3,1,heart,male,all,hospital_registered,hospital_only,not_applicable,observed,quarterly_count,29,count,29,,,,,,,,,final,,,,,,,,none,No disclosure restriction identified.,29.000
bnr_cvd_public_metric_v2,CVD-BURDEN-001,cvd_2024_05,quarterly,2023_q1,2023-01-01,2023,1,1,1,heart,male,all,hospital_registered,hospital_only,not_applicable,observed,quarterly_count,29,count,29,,,,,,,,,final,,,,,,,,none,No disclosure restriction identified.,29.000
bnr_cvd_public_metric_v2,CVD-BURDEN-001,cvd_2024_05,annual,2023,2023-01-01,2023,,,1,heart,male,all,hospital_registered,hospital_only,not_applicable,observed,annual_count,141,count,141,,,,,,,,,final,,,,,,,,none,No disclosure restriction identified.,141.000
bnr_cvd_public_metric_v2,CVD-INCIDENCE-001,cvd_2024_05,annual,2023,2023-01-01,2023,,,1,heart,male,all,hospital_registered,hospital_only,not_applicable,observed,annual_crude_rate,104.1632037942001,rate_per_100000,141,135364.5,,,87.68018725169519,122.8445628235227,95,poisson_exact_garwood,,final,cvd_rates_v1_1_0,UN_WPP_2024,BRB,persons,2026-08-26,historical_estimate,WHO_WORLD_2000_2025,none,No disclosure restriction identified.,104.163
bnr_cvd_public_metric_v2,CVD-BURDEN-001,cvd_2024_05,annual,2023,2023-01-01,2023,,,1,heart,male,all,national_estimate,additional_dco,primary,estimated,annual_count,35.10697674418604,count,35.10697674418604,,17,76.89230769230768,,,,,,final,cvd_rates_v1_1_0,not_applicable,BRB,not_applicable,not_applicable,not_applicable,not_applicable,none,No disclosure restriction identified.,35.107
bnr_cvd_public_metric_v2,CVD-BURDEN-001,cvd_2024_05,annual,2023,2023-01-01,2023,,,1,heart,male,all,national_estimate,hospital_plus_dco,primary,estimated,annual_count,176.1069767441861,count,176.1069767441861,,158,217.8923076923077,,,,,,final,cvd_rates_v1_1_0,not_applicable,BRB,not_applicable,not_applicable,not_applicable,not_applicable,none,No disclosure restriction identified.,176.107
bnr_cvd_public_metric_v2,CVD-BURDEN-001,cvd_2024_05,annual,2023,2023-01-01,2023,,,1,heart,male,all,national_estimate,hospital_plus_dco,inclusive,estimated,annual_count,184.2732732732733,count,184.2732732732733,,163,231.7766990291262,,,,,,final,cvd_rates_v1_1_0,not_applicable,BRB,not_applicable,not_applicable,not_applicable,not_applicable,none,No disclosure restriction identified.,184.273
bnr_cvd_public_metric_v2,CVD-BURDEN-001,cvd_2024_05,quarterly,2023_q2,2023-04-01,2023,4,2,1,heart,male,all,hospital_registered,hospital_only,not_applicable,observed,quarterly_count,39,count,39,,,,,,,,,final,,,,,,,,none,No disclosure restriction identified.,39.000
bnr_cvd_public_metric_v2,CVD-INCIDENCE-001,cvd_2024_05,annual,2023,2023-01-01,2023,,,1,heart,male,all,national_estimate,hospital_plus_dco,primary,estimated,annual_crude_rate,130.0983468665611,rate_per_100000,176.1069767441861,135364.5,116.7218879396001,160.9670982364709,111.5927174339861,150.7960662244547,95,conditional_gamma,,final,cvd_rates_v1_1_0,UN_WPP_2024,BRB,persons,2026-08-26,historical_estimate,WHO_WORLD_2000_2025,none,No disclosure restriction identified.,130.098
bnr_cvd_public_metric_v2,CVD-BURDEN-001,cvd_2024_05,annual,2023,2023-01-01,2023,,,1,heart,male,all,hospital_registered,hospital_only,not_applicable,observed,annual_previous_5yr_mean,144.8,count,724,,,,,,,,5,final,,,,,,,,none,No disclosure restriction identified.,144.800
bnr_cvd_public_metric_v2,CVD-BURDEN-002,cvd_2024_05,annual,2023,2023-01-01,2023,,,1,heart,male,all,hospital_registered,hospital_only,not_applicable,observed,sex_distribution,57.3170731707317,percent,141,246,,,,,,,,final,,,,,,,,none,No disclosure restriction identified.,57.317
bnr_cvd_public_metric_v2,CVD-BURDEN-001,cvd_2024_05,annual,2023,2023-01-01,2023,,,1,heart,male,all,national_estimate,additional_dco,inclusive,estimated,annual_count,43.27327327327327,count,43.27327327327327,,22,90.77669902912622,,,,,,final,cvd_rates_v1_1_0,not_applicable,BRB,not_applicable,not_applicable,not_applicable,not_applicable,none,No disclosure restriction identified.,43.273
bnr_cvd_public_metric_v2,CVD-INCIDENCE-001,cvd_2024_05,annual,2023,2023-01-01,2023,,,1,stroke,all,age_standardised,hospital_registered,hospital_only,not_applicable,observed,annual_age_standardised_rate,131.3388901528767,rate_per_100000,,,,,120.9018955300411,142.8204830176904,95,fay_feuer_gamma,,final,cvd_rates_v1_1_0,UN_WPP_2024,BRB,persons,2026-08-26,historical_estimate,WHO_WORLD_2000_2025,none,No disclosure restriction identified.,131.339
bnr_cvd_public_metric_v2,CVD-BURDEN-001,cvd_2024_05,annual,2023,2023-01-01,2023,,,1,stroke,all,all,national_estimate,hospital_plus_dco,primary,estimated,annual_count,702.4744186046512,count,702.4744186046512,,662,795.876923076923,,,,,,final,cvd_rates_v1_1_0,not_applicable,BRB,not_applicable,not_applicable,not_applicable,not_applicable,none,No disclosure restriction identified.,702.474
bnr_cvd_public_metric_v2,CVD-INCIDENCE-001,cvd_2024_05,annual,2023,2023-01-01,2023,,,1,stroke,all,all,national_estimate,hospital_plus_dco,inclusive,estimated,annual_crude_rate,,rate_per_100000,,,,,,,95,conditional_gamma,,final,cvd_rates_v1_1_0,UN_WPP_2024,BRB,persons,2026-08-26,historical_estimate,WHO_WORLD_2000_2025,secondary,Secondary suppression: protects a related confidential value.,*
bnr_cvd_public_metric_v2,CVD-BURDEN-001,cvd_2024_05,quarterly,2023_q4,2023-10-01,2023,10,4,1,stroke,all,all,hospital_registered,hospital_only,not_applicable,observed,quarterly_count,138,count,138,,,,,,,,,final,,,,,,,,none,No disclosure restriction identified.,138.000
bnr_cvd_public_metric_v2,CVD-INCIDENCE-001,cvd_2024_05,annual,2023,2023-01-01,2023,,,1,stroke,all,all,national_estimate,hospital_plus_dco,primary,estimated,annual_crude_rate,248.8079517329179,rate_per_100000,702.4744186046512,282336,234.472401677434,281.8899903224963,230.7465632307884,267.9074926632217,95,conditional_gamma,,final,cvd_rates_v1_1_0,UN_WPP_2024,BRB,persons,2026-08-26,historical_estimate,WHO_WORLD_2000_2025,none,No disclosure restriction identified.,248.808
bnr_cvd_public_metric_v2,CVD-BURDEN-002,cvd_2024_05,annual,2023,2023-01-01,2023,,,1,stroke,all,all,hospital_registered,hospital_only,not_applicable,observed,event_type_distribution,71.72413793103448,percent,624,870,,,,,,,,final,,,,,,,,none,No disclosure restriction identified.,71.724
bnr_cvd_public_metric_v2,CVD-BURDEN-001,cvd_2024_05,quarterly,2023_q3,2023-07-01,2023,7,3,1,stroke,all,all,hospital_registered,hospital_only,not_applicable,observed,quarterly_same_quarter_previous_5yr_mean,146.6,count,733,,,,,,,,5,final,,,,,,,,none,No disclosure restriction identified.,146.600
bnr_cvd_public_metric_v2,CVD-INCIDENCE-001,cvd_2024_05,annual,2023,2023-01-01,2023,,,1,stroke,all,age_standardised,national_estimate,hospital_plus_dco,inclusive,estimated,annual_age_standardised_rate,,rate_per_100000,,,,,,,95,conditional_fay_feuer_gamma,,final,cvd_rates_v1_1_0,UN_WPP_2024,BRB,persons,2026-08-26,historical_estimate,WHO_WORLD_2000_2025,secondary,Secondary suppression: protects a related confidential value.,*
bnr_cvd_public_metric_v2,CVD-BURDEN-001,cvd_2024_05,annual,2023,2023-01-01,2023,,,1,stroke,all,all,national_estimate,additional_dco,inclusive,estimated,annual_count,,count,,,,,,,,,,final,cvd_rates_v1_1_0,not_applicable,BRB,not_applicable,not_applicable,not_applicable,not_applicable,secondary,Secondary suppression: protects a related confidential value.,*
bnr_cvd_public_metric_v2,CVD-BURDEN-001,cvd_2024_05,quarterly,2023_q1,2023-01-01,2023,1,1,1,stroke,all,all,hospital_registered,hospital_only,not_applicable,observed,quarterly_same_quarter_previous_5yr_mean,148.8,count,744,,,,,,,,5,final,,,,,,,,none,No disclosure restriction identified.,148.800
bnr_cvd_public_metric_v2,CVD-BURDEN-001,cvd_2024_05,quarterly,2023_q1,2023-01-01,2023,1,1,1,stroke,all,all,hospital_registered,hospital_only,not_applicable,observed,quarterly_count,160,count,160,,,,,,,,,final,,,,,,,,none,No disclosure restriction identified.,160.000
bnr_cvd_public_metric_v2,CVD-BURDEN-001,cvd_2024_05,quarterly,2023_q3,2023-07-01,2023,7,3,1,stroke,all,all,hospital_registered,hospital_only,not_applicable,observed,quarterly_count,154,count,154,,,,,,,,,final,,,,,,,,none,No disclosure restriction identified.,154.000
bnr_cvd_public_metric_v2,CVD-BURDEN-001,cvd_2024_05,annual,2023,2023-01-01,2023,,,1,stroke,all,all,national_estimate,additional_dco,primary,estimated,annual_count,78.47441860465116,count,78.47441860465116,,38,171.8769230769231,,,,,,final,cvd_rates_v1_1_0,not_applicable,BRB,not_applicable,not_applicable,not_applicable,not_applicable,none,No disclosure restriction identified.,78.474
bnr_cvd_public_metric_v2,CVD-BURDEN-001,cvd_2024_05,annual,2023,2023-01-01,2023,,,1,stroke,all,all,hospital_registered,hospital_only,not_applicable,observed,annual_count,624,count,624,,,,,,,,,final,,,,,,,,none,No disclosure restriction identified.,624.000
bnr_cvd_public_metric_v2,CVD-BURDEN-001,cvd_2024_05,annual,2023,2023-01-01,2023,,,1,stroke,all,all,national_estimate,hospital_plus_dco,inclusive,estimated,annual_count,,count,,,,,,,,,,final,cvd_rates_v1_1_0,not_applicable,BRB,not_applicable,not_applicable,not_applicable,not_applicable,secondary,Secondary suppression: protects a related confidential value.,*
bnr_cvd_public_metric_v2,CVD-BURDEN-001,cvd_2024_05,quarterly,2023_q4,2023-10-01,2023,10,4,1,stroke,all,all,hospital_registered,hospital_only,not_applicable,observed,quarterly_same_quarter_previous_5yr_mean,132,count,660,,,,,,,,5,final,,,,,,,,none,No disclosure restriction identified.,132.000
bnr_cvd_public_metric_v2,CVD-INCIDENCE-001,cvd_2024_05,annual,2023,2023-01-01,2023,,,1,stroke,all,all,hospital_registered,hospital_only,not_applicable,observed,annual_crude_rate,221.0132607956477,rate_per_100000,624,282336,,,204.0101300843015,239.055333809155,95,poisson_exact_garwood,,final,cvd_rates_v1_1_0,UN_WPP_2024,BRB,persons,2026-08-26,historical_estimate,WHO_WORLD_2000_2025,none,No disclosure restriction identified.,221.013
bnr_cvd_public_metric_v2,CVD-INCIDENCE-001,cvd_2024_05,annual,2023,2023-01-01,2023,,,1,stroke,all,age_standardised,national_estimate,hospital_plus_dco,primary,estimated,annual_age_standardised_rate,146.4978015696378,rate_per_100000,,,138.6793540145966,164.5403728505021,135.5254691304488,158.5070106238519,95,conditional_fay_feuer_gamma,,final,cvd_rates_v1_1_0,UN_WPP_2024,BRB,persons,2026-08-26,historical_estimate,WHO_WORLD_2000_2025,none,No disclosure restriction identified.,146.498
bnr_cvd_public_metric_v2,CVD-BURDEN-001,cvd_2024_05,annual,2023,2023-01-01,2023,,,1,stroke,all,all,hospital_registered,hospital_only,not_applicable,observed,annual_previous_5yr_mean,566.6,count,2833,,,,,,,,5,final,,,,,,,,none,No disclosure restriction identified.,566.600
bnr_cvd_public_metric_v2,CVD-BURDEN-001,cvd_2024_05,quarterly,2023_q2,2023-04-01,2023,4,2,1,stroke,all,all,hospital_registered,hospital_only,not_applicable,observed,quarterly_count,172,count,172,,,,,,,,,final,,,,,,,,none,No disclosure restriction identified.,172.000
bnr_cvd_public_metric_v2,CVD-BURDEN-001,cvd_2024_05,quarterly,2023_q2,2023-04-01,2023,4,2,1,stroke,all,all,hospital_registered,hospital_only,not_applicable,observed,quarterly_same_quarter_previous_5yr_mean,139.2,count,696,,,,,,,,5,final,,,,,,,,none,No disclosure restriction identified.,139.200
bnr_cvd_public_metric_v2,CVD-BURDEN-001,cvd_2024_05,annual,2023,2023-01-01,2023,,,1,stroke,female,all,hospital_registered,hospital_only,not_applicable,observed,annual_previous_5yr_mean,286.6,count,1433,,,,,,,,5,final,,,,,,,,none,No disclosure restriction identified.,286.600
bnr_cvd_public_metric_v2,CVD-BURDEN-001,cvd_2024_05,quarterly,2023_q1,2023-01-01,2023,1,1,1,stroke,female,all,hospital_registered,hospital_only,not_applicable,observed,quarterly_same_quarter_previous_5yr_mean,75.59999999999999,count,378,,,,,,,,5,final,,,,,,,,none,No disclosure restriction identified.,75.600
bnr_cvd_public_metric_v2,CVD-BURDEN-001,cvd_2024_05,quarterly,2023_q4,2023-10-01,2023,10,4,1,stroke,female,all,hospital_registered,hospital_only,not_applicable,observed,quarterly_count,75,count,75,,,,,,,,,final,,,,,,,,none,No disclosure restriction identified.,75.000
bnr_cvd_public_metric_v2,CVD-BURDEN-002,cvd_2024_05,annual,2023,2023-01-01,2023,,,1,stroke,female,all,hospital_registered,hospital_only,not_applicable,observed,sex_distribution,50,percent,312,624,,,,,,,,final,,,,,,,,none,No disclosure restriction identified.,50.000
bnr_cvd_public_metric_v2,CVD-BURDEN-001,cvd_2024_05,quarterly,2023_q1,2023-01-01,2023,1,1,1,stroke,female,all,hospital_registered,hospital_only,not_applicable,observed,quarterly_count,82,count,82,,,,,,,,,final,,,,,,,,none,No disclosure restriction identified.,82.000
bnr_cvd_public_metric_v2,CVD-INCIDENCE-001,cvd_2024_05,annual,2023,2023-01-01,2023,,,1,stroke,female,age_standardised,hospital_registered,hospital_only,not_applicable,observed,annual_age_standardised_rate,112.7042364329074,rate_per_100000,,,,,99.9322793444972,127.5684936682673,95,fay_feuer_gamma,,final,cvd_rates_v1_1_0,UN_WPP_2024,BRB,persons,2026-08-26,historical_estimate,WHO_WORLD_2000_2025,none,No disclosure restriction identified.,112.704
bnr_cvd_public_metric_v2,CVD-BURDEN-001,cvd_2024_05,quarterly,2023_q2,2023-04-01,2023,4,2,1,stroke,female,all,hospital_registered,hospital_only,not_applicable,observed,quarterly_count,82,count,82,,,,,,,,,final,,,,,,,,none,No disclosure restriction identified.,82.000
bnr_cvd_public_metric_v2,CVD-BURDEN-001,cvd_2024_05,annual,2023,2023-01-01,2023,,,1,stroke,female,all,national_estimate,additional_dco,inclusive,estimated,annual_count,55.07507507507508,count,55.07507507507508,,28,115.5339805825243,,,,,,final,cvd_rates_v1_1_0,not_applicable,BRB,not_applicable,not_applicable,not_applicable,not_applicable,none,No disclosure restriction identified.,55.075
bnr_cvd_public_metric_v2,CVD-BURDEN-001,cvd_2024_05,annual,2023,2023-01-01,2023,,,1,stroke,female,all,national_estimate,hospital_plus_dco,inclusive,estimated,annual_count,367.0750750750751,count,367.0750750750751,,340,427.5339805825242,,,,,,final,cvd_rates_v1_1_0,not_applicable,BRB,not_applicable,not_applicable,not_applicable,not_applicable,none,No disclosure restriction identified.,367.075
bnr_cvd_public_metric_v2,CVD-INCIDENCE-001,cvd_2024_05,annual,2023,2023-01-01,2023,,,1,stroke,female,age_standardised,national_estimate,hospital_plus_dco,inclusive,estimated,annual_age_standardised_rate,130.5258970755585,rate_per_100000,,,121.7647142863468,150.0897033038954,116.8829576992248,146.23408711805,95,conditional_fay_feuer_gamma,,final,cvd_rates_v1_1_0,UN_WPP_2024,BRB,persons,2026-08-26,historical_estimate,WHO_WORLD_2000_2025,none,No disclosure restriction identified.,130.526
bnr_cvd_public_metric_v2,CVD-BURDEN-001,cvd_2024_05,quarterly,2023_q3,2023-07-01,2023,7,3,1,stroke,female,all,hospital_registered,hospital_only,not_applicable,observed,quarterly_same_quarter_previous_5yr_mean,71.40000000000001,count,357,,,,,,,,5,final,,,,,,,,none,No disclosure restriction identified.,71.400
bnr_cvd_public_metric_v2,CVD-INCIDENCE-001,cvd_2024_05,annual,2023,2023-01-01,2023,,,1,stroke,female,age_standardised,national_estimate,hospital_plus_dco,primary,estimated,annual_age_standardised_rate,123.6015240701336,rate_per_100000,,,117.9810761671498,136.5717884616348,110.270599849087,139.0094170267472,95,conditional_fay_feuer_gamma,,final,cvd_rates_v1_1_0,UN_WPP_2024,BRB,persons,2026-08-26,historical_estimate,WHO_WORLD_2000_2025,none,No disclosure restriction identified.,123.602
bnr_cvd_public_metric_v2,CVD-BURDEN-001,cvd_2024_05,annual,2023,2023-01-01,2023,,,1,stroke,female,all,hospital_registered,hospital_only,not_applicable,observed,annual_count,312,count,312,,,,,,,,,final,,,,,,,,none,No disclosure restriction identified.,312.000
bnr_cvd_public_metric_v2,CVD-BURDEN-001,cvd_2024_05,quarterly,2023_q4,2023-10-01,2023,10,4,1,stroke,female,all,hospital_registered,hospital_only,not_applicable,observed,quarterly_same_quarter_previous_5yr_mean,64.8,count,324,,,,,,,,5,final,,,,,,,,none,No disclosure restriction identified.,64.800
bnr_cvd_public_metric_v2,CVD-INCIDENCE-001,cvd_2024_05,annual,2023,2023-01-01,2023,,,1,stroke,female,all,hospital_registered,hospital_only,not_applicable,observed,annual_crude_rate,212.286055459732,rate_per_100000,312,146971.5,,,189.3814767832576,237.1973641807478,95,poisson_exact_garwood,,final,cvd_rates_v1_1_0,UN_WPP_2024,BRB,persons,2026-08-26,historical_estimate,WHO_WORLD_2000_2025,none,No disclosure restriction identified.,212.286
bnr_cvd_public_metric_v2,CVD-BURDEN-001,cvd_2024_05,annual,2023,2023-01-01,2023,,,1,stroke,female,all,national_estimate,additional_dco,primary,estimated,annual_count,33.04186046511628,count,33.04186046511628,,16,72.36923076923077,,,,,,final,cvd_rates_v1_1_0,not_applicable,BRB,not_applicable,not_applicable,not_applicable,not_applicable,none,No disclosure restriction identified.,33.042
bnr_cvd_public_metric_v2,CVD-BURDEN-001,cvd_2024_05,annual,2023,2023-01-01,2023,,,1,stroke,female,all,national_estimate,hospital_plus_dco,primary,estimated,annual_count,345.0418604651163,count,345.0418604651163,,328,384.3692307692307,,,,,,final,cvd_rates_v1_1_0,not_applicable,BRB,not_applicable,not_applicable,not_applicable,not_applicable,none,No disclosure restriction identified.,345.042
bnr_cvd_public_metric_v2,CVD-INCIDENCE-001,cvd_2024_05,annual,2023,2023-01-01,2023,,,1,stroke,female,all,national_estimate,hospital_plus_dco,inclusive,estimated,annual_crude_rate,249.7593581579252,rate_per_100000,367.0750750750751,146971.5,231.3373681291951,290.8958407463517,224.8596933320444,276.6628548756597,95,conditional_gamma,,final,cvd_rates_v1_1_0,UN_WPP_2024,BRB,persons,2026-08-26,historical_estimate,WHO_WORLD_2000_2025,none,No disclosure restriction identified.,249.759
bnr_cvd_public_metric_v2,CVD-BURDEN-001,cvd_2024_05,quarterly,2023_q2,2023-04-01,2023,4,2,1,stroke,female,all,hospital_registered,hospital_only,not_applicable,observed,quarterly_same_quarter_previous_5yr_mean,74.8,count,374,,,,,,,,5,final,,,,,,,,none,No disclosure restriction identified.,74.800
bnr_cvd_public_metric_v2,CVD-BURDEN-001,cvd_2024_05,quarterly,2023_q3,2023-07-01,2023,7,3,1,stroke,female,all,hospital_registered,hospital_only,not_applicable,observed,quarterly_count,73,count,73,,,,,,,,,final,,,,,,,,none,No disclosure restriction identified.,73.000
bnr_cvd_public_metric_v2,CVD-INCIDENCE-001,cvd_2024_05,annual,2023,2023-01-01,2023,,,1,stroke,female,all,national_estimate,hospital_plus_dco,primary,estimated,annual_crude_rate,234.7678702776499,rate_per_100000,345.0418604651163,146971.5,223.1725198422824,261.5263712823444,210.6470603059331,260.8935885200603,95,conditional_gamma,,final,cvd_rates_v1_1_0,UN_WPP_2024,BRB,persons,2026-08-26,historical_estimate,WHO_WORLD_2000_2025,none,No disclosure restriction identified.,234.768
bnr_cvd_public_metric_v2,CVD-BURDEN-001,cvd_2024_05,annual,2023,2023-01-01,2023,,,1,stroke,male,all,hospital_registered,hospital_only,not_applicable,observed,annual_previous_5yr_mean,280,count,1400,,,,,,,,5,final,,,,,,,,none,No disclosure restriction identified.,280.000
bnr_cvd_public_metric_v2,CVD-BURDEN-001,cvd_2024_05,quarterly,2023_q1,2023-01-01,2023,1,1,1,stroke,male,all,hospital_registered,hospital_only,not_applicable,observed,quarterly_count,78,count,78,,,,,,,,,final,,,,,,,,none,No disclosure restriction identified.,78.000
bnr_cvd_public_metric_v2,CVD-INCIDENCE-001,cvd_2024_05,annual,2023,2023-01-01,2023,,,1,stroke,male,all,national_estimate,hospital_plus_dco,inclusive,estimated,annual_crude_rate,,rate_per_100000,,,,,,,95,conditional_gamma,,final,cvd_rates_v1_1_0,UN_WPP_2024,BRB,persons,2026-08-26,historical_estimate,WHO_WORLD_2000_2025,secondary,Secondary suppression: protects a related confidential value.,*
bnr_cvd_public_metric_v2,CVD-BURDEN-001,cvd_2024_05,quarterly,2023_q4,2023-10-01,2023,10,4,1,stroke,male,all,hospital_registered,hospital_only,not_applicable,observed,quarterly_same_quarter_previous_5yr_mean,67.2,count,336,,,,,,,,5,final,,,,,,,,none,No disclosure restriction identified.,67.200
bnr_cvd_public_metric_v2,CVD-BURDEN-001,cvd_2024_05,annual,2023,2023-01-01,2023,,,1,stroke,male,all,national_estimate,additional_dco,primary,estimated,annual_count,45.43255813953488,count,45.43255813953488,,22,99.50769230769232,,,,,,final,cvd_rates_v1_1_0,not_applicable,BRB,not_applicable,not_applicable,not_applicable,not_applicable,none,No disclosure restriction identified.,45.433
bnr_cvd_public_metric_v2,CVD-BURDEN-002,cvd_2024_05,annual,2023,2023-01-01,2023,,,1,stroke,male,all,hospital_registered,hospital_only,not_applicable,observed,sex_distribution,50,percent,312,624,,,,,,,,final,,,,,,,,none,No disclosure restriction identified.,50.000
bnr_cvd_public_metric_v2,CVD-BURDEN-001,cvd_2024_05,quarterly,2023_q2,2023-04-01,2023,4,2,1,stroke,male,all,hospital_registered,hospital_only,not_applicable,observed,quarterly_count,90,count,90,,,,,,,,,final,,,,,,,,none,No disclosure restriction identified.,90.000
bnr_cvd_public_metric_v2,CVD-BURDEN-001,cvd_2024_05,annual,2023,2023-01-01,2023,,,1,stroke,male,all,national_estimate,hospital_plus_dco,inclusive,estimated,annual_count,,count,,,,,,,,,,final,cvd_rates_v1_1_0,not_applicable,BRB,not_applicable,not_applicable,not_applicable,not_applicable,secondary,Secondary suppression: protects a related confidential value.,*
bnr_cvd_public_metric_v2,CVD-INCIDENCE-001,cvd_2024_05,annual,2023,2023-01-01,2023,,,1,stroke,male,age_standardised,hospital_registered,hospital_only,not_applicable,observed,annual_age_standardised_rate,155.4337990676397,rate_per_100000,,,,,138.1194081367928,181.3984518085975,95,fay_feuer_gamma,,final,cvd_rates_v1_1_0,UN_WPP_2024,BRB,persons,2026-08-26,historical_estimate,WHO_WORLD_2000_2025,none,No disclosure restriction identified.,155.434
bnr_cvd_public_metric_v2,CVD-INCIDENCE-001,cvd_2024_05,annual,2023,2023-01-01,2023,,,1,stroke,male,age_standardised,national_estimate,hospital_plus_dco,primary,estimated,annual_age_standardised_rate,177.3507786942313,rate_per_100000,,,166.0467509138496,203.4369966489581,158.8742711033101,204.3202724641874,95,conditional_fay_feuer_gamma,,final,cvd_rates_v1_1_0,UN_WPP_2024,BRB,persons,2026-08-26,historical_estimate,WHO_WORLD_2000_2025,none,No disclosure restriction identified.,177.351
bnr_cvd_public_metric_v2,CVD-BURDEN-001,cvd_2024_05,quarterly,2023_q3,2023-07-01,2023,7,3,1,stroke,male,all,hospital_registered,hospital_only,not_applicable,observed,quarterly_count,81,count,81,,,,,,,,,final,,,,,,,,none,No disclosure restriction identified.,81.000
bnr_cvd_public_metric_v2,CVD-BURDEN-001,cvd_2024_05,annual,2023,2023-01-01,2023,,,1,stroke,male,all,national_estimate,hospital_plus_dco,primary,estimated,annual_count,357.4325581395349,count,357.4325581395349,,334,411.5076923076923,,,,,,final,cvd_rates_v1_1_0,not_applicable,BRB,not_applicable,not_applicable,not_applicable,not_applicable,none,No disclosure restriction identified.,357.433
bnr_cvd_public_metric_v2,CVD-BURDEN-001,cvd_2024_05,quarterly,2023_q4,2023-10-01,2023,10,4,1,stroke,male,all,hospital_registered,hospital_only,not_applicable,observed,quarterly_count,63,count,63,,,,,,,,,final,,,,,,,,none,No disclosure restriction identified.,63.000
bnr_cvd_public_metric_v2,CVD-INCIDENCE-001,cvd_2024_05,annual,2023,2023-01-01,2023,,,1,stroke,male,all,national_estimate,hospital_plus_dco,primary,estimated,annual_crude_rate,264.0519177033379,rate_per_100000,357.4325581395349,135364.5,246.7412061508003,303.9997135938095,237.3840656812605,292.8959209378179,95,conditional_gamma,,final,cvd_rates_v1_1_0,UN_WPP_2024,BRB,persons,2026-08-26,historical_estimate,WHO_WORLD_2000_2025,none,No disclosure restriction identified.,264.052
bnr_cvd_public_metric_v2,CVD-BURDEN-001,cvd_2024_05,annual,2023,2023-01-01,2023,,,1,stroke,male,all,hospital_registered,hospital_only,not_applicable,observed,annual_count,312,count,312,,,,,,,,,final,,,,,,,,none,No disclosure restriction identified.,312.000
bnr_cvd_public_metric_v2,CVD-BURDEN-001,cvd_2024_05,quarterly,2023_q2,2023-04-01,2023,4,2,1,stroke,male,all,hospital_registered,hospital_only,not_applicable,observed,quarterly_same_quarter_previous_5yr_mean,64.40000000000001,count,322,,,,,,,,5,final,,,,,,,,none,No disclosure restriction identified.,64.400
bnr_cvd_public_metric_v2,CVD-BURDEN-001,cvd_2024_05,annual,2023,2023-01-01,2023,,,1,stroke,male,all,national_estimate,additional_dco,inclusive,estimated,annual_count,,count,,,,,,,,,,final,cvd_rates_v1_1_0,not_applicable,BRB,not_applicable,not_applicable,not_applicable,not_applicable,secondary,Secondary suppression: protects a related confidential value.,*
bnr_cvd_public_metric_v2,CVD-BURDEN-001,cvd_2024_05,quarterly,2023_q3,2023-07-01,2023,7,3,1,stroke,male,all,hospital_registered,hospital_only,not_applicable,observed,quarterly_same_quarter_previous_5yr_mean,75.2,count,376,,,,,,,,5,final,,,,,,,,none,No disclosure restriction identified.,75.200
bnr_cvd_public_metric_v2,CVD-INCIDENCE-001,cvd_2024_05,annual,2023,2023-01-01,2023,,,1,stroke,male,all,hospital_registered,hospital_only,not_applicable,observed,annual_crude_rate,230.4887913744002,rate_per_100000,312,135364.5,,,205.6202306738513,257.536151721395,95,poisson_exact_garwood,,final,cvd_rates_v1_1_0,UN_WPP_2024,BRB,persons,2026-08-26,historical_estimate,WHO_WORLD_2000_2025,none,No disclosure restriction identified.,230.489
bnr_cvd_public_metric_v2,CVD-INCIDENCE-001,cvd_2024_05,annual,2023,2023-01-01,2023,,,1,stroke,male,age_standardised,national_estimate,hospital_plus_dco,inclusive,estimated,annual_age_standardised_rate,,rate_per_100000,,,,,,,95,conditional_fay_feuer_gamma,,final,cvd_rates_v1_1_0,UN_WPP_2024,BRB,persons,2026-08-26,historical_estimate,WHO_WORLD_2000_2025,secondary,Secondary suppression: protects a related confidential value.,*
bnr_cvd_public_metric_v2,CVD-BURDEN-001,cvd_2024_05,quarterly,2023_q1,2023-01-01,2023,1,1,1,stroke,male,all,hospital_registered,hospital_only,not_applicable,observed,quarterly_same_quarter_previous_5yr_mean,73.2,count,366,,,,,,,,5,final,,,,,,,,none,No disclosure restriction identified.,73.200
bnr_cvd_public_metric_v2,CVD-BURDEN-001,cvd_2024_05,quarterly,2024_q1,2024-01-01,2024,1,1,1,all_cvd,all,all,hospital_registered,hospital_only,not_applicable,observed,quarterly_count,178,count,178,,,,,,,,,final,,,,,,,,none,No disclosure restriction identified.,178.000
bnr_cvd_public_metric_v2,CVD-BURDEN-001,cvd_2024_05,annual,2024,2024-01-01,2024,,,0,all_cvd,all,under_70,hospital_registered,hospital_only,not_applicable,observed,annual_previous_5yr_mean,419.4,count,2097,,,,,,,,5,final,,,,,,,,none,No disclosure restriction identified.,419.400
bnr_cvd_public_metric_v2,CVD-BURDEN-001,cvd_2024_05,quarterly,2024_q2,2024-04-01,2024,4,2,0,all_cvd,all,all,hospital_registered,hospital_only,not_applicable,observed,quarterly_same_quarter_previous_5yr_mean,213,count,1065,,,,,,,,5,final,,,,,,,,none,No disclosure restriction identified.,213.000
bnr_cvd_public_metric_v2,CVD-BURDEN-001,cvd_2024_05,quarterly,2024_q1,2024-01-01,2024,1,1,1,all_cvd,all,all,hospital_registered,hospital_only,not_applicable,observed,quarterly_same_quarter_previous_5yr_mean,211.8,count,1059,,,,,,,,5,final,,,,,,,,none,No disclosure restriction identified.,211.800
bnr_cvd_public_metric_v2,CVD-BURDEN-002,cvd_2024_05,annual,2024,2024-01-01,2024,,,0,all_cvd,all,age_70_plus,hospital_registered,hospital_only,not_applicable,observed,age_distribution,42.36111111111111,percent,122,288,,,,,,,,final,,,,,,,,none,No disclosure restriction identified.,42.361
bnr_cvd_public_metric_v2,CVD-BURDEN-001,cvd_2024_05,annual,2024,2024-01-01,2024,,,0,all_cvd,all,under_70,hospital_registered,hospital_only,not_applicable,observed,annual_count,166,count,166,,,,,,,,,final,,,,,,,,none,No disclosure restriction identified.,166.000
bnr_cvd_public_metric_v2,CVD-BURDEN-001,cvd_2024_05,annual,2024,2024-01-01,2024,,,0,all_cvd,all,age_70_plus,hospital_registered,hospital_only,not_applicable,observed,annual_previous_5yr_mean,419.8,count,2099,,,,,,,,5,final,,,,,,,,none,No disclosure restriction identified.,419.800
bnr_cvd_public_metric_v2,CVD-BURDEN-001,cvd_2024_05,annual,2024,2024-01-01,2024,,,0,all_cvd,all,age_70_plus,hospital_registered,hospital_only,not_applicable,observed,annual_count,122,count,122,,,,,,,,,final,,,,,,,,none,No disclosure restriction identified.,122.000
bnr_cvd_public_metric_v2,CVD-BURDEN-001,cvd_2024_05,monthly,2024_m01,2024-01-01,2024,1,,1,all_cvd,all,all,hospital_registered,hospital_only,not_applicable,observed,monthly_count,65,count,65,,,,,,,,,final,,,,,,,,none,No disclosure restriction identified.,65.000
bnr_cvd_public_metric_v2,CVD-BURDEN-001,cvd_2024_05,quarterly,2024_q2,2024-04-01,2024,4,2,0,all_cvd,all,all,hospital_registered,hospital_only,not_applicable,observed,quarterly_count,116,count,116,,,,,,,,,final,,,,,,,,none,No disclosure restriction identified.,116.000
bnr_cvd_public_metric_v2,CVD-BURDEN-001,cvd_2024_05,monthly,2024_m03,2024-03-01,2024,3,,1,all_cvd,all,all,hospital_registered,hospital_only,not_applicable,observed,monthly_count,58,count,58,,,,,,,,,final,,,,,,,,none,No disclosure restriction identified.,58.000
bnr_cvd_public_metric_v2,CVD-BURDEN-002,cvd_2024_05,annual,2024,2024-01-01,2024,,,0,all_cvd,all,under_70,hospital_registered,hospital_only,not_applicable,observed,age_distribution,57.63888888888889,percent,166,288,,,,,,,,final,,,,,,,,none,No disclosure restriction identified.,57.639
bnr_cvd_public_metric_v2,CVD-BURDEN-001,cvd_2024_05,monthly,2024_m05,2024-05-01,2024,5,,1,all_cvd,all,all,hospital_registered,hospital_only,not_applicable,observed,monthly_count,56,count,56,,,,,,,,,final,,,,,,,,none,No disclosure restriction identified.,56.000
bnr_cvd_public_metric_v2,CVD-BURDEN-001,cvd_2024_05,monthly,2024_m04,2024-04-01,2024,4,,1,all_cvd,all,all,hospital_registered,hospital_only,not_applicable,observed,monthly_count,60,count,60,,,,,,,,,final,,,,,,,,none,No disclosure restriction identified.,60.000
bnr_cvd_public_metric_v2,CVD-BURDEN-001,cvd_2024_05,monthly,2024_m02,2024-02-01,2024,2,,1,all_cvd,all,all,hospital_registered,hospital_only,not_applicable,observed,monthly_count,55,count,55,,,,,,,,,final,,,,,,,,none,No disclosure restriction identified.,55.000
bnr_cvd_public_metric_v2,CVD-BURDEN-001,cvd_2024_05,annual,2024,2024-01-01,2024,,,0,all_cvd,all,all,hospital_registered,hospital_only,not_applicable,observed,annual_count,294,count,294,,,,,,,,,final,,,,,,,,none,No disclosure restriction identified.,294.000
bnr_cvd_public_metric_v2,CVD-BURDEN-001,cvd_2024_05,annual,2024,2024-01-01,2024,,,0,all_cvd,all,all,hospital_registered,hospital_only,not_applicable,observed,annual_previous_5yr_mean,839.2,count,4196,,,,,,,,5,final,,,,,,,,none,No disclosure restriction identified.,839.200
bnr_cvd_public_metric_v2,CVD-BURDEN-001,cvd_2024_05,annual,2024,2024-01-01,2024,,,0,all_cvd,female,all,hospital_registered,hospital_only,not_applicable,observed,annual_previous_5yr_mean,408.6,count,2043,,,,,,,,5,final,,,,,,,,none,No disclosure restriction identified.,408.600
bnr_cvd_public_metric_v2,CVD-BURDEN-001,cvd_2024_05,quarterly,2024_q1,2024-01-01,2024,1,1,1,all_cvd,female,all,hospital_registered,hospital_only,not_applicable,observed,quarterly_count,82,count,82,,,,,,,,,final,,,,,,,,none,No disclosure restriction identified.,82.000
bnr_cvd_public_metric_v2,CVD-BURDEN-001,cvd_2024_05,quarterly,2024_q2,2024-04-01,2024,4,2,0,all_cvd,female,all,hospital_registered,hospital_only,not_applicable,observed,quarterly_count,56,count,56,,,,,,,,,final,,,,,,,,none,No disclosure restriction identified.,56.000
bnr_cvd_public_metric_v2,CVD-BURDEN-001,cvd_2024_05,quarterly,2024_q1,2024-01-01,2024,1,1,1,all_cvd,female,all,hospital_registered,hospital_only,not_applicable,observed,quarterly_same_quarter_previous_5yr_mean,104.8,count,524,,,,,,,,5,final,,,,,,,,none,No disclosure restriction identified.,104.800
bnr_cvd_public_metric_v2,CVD-BURDEN-002,cvd_2024_05,annual,2024,2024-01-01,2024,,,0,all_cvd,female,all,hospital_registered,hospital_only,not_applicable,observed,sex_distribution,46.93877551020408,percent,138,294,,,,,,,,final,,,,,,,,none,No disclosure restriction identified.,46.939
bnr_cvd_public_metric_v2,CVD-BURDEN-001,cvd_2024_05,annual,2024,2024-01-01,2024,,,0,all_cvd,female,all,hospital_registered,hospital_only,not_applicable,observed,annual_count,138,count,138,,,,,,,,,final,,,,,,,,none,No disclosure restriction identified.,138.000
bnr_cvd_public_metric_v2,CVD-BURDEN-001,cvd_2024_05,quarterly,2024_q2,2024-04-01,2024,4,2,0,all_cvd,female,all,hospital_registered,hospital_only,not_applicable,observed,quarterly_same_quarter_previous_5yr_mean,105.4,count,527,,,,,,,,5,final,,,,,,,,none,No disclosure restriction identified.,105.400
bnr_cvd_public_metric_v2,CVD-BURDEN-001,cvd_2024_05,quarterly,2024_q1,2024-01-01,2024,1,1,1,all_cvd,male,all,hospital_registered,hospital_only,not_applicable,observed,quarterly_count,96,count,96,,,,,,,,,final,,,,,,,,none,No disclosure restriction identified.,96.000
bnr_cvd_public_metric_v2,CVD-BURDEN-001,cvd_2024_05,quarterly,2024_q1,2024-01-01,2024,1,1,1,all_cvd,male,all,hospital_registered,hospital_only,not_applicable,observed,quarterly_same_quarter_previous_5yr_mean,107,count,535,,,,,,,,5,final,,,,,,,,none,No disclosure restriction identified.,107.000
bnr_cvd_public_metric_v2,CVD-BURDEN-002,cvd_2024_05,annual,2024,2024-01-01,2024,,,0,all_cvd,male,all,hospital_registered,hospital_only,not_applicable,observed,sex_distribution,53.06122448979592,percent,156,294,,,,,,,,final,,,,,,,,none,No disclosure restriction identified.,53.061
bnr_cvd_public_metric_v2,CVD-BURDEN-001,cvd_2024_05,annual,2024,2024-01-01,2024,,,0,all_cvd,male,all,hospital_registered,hospital_only,not_applicable,observed,annual_previous_5yr_mean,430.6,count,2153,,,,,,,,5,final,,,,,,,,none,No disclosure restriction identified.,430.600
bnr_cvd_public_metric_v2,CVD-BURDEN-001,cvd_2024_05,quarterly,2024_q2,2024-04-01,2024,4,2,0,all_cvd,male,all,hospital_registered,hospital_only,not_applicable,observed,quarterly_count,60,count,60,,,,,,,,,final,,,,,,,,none,No disclosure restriction identified.,60.000
bnr_cvd_public_metric_v2,CVD-BURDEN-001,cvd_2024_05,quarterly,2024_q2,2024-04-01,2024,4,2,0,all_cvd,male,all,hospital_registered,hospital_only,not_applicable,observed,quarterly_same_quarter_previous_5yr_mean,107.6,count,538,,,,,,,,5,final,,,,,,,,none,No disclosure restriction identified.,107.600
bnr_cvd_public_metric_v2,CVD-BURDEN-001,cvd_2024_05,annual,2024,2024-01-01,2024,,,0,all_cvd,male,all,hospital_registered,hospital_only,not_applicable,observed,annual_count,156,count,156,,,,,,,,,final,,,,,,,,none,No disclosure restriction identified.,156.000
bnr_cvd_public_metric_v2,CVD-BURDEN-001,cvd_2024_05,annual,2024,2024-01-01,2024,,,0,heart,all,all,hospital_registered,hospital_only,not_applicable,observed,annual_previous_5yr_mean,257.8,count,1289,,,,,,,,5,final,,,,,,,,none,No disclosure restriction identified.,257.800
bnr_cvd_public_metric_v2,CVD-BURDEN-002,cvd_2024_05,annual,2024,2024-01-01,2024,,,0,heart,all,all,hospital_registered,hospital_only,not_applicable,observed,event_type_distribution,24.82993197278912,percent,73,294,,,,,,,,final,,,,,,,,none,No disclosure restriction identified.,24.830
bnr_cvd_public_metric_v2,CVD-BURDEN-001,cvd_2024_05,quarterly,2024_q1,2024-01-01,2024,1,1,1,heart,all,all,hospital_registered,hospital_only,not_applicable,observed,quarterly_count,48,count,48,,,,,,,,,final,,,,,,,,none,No disclosure restriction identified.,48.000
bnr_cvd_public_metric_v2,CVD-BURDEN-001,cvd_2024_05,quarterly,2024_q2,2024-04-01,2024,4,2,0,heart,all,all,hospital_registered,hospital_only,not_applicable,observed,quarterly_count,25,count,25,,,,,,,,,final,,,,,,,,none,No disclosure restriction identified.,25.000
bnr_cvd_public_metric_v2,CVD-BURDEN-001,cvd_2024_05,quarterly,2024_q2,2024-04-01,2024,4,2,0,heart,all,all,hospital_registered,hospital_only,not_applicable,observed,quarterly_same_quarter_previous_5yr_mean,67.40000000000001,count,337,,,,,,,,5,final,,,,,,,,none,No disclosure restriction identified.,67.400
bnr_cvd_public_metric_v2,CVD-BURDEN-001,cvd_2024_05,quarterly,2024_q1,2024-01-01,2024,1,1,1,heart,all,all,hospital_registered,hospital_only,not_applicable,observed,quarterly_same_quarter_previous_5yr_mean,61.6,count,308,,,,,,,,5,final,,,,,,,,none,No disclosure restriction identified.,61.600
bnr_cvd_public_metric_v2,CVD-BURDEN-001,cvd_2024_05,annual,2024,2024-01-01,2024,,,0,heart,all,all,hospital_registered,hospital_only,not_applicable,observed,annual_count,73,count,73,,,,,,,,,final,,,,,,,,none,No disclosure restriction identified.,73.000
bnr_cvd_public_metric_v2,CVD-BURDEN-001,cvd_2024_05,quarterly,2024_q1,2024-01-01,2024,1,1,1,heart,female,all,hospital_registered,hospital_only,not_applicable,observed,quarterly_same_quarter_previous_5yr_mean,29.2,count,146,,,,,,,,5,final,,,,,,,,none,No disclosure restriction identified.,29.200
bnr_cvd_public_metric_v2,CVD-BURDEN-001,cvd_2024_05,quarterly,2024_q2,2024-04-01,2024,4,2,0,heart,female,all,hospital_registered,hospital_only,not_applicable,observed,quarterly_same_quarter_previous_5yr_mean,28.4,count,142,,,,,,,,5,final,,,,,,,,none,No disclosure restriction identified.,28.400
bnr_cvd_public_metric_v2,CVD-BURDEN-002,cvd_2024_05,annual,2024,2024-01-01,2024,,,0,heart,female,all,hospital_registered,hospital_only,not_applicable,observed,sex_distribution,36.98630136986301,percent,27,73,,,,,,,,final,,,,,,,,none,No disclosure restriction identified.,36.986
bnr_cvd_public_metric_v2,CVD-BURDEN-001,cvd_2024_05,quarterly,2024_q1,2024-01-01,2024,1,1,1,heart,female,all,hospital_registered,hospital_only,not_applicable,observed,quarterly_count,18,count,18,,,,,,,,,final,,,,,,,,none,No disclosure restriction identified.,18.000
bnr_cvd_public_metric_v2,CVD-BURDEN-001,cvd_2024_05,annual,2024,2024-01-01,2024,,,0,heart,female,all,hospital_registered,hospital_only,not_applicable,observed,annual_previous_5yr_mean,115,count,575,,,,,,,,5,final,,,,,,,,none,No disclosure restriction identified.,115.000
bnr_cvd_public_metric_v2,CVD-BURDEN-001,cvd_2024_05,quarterly,2024_q2,2024-04-01,2024,4,2,0,heart,female,all,hospital_registered,hospital_only,not_applicable,observed,quarterly_count,9,count,9,,,,,,,,,final,,,,,,,,none,No disclosure restriction identified.,9.000
bnr_cvd_public_metric_v2,CVD-BURDEN-001,cvd_2024_05,annual,2024,2024-01-01,2024,,,0,heart,female,all,hospital_registered,hospital_only,not_applicable,observed,annual_count,27,count,27,,,,,,,,,final,,,,,,,,none,No disclosure restriction identified.,27.000
bnr_cvd_public_metric_v2,CVD-BURDEN-001,cvd_2024_05,annual,2024,2024-01-01,2024,,,0,heart,male,all,hospital_registered,hospital_only,not_applicable,observed,annual_count,46,count,46,,,,,,,,,final,,,,,,,,none,No disclosure restriction identified.,46.000
bnr_cvd_public_metric_v2,CVD-BURDEN-001,cvd_2024_05,quarterly,2024_q2,2024-04-01,2024,4,2,0,heart,male,all,hospital_registered,hospital_only,not_applicable,observed,quarterly_same_quarter_previous_5yr_mean,39,count,195,,,,,,,,5,final,,,,,,,,none,No disclosure restriction identified.,39.000
bnr_cvd_public_metric_v2,CVD-BURDEN-001,cvd_2024_05,quarterly,2024_q1,2024-01-01,2024,1,1,1,heart,male,all,hospital_registered,hospital_only,not_applicable,observed,quarterly_count,30,count,30,,,,,,,,,final,,,,,,,,none,No disclosure restriction identified.,30.000
bnr_cvd_public_metric_v2,CVD-BURDEN-002,cvd_2024_05,annual,2024,2024-01-01,2024,,,0,heart,male,all,hospital_registered,hospital_only,not_applicable,observed,sex_distribution,63.01369863013699,percent,46,73,,,,,,,,final,,,,,,,,none,No disclosure restriction identified.,63.014
bnr_cvd_public_metric_v2,CVD-BURDEN-001,cvd_2024_05,quarterly,2024_q2,2024-04-01,2024,4,2,0,heart,male,all,hospital_registered,hospital_only,not_applicable,observed,quarterly_count,16,count,16,,,,,,,,,final,,,,,,,,none,No disclosure restriction identified.,16.000
bnr_cvd_public_metric_v2,CVD-BURDEN-001,cvd_2024_05,quarterly,2024_q1,2024-01-01,2024,1,1,1,heart,male,all,hospital_registered,hospital_only,not_applicable,observed,quarterly_same_quarter_previous_5yr_mean,32.4,count,162,,,,,,,,5,final,,,,,,,,none,No disclosure restriction identified.,32.400
bnr_cvd_public_metric_v2,CVD-BURDEN-001,cvd_2024_05,annual,2024,2024-01-01,2024,,,0,heart,male,all,hospital_registered,hospital_only,not_applicable,observed,annual_previous_5yr_mean,142.8,count,714,,,,,,,,5,final,,,,,,,,none,No disclosure restriction identified.,142.800
bnr_cvd_public_metric_v2,CVD-BURDEN-001,cvd_2024_05,quarterly,2024_q1,2024-01-01,2024,1,1,1,stroke,all,all,hospital_registered,hospital_only,not_applicable,observed,quarterly_count,130,count,130,,,,,,,,,final,,,,,,,,none,No disclosure restriction identified.,130.000
bnr_cvd_public_metric_v2,CVD-BURDEN-001,cvd_2024_05,annual,2024,2024-01-01,2024,,,0,stroke,all,all,hospital_registered,hospital_only,not_applicable,observed,annual_count,221,count,221,,,,,,,,,final,,,,,,,,none,No disclosure restriction identified.,221.000
bnr_cvd_public_metric_v2,CVD-BURDEN-002,cvd_2024_05,annual,2024,2024-01-01,2024,,,0,stroke,all,all,hospital_registered,hospital_only,not_applicable,observed,event_type_distribution,75.17006802721087,percent,221,294,,,,,,,,final,,,,,,,,none,No disclosure restriction identified.,75.170
bnr_cvd_public_metric_v2,CVD-BURDEN-001,cvd_2024_05,quarterly,2024_q2,2024-04-01,2024,4,2,0,stroke,all,all,hospital_registered,hospital_only,not_applicable,observed,quarterly_same_quarter_previous_5yr_mean,145.6,count,728,,,,,,,,5,final,,,,,,,,none,No disclosure restriction identified.,145.600
bnr_cvd_public_metric_v2,CVD-BURDEN-001,cvd_2024_05,quarterly,2024_q1,2024-01-01,2024,1,1,1,stroke,all,all,hospital_registered,hospital_only,not_applicable,observed,quarterly_same_quarter_previous_5yr_mean,150.2,count,751,,,,,,,,5,final,,,,,,,,none,No disclosure restriction identified.,150.200
bnr_cvd_public_metric_v2,CVD-BURDEN-001,cvd_2024_05,annual,2024,2024-01-01,2024,,,0,stroke,all,all,hospital_registered,hospital_only,not_applicable,observed,annual_previous_5yr_mean,581.4,count,2907,,,,,,,,5,final,,,,,,,,none,No disclosure restriction identified.,581.400
bnr_cvd_public_metric_v2,CVD-BURDEN-001,cvd_2024_05,quarterly,2024_q2,2024-04-01,2024,4,2,0,stroke,all,all,hospital_registered,hospital_only,not_applicable,observed,quarterly_count,91,count,91,,,,,,,,,final,,,,,,,,none,No disclosure restriction identified.,91.000
bnr_cvd_public_metric_v2,CVD-BURDEN-001,cvd_2024_05,quarterly,2024_q1,2024-01-01,2024,1,1,1,stroke,female,all,hospital_registered,hospital_only,not_applicable,observed,quarterly_same_quarter_previous_5yr_mean,75.59999999999999,count,378,,,,,,,,5,final,,,,,,,,none,No disclosure restriction identified.,75.600
bnr_cvd_public_metric_v2,CVD-BURDEN-001,cvd_2024_05,quarterly,2024_q2,2024-04-01,2024,4,2,0,stroke,female,all,hospital_registered,hospital_only,not_applicable,observed,quarterly_same_quarter_previous_5yr_mean,77,count,385,,,,,,,,5,final,,,,,,,,none,No disclosure restriction identified.,77.000
bnr_cvd_public_metric_v2,CVD-BURDEN-001,cvd_2024_05,annual,2024,2024-01-01,2024,,,0,stroke,female,all,hospital_registered,hospital_only,not_applicable,observed,annual_count,111,count,111,,,,,,,,,final,,,,,,,,none,No disclosure restriction identified.,111.000
bnr_cvd_public_metric_v2,CVD-BURDEN-002,cvd_2024_05,annual,2024,2024-01-01,2024,,,0,stroke,female,all,hospital_registered,hospital_only,not_applicable,observed,sex_distribution,50.2262443438914,percent,111,221,,,,,,,,final,,,,,,,,none,No disclosure restriction identified.,50.226
bnr_cvd_public_metric_v2,CVD-BURDEN-001,cvd_2024_05,quarterly,2024_q2,2024-04-01,2024,4,2,0,stroke,female,all,hospital_registered,hospital_only,not_applicable,observed,quarterly_count,47,count,47,,,,,,,,,final,,,,,,,,none,No disclosure restriction identified.,47.000
bnr_cvd_public_metric_v2,CVD-BURDEN-001,cvd_2024_05,quarterly,2024_q1,2024-01-01,2024,1,1,1,stroke,female,all,hospital_registered,hospital_only,not_applicable,observed,quarterly_count,64,count,64,,,,,,,,,final,,,,,,,,none,No disclosure restriction identified.,64.000
bnr_cvd_public_metric_v2,CVD-BURDEN-001,cvd_2024_05,annual,2024,2024-01-01,2024,,,0,stroke,female,all,hospital_registered,hospital_only,not_applicable,observed,annual_previous_5yr_mean,293.6,count,1468,,,,,,,,5,final,,,,,,,,none,No disclosure restriction identified.,293.600
bnr_cvd_public_metric_v2,CVD-BURDEN-001,cvd_2024_05,quarterly,2024_q2,2024-04-01,2024,4,2,0,stroke,male,all,hospital_registered,hospital_only,not_applicable,observed,quarterly_count,44,count,44,,,,,,,,,final,,,,,,,,none,No disclosure restriction identified.,44.000
bnr_cvd_public_metric_v2,CVD-BURDEN-001,cvd_2024_05,annual,2024,2024-01-01,2024,,,0,stroke,male,all,hospital_registered,hospital_only,not_applicable,observed,annual_previous_5yr_mean,287.8,count,1439,,,,,,,,5,final,,,,,,,,none,No disclosure restriction identified.,287.800
bnr_cvd_public_metric_v2,CVD-BURDEN-001,cvd_2024_05,annual,2024,2024-01-01,2024,,,0,stroke,male,all,hospital_registered,hospital_only,not_applicable,observed,annual_count,110,count,110,,,,,,,,,final,,,,,,,,none,No disclosure restriction identified.,110.000
bnr_cvd_public_metric_v2,CVD-BURDEN-001,cvd_2024_05,quarterly,2024_q1,2024-01-01,2024,1,1,1,stroke,male,all,hospital_registered,hospital_only,not_applicable,observed,quarterly_same_quarter_previous_5yr_mean,74.59999999999999,count,373,,,,,,,,5,final,,,,,,,,none,No disclosure restriction identified.,74.600
bnr_cvd_public_metric_v2,CVD-BURDEN-002,cvd_2024_05,annual,2024,2024-01-01,2024,,,0,stroke,male,all,hospital_registered,hospital_only,not_applicable,observed,sex_distribution,49.7737556561086,percent,110,221,,,,,,,,final,,,,,,,,none,No disclosure restriction identified.,49.774
bnr_cvd_public_metric_v2,CVD-BURDEN-001,cvd_2024_05,quarterly,2024_q1,2024-01-01,2024,1,1,1,stroke,male,all,hospital_registered,hospital_only,not_applicable,observed,quarterly_count,66,count,66,,,,,,,,,final,,,,,,,,none,No disclosure restriction identified.,66.000
bnr_cvd_public_metric_v2,CVD-BURDEN-001,cvd_2024_05,quarterly,2024_q2,2024-04-01,2024,4,2,0,stroke,male,all,hospital_registered,hospital_only,not_applicable,observed,quarterly_same_quarter_previous_5yr_mean,68.59999999999999,count,343,,,,,,,,5,final,,,,,,,,none,No disclosure restriction identified.,68.600
