metric_id,release_id,period_type,period,period_start,period_year,period_month,period_quarter,period_complete,event_type,sex,age_group,case_definition,source_status,statistic,value,display_value,unit,numerator,denominator,comparison_n,status_flag,sdc_policy,primary_suppression_threshold,primary_suppression,related_primary_cells,related_suppression_review,suppression_review,suppression_reason,suppression_status,disclosure_note
MORT-BURDEN-001,mort_2026_07,annual,2010,2010-01-01,2010,,,1,all_cvd,all,age_70_plus,primary_clear_likely,death_certificate,annual_count,352,352,count,352,,,final,bnr_sdc_v1,6,0,0,0,0,,none,No disclosure restriction identified.
MORT-BURDEN-001,mort_2026_07,annual,2010,2010-01-01,2010,,,1,all_cvd,all,all,primary_clear_likely,death_certificate,annual_count,469,469,count,469,,,final,bnr_sdc_v1,6,0,0,0,0,,none,No disclosure restriction identified.
MORT-BURDEN-001,mort_2026_07,annual,2010,2010-01-01,2010,,,1,all_cvd,all,under_70,primary_clear_likely,death_certificate,annual_count,117,117,count,117,,,final,bnr_sdc_v1,6,0,0,0,0,,none,No disclosure restriction identified.
MORT-BURDEN-001,mort_2026_07,annual,2010,2010-01-01,2010,,,1,all_cvd,female,all,primary_clear_likely,death_certificate,annual_count,261,261,count,261,,,final,bnr_sdc_v1,6,0,0,0,0,,none,No disclosure restriction identified.
MORT-BURDEN-001,mort_2026_07,annual,2010,2010-01-01,2010,,,1,all_cvd,male,all,primary_clear_likely,death_certificate,annual_count,208,208,count,208,,,final,bnr_sdc_v1,6,0,0,0,0,,none,No disclosure restriction identified.
MORT-BURDEN-001,mort_2026_07,annual,2010,2010-01-01,2010,,,1,heart,all,all,primary_clear_likely,death_certificate,annual_count,222,222,count,222,,,final,bnr_sdc_v1,6,0,0,0,0,,none,No disclosure restriction identified.
MORT-BURDEN-001,mort_2026_07,annual,2010,2010-01-01,2010,,,1,heart,female,all,primary_clear_likely,death_certificate,annual_count,114,114,count,114,,,final,bnr_sdc_v1,6,0,0,0,0,,none,No disclosure restriction identified.
MORT-BURDEN-001,mort_2026_07,annual,2010,2010-01-01,2010,,,1,heart,male,all,primary_clear_likely,death_certificate,annual_count,108,108,count,108,,,final,bnr_sdc_v1,6,0,0,0,0,,none,No disclosure restriction identified.
MORT-BURDEN-001,mort_2026_07,annual,2010,2010-01-01,2010,,,1,stroke,all,all,primary_clear_likely,death_certificate,annual_count,247,247,count,247,,,final,bnr_sdc_v1,6,0,0,0,0,,none,No disclosure restriction identified.
MORT-BURDEN-001,mort_2026_07,annual,2010,2010-01-01,2010,,,1,stroke,female,all,primary_clear_likely,death_certificate,annual_count,147,147,count,147,,,final,bnr_sdc_v1,6,0,0,0,0,,none,No disclosure restriction identified.
MORT-BURDEN-001,mort_2026_07,annual,2010,2010-01-01,2010,,,1,stroke,male,all,primary_clear_likely,death_certificate,annual_count,100,100,count,100,,,final,bnr_sdc_v1,6,0,0,0,0,,none,No disclosure restriction identified.
MORT-BURDEN-001,mort_2026_07,annual,2010,2010-01-01,2010,,,1,all_cvd,all,age_70_plus,upper_clear_likely_possible,death_certificate,annual_count,390,390,count,390,,,final,bnr_sdc_v1,6,0,0,0,0,,none,No disclosure restriction identified.
MORT-BURDEN-001,mort_2026_07,annual,2010,2010-01-01,2010,,,1,all_cvd,all,all,upper_clear_likely_possible,death_certificate,annual_count,554,554,count,554,,,final,bnr_sdc_v1,6,0,0,0,0,,none,No disclosure restriction identified.
MORT-BURDEN-001,mort_2026_07,annual,2010,2010-01-01,2010,,,1,all_cvd,all,under_70,upper_clear_likely_possible,death_certificate,annual_count,164,164,count,164,,,final,bnr_sdc_v1,6,0,0,0,0,,none,No disclosure restriction identified.
MORT-BURDEN-001,mort_2026_07,annual,2010,2010-01-01,2010,,,1,all_cvd,female,all,upper_clear_likely_possible,death_certificate,annual_count,302,302,count,302,,,final,bnr_sdc_v1,6,0,0,0,0,,none,No disclosure restriction identified.
MORT-BURDEN-001,mort_2026_07,annual,2010,2010-01-01,2010,,,1,all_cvd,male,all,upper_clear_likely_possible,death_certificate,annual_count,252,252,count,252,,,final,bnr_sdc_v1,6,0,0,0,0,,none,No disclosure restriction identified.
MORT-BURDEN-001,mort_2026_07,annual,2010,2010-01-01,2010,,,1,heart,all,all,upper_clear_likely_possible,death_certificate,annual_count,292,292,count,292,,,final,bnr_sdc_v1,6,0,0,0,0,,none,No disclosure restriction identified.
MORT-BURDEN-001,mort_2026_07,annual,2010,2010-01-01,2010,,,1,heart,female,all,upper_clear_likely_possible,death_certificate,annual_count,144,144,count,144,,,final,bnr_sdc_v1,6,0,0,0,0,,none,No disclosure restriction identified.
MORT-BURDEN-001,mort_2026_07,annual,2010,2010-01-01,2010,,,1,heart,male,all,upper_clear_likely_possible,death_certificate,annual_count,148,148,count,148,,,final,bnr_sdc_v1,6,0,0,0,0,,none,No disclosure restriction identified.
MORT-BURDEN-001,mort_2026_07,annual,2010,2010-01-01,2010,,,1,stroke,all,all,upper_clear_likely_possible,death_certificate,annual_count,262,262,count,262,,,final,bnr_sdc_v1,6,0,0,0,0,,none,No disclosure restriction identified.
MORT-BURDEN-001,mort_2026_07,annual,2010,2010-01-01,2010,,,1,stroke,female,all,upper_clear_likely_possible,death_certificate,annual_count,158,158,count,158,,,final,bnr_sdc_v1,6,0,0,0,0,,none,No disclosure restriction identified.
MORT-BURDEN-001,mort_2026_07,annual,2010,2010-01-01,2010,,,1,stroke,male,all,upper_clear_likely_possible,death_certificate,annual_count,104,104,count,104,,,final,bnr_sdc_v1,6,0,0,0,0,,none,No disclosure restriction identified.
MORT-BURDEN-001,mort_2026_07,annual,2011,2011-01-01,2011,,,1,all_cvd,all,age_70_plus,primary_clear_likely,death_certificate,annual_count,350,350,count,350,,,final,bnr_sdc_v1,6,0,0,0,0,,none,No disclosure restriction identified.
MORT-BURDEN-001,mort_2026_07,annual,2011,2011-01-01,2011,,,1,all_cvd,all,age_70_plus,primary_clear_likely,death_certificate,annual_previous_5yr_mean,,,count,,,1,insufficient_history,bnr_sdc_v1,6,0,0,0,0,,none,No disclosure restriction identified.
MORT-BURDEN-001,mort_2026_07,annual,2011,2011-01-01,2011,,,1,all_cvd,all,all,primary_clear_likely,death_certificate,annual_count,474,474,count,474,,,final,bnr_sdc_v1,6,0,0,0,0,,none,No disclosure restriction identified.
MORT-BURDEN-001,mort_2026_07,annual,2011,2011-01-01,2011,,,1,all_cvd,all,all,primary_clear_likely,death_certificate,annual_previous_5yr_mean,,,count,,,1,insufficient_history,bnr_sdc_v1,6,0,0,0,0,,none,No disclosure restriction identified.
MORT-BURDEN-001,mort_2026_07,annual,2011,2011-01-01,2011,,,1,all_cvd,all,under_70,primary_clear_likely,death_certificate,annual_count,124,124,count,124,,,final,bnr_sdc_v1,6,0,0,0,0,,none,No disclosure restriction identified.
MORT-BURDEN-001,mort_2026_07,annual,2011,2011-01-01,2011,,,1,all_cvd,all,under_70,primary_clear_likely,death_certificate,annual_previous_5yr_mean,,,count,,,1,insufficient_history,bnr_sdc_v1,6,0,0,0,0,,none,No disclosure restriction identified.
MORT-BURDEN-001,mort_2026_07,annual,2011,2011-01-01,2011,,,1,all_cvd,female,all,primary_clear_likely,death_certificate,annual_count,254,254,count,254,,,final,bnr_sdc_v1,6,0,0,0,0,,none,No disclosure restriction identified.
MORT-BURDEN-001,mort_2026_07,annual,2011,2011-01-01,2011,,,1,all_cvd,female,all,primary_clear_likely,death_certificate,annual_previous_5yr_mean,,,count,,,1,insufficient_history,bnr_sdc_v1,6,0,0,0,0,,none,No disclosure restriction identified.
MORT-BURDEN-001,mort_2026_07,annual,2011,2011-01-01,2011,,,1,all_cvd,male,all,primary_clear_likely,death_certificate,annual_count,220,220,count,220,,,final,bnr_sdc_v1,6,0,0,0,0,,none,No disclosure restriction identified.
MORT-BURDEN-001,mort_2026_07,annual,2011,2011-01-01,2011,,,1,all_cvd,male,all,primary_clear_likely,death_certificate,annual_previous_5yr_mean,,,count,,,1,insufficient_history,bnr_sdc_v1,6,0,0,0,0,,none,No disclosure restriction identified.
MORT-BURDEN-001,mort_2026_07,annual,2011,2011-01-01,2011,,,1,heart,all,all,primary_clear_likely,death_certificate,annual_count,218,218,count,218,,,final,bnr_sdc_v1,6,0,0,0,0,,none,No disclosure restriction identified.
MORT-BURDEN-001,mort_2026_07,annual,2011,2011-01-01,2011,,,1,heart,all,all,primary_clear_likely,death_certificate,annual_previous_5yr_mean,,,count,,,1,insufficient_history,bnr_sdc_v1,6,0,0,0,0,,none,No disclosure restriction identified.
MORT-BURDEN-001,mort_2026_07,annual,2011,2011-01-01,2011,,,1,heart,female,all,primary_clear_likely,death_certificate,annual_count,110,110,count,110,,,final,bnr_sdc_v1,6,0,0,0,0,,none,No disclosure restriction identified.
MORT-BURDEN-001,mort_2026_07,annual,2011,2011-01-01,2011,,,1,heart,female,all,primary_clear_likely,death_certificate,annual_previous_5yr_mean,,,count,,,1,insufficient_history,bnr_sdc_v1,6,0,0,0,0,,none,No disclosure restriction identified.
MORT-BURDEN-001,mort_2026_07,annual,2011,2011-01-01,2011,,,1,heart,male,all,primary_clear_likely,death_certificate,annual_count,108,108,count,108,,,final,bnr_sdc_v1,6,0,0,0,0,,none,No disclosure restriction identified.
MORT-BURDEN-001,mort_2026_07,annual,2011,2011-01-01,2011,,,1,heart,male,all,primary_clear_likely,death_certificate,annual_previous_5yr_mean,,,count,,,1,insufficient_history,bnr_sdc_v1,6,0,0,0,0,,none,No disclosure restriction identified.
MORT-BURDEN-001,mort_2026_07,annual,2011,2011-01-01,2011,,,1,stroke,all,all,primary_clear_likely,death_certificate,annual_count,256,256,count,256,,,final,bnr_sdc_v1,6,0,0,0,0,,none,No disclosure restriction identified.
MORT-BURDEN-001,mort_2026_07,annual,2011,2011-01-01,2011,,,1,stroke,all,all,primary_clear_likely,death_certificate,annual_previous_5yr_mean,,,count,,,1,insufficient_history,bnr_sdc_v1,6,0,0,0,0,,none,No disclosure restriction identified.
MORT-BURDEN-001,mort_2026_07,annual,2011,2011-01-01,2011,,,1,stroke,female,all,primary_clear_likely,death_certificate,annual_count,144,144,count,144,,,final,bnr_sdc_v1,6,0,0,0,0,,none,No disclosure restriction identified.
MORT-BURDEN-001,mort_2026_07,annual,2011,2011-01-01,2011,,,1,stroke,female,all,primary_clear_likely,death_certificate,annual_previous_5yr_mean,,,count,,,1,insufficient_history,bnr_sdc_v1,6,0,0,0,0,,none,No disclosure restriction identified.
MORT-BURDEN-001,mort_2026_07,annual,2011,2011-01-01,2011,,,1,stroke,male,all,primary_clear_likely,death_certificate,annual_count,112,112,count,112,,,final,bnr_sdc_v1,6,0,0,0,0,,none,No disclosure restriction identified.
MORT-BURDEN-001,mort_2026_07,annual,2011,2011-01-01,2011,,,1,stroke,male,all,primary_clear_likely,death_certificate,annual_previous_5yr_mean,,,count,,,1,insufficient_history,bnr_sdc_v1,6,0,0,0,0,,none,No disclosure restriction identified.
MORT-BURDEN-001,mort_2026_07,annual,2011,2011-01-01,2011,,,1,all_cvd,all,age_70_plus,upper_clear_likely_possible,death_certificate,annual_count,389,389,count,389,,,final,bnr_sdc_v1,6,0,0,0,0,,none,No disclosure restriction identified.
MORT-BURDEN-001,mort_2026_07,annual,2011,2011-01-01,2011,,,1,all_cvd,all,age_70_plus,upper_clear_likely_possible,death_certificate,annual_previous_5yr_mean,,,count,,,1,insufficient_history,bnr_sdc_v1,6,0,0,0,0,,none,No disclosure restriction identified.
MORT-BURDEN-001,mort_2026_07,annual,2011,2011-01-01,2011,,,1,all_cvd,all,all,upper_clear_likely_possible,death_certificate,annual_count,540,540,count,540,,,final,bnr_sdc_v1,6,0,0,0,0,,none,No disclosure restriction identified.
MORT-BURDEN-001,mort_2026_07,annual,2011,2011-01-01,2011,,,1,all_cvd,all,all,upper_clear_likely_possible,death_certificate,annual_previous_5yr_mean,,,count,,,1,insufficient_history,bnr_sdc_v1,6,0,0,0,0,,none,No disclosure restriction identified.
MORT-BURDEN-001,mort_2026_07,annual,2011,2011-01-01,2011,,,1,all_cvd,all,under_70,upper_clear_likely_possible,death_certificate,annual_count,151,151,count,151,,,final,bnr_sdc_v1,6,0,0,0,0,,none,No disclosure restriction identified.
MORT-BURDEN-001,mort_2026_07,annual,2011,2011-01-01,2011,,,1,all_cvd,all,under_70,upper_clear_likely_possible,death_certificate,annual_previous_5yr_mean,,,count,,,1,insufficient_history,bnr_sdc_v1,6,0,0,0,0,,none,No disclosure restriction identified.
MORT-BURDEN-001,mort_2026_07,annual,2011,2011-01-01,2011,,,1,all_cvd,female,all,upper_clear_likely_possible,death_certificate,annual_count,282,282,count,282,,,final,bnr_sdc_v1,6,0,0,0,0,,none,No disclosure restriction identified.
MORT-BURDEN-001,mort_2026_07,annual,2011,2011-01-01,2011,,,1,all_cvd,female,all,upper_clear_likely_possible,death_certificate,annual_previous_5yr_mean,,,count,,,1,insufficient_history,bnr_sdc_v1,6,0,0,0,0,,none,No disclosure restriction identified.
MORT-BURDEN-001,mort_2026_07,annual,2011,2011-01-01,2011,,,1,all_cvd,male,all,upper_clear_likely_possible,death_certificate,annual_count,258,258,count,258,,,final,bnr_sdc_v1,6,0,0,0,0,,none,No disclosure restriction identified.
MORT-BURDEN-001,mort_2026_07,annual,2011,2011-01-01,2011,,,1,all_cvd,male,all,upper_clear_likely_possible,death_certificate,annual_previous_5yr_mean,,,count,,,1,insufficient_history,bnr_sdc_v1,6,0,0,0,0,,none,No disclosure restriction identified.
MORT-BURDEN-001,mort_2026_07,annual,2011,2011-01-01,2011,,,1,heart,all,all,upper_clear_likely_possible,death_certificate,annual_count,266,266,count,266,,,final,bnr_sdc_v1,6,0,0,0,0,,none,No disclosure restriction identified.
MORT-BURDEN-001,mort_2026_07,annual,2011,2011-01-01,2011,,,1,heart,all,all,upper_clear_likely_possible,death_certificate,annual_previous_5yr_mean,,,count,,,1,insufficient_history,bnr_sdc_v1,6,0,0,0,0,,none,No disclosure restriction identified.
MORT-BURDEN-001,mort_2026_07,annual,2011,2011-01-01,2011,,,1,heart,female,all,upper_clear_likely_possible,death_certificate,annual_count,129,129,count,129,,,final,bnr_sdc_v1,6,0,0,0,0,,none,No disclosure restriction identified.
MORT-BURDEN-001,mort_2026_07,annual,2011,2011-01-01,2011,,,1,heart,female,all,upper_clear_likely_possible,death_certificate,annual_previous_5yr_mean,,,count,,,1,insufficient_history,bnr_sdc_v1,6,0,0,0,0,,none,No disclosure restriction identified.
MORT-BURDEN-001,mort_2026_07,annual,2011,2011-01-01,2011,,,1,heart,male,all,upper_clear_likely_possible,death_certificate,annual_count,137,137,count,137,,,final,bnr_sdc_v1,6,0,0,0,0,,none,No disclosure restriction identified.
MORT-BURDEN-001,mort_2026_07,annual,2011,2011-01-01,2011,,,1,heart,male,all,upper_clear_likely_possible,death_certificate,annual_previous_5yr_mean,,,count,,,1,insufficient_history,bnr_sdc_v1,6,0,0,0,0,,none,No disclosure restriction identified.
MORT-BURDEN-001,mort_2026_07,annual,2011,2011-01-01,2011,,,1,stroke,all,all,upper_clear_likely_possible,death_certificate,annual_count,274,274,count,274,,,final,bnr_sdc_v1,6,0,0,0,0,,none,No disclosure restriction identified.
MORT-BURDEN-001,mort_2026_07,annual,2011,2011-01-01,2011,,,1,stroke,all,all,upper_clear_likely_possible,death_certificate,annual_previous_5yr_mean,,,count,,,1,insufficient_history,bnr_sdc_v1,6,0,0,0,0,,none,No disclosure restriction identified.
MORT-BURDEN-001,mort_2026_07,annual,2011,2011-01-01,2011,,,1,stroke,female,all,upper_clear_likely_possible,death_certificate,annual_count,153,153,count,153,,,final,bnr_sdc_v1,6,0,0,0,0,,none,No disclosure restriction identified.
MORT-BURDEN-001,mort_2026_07,annual,2011,2011-01-01,2011,,,1,stroke,female,all,upper_clear_likely_possible,death_certificate,annual_previous_5yr_mean,,,count,,,1,insufficient_history,bnr_sdc_v1,6,0,0,0,0,,none,No disclosure restriction identified.
MORT-BURDEN-001,mort_2026_07,annual,2011,2011-01-01,2011,,,1,stroke,male,all,upper_clear_likely_possible,death_certificate,annual_count,121,121,count,121,,,final,bnr_sdc_v1,6,0,0,0,0,,none,No disclosure restriction identified.
MORT-BURDEN-001,mort_2026_07,annual,2011,2011-01-01,2011,,,1,stroke,male,all,upper_clear_likely_possible,death_certificate,annual_previous_5yr_mean,,,count,,,1,insufficient_history,bnr_sdc_v1,6,0,0,0,0,,none,No disclosure restriction identified.
MORT-BURDEN-001,mort_2026_07,annual,2012,2012-01-01,2012,,,1,all_cvd,all,age_70_plus,primary_clear_likely,death_certificate,annual_count,406,406,count,406,,,final,bnr_sdc_v1,6,0,0,0,0,,none,No disclosure restriction identified.
MORT-BURDEN-001,mort_2026_07,annual,2012,2012-01-01,2012,,,1,all_cvd,all,age_70_plus,primary_clear_likely,death_certificate,annual_previous_5yr_mean,,,count,,,2,insufficient_history,bnr_sdc_v1,6,0,0,0,0,,none,No disclosure restriction identified.
MORT-BURDEN-001,mort_2026_07,annual,2012,2012-01-01,2012,,,1,all_cvd,all,all,primary_clear_likely,death_certificate,annual_count,515,515,count,515,,,final,bnr_sdc_v1,6,0,0,0,0,,none,No disclosure restriction identified.
MORT-BURDEN-001,mort_2026_07,annual,2012,2012-01-01,2012,,,1,all_cvd,all,all,primary_clear_likely,death_certificate,annual_previous_5yr_mean,,,count,,,2,insufficient_history,bnr_sdc_v1,6,0,0,0,0,,none,No disclosure restriction identified.
MORT-BURDEN-001,mort_2026_07,annual,2012,2012-01-01,2012,,,1,all_cvd,all,under_70,primary_clear_likely,death_certificate,annual_count,109,109,count,109,,,final,bnr_sdc_v1,6,0,0,0,0,,none,No disclosure restriction identified.
MORT-BURDEN-001,mort_2026_07,annual,2012,2012-01-01,2012,,,1,all_cvd,all,under_70,primary_clear_likely,death_certificate,annual_previous_5yr_mean,,,count,,,2,insufficient_history,bnr_sdc_v1,6,0,0,0,0,,none,No disclosure restriction identified.
MORT-BURDEN-001,mort_2026_07,annual,2012,2012-01-01,2012,,,1,all_cvd,female,all,primary_clear_likely,death_certificate,annual_count,287,287,count,287,,,final,bnr_sdc_v1,6,0,0,0,0,,none,No disclosure restriction identified.
MORT-BURDEN-001,mort_2026_07,annual,2012,2012-01-01,2012,,,1,all_cvd,female,all,primary_clear_likely,death_certificate,annual_previous_5yr_mean,,,count,,,2,insufficient_history,bnr_sdc_v1,6,0,0,0,0,,none,No disclosure restriction identified.
MORT-BURDEN-001,mort_2026_07,annual,2012,2012-01-01,2012,,,1,all_cvd,male,all,primary_clear_likely,death_certificate,annual_count,228,228,count,228,,,final,bnr_sdc_v1,6,0,0,0,0,,none,No disclosure restriction identified.
MORT-BURDEN-001,mort_2026_07,annual,2012,2012-01-01,2012,,,1,all_cvd,male,all,primary_clear_likely,death_certificate,annual_previous_5yr_mean,,,count,,,2,insufficient_history,bnr_sdc_v1,6,0,0,0,0,,none,No disclosure restriction identified.
MORT-BURDEN-001,mort_2026_07,annual,2012,2012-01-01,2012,,,1,heart,all,all,primary_clear_likely,death_certificate,annual_count,248,248,count,248,,,final,bnr_sdc_v1,6,0,0,0,0,,none,No disclosure restriction identified.
MORT-BURDEN-001,mort_2026_07,annual,2012,2012-01-01,2012,,,1,heart,all,all,primary_clear_likely,death_certificate,annual_previous_5yr_mean,,,count,,,2,insufficient_history,bnr_sdc_v1,6,0,0,0,0,,none,No disclosure restriction identified.
MORT-BURDEN-001,mort_2026_07,annual,2012,2012-01-01,2012,,,1,heart,female,all,primary_clear_likely,death_certificate,annual_count,130,130,count,130,,,final,bnr_sdc_v1,6,0,0,0,0,,none,No disclosure restriction identified.
MORT-BURDEN-001,mort_2026_07,annual,2012,2012-01-01,2012,,,1,heart,female,all,primary_clear_likely,death_certificate,annual_previous_5yr_mean,,,count,,,2,insufficient_history,bnr_sdc_v1,6,0,0,0,0,,none,No disclosure restriction identified.
MORT-BURDEN-001,mort_2026_07,annual,2012,2012-01-01,2012,,,1,heart,male,all,primary_clear_likely,death_certificate,annual_count,118,118,count,118,,,final,bnr_sdc_v1,6,0,0,0,0,,none,No disclosure restriction identified.
MORT-BURDEN-001,mort_2026_07,annual,2012,2012-01-01,2012,,,1,heart,male,all,primary_clear_likely,death_certificate,annual_previous_5yr_mean,,,count,,,2,insufficient_history,bnr_sdc_v1,6,0,0,0,0,,none,No disclosure restriction identified.
MORT-BURDEN-001,mort_2026_07,annual,2012,2012-01-01,2012,,,1,stroke,all,all,primary_clear_likely,death_certificate,annual_count,267,267,count,267,,,final,bnr_sdc_v1,6,0,0,0,0,,none,No disclosure restriction identified.
MORT-BURDEN-001,mort_2026_07,annual,2012,2012-01-01,2012,,,1,stroke,all,all,primary_clear_likely,death_certificate,annual_previous_5yr_mean,,,count,,,2,insufficient_history,bnr_sdc_v1,6,0,0,0,0,,none,No disclosure restriction identified.
MORT-BURDEN-001,mort_2026_07,annual,2012,2012-01-01,2012,,,1,stroke,female,all,primary_clear_likely,death_certificate,annual_count,157,157,count,157,,,final,bnr_sdc_v1,6,0,0,0,0,,none,No disclosure restriction identified.
MORT-BURDEN-001,mort_2026_07,annual,2012,2012-01-01,2012,,,1,stroke,female,all,primary_clear_likely,death_certificate,annual_previous_5yr_mean,,,count,,,2,insufficient_history,bnr_sdc_v1,6,0,0,0,0,,none,No disclosure restriction identified.
MORT-BURDEN-001,mort_2026_07,annual,2012,2012-01-01,2012,,,1,stroke,male,all,primary_clear_likely,death_certificate,annual_count,110,110,count,110,,,final,bnr_sdc_v1,6,0,0,0,0,,none,No disclosure restriction identified.
MORT-BURDEN-001,mort_2026_07,annual,2012,2012-01-01,2012,,,1,stroke,male,all,primary_clear_likely,death_certificate,annual_previous_5yr_mean,,,count,,,2,insufficient_history,bnr_sdc_v1,6,0,0,0,0,,none,No disclosure restriction identified.
MORT-BURDEN-001,mort_2026_07,annual,2012,2012-01-01,2012,,,1,all_cvd,all,age_70_plus,upper_clear_likely_possible,death_certificate,annual_count,443,443,count,443,,,final,bnr_sdc_v1,6,0,0,0,0,,none,No disclosure restriction identified.
MORT-BURDEN-001,mort_2026_07,annual,2012,2012-01-01,2012,,,1,all_cvd,all,age_70_plus,upper_clear_likely_possible,death_certificate,annual_previous_5yr_mean,,,count,,,2,insufficient_history,bnr_sdc_v1,6,0,0,0,0,,none,No disclosure restriction identified.
MORT-BURDEN-001,mort_2026_07,annual,2012,2012-01-01,2012,,,1,all_cvd,all,all,upper_clear_likely_possible,death_certificate,annual_count,591,591,count,591,,,final,bnr_sdc_v1,6,0,0,0,0,,none,No disclosure restriction identified.
MORT-BURDEN-001,mort_2026_07,annual,2012,2012-01-01,2012,,,1,all_cvd,all,all,upper_clear_likely_possible,death_certificate,annual_previous_5yr_mean,,,count,,,2,insufficient_history,bnr_sdc_v1,6,0,0,0,0,,none,No disclosure restriction identified.
MORT-BURDEN-001,mort_2026_07,annual,2012,2012-01-01,2012,,,1,all_cvd,all,under_70,upper_clear_likely_possible,death_certificate,annual_count,148,148,count,148,,,final,bnr_sdc_v1,6,0,0,0,0,,none,No disclosure restriction identified.
MORT-BURDEN-001,mort_2026_07,annual,2012,2012-01-01,2012,,,1,all_cvd,all,under_70,upper_clear_likely_possible,death_certificate,annual_previous_5yr_mean,,,count,,,2,insufficient_history,bnr_sdc_v1,6,0,0,0,0,,none,No disclosure restriction identified.
MORT-BURDEN-001,mort_2026_07,annual,2012,2012-01-01,2012,,,1,all_cvd,female,all,upper_clear_likely_possible,death_certificate,annual_count,324,324,count,324,,,final,bnr_sdc_v1,6,0,0,0,0,,none,No disclosure restriction identified.
MORT-BURDEN-001,mort_2026_07,annual,2012,2012-01-01,2012,,,1,all_cvd,female,all,upper_clear_likely_possible,death_certificate,annual_previous_5yr_mean,,,count,,,2,insufficient_history,bnr_sdc_v1,6,0,0,0,0,,none,No disclosure restriction identified.
MORT-BURDEN-001,mort_2026_07,annual,2012,2012-01-01,2012,,,1,all_cvd,male,all,upper_clear_likely_possible,death_certificate,annual_count,267,267,count,267,,,final,bnr_sdc_v1,6,0,0,0,0,,none,No disclosure restriction identified.
MORT-BURDEN-001,mort_2026_07,annual,2012,2012-01-01,2012,,,1,all_cvd,male,all,upper_clear_likely_possible,death_certificate,annual_previous_5yr_mean,,,count,,,2,insufficient_history,bnr_sdc_v1,6,0,0,0,0,,none,No disclosure restriction identified.
MORT-BURDEN-001,mort_2026_07,annual,2012,2012-01-01,2012,,,1,heart,all,all,upper_clear_likely_possible,death_certificate,annual_count,302,302,count,302,,,final,bnr_sdc_v1,6,0,0,0,0,,none,No disclosure restriction identified.
MORT-BURDEN-001,mort_2026_07,annual,2012,2012-01-01,2012,,,1,heart,all,all,upper_clear_likely_possible,death_certificate,annual_previous_5yr_mean,,,count,,,2,insufficient_history,bnr_sdc_v1,6,0,0,0,0,,none,No disclosure restriction identified.
MORT-BURDEN-001,mort_2026_07,annual,2012,2012-01-01,2012,,,1,heart,female,all,upper_clear_likely_possible,death_certificate,annual_count,155,155,count,155,,,final,bnr_sdc_v1,6,0,0,0,0,,none,No disclosure restriction identified.
MORT-BURDEN-001,mort_2026_07,annual,2012,2012-01-01,2012,,,1,heart,female,all,upper_clear_likely_possible,death_certificate,annual_previous_5yr_mean,,,count,,,2,insufficient_history,bnr_sdc_v1,6,0,0,0,0,,none,No disclosure restriction identified.
MORT-BURDEN-001,mort_2026_07,annual,2012,2012-01-01,2012,,,1,heart,male,all,upper_clear_likely_possible,death_certificate,annual_count,147,147,count,147,,,final,bnr_sdc_v1,6,0,0,0,0,,none,No disclosure restriction identified.
MORT-BURDEN-001,mort_2026_07,annual,2012,2012-01-01,2012,,,1,heart,male,all,upper_clear_likely_possible,death_certificate,annual_previous_5yr_mean,,,count,,,2,insufficient_history,bnr_sdc_v1,6,0,0,0,0,,none,No disclosure restriction identified.
MORT-BURDEN-001,mort_2026_07,annual,2012,2012-01-01,2012,,,1,stroke,all,all,upper_clear_likely_possible,death_certificate,annual_count,289,289,count,289,,,final,bnr_sdc_v1,6,0,0,0,0,,none,No disclosure restriction identified.
MORT-BURDEN-001,mort_2026_07,annual,2012,2012-01-01,2012,,,1,stroke,all,all,upper_clear_likely_possible,death_certificate,annual_previous_5yr_mean,,,count,,,2,insufficient_history,bnr_sdc_v1,6,0,0,0,0,,none,No disclosure restriction identified.
MORT-BURDEN-001,mort_2026_07,annual,2012,2012-01-01,2012,,,1,stroke,female,all,upper_clear_likely_possible,death_certificate,annual_count,169,169,count,169,,,final,bnr_sdc_v1,6,0,0,0,0,,none,No disclosure restriction identified.
MORT-BURDEN-001,mort_2026_07,annual,2012,2012-01-01,2012,,,1,stroke,female,all,upper_clear_likely_possible,death_certificate,annual_previous_5yr_mean,,,count,,,2,insufficient_history,bnr_sdc_v1,6,0,0,0,0,,none,No disclosure restriction identified.
MORT-BURDEN-001,mort_2026_07,annual,2012,2012-01-01,2012,,,1,stroke,male,all,upper_clear_likely_possible,death_certificate,annual_count,120,120,count,120,,,final,bnr_sdc_v1,6,0,0,0,0,,none,No disclosure restriction identified.
MORT-BURDEN-001,mort_2026_07,annual,2012,2012-01-01,2012,,,1,stroke,male,all,upper_clear_likely_possible,death_certificate,annual_previous_5yr_mean,,,count,,,2,insufficient_history,bnr_sdc_v1,6,0,0,0,0,,none,No disclosure restriction identified.
MORT-BURDEN-001,mort_2026_07,annual,2013,2013-01-01,2013,,,1,all_cvd,all,age_70_plus,primary_clear_likely,death_certificate,annual_count,392,392,count,392,,,final,bnr_sdc_v1,6,0,0,0,0,,none,No disclosure restriction identified.
MORT-BURDEN-001,mort_2026_07,annual,2013,2013-01-01,2013,,,1,all_cvd,all,age_70_plus,primary_clear_likely,death_certificate,annual_previous_5yr_mean,,,count,,,3,insufficient_history,bnr_sdc_v1,6,0,0,0,0,,none,No disclosure restriction identified.
MORT-BURDEN-001,mort_2026_07,annual,2013,2013-01-01,2013,,,1,all_cvd,all,all,primary_clear_likely,death_certificate,annual_count,536,536,count,536,,,final,bnr_sdc_v1,6,0,0,0,0,,none,No disclosure restriction identified.
MORT-BURDEN-001,mort_2026_07,annual,2013,2013-01-01,2013,,,1,all_cvd,all,all,primary_clear_likely,death_certificate,annual_previous_5yr_mean,,,count,,,3,insufficient_history,bnr_sdc_v1,6,0,0,0,0,,none,No disclosure restriction identified.
MORT-BURDEN-001,mort_2026_07,annual,2013,2013-01-01,2013,,,1,all_cvd,all,under_70,primary_clear_likely,death_certificate,annual_count,144,144,count,144,,,final,bnr_sdc_v1,6,0,0,0,0,,none,No disclosure restriction identified.
MORT-BURDEN-001,mort_2026_07,annual,2013,2013-01-01,2013,,,1,all_cvd,all,under_70,primary_clear_likely,death_certificate,annual_previous_5yr_mean,,,count,,,3,insufficient_history,bnr_sdc_v1,6,0,0,0,0,,none,No disclosure restriction identified.
MORT-BURDEN-001,mort_2026_07,annual,2013,2013-01-01,2013,,,1,all_cvd,female,all,primary_clear_likely,death_certificate,annual_count,285,285,count,285,,,final,bnr_sdc_v1,6,0,0,0,0,,none,No disclosure restriction identified.
MORT-BURDEN-001,mort_2026_07,annual,2013,2013-01-01,2013,,,1,all_cvd,female,all,primary_clear_likely,death_certificate,annual_previous_5yr_mean,,,count,,,3,insufficient_history,bnr_sdc_v1,6,0,0,0,0,,none,No disclosure restriction identified.
MORT-BURDEN-001,mort_2026_07,annual,2013,2013-01-01,2013,,,1,all_cvd,male,all,primary_clear_likely,death_certificate,annual_count,251,251,count,251,,,final,bnr_sdc_v1,6,0,0,0,0,,none,No disclosure restriction identified.
MORT-BURDEN-001,mort_2026_07,annual,2013,2013-01-01,2013,,,1,all_cvd,male,all,primary_clear_likely,death_certificate,annual_previous_5yr_mean,,,count,,,3,insufficient_history,bnr_sdc_v1,6,0,0,0,0,,none,No disclosure restriction identified.
MORT-BURDEN-001,mort_2026_07,annual,2013,2013-01-01,2013,,,1,heart,all,all,primary_clear_likely,death_certificate,annual_count,264,264,count,264,,,final,bnr_sdc_v1,6,0,0,0,0,,none,No disclosure restriction identified.
MORT-BURDEN-001,mort_2026_07,annual,2013,2013-01-01,2013,,,1,heart,all,all,primary_clear_likely,death_certificate,annual_previous_5yr_mean,,,count,,,3,insufficient_history,bnr_sdc_v1,6,0,0,0,0,,none,No disclosure restriction identified.
MORT-BURDEN-001,mort_2026_07,annual,2013,2013-01-01,2013,,,1,heart,female,all,primary_clear_likely,death_certificate,annual_count,131,131,count,131,,,final,bnr_sdc_v1,6,0,0,0,0,,none,No disclosure restriction identified.
MORT-BURDEN-001,mort_2026_07,annual,2013,2013-01-01,2013,,,1,heart,female,all,primary_clear_likely,death_certificate,annual_previous_5yr_mean,,,count,,,3,insufficient_history,bnr_sdc_v1,6,0,0,0,0,,none,No disclosure restriction identified.
MORT-BURDEN-001,mort_2026_07,annual,2013,2013-01-01,2013,,,1,heart,male,all,primary_clear_likely,death_certificate,annual_count,133,133,count,133,,,final,bnr_sdc_v1,6,0,0,0,0,,none,No disclosure restriction identified.
MORT-BURDEN-001,mort_2026_07,annual,2013,2013-01-01,2013,,,1,heart,male,all,primary_clear_likely,death_certificate,annual_previous_5yr_mean,,,count,,,3,insufficient_history,bnr_sdc_v1,6,0,0,0,0,,none,No disclosure restriction identified.
MORT-BURDEN-001,mort_2026_07,annual,2013,2013-01-01,2013,,,1,stroke,all,all,primary_clear_likely,death_certificate,annual_count,272,272,count,272,,,final,bnr_sdc_v1,6,0,0,0,0,,none,No disclosure restriction identified.
MORT-BURDEN-001,mort_2026_07,annual,2013,2013-01-01,2013,,,1,stroke,all,all,primary_clear_likely,death_certificate,annual_previous_5yr_mean,,,count,,,3,insufficient_history,bnr_sdc_v1,6,0,0,0,0,,none,No disclosure restriction identified.
MORT-BURDEN-001,mort_2026_07,annual,2013,2013-01-01,2013,,,1,stroke,female,all,primary_clear_likely,death_certificate,annual_count,154,154,count,154,,,final,bnr_sdc_v1,6,0,0,0,0,,none,No disclosure restriction identified.
MORT-BURDEN-001,mort_2026_07,annual,2013,2013-01-01,2013,,,1,stroke,female,all,primary_clear_likely,death_certificate,annual_previous_5yr_mean,,,count,,,3,insufficient_history,bnr_sdc_v1,6,0,0,0,0,,none,No disclosure restriction identified.
MORT-BURDEN-001,mort_2026_07,annual,2013,2013-01-01,2013,,,1,stroke,male,all,primary_clear_likely,death_certificate,annual_count,118,118,count,118,,,final,bnr_sdc_v1,6,0,0,0,0,,none,No disclosure restriction identified.
MORT-BURDEN-001,mort_2026_07,annual,2013,2013-01-01,2013,,,1,stroke,male,all,primary_clear_likely,death_certificate,annual_previous_5yr_mean,,,count,,,3,insufficient_history,bnr_sdc_v1,6,0,0,0,0,,none,No disclosure restriction identified.
MORT-BURDEN-001,mort_2026_07,annual,2013,2013-01-01,2013,,,1,all_cvd,all,age_70_plus,upper_clear_likely_possible,death_certificate,annual_count,436,436,count,436,,,final,bnr_sdc_v1,6,0,0,0,0,,none,No disclosure restriction identified.
MORT-BURDEN-001,mort_2026_07,annual,2013,2013-01-01,2013,,,1,all_cvd,all,age_70_plus,upper_clear_likely_possible,death_certificate,annual_previous_5yr_mean,,,count,,,3,insufficient_history,bnr_sdc_v1,6,0,0,0,0,,none,No disclosure restriction identified.
MORT-BURDEN-001,mort_2026_07,annual,2013,2013-01-01,2013,,,1,all_cvd,all,all,upper_clear_likely_possible,death_certificate,annual_count,622,622,count,622,,,final,bnr_sdc_v1,6,0,0,0,0,,none,No disclosure restriction identified.
MORT-BURDEN-001,mort_2026_07,annual,2013,2013-01-01,2013,,,1,all_cvd,all,all,upper_clear_likely_possible,death_certificate,annual_previous_5yr_mean,,,count,,,3,insufficient_history,bnr_sdc_v1,6,0,0,0,0,,none,No disclosure restriction identified.
MORT-BURDEN-001,mort_2026_07,annual,2013,2013-01-01,2013,,,1,all_cvd,all,under_70,upper_clear_likely_possible,death_certificate,annual_count,186,186,count,186,,,final,bnr_sdc_v1,6,0,0,0,0,,none,No disclosure restriction identified.
MORT-BURDEN-001,mort_2026_07,annual,2013,2013-01-01,2013,,,1,all_cvd,all,under_70,upper_clear_likely_possible,death_certificate,annual_previous_5yr_mean,,,count,,,3,insufficient_history,bnr_sdc_v1,6,0,0,0,0,,none,No disclosure restriction identified.
MORT-BURDEN-001,mort_2026_07,annual,2013,2013-01-01,2013,,,1,all_cvd,female,all,upper_clear_likely_possible,death_certificate,annual_count,331,331,count,331,,,final,bnr_sdc_v1,6,0,0,0,0,,none,No disclosure restriction identified.
MORT-BURDEN-001,mort_2026_07,annual,2013,2013-01-01,2013,,,1,all_cvd,female,all,upper_clear_likely_possible,death_certificate,annual_previous_5yr_mean,,,count,,,3,insufficient_history,bnr_sdc_v1,6,0,0,0,0,,none,No disclosure restriction identified.
MORT-BURDEN-001,mort_2026_07,annual,2013,2013-01-01,2013,,,1,all_cvd,male,all,upper_clear_likely_possible,death_certificate,annual_count,291,291,count,291,,,final,bnr_sdc_v1,6,0,0,0,0,,none,No disclosure restriction identified.
MORT-BURDEN-001,mort_2026_07,annual,2013,2013-01-01,2013,,,1,all_cvd,male,all,upper_clear_likely_possible,death_certificate,annual_previous_5yr_mean,,,count,,,3,insufficient_history,bnr_sdc_v1,6,0,0,0,0,,none,No disclosure restriction identified.
MORT-BURDEN-001,mort_2026_07,annual,2013,2013-01-01,2013,,,1,heart,all,all,upper_clear_likely_possible,death_certificate,annual_count,316,316,count,316,,,final,bnr_sdc_v1,6,0,0,0,0,,none,No disclosure restriction identified.
MORT-BURDEN-001,mort_2026_07,annual,2013,2013-01-01,2013,,,1,heart,all,all,upper_clear_likely_possible,death_certificate,annual_previous_5yr_mean,,,count,,,3,insufficient_history,bnr_sdc_v1,6,0,0,0,0,,none,No disclosure restriction identified.
MORT-BURDEN-001,mort_2026_07,annual,2013,2013-01-01,2013,,,1,heart,female,all,upper_clear_likely_possible,death_certificate,annual_count,156,156,count,156,,,final,bnr_sdc_v1,6,0,0,0,0,,none,No disclosure restriction identified.
MORT-BURDEN-001,mort_2026_07,annual,2013,2013-01-01,2013,,,1,heart,female,all,upper_clear_likely_possible,death_certificate,annual_previous_5yr_mean,,,count,,,3,insufficient_history,bnr_sdc_v1,6,0,0,0,0,,none,No disclosure restriction identified.
MORT-BURDEN-001,mort_2026_07,annual,2013,2013-01-01,2013,,,1,heart,male,all,upper_clear_likely_possible,death_certificate,annual_count,160,160,count,160,,,final,bnr_sdc_v1,6,0,0,0,0,,none,No disclosure restriction identified.
MORT-BURDEN-001,mort_2026_07,annual,2013,2013-01-01,2013,,,1,heart,male,all,upper_clear_likely_possible,death_certificate,annual_previous_5yr_mean,,,count,,,3,insufficient_history,bnr_sdc_v1,6,0,0,0,0,,none,No disclosure restriction identified.
MORT-BURDEN-001,mort_2026_07,annual,2013,2013-01-01,2013,,,1,stroke,all,all,upper_clear_likely_possible,death_certificate,annual_count,306,306,count,306,,,final,bnr_sdc_v1,6,0,0,0,0,,none,No disclosure restriction identified.
MORT-BURDEN-001,mort_2026_07,annual,2013,2013-01-01,2013,,,1,stroke,all,all,upper_clear_likely_possible,death_certificate,annual_previous_5yr_mean,,,count,,,3,insufficient_history,bnr_sdc_v1,6,0,0,0,0,,none,No disclosure restriction identified.
MORT-BURDEN-001,mort_2026_07,annual,2013,2013-01-01,2013,,,1,stroke,female,all,upper_clear_likely_possible,death_certificate,annual_count,175,175,count,175,,,final,bnr_sdc_v1,6,0,0,0,0,,none,No disclosure restriction identified.
MORT-BURDEN-001,mort_2026_07,annual,2013,2013-01-01,2013,,,1,stroke,female,all,upper_clear_likely_possible,death_certificate,annual_previous_5yr_mean,,,count,,,3,insufficient_history,bnr_sdc_v1,6,0,0,0,0,,none,No disclosure restriction identified.
MORT-BURDEN-001,mort_2026_07,annual,2013,2013-01-01,2013,,,1,stroke,male,all,upper_clear_likely_possible,death_certificate,annual_count,131,131,count,131,,,final,bnr_sdc_v1,6,0,0,0,0,,none,No disclosure restriction identified.
MORT-BURDEN-001,mort_2026_07,annual,2013,2013-01-01,2013,,,1,stroke,male,all,upper_clear_likely_possible,death_certificate,annual_previous_5yr_mean,,,count,,,3,insufficient_history,bnr_sdc_v1,6,0,0,0,0,,none,No disclosure restriction identified.
MORT-BURDEN-001,mort_2026_07,annual,2014,2014-01-01,2014,,,1,all_cvd,all,age_70_plus,primary_clear_likely,death_certificate,annual_count,389,389,count,389,,,final,bnr_sdc_v1,6,0,0,0,0,,none,No disclosure restriction identified.
MORT-BURDEN-001,mort_2026_07,annual,2014,2014-01-01,2014,,,1,all_cvd,all,age_70_plus,primary_clear_likely,death_certificate,annual_previous_5yr_mean,,,count,,,4,insufficient_history,bnr_sdc_v1,6,0,0,0,0,,none,No disclosure restriction identified.
MORT-BURDEN-001,mort_2026_07,annual,2014,2014-01-01,2014,,,1,all_cvd,all,all,primary_clear_likely,death_certificate,annual_count,500,500,count,500,,,final,bnr_sdc_v1,6,0,0,0,0,,none,No disclosure restriction identified.
MORT-BURDEN-001,mort_2026_07,annual,2014,2014-01-01,2014,,,1,all_cvd,all,all,primary_clear_likely,death_certificate,annual_previous_5yr_mean,,,count,,,4,insufficient_history,bnr_sdc_v1,6,0,0,0,0,,none,No disclosure restriction identified.
MORT-BURDEN-001,mort_2026_07,annual,2014,2014-01-01,2014,,,1,all_cvd,all,under_70,primary_clear_likely,death_certificate,annual_count,111,111,count,111,,,final,bnr_sdc_v1,6,0,0,0,0,,none,No disclosure restriction identified.
MORT-BURDEN-001,mort_2026_07,annual,2014,2014-01-01,2014,,,1,all_cvd,all,under_70,primary_clear_likely,death_certificate,annual_previous_5yr_mean,,,count,,,4,insufficient_history,bnr_sdc_v1,6,0,0,0,0,,none,No disclosure restriction identified.
MORT-BURDEN-001,mort_2026_07,annual,2014,2014-01-01,2014,,,1,all_cvd,female,all,primary_clear_likely,death_certificate,annual_count,259,259,count,259,,,final,bnr_sdc_v1,6,0,0,0,0,,none,No disclosure restriction identified.
MORT-BURDEN-001,mort_2026_07,annual,2014,2014-01-01,2014,,,1,all_cvd,female,all,primary_clear_likely,death_certificate,annual_previous_5yr_mean,,,count,,,4,insufficient_history,bnr_sdc_v1,6,0,0,0,0,,none,No disclosure restriction identified.
MORT-BURDEN-001,mort_2026_07,annual,2014,2014-01-01,2014,,,1,all_cvd,male,all,primary_clear_likely,death_certificate,annual_count,241,241,count,241,,,final,bnr_sdc_v1,6,0,0,0,0,,none,No disclosure restriction identified.
MORT-BURDEN-001,mort_2026_07,annual,2014,2014-01-01,2014,,,1,all_cvd,male,all,primary_clear_likely,death_certificate,annual_previous_5yr_mean,,,count,,,4,insufficient_history,bnr_sdc_v1,6,0,0,0,0,,none,No disclosure restriction identified.
MORT-BURDEN-001,mort_2026_07,annual,2014,2014-01-01,2014,,,1,heart,all,all,primary_clear_likely,death_certificate,annual_count,255,255,count,255,,,final,bnr_sdc_v1,6,0,0,0,0,,none,No disclosure restriction identified.
MORT-BURDEN-001,mort_2026_07,annual,2014,2014-01-01,2014,,,1,heart,all,all,primary_clear_likely,death_certificate,annual_previous_5yr_mean,,,count,,,4,insufficient_history,bnr_sdc_v1,6,0,0,0,0,,none,No disclosure restriction identified.
MORT-BURDEN-001,mort_2026_07,annual,2014,2014-01-01,2014,,,1,heart,female,all,primary_clear_likely,death_certificate,annual_count,127,127,count,127,,,final,bnr_sdc_v1,6,0,0,0,0,,none,No disclosure restriction identified.
MORT-BURDEN-001,mort_2026_07,annual,2014,2014-01-01,2014,,,1,heart,female,all,primary_clear_likely,death_certificate,annual_previous_5yr_mean,,,count,,,4,insufficient_history,bnr_sdc_v1,6,0,0,0,0,,none,No disclosure restriction identified.
MORT-BURDEN-001,mort_2026_07,annual,2014,2014-01-01,2014,,,1,heart,male,all,primary_clear_likely,death_certificate,annual_count,128,128,count,128,,,final,bnr_sdc_v1,6,0,0,0,0,,none,No disclosure restriction identified.
MORT-BURDEN-001,mort_2026_07,annual,2014,2014-01-01,2014,,,1,heart,male,all,primary_clear_likely,death_certificate,annual_previous_5yr_mean,,,count,,,4,insufficient_history,bnr_sdc_v1,6,0,0,0,0,,none,No disclosure restriction identified.
MORT-BURDEN-001,mort_2026_07,annual,2014,2014-01-01,2014,,,1,stroke,all,all,primary_clear_likely,death_certificate,annual_count,245,245,count,245,,,final,bnr_sdc_v1,6,0,0,0,0,,none,No disclosure restriction identified.
MORT-BURDEN-001,mort_2026_07,annual,2014,2014-01-01,2014,,,1,stroke,all,all,primary_clear_likely,death_certificate,annual_previous_5yr_mean,,,count,,,4,insufficient_history,bnr_sdc_v1,6,0,0,0,0,,none,No disclosure restriction identified.
MORT-BURDEN-001,mort_2026_07,annual,2014,2014-01-01,2014,,,1,stroke,female,all,primary_clear_likely,death_certificate,annual_count,132,132,count,132,,,final,bnr_sdc_v1,6,0,0,0,0,,none,No disclosure restriction identified.
MORT-BURDEN-001,mort_2026_07,annual,2014,2014-01-01,2014,,,1,stroke,female,all,primary_clear_likely,death_certificate,annual_previous_5yr_mean,,,count,,,4,insufficient_history,bnr_sdc_v1,6,0,0,0,0,,none,No disclosure restriction identified.
MORT-BURDEN-001,mort_2026_07,annual,2014,2014-01-01,2014,,,1,stroke,male,all,primary_clear_likely,death_certificate,annual_count,113,113,count,113,,,final,bnr_sdc_v1,6,0,0,0,0,,none,No disclosure restriction identified.
MORT-BURDEN-001,mort_2026_07,annual,2014,2014-01-01,2014,,,1,stroke,male,all,primary_clear_likely,death_certificate,annual_previous_5yr_mean,,,count,,,4,insufficient_history,bnr_sdc_v1,6,0,0,0,0,,none,No disclosure restriction identified.
MORT-BURDEN-001,mort_2026_07,annual,2014,2014-01-01,2014,,,1,all_cvd,all,age_70_plus,upper_clear_likely_possible,death_certificate,annual_count,458,458,count,458,,,final,bnr_sdc_v1,6,0,0,0,0,,none,No disclosure restriction identified.
MORT-BURDEN-001,mort_2026_07,annual,2014,2014-01-01,2014,,,1,all_cvd,all,age_70_plus,upper_clear_likely_possible,death_certificate,annual_previous_5yr_mean,,,count,,,4,insufficient_history,bnr_sdc_v1,6,0,0,0,0,,none,No disclosure restriction identified.
MORT-BURDEN-001,mort_2026_07,annual,2014,2014-01-01,2014,,,1,all_cvd,all,all,upper_clear_likely_possible,death_certificate,annual_count,605,605,count,605,,,final,bnr_sdc_v1,6,0,0,0,0,,none,No disclosure restriction identified.
MORT-BURDEN-001,mort_2026_07,annual,2014,2014-01-01,2014,,,1,all_cvd,all,all,upper_clear_likely_possible,death_certificate,annual_previous_5yr_mean,,,count,,,4,insufficient_history,bnr_sdc_v1,6,0,0,0,0,,none,No disclosure restriction identified.
MORT-BURDEN-001,mort_2026_07,annual,2014,2014-01-01,2014,,,1,all_cvd,all,under_70,upper_clear_likely_possible,death_certificate,annual_count,147,147,count,147,,,final,bnr_sdc_v1,6,0,0,0,0,,none,No disclosure restriction identified.
MORT-BURDEN-001,mort_2026_07,annual,2014,2014-01-01,2014,,,1,all_cvd,all,under_70,upper_clear_likely_possible,death_certificate,annual_previous_5yr_mean,,,count,,,4,insufficient_history,bnr_sdc_v1,6,0,0,0,0,,none,No disclosure restriction identified.
MORT-BURDEN-001,mort_2026_07,annual,2014,2014-01-01,2014,,,1,all_cvd,female,all,upper_clear_likely_possible,death_certificate,annual_count,297,297,count,297,,,final,bnr_sdc_v1,6,0,0,0,0,,none,No disclosure restriction identified.
MORT-BURDEN-001,mort_2026_07,annual,2014,2014-01-01,2014,,,1,all_cvd,female,all,upper_clear_likely_possible,death_certificate,annual_previous_5yr_mean,,,count,,,4,insufficient_history,bnr_sdc_v1,6,0,0,0,0,,none,No disclosure restriction identified.
MORT-BURDEN-001,mort_2026_07,annual,2014,2014-01-01,2014,,,1,all_cvd,male,all,upper_clear_likely_possible,death_certificate,annual_count,308,308,count,308,,,final,bnr_sdc_v1,6,0,0,0,0,,none,No disclosure restriction identified.
MORT-BURDEN-001,mort_2026_07,annual,2014,2014-01-01,2014,,,1,all_cvd,male,all,upper_clear_likely_possible,death_certificate,annual_previous_5yr_mean,,,count,,,4,insufficient_history,bnr_sdc_v1,6,0,0,0,0,,none,No disclosure restriction identified.
MORT-BURDEN-001,mort_2026_07,annual,2014,2014-01-01,2014,,,1,heart,all,all,upper_clear_likely_possible,death_certificate,annual_count,318,318,count,318,,,final,bnr_sdc_v1,6,0,0,0,0,,none,No disclosure restriction identified.
MORT-BURDEN-001,mort_2026_07,annual,2014,2014-01-01,2014,,,1,heart,all,all,upper_clear_likely_possible,death_certificate,annual_previous_5yr_mean,,,count,,,4,insufficient_history,bnr_sdc_v1,6,0,0,0,0,,none,No disclosure restriction identified.
MORT-BURDEN-001,mort_2026_07,annual,2014,2014-01-01,2014,,,1,heart,female,all,upper_clear_likely_possible,death_certificate,annual_count,149,149,count,149,,,final,bnr_sdc_v1,6,0,0,0,0,,none,No disclosure restriction identified.
MORT-BURDEN-001,mort_2026_07,annual,2014,2014-01-01,2014,,,1,heart,female,all,upper_clear_likely_possible,death_certificate,annual_previous_5yr_mean,,,count,,,4,insufficient_history,bnr_sdc_v1,6,0,0,0,0,,none,No disclosure restriction identified.
MORT-BURDEN-001,mort_2026_07,annual,2014,2014-01-01,2014,,,1,heart,male,all,upper_clear_likely_possible,death_certificate,annual_count,169,169,count,169,,,final,bnr_sdc_v1,6,0,0,0,0,,none,No disclosure restriction identified.
MORT-BURDEN-001,mort_2026_07,annual,2014,2014-01-01,2014,,,1,heart,male,all,upper_clear_likely_possible,death_certificate,annual_previous_5yr_mean,,,count,,,4,insufficient_history,bnr_sdc_v1,6,0,0,0,0,,none,No disclosure restriction identified.
MORT-BURDEN-001,mort_2026_07,annual,2014,2014-01-01,2014,,,1,stroke,all,all,upper_clear_likely_possible,death_certificate,annual_count,287,287,count,287,,,final,bnr_sdc_v1,6,0,0,0,0,,none,No disclosure restriction identified.
MORT-BURDEN-001,mort_2026_07,annual,2014,2014-01-01,2014,,,1,stroke,all,all,upper_clear_likely_possible,death_certificate,annual_previous_5yr_mean,,,count,,,4,insufficient_history,bnr_sdc_v1,6,0,0,0,0,,none,No disclosure restriction identified.
MORT-BURDEN-001,mort_2026_07,annual,2014,2014-01-01,2014,,,1,stroke,female,all,upper_clear_likely_possible,death_certificate,annual_count,148,148,count,148,,,final,bnr_sdc_v1,6,0,0,0,0,,none,No disclosure restriction identified.
MORT-BURDEN-001,mort_2026_07,annual,2014,2014-01-01,2014,,,1,stroke,female,all,upper_clear_likely_possible,death_certificate,annual_previous_5yr_mean,,,count,,,4,insufficient_history,bnr_sdc_v1,6,0,0,0,0,,none,No disclosure restriction identified.
MORT-BURDEN-001,mort_2026_07,annual,2014,2014-01-01,2014,,,1,stroke,male,all,upper_clear_likely_possible,death_certificate,annual_count,139,139,count,139,,,final,bnr_sdc_v1,6,0,0,0,0,,none,No disclosure restriction identified.
MORT-BURDEN-001,mort_2026_07,annual,2014,2014-01-01,2014,,,1,stroke,male,all,upper_clear_likely_possible,death_certificate,annual_previous_5yr_mean,,,count,,,4,insufficient_history,bnr_sdc_v1,6,0,0,0,0,,none,No disclosure restriction identified.
MORT-BURDEN-001,mort_2026_07,annual,2015,2015-01-01,2015,,,1,all_cvd,all,age_70_plus,primary_clear_likely,death_certificate,annual_count,392,392,count,392,,,final,bnr_sdc_v1,6,0,0,0,0,,none,No disclosure restriction identified.
MORT-BURDEN-001,mort_2026_07,annual,2015,2015-01-01,2015,,,1,all_cvd,all,age_70_plus,primary_clear_likely,death_certificate,annual_previous_5yr_mean,377.8,377.8,count,1889,,5,final,bnr_sdc_v1,6,0,0,0,0,,none,No disclosure restriction identified.
MORT-BURDEN-001,mort_2026_07,annual,2015,2015-01-01,2015,,,1,all_cvd,all,all,primary_clear_likely,death_certificate,annual_count,550,550,count,550,,,final,bnr_sdc_v1,6,0,0,0,0,,none,No disclosure restriction identified.
MORT-BURDEN-001,mort_2026_07,annual,2015,2015-01-01,2015,,,1,all_cvd,all,all,primary_clear_likely,death_certificate,annual_previous_5yr_mean,498.8,498.8,count,2494,,5,final,bnr_sdc_v1,6,0,0,0,0,,none,No disclosure restriction identified.
MORT-BURDEN-001,mort_2026_07,annual,2015,2015-01-01,2015,,,1,all_cvd,all,under_70,primary_clear_likely,death_certificate,annual_count,158,158,count,158,,,final,bnr_sdc_v1,6,0,0,0,0,,none,No disclosure restriction identified.
MORT-BURDEN-001,mort_2026_07,annual,2015,2015-01-01,2015,,,1,all_cvd,all,under_70,primary_clear_likely,death_certificate,annual_previous_5yr_mean,121,121,count,605,,5,final,bnr_sdc_v1,6,0,0,0,0,,none,No disclosure restriction identified.
MORT-BURDEN-001,mort_2026_07,annual,2015,2015-01-01,2015,,,1,all_cvd,female,all,primary_clear_likely,death_certificate,annual_count,292,292,count,292,,,final,bnr_sdc_v1,6,0,0,0,0,,none,No disclosure restriction identified.
MORT-BURDEN-001,mort_2026_07,annual,2015,2015-01-01,2015,,,1,all_cvd,female,all,primary_clear_likely,death_certificate,annual_previous_5yr_mean,269.2,269.2,count,1346,,5,final,bnr_sdc_v1,6,0,0,0,0,,none,No disclosure restriction identified.
MORT-BURDEN-001,mort_2026_07,annual,2015,2015-01-01,2015,,,1,all_cvd,male,all,primary_clear_likely,death_certificate,annual_count,258,258,count,258,,,final,bnr_sdc_v1,6,0,0,0,0,,none,No disclosure restriction identified.
MORT-BURDEN-001,mort_2026_07,annual,2015,2015-01-01,2015,,,1,all_cvd,male,all,primary_clear_likely,death_certificate,annual_previous_5yr_mean,229.6,229.6,count,1148,,5,final,bnr_sdc_v1,6,0,0,0,0,,none,No disclosure restriction identified.
MORT-BURDEN-001,mort_2026_07,annual,2015,2015-01-01,2015,,,1,heart,all,all,primary_clear_likely,death_certificate,annual_count,269,269,count,269,,,final,bnr_sdc_v1,6,0,0,0,0,,none,No disclosure restriction identified.
MORT-BURDEN-001,mort_2026_07,annual,2015,2015-01-01,2015,,,1,heart,all,all,primary_clear_likely,death_certificate,annual_previous_5yr_mean,241.4,241.4,count,1207,,5,final,bnr_sdc_v1,6,0,0,0,0,,none,No disclosure restriction identified.
MORT-BURDEN-001,mort_2026_07,annual,2015,2015-01-01,2015,,,1,heart,female,all,primary_clear_likely,death_certificate,annual_count,128,128,count,128,,,final,bnr_sdc_v1,6,0,0,0,0,,none,No disclosure restriction identified.
MORT-BURDEN-001,mort_2026_07,annual,2015,2015-01-01,2015,,,1,heart,female,all,primary_clear_likely,death_certificate,annual_previous_5yr_mean,122.4,122.4,count,612,,5,final,bnr_sdc_v1,6,0,0,0,0,,none,No disclosure restriction identified.
MORT-BURDEN-001,mort_2026_07,annual,2015,2015-01-01,2015,,,1,heart,male,all,primary_clear_likely,death_certificate,annual_count,141,141,count,141,,,final,bnr_sdc_v1,6,0,0,0,0,,none,No disclosure restriction identified.
MORT-BURDEN-001,mort_2026_07,annual,2015,2015-01-01,2015,,,1,heart,male,all,primary_clear_likely,death_certificate,annual_previous_5yr_mean,119,119,count,595,,5,final,bnr_sdc_v1,6,0,0,0,0,,none,No disclosure restriction identified.
MORT-BURDEN-001,mort_2026_07,annual,2015,2015-01-01,2015,,,1,stroke,all,all,primary_clear_likely,death_certificate,annual_count,281,281,count,281,,,final,bnr_sdc_v1,6,0,0,0,0,,none,No disclosure restriction identified.
MORT-BURDEN-001,mort_2026_07,annual,2015,2015-01-01,2015,,,1,stroke,all,all,primary_clear_likely,death_certificate,annual_previous_5yr_mean,257.4,257.4,count,1287,,5,final,bnr_sdc_v1,6,0,0,0,0,,none,No disclosure restriction identified.
MORT-BURDEN-001,mort_2026_07,annual,2015,2015-01-01,2015,,,1,stroke,female,all,primary_clear_likely,death_certificate,annual_count,164,164,count,164,,,final,bnr_sdc_v1,6,0,0,0,0,,none,No disclosure restriction identified.
MORT-BURDEN-001,mort_2026_07,annual,2015,2015-01-01,2015,,,1,stroke,female,all,primary_clear_likely,death_certificate,annual_previous_5yr_mean,146.8,146.8,count,734,,5,final,bnr_sdc_v1,6,0,0,0,0,,none,No disclosure restriction identified.
MORT-BURDEN-001,mort_2026_07,annual,2015,2015-01-01,2015,,,1,stroke,male,all,primary_clear_likely,death_certificate,annual_count,117,117,count,117,,,final,bnr_sdc_v1,6,0,0,0,0,,none,No disclosure restriction identified.
MORT-BURDEN-001,mort_2026_07,annual,2015,2015-01-01,2015,,,1,stroke,male,all,primary_clear_likely,death_certificate,annual_previous_5yr_mean,110.6,110.6,count,553,,5,final,bnr_sdc_v1,6,0,0,0,0,,none,No disclosure restriction identified.
MORT-BURDEN-001,mort_2026_07,annual,2015,2015-01-01,2015,,,1,all_cvd,all,age_70_plus,upper_clear_likely_possible,death_certificate,annual_count,460,460,count,460,,,final,bnr_sdc_v1,6,0,0,0,0,,none,No disclosure restriction identified.
MORT-BURDEN-001,mort_2026_07,annual,2015,2015-01-01,2015,,,1,all_cvd,all,age_70_plus,upper_clear_likely_possible,death_certificate,annual_previous_5yr_mean,423.2,423.2,count,2116,,5,final,bnr_sdc_v1,6,0,0,0,0,,none,No disclosure restriction identified.
MORT-BURDEN-001,mort_2026_07,annual,2015,2015-01-01,2015,,,1,all_cvd,all,all,upper_clear_likely_possible,death_certificate,annual_count,645,645,count,645,,,final,bnr_sdc_v1,6,0,0,0,0,,none,No disclosure restriction identified.
MORT-BURDEN-001,mort_2026_07,annual,2015,2015-01-01,2015,,,1,all_cvd,all,all,upper_clear_likely_possible,death_certificate,annual_previous_5yr_mean,582.4,582.4,count,2912,,5,final,bnr_sdc_v1,6,0,0,0,0,,none,No disclosure restriction identified.
MORT-BURDEN-001,mort_2026_07,annual,2015,2015-01-01,2015,,,1,all_cvd,all,under_70,upper_clear_likely_possible,death_certificate,annual_count,185,185,count,185,,,final,bnr_sdc_v1,6,0,0,0,0,,none,No disclosure restriction identified.
MORT-BURDEN-001,mort_2026_07,annual,2015,2015-01-01,2015,,,1,all_cvd,all,under_70,upper_clear_likely_possible,death_certificate,annual_previous_5yr_mean,159.2,159.2,count,796,,5,final,bnr_sdc_v1,6,0,0,0,0,,none,No disclosure restriction identified.
MORT-BURDEN-001,mort_2026_07,annual,2015,2015-01-01,2015,,,1,all_cvd,female,all,upper_clear_likely_possible,death_certificate,annual_count,337,337,count,337,,,final,bnr_sdc_v1,6,0,0,0,0,,none,No disclosure restriction identified.
MORT-BURDEN-001,mort_2026_07,annual,2015,2015-01-01,2015,,,1,all_cvd,female,all,upper_clear_likely_possible,death_certificate,annual_previous_5yr_mean,307.2,307.2,count,1536,,5,final,bnr_sdc_v1,6,0,0,0,0,,none,No disclosure restriction identified.
MORT-BURDEN-001,mort_2026_07,annual,2015,2015-01-01,2015,,,1,all_cvd,male,all,upper_clear_likely_possible,death_certificate,annual_count,308,308,count,308,,,final,bnr_sdc_v1,6,0,0,0,0,,none,No disclosure restriction identified.
MORT-BURDEN-001,mort_2026_07,annual,2015,2015-01-01,2015,,,1,all_cvd,male,all,upper_clear_likely_possible,death_certificate,annual_previous_5yr_mean,275.2,275.2,count,1376,,5,final,bnr_sdc_v1,6,0,0,0,0,,none,No disclosure restriction identified.
MORT-BURDEN-001,mort_2026_07,annual,2015,2015-01-01,2015,,,1,heart,all,all,upper_clear_likely_possible,death_certificate,annual_count,327,327,count,327,,,final,bnr_sdc_v1,6,0,0,0,0,,none,No disclosure restriction identified.
MORT-BURDEN-001,mort_2026_07,annual,2015,2015-01-01,2015,,,1,heart,all,all,upper_clear_likely_possible,death_certificate,annual_previous_5yr_mean,298.8,298.8,count,1494,,5,final,bnr_sdc_v1,6,0,0,0,0,,none,No disclosure restriction identified.
MORT-BURDEN-001,mort_2026_07,annual,2015,2015-01-01,2015,,,1,heart,female,all,upper_clear_likely_possible,death_certificate,annual_count,155,155,count,155,,,final,bnr_sdc_v1,6,0,0,0,0,,none,No disclosure restriction identified.
MORT-BURDEN-001,mort_2026_07,annual,2015,2015-01-01,2015,,,1,heart,female,all,upper_clear_likely_possible,death_certificate,annual_previous_5yr_mean,146.6,146.6,count,733,,5,final,bnr_sdc_v1,6,0,0,0,0,,none,No disclosure restriction identified.
MORT-BURDEN-001,mort_2026_07,annual,2015,2015-01-01,2015,,,1,heart,male,all,upper_clear_likely_possible,death_certificate,annual_count,172,172,count,172,,,final,bnr_sdc_v1,6,0,0,0,0,,none,No disclosure restriction identified.
MORT-BURDEN-001,mort_2026_07,annual,2015,2015-01-01,2015,,,1,heart,male,all,upper_clear_likely_possible,death_certificate,annual_previous_5yr_mean,152.2,152.2,count,761,,5,final,bnr_sdc_v1,6,0,0,0,0,,none,No disclosure restriction identified.
MORT-BURDEN-001,mort_2026_07,annual,2015,2015-01-01,2015,,,1,stroke,all,all,upper_clear_likely_possible,death_certificate,annual_count,318,318,count,318,,,final,bnr_sdc_v1,6,0,0,0,0,,none,No disclosure restriction identified.
MORT-BURDEN-001,mort_2026_07,annual,2015,2015-01-01,2015,,,1,stroke,all,all,upper_clear_likely_possible,death_certificate,annual_previous_5yr_mean,283.6,283.6,count,1418,,5,final,bnr_sdc_v1,6,0,0,0,0,,none,No disclosure restriction identified.
MORT-BURDEN-001,mort_2026_07,annual,2015,2015-01-01,2015,,,1,stroke,female,all,upper_clear_likely_possible,death_certificate,annual_count,182,182,count,182,,,final,bnr_sdc_v1,6,0,0,0,0,,none,No disclosure restriction identified.
MORT-BURDEN-001,mort_2026_07,annual,2015,2015-01-01,2015,,,1,stroke,female,all,upper_clear_likely_possible,death_certificate,annual_previous_5yr_mean,160.6,160.6,count,803,,5,final,bnr_sdc_v1,6,0,0,0,0,,none,No disclosure restriction identified.
MORT-BURDEN-001,mort_2026_07,annual,2015,2015-01-01,2015,,,1,stroke,male,all,upper_clear_likely_possible,death_certificate,annual_count,136,136,count,136,,,final,bnr_sdc_v1,6,0,0,0,0,,none,No disclosure restriction identified.
MORT-BURDEN-001,mort_2026_07,annual,2015,2015-01-01,2015,,,1,stroke,male,all,upper_clear_likely_possible,death_certificate,annual_previous_5yr_mean,123,123,count,615,,5,final,bnr_sdc_v1,6,0,0,0,0,,none,No disclosure restriction identified.
MORT-BURDEN-001,mort_2026_07,annual,2016,2016-01-01,2016,,,1,all_cvd,all,age_70_plus,primary_clear_likely,death_certificate,annual_count,367,367,count,367,,,final,bnr_sdc_v1,6,0,0,0,0,,none,No disclosure restriction identified.
MORT-BURDEN-001,mort_2026_07,annual,2016,2016-01-01,2016,,,1,all_cvd,all,age_70_plus,primary_clear_likely,death_certificate,annual_previous_5yr_mean,385.8,385.8,count,1929,,5,final,bnr_sdc_v1,6,0,0,0,0,,none,No disclosure restriction identified.
MORT-BURDEN-001,mort_2026_07,annual,2016,2016-01-01,2016,,,1,all_cvd,all,all,primary_clear_likely,death_certificate,annual_count,517,517,count,517,,,final,bnr_sdc_v1,6,0,0,0,0,,none,No disclosure restriction identified.
MORT-BURDEN-001,mort_2026_07,annual,2016,2016-01-01,2016,,,1,all_cvd,all,all,primary_clear_likely,death_certificate,annual_previous_5yr_mean,515,515,count,2575,,5,final,bnr_sdc_v1,6,0,0,0,0,,none,No disclosure restriction identified.
MORT-BURDEN-001,mort_2026_07,annual,2016,2016-01-01,2016,,,1,all_cvd,all,under_70,primary_clear_likely,death_certificate,annual_count,150,150,count,150,,,final,bnr_sdc_v1,6,0,0,0,0,,none,No disclosure restriction identified.
MORT-BURDEN-001,mort_2026_07,annual,2016,2016-01-01,2016,,,1,all_cvd,all,under_70,primary_clear_likely,death_certificate,annual_previous_5yr_mean,129.2,129.2,count,646,,5,final,bnr_sdc_v1,6,0,0,0,0,,none,No disclosure restriction identified.
MORT-BURDEN-001,mort_2026_07,annual,2016,2016-01-01,2016,,,1,all_cvd,female,all,primary_clear_likely,death_certificate,annual_count,252,252,count,252,,,final,bnr_sdc_v1,6,0,0,0,0,,none,No disclosure restriction identified.
MORT-BURDEN-001,mort_2026_07,annual,2016,2016-01-01,2016,,,1,all_cvd,female,all,primary_clear_likely,death_certificate,annual_previous_5yr_mean,275.4,275.4,count,1377,,5,final,bnr_sdc_v1,6,0,0,0,0,,none,No disclosure restriction identified.
MORT-BURDEN-001,mort_2026_07,annual,2016,2016-01-01,2016,,,1,all_cvd,male,all,primary_clear_likely,death_certificate,annual_count,265,265,count,265,,,final,bnr_sdc_v1,6,0,0,0,0,,none,No disclosure restriction identified.
MORT-BURDEN-001,mort_2026_07,annual,2016,2016-01-01,2016,,,1,all_cvd,male,all,primary_clear_likely,death_certificate,annual_previous_5yr_mean,239.6,239.6,count,1198,,5,final,bnr_sdc_v1,6,0,0,0,0,,none,No disclosure restriction identified.
MORT-BURDEN-001,mort_2026_07,annual,2016,2016-01-01,2016,,,1,heart,all,all,primary_clear_likely,death_certificate,annual_count,249,249,count,249,,,final,bnr_sdc_v1,6,0,0,0,0,,none,No disclosure restriction identified.
MORT-BURDEN-001,mort_2026_07,annual,2016,2016-01-01,2016,,,1,heart,all,all,primary_clear_likely,death_certificate,annual_previous_5yr_mean,250.8,250.8,count,1254,,5,final,bnr_sdc_v1,6,0,0,0,0,,none,No disclosure restriction identified.
MORT-BURDEN-001,mort_2026_07,annual,2016,2016-01-01,2016,,,1,heart,female,all,primary_clear_likely,death_certificate,annual_count,103,103,count,103,,,final,bnr_sdc_v1,6,0,0,0,0,,none,No disclosure restriction identified.
MORT-BURDEN-001,mort_2026_07,annual,2016,2016-01-01,2016,,,1,heart,female,all,primary_clear_likely,death_certificate,annual_previous_5yr_mean,125.2,125.2,count,626,,5,final,bnr_sdc_v1,6,0,0,0,0,,none,No disclosure restriction identified.
MORT-BURDEN-001,mort_2026_07,annual,2016,2016-01-01,2016,,,1,heart,male,all,primary_clear_likely,death_certificate,annual_count,146,146,count,146,,,final,bnr_sdc_v1,6,0,0,0,0,,none,No disclosure restriction identified.
MORT-BURDEN-001,mort_2026_07,annual,2016,2016-01-01,2016,,,1,heart,male,all,primary_clear_likely,death_certificate,annual_previous_5yr_mean,125.6,125.6,count,628,,5,final,bnr_sdc_v1,6,0,0,0,0,,none,No disclosure restriction identified.
MORT-BURDEN-001,mort_2026_07,annual,2016,2016-01-01,2016,,,1,stroke,all,all,primary_clear_likely,death_certificate,annual_count,268,268,count,268,,,final,bnr_sdc_v1,6,0,0,0,0,,none,No disclosure restriction identified.
MORT-BURDEN-001,mort_2026_07,annual,2016,2016-01-01,2016,,,1,stroke,all,all,primary_clear_likely,death_certificate,annual_previous_5yr_mean,264.2,264.2,count,1321,,5,final,bnr_sdc_v1,6,0,0,0,0,,none,No disclosure restriction identified.
MORT-BURDEN-001,mort_2026_07,annual,2016,2016-01-01,2016,,,1,stroke,female,all,primary_clear_likely,death_certificate,annual_count,149,149,count,149,,,final,bnr_sdc_v1,6,0,0,0,0,,none,No disclosure restriction identified.
MORT-BURDEN-001,mort_2026_07,annual,2016,2016-01-01,2016,,,1,stroke,female,all,primary_clear_likely,death_certificate,annual_previous_5yr_mean,150.2,150.2,count,751,,5,final,bnr_sdc_v1,6,0,0,0,0,,none,No disclosure restriction identified.
MORT-BURDEN-001,mort_2026_07,annual,2016,2016-01-01,2016,,,1,stroke,male,all,primary_clear_likely,death_certificate,annual_count,119,119,count,119,,,final,bnr_sdc_v1,6,0,0,0,0,,none,No disclosure restriction identified.
MORT-BURDEN-001,mort_2026_07,annual,2016,2016-01-01,2016,,,1,stroke,male,all,primary_clear_likely,death_certificate,annual_previous_5yr_mean,114,114,count,570,,5,final,bnr_sdc_v1,6,0,0,0,0,,none,No disclosure restriction identified.
MORT-BURDEN-001,mort_2026_07,annual,2016,2016-01-01,2016,,,1,all_cvd,all,age_70_plus,upper_clear_likely_possible,death_certificate,annual_count,430,430,count,430,,,final,bnr_sdc_v1,6,0,0,0,0,,none,No disclosure restriction identified.
MORT-BURDEN-001,mort_2026_07,annual,2016,2016-01-01,2016,,,1,all_cvd,all,age_70_plus,upper_clear_likely_possible,death_certificate,annual_previous_5yr_mean,437.2,437.2,count,2186,,5,final,bnr_sdc_v1,6,0,0,0,0,,none,No disclosure restriction identified.
MORT-BURDEN-001,mort_2026_07,annual,2016,2016-01-01,2016,,,1,all_cvd,all,all,upper_clear_likely_possible,death_certificate,annual_count,619,619,count,619,,,final,bnr_sdc_v1,6,0,0,0,0,,none,No disclosure restriction identified.
MORT-BURDEN-001,mort_2026_07,annual,2016,2016-01-01,2016,,,1,all_cvd,all,all,upper_clear_likely_possible,death_certificate,annual_previous_5yr_mean,600.6,600.6,count,3003,,5,final,bnr_sdc_v1,6,0,0,0,0,,none,No disclosure restriction identified.
MORT-BURDEN-001,mort_2026_07,annual,2016,2016-01-01,2016,,,1,all_cvd,all,under_70,upper_clear_likely_possible,death_certificate,annual_count,189,189,count,189,,,final,bnr_sdc_v1,6,0,0,0,0,,none,No disclosure restriction identified.
MORT-BURDEN-001,mort_2026_07,annual,2016,2016-01-01,2016,,,1,all_cvd,all,under_70,upper_clear_likely_possible,death_certificate,annual_previous_5yr_mean,163.4,163.4,count,817,,5,final,bnr_sdc_v1,6,0,0,0,0,,none,No disclosure restriction identified.
MORT-BURDEN-001,mort_2026_07,annual,2016,2016-01-01,2016,,,1,all_cvd,female,all,upper_clear_likely_possible,death_certificate,annual_count,303,303,count,303,,,final,bnr_sdc_v1,6,0,0,0,0,,none,No disclosure restriction identified.
MORT-BURDEN-001,mort_2026_07,annual,2016,2016-01-01,2016,,,1,all_cvd,female,all,upper_clear_likely_possible,death_certificate,annual_previous_5yr_mean,314.2,314.2,count,1571,,5,final,bnr_sdc_v1,6,0,0,0,0,,none,No disclosure restriction identified.
MORT-BURDEN-001,mort_2026_07,annual,2016,2016-01-01,2016,,,1,all_cvd,male,all,upper_clear_likely_possible,death_certificate,annual_count,316,316,count,316,,,final,bnr_sdc_v1,6,0,0,0,0,,none,No disclosure restriction identified.
MORT-BURDEN-001,mort_2026_07,annual,2016,2016-01-01,2016,,,1,all_cvd,male,all,upper_clear_likely_possible,death_certificate,annual_previous_5yr_mean,286.4,286.4,count,1432,,5,final,bnr_sdc_v1,6,0,0,0,0,,none,No disclosure restriction identified.
MORT-BURDEN-001,mort_2026_07,annual,2016,2016-01-01,2016,,,1,heart,all,all,upper_clear_likely_possible,death_certificate,annual_count,308,308,count,308,,,final,bnr_sdc_v1,6,0,0,0,0,,none,No disclosure restriction identified.
MORT-BURDEN-001,mort_2026_07,annual,2016,2016-01-01,2016,,,1,heart,all,all,upper_clear_likely_possible,death_certificate,annual_previous_5yr_mean,305.8,305.8,count,1529,,5,final,bnr_sdc_v1,6,0,0,0,0,,none,No disclosure restriction identified.
MORT-BURDEN-001,mort_2026_07,annual,2016,2016-01-01,2016,,,1,heart,female,all,upper_clear_likely_possible,death_certificate,annual_count,129,129,count,129,,,final,bnr_sdc_v1,6,0,0,0,0,,none,No disclosure restriction identified.
MORT-BURDEN-001,mort_2026_07,annual,2016,2016-01-01,2016,,,1,heart,female,all,upper_clear_likely_possible,death_certificate,annual_previous_5yr_mean,148.8,148.8,count,744,,5,final,bnr_sdc_v1,6,0,0,0,0,,none,No disclosure restriction identified.
MORT-BURDEN-001,mort_2026_07,annual,2016,2016-01-01,2016,,,1,heart,male,all,upper_clear_likely_possible,death_certificate,annual_count,179,179,count,179,,,final,bnr_sdc_v1,6,0,0,0,0,,none,No disclosure restriction identified.
MORT-BURDEN-001,mort_2026_07,annual,2016,2016-01-01,2016,,,1,heart,male,all,upper_clear_likely_possible,death_certificate,annual_previous_5yr_mean,157,157,count,785,,5,final,bnr_sdc_v1,6,0,0,0,0,,none,No disclosure restriction identified.
MORT-BURDEN-001,mort_2026_07,annual,2016,2016-01-01,2016,,,1,stroke,all,all,upper_clear_likely_possible,death_certificate,annual_count,311,311,count,311,,,final,bnr_sdc_v1,6,0,0,0,0,,none,No disclosure restriction identified.
MORT-BURDEN-001,mort_2026_07,annual,2016,2016-01-01,2016,,,1,stroke,all,all,upper_clear_likely_possible,death_certificate,annual_previous_5yr_mean,294.8,294.8,count,1474,,5,final,bnr_sdc_v1,6,0,0,0,0,,none,No disclosure restriction identified.
MORT-BURDEN-001,mort_2026_07,annual,2016,2016-01-01,2016,,,1,stroke,female,all,upper_clear_likely_possible,death_certificate,annual_count,174,174,count,174,,,final,bnr_sdc_v1,6,0,0,0,0,,none,No disclosure restriction identified.
MORT-BURDEN-001,mort_2026_07,annual,2016,2016-01-01,2016,,,1,stroke,female,all,upper_clear_likely_possible,death_certificate,annual_previous_5yr_mean,165.4,165.4,count,827,,5,final,bnr_sdc_v1,6,0,0,0,0,,none,No disclosure restriction identified.
MORT-BURDEN-001,mort_2026_07,annual,2016,2016-01-01,2016,,,1,stroke,male,all,upper_clear_likely_possible,death_certificate,annual_count,137,137,count,137,,,final,bnr_sdc_v1,6,0,0,0,0,,none,No disclosure restriction identified.
MORT-BURDEN-001,mort_2026_07,annual,2016,2016-01-01,2016,,,1,stroke,male,all,upper_clear_likely_possible,death_certificate,annual_previous_5yr_mean,129.4,129.4,count,647,,5,final,bnr_sdc_v1,6,0,0,0,0,,none,No disclosure restriction identified.
MORT-BURDEN-001,mort_2026_07,annual,2017,2017-01-01,2017,,,1,all_cvd,all,age_70_plus,primary_clear_likely,death_certificate,annual_count,369,369,count,369,,,final,bnr_sdc_v1,6,0,0,0,0,,none,No disclosure restriction identified.
MORT-BURDEN-001,mort_2026_07,annual,2017,2017-01-01,2017,,,1,all_cvd,all,age_70_plus,primary_clear_likely,death_certificate,annual_previous_5yr_mean,389.2,389.2,count,1946,,5,final,bnr_sdc_v1,6,0,0,0,0,,none,No disclosure restriction identified.
MORT-BURDEN-001,mort_2026_07,annual,2017,2017-01-01,2017,,,1,all_cvd,all,all,primary_clear_likely,death_certificate,annual_count,507,507,count,507,,,final,bnr_sdc_v1,6,0,0,0,0,,none,No disclosure restriction identified.
MORT-BURDEN-001,mort_2026_07,annual,2017,2017-01-01,2017,,,1,all_cvd,all,all,primary_clear_likely,death_certificate,annual_previous_5yr_mean,523.6,523.6,count,2618,,5,final,bnr_sdc_v1,6,0,0,0,0,,none,No disclosure restriction identified.
MORT-BURDEN-001,mort_2026_07,annual,2017,2017-01-01,2017,,,1,all_cvd,all,under_70,primary_clear_likely,death_certificate,annual_count,138,138,count,138,,,final,bnr_sdc_v1,6,0,0,0,0,,none,No disclosure restriction identified.
MORT-BURDEN-001,mort_2026_07,annual,2017,2017-01-01,2017,,,1,all_cvd,all,under_70,primary_clear_likely,death_certificate,annual_previous_5yr_mean,134.4,134.4,count,672,,5,final,bnr_sdc_v1,6,0,0,0,0,,none,No disclosure restriction identified.
MORT-BURDEN-001,mort_2026_07,annual,2017,2017-01-01,2017,,,1,all_cvd,female,all,primary_clear_likely,death_certificate,annual_count,251,251,count,251,,,final,bnr_sdc_v1,6,0,0,0,0,,none,No disclosure restriction identified.
MORT-BURDEN-001,mort_2026_07,annual,2017,2017-01-01,2017,,,1,all_cvd,female,all,primary_clear_likely,death_certificate,annual_previous_5yr_mean,275,275,count,1375,,5,final,bnr_sdc_v1,6,0,0,0,0,,none,No disclosure restriction identified.
MORT-BURDEN-001,mort_2026_07,annual,2017,2017-01-01,2017,,,1,all_cvd,male,all,primary_clear_likely,death_certificate,annual_count,256,256,count,256,,,final,bnr_sdc_v1,6,0,0,0,0,,none,No disclosure restriction identified.
MORT-BURDEN-001,mort_2026_07,annual,2017,2017-01-01,2017,,,1,all_cvd,male,all,primary_clear_likely,death_certificate,annual_previous_5yr_mean,248.6,248.6,count,1243,,5,final,bnr_sdc_v1,6,0,0,0,0,,none,No disclosure restriction identified.
MORT-BURDEN-001,mort_2026_07,annual,2017,2017-01-01,2017,,,1,heart,all,all,primary_clear_likely,death_certificate,annual_count,259,259,count,259,,,final,bnr_sdc_v1,6,0,0,0,0,,none,No disclosure restriction identified.
MORT-BURDEN-001,mort_2026_07,annual,2017,2017-01-01,2017,,,1,heart,all,all,primary_clear_likely,death_certificate,annual_previous_5yr_mean,257,257,count,1285,,5,final,bnr_sdc_v1,6,0,0,0,0,,none,No disclosure restriction identified.
MORT-BURDEN-001,mort_2026_07,annual,2017,2017-01-01,2017,,,1,heart,female,all,primary_clear_likely,death_certificate,annual_count,107,107,count,107,,,final,bnr_sdc_v1,6,0,0,0,0,,none,No disclosure restriction identified.
MORT-BURDEN-001,mort_2026_07,annual,2017,2017-01-01,2017,,,1,heart,female,all,primary_clear_likely,death_certificate,annual_previous_5yr_mean,123.8,123.8,count,619,,5,final,bnr_sdc_v1,6,0,0,0,0,,none,No disclosure restriction identified.
MORT-BURDEN-001,mort_2026_07,annual,2017,2017-01-01,2017,,,1,heart,male,all,primary_clear_likely,death_certificate,annual_count,152,152,count,152,,,final,bnr_sdc_v1,6,0,0,0,0,,none,No disclosure restriction identified.
MORT-BURDEN-001,mort_2026_07,annual,2017,2017-01-01,2017,,,1,heart,male,all,primary_clear_likely,death_certificate,annual_previous_5yr_mean,133.2,133.2,count,666,,5,final,bnr_sdc_v1,6,0,0,0,0,,none,No disclosure restriction identified.
MORT-BURDEN-001,mort_2026_07,annual,2017,2017-01-01,2017,,,1,stroke,all,all,primary_clear_likely,death_certificate,annual_count,248,248,count,248,,,final,bnr_sdc_v1,6,0,0,0,0,,none,No disclosure restriction identified.
MORT-BURDEN-001,mort_2026_07,annual,2017,2017-01-01,2017,,,1,stroke,all,all,primary_clear_likely,death_certificate,annual_previous_5yr_mean,266.6,266.6,count,1333,,5,final,bnr_sdc_v1,6,0,0,0,0,,none,No disclosure restriction identified.
MORT-BURDEN-001,mort_2026_07,annual,2017,2017-01-01,2017,,,1,stroke,female,all,primary_clear_likely,death_certificate,annual_count,144,144,count,144,,,final,bnr_sdc_v1,6,0,0,0,0,,none,No disclosure restriction identified.
MORT-BURDEN-001,mort_2026_07,annual,2017,2017-01-01,2017,,,1,stroke,female,all,primary_clear_likely,death_certificate,annual_previous_5yr_mean,151.2,151.2,count,756,,5,final,bnr_sdc_v1,6,0,0,0,0,,none,No disclosure restriction identified.
MORT-BURDEN-001,mort_2026_07,annual,2017,2017-01-01,2017,,,1,stroke,male,all,primary_clear_likely,death_certificate,annual_count,104,104,count,104,,,final,bnr_sdc_v1,6,0,0,0,0,,none,No disclosure restriction identified.
MORT-BURDEN-001,mort_2026_07,annual,2017,2017-01-01,2017,,,1,stroke,male,all,primary_clear_likely,death_certificate,annual_previous_5yr_mean,115.4,115.4,count,577,,5,final,bnr_sdc_v1,6,0,0,0,0,,none,No disclosure restriction identified.
MORT-BURDEN-001,mort_2026_07,annual,2017,2017-01-01,2017,,,1,all_cvd,all,age_70_plus,upper_clear_likely_possible,death_certificate,annual_count,417,417,count,417,,,final,bnr_sdc_v1,6,0,0,0,0,,none,No disclosure restriction identified.
MORT-BURDEN-001,mort_2026_07,annual,2017,2017-01-01,2017,,,1,all_cvd,all,age_70_plus,upper_clear_likely_possible,death_certificate,annual_previous_5yr_mean,445.4,445.4,count,2227,,5,final,bnr_sdc_v1,6,0,0,0,0,,none,No disclosure restriction identified.
MORT-BURDEN-001,mort_2026_07,annual,2017,2017-01-01,2017,,,1,all_cvd,all,all,upper_clear_likely_possible,death_certificate,annual_count,585,585,count,585,,,final,bnr_sdc_v1,6,0,0,0,0,,none,No disclosure restriction identified.
MORT-BURDEN-001,mort_2026_07,annual,2017,2017-01-01,2017,,,1,all_cvd,all,all,upper_clear_likely_possible,death_certificate,annual_previous_5yr_mean,616.4,616.4,count,3082,,5,final,bnr_sdc_v1,6,0,0,0,0,,none,No disclosure restriction identified.
MORT-BURDEN-001,mort_2026_07,annual,2017,2017-01-01,2017,,,1,all_cvd,all,under_70,upper_clear_likely_possible,death_certificate,annual_count,168,168,count,168,,,final,bnr_sdc_v1,6,0,0,0,0,,none,No disclosure restriction identified.
MORT-BURDEN-001,mort_2026_07,annual,2017,2017-01-01,2017,,,1,all_cvd,all,under_70,upper_clear_likely_possible,death_certificate,annual_previous_5yr_mean,171,171,count,855,,5,final,bnr_sdc_v1,6,0,0,0,0,,none,No disclosure restriction identified.
MORT-BURDEN-001,mort_2026_07,annual,2017,2017-01-01,2017,,,1,all_cvd,female,all,upper_clear_likely_possible,death_certificate,annual_count,290,290,count,290,,,final,bnr_sdc_v1,6,0,0,0,0,,none,No disclosure restriction identified.
MORT-BURDEN-001,mort_2026_07,annual,2017,2017-01-01,2017,,,1,all_cvd,female,all,upper_clear_likely_possible,death_certificate,annual_previous_5yr_mean,318.4,318.4,count,1592,,5,final,bnr_sdc_v1,6,0,0,0,0,,none,No disclosure restriction identified.
MORT-BURDEN-001,mort_2026_07,annual,2017,2017-01-01,2017,,,1,all_cvd,male,all,upper_clear_likely_possible,death_certificate,annual_count,295,295,count,295,,,final,bnr_sdc_v1,6,0,0,0,0,,none,No disclosure restriction identified.
MORT-BURDEN-001,mort_2026_07,annual,2017,2017-01-01,2017,,,1,all_cvd,male,all,upper_clear_likely_possible,death_certificate,annual_previous_5yr_mean,298,298,count,1490,,5,final,bnr_sdc_v1,6,0,0,0,0,,none,No disclosure restriction identified.
MORT-BURDEN-001,mort_2026_07,annual,2017,2017-01-01,2017,,,1,heart,all,all,upper_clear_likely_possible,death_certificate,annual_count,307,307,count,307,,,final,bnr_sdc_v1,6,0,0,0,0,,none,No disclosure restriction identified.
MORT-BURDEN-001,mort_2026_07,annual,2017,2017-01-01,2017,,,1,heart,all,all,upper_clear_likely_possible,death_certificate,annual_previous_5yr_mean,314.2,314.2,count,1571,,5,final,bnr_sdc_v1,6,0,0,0,0,,none,No disclosure restriction identified.
MORT-BURDEN-001,mort_2026_07,annual,2017,2017-01-01,2017,,,1,heart,female,all,upper_clear_likely_possible,death_certificate,annual_count,127,127,count,127,,,final,bnr_sdc_v1,6,0,0,0,0,,none,No disclosure restriction identified.
MORT-BURDEN-001,mort_2026_07,annual,2017,2017-01-01,2017,,,1,heart,female,all,upper_clear_likely_possible,death_certificate,annual_previous_5yr_mean,148.8,148.8,count,744,,5,final,bnr_sdc_v1,6,0,0,0,0,,none,No disclosure restriction identified.
MORT-BURDEN-001,mort_2026_07,annual,2017,2017-01-01,2017,,,1,heart,male,all,upper_clear_likely_possible,death_certificate,annual_count,180,180,count,180,,,final,bnr_sdc_v1,6,0,0,0,0,,none,No disclosure restriction identified.
MORT-BURDEN-001,mort_2026_07,annual,2017,2017-01-01,2017,,,1,heart,male,all,upper_clear_likely_possible,death_certificate,annual_previous_5yr_mean,165.4,165.4,count,827,,5,final,bnr_sdc_v1,6,0,0,0,0,,none,No disclosure restriction identified.
MORT-BURDEN-001,mort_2026_07,annual,2017,2017-01-01,2017,,,1,stroke,all,all,upper_clear_likely_possible,death_certificate,annual_count,278,278,count,278,,,final,bnr_sdc_v1,6,0,0,0,0,,none,No disclosure restriction identified.
MORT-BURDEN-001,mort_2026_07,annual,2017,2017-01-01,2017,,,1,stroke,all,all,upper_clear_likely_possible,death_certificate,annual_previous_5yr_mean,302.2,302.2,count,1511,,5,final,bnr_sdc_v1,6,0,0,0,0,,none,No disclosure restriction identified.
MORT-BURDEN-001,mort_2026_07,annual,2017,2017-01-01,2017,,,1,stroke,female,all,upper_clear_likely_possible,death_certificate,annual_count,163,163,count,163,,,final,bnr_sdc_v1,6,0,0,0,0,,none,No disclosure restriction identified.
MORT-BURDEN-001,mort_2026_07,annual,2017,2017-01-01,2017,,,1,stroke,female,all,upper_clear_likely_possible,death_certificate,annual_previous_5yr_mean,169.6,169.6,count,848,,5,final,bnr_sdc_v1,6,0,0,0,0,,none,No disclosure restriction identified.
MORT-BURDEN-001,mort_2026_07,annual,2017,2017-01-01,2017,,,1,stroke,male,all,upper_clear_likely_possible,death_certificate,annual_count,115,115,count,115,,,final,bnr_sdc_v1,6,0,0,0,0,,none,No disclosure restriction identified.
MORT-BURDEN-001,mort_2026_07,annual,2017,2017-01-01,2017,,,1,stroke,male,all,upper_clear_likely_possible,death_certificate,annual_previous_5yr_mean,132.6,132.6,count,663,,5,final,bnr_sdc_v1,6,0,0,0,0,,none,No disclosure restriction identified.
MORT-BURDEN-001,mort_2026_07,annual,2018,2018-01-01,2018,,,1,all_cvd,all,age_70_plus,primary_clear_likely,death_certificate,annual_count,250,250,count,250,,,final,bnr_sdc_v1,6,0,0,0,0,,none,No disclosure restriction identified.
MORT-BURDEN-001,mort_2026_07,annual,2018,2018-01-01,2018,,,1,all_cvd,all,age_70_plus,primary_clear_likely,death_certificate,annual_previous_5yr_mean,381.8,381.8,count,1909,,5,final,bnr_sdc_v1,6,0,0,0,0,,none,No disclosure restriction identified.
MORT-BURDEN-001,mort_2026_07,annual,2018,2018-01-01,2018,,,1,all_cvd,all,all,primary_clear_likely,death_certificate,annual_count,359,359,count,359,,,final,bnr_sdc_v1,6,0,0,0,0,,none,No disclosure restriction identified.
MORT-BURDEN-001,mort_2026_07,annual,2018,2018-01-01,2018,,,1,all_cvd,all,all,primary_clear_likely,death_certificate,annual_previous_5yr_mean,522,522,count,2610,,5,final,bnr_sdc_v1,6,0,0,0,0,,none,No disclosure restriction identified.
MORT-BURDEN-001,mort_2026_07,annual,2018,2018-01-01,2018,,,1,all_cvd,all,under_70,primary_clear_likely,death_certificate,annual_count,109,109,count,109,,,final,bnr_sdc_v1,6,0,0,0,0,,none,No disclosure restriction identified.
MORT-BURDEN-001,mort_2026_07,annual,2018,2018-01-01,2018,,,1,all_cvd,all,under_70,primary_clear_likely,death_certificate,annual_previous_5yr_mean,140.2,140.2,count,701,,5,final,bnr_sdc_v1,6,0,0,0,0,,none,No disclosure restriction identified.
MORT-BURDEN-001,mort_2026_07,annual,2018,2018-01-01,2018,,,1,all_cvd,female,all,primary_clear_likely,death_certificate,annual_count,185,185,count,185,,,final,bnr_sdc_v1,6,0,0,0,0,,none,No disclosure restriction identified.
MORT-BURDEN-001,mort_2026_07,annual,2018,2018-01-01,2018,,,1,all_cvd,female,all,primary_clear_likely,death_certificate,annual_previous_5yr_mean,267.8,267.8,count,1339,,5,final,bnr_sdc_v1,6,0,0,0,0,,none,No disclosure restriction identified.
MORT-BURDEN-001,mort_2026_07,annual,2018,2018-01-01,2018,,,1,all_cvd,male,all,primary_clear_likely,death_certificate,annual_count,174,174,count,174,,,final,bnr_sdc_v1,6,0,0,0,0,,none,No disclosure restriction identified.
MORT-BURDEN-001,mort_2026_07,annual,2018,2018-01-01,2018,,,1,all_cvd,male,all,primary_clear_likely,death_certificate,annual_previous_5yr_mean,254.2,254.2,count,1271,,5,final,bnr_sdc_v1,6,0,0,0,0,,none,No disclosure restriction identified.
MORT-BURDEN-001,mort_2026_07,annual,2018,2018-01-01,2018,,,1,heart,all,all,primary_clear_likely,death_certificate,annual_count,191,191,count,191,,,final,bnr_sdc_v1,6,0,0,0,0,,none,No disclosure restriction identified.
MORT-BURDEN-001,mort_2026_07,annual,2018,2018-01-01,2018,,,1,heart,all,all,primary_clear_likely,death_certificate,annual_previous_5yr_mean,259.2,259.2,count,1296,,5,final,bnr_sdc_v1,6,0,0,0,0,,none,No disclosure restriction identified.
MORT-BURDEN-001,mort_2026_07,annual,2018,2018-01-01,2018,,,1,heart,female,all,primary_clear_likely,death_certificate,annual_count,86,86,count,86,,,final,bnr_sdc_v1,6,0,0,0,0,,none,No disclosure restriction identified.
MORT-BURDEN-001,mort_2026_07,annual,2018,2018-01-01,2018,,,1,heart,female,all,primary_clear_likely,death_certificate,annual_previous_5yr_mean,119.2,119.2,count,596,,5,final,bnr_sdc_v1,6,0,0,0,0,,none,No disclosure restriction identified.
MORT-BURDEN-001,mort_2026_07,annual,2018,2018-01-01,2018,,,1,heart,male,all,primary_clear_likely,death_certificate,annual_count,105,105,count,105,,,final,bnr_sdc_v1,6,0,0,0,0,,none,No disclosure restriction identified.
MORT-BURDEN-001,mort_2026_07,annual,2018,2018-01-01,2018,,,1,heart,male,all,primary_clear_likely,death_certificate,annual_previous_5yr_mean,140,140,count,700,,5,final,bnr_sdc_v1,6,0,0,0,0,,none,No disclosure restriction identified.
MORT-BURDEN-001,mort_2026_07,annual,2018,2018-01-01,2018,,,1,stroke,all,all,primary_clear_likely,death_certificate,annual_count,168,168,count,168,,,final,bnr_sdc_v1,6,0,0,0,0,,none,No disclosure restriction identified.
MORT-BURDEN-001,mort_2026_07,annual,2018,2018-01-01,2018,,,1,stroke,all,all,primary_clear_likely,death_certificate,annual_previous_5yr_mean,262.8,262.8,count,1314,,5,final,bnr_sdc_v1,6,0,0,0,0,,none,No disclosure restriction identified.
MORT-BURDEN-001,mort_2026_07,annual,2018,2018-01-01,2018,,,1,stroke,female,all,primary_clear_likely,death_certificate,annual_count,99,99,count,99,,,final,bnr_sdc_v1,6,0,0,0,0,,none,No disclosure restriction identified.
MORT-BURDEN-001,mort_2026_07,annual,2018,2018-01-01,2018,,,1,stroke,female,all,primary_clear_likely,death_certificate,annual_previous_5yr_mean,148.6,148.6,count,743,,5,final,bnr_sdc_v1,6,0,0,0,0,,none,No disclosure restriction identified.
MORT-BURDEN-001,mort_2026_07,annual,2018,2018-01-01,2018,,,1,stroke,male,all,primary_clear_likely,death_certificate,annual_count,69,69,count,69,,,final,bnr_sdc_v1,6,0,0,0,0,,none,No disclosure restriction identified.
MORT-BURDEN-001,mort_2026_07,annual,2018,2018-01-01,2018,,,1,stroke,male,all,primary_clear_likely,death_certificate,annual_previous_5yr_mean,114.2,114.2,count,571,,5,final,bnr_sdc_v1,6,0,0,0,0,,none,No disclosure restriction identified.
MORT-BURDEN-001,mort_2026_07,annual,2018,2018-01-01,2018,,,1,all_cvd,all,age_70_plus,upper_clear_likely_possible,death_certificate,annual_count,349,349,count,349,,,final,bnr_sdc_v1,6,0,0,0,0,,none,No disclosure restriction identified.
MORT-BURDEN-001,mort_2026_07,annual,2018,2018-01-01,2018,,,1,all_cvd,all,age_70_plus,upper_clear_likely_possible,death_certificate,annual_previous_5yr_mean,440.2,440.2,count,2201,,5,final,bnr_sdc_v1,6,0,0,0,0,,none,No disclosure restriction identified.
MORT-BURDEN-001,mort_2026_07,annual,2018,2018-01-01,2018,,,1,all_cvd,all,all,upper_clear_likely_possible,death_certificate,annual_count,506,506,count,506,,,final,bnr_sdc_v1,6,0,0,0,0,,none,No disclosure restriction identified.
MORT-BURDEN-001,mort_2026_07,annual,2018,2018-01-01,2018,,,1,all_cvd,all,all,upper_clear_likely_possible,death_certificate,annual_previous_5yr_mean,615.2,615.2,count,3076,,5,final,bnr_sdc_v1,6,0,0,0,0,,none,No disclosure restriction identified.
MORT-BURDEN-001,mort_2026_07,annual,2018,2018-01-01,2018,,,1,all_cvd,all,under_70,upper_clear_likely_possible,death_certificate,annual_count,157,157,count,157,,,final,bnr_sdc_v1,6,0,0,0,0,,none,No disclosure restriction identified.
MORT-BURDEN-001,mort_2026_07,annual,2018,2018-01-01,2018,,,1,all_cvd,all,under_70,upper_clear_likely_possible,death_certificate,annual_previous_5yr_mean,175,175,count,875,,5,final,bnr_sdc_v1,6,0,0,0,0,,none,No disclosure restriction identified.
MORT-BURDEN-001,mort_2026_07,annual,2018,2018-01-01,2018,,,1,all_cvd,female,all,upper_clear_likely_possible,death_certificate,annual_count,259,259,count,259,,,final,bnr_sdc_v1,6,0,0,0,0,,none,No disclosure restriction identified.
MORT-BURDEN-001,mort_2026_07,annual,2018,2018-01-01,2018,,,1,all_cvd,female,all,upper_clear_likely_possible,death_certificate,annual_previous_5yr_mean,311.6,311.6,count,1558,,5,final,bnr_sdc_v1,6,0,0,0,0,,none,No disclosure restriction identified.
MORT-BURDEN-001,mort_2026_07,annual,2018,2018-01-01,2018,,,1,all_cvd,male,all,upper_clear_likely_possible,death_certificate,annual_count,247,247,count,247,,,final,bnr_sdc_v1,6,0,0,0,0,,none,No disclosure restriction identified.
MORT-BURDEN-001,mort_2026_07,annual,2018,2018-01-01,2018,,,1,all_cvd,male,all,upper_clear_likely_possible,death_certificate,annual_previous_5yr_mean,303.6,303.6,count,1518,,5,final,bnr_sdc_v1,6,0,0,0,0,,none,No disclosure restriction identified.
MORT-BURDEN-001,mort_2026_07,annual,2018,2018-01-01,2018,,,1,heart,all,all,upper_clear_likely_possible,death_certificate,annual_count,267,267,count,267,,,final,bnr_sdc_v1,6,0,0,0,0,,none,No disclosure restriction identified.
MORT-BURDEN-001,mort_2026_07,annual,2018,2018-01-01,2018,,,1,heart,all,all,upper_clear_likely_possible,death_certificate,annual_previous_5yr_mean,315.2,315.2,count,1576,,5,final,bnr_sdc_v1,6,0,0,0,0,,none,No disclosure restriction identified.
MORT-BURDEN-001,mort_2026_07,annual,2018,2018-01-01,2018,,,1,heart,female,all,upper_clear_likely_possible,death_certificate,annual_count,121,121,count,121,,,final,bnr_sdc_v1,6,0,0,0,0,,none,No disclosure restriction identified.
MORT-BURDEN-001,mort_2026_07,annual,2018,2018-01-01,2018,,,1,heart,female,all,upper_clear_likely_possible,death_certificate,annual_previous_5yr_mean,143.2,143.2,count,716,,5,final,bnr_sdc_v1,6,0,0,0,0,,none,No disclosure restriction identified.
MORT-BURDEN-001,mort_2026_07,annual,2018,2018-01-01,2018,,,1,heart,male,all,upper_clear_likely_possible,death_certificate,annual_count,146,146,count,146,,,final,bnr_sdc_v1,6,0,0,0,0,,none,No disclosure restriction identified.
MORT-BURDEN-001,mort_2026_07,annual,2018,2018-01-01,2018,,,1,heart,male,all,upper_clear_likely_possible,death_certificate,annual_previous_5yr_mean,172,172,count,860,,5,final,bnr_sdc_v1,6,0,0,0,0,,none,No disclosure restriction identified.
MORT-BURDEN-001,mort_2026_07,annual,2018,2018-01-01,2018,,,1,stroke,all,all,upper_clear_likely_possible,death_certificate,annual_count,239,239,count,239,,,final,bnr_sdc_v1,6,0,0,0,0,,none,No disclosure restriction identified.
MORT-BURDEN-001,mort_2026_07,annual,2018,2018-01-01,2018,,,1,stroke,all,all,upper_clear_likely_possible,death_certificate,annual_previous_5yr_mean,300,300,count,1500,,5,final,bnr_sdc_v1,6,0,0,0,0,,none,No disclosure restriction identified.
MORT-BURDEN-001,mort_2026_07,annual,2018,2018-01-01,2018,,,1,stroke,female,all,upper_clear_likely_possible,death_certificate,annual_count,138,138,count,138,,,final,bnr_sdc_v1,6,0,0,0,0,,none,No disclosure restriction identified.
MORT-BURDEN-001,mort_2026_07,annual,2018,2018-01-01,2018,,,1,stroke,female,all,upper_clear_likely_possible,death_certificate,annual_previous_5yr_mean,168.4,168.4,count,842,,5,final,bnr_sdc_v1,6,0,0,0,0,,none,No disclosure restriction identified.
MORT-BURDEN-001,mort_2026_07,annual,2018,2018-01-01,2018,,,1,stroke,male,all,upper_clear_likely_possible,death_certificate,annual_count,101,101,count,101,,,final,bnr_sdc_v1,6,0,0,0,0,,none,No disclosure restriction identified.
MORT-BURDEN-001,mort_2026_07,annual,2018,2018-01-01,2018,,,1,stroke,male,all,upper_clear_likely_possible,death_certificate,annual_previous_5yr_mean,131.6,131.6,count,658,,5,final,bnr_sdc_v1,6,0,0,0,0,,none,No disclosure restriction identified.
MORT-BURDEN-001,mort_2026_07,annual,2019,2019-01-01,2019,,,1,all_cvd,all,age_70_plus,primary_clear_likely,death_certificate,annual_count,320,320,count,320,,,final,bnr_sdc_v1,6,0,0,0,0,,none,No disclosure restriction identified.
MORT-BURDEN-001,mort_2026_07,annual,2019,2019-01-01,2019,,,1,all_cvd,all,age_70_plus,primary_clear_likely,death_certificate,annual_previous_5yr_mean,353.4,353.4,count,1767,,5,final,bnr_sdc_v1,6,0,0,0,0,,none,No disclosure restriction identified.
MORT-BURDEN-001,mort_2026_07,annual,2019,2019-01-01,2019,,,1,all_cvd,all,all,primary_clear_likely,death_certificate,annual_count,439,439,count,439,,,final,bnr_sdc_v1,6,0,0,0,0,,none,No disclosure restriction identified.
MORT-BURDEN-001,mort_2026_07,annual,2019,2019-01-01,2019,,,1,all_cvd,all,all,primary_clear_likely,death_certificate,annual_previous_5yr_mean,486.6,486.6,count,2433,,5,final,bnr_sdc_v1,6,0,0,0,0,,none,No disclosure restriction identified.
MORT-BURDEN-001,mort_2026_07,annual,2019,2019-01-01,2019,,,1,all_cvd,all,under_70,primary_clear_likely,death_certificate,annual_count,119,119,count,119,,,final,bnr_sdc_v1,6,0,0,0,0,,none,No disclosure restriction identified.
MORT-BURDEN-001,mort_2026_07,annual,2019,2019-01-01,2019,,,1,all_cvd,all,under_70,primary_clear_likely,death_certificate,annual_previous_5yr_mean,133.2,133.2,count,666,,5,final,bnr_sdc_v1,6,0,0,0,0,,none,No disclosure restriction identified.
MORT-BURDEN-001,mort_2026_07,annual,2019,2019-01-01,2019,,,1,all_cvd,female,all,primary_clear_likely,death_certificate,annual_count,235,235,count,235,,,final,bnr_sdc_v1,6,0,0,0,0,,none,No disclosure restriction identified.
MORT-BURDEN-001,mort_2026_07,annual,2019,2019-01-01,2019,,,1,all_cvd,female,all,primary_clear_likely,death_certificate,annual_previous_5yr_mean,247.8,247.8,count,1239,,5,final,bnr_sdc_v1,6,0,0,0,0,,none,No disclosure restriction identified.
MORT-BURDEN-001,mort_2026_07,annual,2019,2019-01-01,2019,,,1,all_cvd,male,all,primary_clear_likely,death_certificate,annual_count,204,204,count,204,,,final,bnr_sdc_v1,6,0,0,0,0,,none,No disclosure restriction identified.
MORT-BURDEN-001,mort_2026_07,annual,2019,2019-01-01,2019,,,1,all_cvd,male,all,primary_clear_likely,death_certificate,annual_previous_5yr_mean,238.8,238.8,count,1194,,5,final,bnr_sdc_v1,6,0,0,0,0,,none,No disclosure restriction identified.
MORT-BURDEN-001,mort_2026_07,annual,2019,2019-01-01,2019,,,1,heart,all,all,primary_clear_likely,death_certificate,annual_count,227,227,count,227,,,final,bnr_sdc_v1,6,0,0,0,0,,none,No disclosure restriction identified.
MORT-BURDEN-001,mort_2026_07,annual,2019,2019-01-01,2019,,,1,heart,all,all,primary_clear_likely,death_certificate,annual_previous_5yr_mean,244.6,244.6,count,1223,,5,final,bnr_sdc_v1,6,0,0,0,0,,none,No disclosure restriction identified.
MORT-BURDEN-001,mort_2026_07,annual,2019,2019-01-01,2019,,,1,heart,female,all,primary_clear_likely,death_certificate,annual_count,113,113,count,113,,,final,bnr_sdc_v1,6,0,0,0,0,,none,No disclosure restriction identified.
MORT-BURDEN-001,mort_2026_07,annual,2019,2019-01-01,2019,,,1,heart,female,all,primary_clear_likely,death_certificate,annual_previous_5yr_mean,110.2,110.2,count,551,,5,final,bnr_sdc_v1,6,0,0,0,0,,none,No disclosure restriction identified.
MORT-BURDEN-001,mort_2026_07,annual,2019,2019-01-01,2019,,,1,heart,male,all,primary_clear_likely,death_certificate,annual_count,114,114,count,114,,,final,bnr_sdc_v1,6,0,0,0,0,,none,No disclosure restriction identified.
MORT-BURDEN-001,mort_2026_07,annual,2019,2019-01-01,2019,,,1,heart,male,all,primary_clear_likely,death_certificate,annual_previous_5yr_mean,134.4,134.4,count,672,,5,final,bnr_sdc_v1,6,0,0,0,0,,none,No disclosure restriction identified.
MORT-BURDEN-001,mort_2026_07,annual,2019,2019-01-01,2019,,,1,stroke,all,all,primary_clear_likely,death_certificate,annual_count,212,212,count,212,,,final,bnr_sdc_v1,6,0,0,0,0,,none,No disclosure restriction identified.
MORT-BURDEN-001,mort_2026_07,annual,2019,2019-01-01,2019,,,1,stroke,all,all,primary_clear_likely,death_certificate,annual_previous_5yr_mean,242,242,count,1210,,5,final,bnr_sdc_v1,6,0,0,0,0,,none,No disclosure restriction identified.
MORT-BURDEN-001,mort_2026_07,annual,2019,2019-01-01,2019,,,1,stroke,female,all,primary_clear_likely,death_certificate,annual_count,122,122,count,122,,,final,bnr_sdc_v1,6,0,0,0,0,,none,No disclosure restriction identified.
MORT-BURDEN-001,mort_2026_07,annual,2019,2019-01-01,2019,,,1,stroke,female,all,primary_clear_likely,death_certificate,annual_previous_5yr_mean,137.6,137.6,count,688,,5,final,bnr_sdc_v1,6,0,0,0,0,,none,No disclosure restriction identified.
MORT-BURDEN-001,mort_2026_07,annual,2019,2019-01-01,2019,,,1,stroke,male,all,primary_clear_likely,death_certificate,annual_count,90,90,count,90,,,final,bnr_sdc_v1,6,0,0,0,0,,none,No disclosure restriction identified.
MORT-BURDEN-001,mort_2026_07,annual,2019,2019-01-01,2019,,,1,stroke,male,all,primary_clear_likely,death_certificate,annual_previous_5yr_mean,104.4,104.4,count,522,,5,final,bnr_sdc_v1,6,0,0,0,0,,none,No disclosure restriction identified.
MORT-BURDEN-001,mort_2026_07,annual,2019,2019-01-01,2019,,,1,all_cvd,all,age_70_plus,upper_clear_likely_possible,death_certificate,annual_count,456,456,count,456,,,final,bnr_sdc_v1,6,0,0,0,0,,none,No disclosure restriction identified.
MORT-BURDEN-001,mort_2026_07,annual,2019,2019-01-01,2019,,,1,all_cvd,all,age_70_plus,upper_clear_likely_possible,death_certificate,annual_previous_5yr_mean,422.8,422.8,count,2114,,5,final,bnr_sdc_v1,6,0,0,0,0,,none,No disclosure restriction identified.
MORT-BURDEN-001,mort_2026_07,annual,2019,2019-01-01,2019,,,1,all_cvd,all,all,upper_clear_likely_possible,death_certificate,annual_count,625,625,count,625,,,final,bnr_sdc_v1,6,0,0,0,0,,none,No disclosure restriction identified.
MORT-BURDEN-001,mort_2026_07,annual,2019,2019-01-01,2019,,,1,all_cvd,all,all,upper_clear_likely_possible,death_certificate,annual_previous_5yr_mean,592,592,count,2960,,5,final,bnr_sdc_v1,6,0,0,0,0,,none,No disclosure restriction identified.
MORT-BURDEN-001,mort_2026_07,annual,2019,2019-01-01,2019,,,1,all_cvd,all,under_70,upper_clear_likely_possible,death_certificate,annual_count,169,169,count,169,,,final,bnr_sdc_v1,6,0,0,0,0,,none,No disclosure restriction identified.
MORT-BURDEN-001,mort_2026_07,annual,2019,2019-01-01,2019,,,1,all_cvd,all,under_70,upper_clear_likely_possible,death_certificate,annual_previous_5yr_mean,169.2,169.2,count,846,,5,final,bnr_sdc_v1,6,0,0,0,0,,none,No disclosure restriction identified.
MORT-BURDEN-001,mort_2026_07,annual,2019,2019-01-01,2019,,,1,all_cvd,female,all,upper_clear_likely_possible,death_certificate,annual_count,338,338,count,338,,,final,bnr_sdc_v1,6,0,0,0,0,,none,No disclosure restriction identified.
MORT-BURDEN-001,mort_2026_07,annual,2019,2019-01-01,2019,,,1,all_cvd,female,all,upper_clear_likely_possible,death_certificate,annual_previous_5yr_mean,297.2,297.2,count,1486,,5,final,bnr_sdc_v1,6,0,0,0,0,,none,No disclosure restriction identified.
MORT-BURDEN-001,mort_2026_07,annual,2019,2019-01-01,2019,,,1,all_cvd,male,all,upper_clear_likely_possible,death_certificate,annual_count,287,287,count,287,,,final,bnr_sdc_v1,6,0,0,0,0,,none,No disclosure restriction identified.
MORT-BURDEN-001,mort_2026_07,annual,2019,2019-01-01,2019,,,1,all_cvd,male,all,upper_clear_likely_possible,death_certificate,annual_previous_5yr_mean,294.8,294.8,count,1474,,5,final,bnr_sdc_v1,6,0,0,0,0,,none,No disclosure restriction identified.
MORT-BURDEN-001,mort_2026_07,annual,2019,2019-01-01,2019,,,1,heart,all,all,upper_clear_likely_possible,death_certificate,annual_count,315,315,count,315,,,final,bnr_sdc_v1,6,0,0,0,0,,none,No disclosure restriction identified.
MORT-BURDEN-001,mort_2026_07,annual,2019,2019-01-01,2019,,,1,heart,all,all,upper_clear_likely_possible,death_certificate,annual_previous_5yr_mean,305.4,305.4,count,1527,,5,final,bnr_sdc_v1,6,0,0,0,0,,none,No disclosure restriction identified.
MORT-BURDEN-001,mort_2026_07,annual,2019,2019-01-01,2019,,,1,heart,female,all,upper_clear_likely_possible,death_certificate,annual_count,170,170,count,170,,,final,bnr_sdc_v1,6,0,0,0,0,,none,No disclosure restriction identified.
MORT-BURDEN-001,mort_2026_07,annual,2019,2019-01-01,2019,,,1,heart,female,all,upper_clear_likely_possible,death_certificate,annual_previous_5yr_mean,136.2,136.2,count,681,,5,final,bnr_sdc_v1,6,0,0,0,0,,none,No disclosure restriction identified.
MORT-BURDEN-001,mort_2026_07,annual,2019,2019-01-01,2019,,,1,heart,male,all,upper_clear_likely_possible,death_certificate,annual_count,145,145,count,145,,,final,bnr_sdc_v1,6,0,0,0,0,,none,No disclosure restriction identified.
MORT-BURDEN-001,mort_2026_07,annual,2019,2019-01-01,2019,,,1,heart,male,all,upper_clear_likely_possible,death_certificate,annual_previous_5yr_mean,169.2,169.2,count,846,,5,final,bnr_sdc_v1,6,0,0,0,0,,none,No disclosure restriction identified.
MORT-BURDEN-001,mort_2026_07,annual,2019,2019-01-01,2019,,,1,stroke,all,all,upper_clear_likely_possible,death_certificate,annual_count,310,310,count,310,,,final,bnr_sdc_v1,6,0,0,0,0,,none,No disclosure restriction identified.
MORT-BURDEN-001,mort_2026_07,annual,2019,2019-01-01,2019,,,1,stroke,all,all,upper_clear_likely_possible,death_certificate,annual_previous_5yr_mean,286.6,286.6,count,1433,,5,final,bnr_sdc_v1,6,0,0,0,0,,none,No disclosure restriction identified.
MORT-BURDEN-001,mort_2026_07,annual,2019,2019-01-01,2019,,,1,stroke,female,all,upper_clear_likely_possible,death_certificate,annual_count,168,168,count,168,,,final,bnr_sdc_v1,6,0,0,0,0,,none,No disclosure restriction identified.
MORT-BURDEN-001,mort_2026_07,annual,2019,2019-01-01,2019,,,1,stroke,female,all,upper_clear_likely_possible,death_certificate,annual_previous_5yr_mean,161,161,count,805,,5,final,bnr_sdc_v1,6,0,0,0,0,,none,No disclosure restriction identified.
MORT-BURDEN-001,mort_2026_07,annual,2019,2019-01-01,2019,,,1,stroke,male,all,upper_clear_likely_possible,death_certificate,annual_count,142,142,count,142,,,final,bnr_sdc_v1,6,0,0,0,0,,none,No disclosure restriction identified.
MORT-BURDEN-001,mort_2026_07,annual,2019,2019-01-01,2019,,,1,stroke,male,all,upper_clear_likely_possible,death_certificate,annual_previous_5yr_mean,125.6,125.6,count,628,,5,final,bnr_sdc_v1,6,0,0,0,0,,none,No disclosure restriction identified.
MORT-BURDEN-001,mort_2026_07,annual,2020,2020-01-01,2020,,,1,all_cvd,all,age_70_plus,primary_clear_likely,death_certificate,annual_count,262,262,count,262,,,final,bnr_sdc_v1,6,0,0,0,0,,none,No disclosure restriction identified.
MORT-BURDEN-001,mort_2026_07,annual,2020,2020-01-01,2020,,,1,all_cvd,all,age_70_plus,primary_clear_likely,death_certificate,annual_previous_5yr_mean,339.6,339.6,count,1698,,5,final,bnr_sdc_v1,6,0,0,0,0,,none,No disclosure restriction identified.
MORT-BURDEN-001,mort_2026_07,annual,2020,2020-01-01,2020,,,1,all_cvd,all,all,primary_clear_likely,death_certificate,annual_count,367,367,count,367,,,final,bnr_sdc_v1,6,0,0,0,0,,none,No disclosure restriction identified.
MORT-BURDEN-001,mort_2026_07,annual,2020,2020-01-01,2020,,,1,all_cvd,all,all,primary_clear_likely,death_certificate,annual_previous_5yr_mean,474.4,474.4,count,2372,,5,final,bnr_sdc_v1,6,0,0,0,0,,none,No disclosure restriction identified.
MORT-BURDEN-001,mort_2026_07,annual,2020,2020-01-01,2020,,,1,all_cvd,all,under_70,primary_clear_likely,death_certificate,annual_count,105,105,count,105,,,final,bnr_sdc_v1,6,0,0,0,0,,none,No disclosure restriction identified.
MORT-BURDEN-001,mort_2026_07,annual,2020,2020-01-01,2020,,,1,all_cvd,all,under_70,primary_clear_likely,death_certificate,annual_previous_5yr_mean,134.8,134.8,count,674,,5,final,bnr_sdc_v1,6,0,0,0,0,,none,No disclosure restriction identified.
MORT-BURDEN-001,mort_2026_07,annual,2020,2020-01-01,2020,,,1,all_cvd,female,all,primary_clear_likely,death_certificate,annual_count,193,193,count,193,,,final,bnr_sdc_v1,6,0,0,0,0,,none,No disclosure restriction identified.
MORT-BURDEN-001,mort_2026_07,annual,2020,2020-01-01,2020,,,1,all_cvd,female,all,primary_clear_likely,death_certificate,annual_previous_5yr_mean,243,243,count,1215,,5,final,bnr_sdc_v1,6,0,0,0,0,,none,No disclosure restriction identified.
MORT-BURDEN-001,mort_2026_07,annual,2020,2020-01-01,2020,,,1,all_cvd,male,all,primary_clear_likely,death_certificate,annual_count,174,174,count,174,,,final,bnr_sdc_v1,6,0,0,0,0,,none,No disclosure restriction identified.
MORT-BURDEN-001,mort_2026_07,annual,2020,2020-01-01,2020,,,1,all_cvd,male,all,primary_clear_likely,death_certificate,annual_previous_5yr_mean,231.4,231.4,count,1157,,5,final,bnr_sdc_v1,6,0,0,0,0,,none,No disclosure restriction identified.
MORT-BURDEN-001,mort_2026_07,annual,2020,2020-01-01,2020,,,1,heart,all,all,primary_clear_likely,death_certificate,annual_count,203,203,count,203,,,final,bnr_sdc_v1,6,0,0,0,0,,none,No disclosure restriction identified.
MORT-BURDEN-001,mort_2026_07,annual,2020,2020-01-01,2020,,,1,heart,all,all,primary_clear_likely,death_certificate,annual_previous_5yr_mean,239,239,count,1195,,5,final,bnr_sdc_v1,6,0,0,0,0,,none,No disclosure restriction identified.
MORT-BURDEN-001,mort_2026_07,annual,2020,2020-01-01,2020,,,1,heart,female,all,primary_clear_likely,death_certificate,annual_count,97,97,count,97,,,final,bnr_sdc_v1,6,0,0,0,0,,none,No disclosure restriction identified.
MORT-BURDEN-001,mort_2026_07,annual,2020,2020-01-01,2020,,,1,heart,female,all,primary_clear_likely,death_certificate,annual_previous_5yr_mean,107.4,107.4,count,537,,5,final,bnr_sdc_v1,6,0,0,0,0,,none,No disclosure restriction identified.
MORT-BURDEN-001,mort_2026_07,annual,2020,2020-01-01,2020,,,1,heart,male,all,primary_clear_likely,death_certificate,annual_count,106,106,count,106,,,final,bnr_sdc_v1,6,0,0,0,0,,none,No disclosure restriction identified.
MORT-BURDEN-001,mort_2026_07,annual,2020,2020-01-01,2020,,,1,heart,male,all,primary_clear_likely,death_certificate,annual_previous_5yr_mean,131.6,131.6,count,658,,5,final,bnr_sdc_v1,6,0,0,0,0,,none,No disclosure restriction identified.
MORT-BURDEN-001,mort_2026_07,annual,2020,2020-01-01,2020,,,1,stroke,all,all,primary_clear_likely,death_certificate,annual_count,164,164,count,164,,,final,bnr_sdc_v1,6,0,0,0,0,,none,No disclosure restriction identified.
MORT-BURDEN-001,mort_2026_07,annual,2020,2020-01-01,2020,,,1,stroke,all,all,primary_clear_likely,death_certificate,annual_previous_5yr_mean,235.4,235.4,count,1177,,5,final,bnr_sdc_v1,6,0,0,0,0,,none,No disclosure restriction identified.
MORT-BURDEN-001,mort_2026_07,annual,2020,2020-01-01,2020,,,1,stroke,female,all,primary_clear_likely,death_certificate,annual_count,96,96,count,96,,,final,bnr_sdc_v1,6,0,0,0,0,,none,No disclosure restriction identified.
MORT-BURDEN-001,mort_2026_07,annual,2020,2020-01-01,2020,,,1,stroke,female,all,primary_clear_likely,death_certificate,annual_previous_5yr_mean,135.6,135.6,count,678,,5,final,bnr_sdc_v1,6,0,0,0,0,,none,No disclosure restriction identified.
MORT-BURDEN-001,mort_2026_07,annual,2020,2020-01-01,2020,,,1,stroke,male,all,primary_clear_likely,death_certificate,annual_count,68,68,count,68,,,final,bnr_sdc_v1,6,0,0,0,0,,none,No disclosure restriction identified.
MORT-BURDEN-001,mort_2026_07,annual,2020,2020-01-01,2020,,,1,stroke,male,all,primary_clear_likely,death_certificate,annual_previous_5yr_mean,99.8,99.8,count,499,,5,final,bnr_sdc_v1,6,0,0,0,0,,none,No disclosure restriction identified.
MORT-BURDEN-001,mort_2026_07,annual,2020,2020-01-01,2020,,,1,all_cvd,all,age_70_plus,upper_clear_likely_possible,death_certificate,annual_count,385,385,count,385,,,final,bnr_sdc_v1,6,0,0,0,0,,none,No disclosure restriction identified.
MORT-BURDEN-001,mort_2026_07,annual,2020,2020-01-01,2020,,,1,all_cvd,all,age_70_plus,upper_clear_likely_possible,death_certificate,annual_previous_5yr_mean,422.4,422.4,count,2112,,5,final,bnr_sdc_v1,6,0,0,0,0,,none,No disclosure restriction identified.
MORT-BURDEN-001,mort_2026_07,annual,2020,2020-01-01,2020,,,1,all_cvd,all,all,upper_clear_likely_possible,death_certificate,annual_count,551,551,count,551,,,final,bnr_sdc_v1,6,0,0,0,0,,none,No disclosure restriction identified.
MORT-BURDEN-001,mort_2026_07,annual,2020,2020-01-01,2020,,,1,all_cvd,all,all,upper_clear_likely_possible,death_certificate,annual_previous_5yr_mean,596,596,count,2980,,5,final,bnr_sdc_v1,6,0,0,0,0,,none,No disclosure restriction identified.
MORT-BURDEN-001,mort_2026_07,annual,2020,2020-01-01,2020,,,1,all_cvd,all,under_70,upper_clear_likely_possible,death_certificate,annual_count,166,166,count,166,,,final,bnr_sdc_v1,6,0,0,0,0,,none,No disclosure restriction identified.
MORT-BURDEN-001,mort_2026_07,annual,2020,2020-01-01,2020,,,1,all_cvd,all,under_70,upper_clear_likely_possible,death_certificate,annual_previous_5yr_mean,173.6,173.6,count,868,,5,final,bnr_sdc_v1,6,0,0,0,0,,none,No disclosure restriction identified.
MORT-BURDEN-001,mort_2026_07,annual,2020,2020-01-01,2020,,,1,all_cvd,female,all,upper_clear_likely_possible,death_certificate,annual_count,295,295,count,295,,,final,bnr_sdc_v1,6,0,0,0,0,,none,No disclosure restriction identified.
MORT-BURDEN-001,mort_2026_07,annual,2020,2020-01-01,2020,,,1,all_cvd,female,all,upper_clear_likely_possible,death_certificate,annual_previous_5yr_mean,305.4,305.4,count,1527,,5,final,bnr_sdc_v1,6,0,0,0,0,,none,No disclosure restriction identified.
MORT-BURDEN-001,mort_2026_07,annual,2020,2020-01-01,2020,,,1,all_cvd,male,all,upper_clear_likely_possible,death_certificate,annual_count,256,256,count,256,,,final,bnr_sdc_v1,6,0,0,0,0,,none,No disclosure restriction identified.
MORT-BURDEN-001,mort_2026_07,annual,2020,2020-01-01,2020,,,1,all_cvd,male,all,upper_clear_likely_possible,death_certificate,annual_previous_5yr_mean,290.6,290.6,count,1453,,5,final,bnr_sdc_v1,6,0,0,0,0,,none,No disclosure restriction identified.
MORT-BURDEN-001,mort_2026_07,annual,2020,2020-01-01,2020,,,1,heart,all,all,upper_clear_likely_possible,death_certificate,annual_count,281,281,count,281,,,final,bnr_sdc_v1,6,0,0,0,0,,none,No disclosure restriction identified.
MORT-BURDEN-001,mort_2026_07,annual,2020,2020-01-01,2020,,,1,heart,all,all,upper_clear_likely_possible,death_certificate,annual_previous_5yr_mean,304.8,304.8,count,1524,,5,final,bnr_sdc_v1,6,0,0,0,0,,none,No disclosure restriction identified.
MORT-BURDEN-001,mort_2026_07,annual,2020,2020-01-01,2020,,,1,heart,female,all,upper_clear_likely_possible,death_certificate,annual_count,136,136,count,136,,,final,bnr_sdc_v1,6,0,0,0,0,,none,No disclosure restriction identified.
MORT-BURDEN-001,mort_2026_07,annual,2020,2020-01-01,2020,,,1,heart,female,all,upper_clear_likely_possible,death_certificate,annual_previous_5yr_mean,140.4,140.4,count,702,,5,final,bnr_sdc_v1,6,0,0,0,0,,none,No disclosure restriction identified.
MORT-BURDEN-001,mort_2026_07,annual,2020,2020-01-01,2020,,,1,heart,male,all,upper_clear_likely_possible,death_certificate,annual_count,145,145,count,145,,,final,bnr_sdc_v1,6,0,0,0,0,,none,No disclosure restriction identified.
MORT-BURDEN-001,mort_2026_07,annual,2020,2020-01-01,2020,,,1,heart,male,all,upper_clear_likely_possible,death_certificate,annual_previous_5yr_mean,164.4,164.4,count,822,,5,final,bnr_sdc_v1,6,0,0,0,0,,none,No disclosure restriction identified.
MORT-BURDEN-001,mort_2026_07,annual,2020,2020-01-01,2020,,,1,stroke,all,all,upper_clear_likely_possible,death_certificate,annual_count,270,270,count,270,,,final,bnr_sdc_v1,6,0,0,0,0,,none,No disclosure restriction identified.
MORT-BURDEN-001,mort_2026_07,annual,2020,2020-01-01,2020,,,1,stroke,all,all,upper_clear_likely_possible,death_certificate,annual_previous_5yr_mean,291.2,291.2,count,1456,,5,final,bnr_sdc_v1,6,0,0,0,0,,none,No disclosure restriction identified.
MORT-BURDEN-001,mort_2026_07,annual,2020,2020-01-01,2020,,,1,stroke,female,all,upper_clear_likely_possible,death_certificate,annual_count,159,159,count,159,,,final,bnr_sdc_v1,6,0,0,0,0,,none,No disclosure restriction identified.
MORT-BURDEN-001,mort_2026_07,annual,2020,2020-01-01,2020,,,1,stroke,female,all,upper_clear_likely_possible,death_certificate,annual_previous_5yr_mean,165,165,count,825,,5,final,bnr_sdc_v1,6,0,0,0,0,,none,No disclosure restriction identified.
MORT-BURDEN-001,mort_2026_07,annual,2020,2020-01-01,2020,,,1,stroke,male,all,upper_clear_likely_possible,death_certificate,annual_count,111,111,count,111,,,final,bnr_sdc_v1,6,0,0,0,0,,none,No disclosure restriction identified.
MORT-BURDEN-001,mort_2026_07,annual,2020,2020-01-01,2020,,,1,stroke,male,all,upper_clear_likely_possible,death_certificate,annual_previous_5yr_mean,126.2,126.2,count,631,,5,final,bnr_sdc_v1,6,0,0,0,0,,none,No disclosure restriction identified.
MORT-BURDEN-001,mort_2026_07,annual,2021,2021-01-01,2021,,,1,all_cvd,all,age_70_plus,primary_clear_likely,death_certificate,annual_count,259,259,count,259,,,final,bnr_sdc_v1,6,0,0,0,0,,none,No disclosure restriction identified.
MORT-BURDEN-001,mort_2026_07,annual,2021,2021-01-01,2021,,,1,all_cvd,all,age_70_plus,primary_clear_likely,death_certificate,annual_previous_5yr_mean,313.6,313.6,count,1568,,5,final,bnr_sdc_v1,6,0,0,0,0,,none,No disclosure restriction identified.
MORT-BURDEN-001,mort_2026_07,annual,2021,2021-01-01,2021,,,1,all_cvd,all,all,primary_clear_likely,death_certificate,annual_count,369,369,count,369,,,final,bnr_sdc_v1,6,0,0,0,0,,none,No disclosure restriction identified.
MORT-BURDEN-001,mort_2026_07,annual,2021,2021-01-01,2021,,,1,all_cvd,all,all,primary_clear_likely,death_certificate,annual_previous_5yr_mean,437.8,437.8,count,2189,,5,final,bnr_sdc_v1,6,0,0,0,0,,none,No disclosure restriction identified.
MORT-BURDEN-001,mort_2026_07,annual,2021,2021-01-01,2021,,,1,all_cvd,all,under_70,primary_clear_likely,death_certificate,annual_count,110,110,count,110,,,final,bnr_sdc_v1,6,0,0,0,0,,none,No disclosure restriction identified.
MORT-BURDEN-001,mort_2026_07,annual,2021,2021-01-01,2021,,,1,all_cvd,all,under_70,primary_clear_likely,death_certificate,annual_previous_5yr_mean,124.2,124.2,count,621,,5,final,bnr_sdc_v1,6,0,0,0,0,,none,No disclosure restriction identified.
MORT-BURDEN-001,mort_2026_07,annual,2021,2021-01-01,2021,,,1,all_cvd,female,all,primary_clear_likely,death_certificate,annual_count,188,188,count,188,,,final,bnr_sdc_v1,6,0,0,0,0,,none,No disclosure restriction identified.
MORT-BURDEN-001,mort_2026_07,annual,2021,2021-01-01,2021,,,1,all_cvd,female,all,primary_clear_likely,death_certificate,annual_previous_5yr_mean,223.2,223.2,count,1116,,5,final,bnr_sdc_v1,6,0,0,0,0,,none,No disclosure restriction identified.
MORT-BURDEN-001,mort_2026_07,annual,2021,2021-01-01,2021,,,1,all_cvd,male,all,primary_clear_likely,death_certificate,annual_count,181,181,count,181,,,final,bnr_sdc_v1,6,0,0,0,0,,none,No disclosure restriction identified.
MORT-BURDEN-001,mort_2026_07,annual,2021,2021-01-01,2021,,,1,all_cvd,male,all,primary_clear_likely,death_certificate,annual_previous_5yr_mean,214.6,214.6,count,1073,,5,final,bnr_sdc_v1,6,0,0,0,0,,none,No disclosure restriction identified.
MORT-BURDEN-001,mort_2026_07,annual,2021,2021-01-01,2021,,,1,heart,all,all,primary_clear_likely,death_certificate,annual_count,209,209,count,209,,,final,bnr_sdc_v1,6,0,0,0,0,,none,No disclosure restriction identified.
MORT-BURDEN-001,mort_2026_07,annual,2021,2021-01-01,2021,,,1,heart,all,all,primary_clear_likely,death_certificate,annual_previous_5yr_mean,225.8,225.8,count,1129,,5,final,bnr_sdc_v1,6,0,0,0,0,,none,No disclosure restriction identified.
MORT-BURDEN-001,mort_2026_07,annual,2021,2021-01-01,2021,,,1,heart,female,all,primary_clear_likely,death_certificate,annual_count,101,101,count,101,,,final,bnr_sdc_v1,6,0,0,0,0,,none,No disclosure restriction identified.
MORT-BURDEN-001,mort_2026_07,annual,2021,2021-01-01,2021,,,1,heart,female,all,primary_clear_likely,death_certificate,annual_previous_5yr_mean,101.2,101.2,count,506,,5,final,bnr_sdc_v1,6,0,0,0,0,,none,No disclosure restriction identified.
MORT-BURDEN-001,mort_2026_07,annual,2021,2021-01-01,2021,,,1,heart,male,all,primary_clear_likely,death_certificate,annual_count,108,108,count,108,,,final,bnr_sdc_v1,6,0,0,0,0,,none,No disclosure restriction identified.
MORT-BURDEN-001,mort_2026_07,annual,2021,2021-01-01,2021,,,1,heart,male,all,primary_clear_likely,death_certificate,annual_previous_5yr_mean,124.6,124.6,count,623,,5,final,bnr_sdc_v1,6,0,0,0,0,,none,No disclosure restriction identified.
MORT-BURDEN-001,mort_2026_07,annual,2021,2021-01-01,2021,,,1,stroke,all,all,primary_clear_likely,death_certificate,annual_count,160,160,count,160,,,final,bnr_sdc_v1,6,0,0,0,0,,none,No disclosure restriction identified.
MORT-BURDEN-001,mort_2026_07,annual,2021,2021-01-01,2021,,,1,stroke,all,all,primary_clear_likely,death_certificate,annual_previous_5yr_mean,212,212,count,1060,,5,final,bnr_sdc_v1,6,0,0,0,0,,none,No disclosure restriction identified.
MORT-BURDEN-001,mort_2026_07,annual,2021,2021-01-01,2021,,,1,stroke,female,all,primary_clear_likely,death_certificate,annual_count,87,87,count,87,,,final,bnr_sdc_v1,6,0,0,0,0,,none,No disclosure restriction identified.
MORT-BURDEN-001,mort_2026_07,annual,2021,2021-01-01,2021,,,1,stroke,female,all,primary_clear_likely,death_certificate,annual_previous_5yr_mean,122,122,count,610,,5,final,bnr_sdc_v1,6,0,0,0,0,,none,No disclosure restriction identified.
MORT-BURDEN-001,mort_2026_07,annual,2021,2021-01-01,2021,,,1,stroke,male,all,primary_clear_likely,death_certificate,annual_count,73,73,count,73,,,final,bnr_sdc_v1,6,0,0,0,0,,none,No disclosure restriction identified.
MORT-BURDEN-001,mort_2026_07,annual,2021,2021-01-01,2021,,,1,stroke,male,all,primary_clear_likely,death_certificate,annual_previous_5yr_mean,90,90,count,450,,5,final,bnr_sdc_v1,6,0,0,0,0,,none,No disclosure restriction identified.
MORT-BURDEN-001,mort_2026_07,annual,2021,2021-01-01,2021,,,1,all_cvd,all,age_70_plus,upper_clear_likely_possible,death_certificate,annual_count,378,378,count,378,,,final,bnr_sdc_v1,6,0,0,0,0,,none,No disclosure restriction identified.
MORT-BURDEN-001,mort_2026_07,annual,2021,2021-01-01,2021,,,1,all_cvd,all,age_70_plus,upper_clear_likely_possible,death_certificate,annual_previous_5yr_mean,407.4,407.4,count,2037,,5,final,bnr_sdc_v1,6,0,0,0,0,,none,No disclosure restriction identified.
MORT-BURDEN-001,mort_2026_07,annual,2021,2021-01-01,2021,,,1,all_cvd,all,all,upper_clear_likely_possible,death_certificate,annual_count,532,532,count,532,,,final,bnr_sdc_v1,6,0,0,0,0,,none,No disclosure restriction identified.
MORT-BURDEN-001,mort_2026_07,annual,2021,2021-01-01,2021,,,1,all_cvd,all,all,upper_clear_likely_possible,death_certificate,annual_previous_5yr_mean,577.2,577.2,count,2886,,5,final,bnr_sdc_v1,6,0,0,0,0,,none,No disclosure restriction identified.
MORT-BURDEN-001,mort_2026_07,annual,2021,2021-01-01,2021,,,1,all_cvd,all,under_70,upper_clear_likely_possible,death_certificate,annual_count,154,154,count,154,,,final,bnr_sdc_v1,6,0,0,0,0,,none,No disclosure restriction identified.
MORT-BURDEN-001,mort_2026_07,annual,2021,2021-01-01,2021,,,1,all_cvd,all,under_70,upper_clear_likely_possible,death_certificate,annual_previous_5yr_mean,169.8,169.8,count,849,,5,final,bnr_sdc_v1,6,0,0,0,0,,none,No disclosure restriction identified.
MORT-BURDEN-001,mort_2026_07,annual,2021,2021-01-01,2021,,,1,all_cvd,female,all,upper_clear_likely_possible,death_certificate,annual_count,279,279,count,279,,,final,bnr_sdc_v1,6,0,0,0,0,,none,No disclosure restriction identified.
MORT-BURDEN-001,mort_2026_07,annual,2021,2021-01-01,2021,,,1,all_cvd,female,all,upper_clear_likely_possible,death_certificate,annual_previous_5yr_mean,297,297,count,1485,,5,final,bnr_sdc_v1,6,0,0,0,0,,none,No disclosure restriction identified.
MORT-BURDEN-001,mort_2026_07,annual,2021,2021-01-01,2021,,,1,all_cvd,male,all,upper_clear_likely_possible,death_certificate,annual_count,253,253,count,253,,,final,bnr_sdc_v1,6,0,0,0,0,,none,No disclosure restriction identified.
MORT-BURDEN-001,mort_2026_07,annual,2021,2021-01-01,2021,,,1,all_cvd,male,all,upper_clear_likely_possible,death_certificate,annual_previous_5yr_mean,280.2,280.2,count,1401,,5,final,bnr_sdc_v1,6,0,0,0,0,,none,No disclosure restriction identified.
MORT-BURDEN-001,mort_2026_07,annual,2021,2021-01-01,2021,,,1,heart,all,all,upper_clear_likely_possible,death_certificate,annual_count,283,283,count,283,,,final,bnr_sdc_v1,6,0,0,0,0,,none,No disclosure restriction identified.
MORT-BURDEN-001,mort_2026_07,annual,2021,2021-01-01,2021,,,1,heart,all,all,upper_clear_likely_possible,death_certificate,annual_previous_5yr_mean,295.6,295.6,count,1478,,5,final,bnr_sdc_v1,6,0,0,0,0,,none,No disclosure restriction identified.
MORT-BURDEN-001,mort_2026_07,annual,2021,2021-01-01,2021,,,1,heart,female,all,upper_clear_likely_possible,death_certificate,annual_count,147,147,count,147,,,final,bnr_sdc_v1,6,0,0,0,0,,none,No disclosure restriction identified.
MORT-BURDEN-001,mort_2026_07,annual,2021,2021-01-01,2021,,,1,heart,female,all,upper_clear_likely_possible,death_certificate,annual_previous_5yr_mean,136.6,136.6,count,683,,5,final,bnr_sdc_v1,6,0,0,0,0,,none,No disclosure restriction identified.
MORT-BURDEN-001,mort_2026_07,annual,2021,2021-01-01,2021,,,1,heart,male,all,upper_clear_likely_possible,death_certificate,annual_count,136,136,count,136,,,final,bnr_sdc_v1,6,0,0,0,0,,none,No disclosure restriction identified.
MORT-BURDEN-001,mort_2026_07,annual,2021,2021-01-01,2021,,,1,heart,male,all,upper_clear_likely_possible,death_certificate,annual_previous_5yr_mean,159,159,count,795,,5,final,bnr_sdc_v1,6,0,0,0,0,,none,No disclosure restriction identified.
MORT-BURDEN-001,mort_2026_07,annual,2021,2021-01-01,2021,,,1,stroke,all,all,upper_clear_likely_possible,death_certificate,annual_count,249,249,count,249,,,final,bnr_sdc_v1,6,0,0,0,0,,none,No disclosure restriction identified.
MORT-BURDEN-001,mort_2026_07,annual,2021,2021-01-01,2021,,,1,stroke,all,all,upper_clear_likely_possible,death_certificate,annual_previous_5yr_mean,281.6,281.6,count,1408,,5,final,bnr_sdc_v1,6,0,0,0,0,,none,No disclosure restriction identified.
MORT-BURDEN-001,mort_2026_07,annual,2021,2021-01-01,2021,,,1,stroke,female,all,upper_clear_likely_possible,death_certificate,annual_count,132,132,count,132,,,final,bnr_sdc_v1,6,0,0,0,0,,none,No disclosure restriction identified.
MORT-BURDEN-001,mort_2026_07,annual,2021,2021-01-01,2021,,,1,stroke,female,all,upper_clear_likely_possible,death_certificate,annual_previous_5yr_mean,160.4,160.4,count,802,,5,final,bnr_sdc_v1,6,0,0,0,0,,none,No disclosure restriction identified.
MORT-BURDEN-001,mort_2026_07,annual,2021,2021-01-01,2021,,,1,stroke,male,all,upper_clear_likely_possible,death_certificate,annual_count,117,117,count,117,,,final,bnr_sdc_v1,6,0,0,0,0,,none,No disclosure restriction identified.
MORT-BURDEN-001,mort_2026_07,annual,2021,2021-01-01,2021,,,1,stroke,male,all,upper_clear_likely_possible,death_certificate,annual_previous_5yr_mean,121.2,121.2,count,606,,5,final,bnr_sdc_v1,6,0,0,0,0,,none,No disclosure restriction identified.
MORT-BURDEN-001,mort_2026_07,annual,2022,2022-01-01,2022,,,1,all_cvd,all,age_70_plus,primary_clear_likely,death_certificate,annual_count,312,312,count,312,,,final,bnr_sdc_v1,6,0,0,0,0,,none,No disclosure restriction identified.
MORT-BURDEN-001,mort_2026_07,annual,2022,2022-01-01,2022,,,1,all_cvd,all,age_70_plus,primary_clear_likely,death_certificate,annual_previous_5yr_mean,292,292,count,1460,,5,final,bnr_sdc_v1,6,0,0,0,0,,none,No disclosure restriction identified.
MORT-BURDEN-001,mort_2026_07,annual,2022,2022-01-01,2022,,,1,all_cvd,all,all,primary_clear_likely,death_certificate,annual_count,426,426,count,426,,,final,bnr_sdc_v1,6,0,0,0,0,,none,No disclosure restriction identified.
MORT-BURDEN-001,mort_2026_07,annual,2022,2022-01-01,2022,,,1,all_cvd,all,all,primary_clear_likely,death_certificate,annual_previous_5yr_mean,408.2,408.2,count,2041,,5,final,bnr_sdc_v1,6,0,0,0,0,,none,No disclosure restriction identified.
MORT-BURDEN-001,mort_2026_07,annual,2022,2022-01-01,2022,,,1,all_cvd,all,under_70,primary_clear_likely,death_certificate,annual_count,114,114,count,114,,,final,bnr_sdc_v1,6,0,0,0,0,,none,No disclosure restriction identified.
MORT-BURDEN-001,mort_2026_07,annual,2022,2022-01-01,2022,,,1,all_cvd,all,under_70,primary_clear_likely,death_certificate,annual_previous_5yr_mean,116.2,116.2,count,581,,5,final,bnr_sdc_v1,6,0,0,0,0,,none,No disclosure restriction identified.
MORT-BURDEN-001,mort_2026_07,annual,2022,2022-01-01,2022,,,1,all_cvd,female,all,primary_clear_likely,death_certificate,annual_count,217,217,count,217,,,final,bnr_sdc_v1,6,0,0,0,0,,none,No disclosure restriction identified.
MORT-BURDEN-001,mort_2026_07,annual,2022,2022-01-01,2022,,,1,all_cvd,female,all,primary_clear_likely,death_certificate,annual_previous_5yr_mean,210.4,210.4,count,1052,,5,final,bnr_sdc_v1,6,0,0,0,0,,none,No disclosure restriction identified.
MORT-BURDEN-001,mort_2026_07,annual,2022,2022-01-01,2022,,,1,all_cvd,male,all,primary_clear_likely,death_certificate,annual_count,209,209,count,209,,,final,bnr_sdc_v1,6,0,0,0,0,,none,No disclosure restriction identified.
MORT-BURDEN-001,mort_2026_07,annual,2022,2022-01-01,2022,,,1,all_cvd,male,all,primary_clear_likely,death_certificate,annual_previous_5yr_mean,197.8,197.8,count,989,,5,final,bnr_sdc_v1,6,0,0,0,0,,none,No disclosure restriction identified.
MORT-BURDEN-001,mort_2026_07,annual,2022,2022-01-01,2022,,,1,heart,all,all,primary_clear_likely,death_certificate,annual_count,225,225,count,225,,,final,bnr_sdc_v1,6,0,0,0,0,,none,No disclosure restriction identified.
MORT-BURDEN-001,mort_2026_07,annual,2022,2022-01-01,2022,,,1,heart,all,all,primary_clear_likely,death_certificate,annual_previous_5yr_mean,217.8,217.8,count,1089,,5,final,bnr_sdc_v1,6,0,0,0,0,,none,No disclosure restriction identified.
MORT-BURDEN-001,mort_2026_07,annual,2022,2022-01-01,2022,,,1,heart,female,all,primary_clear_likely,death_certificate,annual_count,107,107,count,107,,,final,bnr_sdc_v1,6,0,0,0,0,,none,No disclosure restriction identified.
MORT-BURDEN-001,mort_2026_07,annual,2022,2022-01-01,2022,,,1,heart,female,all,primary_clear_likely,death_certificate,annual_previous_5yr_mean,100.8,100.8,count,504,,5,final,bnr_sdc_v1,6,0,0,0,0,,none,No disclosure restriction identified.
MORT-BURDEN-001,mort_2026_07,annual,2022,2022-01-01,2022,,,1,heart,male,all,primary_clear_likely,death_certificate,annual_count,118,118,count,118,,,final,bnr_sdc_v1,6,0,0,0,0,,none,No disclosure restriction identified.
MORT-BURDEN-001,mort_2026_07,annual,2022,2022-01-01,2022,,,1,heart,male,all,primary_clear_likely,death_certificate,annual_previous_5yr_mean,117,117,count,585,,5,final,bnr_sdc_v1,6,0,0,0,0,,none,No disclosure restriction identified.
MORT-BURDEN-001,mort_2026_07,annual,2022,2022-01-01,2022,,,1,stroke,all,all,primary_clear_likely,death_certificate,annual_count,201,201,count,201,,,final,bnr_sdc_v1,6,0,0,0,0,,none,No disclosure restriction identified.
MORT-BURDEN-001,mort_2026_07,annual,2022,2022-01-01,2022,,,1,stroke,all,all,primary_clear_likely,death_certificate,annual_previous_5yr_mean,190.4,190.4,count,952,,5,final,bnr_sdc_v1,6,0,0,0,0,,none,No disclosure restriction identified.
MORT-BURDEN-001,mort_2026_07,annual,2022,2022-01-01,2022,,,1,stroke,female,all,primary_clear_likely,death_certificate,annual_count,110,110,count,110,,,final,bnr_sdc_v1,6,0,0,0,0,,none,No disclosure restriction identified.
MORT-BURDEN-001,mort_2026_07,annual,2022,2022-01-01,2022,,,1,stroke,female,all,primary_clear_likely,death_certificate,annual_previous_5yr_mean,109.6,109.6,count,548,,5,final,bnr_sdc_v1,6,0,0,0,0,,none,No disclosure restriction identified.
MORT-BURDEN-001,mort_2026_07,annual,2022,2022-01-01,2022,,,1,stroke,male,all,primary_clear_likely,death_certificate,annual_count,91,91,count,91,,,final,bnr_sdc_v1,6,0,0,0,0,,none,No disclosure restriction identified.
MORT-BURDEN-001,mort_2026_07,annual,2022,2022-01-01,2022,,,1,stroke,male,all,primary_clear_likely,death_certificate,annual_previous_5yr_mean,80.8,80.8,count,404,,5,final,bnr_sdc_v1,6,0,0,0,0,,none,No disclosure restriction identified.
MORT-BURDEN-001,mort_2026_07,annual,2022,2022-01-01,2022,,,1,all_cvd,all,age_70_plus,upper_clear_likely_possible,death_certificate,annual_count,445,445,count,445,,,final,bnr_sdc_v1,6,0,0,0,0,,none,No disclosure restriction identified.
MORT-BURDEN-001,mort_2026_07,annual,2022,2022-01-01,2022,,,1,all_cvd,all,age_70_plus,upper_clear_likely_possible,death_certificate,annual_previous_5yr_mean,397,397,count,1985,,5,final,bnr_sdc_v1,6,0,0,0,0,,none,No disclosure restriction identified.
MORT-BURDEN-001,mort_2026_07,annual,2022,2022-01-01,2022,,,1,all_cvd,all,all,upper_clear_likely_possible,death_certificate,annual_count,612,612,count,612,,,final,bnr_sdc_v1,6,0,0,0,0,,none,No disclosure restriction identified.
MORT-BURDEN-001,mort_2026_07,annual,2022,2022-01-01,2022,,,1,all_cvd,all,all,upper_clear_likely_possible,death_certificate,annual_previous_5yr_mean,559.8,559.8,count,2799,,5,final,bnr_sdc_v1,6,0,0,0,0,,none,No disclosure restriction identified.
MORT-BURDEN-001,mort_2026_07,annual,2022,2022-01-01,2022,,,1,all_cvd,all,under_70,upper_clear_likely_possible,death_certificate,annual_count,167,167,count,167,,,final,bnr_sdc_v1,6,0,0,0,0,,none,No disclosure restriction identified.
MORT-BURDEN-001,mort_2026_07,annual,2022,2022-01-01,2022,,,1,all_cvd,all,under_70,upper_clear_likely_possible,death_certificate,annual_previous_5yr_mean,162.8,162.8,count,814,,5,final,bnr_sdc_v1,6,0,0,0,0,,none,No disclosure restriction identified.
MORT-BURDEN-001,mort_2026_07,annual,2022,2022-01-01,2022,,,1,all_cvd,female,all,upper_clear_likely_possible,death_certificate,annual_count,303,303,count,303,,,final,bnr_sdc_v1,6,0,0,0,0,,none,No disclosure restriction identified.
MORT-BURDEN-001,mort_2026_07,annual,2022,2022-01-01,2022,,,1,all_cvd,female,all,upper_clear_likely_possible,death_certificate,annual_previous_5yr_mean,292.2,292.2,count,1461,,5,final,bnr_sdc_v1,6,0,0,0,0,,none,No disclosure restriction identified.
MORT-BURDEN-001,mort_2026_07,annual,2022,2022-01-01,2022,,,1,all_cvd,male,all,upper_clear_likely_possible,death_certificate,annual_count,309,309,count,309,,,final,bnr_sdc_v1,6,0,0,0,0,,none,No disclosure restriction identified.
MORT-BURDEN-001,mort_2026_07,annual,2022,2022-01-01,2022,,,1,all_cvd,male,all,upper_clear_likely_possible,death_certificate,annual_previous_5yr_mean,267.6,267.6,count,1338,,5,final,bnr_sdc_v1,6,0,0,0,0,,none,No disclosure restriction identified.
MORT-BURDEN-001,mort_2026_07,annual,2022,2022-01-01,2022,,,1,heart,all,all,upper_clear_likely_possible,death_certificate,annual_count,315,315,count,315,,,final,bnr_sdc_v1,6,0,0,0,0,,none,No disclosure restriction identified.
MORT-BURDEN-001,mort_2026_07,annual,2022,2022-01-01,2022,,,1,heart,all,all,upper_clear_likely_possible,death_certificate,annual_previous_5yr_mean,290.6,290.6,count,1453,,5,final,bnr_sdc_v1,6,0,0,0,0,,none,No disclosure restriction identified.
MORT-BURDEN-001,mort_2026_07,annual,2022,2022-01-01,2022,,,1,heart,female,all,upper_clear_likely_possible,death_certificate,annual_count,147,147,count,147,,,final,bnr_sdc_v1,6,0,0,0,0,,none,No disclosure restriction identified.
MORT-BURDEN-001,mort_2026_07,annual,2022,2022-01-01,2022,,,1,heart,female,all,upper_clear_likely_possible,death_certificate,annual_previous_5yr_mean,140.2,140.2,count,701,,5,final,bnr_sdc_v1,6,0,0,0,0,,none,No disclosure restriction identified.
MORT-BURDEN-001,mort_2026_07,annual,2022,2022-01-01,2022,,,1,heart,male,all,upper_clear_likely_possible,death_certificate,annual_count,168,168,count,168,,,final,bnr_sdc_v1,6,0,0,0,0,,none,No disclosure restriction identified.
MORT-BURDEN-001,mort_2026_07,annual,2022,2022-01-01,2022,,,1,heart,male,all,upper_clear_likely_possible,death_certificate,annual_previous_5yr_mean,150.4,150.4,count,752,,5,final,bnr_sdc_v1,6,0,0,0,0,,none,No disclosure restriction identified.
MORT-BURDEN-001,mort_2026_07,annual,2022,2022-01-01,2022,,,1,stroke,all,all,upper_clear_likely_possible,death_certificate,annual_count,297,297,count,297,,,final,bnr_sdc_v1,6,0,0,0,0,,none,No disclosure restriction identified.
MORT-BURDEN-001,mort_2026_07,annual,2022,2022-01-01,2022,,,1,stroke,all,all,upper_clear_likely_possible,death_certificate,annual_previous_5yr_mean,269.2,269.2,count,1346,,5,final,bnr_sdc_v1,6,0,0,0,0,,none,No disclosure restriction identified.
MORT-BURDEN-001,mort_2026_07,annual,2022,2022-01-01,2022,,,1,stroke,female,all,upper_clear_likely_possible,death_certificate,annual_count,156,156,count,156,,,final,bnr_sdc_v1,6,0,0,0,0,,none,No disclosure restriction identified.
MORT-BURDEN-001,mort_2026_07,annual,2022,2022-01-01,2022,,,1,stroke,female,all,upper_clear_likely_possible,death_certificate,annual_previous_5yr_mean,152,152,count,760,,5,final,bnr_sdc_v1,6,0,0,0,0,,none,No disclosure restriction identified.
MORT-BURDEN-001,mort_2026_07,annual,2022,2022-01-01,2022,,,1,stroke,male,all,upper_clear_likely_possible,death_certificate,annual_count,141,141,count,141,,,final,bnr_sdc_v1,6,0,0,0,0,,none,No disclosure restriction identified.
MORT-BURDEN-001,mort_2026_07,annual,2022,2022-01-01,2022,,,1,stroke,male,all,upper_clear_likely_possible,death_certificate,annual_previous_5yr_mean,117.2,117.2,count,586,,5,final,bnr_sdc_v1,6,0,0,0,0,,none,No disclosure restriction identified.
MORT-BURDEN-001,mort_2026_07,annual,2023,2023-01-01,2023,,,1,all_cvd,all,age_70_plus,primary_clear_likely,death_certificate,annual_count,287,287,count,287,,,final,bnr_sdc_v1,6,0,0,0,0,,none,No disclosure restriction identified.
MORT-BURDEN-001,mort_2026_07,annual,2023,2023-01-01,2023,,,1,all_cvd,all,age_70_plus,primary_clear_likely,death_certificate,annual_previous_5yr_mean,280.6,280.6,count,1403,,5,final,bnr_sdc_v1,6,0,0,0,0,,none,No disclosure restriction identified.
MORT-BURDEN-001,mort_2026_07,annual,2023,2023-01-01,2023,,,1,all_cvd,all,all,primary_clear_likely,death_certificate,annual_count,444,444,count,444,,,final,bnr_sdc_v1,6,0,0,0,0,,none,No disclosure restriction identified.
MORT-BURDEN-001,mort_2026_07,annual,2023,2023-01-01,2023,,,1,all_cvd,all,all,primary_clear_likely,death_certificate,annual_previous_5yr_mean,392,392,count,1960,,5,final,bnr_sdc_v1,6,0,0,0,0,,none,No disclosure restriction identified.
MORT-BURDEN-001,mort_2026_07,annual,2023,2023-01-01,2023,,,1,all_cvd,all,under_70,primary_clear_likely,death_certificate,annual_count,157,157,count,157,,,final,bnr_sdc_v1,6,0,0,0,0,,none,No disclosure restriction identified.
MORT-BURDEN-001,mort_2026_07,annual,2023,2023-01-01,2023,,,1,all_cvd,all,under_70,primary_clear_likely,death_certificate,annual_previous_5yr_mean,111.4,111.4,count,557,,5,final,bnr_sdc_v1,6,0,0,0,0,,none,No disclosure restriction identified.
MORT-BURDEN-001,mort_2026_07,annual,2023,2023-01-01,2023,,,1,all_cvd,female,all,primary_clear_likely,death_certificate,annual_count,227,227,count,227,,,final,bnr_sdc_v1,6,0,0,0,0,,none,No disclosure restriction identified.
MORT-BURDEN-001,mort_2026_07,annual,2023,2023-01-01,2023,,,1,all_cvd,female,all,primary_clear_likely,death_certificate,annual_previous_5yr_mean,203.6,203.6,count,1018,,5,final,bnr_sdc_v1,6,0,0,0,0,,none,No disclosure restriction identified.
MORT-BURDEN-001,mort_2026_07,annual,2023,2023-01-01,2023,,,1,all_cvd,male,all,primary_clear_likely,death_certificate,annual_count,217,217,count,217,,,final,bnr_sdc_v1,6,0,0,0,0,,none,No disclosure restriction identified.
MORT-BURDEN-001,mort_2026_07,annual,2023,2023-01-01,2023,,,1,all_cvd,male,all,primary_clear_likely,death_certificate,annual_previous_5yr_mean,188.4,188.4,count,942,,5,final,bnr_sdc_v1,6,0,0,0,0,,none,No disclosure restriction identified.
MORT-BURDEN-001,mort_2026_07,annual,2023,2023-01-01,2023,,,1,heart,all,all,primary_clear_likely,death_certificate,annual_count,239,239,count,239,,,final,bnr_sdc_v1,6,0,0,0,0,,none,No disclosure restriction identified.
MORT-BURDEN-001,mort_2026_07,annual,2023,2023-01-01,2023,,,1,heart,all,all,primary_clear_likely,death_certificate,annual_previous_5yr_mean,211,211,count,1055,,5,final,bnr_sdc_v1,6,0,0,0,0,,none,No disclosure restriction identified.
MORT-BURDEN-001,mort_2026_07,annual,2023,2023-01-01,2023,,,1,heart,female,all,primary_clear_likely,death_certificate,annual_count,122,122,count,122,,,final,bnr_sdc_v1,6,0,0,0,0,,none,No disclosure restriction identified.
MORT-BURDEN-001,mort_2026_07,annual,2023,2023-01-01,2023,,,1,heart,female,all,primary_clear_likely,death_certificate,annual_previous_5yr_mean,100.8,100.8,count,504,,5,final,bnr_sdc_v1,6,0,0,0,0,,none,No disclosure restriction identified.
MORT-BURDEN-001,mort_2026_07,annual,2023,2023-01-01,2023,,,1,heart,male,all,primary_clear_likely,death_certificate,annual_count,117,117,count,117,,,final,bnr_sdc_v1,6,0,0,0,0,,none,No disclosure restriction identified.
MORT-BURDEN-001,mort_2026_07,annual,2023,2023-01-01,2023,,,1,heart,male,all,primary_clear_likely,death_certificate,annual_previous_5yr_mean,110.2,110.2,count,551,,5,final,bnr_sdc_v1,6,0,0,0,0,,none,No disclosure restriction identified.
MORT-BURDEN-001,mort_2026_07,annual,2023,2023-01-01,2023,,,1,stroke,all,all,primary_clear_likely,death_certificate,annual_count,205,205,count,205,,,final,bnr_sdc_v1,6,0,0,0,0,,none,No disclosure restriction identified.
MORT-BURDEN-001,mort_2026_07,annual,2023,2023-01-01,2023,,,1,stroke,all,all,primary_clear_likely,death_certificate,annual_previous_5yr_mean,181,181,count,905,,5,final,bnr_sdc_v1,6,0,0,0,0,,none,No disclosure restriction identified.
MORT-BURDEN-001,mort_2026_07,annual,2023,2023-01-01,2023,,,1,stroke,female,all,primary_clear_likely,death_certificate,annual_count,105,105,count,105,,,final,bnr_sdc_v1,6,0,0,0,0,,none,No disclosure restriction identified.
MORT-BURDEN-001,mort_2026_07,annual,2023,2023-01-01,2023,,,1,stroke,female,all,primary_clear_likely,death_certificate,annual_previous_5yr_mean,102.8,102.8,count,514,,5,final,bnr_sdc_v1,6,0,0,0,0,,none,No disclosure restriction identified.
MORT-BURDEN-001,mort_2026_07,annual,2023,2023-01-01,2023,,,1,stroke,male,all,primary_clear_likely,death_certificate,annual_count,100,100,count,100,,,final,bnr_sdc_v1,6,0,0,0,0,,none,No disclosure restriction identified.
MORT-BURDEN-001,mort_2026_07,annual,2023,2023-01-01,2023,,,1,stroke,male,all,primary_clear_likely,death_certificate,annual_previous_5yr_mean,78.2,78.2,count,391,,5,final,bnr_sdc_v1,6,0,0,0,0,,none,No disclosure restriction identified.
MORT-BURDEN-001,mort_2026_07,annual,2023,2023-01-01,2023,,,1,all_cvd,all,age_70_plus,upper_clear_likely_possible,death_certificate,annual_count,430,430,count,430,,,final,bnr_sdc_v1,6,0,0,0,0,,none,No disclosure restriction identified.
MORT-BURDEN-001,mort_2026_07,annual,2023,2023-01-01,2023,,,1,all_cvd,all,age_70_plus,upper_clear_likely_possible,death_certificate,annual_previous_5yr_mean,402.6,402.6,count,2013,,5,final,bnr_sdc_v1,6,0,0,0,0,,none,No disclosure restriction identified.
MORT-BURDEN-001,mort_2026_07,annual,2023,2023-01-01,2023,,,1,all_cvd,all,all,upper_clear_likely_possible,death_certificate,annual_count,655,655,count,655,,,final,bnr_sdc_v1,6,0,0,0,0,,none,No disclosure restriction identified.
MORT-BURDEN-001,mort_2026_07,annual,2023,2023-01-01,2023,,,1,all_cvd,all,all,upper_clear_likely_possible,death_certificate,annual_previous_5yr_mean,565.2,565.2,count,2826,,5,final,bnr_sdc_v1,6,0,0,0,0,,none,No disclosure restriction identified.
MORT-BURDEN-001,mort_2026_07,annual,2023,2023-01-01,2023,,,1,all_cvd,all,under_70,upper_clear_likely_possible,death_certificate,annual_count,225,225,count,225,,,final,bnr_sdc_v1,6,0,0,0,0,,none,No disclosure restriction identified.
MORT-BURDEN-001,mort_2026_07,annual,2023,2023-01-01,2023,,,1,all_cvd,all,under_70,upper_clear_likely_possible,death_certificate,annual_previous_5yr_mean,162.6,162.6,count,813,,5,final,bnr_sdc_v1,6,0,0,0,0,,none,No disclosure restriction identified.
MORT-BURDEN-001,mort_2026_07,annual,2023,2023-01-01,2023,,,1,all_cvd,female,all,upper_clear_likely_possible,death_certificate,annual_count,328,328,count,328,,,final,bnr_sdc_v1,6,0,0,0,0,,none,No disclosure restriction identified.
MORT-BURDEN-001,mort_2026_07,annual,2023,2023-01-01,2023,,,1,all_cvd,female,all,upper_clear_likely_possible,death_certificate,annual_previous_5yr_mean,294.8,294.8,count,1474,,5,final,bnr_sdc_v1,6,0,0,0,0,,none,No disclosure restriction identified.
MORT-BURDEN-001,mort_2026_07,annual,2023,2023-01-01,2023,,,1,all_cvd,male,all,upper_clear_likely_possible,death_certificate,annual_count,327,327,count,327,,,final,bnr_sdc_v1,6,0,0,0,0,,none,No disclosure restriction identified.
MORT-BURDEN-001,mort_2026_07,annual,2023,2023-01-01,2023,,,1,all_cvd,male,all,upper_clear_likely_possible,death_certificate,annual_previous_5yr_mean,270.4,270.4,count,1352,,5,final,bnr_sdc_v1,6,0,0,0,0,,none,No disclosure restriction identified.
MORT-BURDEN-001,mort_2026_07,annual,2023,2023-01-01,2023,,,1,heart,all,all,upper_clear_likely_possible,death_certificate,annual_count,314,314,count,314,,,final,bnr_sdc_v1,6,0,0,0,0,,none,No disclosure restriction identified.
MORT-BURDEN-001,mort_2026_07,annual,2023,2023-01-01,2023,,,1,heart,all,all,upper_clear_likely_possible,death_certificate,annual_previous_5yr_mean,292.2,292.2,count,1461,,5,final,bnr_sdc_v1,6,0,0,0,0,,none,No disclosure restriction identified.
MORT-BURDEN-001,mort_2026_07,annual,2023,2023-01-01,2023,,,1,heart,female,all,upper_clear_likely_possible,death_certificate,annual_count,156,156,count,156,,,final,bnr_sdc_v1,6,0,0,0,0,,none,No disclosure restriction identified.
MORT-BURDEN-001,mort_2026_07,annual,2023,2023-01-01,2023,,,1,heart,female,all,upper_clear_likely_possible,death_certificate,annual_previous_5yr_mean,144.2,144.2,count,721,,5,final,bnr_sdc_v1,6,0,0,0,0,,none,No disclosure restriction identified.
MORT-BURDEN-001,mort_2026_07,annual,2023,2023-01-01,2023,,,1,heart,male,all,upper_clear_likely_possible,death_certificate,annual_count,158,158,count,158,,,final,bnr_sdc_v1,6,0,0,0,0,,none,No disclosure restriction identified.
MORT-BURDEN-001,mort_2026_07,annual,2023,2023-01-01,2023,,,1,heart,male,all,upper_clear_likely_possible,death_certificate,annual_previous_5yr_mean,148,148,count,740,,5,final,bnr_sdc_v1,6,0,0,0,0,,none,No disclosure restriction identified.
MORT-BURDEN-001,mort_2026_07,annual,2023,2023-01-01,2023,,,1,stroke,all,all,upper_clear_likely_possible,death_certificate,annual_count,341,341,count,341,,,final,bnr_sdc_v1,6,0,0,0,0,,none,No disclosure restriction identified.
MORT-BURDEN-001,mort_2026_07,annual,2023,2023-01-01,2023,,,1,stroke,all,all,upper_clear_likely_possible,death_certificate,annual_previous_5yr_mean,273,273,count,1365,,5,final,bnr_sdc_v1,6,0,0,0,0,,none,No disclosure restriction identified.
MORT-BURDEN-001,mort_2026_07,annual,2023,2023-01-01,2023,,,1,stroke,female,all,upper_clear_likely_possible,death_certificate,annual_count,172,172,count,172,,,final,bnr_sdc_v1,6,0,0,0,0,,none,No disclosure restriction identified.
MORT-BURDEN-001,mort_2026_07,annual,2023,2023-01-01,2023,,,1,stroke,female,all,upper_clear_likely_possible,death_certificate,annual_previous_5yr_mean,150.6,150.6,count,753,,5,final,bnr_sdc_v1,6,0,0,0,0,,none,No disclosure restriction identified.
MORT-BURDEN-001,mort_2026_07,annual,2023,2023-01-01,2023,,,1,stroke,male,all,upper_clear_likely_possible,death_certificate,annual_count,169,169,count,169,,,final,bnr_sdc_v1,6,0,0,0,0,,none,No disclosure restriction identified.
MORT-BURDEN-001,mort_2026_07,annual,2023,2023-01-01,2023,,,1,stroke,male,all,upper_clear_likely_possible,death_certificate,annual_previous_5yr_mean,122.4,122.4,count,612,,5,final,bnr_sdc_v1,6,0,0,0,0,,none,No disclosure restriction identified.
MORT-BURDEN-001,mort_2026_07,annual,2024,2024-01-01,2024,,,1,all_cvd,all,age_70_plus,primary_clear_likely,death_certificate,annual_count,243,243,count,243,,,final,bnr_sdc_v1,6,0,0,0,0,,none,No disclosure restriction identified.
MORT-BURDEN-001,mort_2026_07,annual,2024,2024-01-01,2024,,,1,all_cvd,all,age_70_plus,primary_clear_likely,death_certificate,annual_previous_5yr_mean,288,288,count,1440,,5,final,bnr_sdc_v1,6,0,0,0,0,,none,No disclosure restriction identified.
MORT-BURDEN-001,mort_2026_07,annual,2024,2024-01-01,2024,,,1,all_cvd,all,all,primary_clear_likely,death_certificate,annual_count,365,365,count,365,,,final,bnr_sdc_v1,6,0,0,0,0,,none,No disclosure restriction identified.
MORT-BURDEN-001,mort_2026_07,annual,2024,2024-01-01,2024,,,1,all_cvd,all,all,primary_clear_likely,death_certificate,annual_previous_5yr_mean,409,409,count,2045,,5,final,bnr_sdc_v1,6,0,0,0,0,,none,No disclosure restriction identified.
MORT-BURDEN-001,mort_2026_07,annual,2024,2024-01-01,2024,,,1,all_cvd,all,under_70,primary_clear_likely,death_certificate,annual_count,122,122,count,122,,,final,bnr_sdc_v1,6,0,0,0,0,,none,No disclosure restriction identified.
MORT-BURDEN-001,mort_2026_07,annual,2024,2024-01-01,2024,,,1,all_cvd,all,under_70,primary_clear_likely,death_certificate,annual_previous_5yr_mean,121,121,count,605,,5,final,bnr_sdc_v1,6,0,0,0,0,,none,No disclosure restriction identified.
MORT-BURDEN-001,mort_2026_07,annual,2024,2024-01-01,2024,,,1,all_cvd,female,all,primary_clear_likely,death_certificate,annual_count,168,168,count,168,,,final,bnr_sdc_v1,6,0,0,0,0,,none,No disclosure restriction identified.
MORT-BURDEN-001,mort_2026_07,annual,2024,2024-01-01,2024,,,1,all_cvd,female,all,primary_clear_likely,death_certificate,annual_previous_5yr_mean,212,212,count,1060,,5,final,bnr_sdc_v1,6,0,0,0,0,,none,No disclosure restriction identified.
MORT-BURDEN-001,mort_2026_07,annual,2024,2024-01-01,2024,,,1,all_cvd,male,all,primary_clear_likely,death_certificate,annual_count,197,197,count,197,,,final,bnr_sdc_v1,6,0,0,0,0,,none,No disclosure restriction identified.
MORT-BURDEN-001,mort_2026_07,annual,2024,2024-01-01,2024,,,1,all_cvd,male,all,primary_clear_likely,death_certificate,annual_previous_5yr_mean,197,197,count,985,,5,final,bnr_sdc_v1,6,0,0,0,0,,none,No disclosure restriction identified.
MORT-BURDEN-001,mort_2026_07,annual,2024,2024-01-01,2024,,,1,heart,all,all,primary_clear_likely,death_certificate,annual_count,185,185,count,185,,,final,bnr_sdc_v1,6,0,0,0,0,,none,No disclosure restriction identified.
MORT-BURDEN-001,mort_2026_07,annual,2024,2024-01-01,2024,,,1,heart,all,all,primary_clear_likely,death_certificate,annual_previous_5yr_mean,220.6,220.6,count,1103,,5,final,bnr_sdc_v1,6,0,0,0,0,,none,No disclosure restriction identified.
MORT-BURDEN-001,mort_2026_07,annual,2024,2024-01-01,2024,,,1,heart,female,all,primary_clear_likely,death_certificate,annual_count,88,88,count,88,,,final,bnr_sdc_v1,6,0,0,0,0,,none,No disclosure restriction identified.
MORT-BURDEN-001,mort_2026_07,annual,2024,2024-01-01,2024,,,1,heart,female,all,primary_clear_likely,death_certificate,annual_previous_5yr_mean,108,108,count,540,,5,final,bnr_sdc_v1,6,0,0,0,0,,none,No disclosure restriction identified.
MORT-BURDEN-001,mort_2026_07,annual,2024,2024-01-01,2024,,,1,heart,male,all,primary_clear_likely,death_certificate,annual_count,97,97,count,97,,,final,bnr_sdc_v1,6,0,0,0,0,,none,No disclosure restriction identified.
MORT-BURDEN-001,mort_2026_07,annual,2024,2024-01-01,2024,,,1,heart,male,all,primary_clear_likely,death_certificate,annual_previous_5yr_mean,112.6,112.6,count,563,,5,final,bnr_sdc_v1,6,0,0,0,0,,none,No disclosure restriction identified.
MORT-BURDEN-001,mort_2026_07,annual,2024,2024-01-01,2024,,,1,stroke,all,all,primary_clear_likely,death_certificate,annual_count,180,180,count,180,,,final,bnr_sdc_v1,6,0,0,0,0,,none,No disclosure restriction identified.
MORT-BURDEN-001,mort_2026_07,annual,2024,2024-01-01,2024,,,1,stroke,all,all,primary_clear_likely,death_certificate,annual_previous_5yr_mean,188.4,188.4,count,942,,5,final,bnr_sdc_v1,6,0,0,0,0,,none,No disclosure restriction identified.
MORT-BURDEN-001,mort_2026_07,annual,2024,2024-01-01,2024,,,1,stroke,female,all,primary_clear_likely,death_certificate,annual_count,80,80,count,80,,,final,bnr_sdc_v1,6,0,0,0,0,,none,No disclosure restriction identified.
MORT-BURDEN-001,mort_2026_07,annual,2024,2024-01-01,2024,,,1,stroke,female,all,primary_clear_likely,death_certificate,annual_previous_5yr_mean,104,104,count,520,,5,final,bnr_sdc_v1,6,0,0,0,0,,none,No disclosure restriction identified.
MORT-BURDEN-001,mort_2026_07,annual,2024,2024-01-01,2024,,,1,stroke,male,all,primary_clear_likely,death_certificate,annual_count,100,100,count,100,,,final,bnr_sdc_v1,6,0,0,0,0,,none,No disclosure restriction identified.
MORT-BURDEN-001,mort_2026_07,annual,2024,2024-01-01,2024,,,1,stroke,male,all,primary_clear_likely,death_certificate,annual_previous_5yr_mean,84.40000000000001,84.4,count,422,,5,final,bnr_sdc_v1,6,0,0,0,0,,none,No disclosure restriction identified.
MORT-BURDEN-001,mort_2026_07,annual,2024,2024-01-01,2024,,,1,all_cvd,all,age_70_plus,upper_clear_likely_possible,death_certificate,annual_count,381,381,count,381,,,final,bnr_sdc_v1,6,0,0,0,0,,none,No disclosure restriction identified.
MORT-BURDEN-001,mort_2026_07,annual,2024,2024-01-01,2024,,,1,all_cvd,all,age_70_plus,upper_clear_likely_possible,death_certificate,annual_previous_5yr_mean,418.8,418.8,count,2094,,5,final,bnr_sdc_v1,6,0,0,0,0,,none,No disclosure restriction identified.
MORT-BURDEN-001,mort_2026_07,annual,2024,2024-01-01,2024,,,1,all_cvd,all,all,upper_clear_likely_possible,death_certificate,annual_count,568,568,count,568,,,final,bnr_sdc_v1,6,0,0,0,0,,none,No disclosure restriction identified.
MORT-BURDEN-001,mort_2026_07,annual,2024,2024-01-01,2024,,,1,all_cvd,all,all,upper_clear_likely_possible,death_certificate,annual_previous_5yr_mean,595,595,count,2975,,5,final,bnr_sdc_v1,6,0,0,0,0,,none,No disclosure restriction identified.
MORT-BURDEN-001,mort_2026_07,annual,2024,2024-01-01,2024,,,1,all_cvd,all,under_70,upper_clear_likely_possible,death_certificate,annual_count,187,187,count,187,,,final,bnr_sdc_v1,6,0,0,0,0,,none,No disclosure restriction identified.
MORT-BURDEN-001,mort_2026_07,annual,2024,2024-01-01,2024,,,1,all_cvd,all,under_70,upper_clear_likely_possible,death_certificate,annual_previous_5yr_mean,176.2,176.2,count,881,,5,final,bnr_sdc_v1,6,0,0,0,0,,none,No disclosure restriction identified.
MORT-BURDEN-001,mort_2026_07,annual,2024,2024-01-01,2024,,,1,all_cvd,female,all,upper_clear_likely_possible,death_certificate,annual_count,271,271,count,271,,,final,bnr_sdc_v1,6,0,0,0,0,,none,No disclosure restriction identified.
MORT-BURDEN-001,mort_2026_07,annual,2024,2024-01-01,2024,,,1,all_cvd,female,all,upper_clear_likely_possible,death_certificate,annual_previous_5yr_mean,308.6,308.6,count,1543,,5,final,bnr_sdc_v1,6,0,0,0,0,,none,No disclosure restriction identified.
MORT-BURDEN-001,mort_2026_07,annual,2024,2024-01-01,2024,,,1,all_cvd,male,all,upper_clear_likely_possible,death_certificate,annual_count,297,297,count,297,,,final,bnr_sdc_v1,6,0,0,0,0,,none,No disclosure restriction identified.
MORT-BURDEN-001,mort_2026_07,annual,2024,2024-01-01,2024,,,1,all_cvd,male,all,upper_clear_likely_possible,death_certificate,annual_previous_5yr_mean,286.4,286.4,count,1432,,5,final,bnr_sdc_v1,6,0,0,0,0,,none,No disclosure restriction identified.
MORT-BURDEN-001,mort_2026_07,annual,2024,2024-01-01,2024,,,1,heart,all,all,upper_clear_likely_possible,death_certificate,annual_count,272,272,count,272,,,final,bnr_sdc_v1,6,0,0,0,0,,none,No disclosure restriction identified.
MORT-BURDEN-001,mort_2026_07,annual,2024,2024-01-01,2024,,,1,heart,all,all,upper_clear_likely_possible,death_certificate,annual_previous_5yr_mean,301.6,301.6,count,1508,,5,final,bnr_sdc_v1,6,0,0,0,0,,none,No disclosure restriction identified.
MORT-BURDEN-001,mort_2026_07,annual,2024,2024-01-01,2024,,,1,heart,female,all,upper_clear_likely_possible,death_certificate,annual_count,128,128,count,128,,,final,bnr_sdc_v1,6,0,0,0,0,,none,No disclosure restriction identified.
MORT-BURDEN-001,mort_2026_07,annual,2024,2024-01-01,2024,,,1,heart,female,all,upper_clear_likely_possible,death_certificate,annual_previous_5yr_mean,151.2,151.2,count,756,,5,final,bnr_sdc_v1,6,0,0,0,0,,none,No disclosure restriction identified.
MORT-BURDEN-001,mort_2026_07,annual,2024,2024-01-01,2024,,,1,heart,male,all,upper_clear_likely_possible,death_certificate,annual_count,144,144,count,144,,,final,bnr_sdc_v1,6,0,0,0,0,,none,No disclosure restriction identified.
MORT-BURDEN-001,mort_2026_07,annual,2024,2024-01-01,2024,,,1,heart,male,all,upper_clear_likely_possible,death_certificate,annual_previous_5yr_mean,150.4,150.4,count,752,,5,final,bnr_sdc_v1,6,0,0,0,0,,none,No disclosure restriction identified.
MORT-BURDEN-001,mort_2026_07,annual,2024,2024-01-01,2024,,,1,stroke,all,all,upper_clear_likely_possible,death_certificate,annual_count,296,296,count,296,,,final,bnr_sdc_v1,6,0,0,0,0,,none,No disclosure restriction identified.
MORT-BURDEN-001,mort_2026_07,annual,2024,2024-01-01,2024,,,1,stroke,all,all,upper_clear_likely_possible,death_certificate,annual_previous_5yr_mean,293.4,293.4,count,1467,,5,final,bnr_sdc_v1,6,0,0,0,0,,none,No disclosure restriction identified.
MORT-BURDEN-001,mort_2026_07,annual,2024,2024-01-01,2024,,,1,stroke,female,all,upper_clear_likely_possible,death_certificate,annual_count,143,143,count,143,,,final,bnr_sdc_v1,6,0,0,0,0,,none,No disclosure restriction identified.
MORT-BURDEN-001,mort_2026_07,annual,2024,2024-01-01,2024,,,1,stroke,female,all,upper_clear_likely_possible,death_certificate,annual_previous_5yr_mean,157.4,157.4,count,787,,5,final,bnr_sdc_v1,6,0,0,0,0,,none,No disclosure restriction identified.
MORT-BURDEN-001,mort_2026_07,annual,2024,2024-01-01,2024,,,1,stroke,male,all,upper_clear_likely_possible,death_certificate,annual_count,153,153,count,153,,,final,bnr_sdc_v1,6,0,0,0,0,,none,No disclosure restriction identified.
MORT-BURDEN-001,mort_2026_07,annual,2024,2024-01-01,2024,,,1,stroke,male,all,upper_clear_likely_possible,death_certificate,annual_previous_5yr_mean,136,136,count,680,,5,final,bnr_sdc_v1,6,0,0,0,0,,none,No disclosure restriction identified.
MORT-BURDEN-001,mort_2026_07,annual,2025,2025-01-01,2025,,,1,all_cvd,all,age_70_plus,primary_clear_likely,death_certificate,annual_count,257,257,count,257,,,final,bnr_sdc_v1,6,0,0,0,0,,none,No disclosure restriction identified.
MORT-BURDEN-001,mort_2026_07,annual,2025,2025-01-01,2025,,,1,all_cvd,all,age_70_plus,primary_clear_likely,death_certificate,annual_previous_5yr_mean,272.6,272.6,count,1363,,5,final,bnr_sdc_v1,6,0,0,0,0,,none,No disclosure restriction identified.
MORT-BURDEN-001,mort_2026_07,annual,2025,2025-01-01,2025,,,1,all_cvd,all,all,primary_clear_likely,death_certificate,annual_count,368,368,count,368,,,final,bnr_sdc_v1,6,0,0,0,0,,none,No disclosure restriction identified.
MORT-BURDEN-001,mort_2026_07,annual,2025,2025-01-01,2025,,,1,all_cvd,all,all,primary_clear_likely,death_certificate,annual_previous_5yr_mean,394.2,394.2,count,1971,,5,final,bnr_sdc_v1,6,0,0,0,0,,none,No disclosure restriction identified.
MORT-BURDEN-001,mort_2026_07,annual,2025,2025-01-01,2025,,,1,all_cvd,all,under_70,primary_clear_likely,death_certificate,annual_count,110,110,count,110,,,final,bnr_sdc_v1,6,0,0,0,0,,none,No disclosure restriction identified.
MORT-BURDEN-001,mort_2026_07,annual,2025,2025-01-01,2025,,,1,all_cvd,all,under_70,primary_clear_likely,death_certificate,annual_previous_5yr_mean,121.6,121.6,count,608,,5,final,bnr_sdc_v1,6,0,0,0,0,,none,No disclosure restriction identified.
MORT-BURDEN-001,mort_2026_07,annual,2025,2025-01-01,2025,,,1,all_cvd,female,all,primary_clear_likely,death_certificate,annual_count,184,184,count,184,,,final,bnr_sdc_v1,6,0,0,0,0,,none,No disclosure restriction identified.
MORT-BURDEN-001,mort_2026_07,annual,2025,2025-01-01,2025,,,1,all_cvd,female,all,primary_clear_likely,death_certificate,annual_previous_5yr_mean,198.6,198.6,count,993,,5,final,bnr_sdc_v1,6,0,0,0,0,,none,No disclosure restriction identified.
MORT-BURDEN-001,mort_2026_07,annual,2025,2025-01-01,2025,,,1,all_cvd,male,all,primary_clear_likely,death_certificate,annual_count,184,184,count,184,,,final,bnr_sdc_v1,6,0,0,0,0,,none,No disclosure restriction identified.
MORT-BURDEN-001,mort_2026_07,annual,2025,2025-01-01,2025,,,1,all_cvd,male,all,primary_clear_likely,death_certificate,annual_previous_5yr_mean,195.6,195.6,count,978,,5,final,bnr_sdc_v1,6,0,0,0,0,,none,No disclosure restriction identified.
MORT-BURDEN-001,mort_2026_07,annual,2025,2025-01-01,2025,,,1,heart,all,all,primary_clear_likely,death_certificate,annual_count,186,186,count,186,,,final,bnr_sdc_v1,6,0,0,0,0,,none,No disclosure restriction identified.
MORT-BURDEN-001,mort_2026_07,annual,2025,2025-01-01,2025,,,1,heart,all,all,primary_clear_likely,death_certificate,annual_previous_5yr_mean,212.2,212.2,count,1061,,5,final,bnr_sdc_v1,6,0,0,0,0,,none,No disclosure restriction identified.
MORT-BURDEN-001,mort_2026_07,annual,2025,2025-01-01,2025,,,1,heart,female,all,primary_clear_likely,death_certificate,annual_count,92,92,count,92,,,final,bnr_sdc_v1,6,0,0,0,0,,none,No disclosure restriction identified.
MORT-BURDEN-001,mort_2026_07,annual,2025,2025-01-01,2025,,,1,heart,female,all,primary_clear_likely,death_certificate,annual_previous_5yr_mean,103,103,count,515,,5,final,bnr_sdc_v1,6,0,0,0,0,,none,No disclosure restriction identified.
MORT-BURDEN-001,mort_2026_07,annual,2025,2025-01-01,2025,,,1,heart,male,all,primary_clear_likely,death_certificate,annual_count,94,94,count,94,,,final,bnr_sdc_v1,6,0,0,0,0,,none,No disclosure restriction identified.
MORT-BURDEN-001,mort_2026_07,annual,2025,2025-01-01,2025,,,1,heart,male,all,primary_clear_likely,death_certificate,annual_previous_5yr_mean,109.2,109.2,count,546,,5,final,bnr_sdc_v1,6,0,0,0,0,,none,No disclosure restriction identified.
MORT-BURDEN-001,mort_2026_07,annual,2025,2025-01-01,2025,,,1,stroke,all,all,primary_clear_likely,death_certificate,annual_count,182,182,count,182,,,final,bnr_sdc_v1,6,0,0,0,0,,none,No disclosure restriction identified.
MORT-BURDEN-001,mort_2026_07,annual,2025,2025-01-01,2025,,,1,stroke,all,all,primary_clear_likely,death_certificate,annual_previous_5yr_mean,182,182,count,910,,5,final,bnr_sdc_v1,6,0,0,0,0,,none,No disclosure restriction identified.
MORT-BURDEN-001,mort_2026_07,annual,2025,2025-01-01,2025,,,1,stroke,female,all,primary_clear_likely,death_certificate,annual_count,92,92,count,92,,,final,bnr_sdc_v1,6,0,0,0,0,,none,No disclosure restriction identified.
MORT-BURDEN-001,mort_2026_07,annual,2025,2025-01-01,2025,,,1,stroke,female,all,primary_clear_likely,death_certificate,annual_previous_5yr_mean,95.59999999999999,95.6,count,478,,5,final,bnr_sdc_v1,6,0,0,0,0,,none,No disclosure restriction identified.
MORT-BURDEN-001,mort_2026_07,annual,2025,2025-01-01,2025,,,1,stroke,male,all,primary_clear_likely,death_certificate,annual_count,90,90,count,90,,,final,bnr_sdc_v1,6,0,0,0,0,,none,No disclosure restriction identified.
MORT-BURDEN-001,mort_2026_07,annual,2025,2025-01-01,2025,,,1,stroke,male,all,primary_clear_likely,death_certificate,annual_previous_5yr_mean,86.40000000000001,86.4,count,432,,5,final,bnr_sdc_v1,6,0,0,0,0,,none,No disclosure restriction identified.
MORT-BURDEN-001,mort_2026_07,annual,2025,2025-01-01,2025,,,1,all_cvd,all,age_70_plus,upper_clear_likely_possible,death_certificate,annual_count,396,396,count,396,,,final,bnr_sdc_v1,6,0,0,0,0,,none,No disclosure restriction identified.
MORT-BURDEN-001,mort_2026_07,annual,2025,2025-01-01,2025,,,1,all_cvd,all,age_70_plus,upper_clear_likely_possible,death_certificate,annual_previous_5yr_mean,403.8,403.8,count,2019,,5,final,bnr_sdc_v1,6,0,0,0,0,,none,No disclosure restriction identified.
MORT-BURDEN-001,mort_2026_07,annual,2025,2025-01-01,2025,,,1,all_cvd,all,all,upper_clear_likely_possible,death_certificate,annual_count,588,588,count,588,,,final,bnr_sdc_v1,6,0,0,0,0,,none,No disclosure restriction identified.
MORT-BURDEN-001,mort_2026_07,annual,2025,2025-01-01,2025,,,1,all_cvd,all,all,upper_clear_likely_possible,death_certificate,annual_previous_5yr_mean,583.6,583.6,count,2918,,5,final,bnr_sdc_v1,6,0,0,0,0,,none,No disclosure restriction identified.
MORT-BURDEN-001,mort_2026_07,annual,2025,2025-01-01,2025,,,1,all_cvd,all,under_70,upper_clear_likely_possible,death_certificate,annual_count,191,191,count,191,,,final,bnr_sdc_v1,6,0,0,0,0,,none,No disclosure restriction identified.
MORT-BURDEN-001,mort_2026_07,annual,2025,2025-01-01,2025,,,1,all_cvd,all,under_70,upper_clear_likely_possible,death_certificate,annual_previous_5yr_mean,179.8,179.8,count,899,,5,final,bnr_sdc_v1,6,0,0,0,0,,none,No disclosure restriction identified.
MORT-BURDEN-001,mort_2026_07,annual,2025,2025-01-01,2025,,,1,all_cvd,female,all,upper_clear_likely_possible,death_certificate,annual_count,280,280,count,280,,,final,bnr_sdc_v1,6,0,0,0,0,,none,No disclosure restriction identified.
MORT-BURDEN-001,mort_2026_07,annual,2025,2025-01-01,2025,,,1,all_cvd,female,all,upper_clear_likely_possible,death_certificate,annual_previous_5yr_mean,295.2,295.2,count,1476,,5,final,bnr_sdc_v1,6,0,0,0,0,,none,No disclosure restriction identified.
MORT-BURDEN-001,mort_2026_07,annual,2025,2025-01-01,2025,,,1,all_cvd,male,all,upper_clear_likely_possible,death_certificate,annual_count,308,308,count,308,,,final,bnr_sdc_v1,6,0,0,0,0,,none,No disclosure restriction identified.
MORT-BURDEN-001,mort_2026_07,annual,2025,2025-01-01,2025,,,1,all_cvd,male,all,upper_clear_likely_possible,death_certificate,annual_previous_5yr_mean,288.4,288.4,count,1442,,5,final,bnr_sdc_v1,6,0,0,0,0,,none,No disclosure restriction identified.
MORT-BURDEN-001,mort_2026_07,annual,2025,2025-01-01,2025,,,1,heart,all,all,upper_clear_likely_possible,death_certificate,annual_count,292,292,count,292,,,final,bnr_sdc_v1,6,0,0,0,0,,none,No disclosure restriction identified.
MORT-BURDEN-001,mort_2026_07,annual,2025,2025-01-01,2025,,,1,heart,all,all,upper_clear_likely_possible,death_certificate,annual_previous_5yr_mean,293,293,count,1465,,5,final,bnr_sdc_v1,6,0,0,0,0,,none,No disclosure restriction identified.
MORT-BURDEN-001,mort_2026_07,annual,2025,2025-01-01,2025,,,1,heart,female,all,upper_clear_likely_possible,death_certificate,annual_count,138,138,count,138,,,final,bnr_sdc_v1,6,0,0,0,0,,none,No disclosure restriction identified.
MORT-BURDEN-001,mort_2026_07,annual,2025,2025-01-01,2025,,,1,heart,female,all,upper_clear_likely_possible,death_certificate,annual_previous_5yr_mean,142.8,142.8,count,714,,5,final,bnr_sdc_v1,6,0,0,0,0,,none,No disclosure restriction identified.
MORT-BURDEN-001,mort_2026_07,annual,2025,2025-01-01,2025,,,1,heart,male,all,upper_clear_likely_possible,death_certificate,annual_count,154,154,count,154,,,final,bnr_sdc_v1,6,0,0,0,0,,none,No disclosure restriction identified.
MORT-BURDEN-001,mort_2026_07,annual,2025,2025-01-01,2025,,,1,heart,male,all,upper_clear_likely_possible,death_certificate,annual_previous_5yr_mean,150.2,150.2,count,751,,5,final,bnr_sdc_v1,6,0,0,0,0,,none,No disclosure restriction identified.
MORT-BURDEN-001,mort_2026_07,annual,2025,2025-01-01,2025,,,1,stroke,all,all,upper_clear_likely_possible,death_certificate,annual_count,296,296,count,296,,,final,bnr_sdc_v1,6,0,0,0,0,,none,No disclosure restriction identified.
MORT-BURDEN-001,mort_2026_07,annual,2025,2025-01-01,2025,,,1,stroke,all,all,upper_clear_likely_possible,death_certificate,annual_previous_5yr_mean,290.6,290.6,count,1453,,5,final,bnr_sdc_v1,6,0,0,0,0,,none,No disclosure restriction identified.
MORT-BURDEN-001,mort_2026_07,annual,2025,2025-01-01,2025,,,1,stroke,female,all,upper_clear_likely_possible,death_certificate,annual_count,142,142,count,142,,,final,bnr_sdc_v1,6,0,0,0,0,,none,No disclosure restriction identified.
MORT-BURDEN-001,mort_2026_07,annual,2025,2025-01-01,2025,,,1,stroke,female,all,upper_clear_likely_possible,death_certificate,annual_previous_5yr_mean,152.4,152.4,count,762,,5,final,bnr_sdc_v1,6,0,0,0,0,,none,No disclosure restriction identified.
MORT-BURDEN-001,mort_2026_07,annual,2025,2025-01-01,2025,,,1,stroke,male,all,upper_clear_likely_possible,death_certificate,annual_count,154,154,count,154,,,final,bnr_sdc_v1,6,0,0,0,0,,none,No disclosure restriction identified.
MORT-BURDEN-001,mort_2026_07,annual,2025,2025-01-01,2025,,,1,stroke,male,all,upper_clear_likely_possible,death_certificate,annual_previous_5yr_mean,138.2,138.2,count,691,,5,final,bnr_sdc_v1,6,0,0,0,0,,none,No disclosure restriction identified.
MORT-BURDEN-001,mort_2026_07,monthly,2010_m01,2010-01-01,2010,1,,1,all_cvd,all,all,primary_clear_likely,death_certificate,monthly_count,39,39,count,39,,,final,bnr_sdc_v1,6,0,0,0,0,,none,No disclosure restriction identified.
MORT-BURDEN-001,mort_2026_07,monthly,2010_m01,2010-01-01,2010,1,,1,all_cvd,all,all,upper_clear_likely_possible,death_certificate,monthly_count,47,47,count,47,,,final,bnr_sdc_v1,6,0,0,0,0,,none,No disclosure restriction identified.
MORT-BURDEN-001,mort_2026_07,monthly,2010_m02,2010-02-01,2010,2,,1,all_cvd,all,all,primary_clear_likely,death_certificate,monthly_count,34,34,count,34,,,final,bnr_sdc_v1,6,0,0,0,0,,none,No disclosure restriction identified.
MORT-BURDEN-001,mort_2026_07,monthly,2010_m02,2010-02-01,2010,2,,1,all_cvd,all,all,upper_clear_likely_possible,death_certificate,monthly_count,42,42,count,42,,,final,bnr_sdc_v1,6,0,0,0,0,,none,No disclosure restriction identified.
MORT-BURDEN-001,mort_2026_07,monthly,2010_m03,2010-03-01,2010,3,,1,all_cvd,all,all,primary_clear_likely,death_certificate,monthly_count,43,43,count,43,,,final,bnr_sdc_v1,6,0,0,0,0,,none,No disclosure restriction identified.
MORT-BURDEN-001,mort_2026_07,monthly,2010_m03,2010-03-01,2010,3,,1,all_cvd,all,all,upper_clear_likely_possible,death_certificate,monthly_count,45,45,count,45,,,final,bnr_sdc_v1,6,0,0,0,0,,none,No disclosure restriction identified.
MORT-BURDEN-001,mort_2026_07,monthly,2010_m04,2010-04-01,2010,4,,1,all_cvd,all,all,primary_clear_likely,death_certificate,monthly_count,42,42,count,42,,,final,bnr_sdc_v1,6,0,0,0,0,,none,No disclosure restriction identified.
MORT-BURDEN-001,mort_2026_07,monthly,2010_m04,2010-04-01,2010,4,,1,all_cvd,all,all,upper_clear_likely_possible,death_certificate,monthly_count,51,51,count,51,,,final,bnr_sdc_v1,6,0,0,0,0,,none,No disclosure restriction identified.
MORT-BURDEN-001,mort_2026_07,monthly,2010_m05,2010-05-01,2010,5,,1,all_cvd,all,all,primary_clear_likely,death_certificate,monthly_count,31,31,count,31,,,final,bnr_sdc_v1,6,0,0,0,0,,none,No disclosure restriction identified.
MORT-BURDEN-001,mort_2026_07,monthly,2010_m05,2010-05-01,2010,5,,1,all_cvd,all,all,upper_clear_likely_possible,death_certificate,monthly_count,36,36,count,36,,,final,bnr_sdc_v1,6,0,0,0,0,,none,No disclosure restriction identified.
MORT-BURDEN-001,mort_2026_07,monthly,2010_m06,2010-06-01,2010,6,,1,all_cvd,all,all,primary_clear_likely,death_certificate,monthly_count,32,32,count,32,,,final,bnr_sdc_v1,6,0,0,0,0,,none,No disclosure restriction identified.
MORT-BURDEN-001,mort_2026_07,monthly,2010_m06,2010-06-01,2010,6,,1,all_cvd,all,all,upper_clear_likely_possible,death_certificate,monthly_count,43,43,count,43,,,final,bnr_sdc_v1,6,0,0,0,0,,none,No disclosure restriction identified.
MORT-BURDEN-001,mort_2026_07,monthly,2010_m07,2010-07-01,2010,7,,1,all_cvd,all,all,primary_clear_likely,death_certificate,monthly_count,41,41,count,41,,,final,bnr_sdc_v1,6,0,0,0,0,,none,No disclosure restriction identified.
MORT-BURDEN-001,mort_2026_07,monthly,2010_m07,2010-07-01,2010,7,,1,all_cvd,all,all,upper_clear_likely_possible,death_certificate,monthly_count,45,45,count,45,,,final,bnr_sdc_v1,6,0,0,0,0,,none,No disclosure restriction identified.
MORT-BURDEN-001,mort_2026_07,monthly,2010_m08,2010-08-01,2010,8,,1,all_cvd,all,all,primary_clear_likely,death_certificate,monthly_count,43,43,count,43,,,final,bnr_sdc_v1,6,0,0,0,0,,none,No disclosure restriction identified.
MORT-BURDEN-001,mort_2026_07,monthly,2010_m08,2010-08-01,2010,8,,1,all_cvd,all,all,upper_clear_likely_possible,death_certificate,monthly_count,49,49,count,49,,,final,bnr_sdc_v1,6,0,0,0,0,,none,No disclosure restriction identified.
MORT-BURDEN-001,mort_2026_07,monthly,2010_m09,2010-09-01,2010,9,,1,all_cvd,all,all,primary_clear_likely,death_certificate,monthly_count,46,46,count,46,,,final,bnr_sdc_v1,6,0,0,0,0,,none,No disclosure restriction identified.
MORT-BURDEN-001,mort_2026_07,monthly,2010_m09,2010-09-01,2010,9,,1,all_cvd,all,all,upper_clear_likely_possible,death_certificate,monthly_count,57,57,count,57,,,final,bnr_sdc_v1,6,0,0,0,0,,none,No disclosure restriction identified.
MORT-BURDEN-001,mort_2026_07,monthly,2010_m10,2010-10-01,2010,10,,1,all_cvd,all,all,primary_clear_likely,death_certificate,monthly_count,40,40,count,40,,,final,bnr_sdc_v1,6,0,0,0,0,,none,No disclosure restriction identified.
MORT-BURDEN-001,mort_2026_07,monthly,2010_m10,2010-10-01,2010,10,,1,all_cvd,all,all,upper_clear_likely_possible,death_certificate,monthly_count,45,45,count,45,,,final,bnr_sdc_v1,6,0,0,0,0,,none,No disclosure restriction identified.
MORT-BURDEN-001,mort_2026_07,monthly,2010_m11,2010-11-01,2010,11,,1,all_cvd,all,all,primary_clear_likely,death_certificate,monthly_count,43,43,count,43,,,final,bnr_sdc_v1,6,0,0,0,0,,none,No disclosure restriction identified.
MORT-BURDEN-001,mort_2026_07,monthly,2010_m11,2010-11-01,2010,11,,1,all_cvd,all,all,upper_clear_likely_possible,death_certificate,monthly_count,50,50,count,50,,,final,bnr_sdc_v1,6,0,0,0,0,,none,No disclosure restriction identified.
MORT-BURDEN-001,mort_2026_07,monthly,2010_m12,2010-12-01,2010,12,,1,all_cvd,all,all,primary_clear_likely,death_certificate,monthly_count,35,35,count,35,,,final,bnr_sdc_v1,6,0,0,0,0,,none,No disclosure restriction identified.
MORT-BURDEN-001,mort_2026_07,monthly,2010_m12,2010-12-01,2010,12,,1,all_cvd,all,all,upper_clear_likely_possible,death_certificate,monthly_count,44,44,count,44,,,final,bnr_sdc_v1,6,0,0,0,0,,none,No disclosure restriction identified.
MORT-BURDEN-001,mort_2026_07,monthly,2011_m01,2011-01-01,2011,1,,1,all_cvd,all,all,primary_clear_likely,death_certificate,monthly_count,45,45,count,45,,,final,bnr_sdc_v1,6,0,0,0,0,,none,No disclosure restriction identified.
MORT-BURDEN-001,mort_2026_07,monthly,2011_m01,2011-01-01,2011,1,,1,all_cvd,all,all,upper_clear_likely_possible,death_certificate,monthly_count,54,54,count,54,,,final,bnr_sdc_v1,6,0,0,0,0,,none,No disclosure restriction identified.
MORT-BURDEN-001,mort_2026_07,monthly,2011_m02,2011-02-01,2011,2,,1,all_cvd,all,all,primary_clear_likely,death_certificate,monthly_count,33,33,count,33,,,final,bnr_sdc_v1,6,0,0,0,0,,none,No disclosure restriction identified.
MORT-BURDEN-001,mort_2026_07,monthly,2011_m02,2011-02-01,2011,2,,1,all_cvd,all,all,upper_clear_likely_possible,death_certificate,monthly_count,37,37,count,37,,,final,bnr_sdc_v1,6,0,0,0,0,,none,No disclosure restriction identified.
MORT-BURDEN-001,mort_2026_07,monthly,2011_m03,2011-03-01,2011,3,,1,all_cvd,all,all,primary_clear_likely,death_certificate,monthly_count,45,45,count,45,,,final,bnr_sdc_v1,6,0,0,0,0,,none,No disclosure restriction identified.
MORT-BURDEN-001,mort_2026_07,monthly,2011_m03,2011-03-01,2011,3,,1,all_cvd,all,all,upper_clear_likely_possible,death_certificate,monthly_count,52,52,count,52,,,final,bnr_sdc_v1,6,0,0,0,0,,none,No disclosure restriction identified.
MORT-BURDEN-001,mort_2026_07,monthly,2011_m04,2011-04-01,2011,4,,1,all_cvd,all,all,primary_clear_likely,death_certificate,monthly_count,31,31,count,31,,,final,bnr_sdc_v1,6,0,0,0,0,,none,No disclosure restriction identified.
MORT-BURDEN-001,mort_2026_07,monthly,2011_m04,2011-04-01,2011,4,,1,all_cvd,all,all,upper_clear_likely_possible,death_certificate,monthly_count,35,35,count,35,,,final,bnr_sdc_v1,6,0,0,0,0,,none,No disclosure restriction identified.
MORT-BURDEN-001,mort_2026_07,monthly,2011_m05,2011-05-01,2011,5,,1,all_cvd,all,all,primary_clear_likely,death_certificate,monthly_count,51,51,count,51,,,final,bnr_sdc_v1,6,0,0,0,0,,none,No disclosure restriction identified.
MORT-BURDEN-001,mort_2026_07,monthly,2011_m05,2011-05-01,2011,5,,1,all_cvd,all,all,upper_clear_likely_possible,death_certificate,monthly_count,55,55,count,55,,,final,bnr_sdc_v1,6,0,0,0,0,,none,No disclosure restriction identified.
MORT-BURDEN-001,mort_2026_07,monthly,2011_m06,2011-06-01,2011,6,,1,all_cvd,all,all,primary_clear_likely,death_certificate,monthly_count,24,24,count,24,,,final,bnr_sdc_v1,6,0,0,0,0,,none,No disclosure restriction identified.
MORT-BURDEN-001,mort_2026_07,monthly,2011_m06,2011-06-01,2011,6,,1,all_cvd,all,all,upper_clear_likely_possible,death_certificate,monthly_count,31,31,count,31,,,final,bnr_sdc_v1,6,0,0,0,0,,none,No disclosure restriction identified.
MORT-BURDEN-001,mort_2026_07,monthly,2011_m07,2011-07-01,2011,7,,1,all_cvd,all,all,primary_clear_likely,death_certificate,monthly_count,47,47,count,47,,,final,bnr_sdc_v1,6,0,0,0,0,,none,No disclosure restriction identified.
MORT-BURDEN-001,mort_2026_07,monthly,2011_m07,2011-07-01,2011,7,,1,all_cvd,all,all,upper_clear_likely_possible,death_certificate,monthly_count,53,53,count,53,,,final,bnr_sdc_v1,6,0,0,0,0,,none,No disclosure restriction identified.
MORT-BURDEN-001,mort_2026_07,monthly,2011_m08,2011-08-01,2011,8,,1,all_cvd,all,all,primary_clear_likely,death_certificate,monthly_count,35,35,count,35,,,final,bnr_sdc_v1,6,0,0,0,0,,none,No disclosure restriction identified.
MORT-BURDEN-001,mort_2026_07,monthly,2011_m08,2011-08-01,2011,8,,1,all_cvd,all,all,upper_clear_likely_possible,death_certificate,monthly_count,45,45,count,45,,,final,bnr_sdc_v1,6,0,0,0,0,,none,No disclosure restriction identified.
MORT-BURDEN-001,mort_2026_07,monthly,2011_m09,2011-09-01,2011,9,,1,all_cvd,all,all,primary_clear_likely,death_certificate,monthly_count,46,46,count,46,,,final,bnr_sdc_v1,6,0,0,0,0,,none,No disclosure restriction identified.
MORT-BURDEN-001,mort_2026_07,monthly,2011_m09,2011-09-01,2011,9,,1,all_cvd,all,all,upper_clear_likely_possible,death_certificate,monthly_count,47,47,count,47,,,final,bnr_sdc_v1,6,0,0,0,0,,none,No disclosure restriction identified.
MORT-BURDEN-001,mort_2026_07,monthly,2011_m10,2011-10-01,2011,10,,1,all_cvd,all,all,primary_clear_likely,death_certificate,monthly_count,40,40,count,40,,,final,bnr_sdc_v1,6,0,0,0,0,,none,No disclosure restriction identified.
MORT-BURDEN-001,mort_2026_07,monthly,2011_m10,2011-10-01,2011,10,,1,all_cvd,all,all,upper_clear_likely_possible,death_certificate,monthly_count,47,47,count,47,,,final,bnr_sdc_v1,6,0,0,0,0,,none,No disclosure restriction identified.
MORT-BURDEN-001,mort_2026_07,monthly,2011_m11,2011-11-01,2011,11,,1,all_cvd,all,all,primary_clear_likely,death_certificate,monthly_count,40,40,count,40,,,final,bnr_sdc_v1,6,0,0,0,0,,none,No disclosure restriction identified.
MORT-BURDEN-001,mort_2026_07,monthly,2011_m11,2011-11-01,2011,11,,1,all_cvd,all,all,upper_clear_likely_possible,death_certificate,monthly_count,43,43,count,43,,,final,bnr_sdc_v1,6,0,0,0,0,,none,No disclosure restriction identified.
MORT-BURDEN-001,mort_2026_07,monthly,2011_m12,2011-12-01,2011,12,,1,all_cvd,all,all,primary_clear_likely,death_certificate,monthly_count,37,37,count,37,,,final,bnr_sdc_v1,6,0,0,0,0,,none,No disclosure restriction identified.
MORT-BURDEN-001,mort_2026_07,monthly,2011_m12,2011-12-01,2011,12,,1,all_cvd,all,all,upper_clear_likely_possible,death_certificate,monthly_count,41,41,count,41,,,final,bnr_sdc_v1,6,0,0,0,0,,none,No disclosure restriction identified.
MORT-BURDEN-001,mort_2026_07,monthly,2012_m01,2012-01-01,2012,1,,1,all_cvd,all,all,primary_clear_likely,death_certificate,monthly_count,46,46,count,46,,,final,bnr_sdc_v1,6,0,0,0,0,,none,No disclosure restriction identified.
MORT-BURDEN-001,mort_2026_07,monthly,2012_m01,2012-01-01,2012,1,,1,all_cvd,all,all,upper_clear_likely_possible,death_certificate,monthly_count,51,51,count,51,,,final,bnr_sdc_v1,6,0,0,0,0,,none,No disclosure restriction identified.
MORT-BURDEN-001,mort_2026_07,monthly,2012_m02,2012-02-01,2012,2,,1,all_cvd,all,all,primary_clear_likely,death_certificate,monthly_count,36,36,count,36,,,final,bnr_sdc_v1,6,0,0,0,0,,none,No disclosure restriction identified.
MORT-BURDEN-001,mort_2026_07,monthly,2012_m02,2012-02-01,2012,2,,1,all_cvd,all,all,upper_clear_likely_possible,death_certificate,monthly_count,43,43,count,43,,,final,bnr_sdc_v1,6,0,0,0,0,,none,No disclosure restriction identified.
MORT-BURDEN-001,mort_2026_07,monthly,2012_m03,2012-03-01,2012,3,,1,all_cvd,all,all,primary_clear_likely,death_certificate,monthly_count,45,45,count,45,,,final,bnr_sdc_v1,6,0,0,0,0,,none,No disclosure restriction identified.
MORT-BURDEN-001,mort_2026_07,monthly,2012_m03,2012-03-01,2012,3,,1,all_cvd,all,all,upper_clear_likely_possible,death_certificate,monthly_count,52,52,count,52,,,final,bnr_sdc_v1,6,0,0,0,0,,none,No disclosure restriction identified.
MORT-BURDEN-001,mort_2026_07,monthly,2012_m04,2012-04-01,2012,4,,1,all_cvd,all,all,primary_clear_likely,death_certificate,monthly_count,42,42,count,42,,,final,bnr_sdc_v1,6,0,0,0,0,,none,No disclosure restriction identified.
MORT-BURDEN-001,mort_2026_07,monthly,2012_m04,2012-04-01,2012,4,,1,all_cvd,all,all,upper_clear_likely_possible,death_certificate,monthly_count,43,43,count,43,,,final,bnr_sdc_v1,6,0,0,0,0,,none,No disclosure restriction identified.
MORT-BURDEN-001,mort_2026_07,monthly,2012_m05,2012-05-01,2012,5,,1,all_cvd,all,all,primary_clear_likely,death_certificate,monthly_count,59,59,count,59,,,final,bnr_sdc_v1,6,0,0,0,0,,none,No disclosure restriction identified.
MORT-BURDEN-001,mort_2026_07,monthly,2012_m05,2012-05-01,2012,5,,1,all_cvd,all,all,upper_clear_likely_possible,death_certificate,monthly_count,61,61,count,61,,,final,bnr_sdc_v1,6,0,0,0,0,,none,No disclosure restriction identified.
MORT-BURDEN-001,mort_2026_07,monthly,2012_m06,2012-06-01,2012,6,,1,all_cvd,all,all,primary_clear_likely,death_certificate,monthly_count,38,38,count,38,,,final,bnr_sdc_v1,6,0,0,0,0,,none,No disclosure restriction identified.
MORT-BURDEN-001,mort_2026_07,monthly,2012_m06,2012-06-01,2012,6,,1,all_cvd,all,all,upper_clear_likely_possible,death_certificate,monthly_count,41,41,count,41,,,final,bnr_sdc_v1,6,0,0,0,0,,none,No disclosure restriction identified.
MORT-BURDEN-001,mort_2026_07,monthly,2012_m07,2012-07-01,2012,7,,1,all_cvd,all,all,primary_clear_likely,death_certificate,monthly_count,38,38,count,38,,,final,bnr_sdc_v1,6,0,0,0,0,,none,No disclosure restriction identified.
MORT-BURDEN-001,mort_2026_07,monthly,2012_m07,2012-07-01,2012,7,,1,all_cvd,all,all,upper_clear_likely_possible,death_certificate,monthly_count,46,46,count,46,,,final,bnr_sdc_v1,6,0,0,0,0,,none,No disclosure restriction identified.
MORT-BURDEN-001,mort_2026_07,monthly,2012_m08,2012-08-01,2012,8,,1,all_cvd,all,all,primary_clear_likely,death_certificate,monthly_count,40,40,count,40,,,final,bnr_sdc_v1,6,0,0,0,0,,none,No disclosure restriction identified.
MORT-BURDEN-001,mort_2026_07,monthly,2012_m08,2012-08-01,2012,8,,1,all_cvd,all,all,upper_clear_likely_possible,death_certificate,monthly_count,54,54,count,54,,,final,bnr_sdc_v1,6,0,0,0,0,,none,No disclosure restriction identified.
MORT-BURDEN-001,mort_2026_07,monthly,2012_m09,2012-09-01,2012,9,,1,all_cvd,all,all,primary_clear_likely,death_certificate,monthly_count,46,46,count,46,,,final,bnr_sdc_v1,6,0,0,0,0,,none,No disclosure restriction identified.
MORT-BURDEN-001,mort_2026_07,monthly,2012_m09,2012-09-01,2012,9,,1,all_cvd,all,all,upper_clear_likely_possible,death_certificate,monthly_count,53,53,count,53,,,final,bnr_sdc_v1,6,0,0,0,0,,none,No disclosure restriction identified.
MORT-BURDEN-001,mort_2026_07,monthly,2012_m10,2012-10-01,2012,10,,1,all_cvd,all,all,primary_clear_likely,death_certificate,monthly_count,57,57,count,57,,,final,bnr_sdc_v1,6,0,0,0,0,,none,No disclosure restriction identified.
MORT-BURDEN-001,mort_2026_07,monthly,2012_m10,2012-10-01,2012,10,,1,all_cvd,all,all,upper_clear_likely_possible,death_certificate,monthly_count,66,66,count,66,,,final,bnr_sdc_v1,6,0,0,0,0,,none,No disclosure restriction identified.
MORT-BURDEN-001,mort_2026_07,monthly,2012_m11,2012-11-01,2012,11,,1,all_cvd,all,all,primary_clear_likely,death_certificate,monthly_count,30,30,count,30,,,final,bnr_sdc_v1,6,0,0,0,0,,none,No disclosure restriction identified.
MORT-BURDEN-001,mort_2026_07,monthly,2012_m11,2012-11-01,2012,11,,1,all_cvd,all,all,upper_clear_likely_possible,death_certificate,monthly_count,39,39,count,39,,,final,bnr_sdc_v1,6,0,0,0,0,,none,No disclosure restriction identified.
MORT-BURDEN-001,mort_2026_07,monthly,2012_m12,2012-12-01,2012,12,,1,all_cvd,all,all,primary_clear_likely,death_certificate,monthly_count,38,38,count,38,,,final,bnr_sdc_v1,6,0,0,0,0,,none,No disclosure restriction identified.
MORT-BURDEN-001,mort_2026_07,monthly,2012_m12,2012-12-01,2012,12,,1,all_cvd,all,all,upper_clear_likely_possible,death_certificate,monthly_count,42,42,count,42,,,final,bnr_sdc_v1,6,0,0,0,0,,none,No disclosure restriction identified.
MORT-BURDEN-001,mort_2026_07,monthly,2013_m01,2013-01-01,2013,1,,1,all_cvd,all,all,primary_clear_likely,death_certificate,monthly_count,49,49,count,49,,,final,bnr_sdc_v1,6,0,0,0,0,,none,No disclosure restriction identified.
MORT-BURDEN-001,mort_2026_07,monthly,2013_m01,2013-01-01,2013,1,,1,all_cvd,all,all,upper_clear_likely_possible,death_certificate,monthly_count,55,55,count,55,,,final,bnr_sdc_v1,6,0,0,0,0,,none,No disclosure restriction identified.
MORT-BURDEN-001,mort_2026_07,monthly,2013_m02,2013-02-01,2013,2,,1,all_cvd,all,all,primary_clear_likely,death_certificate,monthly_count,40,40,count,40,,,final,bnr_sdc_v1,6,0,0,0,0,,none,No disclosure restriction identified.
MORT-BURDEN-001,mort_2026_07,monthly,2013_m02,2013-02-01,2013,2,,1,all_cvd,all,all,upper_clear_likely_possible,death_certificate,monthly_count,45,45,count,45,,,final,bnr_sdc_v1,6,0,0,0,0,,none,No disclosure restriction identified.
MORT-BURDEN-001,mort_2026_07,monthly,2013_m03,2013-03-01,2013,3,,1,all_cvd,all,all,primary_clear_likely,death_certificate,monthly_count,47,47,count,47,,,final,bnr_sdc_v1,6,0,0,0,0,,none,No disclosure restriction identified.
MORT-BURDEN-001,mort_2026_07,monthly,2013_m03,2013-03-01,2013,3,,1,all_cvd,all,all,upper_clear_likely_possible,death_certificate,monthly_count,60,60,count,60,,,final,bnr_sdc_v1,6,0,0,0,0,,none,No disclosure restriction identified.
MORT-BURDEN-001,mort_2026_07,monthly,2013_m04,2013-04-01,2013,4,,1,all_cvd,all,all,primary_clear_likely,death_certificate,monthly_count,42,42,count,42,,,final,bnr_sdc_v1,6,0,0,0,0,,none,No disclosure restriction identified.
MORT-BURDEN-001,mort_2026_07,monthly,2013_m04,2013-04-01,2013,4,,1,all_cvd,all,all,upper_clear_likely_possible,death_certificate,monthly_count,52,52,count,52,,,final,bnr_sdc_v1,6,0,0,0,0,,none,No disclosure restriction identified.
MORT-BURDEN-001,mort_2026_07,monthly,2013_m05,2013-05-01,2013,5,,1,all_cvd,all,all,primary_clear_likely,death_certificate,monthly_count,47,47,count,47,,,final,bnr_sdc_v1,6,0,0,0,0,,none,No disclosure restriction identified.
MORT-BURDEN-001,mort_2026_07,monthly,2013_m05,2013-05-01,2013,5,,1,all_cvd,all,all,upper_clear_likely_possible,death_certificate,monthly_count,52,52,count,52,,,final,bnr_sdc_v1,6,0,0,0,0,,none,No disclosure restriction identified.
MORT-BURDEN-001,mort_2026_07,monthly,2013_m06,2013-06-01,2013,6,,1,all_cvd,all,all,primary_clear_likely,death_certificate,monthly_count,28,28,count,28,,,final,bnr_sdc_v1,6,0,0,0,0,,none,No disclosure restriction identified.
MORT-BURDEN-001,mort_2026_07,monthly,2013_m06,2013-06-01,2013,6,,1,all_cvd,all,all,upper_clear_likely_possible,death_certificate,monthly_count,34,34,count,34,,,final,bnr_sdc_v1,6,0,0,0,0,,none,No disclosure restriction identified.
MORT-BURDEN-001,mort_2026_07,monthly,2013_m07,2013-07-01,2013,7,,1,all_cvd,all,all,primary_clear_likely,death_certificate,monthly_count,54,54,count,54,,,final,bnr_sdc_v1,6,0,0,0,0,,none,No disclosure restriction identified.
MORT-BURDEN-001,mort_2026_07,monthly,2013_m07,2013-07-01,2013,7,,1,all_cvd,all,all,upper_clear_likely_possible,death_certificate,monthly_count,59,59,count,59,,,final,bnr_sdc_v1,6,0,0,0,0,,none,No disclosure restriction identified.
MORT-BURDEN-001,mort_2026_07,monthly,2013_m08,2013-08-01,2013,8,,1,all_cvd,all,all,primary_clear_likely,death_certificate,monthly_count,54,54,count,54,,,final,bnr_sdc_v1,6,0,0,0,0,,none,No disclosure restriction identified.
MORT-BURDEN-001,mort_2026_07,monthly,2013_m08,2013-08-01,2013,8,,1,all_cvd,all,all,upper_clear_likely_possible,death_certificate,monthly_count,58,58,count,58,,,final,bnr_sdc_v1,6,0,0,0,0,,none,No disclosure restriction identified.
MORT-BURDEN-001,mort_2026_07,monthly,2013_m09,2013-09-01,2013,9,,1,all_cvd,all,all,primary_clear_likely,death_certificate,monthly_count,30,30,count,30,,,final,bnr_sdc_v1,6,0,0,0,0,,none,No disclosure restriction identified.
MORT-BURDEN-001,mort_2026_07,monthly,2013_m09,2013-09-01,2013,9,,1,all_cvd,all,all,upper_clear_likely_possible,death_certificate,monthly_count,39,39,count,39,,,final,bnr_sdc_v1,6,0,0,0,0,,none,No disclosure restriction identified.
MORT-BURDEN-001,mort_2026_07,monthly,2013_m10,2013-10-01,2013,10,,1,all_cvd,all,all,primary_clear_likely,death_certificate,monthly_count,45,45,count,45,,,final,bnr_sdc_v1,6,0,0,0,0,,none,No disclosure restriction identified.
MORT-BURDEN-001,mort_2026_07,monthly,2013_m10,2013-10-01,2013,10,,1,all_cvd,all,all,upper_clear_likely_possible,death_certificate,monthly_count,51,51,count,51,,,final,bnr_sdc_v1,6,0,0,0,0,,none,No disclosure restriction identified.
MORT-BURDEN-001,mort_2026_07,monthly,2013_m11,2013-11-01,2013,11,,1,all_cvd,all,all,primary_clear_likely,death_certificate,monthly_count,49,49,count,49,,,final,bnr_sdc_v1,6,0,0,0,0,,none,No disclosure restriction identified.
MORT-BURDEN-001,mort_2026_07,monthly,2013_m11,2013-11-01,2013,11,,1,all_cvd,all,all,upper_clear_likely_possible,death_certificate,monthly_count,53,53,count,53,,,final,bnr_sdc_v1,6,0,0,0,0,,none,No disclosure restriction identified.
MORT-BURDEN-001,mort_2026_07,monthly,2013_m12,2013-12-01,2013,12,,1,all_cvd,all,all,primary_clear_likely,death_certificate,monthly_count,51,51,count,51,,,final,bnr_sdc_v1,6,0,0,0,0,,none,No disclosure restriction identified.
MORT-BURDEN-001,mort_2026_07,monthly,2013_m12,2013-12-01,2013,12,,1,all_cvd,all,all,upper_clear_likely_possible,death_certificate,monthly_count,64,64,count,64,,,final,bnr_sdc_v1,6,0,0,0,0,,none,No disclosure restriction identified.
MORT-BURDEN-001,mort_2026_07,monthly,2014_m01,2014-01-01,2014,1,,1,all_cvd,all,all,primary_clear_likely,death_certificate,monthly_count,48,48,count,48,,,final,bnr_sdc_v1,6,0,0,0,0,,none,No disclosure restriction identified.
MORT-BURDEN-001,mort_2026_07,monthly,2014_m01,2014-01-01,2014,1,,1,all_cvd,all,all,upper_clear_likely_possible,death_certificate,monthly_count,58,58,count,58,,,final,bnr_sdc_v1,6,0,0,0,0,,none,No disclosure restriction identified.
MORT-BURDEN-001,mort_2026_07,monthly,2014_m02,2014-02-01,2014,2,,1,all_cvd,all,all,primary_clear_likely,death_certificate,monthly_count,30,30,count,30,,,final,bnr_sdc_v1,6,0,0,0,0,,none,No disclosure restriction identified.
MORT-BURDEN-001,mort_2026_07,monthly,2014_m02,2014-02-01,2014,2,,1,all_cvd,all,all,upper_clear_likely_possible,death_certificate,monthly_count,39,39,count,39,,,final,bnr_sdc_v1,6,0,0,0,0,,none,No disclosure restriction identified.
MORT-BURDEN-001,mort_2026_07,monthly,2014_m03,2014-03-01,2014,3,,1,all_cvd,all,all,primary_clear_likely,death_certificate,monthly_count,51,51,count,51,,,final,bnr_sdc_v1,6,0,0,0,0,,none,No disclosure restriction identified.
MORT-BURDEN-001,mort_2026_07,monthly,2014_m03,2014-03-01,2014,3,,1,all_cvd,all,all,upper_clear_likely_possible,death_certificate,monthly_count,59,59,count,59,,,final,bnr_sdc_v1,6,0,0,0,0,,none,No disclosure restriction identified.
MORT-BURDEN-001,mort_2026_07,monthly,2014_m04,2014-04-01,2014,4,,1,all_cvd,all,all,primary_clear_likely,death_certificate,monthly_count,27,27,count,27,,,final,bnr_sdc_v1,6,0,0,0,0,,none,No disclosure restriction identified.
MORT-BURDEN-001,mort_2026_07,monthly,2014_m04,2014-04-01,2014,4,,1,all_cvd,all,all,upper_clear_likely_possible,death_certificate,monthly_count,29,29,count,29,,,final,bnr_sdc_v1,6,0,0,0,0,,none,No disclosure restriction identified.
MORT-BURDEN-001,mort_2026_07,monthly,2014_m05,2014-05-01,2014,5,,1,all_cvd,all,all,primary_clear_likely,death_certificate,monthly_count,45,45,count,45,,,final,bnr_sdc_v1,6,0,0,0,0,,none,No disclosure restriction identified.
MORT-BURDEN-001,mort_2026_07,monthly,2014_m05,2014-05-01,2014,5,,1,all_cvd,all,all,upper_clear_likely_possible,death_certificate,monthly_count,51,51,count,51,,,final,bnr_sdc_v1,6,0,0,0,0,,none,No disclosure restriction identified.
MORT-BURDEN-001,mort_2026_07,monthly,2014_m06,2014-06-01,2014,6,,1,all_cvd,all,all,primary_clear_likely,death_certificate,monthly_count,33,33,count,33,,,final,bnr_sdc_v1,6,0,0,0,0,,none,No disclosure restriction identified.
MORT-BURDEN-001,mort_2026_07,monthly,2014_m06,2014-06-01,2014,6,,1,all_cvd,all,all,upper_clear_likely_possible,death_certificate,monthly_count,39,39,count,39,,,final,bnr_sdc_v1,6,0,0,0,0,,none,No disclosure restriction identified.
MORT-BURDEN-001,mort_2026_07,monthly,2014_m07,2014-07-01,2014,7,,1,all_cvd,all,all,primary_clear_likely,death_certificate,monthly_count,37,37,count,37,,,final,bnr_sdc_v1,6,0,0,0,0,,none,No disclosure restriction identified.
MORT-BURDEN-001,mort_2026_07,monthly,2014_m07,2014-07-01,2014,7,,1,all_cvd,all,all,upper_clear_likely_possible,death_certificate,monthly_count,48,48,count,48,,,final,bnr_sdc_v1,6,0,0,0,0,,none,No disclosure restriction identified.
MORT-BURDEN-001,mort_2026_07,monthly,2014_m08,2014-08-01,2014,8,,1,all_cvd,all,all,primary_clear_likely,death_certificate,monthly_count,37,37,count,37,,,final,bnr_sdc_v1,6,0,0,0,0,,none,No disclosure restriction identified.
MORT-BURDEN-001,mort_2026_07,monthly,2014_m08,2014-08-01,2014,8,,1,all_cvd,all,all,upper_clear_likely_possible,death_certificate,monthly_count,46,46,count,46,,,final,bnr_sdc_v1,6,0,0,0,0,,none,No disclosure restriction identified.
MORT-BURDEN-001,mort_2026_07,monthly,2014_m09,2014-09-01,2014,9,,1,all_cvd,all,all,primary_clear_likely,death_certificate,monthly_count,43,43,count,43,,,final,bnr_sdc_v1,6,0,0,0,0,,none,No disclosure restriction identified.
MORT-BURDEN-001,mort_2026_07,monthly,2014_m09,2014-09-01,2014,9,,1,all_cvd,all,all,upper_clear_likely_possible,death_certificate,monthly_count,58,58,count,58,,,final,bnr_sdc_v1,6,0,0,0,0,,none,No disclosure restriction identified.
MORT-BURDEN-001,mort_2026_07,monthly,2014_m10,2014-10-01,2014,10,,1,all_cvd,all,all,primary_clear_likely,death_certificate,monthly_count,53,53,count,53,,,final,bnr_sdc_v1,6,0,0,0,0,,none,No disclosure restriction identified.
MORT-BURDEN-001,mort_2026_07,monthly,2014_m10,2014-10-01,2014,10,,1,all_cvd,all,all,upper_clear_likely_possible,death_certificate,monthly_count,61,61,count,61,,,final,bnr_sdc_v1,6,0,0,0,0,,none,No disclosure restriction identified.
MORT-BURDEN-001,mort_2026_07,monthly,2014_m11,2014-11-01,2014,11,,1,all_cvd,all,all,primary_clear_likely,death_certificate,monthly_count,38,38,count,38,,,final,bnr_sdc_v1,6,0,0,0,0,,none,No disclosure restriction identified.
MORT-BURDEN-001,mort_2026_07,monthly,2014_m11,2014-11-01,2014,11,,1,all_cvd,all,all,upper_clear_likely_possible,death_certificate,monthly_count,48,48,count,48,,,final,bnr_sdc_v1,6,0,0,0,0,,none,No disclosure restriction identified.
MORT-BURDEN-001,mort_2026_07,monthly,2014_m12,2014-12-01,2014,12,,1,all_cvd,all,all,primary_clear_likely,death_certificate,monthly_count,58,58,count,58,,,final,bnr_sdc_v1,6,0,0,0,0,,none,No disclosure restriction identified.
MORT-BURDEN-001,mort_2026_07,monthly,2014_m12,2014-12-01,2014,12,,1,all_cvd,all,all,upper_clear_likely_possible,death_certificate,monthly_count,69,69,count,69,,,final,bnr_sdc_v1,6,0,0,0,0,,none,No disclosure restriction identified.
MORT-BURDEN-001,mort_2026_07,monthly,2015_m01,2015-01-01,2015,1,,1,all_cvd,all,all,primary_clear_likely,death_certificate,monthly_count,53,53,count,53,,,final,bnr_sdc_v1,6,0,0,0,0,,none,No disclosure restriction identified.
MORT-BURDEN-001,mort_2026_07,monthly,2015_m01,2015-01-01,2015,1,,1,all_cvd,all,all,upper_clear_likely_possible,death_certificate,monthly_count,63,63,count,63,,,final,bnr_sdc_v1,6,0,0,0,0,,none,No disclosure restriction identified.
MORT-BURDEN-001,mort_2026_07,monthly,2015_m02,2015-02-01,2015,2,,1,all_cvd,all,all,primary_clear_likely,death_certificate,monthly_count,46,46,count,46,,,final,bnr_sdc_v1,6,0,0,0,0,,none,No disclosure restriction identified.
MORT-BURDEN-001,mort_2026_07,monthly,2015_m02,2015-02-01,2015,2,,1,all_cvd,all,all,upper_clear_likely_possible,death_certificate,monthly_count,56,56,count,56,,,final,bnr_sdc_v1,6,0,0,0,0,,none,No disclosure restriction identified.
MORT-BURDEN-001,mort_2026_07,monthly,2015_m03,2015-03-01,2015,3,,1,all_cvd,all,all,primary_clear_likely,death_certificate,monthly_count,48,48,count,48,,,final,bnr_sdc_v1,6,0,0,0,0,,none,No disclosure restriction identified.
MORT-BURDEN-001,mort_2026_07,monthly,2015_m03,2015-03-01,2015,3,,1,all_cvd,all,all,upper_clear_likely_possible,death_certificate,monthly_count,52,52,count,52,,,final,bnr_sdc_v1,6,0,0,0,0,,none,No disclosure restriction identified.
MORT-BURDEN-001,mort_2026_07,monthly,2015_m04,2015-04-01,2015,4,,1,all_cvd,all,all,primary_clear_likely,death_certificate,monthly_count,46,46,count,46,,,final,bnr_sdc_v1,6,0,0,0,0,,none,No disclosure restriction identified.
MORT-BURDEN-001,mort_2026_07,monthly,2015_m04,2015-04-01,2015,4,,1,all_cvd,all,all,upper_clear_likely_possible,death_certificate,monthly_count,55,55,count,55,,,final,bnr_sdc_v1,6,0,0,0,0,,none,No disclosure restriction identified.
MORT-BURDEN-001,mort_2026_07,monthly,2015_m05,2015-05-01,2015,5,,1,all_cvd,all,all,primary_clear_likely,death_certificate,monthly_count,40,40,count,40,,,final,bnr_sdc_v1,6,0,0,0,0,,none,No disclosure restriction identified.
MORT-BURDEN-001,mort_2026_07,monthly,2015_m05,2015-05-01,2015,5,,1,all_cvd,all,all,upper_clear_likely_possible,death_certificate,monthly_count,47,47,count,47,,,final,bnr_sdc_v1,6,0,0,0,0,,none,No disclosure restriction identified.
MORT-BURDEN-001,mort_2026_07,monthly,2015_m06,2015-06-01,2015,6,,1,all_cvd,all,all,primary_clear_likely,death_certificate,monthly_count,40,40,count,40,,,final,bnr_sdc_v1,6,0,0,0,0,,none,No disclosure restriction identified.
MORT-BURDEN-001,mort_2026_07,monthly,2015_m06,2015-06-01,2015,6,,1,all_cvd,all,all,upper_clear_likely_possible,death_certificate,monthly_count,52,52,count,52,,,final,bnr_sdc_v1,6,0,0,0,0,,none,No disclosure restriction identified.
MORT-BURDEN-001,mort_2026_07,monthly,2015_m07,2015-07-01,2015,7,,1,all_cvd,all,all,primary_clear_likely,death_certificate,monthly_count,41,41,count,41,,,final,bnr_sdc_v1,6,0,0,0,0,,none,No disclosure restriction identified.
MORT-BURDEN-001,mort_2026_07,monthly,2015_m07,2015-07-01,2015,7,,1,all_cvd,all,all,upper_clear_likely_possible,death_certificate,monthly_count,52,52,count,52,,,final,bnr_sdc_v1,6,0,0,0,0,,none,No disclosure restriction identified.
MORT-BURDEN-001,mort_2026_07,monthly,2015_m08,2015-08-01,2015,8,,1,all_cvd,all,all,primary_clear_likely,death_certificate,monthly_count,43,43,count,43,,,final,bnr_sdc_v1,6,0,0,0,0,,none,No disclosure restriction identified.
MORT-BURDEN-001,mort_2026_07,monthly,2015_m08,2015-08-01,2015,8,,1,all_cvd,all,all,upper_clear_likely_possible,death_certificate,monthly_count,49,49,count,49,,,final,bnr_sdc_v1,6,0,0,0,0,,none,No disclosure restriction identified.
MORT-BURDEN-001,mort_2026_07,monthly,2015_m09,2015-09-01,2015,9,,1,all_cvd,all,all,primary_clear_likely,death_certificate,monthly_count,50,50,count,50,,,final,bnr_sdc_v1,6,0,0,0,0,,none,No disclosure restriction identified.
MORT-BURDEN-001,mort_2026_07,monthly,2015_m09,2015-09-01,2015,9,,1,all_cvd,all,all,upper_clear_likely_possible,death_certificate,monthly_count,58,58,count,58,,,final,bnr_sdc_v1,6,0,0,0,0,,none,No disclosure restriction identified.
MORT-BURDEN-001,mort_2026_07,monthly,2015_m10,2015-10-01,2015,10,,1,all_cvd,all,all,primary_clear_likely,death_certificate,monthly_count,48,48,count,48,,,final,bnr_sdc_v1,6,0,0,0,0,,none,No disclosure restriction identified.
MORT-BURDEN-001,mort_2026_07,monthly,2015_m10,2015-10-01,2015,10,,1,all_cvd,all,all,upper_clear_likely_possible,death_certificate,monthly_count,53,53,count,53,,,final,bnr_sdc_v1,6,0,0,0,0,,none,No disclosure restriction identified.
MORT-BURDEN-001,mort_2026_07,monthly,2015_m11,2015-11-01,2015,11,,1,all_cvd,all,all,primary_clear_likely,death_certificate,monthly_count,41,41,count,41,,,final,bnr_sdc_v1,6,0,0,0,0,,none,No disclosure restriction identified.
MORT-BURDEN-001,mort_2026_07,monthly,2015_m11,2015-11-01,2015,11,,1,all_cvd,all,all,upper_clear_likely_possible,death_certificate,monthly_count,46,46,count,46,,,final,bnr_sdc_v1,6,0,0,0,0,,none,No disclosure restriction identified.
MORT-BURDEN-001,mort_2026_07,monthly,2015_m12,2015-12-01,2015,12,,1,all_cvd,all,all,primary_clear_likely,death_certificate,monthly_count,54,54,count,54,,,final,bnr_sdc_v1,6,0,0,0,0,,none,No disclosure restriction identified.
MORT-BURDEN-001,mort_2026_07,monthly,2015_m12,2015-12-01,2015,12,,1,all_cvd,all,all,upper_clear_likely_possible,death_certificate,monthly_count,62,62,count,62,,,final,bnr_sdc_v1,6,0,0,0,0,,none,No disclosure restriction identified.
MORT-BURDEN-001,mort_2026_07,monthly,2016_m01,2016-01-01,2016,1,,1,all_cvd,all,all,primary_clear_likely,death_certificate,monthly_count,45,45,count,45,,,final,bnr_sdc_v1,6,0,0,0,0,,none,No disclosure restriction identified.
MORT-BURDEN-001,mort_2026_07,monthly,2016_m01,2016-01-01,2016,1,,1,all_cvd,all,all,upper_clear_likely_possible,death_certificate,monthly_count,58,58,count,58,,,final,bnr_sdc_v1,6,0,0,0,0,,none,No disclosure restriction identified.
MORT-BURDEN-001,mort_2026_07,monthly,2016_m02,2016-02-01,2016,2,,1,all_cvd,all,all,primary_clear_likely,death_certificate,monthly_count,46,46,count,46,,,final,bnr_sdc_v1,6,0,0,0,0,,none,No disclosure restriction identified.
MORT-BURDEN-001,mort_2026_07,monthly,2016_m02,2016-02-01,2016,2,,1,all_cvd,all,all,upper_clear_likely_possible,death_certificate,monthly_count,51,51,count,51,,,final,bnr_sdc_v1,6,0,0,0,0,,none,No disclosure restriction identified.
MORT-BURDEN-001,mort_2026_07,monthly,2016_m03,2016-03-01,2016,3,,1,all_cvd,all,all,primary_clear_likely,death_certificate,monthly_count,39,39,count,39,,,final,bnr_sdc_v1,6,0,0,0,0,,none,No disclosure restriction identified.
MORT-BURDEN-001,mort_2026_07,monthly,2016_m03,2016-03-01,2016,3,,1,all_cvd,all,all,upper_clear_likely_possible,death_certificate,monthly_count,46,46,count,46,,,final,bnr_sdc_v1,6,0,0,0,0,,none,No disclosure restriction identified.
MORT-BURDEN-001,mort_2026_07,monthly,2016_m04,2016-04-01,2016,4,,1,all_cvd,all,all,primary_clear_likely,death_certificate,monthly_count,49,49,count,49,,,final,bnr_sdc_v1,6,0,0,0,0,,none,No disclosure restriction identified.
MORT-BURDEN-001,mort_2026_07,monthly,2016_m04,2016-04-01,2016,4,,1,all_cvd,all,all,upper_clear_likely_possible,death_certificate,monthly_count,57,57,count,57,,,final,bnr_sdc_v1,6,0,0,0,0,,none,No disclosure restriction identified.
MORT-BURDEN-001,mort_2026_07,monthly,2016_m05,2016-05-01,2016,5,,1,all_cvd,all,all,primary_clear_likely,death_certificate,monthly_count,42,42,count,42,,,final,bnr_sdc_v1,6,0,0,0,0,,none,No disclosure restriction identified.
MORT-BURDEN-001,mort_2026_07,monthly,2016_m05,2016-05-01,2016,5,,1,all_cvd,all,all,upper_clear_likely_possible,death_certificate,monthly_count,50,50,count,50,,,final,bnr_sdc_v1,6,0,0,0,0,,none,No disclosure restriction identified.
MORT-BURDEN-001,mort_2026_07,monthly,2016_m06,2016-06-01,2016,6,,1,all_cvd,all,all,primary_clear_likely,death_certificate,monthly_count,36,36,count,36,,,final,bnr_sdc_v1,6,0,0,0,0,,none,No disclosure restriction identified.
MORT-BURDEN-001,mort_2026_07,monthly,2016_m06,2016-06-01,2016,6,,1,all_cvd,all,all,upper_clear_likely_possible,death_certificate,monthly_count,46,46,count,46,,,final,bnr_sdc_v1,6,0,0,0,0,,none,No disclosure restriction identified.
MORT-BURDEN-001,mort_2026_07,monthly,2016_m07,2016-07-01,2016,7,,1,all_cvd,all,all,primary_clear_likely,death_certificate,monthly_count,30,30,count,30,,,final,bnr_sdc_v1,6,0,0,0,0,,none,No disclosure restriction identified.
MORT-BURDEN-001,mort_2026_07,monthly,2016_m07,2016-07-01,2016,7,,1,all_cvd,all,all,upper_clear_likely_possible,death_certificate,monthly_count,38,38,count,38,,,final,bnr_sdc_v1,6,0,0,0,0,,none,No disclosure restriction identified.
MORT-BURDEN-001,mort_2026_07,monthly,2016_m08,2016-08-01,2016,8,,1,all_cvd,all,all,primary_clear_likely,death_certificate,monthly_count,57,57,count,57,,,final,bnr_sdc_v1,6,0,0,0,0,,none,No disclosure restriction identified.
MORT-BURDEN-001,mort_2026_07,monthly,2016_m08,2016-08-01,2016,8,,1,all_cvd,all,all,upper_clear_likely_possible,death_certificate,monthly_count,66,66,count,66,,,final,bnr_sdc_v1,6,0,0,0,0,,none,No disclosure restriction identified.
MORT-BURDEN-001,mort_2026_07,monthly,2016_m09,2016-09-01,2016,9,,1,all_cvd,all,all,primary_clear_likely,death_certificate,monthly_count,46,46,count,46,,,final,bnr_sdc_v1,6,0,0,0,0,,none,No disclosure restriction identified.
MORT-BURDEN-001,mort_2026_07,monthly,2016_m09,2016-09-01,2016,9,,1,all_cvd,all,all,upper_clear_likely_possible,death_certificate,monthly_count,56,56,count,56,,,final,bnr_sdc_v1,6,0,0,0,0,,none,No disclosure restriction identified.
MORT-BURDEN-001,mort_2026_07,monthly,2016_m10,2016-10-01,2016,10,,1,all_cvd,all,all,primary_clear_likely,death_certificate,monthly_count,54,54,count,54,,,final,bnr_sdc_v1,6,0,0,0,0,,none,No disclosure restriction identified.
MORT-BURDEN-001,mort_2026_07,monthly,2016_m10,2016-10-01,2016,10,,1,all_cvd,all,all,upper_clear_likely_possible,death_certificate,monthly_count,66,66,count,66,,,final,bnr_sdc_v1,6,0,0,0,0,,none,No disclosure restriction identified.
MORT-BURDEN-001,mort_2026_07,monthly,2016_m11,2016-11-01,2016,11,,1,all_cvd,all,all,primary_clear_likely,death_certificate,monthly_count,43,43,count,43,,,final,bnr_sdc_v1,6,0,0,0,0,,none,No disclosure restriction identified.
MORT-BURDEN-001,mort_2026_07,monthly,2016_m11,2016-11-01,2016,11,,1,all_cvd,all,all,upper_clear_likely_possible,death_certificate,monthly_count,49,49,count,49,,,final,bnr_sdc_v1,6,0,0,0,0,,none,No disclosure restriction identified.
MORT-BURDEN-001,mort_2026_07,monthly,2016_m12,2016-12-01,2016,12,,1,all_cvd,all,all,primary_clear_likely,death_certificate,monthly_count,30,30,count,30,,,final,bnr_sdc_v1,6,0,0,0,0,,none,No disclosure restriction identified.
MORT-BURDEN-001,mort_2026_07,monthly,2016_m12,2016-12-01,2016,12,,1,all_cvd,all,all,upper_clear_likely_possible,death_certificate,monthly_count,36,36,count,36,,,final,bnr_sdc_v1,6,0,0,0,0,,none,No disclosure restriction identified.
MORT-BURDEN-001,mort_2026_07,monthly,2017_m01,2017-01-01,2017,1,,1,all_cvd,all,all,primary_clear_likely,death_certificate,monthly_count,48,48,count,48,,,final,bnr_sdc_v1,6,0,0,0,0,,none,No disclosure restriction identified.
MORT-BURDEN-001,mort_2026_07,monthly,2017_m01,2017-01-01,2017,1,,1,all_cvd,all,all,upper_clear_likely_possible,death_certificate,monthly_count,56,56,count,56,,,final,bnr_sdc_v1,6,0,0,0,0,,none,No disclosure restriction identified.
MORT-BURDEN-001,mort_2026_07,monthly,2017_m02,2017-02-01,2017,2,,1,all_cvd,all,all,primary_clear_likely,death_certificate,monthly_count,32,32,count,32,,,final,bnr_sdc_v1,6,0,0,0,0,,none,No disclosure restriction identified.
MORT-BURDEN-001,mort_2026_07,monthly,2017_m02,2017-02-01,2017,2,,1,all_cvd,all,all,upper_clear_likely_possible,death_certificate,monthly_count,39,39,count,39,,,final,bnr_sdc_v1,6,0,0,0,0,,none,No disclosure restriction identified.
MORT-BURDEN-001,mort_2026_07,monthly,2017_m03,2017-03-01,2017,3,,1,all_cvd,all,all,primary_clear_likely,death_certificate,monthly_count,51,51,count,51,,,final,bnr_sdc_v1,6,0,0,0,0,,none,No disclosure restriction identified.
MORT-BURDEN-001,mort_2026_07,monthly,2017_m03,2017-03-01,2017,3,,1,all_cvd,all,all,upper_clear_likely_possible,death_certificate,monthly_count,57,57,count,57,,,final,bnr_sdc_v1,6,0,0,0,0,,none,No disclosure restriction identified.
MORT-BURDEN-001,mort_2026_07,monthly,2017_m04,2017-04-01,2017,4,,1,all_cvd,all,all,primary_clear_likely,death_certificate,monthly_count,44,44,count,44,,,final,bnr_sdc_v1,6,0,0,0,0,,none,No disclosure restriction identified.
MORT-BURDEN-001,mort_2026_07,monthly,2017_m04,2017-04-01,2017,4,,1,all_cvd,all,all,upper_clear_likely_possible,death_certificate,monthly_count,50,50,count,50,,,final,bnr_sdc_v1,6,0,0,0,0,,none,No disclosure restriction identified.
MORT-BURDEN-001,mort_2026_07,monthly,2017_m05,2017-05-01,2017,5,,1,all_cvd,all,all,primary_clear_likely,death_certificate,monthly_count,42,42,count,42,,,final,bnr_sdc_v1,6,0,0,0,0,,none,No disclosure restriction identified.
MORT-BURDEN-001,mort_2026_07,monthly,2017_m05,2017-05-01,2017,5,,1,all_cvd,all,all,upper_clear_likely_possible,death_certificate,monthly_count,50,50,count,50,,,final,bnr_sdc_v1,6,0,0,0,0,,none,No disclosure restriction identified.
MORT-BURDEN-001,mort_2026_07,monthly,2017_m06,2017-06-01,2017,6,,1,all_cvd,all,all,primary_clear_likely,death_certificate,monthly_count,43,43,count,43,,,final,bnr_sdc_v1,6,0,0,0,0,,none,No disclosure restriction identified.
MORT-BURDEN-001,mort_2026_07,monthly,2017_m06,2017-06-01,2017,6,,1,all_cvd,all,all,upper_clear_likely_possible,death_certificate,monthly_count,51,51,count,51,,,final,bnr_sdc_v1,6,0,0,0,0,,none,No disclosure restriction identified.
MORT-BURDEN-001,mort_2026_07,monthly,2017_m07,2017-07-01,2017,7,,1,all_cvd,all,all,primary_clear_likely,death_certificate,monthly_count,46,46,count,46,,,final,bnr_sdc_v1,6,0,0,0,0,,none,No disclosure restriction identified.
MORT-BURDEN-001,mort_2026_07,monthly,2017_m07,2017-07-01,2017,7,,1,all_cvd,all,all,upper_clear_likely_possible,death_certificate,monthly_count,49,49,count,49,,,final,bnr_sdc_v1,6,0,0,0,0,,none,No disclosure restriction identified.
MORT-BURDEN-001,mort_2026_07,monthly,2017_m08,2017-08-01,2017,8,,1,all_cvd,all,all,primary_clear_likely,death_certificate,monthly_count,40,40,count,40,,,final,bnr_sdc_v1,6,0,0,0,0,,none,No disclosure restriction identified.
MORT-BURDEN-001,mort_2026_07,monthly,2017_m08,2017-08-01,2017,8,,1,all_cvd,all,all,upper_clear_likely_possible,death_certificate,monthly_count,43,43,count,43,,,final,bnr_sdc_v1,6,0,0,0,0,,none,No disclosure restriction identified.
MORT-BURDEN-001,mort_2026_07,monthly,2017_m09,2017-09-01,2017,9,,1,all_cvd,all,all,primary_clear_likely,death_certificate,monthly_count,31,31,count,31,,,final,bnr_sdc_v1,6,0,0,0,0,,none,No disclosure restriction identified.
MORT-BURDEN-001,mort_2026_07,monthly,2017_m09,2017-09-01,2017,9,,1,all_cvd,all,all,upper_clear_likely_possible,death_certificate,monthly_count,38,38,count,38,,,final,bnr_sdc_v1,6,0,0,0,0,,none,No disclosure restriction identified.
MORT-BURDEN-001,mort_2026_07,monthly,2017_m10,2017-10-01,2017,10,,1,all_cvd,all,all,primary_clear_likely,death_certificate,monthly_count,42,42,count,42,,,final,bnr_sdc_v1,6,0,0,0,0,,none,No disclosure restriction identified.
MORT-BURDEN-001,mort_2026_07,monthly,2017_m10,2017-10-01,2017,10,,1,all_cvd,all,all,upper_clear_likely_possible,death_certificate,monthly_count,49,49,count,49,,,final,bnr_sdc_v1,6,0,0,0,0,,none,No disclosure restriction identified.
MORT-BURDEN-001,mort_2026_07,monthly,2017_m11,2017-11-01,2017,11,,1,all_cvd,all,all,primary_clear_likely,death_certificate,monthly_count,45,45,count,45,,,final,bnr_sdc_v1,6,0,0,0,0,,none,No disclosure restriction identified.
MORT-BURDEN-001,mort_2026_07,monthly,2017_m11,2017-11-01,2017,11,,1,all_cvd,all,all,upper_clear_likely_possible,death_certificate,monthly_count,50,50,count,50,,,final,bnr_sdc_v1,6,0,0,0,0,,none,No disclosure restriction identified.
MORT-BURDEN-001,mort_2026_07,monthly,2017_m12,2017-12-01,2017,12,,1,all_cvd,all,all,primary_clear_likely,death_certificate,monthly_count,43,43,count,43,,,final,bnr_sdc_v1,6,0,0,0,0,,none,No disclosure restriction identified.
MORT-BURDEN-001,mort_2026_07,monthly,2017_m12,2017-12-01,2017,12,,1,all_cvd,all,all,upper_clear_likely_possible,death_certificate,monthly_count,53,53,count,53,,,final,bnr_sdc_v1,6,0,0,0,0,,none,No disclosure restriction identified.
MORT-BURDEN-001,mort_2026_07,monthly,2018_m01,2018-01-01,2018,1,,1,all_cvd,all,all,primary_clear_likely,death_certificate,monthly_count,33,33,count,33,,,final,bnr_sdc_v1,6,0,0,0,0,,none,No disclosure restriction identified.
MORT-BURDEN-001,mort_2026_07,monthly,2018_m01,2018-01-01,2018,1,,1,all_cvd,all,all,upper_clear_likely_possible,death_certificate,monthly_count,47,47,count,47,,,final,bnr_sdc_v1,6,0,0,0,0,,none,No disclosure restriction identified.
MORT-BURDEN-001,mort_2026_07,monthly,2018_m02,2018-02-01,2018,2,,1,all_cvd,all,all,primary_clear_likely,death_certificate,monthly_count,43,43,count,43,,,final,bnr_sdc_v1,6,0,0,0,0,,none,No disclosure restriction identified.
MORT-BURDEN-001,mort_2026_07,monthly,2018_m02,2018-02-01,2018,2,,1,all_cvd,all,all,upper_clear_likely_possible,death_certificate,monthly_count,54,54,count,54,,,final,bnr_sdc_v1,6,0,0,0,0,,none,No disclosure restriction identified.
MORT-BURDEN-001,mort_2026_07,monthly,2018_m03,2018-03-01,2018,3,,1,all_cvd,all,all,primary_clear_likely,death_certificate,monthly_count,28,28,count,28,,,final,bnr_sdc_v1,6,0,0,0,0,,none,No disclosure restriction identified.
MORT-BURDEN-001,mort_2026_07,monthly,2018_m03,2018-03-01,2018,3,,1,all_cvd,all,all,upper_clear_likely_possible,death_certificate,monthly_count,42,42,count,42,,,final,bnr_sdc_v1,6,0,0,0,0,,none,No disclosure restriction identified.
MORT-BURDEN-001,mort_2026_07,monthly,2018_m04,2018-04-01,2018,4,,1,all_cvd,all,all,primary_clear_likely,death_certificate,monthly_count,29,29,count,29,,,final,bnr_sdc_v1,6,0,0,0,0,,none,No disclosure restriction identified.
MORT-BURDEN-001,mort_2026_07,monthly,2018_m04,2018-04-01,2018,4,,1,all_cvd,all,all,upper_clear_likely_possible,death_certificate,monthly_count,41,41,count,41,,,final,bnr_sdc_v1,6,0,0,0,0,,none,No disclosure restriction identified.
MORT-BURDEN-001,mort_2026_07,monthly,2018_m05,2018-05-01,2018,5,,1,all_cvd,all,all,primary_clear_likely,death_certificate,monthly_count,27,27,count,27,,,final,bnr_sdc_v1,6,0,0,0,0,,none,No disclosure restriction identified.
MORT-BURDEN-001,mort_2026_07,monthly,2018_m05,2018-05-01,2018,5,,1,all_cvd,all,all,upper_clear_likely_possible,death_certificate,monthly_count,38,38,count,38,,,final,bnr_sdc_v1,6,0,0,0,0,,none,No disclosure restriction identified.
MORT-BURDEN-001,mort_2026_07,monthly,2018_m06,2018-06-01,2018,6,,1,all_cvd,all,all,primary_clear_likely,death_certificate,monthly_count,34,34,count,34,,,final,bnr_sdc_v1,6,0,0,0,0,,none,No disclosure restriction identified.
MORT-BURDEN-001,mort_2026_07,monthly,2018_m06,2018-06-01,2018,6,,1,all_cvd,all,all,upper_clear_likely_possible,death_certificate,monthly_count,47,47,count,47,,,final,bnr_sdc_v1,6,0,0,0,0,,none,No disclosure restriction identified.
MORT-BURDEN-001,mort_2026_07,monthly,2018_m07,2018-07-01,2018,7,,1,all_cvd,all,all,primary_clear_likely,death_certificate,monthly_count,22,22,count,22,,,final,bnr_sdc_v1,6,0,0,0,0,,none,No disclosure restriction identified.
MORT-BURDEN-001,mort_2026_07,monthly,2018_m07,2018-07-01,2018,7,,1,all_cvd,all,all,upper_clear_likely_possible,death_certificate,monthly_count,37,37,count,37,,,final,bnr_sdc_v1,6,0,0,0,0,,none,No disclosure restriction identified.
MORT-BURDEN-001,mort_2026_07,monthly,2018_m08,2018-08-01,2018,8,,1,all_cvd,all,all,primary_clear_likely,death_certificate,monthly_count,31,31,count,31,,,final,bnr_sdc_v1,6,0,0,0,0,,none,No disclosure restriction identified.
MORT-BURDEN-001,mort_2026_07,monthly,2018_m08,2018-08-01,2018,8,,1,all_cvd,all,all,upper_clear_likely_possible,death_certificate,monthly_count,42,42,count,42,,,final,bnr_sdc_v1,6,0,0,0,0,,none,No disclosure restriction identified.
MORT-BURDEN-001,mort_2026_07,monthly,2018_m09,2018-09-01,2018,9,,1,all_cvd,all,all,primary_clear_likely,death_certificate,monthly_count,27,27,count,27,,,final,bnr_sdc_v1,6,0,0,0,0,,none,No disclosure restriction identified.
MORT-BURDEN-001,mort_2026_07,monthly,2018_m09,2018-09-01,2018,9,,1,all_cvd,all,all,upper_clear_likely_possible,death_certificate,monthly_count,37,37,count,37,,,final,bnr_sdc_v1,6,0,0,0,0,,none,No disclosure restriction identified.
MORT-BURDEN-001,mort_2026_07,monthly,2018_m10,2018-10-01,2018,10,,1,all_cvd,all,all,primary_clear_likely,death_certificate,monthly_count,29,29,count,29,,,final,bnr_sdc_v1,6,0,0,0,0,,none,No disclosure restriction identified.
MORT-BURDEN-001,mort_2026_07,monthly,2018_m10,2018-10-01,2018,10,,1,all_cvd,all,all,upper_clear_likely_possible,death_certificate,monthly_count,44,44,count,44,,,final,bnr_sdc_v1,6,0,0,0,0,,none,No disclosure restriction identified.
MORT-BURDEN-001,mort_2026_07,monthly,2018_m11,2018-11-01,2018,11,,1,all_cvd,all,all,primary_clear_likely,death_certificate,monthly_count,31,31,count,31,,,final,bnr_sdc_v1,6,0,0,0,0,,none,No disclosure restriction identified.
MORT-BURDEN-001,mort_2026_07,monthly,2018_m11,2018-11-01,2018,11,,1,all_cvd,all,all,upper_clear_likely_possible,death_certificate,monthly_count,42,42,count,42,,,final,bnr_sdc_v1,6,0,0,0,0,,none,No disclosure restriction identified.
MORT-BURDEN-001,mort_2026_07,monthly,2018_m12,2018-12-01,2018,12,,1,all_cvd,all,all,primary_clear_likely,death_certificate,monthly_count,25,25,count,25,,,final,bnr_sdc_v1,6,0,0,0,0,,none,No disclosure restriction identified.
MORT-BURDEN-001,mort_2026_07,monthly,2018_m12,2018-12-01,2018,12,,1,all_cvd,all,all,upper_clear_likely_possible,death_certificate,monthly_count,35,35,count,35,,,final,bnr_sdc_v1,6,0,0,0,0,,none,No disclosure restriction identified.
MORT-BURDEN-001,mort_2026_07,monthly,2019_m01,2019-01-01,2019,1,,1,all_cvd,all,all,primary_clear_likely,death_certificate,monthly_count,49,49,count,49,,,final,bnr_sdc_v1,6,0,0,0,0,,none,No disclosure restriction identified.
MORT-BURDEN-001,mort_2026_07,monthly,2019_m01,2019-01-01,2019,1,,1,all_cvd,all,all,upper_clear_likely_possible,death_certificate,monthly_count,63,63,count,63,,,final,bnr_sdc_v1,6,0,0,0,0,,none,No disclosure restriction identified.
MORT-BURDEN-001,mort_2026_07,monthly,2019_m02,2019-02-01,2019,2,,1,all_cvd,all,all,primary_clear_likely,death_certificate,monthly_count,34,34,count,34,,,final,bnr_sdc_v1,6,0,0,0,0,,none,No disclosure restriction identified.
MORT-BURDEN-001,mort_2026_07,monthly,2019_m02,2019-02-01,2019,2,,1,all_cvd,all,all,upper_clear_likely_possible,death_certificate,monthly_count,54,54,count,54,,,final,bnr_sdc_v1,6,0,0,0,0,,none,No disclosure restriction identified.
MORT-BURDEN-001,mort_2026_07,monthly,2019_m03,2019-03-01,2019,3,,1,all_cvd,all,all,primary_clear_likely,death_certificate,monthly_count,39,39,count,39,,,final,bnr_sdc_v1,6,0,0,0,0,,none,No disclosure restriction identified.
MORT-BURDEN-001,mort_2026_07,monthly,2019_m03,2019-03-01,2019,3,,1,all_cvd,all,all,upper_clear_likely_possible,death_certificate,monthly_count,56,56,count,56,,,final,bnr_sdc_v1,6,0,0,0,0,,none,No disclosure restriction identified.
MORT-BURDEN-001,mort_2026_07,monthly,2019_m04,2019-04-01,2019,4,,1,all_cvd,all,all,primary_clear_likely,death_certificate,monthly_count,37,37,count,37,,,final,bnr_sdc_v1,6,0,0,0,0,,none,No disclosure restriction identified.
MORT-BURDEN-001,mort_2026_07,monthly,2019_m04,2019-04-01,2019,4,,1,all_cvd,all,all,upper_clear_likely_possible,death_certificate,monthly_count,57,57,count,57,,,final,bnr_sdc_v1,6,0,0,0,0,,none,No disclosure restriction identified.
MORT-BURDEN-001,mort_2026_07,monthly,2019_m05,2019-05-01,2019,5,,1,all_cvd,all,all,primary_clear_likely,death_certificate,monthly_count,44,44,count,44,,,final,bnr_sdc_v1,6,0,0,0,0,,none,No disclosure restriction identified.
MORT-BURDEN-001,mort_2026_07,monthly,2019_m05,2019-05-01,2019,5,,1,all_cvd,all,all,upper_clear_likely_possible,death_certificate,monthly_count,56,56,count,56,,,final,bnr_sdc_v1,6,0,0,0,0,,none,No disclosure restriction identified.
MORT-BURDEN-001,mort_2026_07,monthly,2019_m06,2019-06-01,2019,6,,1,all_cvd,all,all,primary_clear_likely,death_certificate,monthly_count,41,41,count,41,,,final,bnr_sdc_v1,6,0,0,0,0,,none,No disclosure restriction identified.
MORT-BURDEN-001,mort_2026_07,monthly,2019_m06,2019-06-01,2019,6,,1,all_cvd,all,all,upper_clear_likely_possible,death_certificate,monthly_count,51,51,count,51,,,final,bnr_sdc_v1,6,0,0,0,0,,none,No disclosure restriction identified.
MORT-BURDEN-001,mort_2026_07,monthly,2019_m07,2019-07-01,2019,7,,1,all_cvd,all,all,primary_clear_likely,death_certificate,monthly_count,37,37,count,37,,,final,bnr_sdc_v1,6,0,0,0,0,,none,No disclosure restriction identified.
MORT-BURDEN-001,mort_2026_07,monthly,2019_m07,2019-07-01,2019,7,,1,all_cvd,all,all,upper_clear_likely_possible,death_certificate,monthly_count,53,53,count,53,,,final,bnr_sdc_v1,6,0,0,0,0,,none,No disclosure restriction identified.
MORT-BURDEN-001,mort_2026_07,monthly,2019_m08,2019-08-01,2019,8,,1,all_cvd,all,all,primary_clear_likely,death_certificate,monthly_count,27,27,count,27,,,final,bnr_sdc_v1,6,0,0,0,0,,none,No disclosure restriction identified.
MORT-BURDEN-001,mort_2026_07,monthly,2019_m08,2019-08-01,2019,8,,1,all_cvd,all,all,upper_clear_likely_possible,death_certificate,monthly_count,43,43,count,43,,,final,bnr_sdc_v1,6,0,0,0,0,,none,No disclosure restriction identified.
MORT-BURDEN-001,mort_2026_07,monthly,2019_m09,2019-09-01,2019,9,,1,all_cvd,all,all,primary_clear_likely,death_certificate,monthly_count,41,41,count,41,,,final,bnr_sdc_v1,6,0,0,0,0,,none,No disclosure restriction identified.
MORT-BURDEN-001,mort_2026_07,monthly,2019_m09,2019-09-01,2019,9,,1,all_cvd,all,all,upper_clear_likely_possible,death_certificate,monthly_count,57,57,count,57,,,final,bnr_sdc_v1,6,0,0,0,0,,none,No disclosure restriction identified.
MORT-BURDEN-001,mort_2026_07,monthly,2019_m10,2019-10-01,2019,10,,1,all_cvd,all,all,primary_clear_likely,death_certificate,monthly_count,26,26,count,26,,,final,bnr_sdc_v1,6,0,0,0,0,,none,No disclosure restriction identified.
MORT-BURDEN-001,mort_2026_07,monthly,2019_m10,2019-10-01,2019,10,,1,all_cvd,all,all,upper_clear_likely_possible,death_certificate,monthly_count,41,41,count,41,,,final,bnr_sdc_v1,6,0,0,0,0,,none,No disclosure restriction identified.
MORT-BURDEN-001,mort_2026_07,monthly,2019_m11,2019-11-01,2019,11,,1,all_cvd,all,all,primary_clear_likely,death_certificate,monthly_count,31,31,count,31,,,final,bnr_sdc_v1,6,0,0,0,0,,none,No disclosure restriction identified.
MORT-BURDEN-001,mort_2026_07,monthly,2019_m11,2019-11-01,2019,11,,1,all_cvd,all,all,upper_clear_likely_possible,death_certificate,monthly_count,45,45,count,45,,,final,bnr_sdc_v1,6,0,0,0,0,,none,No disclosure restriction identified.
MORT-BURDEN-001,mort_2026_07,monthly,2019_m12,2019-12-01,2019,12,,1,all_cvd,all,all,primary_clear_likely,death_certificate,monthly_count,33,33,count,33,,,final,bnr_sdc_v1,6,0,0,0,0,,none,No disclosure restriction identified.
MORT-BURDEN-001,mort_2026_07,monthly,2019_m12,2019-12-01,2019,12,,1,all_cvd,all,all,upper_clear_likely_possible,death_certificate,monthly_count,49,49,count,49,,,final,bnr_sdc_v1,6,0,0,0,0,,none,No disclosure restriction identified.
MORT-BURDEN-001,mort_2026_07,monthly,2020_m01,2020-01-01,2020,1,,1,all_cvd,all,all,primary_clear_likely,death_certificate,monthly_count,34,34,count,34,,,final,bnr_sdc_v1,6,0,0,0,0,,none,No disclosure restriction identified.
MORT-BURDEN-001,mort_2026_07,monthly,2020_m01,2020-01-01,2020,1,,1,all_cvd,all,all,upper_clear_likely_possible,death_certificate,monthly_count,52,52,count,52,,,final,bnr_sdc_v1,6,0,0,0,0,,none,No disclosure restriction identified.
MORT-BURDEN-001,mort_2026_07,monthly,2020_m02,2020-02-01,2020,2,,1,all_cvd,all,all,primary_clear_likely,death_certificate,monthly_count,46,46,count,46,,,final,bnr_sdc_v1,6,0,0,0,0,,none,No disclosure restriction identified.
MORT-BURDEN-001,mort_2026_07,monthly,2020_m02,2020-02-01,2020,2,,1,all_cvd,all,all,upper_clear_likely_possible,death_certificate,monthly_count,58,58,count,58,,,final,bnr_sdc_v1,6,0,0,0,0,,none,No disclosure restriction identified.
MORT-BURDEN-001,mort_2026_07,monthly,2020_m03,2020-03-01,2020,3,,1,all_cvd,all,all,primary_clear_likely,death_certificate,monthly_count,37,37,count,37,,,final,bnr_sdc_v1,6,0,0,0,0,,none,No disclosure restriction identified.
MORT-BURDEN-001,mort_2026_07,monthly,2020_m03,2020-03-01,2020,3,,1,all_cvd,all,all,upper_clear_likely_possible,death_certificate,monthly_count,52,52,count,52,,,final,bnr_sdc_v1,6,0,0,0,0,,none,No disclosure restriction identified.
MORT-BURDEN-001,mort_2026_07,monthly,2020_m04,2020-04-01,2020,4,,1,all_cvd,all,all,primary_clear_likely,death_certificate,monthly_count,27,27,count,27,,,final,bnr_sdc_v1,6,0,0,0,0,,none,No disclosure restriction identified.
MORT-BURDEN-001,mort_2026_07,monthly,2020_m04,2020-04-01,2020,4,,1,all_cvd,all,all,upper_clear_likely_possible,death_certificate,monthly_count,43,43,count,43,,,final,bnr_sdc_v1,6,0,0,0,0,,none,No disclosure restriction identified.
MORT-BURDEN-001,mort_2026_07,monthly,2020_m05,2020-05-01,2020,5,,1,all_cvd,all,all,primary_clear_likely,death_certificate,monthly_count,26,26,count,26,,,final,bnr_sdc_v1,6,0,0,0,0,,none,No disclosure restriction identified.
MORT-BURDEN-001,mort_2026_07,monthly,2020_m05,2020-05-01,2020,5,,1,all_cvd,all,all,upper_clear_likely_possible,death_certificate,monthly_count,46,46,count,46,,,final,bnr_sdc_v1,6,0,0,0,0,,none,No disclosure restriction identified.
MORT-BURDEN-001,mort_2026_07,monthly,2020_m06,2020-06-01,2020,6,,1,all_cvd,all,all,primary_clear_likely,death_certificate,monthly_count,28,28,count,28,,,final,bnr_sdc_v1,6,0,0,0,0,,none,No disclosure restriction identified.
MORT-BURDEN-001,mort_2026_07,monthly,2020_m06,2020-06-01,2020,6,,1,all_cvd,all,all,upper_clear_likely_possible,death_certificate,monthly_count,39,39,count,39,,,final,bnr_sdc_v1,6,0,0,0,0,,none,No disclosure restriction identified.
MORT-BURDEN-001,mort_2026_07,monthly,2020_m07,2020-07-01,2020,7,,1,all_cvd,all,all,primary_clear_likely,death_certificate,monthly_count,25,25,count,25,,,final,bnr_sdc_v1,6,0,0,0,0,,none,No disclosure restriction identified.
MORT-BURDEN-001,mort_2026_07,monthly,2020_m07,2020-07-01,2020,7,,1,all_cvd,all,all,upper_clear_likely_possible,death_certificate,monthly_count,48,48,count,48,,,final,bnr_sdc_v1,6,0,0,0,0,,none,No disclosure restriction identified.
MORT-BURDEN-001,mort_2026_07,monthly,2020_m08,2020-08-01,2020,8,,1,all_cvd,all,all,primary_clear_likely,death_certificate,monthly_count,26,26,count,26,,,final,bnr_sdc_v1,6,0,0,0,0,,none,No disclosure restriction identified.
MORT-BURDEN-001,mort_2026_07,monthly,2020_m08,2020-08-01,2020,8,,1,all_cvd,all,all,upper_clear_likely_possible,death_certificate,monthly_count,41,41,count,41,,,final,bnr_sdc_v1,6,0,0,0,0,,none,No disclosure restriction identified.
MORT-BURDEN-001,mort_2026_07,monthly,2020_m09,2020-09-01,2020,9,,1,all_cvd,all,all,primary_clear_likely,death_certificate,monthly_count,39,39,count,39,,,final,bnr_sdc_v1,6,0,0,0,0,,none,No disclosure restriction identified.
MORT-BURDEN-001,mort_2026_07,monthly,2020_m09,2020-09-01,2020,9,,1,all_cvd,all,all,upper_clear_likely_possible,death_certificate,monthly_count,56,56,count,56,,,final,bnr_sdc_v1,6,0,0,0,0,,none,No disclosure restriction identified.
MORT-BURDEN-001,mort_2026_07,monthly,2020_m10,2020-10-01,2020,10,,1,all_cvd,all,all,primary_clear_likely,death_certificate,monthly_count,23,23,count,23,,,final,bnr_sdc_v1,6,0,0,0,0,,none,No disclosure restriction identified.
MORT-BURDEN-001,mort_2026_07,monthly,2020_m10,2020-10-01,2020,10,,1,all_cvd,all,all,upper_clear_likely_possible,death_certificate,monthly_count,35,35,count,35,,,final,bnr_sdc_v1,6,0,0,0,0,,none,No disclosure restriction identified.
MORT-BURDEN-001,mort_2026_07,monthly,2020_m11,2020-11-01,2020,11,,1,all_cvd,all,all,primary_clear_likely,death_certificate,monthly_count,22,22,count,22,,,final,bnr_sdc_v1,6,0,0,0,0,,none,No disclosure restriction identified.
MORT-BURDEN-001,mort_2026_07,monthly,2020_m11,2020-11-01,2020,11,,1,all_cvd,all,all,upper_clear_likely_possible,death_certificate,monthly_count,29,29,count,29,,,final,bnr_sdc_v1,6,0,0,0,0,,none,No disclosure restriction identified.
MORT-BURDEN-001,mort_2026_07,monthly,2020_m12,2020-12-01,2020,12,,1,all_cvd,all,all,primary_clear_likely,death_certificate,monthly_count,34,34,count,34,,,final,bnr_sdc_v1,6,0,0,0,0,,none,No disclosure restriction identified.
MORT-BURDEN-001,mort_2026_07,monthly,2020_m12,2020-12-01,2020,12,,1,all_cvd,all,all,upper_clear_likely_possible,death_certificate,monthly_count,52,52,count,52,,,final,bnr_sdc_v1,6,0,0,0,0,,none,No disclosure restriction identified.
MORT-BURDEN-001,mort_2026_07,monthly,2021_m01,2021-01-01,2021,1,,1,all_cvd,all,all,primary_clear_likely,death_certificate,monthly_count,33,33,count,33,,,final,bnr_sdc_v1,6,0,0,0,0,,none,No disclosure restriction identified.
MORT-BURDEN-001,mort_2026_07,monthly,2021_m01,2021-01-01,2021,1,,1,all_cvd,all,all,upper_clear_likely_possible,death_certificate,monthly_count,46,46,count,46,,,final,bnr_sdc_v1,6,0,0,0,0,,none,No disclosure restriction identified.
MORT-BURDEN-001,mort_2026_07,monthly,2021_m02,2021-02-01,2021,2,,1,all_cvd,all,all,primary_clear_likely,death_certificate,monthly_count,33,33,count,33,,,final,bnr_sdc_v1,6,0,0,0,0,,none,No disclosure restriction identified.
MORT-BURDEN-001,mort_2026_07,monthly,2021_m02,2021-02-01,2021,2,,1,all_cvd,all,all,upper_clear_likely_possible,death_certificate,monthly_count,42,42,count,42,,,final,bnr_sdc_v1,6,0,0,0,0,,none,No disclosure restriction identified.
MORT-BURDEN-001,mort_2026_07,monthly,2021_m03,2021-03-01,2021,3,,1,all_cvd,all,all,primary_clear_likely,death_certificate,monthly_count,20,20,count,20,,,final,bnr_sdc_v1,6,0,0,0,0,,none,No disclosure restriction identified.
MORT-BURDEN-001,mort_2026_07,monthly,2021_m03,2021-03-01,2021,3,,1,all_cvd,all,all,upper_clear_likely_possible,death_certificate,monthly_count,32,32,count,32,,,final,bnr_sdc_v1,6,0,0,0,0,,none,No disclosure restriction identified.
MORT-BURDEN-001,mort_2026_07,monthly,2021_m04,2021-04-01,2021,4,,1,all_cvd,all,all,primary_clear_likely,death_certificate,monthly_count,30,30,count,30,,,final,bnr_sdc_v1,6,0,0,0,0,,none,No disclosure restriction identified.
MORT-BURDEN-001,mort_2026_07,monthly,2021_m04,2021-04-01,2021,4,,1,all_cvd,all,all,upper_clear_likely_possible,death_certificate,monthly_count,38,38,count,38,,,final,bnr_sdc_v1,6,0,0,0,0,,none,No disclosure restriction identified.
MORT-BURDEN-001,mort_2026_07,monthly,2021_m05,2021-05-01,2021,5,,1,all_cvd,all,all,primary_clear_likely,death_certificate,monthly_count,30,30,count,30,,,final,bnr_sdc_v1,6,0,0,0,0,,none,No disclosure restriction identified.
MORT-BURDEN-001,mort_2026_07,monthly,2021_m05,2021-05-01,2021,5,,1,all_cvd,all,all,upper_clear_likely_possible,death_certificate,monthly_count,49,49,count,49,,,final,bnr_sdc_v1,6,0,0,0,0,,none,No disclosure restriction identified.
MORT-BURDEN-001,mort_2026_07,monthly,2021_m06,2021-06-01,2021,6,,1,all_cvd,all,all,primary_clear_likely,death_certificate,monthly_count,20,20,count,20,,,final,bnr_sdc_v1,6,0,0,0,0,,none,No disclosure restriction identified.
MORT-BURDEN-001,mort_2026_07,monthly,2021_m06,2021-06-01,2021,6,,1,all_cvd,all,all,upper_clear_likely_possible,death_certificate,monthly_count,26,26,count,26,,,final,bnr_sdc_v1,6,0,0,0,0,,none,No disclosure restriction identified.
MORT-BURDEN-001,mort_2026_07,monthly,2021_m07,2021-07-01,2021,7,,1,all_cvd,all,all,primary_clear_likely,death_certificate,monthly_count,30,30,count,30,,,final,bnr_sdc_v1,6,0,0,0,0,,none,No disclosure restriction identified.
MORT-BURDEN-001,mort_2026_07,monthly,2021_m07,2021-07-01,2021,7,,1,all_cvd,all,all,upper_clear_likely_possible,death_certificate,monthly_count,51,51,count,51,,,final,bnr_sdc_v1,6,0,0,0,0,,none,No disclosure restriction identified.
MORT-BURDEN-001,mort_2026_07,monthly,2021_m08,2021-08-01,2021,8,,1,all_cvd,all,all,primary_clear_likely,death_certificate,monthly_count,34,34,count,34,,,final,bnr_sdc_v1,6,0,0,0,0,,none,No disclosure restriction identified.
MORT-BURDEN-001,mort_2026_07,monthly,2021_m08,2021-08-01,2021,8,,1,all_cvd,all,all,upper_clear_likely_possible,death_certificate,monthly_count,49,49,count,49,,,final,bnr_sdc_v1,6,0,0,0,0,,none,No disclosure restriction identified.
MORT-BURDEN-001,mort_2026_07,monthly,2021_m09,2021-09-01,2021,9,,1,all_cvd,all,all,primary_clear_likely,death_certificate,monthly_count,44,44,count,44,,,final,bnr_sdc_v1,6,0,0,0,0,,none,No disclosure restriction identified.
MORT-BURDEN-001,mort_2026_07,monthly,2021_m09,2021-09-01,2021,9,,1,all_cvd,all,all,upper_clear_likely_possible,death_certificate,monthly_count,60,60,count,60,,,final,bnr_sdc_v1,6,0,0,0,0,,none,No disclosure restriction identified.
MORT-BURDEN-001,mort_2026_07,monthly,2021_m10,2021-10-01,2021,10,,1,all_cvd,all,all,primary_clear_likely,death_certificate,monthly_count,34,34,count,34,,,final,bnr_sdc_v1,6,0,0,0,0,,none,No disclosure restriction identified.
MORT-BURDEN-001,mort_2026_07,monthly,2021_m10,2021-10-01,2021,10,,1,all_cvd,all,all,upper_clear_likely_possible,death_certificate,monthly_count,54,54,count,54,,,final,bnr_sdc_v1,6,0,0,0,0,,none,No disclosure restriction identified.
MORT-BURDEN-001,mort_2026_07,monthly,2021_m11,2021-11-01,2021,11,,1,all_cvd,all,all,primary_clear_likely,death_certificate,monthly_count,36,36,count,36,,,final,bnr_sdc_v1,6,0,0,0,0,,none,No disclosure restriction identified.
MORT-BURDEN-001,mort_2026_07,monthly,2021_m11,2021-11-01,2021,11,,1,all_cvd,all,all,upper_clear_likely_possible,death_certificate,monthly_count,50,50,count,50,,,final,bnr_sdc_v1,6,0,0,0,0,,none,No disclosure restriction identified.
MORT-BURDEN-001,mort_2026_07,monthly,2021_m12,2021-12-01,2021,12,,1,all_cvd,all,all,primary_clear_likely,death_certificate,monthly_count,25,25,count,25,,,final,bnr_sdc_v1,6,0,0,0,0,,none,No disclosure restriction identified.
MORT-BURDEN-001,mort_2026_07,monthly,2021_m12,2021-12-01,2021,12,,1,all_cvd,all,all,upper_clear_likely_possible,death_certificate,monthly_count,35,35,count,35,,,final,bnr_sdc_v1,6,0,0,0,0,,none,No disclosure restriction identified.
MORT-BURDEN-001,mort_2026_07,monthly,2022_m01,2022-01-01,2022,1,,1,all_cvd,all,all,primary_clear_likely,death_certificate,monthly_count,41,41,count,41,,,final,bnr_sdc_v1,6,0,0,0,0,,none,No disclosure restriction identified.
MORT-BURDEN-001,mort_2026_07,monthly,2022_m01,2022-01-01,2022,1,,1,all_cvd,all,all,upper_clear_likely_possible,death_certificate,monthly_count,62,62,count,62,,,final,bnr_sdc_v1,6,0,0,0,0,,none,No disclosure restriction identified.
MORT-BURDEN-001,mort_2026_07,monthly,2022_m02,2022-02-01,2022,2,,1,all_cvd,all,all,primary_clear_likely,death_certificate,monthly_count,52,52,count,52,,,final,bnr_sdc_v1,6,0,0,0,0,,none,No disclosure restriction identified.
MORT-BURDEN-001,mort_2026_07,monthly,2022_m02,2022-02-01,2022,2,,1,all_cvd,all,all,upper_clear_likely_possible,death_certificate,monthly_count,71,71,count,71,,,final,bnr_sdc_v1,6,0,0,0,0,,none,No disclosure restriction identified.
MORT-BURDEN-001,mort_2026_07,monthly,2022_m03,2022-03-01,2022,3,,1,all_cvd,all,all,primary_clear_likely,death_certificate,monthly_count,33,33,count,33,,,final,bnr_sdc_v1,6,0,0,0,0,,none,No disclosure restriction identified.
MORT-BURDEN-001,mort_2026_07,monthly,2022_m03,2022-03-01,2022,3,,1,all_cvd,all,all,upper_clear_likely_possible,death_certificate,monthly_count,47,47,count,47,,,final,bnr_sdc_v1,6,0,0,0,0,,none,No disclosure restriction identified.
MORT-BURDEN-001,mort_2026_07,monthly,2022_m04,2022-04-01,2022,4,,1,all_cvd,all,all,primary_clear_likely,death_certificate,monthly_count,38,38,count,38,,,final,bnr_sdc_v1,6,0,0,0,0,,none,No disclosure restriction identified.
MORT-BURDEN-001,mort_2026_07,monthly,2022_m04,2022-04-01,2022,4,,1,all_cvd,all,all,upper_clear_likely_possible,death_certificate,monthly_count,49,49,count,49,,,final,bnr_sdc_v1,6,0,0,0,0,,none,No disclosure restriction identified.
MORT-BURDEN-001,mort_2026_07,monthly,2022_m05,2022-05-01,2022,5,,1,all_cvd,all,all,primary_clear_likely,death_certificate,monthly_count,27,27,count,27,,,final,bnr_sdc_v1,6,0,0,0,0,,none,No disclosure restriction identified.
MORT-BURDEN-001,mort_2026_07,monthly,2022_m05,2022-05-01,2022,5,,1,all_cvd,all,all,upper_clear_likely_possible,death_certificate,monthly_count,36,36,count,36,,,final,bnr_sdc_v1,6,0,0,0,0,,none,No disclosure restriction identified.
MORT-BURDEN-001,mort_2026_07,monthly,2022_m06,2022-06-01,2022,6,,1,all_cvd,all,all,primary_clear_likely,death_certificate,monthly_count,33,33,count,33,,,final,bnr_sdc_v1,6,0,0,0,0,,none,No disclosure restriction identified.
MORT-BURDEN-001,mort_2026_07,monthly,2022_m06,2022-06-01,2022,6,,1,all_cvd,all,all,upper_clear_likely_possible,death_certificate,monthly_count,48,48,count,48,,,final,bnr_sdc_v1,6,0,0,0,0,,none,No disclosure restriction identified.
MORT-BURDEN-001,mort_2026_07,monthly,2022_m07,2022-07-01,2022,7,,1,all_cvd,all,all,primary_clear_likely,death_certificate,monthly_count,42,42,count,42,,,final,bnr_sdc_v1,6,0,0,0,0,,none,No disclosure restriction identified.
MORT-BURDEN-001,mort_2026_07,monthly,2022_m07,2022-07-01,2022,7,,1,all_cvd,all,all,upper_clear_likely_possible,death_certificate,monthly_count,60,60,count,60,,,final,bnr_sdc_v1,6,0,0,0,0,,none,No disclosure restriction identified.
MORT-BURDEN-001,mort_2026_07,monthly,2022_m08,2022-08-01,2022,8,,1,all_cvd,all,all,primary_clear_likely,death_certificate,monthly_count,32,32,count,32,,,final,bnr_sdc_v1,6,0,0,0,0,,none,No disclosure restriction identified.
MORT-BURDEN-001,mort_2026_07,monthly,2022_m08,2022-08-01,2022,8,,1,all_cvd,all,all,upper_clear_likely_possible,death_certificate,monthly_count,51,51,count,51,,,final,bnr_sdc_v1,6,0,0,0,0,,none,No disclosure restriction identified.
MORT-BURDEN-001,mort_2026_07,monthly,2022_m09,2022-09-01,2022,9,,1,all_cvd,all,all,primary_clear_likely,death_certificate,monthly_count,27,27,count,27,,,final,bnr_sdc_v1,6,0,0,0,0,,none,No disclosure restriction identified.
MORT-BURDEN-001,mort_2026_07,monthly,2022_m09,2022-09-01,2022,9,,1,all_cvd,all,all,upper_clear_likely_possible,death_certificate,monthly_count,38,38,count,38,,,final,bnr_sdc_v1,6,0,0,0,0,,none,No disclosure restriction identified.
MORT-BURDEN-001,mort_2026_07,monthly,2022_m10,2022-10-01,2022,10,,1,all_cvd,all,all,primary_clear_likely,death_certificate,monthly_count,31,31,count,31,,,final,bnr_sdc_v1,6,0,0,0,0,,none,No disclosure restriction identified.
MORT-BURDEN-001,mort_2026_07,monthly,2022_m10,2022-10-01,2022,10,,1,all_cvd,all,all,upper_clear_likely_possible,death_certificate,monthly_count,48,48,count,48,,,final,bnr_sdc_v1,6,0,0,0,0,,none,No disclosure restriction identified.
MORT-BURDEN-001,mort_2026_07,monthly,2022_m11,2022-11-01,2022,11,,1,all_cvd,all,all,primary_clear_likely,death_certificate,monthly_count,35,35,count,35,,,final,bnr_sdc_v1,6,0,0,0,0,,none,No disclosure restriction identified.
MORT-BURDEN-001,mort_2026_07,monthly,2022_m11,2022-11-01,2022,11,,1,all_cvd,all,all,upper_clear_likely_possible,death_certificate,monthly_count,52,52,count,52,,,final,bnr_sdc_v1,6,0,0,0,0,,none,No disclosure restriction identified.
MORT-BURDEN-001,mort_2026_07,monthly,2022_m12,2022-12-01,2022,12,,1,all_cvd,all,all,primary_clear_likely,death_certificate,monthly_count,35,35,count,35,,,final,bnr_sdc_v1,6,0,0,0,0,,none,No disclosure restriction identified.
MORT-BURDEN-001,mort_2026_07,monthly,2022_m12,2022-12-01,2022,12,,1,all_cvd,all,all,upper_clear_likely_possible,death_certificate,monthly_count,50,50,count,50,,,final,bnr_sdc_v1,6,0,0,0,0,,none,No disclosure restriction identified.
MORT-BURDEN-001,mort_2026_07,monthly,2023_m01,2023-01-01,2023,1,,1,all_cvd,all,all,primary_clear_likely,death_certificate,monthly_count,44,44,count,44,,,final,bnr_sdc_v1,6,0,0,0,0,,none,No disclosure restriction identified.
MORT-BURDEN-001,mort_2026_07,monthly,2023_m01,2023-01-01,2023,1,,1,all_cvd,all,all,upper_clear_likely_possible,death_certificate,monthly_count,71,71,count,71,,,final,bnr_sdc_v1,6,0,0,0,0,,none,No disclosure restriction identified.
MORT-BURDEN-001,mort_2026_07,monthly,2023_m02,2023-02-01,2023,2,,1,all_cvd,all,all,primary_clear_likely,death_certificate,monthly_count,41,41,count,41,,,final,bnr_sdc_v1,6,0,0,0,0,,none,No disclosure restriction identified.
MORT-BURDEN-001,mort_2026_07,monthly,2023_m02,2023-02-01,2023,2,,1,all_cvd,all,all,upper_clear_likely_possible,death_certificate,monthly_count,58,58,count,58,,,final,bnr_sdc_v1,6,0,0,0,0,,none,No disclosure restriction identified.
MORT-BURDEN-001,mort_2026_07,monthly,2023_m03,2023-03-01,2023,3,,1,all_cvd,all,all,primary_clear_likely,death_certificate,monthly_count,44,44,count,44,,,final,bnr_sdc_v1,6,0,0,0,0,,none,No disclosure restriction identified.
MORT-BURDEN-001,mort_2026_07,monthly,2023_m03,2023-03-01,2023,3,,1,all_cvd,all,all,upper_clear_likely_possible,death_certificate,monthly_count,65,65,count,65,,,final,bnr_sdc_v1,6,0,0,0,0,,none,No disclosure restriction identified.
MORT-BURDEN-001,mort_2026_07,monthly,2023_m04,2023-04-01,2023,4,,1,all_cvd,all,all,primary_clear_likely,death_certificate,monthly_count,30,30,count,30,,,final,bnr_sdc_v1,6,0,0,0,0,,none,No disclosure restriction identified.
MORT-BURDEN-001,mort_2026_07,monthly,2023_m04,2023-04-01,2023,4,,1,all_cvd,all,all,upper_clear_likely_possible,death_certificate,monthly_count,45,45,count,45,,,final,bnr_sdc_v1,6,0,0,0,0,,none,No disclosure restriction identified.
MORT-BURDEN-001,mort_2026_07,monthly,2023_m05,2023-05-01,2023,5,,1,all_cvd,all,all,primary_clear_likely,death_certificate,monthly_count,33,33,count,33,,,final,bnr_sdc_v1,6,0,0,0,0,,none,No disclosure restriction identified.
MORT-BURDEN-001,mort_2026_07,monthly,2023_m05,2023-05-01,2023,5,,1,all_cvd,all,all,upper_clear_likely_possible,death_certificate,monthly_count,62,62,count,62,,,final,bnr_sdc_v1,6,0,0,0,0,,none,No disclosure restriction identified.
MORT-BURDEN-001,mort_2026_07,monthly,2023_m06,2023-06-01,2023,6,,1,all_cvd,all,all,primary_clear_likely,death_certificate,monthly_count,40,40,count,40,,,final,bnr_sdc_v1,6,0,0,0,0,,none,No disclosure restriction identified.
MORT-BURDEN-001,mort_2026_07,monthly,2023_m06,2023-06-01,2023,6,,1,all_cvd,all,all,upper_clear_likely_possible,death_certificate,monthly_count,52,52,count,52,,,final,bnr_sdc_v1,6,0,0,0,0,,none,No disclosure restriction identified.
MORT-BURDEN-001,mort_2026_07,monthly,2023_m07,2023-07-01,2023,7,,1,all_cvd,all,all,primary_clear_likely,death_certificate,monthly_count,30,30,count,30,,,final,bnr_sdc_v1,6,0,0,0,0,,none,No disclosure restriction identified.
MORT-BURDEN-001,mort_2026_07,monthly,2023_m07,2023-07-01,2023,7,,1,all_cvd,all,all,upper_clear_likely_possible,death_certificate,monthly_count,42,42,count,42,,,final,bnr_sdc_v1,6,0,0,0,0,,none,No disclosure restriction identified.
MORT-BURDEN-001,mort_2026_07,monthly,2023_m08,2023-08-01,2023,8,,1,all_cvd,all,all,primary_clear_likely,death_certificate,monthly_count,47,47,count,47,,,final,bnr_sdc_v1,6,0,0,0,0,,none,No disclosure restriction identified.
MORT-BURDEN-001,mort_2026_07,monthly,2023_m08,2023-08-01,2023,8,,1,all_cvd,all,all,upper_clear_likely_possible,death_certificate,monthly_count,56,56,count,56,,,final,bnr_sdc_v1,6,0,0,0,0,,none,No disclosure restriction identified.
MORT-BURDEN-001,mort_2026_07,monthly,2023_m09,2023-09-01,2023,9,,1,all_cvd,all,all,primary_clear_likely,death_certificate,monthly_count,40,40,count,40,,,final,bnr_sdc_v1,6,0,0,0,0,,none,No disclosure restriction identified.
MORT-BURDEN-001,mort_2026_07,monthly,2023_m09,2023-09-01,2023,9,,1,all_cvd,all,all,upper_clear_likely_possible,death_certificate,monthly_count,57,57,count,57,,,final,bnr_sdc_v1,6,0,0,0,0,,none,No disclosure restriction identified.
MORT-BURDEN-001,mort_2026_07,monthly,2023_m10,2023-10-01,2023,10,,1,all_cvd,all,all,primary_clear_likely,death_certificate,monthly_count,32,32,count,32,,,final,bnr_sdc_v1,6,0,0,0,0,,none,No disclosure restriction identified.
MORT-BURDEN-001,mort_2026_07,monthly,2023_m10,2023-10-01,2023,10,,1,all_cvd,all,all,upper_clear_likely_possible,death_certificate,monthly_count,52,52,count,52,,,final,bnr_sdc_v1,6,0,0,0,0,,none,No disclosure restriction identified.
MORT-BURDEN-001,mort_2026_07,monthly,2023_m11,2023-11-01,2023,11,,1,all_cvd,all,all,primary_clear_likely,death_certificate,monthly_count,22,22,count,22,,,final,bnr_sdc_v1,6,0,0,0,0,,none,No disclosure restriction identified.
MORT-BURDEN-001,mort_2026_07,monthly,2023_m11,2023-11-01,2023,11,,1,all_cvd,all,all,upper_clear_likely_possible,death_certificate,monthly_count,39,39,count,39,,,final,bnr_sdc_v1,6,0,0,0,0,,none,No disclosure restriction identified.
MORT-BURDEN-001,mort_2026_07,monthly,2023_m12,2023-12-01,2023,12,,1,all_cvd,all,all,primary_clear_likely,death_certificate,monthly_count,41,41,count,41,,,final,bnr_sdc_v1,6,0,0,0,0,,none,No disclosure restriction identified.
MORT-BURDEN-001,mort_2026_07,monthly,2023_m12,2023-12-01,2023,12,,1,all_cvd,all,all,upper_clear_likely_possible,death_certificate,monthly_count,56,56,count,56,,,final,bnr_sdc_v1,6,0,0,0,0,,none,No disclosure restriction identified.
MORT-BURDEN-001,mort_2026_07,monthly,2024_m01,2024-01-01,2024,1,,1,all_cvd,all,all,primary_clear_likely,death_certificate,monthly_count,48,48,count,48,,,final,bnr_sdc_v1,6,0,0,0,0,,none,No disclosure restriction identified.
MORT-BURDEN-001,mort_2026_07,monthly,2024_m01,2024-01-01,2024,1,,1,all_cvd,all,all,upper_clear_likely_possible,death_certificate,monthly_count,65,65,count,65,,,final,bnr_sdc_v1,6,0,0,0,0,,none,No disclosure restriction identified.
MORT-BURDEN-001,mort_2026_07,monthly,2024_m02,2024-02-01,2024,2,,1,all_cvd,all,all,primary_clear_likely,death_certificate,monthly_count,25,25,count,25,,,final,bnr_sdc_v1,6,0,0,0,0,,none,No disclosure restriction identified.
MORT-BURDEN-001,mort_2026_07,monthly,2024_m02,2024-02-01,2024,2,,1,all_cvd,all,all,upper_clear_likely_possible,death_certificate,monthly_count,40,40,count,40,,,final,bnr_sdc_v1,6,0,0,0,0,,none,No disclosure restriction identified.
MORT-BURDEN-001,mort_2026_07,monthly,2024_m03,2024-03-01,2024,3,,1,all_cvd,all,all,primary_clear_likely,death_certificate,monthly_count,30,30,count,30,,,final,bnr_sdc_v1,6,0,0,0,0,,none,No disclosure restriction identified.
MORT-BURDEN-001,mort_2026_07,monthly,2024_m03,2024-03-01,2024,3,,1,all_cvd,all,all,upper_clear_likely_possible,death_certificate,monthly_count,47,47,count,47,,,final,bnr_sdc_v1,6,0,0,0,0,,none,No disclosure restriction identified.
MORT-BURDEN-001,mort_2026_07,monthly,2024_m04,2024-04-01,2024,4,,1,all_cvd,all,all,primary_clear_likely,death_certificate,monthly_count,23,23,count,23,,,final,bnr_sdc_v1,6,0,0,0,0,,none,No disclosure restriction identified.
MORT-BURDEN-001,mort_2026_07,monthly,2024_m04,2024-04-01,2024,4,,1,all_cvd,all,all,upper_clear_likely_possible,death_certificate,monthly_count,42,42,count,42,,,final,bnr_sdc_v1,6,0,0,0,0,,none,No disclosure restriction identified.
MORT-BURDEN-001,mort_2026_07,monthly,2024_m05,2024-05-01,2024,5,,1,all_cvd,all,all,primary_clear_likely,death_certificate,monthly_count,27,27,count,27,,,final,bnr_sdc_v1,6,0,0,0,0,,none,No disclosure restriction identified.
MORT-BURDEN-001,mort_2026_07,monthly,2024_m05,2024-05-01,2024,5,,1,all_cvd,all,all,upper_clear_likely_possible,death_certificate,monthly_count,43,43,count,43,,,final,bnr_sdc_v1,6,0,0,0,0,,none,No disclosure restriction identified.
MORT-BURDEN-001,mort_2026_07,monthly,2024_m06,2024-06-01,2024,6,,1,all_cvd,all,all,primary_clear_likely,death_certificate,monthly_count,25,25,count,25,,,final,bnr_sdc_v1,6,0,0,0,0,,none,No disclosure restriction identified.
MORT-BURDEN-001,mort_2026_07,monthly,2024_m06,2024-06-01,2024,6,,1,all_cvd,all,all,upper_clear_likely_possible,death_certificate,monthly_count,41,41,count,41,,,final,bnr_sdc_v1,6,0,0,0,0,,none,No disclosure restriction identified.
MORT-BURDEN-001,mort_2026_07,monthly,2024_m07,2024-07-01,2024,7,,1,all_cvd,all,all,primary_clear_likely,death_certificate,monthly_count,28,28,count,28,,,final,bnr_sdc_v1,6,0,0,0,0,,none,No disclosure restriction identified.
MORT-BURDEN-001,mort_2026_07,monthly,2024_m07,2024-07-01,2024,7,,1,all_cvd,all,all,upper_clear_likely_possible,death_certificate,monthly_count,37,37,count,37,,,final,bnr_sdc_v1,6,0,0,0,0,,none,No disclosure restriction identified.
MORT-BURDEN-001,mort_2026_07,monthly,2024_m08,2024-08-01,2024,8,,1,all_cvd,all,all,primary_clear_likely,death_certificate,monthly_count,32,32,count,32,,,final,bnr_sdc_v1,6,0,0,0,0,,none,No disclosure restriction identified.
MORT-BURDEN-001,mort_2026_07,monthly,2024_m08,2024-08-01,2024,8,,1,all_cvd,all,all,upper_clear_likely_possible,death_certificate,monthly_count,60,60,count,60,,,final,bnr_sdc_v1,6,0,0,0,0,,none,No disclosure restriction identified.
MORT-BURDEN-001,mort_2026_07,monthly,2024_m09,2024-09-01,2024,9,,1,all_cvd,all,all,primary_clear_likely,death_certificate,monthly_count,39,39,count,39,,,final,bnr_sdc_v1,6,0,0,0,0,,none,No disclosure restriction identified.
MORT-BURDEN-001,mort_2026_07,monthly,2024_m09,2024-09-01,2024,9,,1,all_cvd,all,all,upper_clear_likely_possible,death_certificate,monthly_count,59,59,count,59,,,final,bnr_sdc_v1,6,0,0,0,0,,none,No disclosure restriction identified.
MORT-BURDEN-001,mort_2026_07,monthly,2024_m10,2024-10-01,2024,10,,1,all_cvd,all,all,primary_clear_likely,death_certificate,monthly_count,27,27,count,27,,,final,bnr_sdc_v1,6,0,0,0,0,,none,No disclosure restriction identified.
MORT-BURDEN-001,mort_2026_07,monthly,2024_m10,2024-10-01,2024,10,,1,all_cvd,all,all,upper_clear_likely_possible,death_certificate,monthly_count,43,43,count,43,,,final,bnr_sdc_v1,6,0,0,0,0,,none,No disclosure restriction identified.
MORT-BURDEN-001,mort_2026_07,monthly,2024_m11,2024-11-01,2024,11,,1,all_cvd,all,all,primary_clear_likely,death_certificate,monthly_count,27,27,count,27,,,final,bnr_sdc_v1,6,0,0,0,0,,none,No disclosure restriction identified.
MORT-BURDEN-001,mort_2026_07,monthly,2024_m11,2024-11-01,2024,11,,1,all_cvd,all,all,upper_clear_likely_possible,death_certificate,monthly_count,40,40,count,40,,,final,bnr_sdc_v1,6,0,0,0,0,,none,No disclosure restriction identified.
MORT-BURDEN-001,mort_2026_07,monthly,2024_m12,2024-12-01,2024,12,,1,all_cvd,all,all,primary_clear_likely,death_certificate,monthly_count,34,34,count,34,,,final,bnr_sdc_v1,6,0,0,0,0,,none,No disclosure restriction identified.
MORT-BURDEN-001,mort_2026_07,monthly,2024_m12,2024-12-01,2024,12,,1,all_cvd,all,all,upper_clear_likely_possible,death_certificate,monthly_count,51,51,count,51,,,final,bnr_sdc_v1,6,0,0,0,0,,none,No disclosure restriction identified.
MORT-BURDEN-001,mort_2026_07,monthly,2025_m01,2025-01-01,2025,1,,1,all_cvd,all,all,primary_clear_likely,death_certificate,monthly_count,37,37,count,37,,,final,bnr_sdc_v1,6,0,0,0,0,,none,No disclosure restriction identified.
MORT-BURDEN-001,mort_2026_07,monthly,2025_m01,2025-01-01,2025,1,,1,all_cvd,all,all,upper_clear_likely_possible,death_certificate,monthly_count,58,58,count,58,,,final,bnr_sdc_v1,6,0,0,0,0,,none,No disclosure restriction identified.
MORT-BURDEN-001,mort_2026_07,monthly,2025_m02,2025-02-01,2025,2,,1,all_cvd,all,all,primary_clear_likely,death_certificate,monthly_count,34,34,count,34,,,final,bnr_sdc_v1,6,0,0,0,0,,none,No disclosure restriction identified.
MORT-BURDEN-001,mort_2026_07,monthly,2025_m02,2025-02-01,2025,2,,1,all_cvd,all,all,upper_clear_likely_possible,death_certificate,monthly_count,50,50,count,50,,,final,bnr_sdc_v1,6,0,0,0,0,,none,No disclosure restriction identified.
MORT-BURDEN-001,mort_2026_07,monthly,2025_m03,2025-03-01,2025,3,,1,all_cvd,all,all,primary_clear_likely,death_certificate,monthly_count,30,30,count,30,,,final,bnr_sdc_v1,6,0,0,0,0,,none,No disclosure restriction identified.
MORT-BURDEN-001,mort_2026_07,monthly,2025_m03,2025-03-01,2025,3,,1,all_cvd,all,all,upper_clear_likely_possible,death_certificate,monthly_count,41,41,count,41,,,final,bnr_sdc_v1,6,0,0,0,0,,none,No disclosure restriction identified.
MORT-BURDEN-001,mort_2026_07,monthly,2025_m04,2025-04-01,2025,4,,1,all_cvd,all,all,primary_clear_likely,death_certificate,monthly_count,29,29,count,29,,,final,bnr_sdc_v1,6,0,0,0,0,,none,No disclosure restriction identified.
MORT-BURDEN-001,mort_2026_07,monthly,2025_m04,2025-04-01,2025,4,,1,all_cvd,all,all,upper_clear_likely_possible,death_certificate,monthly_count,54,54,count,54,,,final,bnr_sdc_v1,6,0,0,0,0,,none,No disclosure restriction identified.
MORT-BURDEN-001,mort_2026_07,monthly,2025_m05,2025-05-01,2025,5,,1,all_cvd,all,all,primary_clear_likely,death_certificate,monthly_count,33,33,count,33,,,final,bnr_sdc_v1,6,0,0,0,0,,none,No disclosure restriction identified.
MORT-BURDEN-001,mort_2026_07,monthly,2025_m05,2025-05-01,2025,5,,1,all_cvd,all,all,upper_clear_likely_possible,death_certificate,monthly_count,50,50,count,50,,,final,bnr_sdc_v1,6,0,0,0,0,,none,No disclosure restriction identified.
MORT-BURDEN-001,mort_2026_07,monthly,2025_m06,2025-06-01,2025,6,,1,all_cvd,all,all,primary_clear_likely,death_certificate,monthly_count,30,30,count,30,,,final,bnr_sdc_v1,6,0,0,0,0,,none,No disclosure restriction identified.
MORT-BURDEN-001,mort_2026_07,monthly,2025_m06,2025-06-01,2025,6,,1,all_cvd,all,all,upper_clear_likely_possible,death_certificate,monthly_count,49,49,count,49,,,final,bnr_sdc_v1,6,0,0,0,0,,none,No disclosure restriction identified.
MORT-BURDEN-001,mort_2026_07,monthly,2025_m07,2025-07-01,2025,7,,1,all_cvd,all,all,primary_clear_likely,death_certificate,monthly_count,25,25,count,25,,,final,bnr_sdc_v1,6,0,0,0,0,,none,No disclosure restriction identified.
MORT-BURDEN-001,mort_2026_07,monthly,2025_m07,2025-07-01,2025,7,,1,all_cvd,all,all,upper_clear_likely_possible,death_certificate,monthly_count,36,36,count,36,,,final,bnr_sdc_v1,6,0,0,0,0,,none,No disclosure restriction identified.
MORT-BURDEN-001,mort_2026_07,monthly,2025_m08,2025-08-01,2025,8,,1,all_cvd,all,all,primary_clear_likely,death_certificate,monthly_count,25,25,count,25,,,final,bnr_sdc_v1,6,0,0,0,0,,none,No disclosure restriction identified.
MORT-BURDEN-001,mort_2026_07,monthly,2025_m08,2025-08-01,2025,8,,1,all_cvd,all,all,upper_clear_likely_possible,death_certificate,monthly_count,46,46,count,46,,,final,bnr_sdc_v1,6,0,0,0,0,,none,No disclosure restriction identified.
MORT-BURDEN-001,mort_2026_07,monthly,2025_m09,2025-09-01,2025,9,,1,all_cvd,all,all,primary_clear_likely,death_certificate,monthly_count,34,34,count,34,,,final,bnr_sdc_v1,6,0,0,0,0,,none,No disclosure restriction identified.
MORT-BURDEN-001,mort_2026_07,monthly,2025_m09,2025-09-01,2025,9,,1,all_cvd,all,all,upper_clear_likely_possible,death_certificate,monthly_count,50,50,count,50,,,final,bnr_sdc_v1,6,0,0,0,0,,none,No disclosure restriction identified.
MORT-BURDEN-001,mort_2026_07,monthly,2025_m10,2025-10-01,2025,10,,1,all_cvd,all,all,primary_clear_likely,death_certificate,monthly_count,31,31,count,31,,,final,bnr_sdc_v1,6,0,0,0,0,,none,No disclosure restriction identified.
MORT-BURDEN-001,mort_2026_07,monthly,2025_m10,2025-10-01,2025,10,,1,all_cvd,all,all,upper_clear_likely_possible,death_certificate,monthly_count,52,52,count,52,,,final,bnr_sdc_v1,6,0,0,0,0,,none,No disclosure restriction identified.
MORT-BURDEN-001,mort_2026_07,monthly,2025_m11,2025-11-01,2025,11,,1,all_cvd,all,all,primary_clear_likely,death_certificate,monthly_count,32,32,count,32,,,final,bnr_sdc_v1,6,0,0,0,0,,none,No disclosure restriction identified.
MORT-BURDEN-001,mort_2026_07,monthly,2025_m11,2025-11-01,2025,11,,1,all_cvd,all,all,upper_clear_likely_possible,death_certificate,monthly_count,53,53,count,53,,,final,bnr_sdc_v1,6,0,0,0,0,,none,No disclosure restriction identified.
MORT-BURDEN-001,mort_2026_07,monthly,2025_m12,2025-12-01,2025,12,,1,all_cvd,all,all,primary_clear_likely,death_certificate,monthly_count,28,28,count,28,,,final,bnr_sdc_v1,6,0,0,0,0,,none,No disclosure restriction identified.
MORT-BURDEN-001,mort_2026_07,monthly,2025_m12,2025-12-01,2025,12,,1,all_cvd,all,all,upper_clear_likely_possible,death_certificate,monthly_count,49,49,count,49,,,final,bnr_sdc_v1,6,0,0,0,0,,none,No disclosure restriction identified.
MORT-BURDEN-001,mort_2026_07,quarterly,2010_q1,2010-01-01,2010,1,1,1,all_cvd,all,all,primary_clear_likely,death_certificate,quarterly_count,116,116,count,116,,,final,bnr_sdc_v1,6,0,0,0,0,,none,No disclosure restriction identified.
MORT-BURDEN-001,mort_2026_07,quarterly,2010_q1,2010-01-01,2010,1,1,1,all_cvd,female,all,primary_clear_likely,death_certificate,quarterly_count,72,72,count,72,,,final,bnr_sdc_v1,6,0,0,0,0,,none,No disclosure restriction identified.
MORT-BURDEN-001,mort_2026_07,quarterly,2010_q1,2010-01-01,2010,1,1,1,all_cvd,male,all,primary_clear_likely,death_certificate,quarterly_count,44,44,count,44,,,final,bnr_sdc_v1,6,0,0,0,0,,none,No disclosure restriction identified.
MORT-BURDEN-001,mort_2026_07,quarterly,2010_q1,2010-01-01,2010,1,1,1,heart,all,all,primary_clear_likely,death_certificate,quarterly_count,45,45,count,45,,,final,bnr_sdc_v1,6,0,0,0,0,,none,No disclosure restriction identified.
MORT-BURDEN-001,mort_2026_07,quarterly,2010_q1,2010-01-01,2010,1,1,1,heart,female,all,primary_clear_likely,death_certificate,quarterly_count,29,29,count,29,,,final,bnr_sdc_v1,6,0,0,0,0,,none,No disclosure restriction identified.
MORT-BURDEN-001,mort_2026_07,quarterly,2010_q1,2010-01-01,2010,1,1,1,heart,male,all,primary_clear_likely,death_certificate,quarterly_count,16,16,count,16,,,final,bnr_sdc_v1,6,0,0,0,0,,none,No disclosure restriction identified.
MORT-BURDEN-001,mort_2026_07,quarterly,2010_q1,2010-01-01,2010,1,1,1,stroke,all,all,primary_clear_likely,death_certificate,quarterly_count,71,71,count,71,,,final,bnr_sdc_v1,6,0,0,0,0,,none,No disclosure restriction identified.
MORT-BURDEN-001,mort_2026_07,quarterly,2010_q1,2010-01-01,2010,1,1,1,stroke,female,all,primary_clear_likely,death_certificate,quarterly_count,43,43,count,43,,,final,bnr_sdc_v1,6,0,0,0,0,,none,No disclosure restriction identified.
MORT-BURDEN-001,mort_2026_07,quarterly,2010_q1,2010-01-01,2010,1,1,1,stroke,male,all,primary_clear_likely,death_certificate,quarterly_count,28,28,count,28,,,final,bnr_sdc_v1,6,0,0,0,0,,none,No disclosure restriction identified.
MORT-BURDEN-001,mort_2026_07,quarterly,2010_q1,2010-01-01,2010,1,1,1,all_cvd,all,all,upper_clear_likely_possible,death_certificate,quarterly_count,134,134,count,134,,,final,bnr_sdc_v1,6,0,0,0,0,,none,No disclosure restriction identified.
MORT-BURDEN-001,mort_2026_07,quarterly,2010_q1,2010-01-01,2010,1,1,1,all_cvd,female,all,upper_clear_likely_possible,death_certificate,quarterly_count,80,80,count,80,,,final,bnr_sdc_v1,6,0,0,0,0,,none,No disclosure restriction identified.
MORT-BURDEN-001,mort_2026_07,quarterly,2010_q1,2010-01-01,2010,1,1,1,all_cvd,male,all,upper_clear_likely_possible,death_certificate,quarterly_count,54,54,count,54,,,final,bnr_sdc_v1,6,0,0,0,0,,none,No disclosure restriction identified.
MORT-BURDEN-001,mort_2026_07,quarterly,2010_q1,2010-01-01,2010,1,1,1,heart,all,all,upper_clear_likely_possible,death_certificate,quarterly_count,60,60,count,60,,,final,bnr_sdc_v1,6,0,0,0,0,,none,No disclosure restriction identified.
MORT-BURDEN-001,mort_2026_07,quarterly,2010_q1,2010-01-01,2010,1,1,1,heart,female,all,upper_clear_likely_possible,death_certificate,quarterly_count,36,36,count,36,,,final,bnr_sdc_v1,6,0,0,0,0,,none,No disclosure restriction identified.
MORT-BURDEN-001,mort_2026_07,quarterly,2010_q1,2010-01-01,2010,1,1,1,heart,male,all,upper_clear_likely_possible,death_certificate,quarterly_count,24,24,count,24,,,final,bnr_sdc_v1,6,0,0,0,0,,none,No disclosure restriction identified.
MORT-BURDEN-001,mort_2026_07,quarterly,2010_q1,2010-01-01,2010,1,1,1,stroke,all,all,upper_clear_likely_possible,death_certificate,quarterly_count,74,74,count,74,,,final,bnr_sdc_v1,6,0,0,0,0,,none,No disclosure restriction identified.
MORT-BURDEN-001,mort_2026_07,quarterly,2010_q1,2010-01-01,2010,1,1,1,stroke,female,all,upper_clear_likely_possible,death_certificate,quarterly_count,44,44,count,44,,,final,bnr_sdc_v1,6,0,0,0,0,,none,No disclosure restriction identified.
MORT-BURDEN-001,mort_2026_07,quarterly,2010_q1,2010-01-01,2010,1,1,1,stroke,male,all,upper_clear_likely_possible,death_certificate,quarterly_count,30,30,count,30,,,final,bnr_sdc_v1,6,0,0,0,0,,none,No disclosure restriction identified.
MORT-BURDEN-001,mort_2026_07,quarterly,2010_q2,2010-04-01,2010,4,2,1,all_cvd,all,all,primary_clear_likely,death_certificate,quarterly_count,105,105,count,105,,,final,bnr_sdc_v1,6,0,0,0,0,,none,No disclosure restriction identified.
MORT-BURDEN-001,mort_2026_07,quarterly,2010_q2,2010-04-01,2010,4,2,1,all_cvd,female,all,primary_clear_likely,death_certificate,quarterly_count,60,60,count,60,,,final,bnr_sdc_v1,6,0,0,0,0,,none,No disclosure restriction identified.
MORT-BURDEN-001,mort_2026_07,quarterly,2010_q2,2010-04-01,2010,4,2,1,all_cvd,male,all,primary_clear_likely,death_certificate,quarterly_count,45,45,count,45,,,final,bnr_sdc_v1,6,0,0,0,0,,none,No disclosure restriction identified.
MORT-BURDEN-001,mort_2026_07,quarterly,2010_q2,2010-04-01,2010,4,2,1,heart,all,all,primary_clear_likely,death_certificate,quarterly_count,56,56,count,56,,,final,bnr_sdc_v1,6,0,0,0,0,,none,No disclosure restriction identified.
MORT-BURDEN-001,mort_2026_07,quarterly,2010_q2,2010-04-01,2010,4,2,1,heart,female,all,primary_clear_likely,death_certificate,quarterly_count,30,30,count,30,,,final,bnr_sdc_v1,6,0,0,0,0,,none,No disclosure restriction identified.
MORT-BURDEN-001,mort_2026_07,quarterly,2010_q2,2010-04-01,2010,4,2,1,heart,male,all,primary_clear_likely,death_certificate,quarterly_count,26,26,count,26,,,final,bnr_sdc_v1,6,0,0,0,0,,none,No disclosure restriction identified.
MORT-BURDEN-001,mort_2026_07,quarterly,2010_q2,2010-04-01,2010,4,2,1,stroke,all,all,primary_clear_likely,death_certificate,quarterly_count,49,49,count,49,,,final,bnr_sdc_v1,6,0,0,0,0,,none,No disclosure restriction identified.
MORT-BURDEN-001,mort_2026_07,quarterly,2010_q2,2010-04-01,2010,4,2,1,stroke,female,all,primary_clear_likely,death_certificate,quarterly_count,30,30,count,30,,,final,bnr_sdc_v1,6,0,0,0,0,,none,No disclosure restriction identified.
MORT-BURDEN-001,mort_2026_07,quarterly,2010_q2,2010-04-01,2010,4,2,1,stroke,male,all,primary_clear_likely,death_certificate,quarterly_count,19,19,count,19,,,final,bnr_sdc_v1,6,0,0,0,0,,none,No disclosure restriction identified.
MORT-BURDEN-001,mort_2026_07,quarterly,2010_q2,2010-04-01,2010,4,2,1,all_cvd,all,all,upper_clear_likely_possible,death_certificate,quarterly_count,130,130,count,130,,,final,bnr_sdc_v1,6,0,0,0,0,,none,No disclosure restriction identified.
MORT-BURDEN-001,mort_2026_07,quarterly,2010_q2,2010-04-01,2010,4,2,1,all_cvd,female,all,upper_clear_likely_possible,death_certificate,quarterly_count,73,73,count,73,,,final,bnr_sdc_v1,6,0,0,0,0,,none,No disclosure restriction identified.
MORT-BURDEN-001,mort_2026_07,quarterly,2010_q2,2010-04-01,2010,4,2,1,all_cvd,male,all,upper_clear_likely_possible,death_certificate,quarterly_count,57,57,count,57,,,final,bnr_sdc_v1,6,0,0,0,0,,none,No disclosure restriction identified.
MORT-BURDEN-001,mort_2026_07,quarterly,2010_q2,2010-04-01,2010,4,2,1,heart,all,all,upper_clear_likely_possible,death_certificate,quarterly_count,79,79,count,79,,,final,bnr_sdc_v1,6,0,0,0,0,,none,No disclosure restriction identified.
MORT-BURDEN-001,mort_2026_07,quarterly,2010_q2,2010-04-01,2010,4,2,1,heart,female,all,upper_clear_likely_possible,death_certificate,quarterly_count,41,41,count,41,,,final,bnr_sdc_v1,6,0,0,0,0,,none,No disclosure restriction identified.
MORT-BURDEN-001,mort_2026_07,quarterly,2010_q2,2010-04-01,2010,4,2,1,heart,male,all,upper_clear_likely_possible,death_certificate,quarterly_count,38,38,count,38,,,final,bnr_sdc_v1,6,0,0,0,0,,none,No disclosure restriction identified.
MORT-BURDEN-001,mort_2026_07,quarterly,2010_q2,2010-04-01,2010,4,2,1,stroke,all,all,upper_clear_likely_possible,death_certificate,quarterly_count,51,51,count,51,,,final,bnr_sdc_v1,6,0,0,0,0,,none,No disclosure restriction identified.
MORT-BURDEN-001,mort_2026_07,quarterly,2010_q2,2010-04-01,2010,4,2,1,stroke,female,all,upper_clear_likely_possible,death_certificate,quarterly_count,32,32,count,32,,,final,bnr_sdc_v1,6,0,0,0,0,,none,No disclosure restriction identified.
MORT-BURDEN-001,mort_2026_07,quarterly,2010_q2,2010-04-01,2010,4,2,1,stroke,male,all,upper_clear_likely_possible,death_certificate,quarterly_count,19,19,count,19,,,final,bnr_sdc_v1,6,0,0,0,0,,none,No disclosure restriction identified.
MORT-BURDEN-001,mort_2026_07,quarterly,2010_q3,2010-07-01,2010,7,3,1,all_cvd,all,all,primary_clear_likely,death_certificate,quarterly_count,130,130,count,130,,,final,bnr_sdc_v1,6,0,0,0,0,,none,No disclosure restriction identified.
MORT-BURDEN-001,mort_2026_07,quarterly,2010_q3,2010-07-01,2010,7,3,1,all_cvd,female,all,primary_clear_likely,death_certificate,quarterly_count,72,72,count,72,,,final,bnr_sdc_v1,6,0,0,0,0,,none,No disclosure restriction identified.
MORT-BURDEN-001,mort_2026_07,quarterly,2010_q3,2010-07-01,2010,7,3,1,all_cvd,male,all,primary_clear_likely,death_certificate,quarterly_count,58,58,count,58,,,final,bnr_sdc_v1,6,0,0,0,0,,none,No disclosure restriction identified.
MORT-BURDEN-001,mort_2026_07,quarterly,2010_q3,2010-07-01,2010,7,3,1,heart,all,all,primary_clear_likely,death_certificate,quarterly_count,63,63,count,63,,,final,bnr_sdc_v1,6,0,0,0,0,,none,No disclosure restriction identified.
MORT-BURDEN-001,mort_2026_07,quarterly,2010_q3,2010-07-01,2010,7,3,1,heart,female,all,primary_clear_likely,death_certificate,quarterly_count,33,33,count,33,,,final,bnr_sdc_v1,6,0,0,0,0,,none,No disclosure restriction identified.
MORT-BURDEN-001,mort_2026_07,quarterly,2010_q3,2010-07-01,2010,7,3,1,heart,male,all,primary_clear_likely,death_certificate,quarterly_count,30,30,count,30,,,final,bnr_sdc_v1,6,0,0,0,0,,none,No disclosure restriction identified.
MORT-BURDEN-001,mort_2026_07,quarterly,2010_q3,2010-07-01,2010,7,3,1,stroke,all,all,primary_clear_likely,death_certificate,quarterly_count,67,67,count,67,,,final,bnr_sdc_v1,6,0,0,0,0,,none,No disclosure restriction identified.
MORT-BURDEN-001,mort_2026_07,quarterly,2010_q3,2010-07-01,2010,7,3,1,stroke,female,all,primary_clear_likely,death_certificate,quarterly_count,39,39,count,39,,,final,bnr_sdc_v1,6,0,0,0,0,,none,No disclosure restriction identified.
MORT-BURDEN-001,mort_2026_07,quarterly,2010_q3,2010-07-01,2010,7,3,1,stroke,male,all,primary_clear_likely,death_certificate,quarterly_count,28,28,count,28,,,final,bnr_sdc_v1,6,0,0,0,0,,none,No disclosure restriction identified.
MORT-BURDEN-001,mort_2026_07,quarterly,2010_q3,2010-07-01,2010,7,3,1,all_cvd,all,all,upper_clear_likely_possible,death_certificate,quarterly_count,151,151,count,151,,,final,bnr_sdc_v1,6,0,0,0,0,,none,No disclosure restriction identified.
MORT-BURDEN-001,mort_2026_07,quarterly,2010_q3,2010-07-01,2010,7,3,1,all_cvd,female,all,upper_clear_likely_possible,death_certificate,quarterly_count,82,82,count,82,,,final,bnr_sdc_v1,6,0,0,0,0,,none,No disclosure restriction identified.
MORT-BURDEN-001,mort_2026_07,quarterly,2010_q3,2010-07-01,2010,7,3,1,all_cvd,male,all,upper_clear_likely_possible,death_certificate,quarterly_count,69,69,count,69,,,final,bnr_sdc_v1,6,0,0,0,0,,none,No disclosure restriction identified.
MORT-BURDEN-001,mort_2026_07,quarterly,2010_q3,2010-07-01,2010,7,3,1,heart,all,all,upper_clear_likely_possible,death_certificate,quarterly_count,79,79,count,79,,,final,bnr_sdc_v1,6,0,0,0,0,,none,No disclosure restriction identified.
MORT-BURDEN-001,mort_2026_07,quarterly,2010_q3,2010-07-01,2010,7,3,1,heart,female,all,upper_clear_likely_possible,death_certificate,quarterly_count,38,38,count,38,,,final,bnr_sdc_v1,6,0,0,0,0,,none,No disclosure restriction identified.
MORT-BURDEN-001,mort_2026_07,quarterly,2010_q3,2010-07-01,2010,7,3,1,heart,male,all,upper_clear_likely_possible,death_certificate,quarterly_count,41,41,count,41,,,final,bnr_sdc_v1,6,0,0,0,0,,none,No disclosure restriction identified.
MORT-BURDEN-001,mort_2026_07,quarterly,2010_q3,2010-07-01,2010,7,3,1,stroke,all,all,upper_clear_likely_possible,death_certificate,quarterly_count,72,72,count,72,,,final,bnr_sdc_v1,6,0,0,0,0,,none,No disclosure restriction identified.
MORT-BURDEN-001,mort_2026_07,quarterly,2010_q3,2010-07-01,2010,7,3,1,stroke,female,all,upper_clear_likely_possible,death_certificate,quarterly_count,44,44,count,44,,,final,bnr_sdc_v1,6,0,0,0,0,,none,No disclosure restriction identified.
MORT-BURDEN-001,mort_2026_07,quarterly,2010_q3,2010-07-01,2010,7,3,1,stroke,male,all,upper_clear_likely_possible,death_certificate,quarterly_count,28,28,count,28,,,final,bnr_sdc_v1,6,0,0,0,0,,none,No disclosure restriction identified.
MORT-BURDEN-001,mort_2026_07,quarterly,2010_q4,2010-10-01,2010,10,4,1,all_cvd,all,all,primary_clear_likely,death_certificate,quarterly_count,118,118,count,118,,,final,bnr_sdc_v1,6,0,0,0,0,,none,No disclosure restriction identified.
MORT-BURDEN-001,mort_2026_07,quarterly,2010_q4,2010-10-01,2010,10,4,1,all_cvd,female,all,primary_clear_likely,death_certificate,quarterly_count,57,57,count,57,,,final,bnr_sdc_v1,6,0,0,0,0,,none,No disclosure restriction identified.
MORT-BURDEN-001,mort_2026_07,quarterly,2010_q4,2010-10-01,2010,10,4,1,all_cvd,male,all,primary_clear_likely,death_certificate,quarterly_count,61,61,count,61,,,final,bnr_sdc_v1,6,0,0,0,0,,none,No disclosure restriction identified.
MORT-BURDEN-001,mort_2026_07,quarterly,2010_q4,2010-10-01,2010,10,4,1,heart,all,all,primary_clear_likely,death_certificate,quarterly_count,58,58,count,58,,,final,bnr_sdc_v1,6,0,0,0,0,,none,No disclosure restriction identified.
MORT-BURDEN-001,mort_2026_07,quarterly,2010_q4,2010-10-01,2010,10,4,1,heart,female,all,primary_clear_likely,death_certificate,quarterly_count,22,22,count,22,,,final,bnr_sdc_v1,6,0,0,0,0,,none,No disclosure restriction identified.
MORT-BURDEN-001,mort_2026_07,quarterly,2010_q4,2010-10-01,2010,10,4,1,heart,male,all,primary_clear_likely,death_certificate,quarterly_count,36,36,count,36,,,final,bnr_sdc_v1,6,0,0,0,0,,none,No disclosure restriction identified.
MORT-BURDEN-001,mort_2026_07,quarterly,2010_q4,2010-10-01,2010,10,4,1,stroke,all,all,primary_clear_likely,death_certificate,quarterly_count,60,60,count,60,,,final,bnr_sdc_v1,6,0,0,0,0,,none,No disclosure restriction identified.
MORT-BURDEN-001,mort_2026_07,quarterly,2010_q4,2010-10-01,2010,10,4,1,stroke,female,all,primary_clear_likely,death_certificate,quarterly_count,35,35,count,35,,,final,bnr_sdc_v1,6,0,0,0,0,,none,No disclosure restriction identified.
MORT-BURDEN-001,mort_2026_07,quarterly,2010_q4,2010-10-01,2010,10,4,1,stroke,male,all,primary_clear_likely,death_certificate,quarterly_count,25,25,count,25,,,final,bnr_sdc_v1,6,0,0,0,0,,none,No disclosure restriction identified.
MORT-BURDEN-001,mort_2026_07,quarterly,2010_q4,2010-10-01,2010,10,4,1,all_cvd,all,all,upper_clear_likely_possible,death_certificate,quarterly_count,139,139,count,139,,,final,bnr_sdc_v1,6,0,0,0,0,,none,No disclosure restriction identified.
MORT-BURDEN-001,mort_2026_07,quarterly,2010_q4,2010-10-01,2010,10,4,1,all_cvd,female,all,upper_clear_likely_possible,death_certificate,quarterly_count,67,67,count,67,,,final,bnr_sdc_v1,6,0,0,0,0,,none,No disclosure restriction identified.
MORT-BURDEN-001,mort_2026_07,quarterly,2010_q4,2010-10-01,2010,10,4,1,all_cvd,male,all,upper_clear_likely_possible,death_certificate,quarterly_count,72,72,count,72,,,final,bnr_sdc_v1,6,0,0,0,0,,none,No disclosure restriction identified.
MORT-BURDEN-001,mort_2026_07,quarterly,2010_q4,2010-10-01,2010,10,4,1,heart,all,all,upper_clear_likely_possible,death_certificate,quarterly_count,74,74,count,74,,,final,bnr_sdc_v1,6,0,0,0,0,,none,No disclosure restriction identified.
MORT-BURDEN-001,mort_2026_07,quarterly,2010_q4,2010-10-01,2010,10,4,1,heart,female,all,upper_clear_likely_possible,death_certificate,quarterly_count,29,29,count,29,,,final,bnr_sdc_v1,6,0,0,0,0,,none,No disclosure restriction identified.
MORT-BURDEN-001,mort_2026_07,quarterly,2010_q4,2010-10-01,2010,10,4,1,heart,male,all,upper_clear_likely_possible,death_certificate,quarterly_count,45,45,count,45,,,final,bnr_sdc_v1,6,0,0,0,0,,none,No disclosure restriction identified.
MORT-BURDEN-001,mort_2026_07,quarterly,2010_q4,2010-10-01,2010,10,4,1,stroke,all,all,upper_clear_likely_possible,death_certificate,quarterly_count,65,65,count,65,,,final,bnr_sdc_v1,6,0,0,0,0,,none,No disclosure restriction identified.
MORT-BURDEN-001,mort_2026_07,quarterly,2010_q4,2010-10-01,2010,10,4,1,stroke,female,all,upper_clear_likely_possible,death_certificate,quarterly_count,38,38,count,38,,,final,bnr_sdc_v1,6,0,0,0,0,,none,No disclosure restriction identified.
MORT-BURDEN-001,mort_2026_07,quarterly,2010_q4,2010-10-01,2010,10,4,1,stroke,male,all,upper_clear_likely_possible,death_certificate,quarterly_count,27,27,count,27,,,final,bnr_sdc_v1,6,0,0,0,0,,none,No disclosure restriction identified.
MORT-BURDEN-001,mort_2026_07,quarterly,2011_q1,2011-01-01,2011,1,1,1,all_cvd,all,all,primary_clear_likely,death_certificate,quarterly_count,123,123,count,123,,,final,bnr_sdc_v1,6,0,0,0,0,,none,No disclosure restriction identified.
MORT-BURDEN-001,mort_2026_07,quarterly,2011_q1,2011-01-01,2011,1,1,1,all_cvd,all,all,primary_clear_likely,death_certificate,quarterly_same_quarter_previous_5yr_mean,,,count,,,1,insufficient_history,bnr_sdc_v1,6,0,0,0,0,,none,No disclosure restriction identified.
MORT-BURDEN-001,mort_2026_07,quarterly,2011_q1,2011-01-01,2011,1,1,1,all_cvd,female,all,primary_clear_likely,death_certificate,quarterly_count,66,66,count,66,,,final,bnr_sdc_v1,6,0,0,0,0,,none,No disclosure restriction identified.
MORT-BURDEN-001,mort_2026_07,quarterly,2011_q1,2011-01-01,2011,1,1,1,all_cvd,female,all,primary_clear_likely,death_certificate,quarterly_same_quarter_previous_5yr_mean,,,count,,,1,insufficient_history,bnr_sdc_v1,6,0,0,0,0,,none,No disclosure restriction identified.
MORT-BURDEN-001,mort_2026_07,quarterly,2011_q1,2011-01-01,2011,1,1,1,all_cvd,male,all,primary_clear_likely,death_certificate,quarterly_count,57,57,count,57,,,final,bnr_sdc_v1,6,0,0,0,0,,none,No disclosure restriction identified.
MORT-BURDEN-001,mort_2026_07,quarterly,2011_q1,2011-01-01,2011,1,1,1,all_cvd,male,all,primary_clear_likely,death_certificate,quarterly_same_quarter_previous_5yr_mean,,,count,,,1,insufficient_history,bnr_sdc_v1,6,0,0,0,0,,none,No disclosure restriction identified.
MORT-BURDEN-001,mort_2026_07,quarterly,2011_q1,2011-01-01,2011,1,1,1,heart,all,all,primary_clear_likely,death_certificate,quarterly_count,56,56,count,56,,,final,bnr_sdc_v1,6,0,0,0,0,,none,No disclosure restriction identified.
MORT-BURDEN-001,mort_2026_07,quarterly,2011_q1,2011-01-01,2011,1,1,1,heart,all,all,primary_clear_likely,death_certificate,quarterly_same_quarter_previous_5yr_mean,,,count,,,1,insufficient_history,bnr_sdc_v1,6,0,0,0,0,,none,No disclosure restriction identified.
MORT-BURDEN-001,mort_2026_07,quarterly,2011_q1,2011-01-01,2011,1,1,1,heart,female,all,primary_clear_likely,death_certificate,quarterly_count,30,30,count,30,,,final,bnr_sdc_v1,6,0,0,0,0,,none,No disclosure restriction identified.
MORT-BURDEN-001,mort_2026_07,quarterly,2011_q1,2011-01-01,2011,1,1,1,heart,female,all,primary_clear_likely,death_certificate,quarterly_same_quarter_previous_5yr_mean,,,count,,,1,insufficient_history,bnr_sdc_v1,6,0,0,0,0,,none,No disclosure restriction identified.
MORT-BURDEN-001,mort_2026_07,quarterly,2011_q1,2011-01-01,2011,1,1,1,heart,male,all,primary_clear_likely,death_certificate,quarterly_count,26,26,count,26,,,final,bnr_sdc_v1,6,0,0,0,0,,none,No disclosure restriction identified.
MORT-BURDEN-001,mort_2026_07,quarterly,2011_q1,2011-01-01,2011,1,1,1,heart,male,all,primary_clear_likely,death_certificate,quarterly_same_quarter_previous_5yr_mean,,,count,,,1,insufficient_history,bnr_sdc_v1,6,0,0,0,0,,none,No disclosure restriction identified.
MORT-BURDEN-001,mort_2026_07,quarterly,2011_q1,2011-01-01,2011,1,1,1,stroke,all,all,primary_clear_likely,death_certificate,quarterly_count,67,67,count,67,,,final,bnr_sdc_v1,6,0,0,0,0,,none,No disclosure restriction identified.
MORT-BURDEN-001,mort_2026_07,quarterly,2011_q1,2011-01-01,2011,1,1,1,stroke,all,all,primary_clear_likely,death_certificate,quarterly_same_quarter_previous_5yr_mean,,,count,,,1,insufficient_history,bnr_sdc_v1,6,0,0,0,0,,none,No disclosure restriction identified.
MORT-BURDEN-001,mort_2026_07,quarterly,2011_q1,2011-01-01,2011,1,1,1,stroke,female,all,primary_clear_likely,death_certificate,quarterly_count,36,36,count,36,,,final,bnr_sdc_v1,6,0,0,0,0,,none,No disclosure restriction identified.
MORT-BURDEN-001,mort_2026_07,quarterly,2011_q1,2011-01-01,2011,1,1,1,stroke,female,all,primary_clear_likely,death_certificate,quarterly_same_quarter_previous_5yr_mean,,,count,,,1,insufficient_history,bnr_sdc_v1,6,0,0,0,0,,none,No disclosure restriction identified.
MORT-BURDEN-001,mort_2026_07,quarterly,2011_q1,2011-01-01,2011,1,1,1,stroke,male,all,primary_clear_likely,death_certificate,quarterly_count,31,31,count,31,,,final,bnr_sdc_v1,6,0,0,0,0,,none,No disclosure restriction identified.
MORT-BURDEN-001,mort_2026_07,quarterly,2011_q1,2011-01-01,2011,1,1,1,stroke,male,all,primary_clear_likely,death_certificate,quarterly_same_quarter_previous_5yr_mean,,,count,,,1,insufficient_history,bnr_sdc_v1,6,0,0,0,0,,none,No disclosure restriction identified.
MORT-BURDEN-001,mort_2026_07,quarterly,2011_q1,2011-01-01,2011,1,1,1,all_cvd,all,all,upper_clear_likely_possible,death_certificate,quarterly_count,143,143,count,143,,,final,bnr_sdc_v1,6,0,0,0,0,,none,No disclosure restriction identified.
MORT-BURDEN-001,mort_2026_07,quarterly,2011_q1,2011-01-01,2011,1,1,1,all_cvd,all,all,upper_clear_likely_possible,death_certificate,quarterly_same_quarter_previous_5yr_mean,,,count,,,1,insufficient_history,bnr_sdc_v1,6,0,0,0,0,,none,No disclosure restriction identified.
MORT-BURDEN-001,mort_2026_07,quarterly,2011_q1,2011-01-01,2011,1,1,1,all_cvd,female,all,upper_clear_likely_possible,death_certificate,quarterly_count,73,73,count,73,,,final,bnr_sdc_v1,6,0,0,0,0,,none,No disclosure restriction identified.
MORT-BURDEN-001,mort_2026_07,quarterly,2011_q1,2011-01-01,2011,1,1,1,all_cvd,female,all,upper_clear_likely_possible,death_certificate,quarterly_same_quarter_previous_5yr_mean,,,count,,,1,insufficient_history,bnr_sdc_v1,6,0,0,0,0,,none,No disclosure restriction identified.
MORT-BURDEN-001,mort_2026_07,quarterly,2011_q1,2011-01-01,2011,1,1,1,all_cvd,male,all,upper_clear_likely_possible,death_certificate,quarterly_count,70,70,count,70,,,final,bnr_sdc_v1,6,0,0,0,0,,none,No disclosure restriction identified.
MORT-BURDEN-001,mort_2026_07,quarterly,2011_q1,2011-01-01,2011,1,1,1,all_cvd,male,all,upper_clear_likely_possible,death_certificate,quarterly_same_quarter_previous_5yr_mean,,,count,,,1,insufficient_history,bnr_sdc_v1,6,0,0,0,0,,none,No disclosure restriction identified.
MORT-BURDEN-001,mort_2026_07,quarterly,2011_q1,2011-01-01,2011,1,1,1,heart,all,all,upper_clear_likely_possible,death_certificate,quarterly_count,72,72,count,72,,,final,bnr_sdc_v1,6,0,0,0,0,,none,No disclosure restriction identified.
MORT-BURDEN-001,mort_2026_07,quarterly,2011_q1,2011-01-01,2011,1,1,1,heart,all,all,upper_clear_likely_possible,death_certificate,quarterly_same_quarter_previous_5yr_mean,,,count,,,1,insufficient_history,bnr_sdc_v1,6,0,0,0,0,,none,No disclosure restriction identified.
MORT-BURDEN-001,mort_2026_07,quarterly,2011_q1,2011-01-01,2011,1,1,1,heart,female,all,upper_clear_likely_possible,death_certificate,quarterly_count,35,35,count,35,,,final,bnr_sdc_v1,6,0,0,0,0,,none,No disclosure restriction identified.
MORT-BURDEN-001,mort_2026_07,quarterly,2011_q1,2011-01-01,2011,1,1,1,heart,female,all,upper_clear_likely_possible,death_certificate,quarterly_same_quarter_previous_5yr_mean,,,count,,,1,insufficient_history,bnr_sdc_v1,6,0,0,0,0,,none,No disclosure restriction identified.
MORT-BURDEN-001,mort_2026_07,quarterly,2011_q1,2011-01-01,2011,1,1,1,heart,male,all,upper_clear_likely_possible,death_certificate,quarterly_count,37,37,count,37,,,final,bnr_sdc_v1,6,0,0,0,0,,none,No disclosure restriction identified.
MORT-BURDEN-001,mort_2026_07,quarterly,2011_q1,2011-01-01,2011,1,1,1,heart,male,all,upper_clear_likely_possible,death_certificate,quarterly_same_quarter_previous_5yr_mean,,,count,,,1,insufficient_history,bnr_sdc_v1,6,0,0,0,0,,none,No disclosure restriction identified.
MORT-BURDEN-001,mort_2026_07,quarterly,2011_q1,2011-01-01,2011,1,1,1,stroke,all,all,upper_clear_likely_possible,death_certificate,quarterly_count,71,71,count,71,,,final,bnr_sdc_v1,6,0,0,0,0,,none,No disclosure restriction identified.
MORT-BURDEN-001,mort_2026_07,quarterly,2011_q1,2011-01-01,2011,1,1,1,stroke,all,all,upper_clear_likely_possible,death_certificate,quarterly_same_quarter_previous_5yr_mean,,,count,,,1,insufficient_history,bnr_sdc_v1,6,0,0,0,0,,none,No disclosure restriction identified.
MORT-BURDEN-001,mort_2026_07,quarterly,2011_q1,2011-01-01,2011,1,1,1,stroke,female,all,upper_clear_likely_possible,death_certificate,quarterly_count,38,38,count,38,,,final,bnr_sdc_v1,6,0,0,0,0,,none,No disclosure restriction identified.
MORT-BURDEN-001,mort_2026_07,quarterly,2011_q1,2011-01-01,2011,1,1,1,stroke,female,all,upper_clear_likely_possible,death_certificate,quarterly_same_quarter_previous_5yr_mean,,,count,,,1,insufficient_history,bnr_sdc_v1,6,0,0,0,0,,none,No disclosure restriction identified.
MORT-BURDEN-001,mort_2026_07,quarterly,2011_q1,2011-01-01,2011,1,1,1,stroke,male,all,upper_clear_likely_possible,death_certificate,quarterly_count,33,33,count,33,,,final,bnr_sdc_v1,6,0,0,0,0,,none,No disclosure restriction identified.
MORT-BURDEN-001,mort_2026_07,quarterly,2011_q1,2011-01-01,2011,1,1,1,stroke,male,all,upper_clear_likely_possible,death_certificate,quarterly_same_quarter_previous_5yr_mean,,,count,,,1,insufficient_history,bnr_sdc_v1,6,0,0,0,0,,none,No disclosure restriction identified.
MORT-BURDEN-001,mort_2026_07,quarterly,2011_q2,2011-04-01,2011,4,2,1,all_cvd,all,all,primary_clear_likely,death_certificate,quarterly_count,106,106,count,106,,,final,bnr_sdc_v1,6,0,0,0,0,,none,No disclosure restriction identified.
MORT-BURDEN-001,mort_2026_07,quarterly,2011_q2,2011-04-01,2011,4,2,1,all_cvd,all,all,primary_clear_likely,death_certificate,quarterly_same_quarter_previous_5yr_mean,,,count,,,1,insufficient_history,bnr_sdc_v1,6,0,0,0,0,,none,No disclosure restriction identified.
MORT-BURDEN-001,mort_2026_07,quarterly,2011_q2,2011-04-01,2011,4,2,1,all_cvd,female,all,primary_clear_likely,death_certificate,quarterly_count,59,59,count,59,,,final,bnr_sdc_v1,6,0,0,0,0,,none,No disclosure restriction identified.
MORT-BURDEN-001,mort_2026_07,quarterly,2011_q2,2011-04-01,2011,4,2,1,all_cvd,female,all,primary_clear_likely,death_certificate,quarterly_same_quarter_previous_5yr_mean,,,count,,,1,insufficient_history,bnr_sdc_v1,6,0,0,0,0,,none,No disclosure restriction identified.
MORT-BURDEN-001,mort_2026_07,quarterly,2011_q2,2011-04-01,2011,4,2,1,all_cvd,male,all,primary_clear_likely,death_certificate,quarterly_count,47,47,count,47,,,final,bnr_sdc_v1,6,0,0,0,0,,none,No disclosure restriction identified.
MORT-BURDEN-001,mort_2026_07,quarterly,2011_q2,2011-04-01,2011,4,2,1,all_cvd,male,all,primary_clear_likely,death_certificate,quarterly_same_quarter_previous_5yr_mean,,,count,,,1,insufficient_history,bnr_sdc_v1,6,0,0,0,0,,none,No disclosure restriction identified.
MORT-BURDEN-001,mort_2026_07,quarterly,2011_q2,2011-04-01,2011,4,2,1,heart,all,all,primary_clear_likely,death_certificate,quarterly_count,53,53,count,53,,,final,bnr_sdc_v1,6,0,0,0,0,,none,No disclosure restriction identified.
MORT-BURDEN-001,mort_2026_07,quarterly,2011_q2,2011-04-01,2011,4,2,1,heart,all,all,primary_clear_likely,death_certificate,quarterly_same_quarter_previous_5yr_mean,,,count,,,1,insufficient_history,bnr_sdc_v1,6,0,0,0,0,,none,No disclosure restriction identified.
MORT-BURDEN-001,mort_2026_07,quarterly,2011_q2,2011-04-01,2011,4,2,1,heart,female,all,primary_clear_likely,death_certificate,quarterly_count,28,28,count,28,,,final,bnr_sdc_v1,6,0,0,0,0,,none,No disclosure restriction identified.
MORT-BURDEN-001,mort_2026_07,quarterly,2011_q2,2011-04-01,2011,4,2,1,heart,female,all,primary_clear_likely,death_certificate,quarterly_same_quarter_previous_5yr_mean,,,count,,,1,insufficient_history,bnr_sdc_v1,6,0,0,0,0,,none,No disclosure restriction identified.
MORT-BURDEN-001,mort_2026_07,quarterly,2011_q2,2011-04-01,2011,4,2,1,heart,male,all,primary_clear_likely,death_certificate,quarterly_count,25,25,count,25,,,final,bnr_sdc_v1,6,0,0,0,0,,none,No disclosure restriction identified.
MORT-BURDEN-001,mort_2026_07,quarterly,2011_q2,2011-04-01,2011,4,2,1,heart,male,all,primary_clear_likely,death_certificate,quarterly_same_quarter_previous_5yr_mean,,,count,,,1,insufficient_history,bnr_sdc_v1,6,0,0,0,0,,none,No disclosure restriction identified.
MORT-BURDEN-001,mort_2026_07,quarterly,2011_q2,2011-04-01,2011,4,2,1,stroke,all,all,primary_clear_likely,death_certificate,quarterly_count,53,53,count,53,,,final,bnr_sdc_v1,6,0,0,0,0,,none,No disclosure restriction identified.
MORT-BURDEN-001,mort_2026_07,quarterly,2011_q2,2011-04-01,2011,4,2,1,stroke,all,all,primary_clear_likely,death_certificate,quarterly_same_quarter_previous_5yr_mean,,,count,,,1,insufficient_history,bnr_sdc_v1,6,0,0,0,0,,none,No disclosure restriction identified.
MORT-BURDEN-001,mort_2026_07,quarterly,2011_q2,2011-04-01,2011,4,2,1,stroke,female,all,primary_clear_likely,death_certificate,quarterly_count,31,31,count,31,,,final,bnr_sdc_v1,6,0,0,0,0,,none,No disclosure restriction identified.
MORT-BURDEN-001,mort_2026_07,quarterly,2011_q2,2011-04-01,2011,4,2,1,stroke,female,all,primary_clear_likely,death_certificate,quarterly_same_quarter_previous_5yr_mean,,,count,,,1,insufficient_history,bnr_sdc_v1,6,0,0,0,0,,none,No disclosure restriction identified.
MORT-BURDEN-001,mort_2026_07,quarterly,2011_q2,2011-04-01,2011,4,2,1,stroke,male,all,primary_clear_likely,death_certificate,quarterly_count,22,22,count,22,,,final,bnr_sdc_v1,6,0,0,0,0,,none,No disclosure restriction identified.
MORT-BURDEN-001,mort_2026_07,quarterly,2011_q2,2011-04-01,2011,4,2,1,stroke,male,all,primary_clear_likely,death_certificate,quarterly_same_quarter_previous_5yr_mean,,,count,,,1,insufficient_history,bnr_sdc_v1,6,0,0,0,0,,none,No disclosure restriction identified.
MORT-BURDEN-001,mort_2026_07,quarterly,2011_q2,2011-04-01,2011,4,2,1,all_cvd,all,all,upper_clear_likely_possible,death_certificate,quarterly_count,121,121,count,121,,,final,bnr_sdc_v1,6,0,0,0,0,,none,No disclosure restriction identified.
MORT-BURDEN-001,mort_2026_07,quarterly,2011_q2,2011-04-01,2011,4,2,1,all_cvd,all,all,upper_clear_likely_possible,death_certificate,quarterly_same_quarter_previous_5yr_mean,,,count,,,1,insufficient_history,bnr_sdc_v1,6,0,0,0,0,,none,No disclosure restriction identified.
MORT-BURDEN-001,mort_2026_07,quarterly,2011_q2,2011-04-01,2011,4,2,1,all_cvd,female,all,upper_clear_likely_possible,death_certificate,quarterly_count,66,66,count,66,,,final,bnr_sdc_v1,6,0,0,0,0,,none,No disclosure restriction identified.
MORT-BURDEN-001,mort_2026_07,quarterly,2011_q2,2011-04-01,2011,4,2,1,all_cvd,female,all,upper_clear_likely_possible,death_certificate,quarterly_same_quarter_previous_5yr_mean,,,count,,,1,insufficient_history,bnr_sdc_v1,6,0,0,0,0,,none,No disclosure restriction identified.
MORT-BURDEN-001,mort_2026_07,quarterly,2011_q2,2011-04-01,2011,4,2,1,all_cvd,male,all,upper_clear_likely_possible,death_certificate,quarterly_count,55,55,count,55,,,final,bnr_sdc_v1,6,0,0,0,0,,none,No disclosure restriction identified.
MORT-BURDEN-001,mort_2026_07,quarterly,2011_q2,2011-04-01,2011,4,2,1,all_cvd,male,all,upper_clear_likely_possible,death_certificate,quarterly_same_quarter_previous_5yr_mean,,,count,,,1,insufficient_history,bnr_sdc_v1,6,0,0,0,0,,none,No disclosure restriction identified.
MORT-BURDEN-001,mort_2026_07,quarterly,2011_q2,2011-04-01,2011,4,2,1,heart,all,all,upper_clear_likely_possible,death_certificate,quarterly_count,66,66,count,66,,,final,bnr_sdc_v1,6,0,0,0,0,,none,No disclosure restriction identified.
MORT-BURDEN-001,mort_2026_07,quarterly,2011_q2,2011-04-01,2011,4,2,1,heart,all,all,upper_clear_likely_possible,death_certificate,quarterly_same_quarter_previous_5yr_mean,,,count,,,1,insufficient_history,bnr_sdc_v1,6,0,0,0,0,,none,No disclosure restriction identified.
MORT-BURDEN-001,mort_2026_07,quarterly,2011_q2,2011-04-01,2011,4,2,1,heart,female,all,upper_clear_likely_possible,death_certificate,quarterly_count,35,35,count,35,,,final,bnr_sdc_v1,6,0,0,0,0,,none,No disclosure restriction identified.
MORT-BURDEN-001,mort_2026_07,quarterly,2011_q2,2011-04-01,2011,4,2,1,heart,female,all,upper_clear_likely_possible,death_certificate,quarterly_same_quarter_previous_5yr_mean,,,count,,,1,insufficient_history,bnr_sdc_v1,6,0,0,0,0,,none,No disclosure restriction identified.
MORT-BURDEN-001,mort_2026_07,quarterly,2011_q2,2011-04-01,2011,4,2,1,heart,male,all,upper_clear_likely_possible,death_certificate,quarterly_count,31,31,count,31,,,final,bnr_sdc_v1,6,0,0,0,0,,none,No disclosure restriction identified.
MORT-BURDEN-001,mort_2026_07,quarterly,2011_q2,2011-04-01,2011,4,2,1,heart,male,all,upper_clear_likely_possible,death_certificate,quarterly_same_quarter_previous_5yr_mean,,,count,,,1,insufficient_history,bnr_sdc_v1,6,0,0,0,0,,none,No disclosure restriction identified.
MORT-BURDEN-001,mort_2026_07,quarterly,2011_q2,2011-04-01,2011,4,2,1,stroke,all,all,upper_clear_likely_possible,death_certificate,quarterly_count,55,55,count,55,,,final,bnr_sdc_v1,6,0,0,0,0,,none,No disclosure restriction identified.
MORT-BURDEN-001,mort_2026_07,quarterly,2011_q2,2011-04-01,2011,4,2,1,stroke,all,all,upper_clear_likely_possible,death_certificate,quarterly_same_quarter_previous_5yr_mean,,,count,,,1,insufficient_history,bnr_sdc_v1,6,0,0,0,0,,none,No disclosure restriction identified.
MORT-BURDEN-001,mort_2026_07,quarterly,2011_q2,2011-04-01,2011,4,2,1,stroke,female,all,upper_clear_likely_possible,death_certificate,quarterly_count,31,31,count,31,,,final,bnr_sdc_v1,6,0,0,0,0,,none,No disclosure restriction identified.
MORT-BURDEN-001,mort_2026_07,quarterly,2011_q2,2011-04-01,2011,4,2,1,stroke,female,all,upper_clear_likely_possible,death_certificate,quarterly_same_quarter_previous_5yr_mean,,,count,,,1,insufficient_history,bnr_sdc_v1,6,0,0,0,0,,none,No disclosure restriction identified.
MORT-BURDEN-001,mort_2026_07,quarterly,2011_q2,2011-04-01,2011,4,2,1,stroke,male,all,upper_clear_likely_possible,death_certificate,quarterly_count,24,24,count,24,,,final,bnr_sdc_v1,6,0,0,0,0,,none,No disclosure restriction identified.
MORT-BURDEN-001,mort_2026_07,quarterly,2011_q2,2011-04-01,2011,4,2,1,stroke,male,all,upper_clear_likely_possible,death_certificate,quarterly_same_quarter_previous_5yr_mean,,,count,,,1,insufficient_history,bnr_sdc_v1,6,0,0,0,0,,none,No disclosure restriction identified.
MORT-BURDEN-001,mort_2026_07,quarterly,2011_q3,2011-07-01,2011,7,3,1,all_cvd,all,all,primary_clear_likely,death_certificate,quarterly_count,128,128,count,128,,,final,bnr_sdc_v1,6,0,0,0,0,,none,No disclosure restriction identified.
MORT-BURDEN-001,mort_2026_07,quarterly,2011_q3,2011-07-01,2011,7,3,1,all_cvd,all,all,primary_clear_likely,death_certificate,quarterly_same_quarter_previous_5yr_mean,,,count,,,1,insufficient_history,bnr_sdc_v1,6,0,0,0,0,,none,No disclosure restriction identified.
MORT-BURDEN-001,mort_2026_07,quarterly,2011_q3,2011-07-01,2011,7,3,1,all_cvd,female,all,primary_clear_likely,death_certificate,quarterly_count,71,71,count,71,,,final,bnr_sdc_v1,6,0,0,0,0,,none,No disclosure restriction identified.
MORT-BURDEN-001,mort_2026_07,quarterly,2011_q3,2011-07-01,2011,7,3,1,all_cvd,female,all,primary_clear_likely,death_certificate,quarterly_same_quarter_previous_5yr_mean,,,count,,,1,insufficient_history,bnr_sdc_v1,6,0,0,0,0,,none,No disclosure restriction identified.
MORT-BURDEN-001,mort_2026_07,quarterly,2011_q3,2011-07-01,2011,7,3,1,all_cvd,male,all,primary_clear_likely,death_certificate,quarterly_count,57,57,count,57,,,final,bnr_sdc_v1,6,0,0,0,0,,none,No disclosure restriction identified.
MORT-BURDEN-001,mort_2026_07,quarterly,2011_q3,2011-07-01,2011,7,3,1,all_cvd,male,all,primary_clear_likely,death_certificate,quarterly_same_quarter_previous_5yr_mean,,,count,,,1,insufficient_history,bnr_sdc_v1,6,0,0,0,0,,none,No disclosure restriction identified.
MORT-BURDEN-001,mort_2026_07,quarterly,2011_q3,2011-07-01,2011,7,3,1,heart,all,all,primary_clear_likely,death_certificate,quarterly_count,56,56,count,56,,,final,bnr_sdc_v1,6,0,0,0,0,,none,No disclosure restriction identified.
MORT-BURDEN-001,mort_2026_07,quarterly,2011_q3,2011-07-01,2011,7,3,1,heart,all,all,primary_clear_likely,death_certificate,quarterly_same_quarter_previous_5yr_mean,,,count,,,1,insufficient_history,bnr_sdc_v1,6,0,0,0,0,,none,No disclosure restriction identified.
MORT-BURDEN-001,mort_2026_07,quarterly,2011_q3,2011-07-01,2011,7,3,1,heart,female,all,primary_clear_likely,death_certificate,quarterly_count,26,26,count,26,,,final,bnr_sdc_v1,6,0,0,0,0,,none,No disclosure restriction identified.
MORT-BURDEN-001,mort_2026_07,quarterly,2011_q3,2011-07-01,2011,7,3,1,heart,female,all,primary_clear_likely,death_certificate,quarterly_same_quarter_previous_5yr_mean,,,count,,,1,insufficient_history,bnr_sdc_v1,6,0,0,0,0,,none,No disclosure restriction identified.
MORT-BURDEN-001,mort_2026_07,quarterly,2011_q3,2011-07-01,2011,7,3,1,heart,male,all,primary_clear_likely,death_certificate,quarterly_count,30,30,count,30,,,final,bnr_sdc_v1,6,0,0,0,0,,none,No disclosure restriction identified.
MORT-BURDEN-001,mort_2026_07,quarterly,2011_q3,2011-07-01,2011,7,3,1,heart,male,all,primary_clear_likely,death_certificate,quarterly_same_quarter_previous_5yr_mean,,,count,,,1,insufficient_history,bnr_sdc_v1,6,0,0,0,0,,none,No disclosure restriction identified.
MORT-BURDEN-001,mort_2026_07,quarterly,2011_q3,2011-07-01,2011,7,3,1,stroke,all,all,primary_clear_likely,death_certificate,quarterly_count,72,72,count,72,,,final,bnr_sdc_v1,6,0,0,0,0,,none,No disclosure restriction identified.
MORT-BURDEN-001,mort_2026_07,quarterly,2011_q3,2011-07-01,2011,7,3,1,stroke,all,all,primary_clear_likely,death_certificate,quarterly_same_quarter_previous_5yr_mean,,,count,,,1,insufficient_history,bnr_sdc_v1,6,0,0,0,0,,none,No disclosure restriction identified.
MORT-BURDEN-001,mort_2026_07,quarterly,2011_q3,2011-07-01,2011,7,3,1,stroke,female,all,primary_clear_likely,death_certificate,quarterly_count,45,45,count,45,,,final,bnr_sdc_v1,6,0,0,0,0,,none,No disclosure restriction identified.
MORT-BURDEN-001,mort_2026_07,quarterly,2011_q3,2011-07-01,2011,7,3,1,stroke,female,all,primary_clear_likely,death_certificate,quarterly_same_quarter_previous_5yr_mean,,,count,,,1,insufficient_history,bnr_sdc_v1,6,0,0,0,0,,none,No disclosure restriction identified.
MORT-BURDEN-001,mort_2026_07,quarterly,2011_q3,2011-07-01,2011,7,3,1,stroke,male,all,primary_clear_likely,death_certificate,quarterly_count,27,27,count,27,,,final,bnr_sdc_v1,6,0,0,0,0,,none,No disclosure restriction identified.
MORT-BURDEN-001,mort_2026_07,quarterly,2011_q3,2011-07-01,2011,7,3,1,stroke,male,all,primary_clear_likely,death_certificate,quarterly_same_quarter_previous_5yr_mean,,,count,,,1,insufficient_history,bnr_sdc_v1,6,0,0,0,0,,none,No disclosure restriction identified.
MORT-BURDEN-001,mort_2026_07,quarterly,2011_q3,2011-07-01,2011,7,3,1,all_cvd,all,all,upper_clear_likely_possible,death_certificate,quarterly_count,145,145,count,145,,,final,bnr_sdc_v1,6,0,0,0,0,,none,No disclosure restriction identified.
MORT-BURDEN-001,mort_2026_07,quarterly,2011_q3,2011-07-01,2011,7,3,1,all_cvd,all,all,upper_clear_likely_possible,death_certificate,quarterly_same_quarter_previous_5yr_mean,,,count,,,1,insufficient_history,bnr_sdc_v1,6,0,0,0,0,,none,No disclosure restriction identified.
MORT-BURDEN-001,mort_2026_07,quarterly,2011_q3,2011-07-01,2011,7,3,1,all_cvd,female,all,upper_clear_likely_possible,death_certificate,quarterly_count,78,78,count,78,,,final,bnr_sdc_v1,6,0,0,0,0,,none,No disclosure restriction identified.
MORT-BURDEN-001,mort_2026_07,quarterly,2011_q3,2011-07-01,2011,7,3,1,all_cvd,female,all,upper_clear_likely_possible,death_certificate,quarterly_same_quarter_previous_5yr_mean,,,count,,,1,insufficient_history,bnr_sdc_v1,6,0,0,0,0,,none,No disclosure restriction identified.
MORT-BURDEN-001,mort_2026_07,quarterly,2011_q3,2011-07-01,2011,7,3,1,all_cvd,male,all,upper_clear_likely_possible,death_certificate,quarterly_count,67,67,count,67,,,final,bnr_sdc_v1,6,0,0,0,0,,none,No disclosure restriction identified.
MORT-BURDEN-001,mort_2026_07,quarterly,2011_q3,2011-07-01,2011,7,3,1,all_cvd,male,all,upper_clear_likely_possible,death_certificate,quarterly_same_quarter_previous_5yr_mean,,,count,,,1,insufficient_history,bnr_sdc_v1,6,0,0,0,0,,none,No disclosure restriction identified.
MORT-BURDEN-001,mort_2026_07,quarterly,2011_q3,2011-07-01,2011,7,3,1,heart,all,all,upper_clear_likely_possible,death_certificate,quarterly_count,68,68,count,68,,,final,bnr_sdc_v1,6,0,0,0,0,,none,No disclosure restriction identified.
MORT-BURDEN-001,mort_2026_07,quarterly,2011_q3,2011-07-01,2011,7,3,1,heart,all,all,upper_clear_likely_possible,death_certificate,quarterly_same_quarter_previous_5yr_mean,,,count,,,1,insufficient_history,bnr_sdc_v1,6,0,0,0,0,,none,No disclosure restriction identified.
MORT-BURDEN-001,mort_2026_07,quarterly,2011_q3,2011-07-01,2011,7,3,1,heart,female,all,upper_clear_likely_possible,death_certificate,quarterly_count,31,31,count,31,,,final,bnr_sdc_v1,6,0,0,0,0,,none,No disclosure restriction identified.
MORT-BURDEN-001,mort_2026_07,quarterly,2011_q3,2011-07-01,2011,7,3,1,heart,female,all,upper_clear_likely_possible,death_certificate,quarterly_same_quarter_previous_5yr_mean,,,count,,,1,insufficient_history,bnr_sdc_v1,6,0,0,0,0,,none,No disclosure restriction identified.
MORT-BURDEN-001,mort_2026_07,quarterly,2011_q3,2011-07-01,2011,7,3,1,heart,male,all,upper_clear_likely_possible,death_certificate,quarterly_count,37,37,count,37,,,final,bnr_sdc_v1,6,0,0,0,0,,none,No disclosure restriction identified.
MORT-BURDEN-001,mort_2026_07,quarterly,2011_q3,2011-07-01,2011,7,3,1,heart,male,all,upper_clear_likely_possible,death_certificate,quarterly_same_quarter_previous_5yr_mean,,,count,,,1,insufficient_history,bnr_sdc_v1,6,0,0,0,0,,none,No disclosure restriction identified.
MORT-BURDEN-001,mort_2026_07,quarterly,2011_q3,2011-07-01,2011,7,3,1,stroke,all,all,upper_clear_likely_possible,death_certificate,quarterly_count,77,77,count,77,,,final,bnr_sdc_v1,6,0,0,0,0,,none,No disclosure restriction identified.
MORT-BURDEN-001,mort_2026_07,quarterly,2011_q3,2011-07-01,2011,7,3,1,stroke,all,all,upper_clear_likely_possible,death_certificate,quarterly_same_quarter_previous_5yr_mean,,,count,,,1,insufficient_history,bnr_sdc_v1,6,0,0,0,0,,none,No disclosure restriction identified.
MORT-BURDEN-001,mort_2026_07,quarterly,2011_q3,2011-07-01,2011,7,3,1,stroke,female,all,upper_clear_likely_possible,death_certificate,quarterly_count,47,47,count,47,,,final,bnr_sdc_v1,6,0,0,0,0,,none,No disclosure restriction identified.
MORT-BURDEN-001,mort_2026_07,quarterly,2011_q3,2011-07-01,2011,7,3,1,stroke,female,all,upper_clear_likely_possible,death_certificate,quarterly_same_quarter_previous_5yr_mean,,,count,,,1,insufficient_history,bnr_sdc_v1,6,0,0,0,0,,none,No disclosure restriction identified.
MORT-BURDEN-001,mort_2026_07,quarterly,2011_q3,2011-07-01,2011,7,3,1,stroke,male,all,upper_clear_likely_possible,death_certificate,quarterly_count,30,30,count,30,,,final,bnr_sdc_v1,6,0,0,0,0,,none,No disclosure restriction identified.
MORT-BURDEN-001,mort_2026_07,quarterly,2011_q3,2011-07-01,2011,7,3,1,stroke,male,all,upper_clear_likely_possible,death_certificate,quarterly_same_quarter_previous_5yr_mean,,,count,,,1,insufficient_history,bnr_sdc_v1,6,0,0,0,0,,none,No disclosure restriction identified.
MORT-BURDEN-001,mort_2026_07,quarterly,2011_q4,2011-10-01,2011,10,4,1,all_cvd,all,all,primary_clear_likely,death_certificate,quarterly_count,117,117,count,117,,,final,bnr_sdc_v1,6,0,0,0,0,,none,No disclosure restriction identified.
MORT-BURDEN-001,mort_2026_07,quarterly,2011_q4,2011-10-01,2011,10,4,1,all_cvd,all,all,primary_clear_likely,death_certificate,quarterly_same_quarter_previous_5yr_mean,,,count,,,1,insufficient_history,bnr_sdc_v1,6,0,0,0,0,,none,No disclosure restriction identified.
MORT-BURDEN-001,mort_2026_07,quarterly,2011_q4,2011-10-01,2011,10,4,1,all_cvd,female,all,primary_clear_likely,death_certificate,quarterly_count,58,58,count,58,,,final,bnr_sdc_v1,6,0,0,0,0,,none,No disclosure restriction identified.
MORT-BURDEN-001,mort_2026_07,quarterly,2011_q4,2011-10-01,2011,10,4,1,all_cvd,female,all,primary_clear_likely,death_certificate,quarterly_same_quarter_previous_5yr_mean,,,count,,,1,insufficient_history,bnr_sdc_v1,6,0,0,0,0,,none,No disclosure restriction identified.
MORT-BURDEN-001,mort_2026_07,quarterly,2011_q4,2011-10-01,2011,10,4,1,all_cvd,male,all,primary_clear_likely,death_certificate,quarterly_count,59,59,count,59,,,final,bnr_sdc_v1,6,0,0,0,0,,none,No disclosure restriction identified.
MORT-BURDEN-001,mort_2026_07,quarterly,2011_q4,2011-10-01,2011,10,4,1,all_cvd,male,all,primary_clear_likely,death_certificate,quarterly_same_quarter_previous_5yr_mean,,,count,,,1,insufficient_history,bnr_sdc_v1,6,0,0,0,0,,none,No disclosure restriction identified.
MORT-BURDEN-001,mort_2026_07,quarterly,2011_q4,2011-10-01,2011,10,4,1,heart,all,all,primary_clear_likely,death_certificate,quarterly_count,53,53,count,53,,,final,bnr_sdc_v1,6,0,0,0,0,,none,No disclosure restriction identified.
MORT-BURDEN-001,mort_2026_07,quarterly,2011_q4,2011-10-01,2011,10,4,1,heart,all,all,primary_clear_likely,death_certificate,quarterly_same_quarter_previous_5yr_mean,,,count,,,1,insufficient_history,bnr_sdc_v1,6,0,0,0,0,,none,No disclosure restriction identified.
MORT-BURDEN-001,mort_2026_07,quarterly,2011_q4,2011-10-01,2011,10,4,1,heart,female,all,primary_clear_likely,death_certificate,quarterly_count,26,26,count,26,,,final,bnr_sdc_v1,6,0,0,0,0,,none,No disclosure restriction identified.
MORT-BURDEN-001,mort_2026_07,quarterly,2011_q4,2011-10-01,2011,10,4,1,heart,female,all,primary_clear_likely,death_certificate,quarterly_same_quarter_previous_5yr_mean,,,count,,,1,insufficient_history,bnr_sdc_v1,6,0,0,0,0,,none,No disclosure restriction identified.
MORT-BURDEN-001,mort_2026_07,quarterly,2011_q4,2011-10-01,2011,10,4,1,heart,male,all,primary_clear_likely,death_certificate,quarterly_count,27,27,count,27,,,final,bnr_sdc_v1,6,0,0,0,0,,none,No disclosure restriction identified.
MORT-BURDEN-001,mort_2026_07,quarterly,2011_q4,2011-10-01,2011,10,4,1,heart,male,all,primary_clear_likely,death_certificate,quarterly_same_quarter_previous_5yr_mean,,,count,,,1,insufficient_history,bnr_sdc_v1,6,0,0,0,0,,none,No disclosure restriction identified.
MORT-BURDEN-001,mort_2026_07,quarterly,2011_q4,2011-10-01,2011,10,4,1,stroke,all,all,primary_clear_likely,death_certificate,quarterly_count,64,64,count,64,,,final,bnr_sdc_v1,6,0,0,0,0,,none,No disclosure restriction identified.
MORT-BURDEN-001,mort_2026_07,quarterly,2011_q4,2011-10-01,2011,10,4,1,stroke,all,all,primary_clear_likely,death_certificate,quarterly_same_quarter_previous_5yr_mean,,,count,,,1,insufficient_history,bnr_sdc_v1,6,0,0,0,0,,none,No disclosure restriction identified.
MORT-BURDEN-001,mort_2026_07,quarterly,2011_q4,2011-10-01,2011,10,4,1,stroke,female,all,primary_clear_likely,death_certificate,quarterly_count,32,32,count,32,,,final,bnr_sdc_v1,6,0,0,0,0,,none,No disclosure restriction identified.
MORT-BURDEN-001,mort_2026_07,quarterly,2011_q4,2011-10-01,2011,10,4,1,stroke,female,all,primary_clear_likely,death_certificate,quarterly_same_quarter_previous_5yr_mean,,,count,,,1,insufficient_history,bnr_sdc_v1,6,0,0,0,0,,none,No disclosure restriction identified.
MORT-BURDEN-001,mort_2026_07,quarterly,2011_q4,2011-10-01,2011,10,4,1,stroke,male,all,primary_clear_likely,death_certificate,quarterly_count,32,32,count,32,,,final,bnr_sdc_v1,6,0,0,0,0,,none,No disclosure restriction identified.
MORT-BURDEN-001,mort_2026_07,quarterly,2011_q4,2011-10-01,2011,10,4,1,stroke,male,all,primary_clear_likely,death_certificate,quarterly_same_quarter_previous_5yr_mean,,,count,,,1,insufficient_history,bnr_sdc_v1,6,0,0,0,0,,none,No disclosure restriction identified.
MORT-BURDEN-001,mort_2026_07,quarterly,2011_q4,2011-10-01,2011,10,4,1,all_cvd,all,all,upper_clear_likely_possible,death_certificate,quarterly_count,131,131,count,131,,,final,bnr_sdc_v1,6,0,0,0,0,,none,No disclosure restriction identified.
MORT-BURDEN-001,mort_2026_07,quarterly,2011_q4,2011-10-01,2011,10,4,1,all_cvd,all,all,upper_clear_likely_possible,death_certificate,quarterly_same_quarter_previous_5yr_mean,,,count,,,1,insufficient_history,bnr_sdc_v1,6,0,0,0,0,,none,No disclosure restriction identified.
MORT-BURDEN-001,mort_2026_07,quarterly,2011_q4,2011-10-01,2011,10,4,1,all_cvd,female,all,upper_clear_likely_possible,death_certificate,quarterly_count,65,65,count,65,,,final,bnr_sdc_v1,6,0,0,0,0,,none,No disclosure restriction identified.
MORT-BURDEN-001,mort_2026_07,quarterly,2011_q4,2011-10-01,2011,10,4,1,all_cvd,female,all,upper_clear_likely_possible,death_certificate,quarterly_same_quarter_previous_5yr_mean,,,count,,,1,insufficient_history,bnr_sdc_v1,6,0,0,0,0,,none,No disclosure restriction identified.
MORT-BURDEN-001,mort_2026_07,quarterly,2011_q4,2011-10-01,2011,10,4,1,all_cvd,male,all,upper_clear_likely_possible,death_certificate,quarterly_count,66,66,count,66,,,final,bnr_sdc_v1,6,0,0,0,0,,none,No disclosure restriction identified.
MORT-BURDEN-001,mort_2026_07,quarterly,2011_q4,2011-10-01,2011,10,4,1,all_cvd,male,all,upper_clear_likely_possible,death_certificate,quarterly_same_quarter_previous_5yr_mean,,,count,,,1,insufficient_history,bnr_sdc_v1,6,0,0,0,0,,none,No disclosure restriction identified.
MORT-BURDEN-001,mort_2026_07,quarterly,2011_q4,2011-10-01,2011,10,4,1,heart,all,all,upper_clear_likely_possible,death_certificate,quarterly_count,60,60,count,60,,,final,bnr_sdc_v1,6,0,0,0,0,,none,No disclosure restriction identified.
MORT-BURDEN-001,mort_2026_07,quarterly,2011_q4,2011-10-01,2011,10,4,1,heart,all,all,upper_clear_likely_possible,death_certificate,quarterly_same_quarter_previous_5yr_mean,,,count,,,1,insufficient_history,bnr_sdc_v1,6,0,0,0,0,,none,No disclosure restriction identified.
MORT-BURDEN-001,mort_2026_07,quarterly,2011_q4,2011-10-01,2011,10,4,1,heart,female,all,upper_clear_likely_possible,death_certificate,quarterly_count,28,28,count,28,,,final,bnr_sdc_v1,6,0,0,0,0,,none,No disclosure restriction identified.
MORT-BURDEN-001,mort_2026_07,quarterly,2011_q4,2011-10-01,2011,10,4,1,heart,female,all,upper_clear_likely_possible,death_certificate,quarterly_same_quarter_previous_5yr_mean,,,count,,,1,insufficient_history,bnr_sdc_v1,6,0,0,0,0,,none,No disclosure restriction identified.
MORT-BURDEN-001,mort_2026_07,quarterly,2011_q4,2011-10-01,2011,10,4,1,heart,male,all,upper_clear_likely_possible,death_certificate,quarterly_count,32,32,count,32,,,final,bnr_sdc_v1,6,0,0,0,0,,none,No disclosure restriction identified.
MORT-BURDEN-001,mort_2026_07,quarterly,2011_q4,2011-10-01,2011,10,4,1,heart,male,all,upper_clear_likely_possible,death_certificate,quarterly_same_quarter_previous_5yr_mean,,,count,,,1,insufficient_history,bnr_sdc_v1,6,0,0,0,0,,none,No disclosure restriction identified.
MORT-BURDEN-001,mort_2026_07,quarterly,2011_q4,2011-10-01,2011,10,4,1,stroke,all,all,upper_clear_likely_possible,death_certificate,quarterly_count,71,71,count,71,,,final,bnr_sdc_v1,6,0,0,0,0,,none,No disclosure restriction identified.
MORT-BURDEN-001,mort_2026_07,quarterly,2011_q4,2011-10-01,2011,10,4,1,stroke,all,all,upper_clear_likely_possible,death_certificate,quarterly_same_quarter_previous_5yr_mean,,,count,,,1,insufficient_history,bnr_sdc_v1,6,0,0,0,0,,none,No disclosure restriction identified.
MORT-BURDEN-001,mort_2026_07,quarterly,2011_q4,2011-10-01,2011,10,4,1,stroke,female,all,upper_clear_likely_possible,death_certificate,quarterly_count,37,37,count,37,,,final,bnr_sdc_v1,6,0,0,0,0,,none,No disclosure restriction identified.
MORT-BURDEN-001,mort_2026_07,quarterly,2011_q4,2011-10-01,2011,10,4,1,stroke,female,all,upper_clear_likely_possible,death_certificate,quarterly_same_quarter_previous_5yr_mean,,,count,,,1,insufficient_history,bnr_sdc_v1,6,0,0,0,0,,none,No disclosure restriction identified.
MORT-BURDEN-001,mort_2026_07,quarterly,2011_q4,2011-10-01,2011,10,4,1,stroke,male,all,upper_clear_likely_possible,death_certificate,quarterly_count,34,34,count,34,,,final,bnr_sdc_v1,6,0,0,0,0,,none,No disclosure restriction identified.
MORT-BURDEN-001,mort_2026_07,quarterly,2011_q4,2011-10-01,2011,10,4,1,stroke,male,all,upper_clear_likely_possible,death_certificate,quarterly_same_quarter_previous_5yr_mean,,,count,,,1,insufficient_history,bnr_sdc_v1,6,0,0,0,0,,none,No disclosure restriction identified.
MORT-BURDEN-001,mort_2026_07,quarterly,2012_q1,2012-01-01,2012,1,1,1,all_cvd,all,all,primary_clear_likely,death_certificate,quarterly_count,127,127,count,127,,,final,bnr_sdc_v1,6,0,0,0,0,,none,No disclosure restriction identified.
MORT-BURDEN-001,mort_2026_07,quarterly,2012_q1,2012-01-01,2012,1,1,1,all_cvd,all,all,primary_clear_likely,death_certificate,quarterly_same_quarter_previous_5yr_mean,,,count,,,2,insufficient_history,bnr_sdc_v1,6,0,0,0,0,,none,No disclosure restriction identified.
MORT-BURDEN-001,mort_2026_07,quarterly,2012_q1,2012-01-01,2012,1,1,1,all_cvd,female,all,primary_clear_likely,death_certificate,quarterly_count,71,71,count,71,,,final,bnr_sdc_v1,6,0,0,0,0,,none,No disclosure restriction identified.
MORT-BURDEN-001,mort_2026_07,quarterly,2012_q1,2012-01-01,2012,1,1,1,all_cvd,female,all,primary_clear_likely,death_certificate,quarterly_same_quarter_previous_5yr_mean,,,count,,,2,insufficient_history,bnr_sdc_v1,6,0,0,0,0,,none,No disclosure restriction identified.
MORT-BURDEN-001,mort_2026_07,quarterly,2012_q1,2012-01-01,2012,1,1,1,all_cvd,male,all,primary_clear_likely,death_certificate,quarterly_count,56,56,count,56,,,final,bnr_sdc_v1,6,0,0,0,0,,none,No disclosure restriction identified.
MORT-BURDEN-001,mort_2026_07,quarterly,2012_q1,2012-01-01,2012,1,1,1,all_cvd,male,all,primary_clear_likely,death_certificate,quarterly_same_quarter_previous_5yr_mean,,,count,,,2,insufficient_history,bnr_sdc_v1,6,0,0,0,0,,none,No disclosure restriction identified.
MORT-BURDEN-001,mort_2026_07,quarterly,2012_q1,2012-01-01,2012,1,1,1,heart,all,all,primary_clear_likely,death_certificate,quarterly_count,60,60,count,60,,,final,bnr_sdc_v1,6,0,0,0,0,,none,No disclosure restriction identified.
MORT-BURDEN-001,mort_2026_07,quarterly,2012_q1,2012-01-01,2012,1,1,1,heart,all,all,primary_clear_likely,death_certificate,quarterly_same_quarter_previous_5yr_mean,,,count,,,2,insufficient_history,bnr_sdc_v1,6,0,0,0,0,,none,No disclosure restriction identified.
MORT-BURDEN-001,mort_2026_07,quarterly,2012_q1,2012-01-01,2012,1,1,1,heart,female,all,primary_clear_likely,death_certificate,quarterly_count,36,36,count,36,,,final,bnr_sdc_v1,6,0,0,0,0,,none,No disclosure restriction identified.
MORT-BURDEN-001,mort_2026_07,quarterly,2012_q1,2012-01-01,2012,1,1,1,heart,female,all,primary_clear_likely,death_certificate,quarterly_same_quarter_previous_5yr_mean,,,count,,,2,insufficient_history,bnr_sdc_v1,6,0,0,0,0,,none,No disclosure restriction identified.
MORT-BURDEN-001,mort_2026_07,quarterly,2012_q1,2012-01-01,2012,1,1,1,heart,male,all,primary_clear_likely,death_certificate,quarterly_count,24,24,count,24,,,final,bnr_sdc_v1,6,0,0,0,0,,none,No disclosure restriction identified.
MORT-BURDEN-001,mort_2026_07,quarterly,2012_q1,2012-01-01,2012,1,1,1,heart,male,all,primary_clear_likely,death_certificate,quarterly_same_quarter_previous_5yr_mean,,,count,,,2,insufficient_history,bnr_sdc_v1,6,0,0,0,0,,none,No disclosure restriction identified.
MORT-BURDEN-001,mort_2026_07,quarterly,2012_q1,2012-01-01,2012,1,1,1,stroke,all,all,primary_clear_likely,death_certificate,quarterly_count,67,67,count,67,,,final,bnr_sdc_v1,6,0,0,0,0,,none,No disclosure restriction identified.
MORT-BURDEN-001,mort_2026_07,quarterly,2012_q1,2012-01-01,2012,1,1,1,stroke,all,all,primary_clear_likely,death_certificate,quarterly_same_quarter_previous_5yr_mean,,,count,,,2,insufficient_history,bnr_sdc_v1,6,0,0,0,0,,none,No disclosure restriction identified.
MORT-BURDEN-001,mort_2026_07,quarterly,2012_q1,2012-01-01,2012,1,1,1,stroke,female,all,primary_clear_likely,death_certificate,quarterly_count,35,35,count,35,,,final,bnr_sdc_v1,6,0,0,0,0,,none,No disclosure restriction identified.
MORT-BURDEN-001,mort_2026_07,quarterly,2012_q1,2012-01-01,2012,1,1,1,stroke,female,all,primary_clear_likely,death_certificate,quarterly_same_quarter_previous_5yr_mean,,,count,,,2,insufficient_history,bnr_sdc_v1,6,0,0,0,0,,none,No disclosure restriction identified.
MORT-BURDEN-001,mort_2026_07,quarterly,2012_q1,2012-01-01,2012,1,1,1,stroke,male,all,primary_clear_likely,death_certificate,quarterly_count,32,32,count,32,,,final,bnr_sdc_v1,6,0,0,0,0,,none,No disclosure restriction identified.
MORT-BURDEN-001,mort_2026_07,quarterly,2012_q1,2012-01-01,2012,1,1,1,stroke,male,all,primary_clear_likely,death_certificate,quarterly_same_quarter_previous_5yr_mean,,,count,,,2,insufficient_history,bnr_sdc_v1,6,0,0,0,0,,none,No disclosure restriction identified.
MORT-BURDEN-001,mort_2026_07,quarterly,2012_q1,2012-01-01,2012,1,1,1,all_cvd,all,all,upper_clear_likely_possible,death_certificate,quarterly_count,146,146,count,146,,,final,bnr_sdc_v1,6,0,0,0,0,,none,No disclosure restriction identified.
MORT-BURDEN-001,mort_2026_07,quarterly,2012_q1,2012-01-01,2012,1,1,1,all_cvd,all,all,upper_clear_likely_possible,death_certificate,quarterly_same_quarter_previous_5yr_mean,,,count,,,2,insufficient_history,bnr_sdc_v1,6,0,0,0,0,,none,No disclosure restriction identified.
MORT-BURDEN-001,mort_2026_07,quarterly,2012_q1,2012-01-01,2012,1,1,1,all_cvd,female,all,upper_clear_likely_possible,death_certificate,quarterly_count,80,80,count,80,,,final,bnr_sdc_v1,6,0,0,0,0,,none,No disclosure restriction identified.
MORT-BURDEN-001,mort_2026_07,quarterly,2012_q1,2012-01-01,2012,1,1,1,all_cvd,female,all,upper_clear_likely_possible,death_certificate,quarterly_same_quarter_previous_5yr_mean,,,count,,,2,insufficient_history,bnr_sdc_v1,6,0,0,0,0,,none,No disclosure restriction identified.
MORT-BURDEN-001,mort_2026_07,quarterly,2012_q1,2012-01-01,2012,1,1,1,all_cvd,male,all,upper_clear_likely_possible,death_certificate,quarterly_count,66,66,count,66,,,final,bnr_sdc_v1,6,0,0,0,0,,none,No disclosure restriction identified.
MORT-BURDEN-001,mort_2026_07,quarterly,2012_q1,2012-01-01,2012,1,1,1,all_cvd,male,all,upper_clear_likely_possible,death_certificate,quarterly_same_quarter_previous_5yr_mean,,,count,,,2,insufficient_history,bnr_sdc_v1,6,0,0,0,0,,none,No disclosure restriction identified.
MORT-BURDEN-001,mort_2026_07,quarterly,2012_q1,2012-01-01,2012,1,1,1,heart,all,all,upper_clear_likely_possible,death_certificate,quarterly_count,73,73,count,73,,,final,bnr_sdc_v1,6,0,0,0,0,,none,No disclosure restriction identified.
MORT-BURDEN-001,mort_2026_07,quarterly,2012_q1,2012-01-01,2012,1,1,1,heart,all,all,upper_clear_likely_possible,death_certificate,quarterly_same_quarter_previous_5yr_mean,,,count,,,2,insufficient_history,bnr_sdc_v1,6,0,0,0,0,,none,No disclosure restriction identified.
MORT-BURDEN-001,mort_2026_07,quarterly,2012_q1,2012-01-01,2012,1,1,1,heart,female,all,upper_clear_likely_possible,death_certificate,quarterly_count,42,42,count,42,,,final,bnr_sdc_v1,6,0,0,0,0,,none,No disclosure restriction identified.
MORT-BURDEN-001,mort_2026_07,quarterly,2012_q1,2012-01-01,2012,1,1,1,heart,female,all,upper_clear_likely_possible,death_certificate,quarterly_same_quarter_previous_5yr_mean,,,count,,,2,insufficient_history,bnr_sdc_v1,6,0,0,0,0,,none,No disclosure restriction identified.
MORT-BURDEN-001,mort_2026_07,quarterly,2012_q1,2012-01-01,2012,1,1,1,heart,male,all,upper_clear_likely_possible,death_certificate,quarterly_count,31,31,count,31,,,final,bnr_sdc_v1,6,0,0,0,0,,none,No disclosure restriction identified.
MORT-BURDEN-001,mort_2026_07,quarterly,2012_q1,2012-01-01,2012,1,1,1,heart,male,all,upper_clear_likely_possible,death_certificate,quarterly_same_quarter_previous_5yr_mean,,,count,,,2,insufficient_history,bnr_sdc_v1,6,0,0,0,0,,none,No disclosure restriction identified.
MORT-BURDEN-001,mort_2026_07,quarterly,2012_q1,2012-01-01,2012,1,1,1,stroke,all,all,upper_clear_likely_possible,death_certificate,quarterly_count,73,73,count,73,,,final,bnr_sdc_v1,6,0,0,0,0,,none,No disclosure restriction identified.
MORT-BURDEN-001,mort_2026_07,quarterly,2012_q1,2012-01-01,2012,1,1,1,stroke,all,all,upper_clear_likely_possible,death_certificate,quarterly_same_quarter_previous_5yr_mean,,,count,,,2,insufficient_history,bnr_sdc_v1,6,0,0,0,0,,none,No disclosure restriction identified.
MORT-BURDEN-001,mort_2026_07,quarterly,2012_q1,2012-01-01,2012,1,1,1,stroke,female,all,upper_clear_likely_possible,death_certificate,quarterly_count,38,38,count,38,,,final,bnr_sdc_v1,6,0,0,0,0,,none,No disclosure restriction identified.
MORT-BURDEN-001,mort_2026_07,quarterly,2012_q1,2012-01-01,2012,1,1,1,stroke,female,all,upper_clear_likely_possible,death_certificate,quarterly_same_quarter_previous_5yr_mean,,,count,,,2,insufficient_history,bnr_sdc_v1,6,0,0,0,0,,none,No disclosure restriction identified.
MORT-BURDEN-001,mort_2026_07,quarterly,2012_q1,2012-01-01,2012,1,1,1,stroke,male,all,upper_clear_likely_possible,death_certificate,quarterly_count,35,35,count,35,,,final,bnr_sdc_v1,6,0,0,0,0,,none,No disclosure restriction identified.
MORT-BURDEN-001,mort_2026_07,quarterly,2012_q1,2012-01-01,2012,1,1,1,stroke,male,all,upper_clear_likely_possible,death_certificate,quarterly_same_quarter_previous_5yr_mean,,,count,,,2,insufficient_history,bnr_sdc_v1,6,0,0,0,0,,none,No disclosure restriction identified.
MORT-BURDEN-001,mort_2026_07,quarterly,2012_q2,2012-04-01,2012,4,2,1,all_cvd,all,all,primary_clear_likely,death_certificate,quarterly_count,139,139,count,139,,,final,bnr_sdc_v1,6,0,0,0,0,,none,No disclosure restriction identified.
MORT-BURDEN-001,mort_2026_07,quarterly,2012_q2,2012-04-01,2012,4,2,1,all_cvd,all,all,primary_clear_likely,death_certificate,quarterly_same_quarter_previous_5yr_mean,,,count,,,2,insufficient_history,bnr_sdc_v1,6,0,0,0,0,,none,No disclosure restriction identified.
MORT-BURDEN-001,mort_2026_07,quarterly,2012_q2,2012-04-01,2012,4,2,1,all_cvd,female,all,primary_clear_likely,death_certificate,quarterly_count,73,73,count,73,,,final,bnr_sdc_v1,6,0,0,0,0,,none,No disclosure restriction identified.
MORT-BURDEN-001,mort_2026_07,quarterly,2012_q2,2012-04-01,2012,4,2,1,all_cvd,female,all,primary_clear_likely,death_certificate,quarterly_same_quarter_previous_5yr_mean,,,count,,,2,insufficient_history,bnr_sdc_v1,6,0,0,0,0,,none,No disclosure restriction identified.
MORT-BURDEN-001,mort_2026_07,quarterly,2012_q2,2012-04-01,2012,4,2,1,all_cvd,male,all,primary_clear_likely,death_certificate,quarterly_count,66,66,count,66,,,final,bnr_sdc_v1,6,0,0,0,0,,none,No disclosure restriction identified.
MORT-BURDEN-001,mort_2026_07,quarterly,2012_q2,2012-04-01,2012,4,2,1,all_cvd,male,all,primary_clear_likely,death_certificate,quarterly_same_quarter_previous_5yr_mean,,,count,,,2,insufficient_history,bnr_sdc_v1,6,0,0,0,0,,none,No disclosure restriction identified.
MORT-BURDEN-001,mort_2026_07,quarterly,2012_q2,2012-04-01,2012,4,2,1,heart,all,all,primary_clear_likely,death_certificate,quarterly_count,66,66,count,66,,,final,bnr_sdc_v1,6,0,0,0,0,,none,No disclosure restriction identified.
MORT-BURDEN-001,mort_2026_07,quarterly,2012_q2,2012-04-01,2012,4,2,1,heart,all,all,primary_clear_likely,death_certificate,quarterly_same_quarter_previous_5yr_mean,,,count,,,2,insufficient_history,bnr_sdc_v1,6,0,0,0,0,,none,No disclosure restriction identified.
MORT-BURDEN-001,mort_2026_07,quarterly,2012_q2,2012-04-01,2012,4,2,1,heart,female,all,primary_clear_likely,death_certificate,quarterly_count,31,31,count,31,,,final,bnr_sdc_v1,6,0,0,0,0,,none,No disclosure restriction identified.
MORT-BURDEN-001,mort_2026_07,quarterly,2012_q2,2012-04-01,2012,4,2,1,heart,female,all,primary_clear_likely,death_certificate,quarterly_same_quarter_previous_5yr_mean,,,count,,,2,insufficient_history,bnr_sdc_v1,6,0,0,0,0,,none,No disclosure restriction identified.
MORT-BURDEN-001,mort_2026_07,quarterly,2012_q2,2012-04-01,2012,4,2,1,heart,male,all,primary_clear_likely,death_certificate,quarterly_count,35,35,count,35,,,final,bnr_sdc_v1,6,0,0,0,0,,none,No disclosure restriction identified.
MORT-BURDEN-001,mort_2026_07,quarterly,2012_q2,2012-04-01,2012,4,2,1,heart,male,all,primary_clear_likely,death_certificate,quarterly_same_quarter_previous_5yr_mean,,,count,,,2,insufficient_history,bnr_sdc_v1,6,0,0,0,0,,none,No disclosure restriction identified.
MORT-BURDEN-001,mort_2026_07,quarterly,2012_q2,2012-04-01,2012,4,2,1,stroke,all,all,primary_clear_likely,death_certificate,quarterly_count,73,73,count,73,,,final,bnr_sdc_v1,6,0,0,0,0,,none,No disclosure restriction identified.
MORT-BURDEN-001,mort_2026_07,quarterly,2012_q2,2012-04-01,2012,4,2,1,stroke,all,all,primary_clear_likely,death_certificate,quarterly_same_quarter_previous_5yr_mean,,,count,,,2,insufficient_history,bnr_sdc_v1,6,0,0,0,0,,none,No disclosure restriction identified.
MORT-BURDEN-001,mort_2026_07,quarterly,2012_q2,2012-04-01,2012,4,2,1,stroke,female,all,primary_clear_likely,death_certificate,quarterly_count,42,42,count,42,,,final,bnr_sdc_v1,6,0,0,0,0,,none,No disclosure restriction identified.
MORT-BURDEN-001,mort_2026_07,quarterly,2012_q2,2012-04-01,2012,4,2,1,stroke,female,all,primary_clear_likely,death_certificate,quarterly_same_quarter_previous_5yr_mean,,,count,,,2,insufficient_history,bnr_sdc_v1,6,0,0,0,0,,none,No disclosure restriction identified.
MORT-BURDEN-001,mort_2026_07,quarterly,2012_q2,2012-04-01,2012,4,2,1,stroke,male,all,primary_clear_likely,death_certificate,quarterly_count,31,31,count,31,,,final,bnr_sdc_v1,6,0,0,0,0,,none,No disclosure restriction identified.
MORT-BURDEN-001,mort_2026_07,quarterly,2012_q2,2012-04-01,2012,4,2,1,stroke,male,all,primary_clear_likely,death_certificate,quarterly_same_quarter_previous_5yr_mean,,,count,,,2,insufficient_history,bnr_sdc_v1,6,0,0,0,0,,none,No disclosure restriction identified.
MORT-BURDEN-001,mort_2026_07,quarterly,2012_q2,2012-04-01,2012,4,2,1,all_cvd,all,all,upper_clear_likely_possible,death_certificate,quarterly_count,145,145,count,145,,,final,bnr_sdc_v1,6,0,0,0,0,,none,No disclosure restriction identified.
MORT-BURDEN-001,mort_2026_07,quarterly,2012_q2,2012-04-01,2012,4,2,1,all_cvd,all,all,upper_clear_likely_possible,death_certificate,quarterly_same_quarter_previous_5yr_mean,,,count,,,2,insufficient_history,bnr_sdc_v1,6,0,0,0,0,,none,No disclosure restriction identified.
MORT-BURDEN-001,mort_2026_07,quarterly,2012_q2,2012-04-01,2012,4,2,1,all_cvd,female,all,upper_clear_likely_possible,death_certificate,quarterly_count,77,77,count,77,,,final,bnr_sdc_v1,6,0,0,0,0,,none,No disclosure restriction identified.
MORT-BURDEN-001,mort_2026_07,quarterly,2012_q2,2012-04-01,2012,4,2,1,all_cvd,female,all,upper_clear_likely_possible,death_certificate,quarterly_same_quarter_previous_5yr_mean,,,count,,,2,insufficient_history,bnr_sdc_v1,6,0,0,0,0,,none,No disclosure restriction identified.
MORT-BURDEN-001,mort_2026_07,quarterly,2012_q2,2012-04-01,2012,4,2,1,all_cvd,male,all,upper_clear_likely_possible,death_certificate,quarterly_count,68,68,count,68,,,final,bnr_sdc_v1,6,0,0,0,0,,none,No disclosure restriction identified.
MORT-BURDEN-001,mort_2026_07,quarterly,2012_q2,2012-04-01,2012,4,2,1,all_cvd,male,all,upper_clear_likely_possible,death_certificate,quarterly_same_quarter_previous_5yr_mean,,,count,,,2,insufficient_history,bnr_sdc_v1,6,0,0,0,0,,none,No disclosure restriction identified.
MORT-BURDEN-001,mort_2026_07,quarterly,2012_q2,2012-04-01,2012,4,2,1,heart,all,all,upper_clear_likely_possible,death_certificate,quarterly_count,70,70,count,70,,,final,bnr_sdc_v1,6,0,0,0,0,,none,No disclosure restriction identified.
MORT-BURDEN-001,mort_2026_07,quarterly,2012_q2,2012-04-01,2012,4,2,1,heart,all,all,upper_clear_likely_possible,death_certificate,quarterly_same_quarter_previous_5yr_mean,,,count,,,2,insufficient_history,bnr_sdc_v1,6,0,0,0,0,,none,No disclosure restriction identified.
MORT-BURDEN-001,mort_2026_07,quarterly,2012_q2,2012-04-01,2012,4,2,1,heart,female,all,upper_clear_likely_possible,death_certificate,quarterly_count,34,34,count,34,,,final,bnr_sdc_v1,6,0,0,0,0,,none,No disclosure restriction identified.
MORT-BURDEN-001,mort_2026_07,quarterly,2012_q2,2012-04-01,2012,4,2,1,heart,female,all,upper_clear_likely_possible,death_certificate,quarterly_same_quarter_previous_5yr_mean,,,count,,,2,insufficient_history,bnr_sdc_v1,6,0,0,0,0,,none,No disclosure restriction identified.
MORT-BURDEN-001,mort_2026_07,quarterly,2012_q2,2012-04-01,2012,4,2,1,heart,male,all,upper_clear_likely_possible,death_certificate,quarterly_count,36,36,count,36,,,final,bnr_sdc_v1,6,0,0,0,0,,none,No disclosure restriction identified.
MORT-BURDEN-001,mort_2026_07,quarterly,2012_q2,2012-04-01,2012,4,2,1,heart,male,all,upper_clear_likely_possible,death_certificate,quarterly_same_quarter_previous_5yr_mean,,,count,,,2,insufficient_history,bnr_sdc_v1,6,0,0,0,0,,none,No disclosure restriction identified.
MORT-BURDEN-001,mort_2026_07,quarterly,2012_q2,2012-04-01,2012,4,2,1,stroke,all,all,upper_clear_likely_possible,death_certificate,quarterly_count,75,75,count,75,,,final,bnr_sdc_v1,6,0,0,0,0,,none,No disclosure restriction identified.
MORT-BURDEN-001,mort_2026_07,quarterly,2012_q2,2012-04-01,2012,4,2,1,stroke,all,all,upper_clear_likely_possible,death_certificate,quarterly_same_quarter_previous_5yr_mean,,,count,,,2,insufficient_history,bnr_sdc_v1,6,0,0,0,0,,none,No disclosure restriction identified.
MORT-BURDEN-001,mort_2026_07,quarterly,2012_q2,2012-04-01,2012,4,2,1,stroke,female,all,upper_clear_likely_possible,death_certificate,quarterly_count,43,43,count,43,,,final,bnr_sdc_v1,6,0,0,0,0,,none,No disclosure restriction identified.
MORT-BURDEN-001,mort_2026_07,quarterly,2012_q2,2012-04-01,2012,4,2,1,stroke,female,all,upper_clear_likely_possible,death_certificate,quarterly_same_quarter_previous_5yr_mean,,,count,,,2,insufficient_history,bnr_sdc_v1,6,0,0,0,0,,none,No disclosure restriction identified.
MORT-BURDEN-001,mort_2026_07,quarterly,2012_q2,2012-04-01,2012,4,2,1,stroke,male,all,upper_clear_likely_possible,death_certificate,quarterly_count,32,32,count,32,,,final,bnr_sdc_v1,6,0,0,0,0,,none,No disclosure restriction identified.
MORT-BURDEN-001,mort_2026_07,quarterly,2012_q2,2012-04-01,2012,4,2,1,stroke,male,all,upper_clear_likely_possible,death_certificate,quarterly_same_quarter_previous_5yr_mean,,,count,,,2,insufficient_history,bnr_sdc_v1,6,0,0,0,0,,none,No disclosure restriction identified.
MORT-BURDEN-001,mort_2026_07,quarterly,2012_q3,2012-07-01,2012,7,3,1,all_cvd,all,all,primary_clear_likely,death_certificate,quarterly_count,124,124,count,124,,,final,bnr_sdc_v1,6,0,0,0,0,,none,No disclosure restriction identified.
MORT-BURDEN-001,mort_2026_07,quarterly,2012_q3,2012-07-01,2012,7,3,1,all_cvd,all,all,primary_clear_likely,death_certificate,quarterly_same_quarter_previous_5yr_mean,,,count,,,2,insufficient_history,bnr_sdc_v1,6,0,0,0,0,,none,No disclosure restriction identified.
MORT-BURDEN-001,mort_2026_07,quarterly,2012_q3,2012-07-01,2012,7,3,1,all_cvd,female,all,primary_clear_likely,death_certificate,quarterly_count,62,62,count,62,,,final,bnr_sdc_v1,6,0,0,0,0,,none,No disclosure restriction identified.
MORT-BURDEN-001,mort_2026_07,quarterly,2012_q3,2012-07-01,2012,7,3,1,all_cvd,female,all,primary_clear_likely,death_certificate,quarterly_same_quarter_previous_5yr_mean,,,count,,,2,insufficient_history,bnr_sdc_v1,6,0,0,0,0,,none,No disclosure restriction identified.
MORT-BURDEN-001,mort_2026_07,quarterly,2012_q3,2012-07-01,2012,7,3,1,all_cvd,male,all,primary_clear_likely,death_certificate,quarterly_count,62,62,count,62,,,final,bnr_sdc_v1,6,0,0,0,0,,none,No disclosure restriction identified.
MORT-BURDEN-001,mort_2026_07,quarterly,2012_q3,2012-07-01,2012,7,3,1,all_cvd,male,all,primary_clear_likely,death_certificate,quarterly_same_quarter_previous_5yr_mean,,,count,,,2,insufficient_history,bnr_sdc_v1,6,0,0,0,0,,none,No disclosure restriction identified.
MORT-BURDEN-001,mort_2026_07,quarterly,2012_q3,2012-07-01,2012,7,3,1,heart,all,all,primary_clear_likely,death_certificate,quarterly_count,54,54,count,54,,,final,bnr_sdc_v1,6,0,0,0,0,,none,No disclosure restriction identified.
MORT-BURDEN-001,mort_2026_07,quarterly,2012_q3,2012-07-01,2012,7,3,1,heart,all,all,primary_clear_likely,death_certificate,quarterly_same_quarter_previous_5yr_mean,,,count,,,2,insufficient_history,bnr_sdc_v1,6,0,0,0,0,,none,No disclosure restriction identified.
MORT-BURDEN-001,mort_2026_07,quarterly,2012_q3,2012-07-01,2012,7,3,1,heart,female,all,primary_clear_likely,death_certificate,quarterly_count,24,24,count,24,,,final,bnr_sdc_v1,6,0,0,0,0,,none,No disclosure restriction identified.
MORT-BURDEN-001,mort_2026_07,quarterly,2012_q3,2012-07-01,2012,7,3,1,heart,female,all,primary_clear_likely,death_certificate,quarterly_same_quarter_previous_5yr_mean,,,count,,,2,insufficient_history,bnr_sdc_v1,6,0,0,0,0,,none,No disclosure restriction identified.
MORT-BURDEN-001,mort_2026_07,quarterly,2012_q3,2012-07-01,2012,7,3,1,heart,male,all,primary_clear_likely,death_certificate,quarterly_count,30,30,count,30,,,final,bnr_sdc_v1,6,0,0,0,0,,none,No disclosure restriction identified.
MORT-BURDEN-001,mort_2026_07,quarterly,2012_q3,2012-07-01,2012,7,3,1,heart,male,all,primary_clear_likely,death_certificate,quarterly_same_quarter_previous_5yr_mean,,,count,,,2,insufficient_history,bnr_sdc_v1,6,0,0,0,0,,none,No disclosure restriction identified.
MORT-BURDEN-001,mort_2026_07,quarterly,2012_q3,2012-07-01,2012,7,3,1,stroke,all,all,primary_clear_likely,death_certificate,quarterly_count,70,70,count,70,,,final,bnr_sdc_v1,6,0,0,0,0,,none,No disclosure restriction identified.
MORT-BURDEN-001,mort_2026_07,quarterly,2012_q3,2012-07-01,2012,7,3,1,stroke,all,all,primary_clear_likely,death_certificate,quarterly_same_quarter_previous_5yr_mean,,,count,,,2,insufficient_history,bnr_sdc_v1,6,0,0,0,0,,none,No disclosure restriction identified.
MORT-BURDEN-001,mort_2026_07,quarterly,2012_q3,2012-07-01,2012,7,3,1,stroke,female,all,primary_clear_likely,death_certificate,quarterly_count,38,38,count,38,,,final,bnr_sdc_v1,6,0,0,0,0,,none,No disclosure restriction identified.
MORT-BURDEN-001,mort_2026_07,quarterly,2012_q3,2012-07-01,2012,7,3,1,stroke,female,all,primary_clear_likely,death_certificate,quarterly_same_quarter_previous_5yr_mean,,,count,,,2,insufficient_history,bnr_sdc_v1,6,0,0,0,0,,none,No disclosure restriction identified.
MORT-BURDEN-001,mort_2026_07,quarterly,2012_q3,2012-07-01,2012,7,3,1,stroke,male,all,primary_clear_likely,death_certificate,quarterly_count,32,32,count,32,,,final,bnr_sdc_v1,6,0,0,0,0,,none,No disclosure restriction identified.
MORT-BURDEN-001,mort_2026_07,quarterly,2012_q3,2012-07-01,2012,7,3,1,stroke,male,all,primary_clear_likely,death_certificate,quarterly_same_quarter_previous_5yr_mean,,,count,,,2,insufficient_history,bnr_sdc_v1,6,0,0,0,0,,none,No disclosure restriction identified.
MORT-BURDEN-001,mort_2026_07,quarterly,2012_q3,2012-07-01,2012,7,3,1,all_cvd,all,all,upper_clear_likely_possible,death_certificate,quarterly_count,153,153,count,153,,,final,bnr_sdc_v1,6,0,0,0,0,,none,No disclosure restriction identified.
MORT-BURDEN-001,mort_2026_07,quarterly,2012_q3,2012-07-01,2012,7,3,1,all_cvd,all,all,upper_clear_likely_possible,death_certificate,quarterly_same_quarter_previous_5yr_mean,,,count,,,2,insufficient_history,bnr_sdc_v1,6,0,0,0,0,,none,No disclosure restriction identified.
MORT-BURDEN-001,mort_2026_07,quarterly,2012_q3,2012-07-01,2012,7,3,1,all_cvd,female,all,upper_clear_likely_possible,death_certificate,quarterly_count,76,76,count,76,,,final,bnr_sdc_v1,6,0,0,0,0,,none,No disclosure restriction identified.
MORT-BURDEN-001,mort_2026_07,quarterly,2012_q3,2012-07-01,2012,7,3,1,all_cvd,female,all,upper_clear_likely_possible,death_certificate,quarterly_same_quarter_previous_5yr_mean,,,count,,,2,insufficient_history,bnr_sdc_v1,6,0,0,0,0,,none,No disclosure restriction identified.
MORT-BURDEN-001,mort_2026_07,quarterly,2012_q3,2012-07-01,2012,7,3,1,all_cvd,male,all,upper_clear_likely_possible,death_certificate,quarterly_count,77,77,count,77,,,final,bnr_sdc_v1,6,0,0,0,0,,none,No disclosure restriction identified.
MORT-BURDEN-001,mort_2026_07,quarterly,2012_q3,2012-07-01,2012,7,3,1,all_cvd,male,all,upper_clear_likely_possible,death_certificate,quarterly_same_quarter_previous_5yr_mean,,,count,,,2,insufficient_history,bnr_sdc_v1,6,0,0,0,0,,none,No disclosure restriction identified.
MORT-BURDEN-001,mort_2026_07,quarterly,2012_q3,2012-07-01,2012,7,3,1,heart,all,all,upper_clear_likely_possible,death_certificate,quarterly_count,76,76,count,76,,,final,bnr_sdc_v1,6,0,0,0,0,,none,No disclosure restriction identified.
MORT-BURDEN-001,mort_2026_07,quarterly,2012_q3,2012-07-01,2012,7,3,1,heart,all,all,upper_clear_likely_possible,death_certificate,quarterly_same_quarter_previous_5yr_mean,,,count,,,2,insufficient_history,bnr_sdc_v1,6,0,0,0,0,,none,No disclosure restriction identified.
MORT-BURDEN-001,mort_2026_07,quarterly,2012_q3,2012-07-01,2012,7,3,1,heart,female,all,upper_clear_likely_possible,death_certificate,quarterly_count,35,35,count,35,,,final,bnr_sdc_v1,6,0,0,0,0,,none,No disclosure restriction identified.
MORT-BURDEN-001,mort_2026_07,quarterly,2012_q3,2012-07-01,2012,7,3,1,heart,female,all,upper_clear_likely_possible,death_certificate,quarterly_same_quarter_previous_5yr_mean,,,count,,,2,insufficient_history,bnr_sdc_v1,6,0,0,0,0,,none,No disclosure restriction identified.
MORT-BURDEN-001,mort_2026_07,quarterly,2012_q3,2012-07-01,2012,7,3,1,heart,male,all,upper_clear_likely_possible,death_certificate,quarterly_count,41,41,count,41,,,final,bnr_sdc_v1,6,0,0,0,0,,none,No disclosure restriction identified.
MORT-BURDEN-001,mort_2026_07,quarterly,2012_q3,2012-07-01,2012,7,3,1,heart,male,all,upper_clear_likely_possible,death_certificate,quarterly_same_quarter_previous_5yr_mean,,,count,,,2,insufficient_history,bnr_sdc_v1,6,0,0,0,0,,none,No disclosure restriction identified.
MORT-BURDEN-001,mort_2026_07,quarterly,2012_q3,2012-07-01,2012,7,3,1,stroke,all,all,upper_clear_likely_possible,death_certificate,quarterly_count,77,77,count,77,,,final,bnr_sdc_v1,6,0,0,0,0,,none,No disclosure restriction identified.
MORT-BURDEN-001,mort_2026_07,quarterly,2012_q3,2012-07-01,2012,7,3,1,stroke,all,all,upper_clear_likely_possible,death_certificate,quarterly_same_quarter_previous_5yr_mean,,,count,,,2,insufficient_history,bnr_sdc_v1,6,0,0,0,0,,none,No disclosure restriction identified.
MORT-BURDEN-001,mort_2026_07,quarterly,2012_q3,2012-07-01,2012,7,3,1,stroke,female,all,upper_clear_likely_possible,death_certificate,quarterly_count,41,41,count,41,,,final,bnr_sdc_v1,6,0,0,0,0,,none,No disclosure restriction identified.
MORT-BURDEN-001,mort_2026_07,quarterly,2012_q3,2012-07-01,2012,7,3,1,stroke,female,all,upper_clear_likely_possible,death_certificate,quarterly_same_quarter_previous_5yr_mean,,,count,,,2,insufficient_history,bnr_sdc_v1,6,0,0,0,0,,none,No disclosure restriction identified.
MORT-BURDEN-001,mort_2026_07,quarterly,2012_q3,2012-07-01,2012,7,3,1,stroke,male,all,upper_clear_likely_possible,death_certificate,quarterly_count,36,36,count,36,,,final,bnr_sdc_v1,6,0,0,0,0,,none,No disclosure restriction identified.
MORT-BURDEN-001,mort_2026_07,quarterly,2012_q3,2012-07-01,2012,7,3,1,stroke,male,all,upper_clear_likely_possible,death_certificate,quarterly_same_quarter_previous_5yr_mean,,,count,,,2,insufficient_history,bnr_sdc_v1,6,0,0,0,0,,none,No disclosure restriction identified.
MORT-BURDEN-001,mort_2026_07,quarterly,2012_q4,2012-10-01,2012,10,4,1,all_cvd,all,all,primary_clear_likely,death_certificate,quarterly_count,125,125,count,125,,,final,bnr_sdc_v1,6,0,0,0,0,,none,No disclosure restriction identified.
MORT-BURDEN-001,mort_2026_07,quarterly,2012_q4,2012-10-01,2012,10,4,1,all_cvd,all,all,primary_clear_likely,death_certificate,quarterly_same_quarter_previous_5yr_mean,,,count,,,2,insufficient_history,bnr_sdc_v1,6,0,0,0,0,,none,No disclosure restriction identified.
MORT-BURDEN-001,mort_2026_07,quarterly,2012_q4,2012-10-01,2012,10,4,1,all_cvd,female,all,primary_clear_likely,death_certificate,quarterly_count,81,81,count,81,,,final,bnr_sdc_v1,6,0,0,0,0,,none,No disclosure restriction identified.
MORT-BURDEN-001,mort_2026_07,quarterly,2012_q4,2012-10-01,2012,10,4,1,all_cvd,female,all,primary_clear_likely,death_certificate,quarterly_same_quarter_previous_5yr_mean,,,count,,,2,insufficient_history,bnr_sdc_v1,6,0,0,0,0,,none,No disclosure restriction identified.
MORT-BURDEN-001,mort_2026_07,quarterly,2012_q4,2012-10-01,2012,10,4,1,all_cvd,male,all,primary_clear_likely,death_certificate,quarterly_count,44,44,count,44,,,final,bnr_sdc_v1,6,0,0,0,0,,none,No disclosure restriction identified.
MORT-BURDEN-001,mort_2026_07,quarterly,2012_q4,2012-10-01,2012,10,4,1,all_cvd,male,all,primary_clear_likely,death_certificate,quarterly_same_quarter_previous_5yr_mean,,,count,,,2,insufficient_history,bnr_sdc_v1,6,0,0,0,0,,none,No disclosure restriction identified.
MORT-BURDEN-001,mort_2026_07,quarterly,2012_q4,2012-10-01,2012,10,4,1,heart,all,all,primary_clear_likely,death_certificate,quarterly_count,68,68,count,68,,,final,bnr_sdc_v1,6,0,0,0,0,,none,No disclosure restriction identified.
MORT-BURDEN-001,mort_2026_07,quarterly,2012_q4,2012-10-01,2012,10,4,1,heart,all,all,primary_clear_likely,death_certificate,quarterly_same_quarter_previous_5yr_mean,,,count,,,2,insufficient_history,bnr_sdc_v1,6,0,0,0,0,,none,No disclosure restriction identified.
MORT-BURDEN-001,mort_2026_07,quarterly,2012_q4,2012-10-01,2012,10,4,1,heart,female,all,primary_clear_likely,death_certificate,quarterly_count,39,39,count,39,,,final,bnr_sdc_v1,6,0,0,0,0,,none,No disclosure restriction identified.
MORT-BURDEN-001,mort_2026_07,quarterly,2012_q4,2012-10-01,2012,10,4,1,heart,female,all,primary_clear_likely,death_certificate,quarterly_same_quarter_previous_5yr_mean,,,count,,,2,insufficient_history,bnr_sdc_v1,6,0,0,0,0,,none,No disclosure restriction identified.
MORT-BURDEN-001,mort_2026_07,quarterly,2012_q4,2012-10-01,2012,10,4,1,heart,male,all,primary_clear_likely,death_certificate,quarterly_count,29,29,count,29,,,final,bnr_sdc_v1,6,0,0,0,0,,none,No disclosure restriction identified.
MORT-BURDEN-001,mort_2026_07,quarterly,2012_q4,2012-10-01,2012,10,4,1,heart,male,all,primary_clear_likely,death_certificate,quarterly_same_quarter_previous_5yr_mean,,,count,,,2,insufficient_history,bnr_sdc_v1,6,0,0,0,0,,none,No disclosure restriction identified.
MORT-BURDEN-001,mort_2026_07,quarterly,2012_q4,2012-10-01,2012,10,4,1,stroke,all,all,primary_clear_likely,death_certificate,quarterly_count,57,57,count,57,,,final,bnr_sdc_v1,6,0,0,0,0,,none,No disclosure restriction identified.
MORT-BURDEN-001,mort_2026_07,quarterly,2012_q4,2012-10-01,2012,10,4,1,stroke,all,all,primary_clear_likely,death_certificate,quarterly_same_quarter_previous_5yr_mean,,,count,,,2,insufficient_history,bnr_sdc_v1,6,0,0,0,0,,none,No disclosure restriction identified.
MORT-BURDEN-001,mort_2026_07,quarterly,2012_q4,2012-10-01,2012,10,4,1,stroke,female,all,primary_clear_likely,death_certificate,quarterly_count,42,42,count,42,,,final,bnr_sdc_v1,6,0,0,0,0,,none,No disclosure restriction identified.
MORT-BURDEN-001,mort_2026_07,quarterly,2012_q4,2012-10-01,2012,10,4,1,stroke,female,all,primary_clear_likely,death_certificate,quarterly_same_quarter_previous_5yr_mean,,,count,,,2,insufficient_history,bnr_sdc_v1,6,0,0,0,0,,none,No disclosure restriction identified.
MORT-BURDEN-001,mort_2026_07,quarterly,2012_q4,2012-10-01,2012,10,4,1,stroke,male,all,primary_clear_likely,death_certificate,quarterly_count,15,15,count,15,,,final,bnr_sdc_v1,6,0,0,0,0,,none,No disclosure restriction identified.
MORT-BURDEN-001,mort_2026_07,quarterly,2012_q4,2012-10-01,2012,10,4,1,stroke,male,all,primary_clear_likely,death_certificate,quarterly_same_quarter_previous_5yr_mean,,,count,,,2,insufficient_history,bnr_sdc_v1,6,0,0,0,0,,none,No disclosure restriction identified.
MORT-BURDEN-001,mort_2026_07,quarterly,2012_q4,2012-10-01,2012,10,4,1,all_cvd,all,all,upper_clear_likely_possible,death_certificate,quarterly_count,147,147,count,147,,,final,bnr_sdc_v1,6,0,0,0,0,,none,No disclosure restriction identified.
MORT-BURDEN-001,mort_2026_07,quarterly,2012_q4,2012-10-01,2012,10,4,1,all_cvd,all,all,upper_clear_likely_possible,death_certificate,quarterly_same_quarter_previous_5yr_mean,,,count,,,2,insufficient_history,bnr_sdc_v1,6,0,0,0,0,,none,No disclosure restriction identified.
MORT-BURDEN-001,mort_2026_07,quarterly,2012_q4,2012-10-01,2012,10,4,1,all_cvd,female,all,upper_clear_likely_possible,death_certificate,quarterly_count,91,91,count,91,,,final,bnr_sdc_v1,6,0,0,0,0,,none,No disclosure restriction identified.
MORT-BURDEN-001,mort_2026_07,quarterly,2012_q4,2012-10-01,2012,10,4,1,all_cvd,female,all,upper_clear_likely_possible,death_certificate,quarterly_same_quarter_previous_5yr_mean,,,count,,,2,insufficient_history,bnr_sdc_v1,6,0,0,0,0,,none,No disclosure restriction identified.
MORT-BURDEN-001,mort_2026_07,quarterly,2012_q4,2012-10-01,2012,10,4,1,all_cvd,male,all,upper_clear_likely_possible,death_certificate,quarterly_count,56,56,count,56,,,final,bnr_sdc_v1,6,0,0,0,0,,none,No disclosure restriction identified.
MORT-BURDEN-001,mort_2026_07,quarterly,2012_q4,2012-10-01,2012,10,4,1,all_cvd,male,all,upper_clear_likely_possible,death_certificate,quarterly_same_quarter_previous_5yr_mean,,,count,,,2,insufficient_history,bnr_sdc_v1,6,0,0,0,0,,none,No disclosure restriction identified.
MORT-BURDEN-001,mort_2026_07,quarterly,2012_q4,2012-10-01,2012,10,4,1,heart,all,all,upper_clear_likely_possible,death_certificate,quarterly_count,83,83,count,83,,,final,bnr_sdc_v1,6,0,0,0,0,,none,No disclosure restriction identified.
MORT-BURDEN-001,mort_2026_07,quarterly,2012_q4,2012-10-01,2012,10,4,1,heart,all,all,upper_clear_likely_possible,death_certificate,quarterly_same_quarter_previous_5yr_mean,,,count,,,2,insufficient_history,bnr_sdc_v1,6,0,0,0,0,,none,No disclosure restriction identified.
MORT-BURDEN-001,mort_2026_07,quarterly,2012_q4,2012-10-01,2012,10,4,1,heart,female,all,upper_clear_likely_possible,death_certificate,quarterly_count,44,44,count,44,,,final,bnr_sdc_v1,6,0,0,0,0,,none,No disclosure restriction identified.
MORT-BURDEN-001,mort_2026_07,quarterly,2012_q4,2012-10-01,2012,10,4,1,heart,female,all,upper_clear_likely_possible,death_certificate,quarterly_same_quarter_previous_5yr_mean,,,count,,,2,insufficient_history,bnr_sdc_v1,6,0,0,0,0,,none,No disclosure restriction identified.
MORT-BURDEN-001,mort_2026_07,quarterly,2012_q4,2012-10-01,2012,10,4,1,heart,male,all,upper_clear_likely_possible,death_certificate,quarterly_count,39,39,count,39,,,final,bnr_sdc_v1,6,0,0,0,0,,none,No disclosure restriction identified.
MORT-BURDEN-001,mort_2026_07,quarterly,2012_q4,2012-10-01,2012,10,4,1,heart,male,all,upper_clear_likely_possible,death_certificate,quarterly_same_quarter_previous_5yr_mean,,,count,,,2,insufficient_history,bnr_sdc_v1,6,0,0,0,0,,none,No disclosure restriction identified.
MORT-BURDEN-001,mort_2026_07,quarterly,2012_q4,2012-10-01,2012,10,4,1,stroke,all,all,upper_clear_likely_possible,death_certificate,quarterly_count,64,64,count,64,,,final,bnr_sdc_v1,6,0,0,0,0,,none,No disclosure restriction identified.
MORT-BURDEN-001,mort_2026_07,quarterly,2012_q4,2012-10-01,2012,10,4,1,stroke,all,all,upper_clear_likely_possible,death_certificate,quarterly_same_quarter_previous_5yr_mean,,,count,,,2,insufficient_history,bnr_sdc_v1,6,0,0,0,0,,none,No disclosure restriction identified.
MORT-BURDEN-001,mort_2026_07,quarterly,2012_q4,2012-10-01,2012,10,4,1,stroke,female,all,upper_clear_likely_possible,death_certificate,quarterly_count,47,47,count,47,,,final,bnr_sdc_v1,6,0,0,0,0,,none,No disclosure restriction identified.
MORT-BURDEN-001,mort_2026_07,quarterly,2012_q4,2012-10-01,2012,10,4,1,stroke,female,all,upper_clear_likely_possible,death_certificate,quarterly_same_quarter_previous_5yr_mean,,,count,,,2,insufficient_history,bnr_sdc_v1,6,0,0,0,0,,none,No disclosure restriction identified.
MORT-BURDEN-001,mort_2026_07,quarterly,2012_q4,2012-10-01,2012,10,4,1,stroke,male,all,upper_clear_likely_possible,death_certificate,quarterly_count,17,17,count,17,,,final,bnr_sdc_v1,6,0,0,0,0,,none,No disclosure restriction identified.
MORT-BURDEN-001,mort_2026_07,quarterly,2012_q4,2012-10-01,2012,10,4,1,stroke,male,all,upper_clear_likely_possible,death_certificate,quarterly_same_quarter_previous_5yr_mean,,,count,,,2,insufficient_history,bnr_sdc_v1,6,0,0,0,0,,none,No disclosure restriction identified.
MORT-BURDEN-001,mort_2026_07,quarterly,2013_q1,2013-01-01,2013,1,1,1,all_cvd,all,all,primary_clear_likely,death_certificate,quarterly_count,136,136,count,136,,,final,bnr_sdc_v1,6,0,0,0,0,,none,No disclosure restriction identified.
MORT-BURDEN-001,mort_2026_07,quarterly,2013_q1,2013-01-01,2013,1,1,1,all_cvd,all,all,primary_clear_likely,death_certificate,quarterly_same_quarter_previous_5yr_mean,,,count,,,3,insufficient_history,bnr_sdc_v1,6,0,0,0,0,,none,No disclosure restriction identified.
MORT-BURDEN-001,mort_2026_07,quarterly,2013_q1,2013-01-01,2013,1,1,1,all_cvd,female,all,primary_clear_likely,death_certificate,quarterly_count,76,76,count,76,,,final,bnr_sdc_v1,6,0,0,0,0,,none,No disclosure restriction identified.
MORT-BURDEN-001,mort_2026_07,quarterly,2013_q1,2013-01-01,2013,1,1,1,all_cvd,female,all,primary_clear_likely,death_certificate,quarterly_same_quarter_previous_5yr_mean,,,count,,,3,insufficient_history,bnr_sdc_v1,6,0,0,0,0,,none,No disclosure restriction identified.
MORT-BURDEN-001,mort_2026_07,quarterly,2013_q1,2013-01-01,2013,1,1,1,all_cvd,male,all,primary_clear_likely,death_certificate,quarterly_count,60,60,count,60,,,final,bnr_sdc_v1,6,0,0,0,0,,none,No disclosure restriction identified.
MORT-BURDEN-001,mort_2026_07,quarterly,2013_q1,2013-01-01,2013,1,1,1,all_cvd,male,all,primary_clear_likely,death_certificate,quarterly_same_quarter_previous_5yr_mean,,,count,,,3,insufficient_history,bnr_sdc_v1,6,0,0,0,0,,none,No disclosure restriction identified.
MORT-BURDEN-001,mort_2026_07,quarterly,2013_q1,2013-01-01,2013,1,1,1,heart,all,all,primary_clear_likely,death_certificate,quarterly_count,72,72,count,72,,,final,bnr_sdc_v1,6,0,0,0,0,,none,No disclosure restriction identified.
MORT-BURDEN-001,mort_2026_07,quarterly,2013_q1,2013-01-01,2013,1,1,1,heart,all,all,primary_clear_likely,death_certificate,quarterly_same_quarter_previous_5yr_mean,,,count,,,3,insufficient_history,bnr_sdc_v1,6,0,0,0,0,,none,No disclosure restriction identified.
MORT-BURDEN-001,mort_2026_07,quarterly,2013_q1,2013-01-01,2013,1,1,1,heart,female,all,primary_clear_likely,death_certificate,quarterly_count,37,37,count,37,,,final,bnr_sdc_v1,6,0,0,0,0,,none,No disclosure restriction identified.
MORT-BURDEN-001,mort_2026_07,quarterly,2013_q1,2013-01-01,2013,1,1,1,heart,female,all,primary_clear_likely,death_certificate,quarterly_same_quarter_previous_5yr_mean,,,count,,,3,insufficient_history,bnr_sdc_v1,6,0,0,0,0,,none,No disclosure restriction identified.
MORT-BURDEN-001,mort_2026_07,quarterly,2013_q1,2013-01-01,2013,1,1,1,heart,male,all,primary_clear_likely,death_certificate,quarterly_count,35,35,count,35,,,final,bnr_sdc_v1,6,0,0,0,0,,none,No disclosure restriction identified.
MORT-BURDEN-001,mort_2026_07,quarterly,2013_q1,2013-01-01,2013,1,1,1,heart,male,all,primary_clear_likely,death_certificate,quarterly_same_quarter_previous_5yr_mean,,,count,,,3,insufficient_history,bnr_sdc_v1,6,0,0,0,0,,none,No disclosure restriction identified.
MORT-BURDEN-001,mort_2026_07,quarterly,2013_q1,2013-01-01,2013,1,1,1,stroke,all,all,primary_clear_likely,death_certificate,quarterly_count,64,64,count,64,,,final,bnr_sdc_v1,6,0,0,0,0,,none,No disclosure restriction identified.
MORT-BURDEN-001,mort_2026_07,quarterly,2013_q1,2013-01-01,2013,1,1,1,stroke,all,all,primary_clear_likely,death_certificate,quarterly_same_quarter_previous_5yr_mean,,,count,,,3,insufficient_history,bnr_sdc_v1,6,0,0,0,0,,none,No disclosure restriction identified.
MORT-BURDEN-001,mort_2026_07,quarterly,2013_q1,2013-01-01,2013,1,1,1,stroke,female,all,primary_clear_likely,death_certificate,quarterly_count,39,39,count,39,,,final,bnr_sdc_v1,6,0,0,0,0,,none,No disclosure restriction identified.
MORT-BURDEN-001,mort_2026_07,quarterly,2013_q1,2013-01-01,2013,1,1,1,stroke,female,all,primary_clear_likely,death_certificate,quarterly_same_quarter_previous_5yr_mean,,,count,,,3,insufficient_history,bnr_sdc_v1,6,0,0,0,0,,none,No disclosure restriction identified.
MORT-BURDEN-001,mort_2026_07,quarterly,2013_q1,2013-01-01,2013,1,1,1,stroke,male,all,primary_clear_likely,death_certificate,quarterly_count,25,25,count,25,,,final,bnr_sdc_v1,6,0,0,0,0,,none,No disclosure restriction identified.
MORT-BURDEN-001,mort_2026_07,quarterly,2013_q1,2013-01-01,2013,1,1,1,stroke,male,all,primary_clear_likely,death_certificate,quarterly_same_quarter_previous_5yr_mean,,,count,,,3,insufficient_history,bnr_sdc_v1,6,0,0,0,0,,none,No disclosure restriction identified.
MORT-BURDEN-001,mort_2026_07,quarterly,2013_q1,2013-01-01,2013,1,1,1,all_cvd,all,all,upper_clear_likely_possible,death_certificate,quarterly_count,160,160,count,160,,,final,bnr_sdc_v1,6,0,0,0,0,,none,No disclosure restriction identified.
MORT-BURDEN-001,mort_2026_07,quarterly,2013_q1,2013-01-01,2013,1,1,1,all_cvd,all,all,upper_clear_likely_possible,death_certificate,quarterly_same_quarter_previous_5yr_mean,,,count,,,3,insufficient_history,bnr_sdc_v1,6,0,0,0,0,,none,No disclosure restriction identified.
MORT-BURDEN-001,mort_2026_07,quarterly,2013_q1,2013-01-01,2013,1,1,1,all_cvd,female,all,upper_clear_likely_possible,death_certificate,quarterly_count,89,89,count,89,,,final,bnr_sdc_v1,6,0,0,0,0,,none,No disclosure restriction identified.
MORT-BURDEN-001,mort_2026_07,quarterly,2013_q1,2013-01-01,2013,1,1,1,all_cvd,female,all,upper_clear_likely_possible,death_certificate,quarterly_same_quarter_previous_5yr_mean,,,count,,,3,insufficient_history,bnr_sdc_v1,6,0,0,0,0,,none,No disclosure restriction identified.
MORT-BURDEN-001,mort_2026_07,quarterly,2013_q1,2013-01-01,2013,1,1,1,all_cvd,male,all,upper_clear_likely_possible,death_certificate,quarterly_count,71,71,count,71,,,final,bnr_sdc_v1,6,0,0,0,0,,none,No disclosure restriction identified.
MORT-BURDEN-001,mort_2026_07,quarterly,2013_q1,2013-01-01,2013,1,1,1,all_cvd,male,all,upper_clear_likely_possible,death_certificate,quarterly_same_quarter_previous_5yr_mean,,,count,,,3,insufficient_history,bnr_sdc_v1,6,0,0,0,0,,none,No disclosure restriction identified.
MORT-BURDEN-001,mort_2026_07,quarterly,2013_q1,2013-01-01,2013,1,1,1,heart,all,all,upper_clear_likely_possible,death_certificate,quarterly_count,89,89,count,89,,,final,bnr_sdc_v1,6,0,0,0,0,,none,No disclosure restriction identified.
MORT-BURDEN-001,mort_2026_07,quarterly,2013_q1,2013-01-01,2013,1,1,1,heart,all,all,upper_clear_likely_possible,death_certificate,quarterly_same_quarter_previous_5yr_mean,,,count,,,3,insufficient_history,bnr_sdc_v1,6,0,0,0,0,,none,No disclosure restriction identified.
MORT-BURDEN-001,mort_2026_07,quarterly,2013_q1,2013-01-01,2013,1,1,1,heart,female,all,upper_clear_likely_possible,death_certificate,quarterly_count,47,47,count,47,,,final,bnr_sdc_v1,6,0,0,0,0,,none,No disclosure restriction identified.
MORT-BURDEN-001,mort_2026_07,quarterly,2013_q1,2013-01-01,2013,1,1,1,heart,female,all,upper_clear_likely_possible,death_certificate,quarterly_same_quarter_previous_5yr_mean,,,count,,,3,insufficient_history,bnr_sdc_v1,6,0,0,0,0,,none,No disclosure restriction identified.
MORT-BURDEN-001,mort_2026_07,quarterly,2013_q1,2013-01-01,2013,1,1,1,heart,male,all,upper_clear_likely_possible,death_certificate,quarterly_count,42,42,count,42,,,final,bnr_sdc_v1,6,0,0,0,0,,none,No disclosure restriction identified.
MORT-BURDEN-001,mort_2026_07,quarterly,2013_q1,2013-01-01,2013,1,1,1,heart,male,all,upper_clear_likely_possible,death_certificate,quarterly_same_quarter_previous_5yr_mean,,,count,,,3,insufficient_history,bnr_sdc_v1,6,0,0,0,0,,none,No disclosure restriction identified.
MORT-BURDEN-001,mort_2026_07,quarterly,2013_q1,2013-01-01,2013,1,1,1,stroke,all,all,upper_clear_likely_possible,death_certificate,quarterly_count,71,71,count,71,,,final,bnr_sdc_v1,6,0,0,0,0,,none,No disclosure restriction identified.
MORT-BURDEN-001,mort_2026_07,quarterly,2013_q1,2013-01-01,2013,1,1,1,stroke,all,all,upper_clear_likely_possible,death_certificate,quarterly_same_quarter_previous_5yr_mean,,,count,,,3,insufficient_history,bnr_sdc_v1,6,0,0,0,0,,none,No disclosure restriction identified.
MORT-BURDEN-001,mort_2026_07,quarterly,2013_q1,2013-01-01,2013,1,1,1,stroke,female,all,upper_clear_likely_possible,death_certificate,quarterly_count,42,42,count,42,,,final,bnr_sdc_v1,6,0,0,0,0,,none,No disclosure restriction identified.
MORT-BURDEN-001,mort_2026_07,quarterly,2013_q1,2013-01-01,2013,1,1,1,stroke,female,all,upper_clear_likely_possible,death_certificate,quarterly_same_quarter_previous_5yr_mean,,,count,,,3,insufficient_history,bnr_sdc_v1,6,0,0,0,0,,none,No disclosure restriction identified.
MORT-BURDEN-001,mort_2026_07,quarterly,2013_q1,2013-01-01,2013,1,1,1,stroke,male,all,upper_clear_likely_possible,death_certificate,quarterly_count,29,29,count,29,,,final,bnr_sdc_v1,6,0,0,0,0,,none,No disclosure restriction identified.
MORT-BURDEN-001,mort_2026_07,quarterly,2013_q1,2013-01-01,2013,1,1,1,stroke,male,all,upper_clear_likely_possible,death_certificate,quarterly_same_quarter_previous_5yr_mean,,,count,,,3,insufficient_history,bnr_sdc_v1,6,0,0,0,0,,none,No disclosure restriction identified.
MORT-BURDEN-001,mort_2026_07,quarterly,2013_q2,2013-04-01,2013,4,2,1,all_cvd,all,all,primary_clear_likely,death_certificate,quarterly_count,117,117,count,117,,,final,bnr_sdc_v1,6,0,0,0,0,,none,No disclosure restriction identified.
MORT-BURDEN-001,mort_2026_07,quarterly,2013_q2,2013-04-01,2013,4,2,1,all_cvd,all,all,primary_clear_likely,death_certificate,quarterly_same_quarter_previous_5yr_mean,,,count,,,3,insufficient_history,bnr_sdc_v1,6,0,0,0,0,,none,No disclosure restriction identified.
MORT-BURDEN-001,mort_2026_07,quarterly,2013_q2,2013-04-01,2013,4,2,1,all_cvd,female,all,primary_clear_likely,death_certificate,quarterly_count,61,61,count,61,,,final,bnr_sdc_v1,6,0,0,0,0,,none,No disclosure restriction identified.
MORT-BURDEN-001,mort_2026_07,quarterly,2013_q2,2013-04-01,2013,4,2,1,all_cvd,female,all,primary_clear_likely,death_certificate,quarterly_same_quarter_previous_5yr_mean,,,count,,,3,insufficient_history,bnr_sdc_v1,6,0,0,0,0,,none,No disclosure restriction identified.
MORT-BURDEN-001,mort_2026_07,quarterly,2013_q2,2013-04-01,2013,4,2,1,all_cvd,male,all,primary_clear_likely,death_certificate,quarterly_count,56,56,count,56,,,final,bnr_sdc_v1,6,0,0,0,0,,none,No disclosure restriction identified.
MORT-BURDEN-001,mort_2026_07,quarterly,2013_q2,2013-04-01,2013,4,2,1,all_cvd,male,all,primary_clear_likely,death_certificate,quarterly_same_quarter_previous_5yr_mean,,,count,,,3,insufficient_history,bnr_sdc_v1,6,0,0,0,0,,none,No disclosure restriction identified.
MORT-BURDEN-001,mort_2026_07,quarterly,2013_q2,2013-04-01,2013,4,2,1,heart,all,all,primary_clear_likely,death_certificate,quarterly_count,57,57,count,57,,,final,bnr_sdc_v1,6,0,0,0,0,,none,No disclosure restriction identified.
MORT-BURDEN-001,mort_2026_07,quarterly,2013_q2,2013-04-01,2013,4,2,1,heart,all,all,primary_clear_likely,death_certificate,quarterly_same_quarter_previous_5yr_mean,,,count,,,3,insufficient_history,bnr_sdc_v1,6,0,0,0,0,,none,No disclosure restriction identified.
MORT-BURDEN-001,mort_2026_07,quarterly,2013_q2,2013-04-01,2013,4,2,1,heart,female,all,primary_clear_likely,death_certificate,quarterly_count,31,31,count,31,,,final,bnr_sdc_v1,6,0,0,0,0,,none,No disclosure restriction identified.
MORT-BURDEN-001,mort_2026_07,quarterly,2013_q2,2013-04-01,2013,4,2,1,heart,female,all,primary_clear_likely,death_certificate,quarterly_same_quarter_previous_5yr_mean,,,count,,,3,insufficient_history,bnr_sdc_v1,6,0,0,0,0,,none,No disclosure restriction identified.
MORT-BURDEN-001,mort_2026_07,quarterly,2013_q2,2013-04-01,2013,4,2,1,heart,male,all,primary_clear_likely,death_certificate,quarterly_count,26,26,count,26,,,final,bnr_sdc_v1,6,0,0,0,0,,none,No disclosure restriction identified.
MORT-BURDEN-001,mort_2026_07,quarterly,2013_q2,2013-04-01,2013,4,2,1,heart,male,all,primary_clear_likely,death_certificate,quarterly_same_quarter_previous_5yr_mean,,,count,,,3,insufficient_history,bnr_sdc_v1,6,0,0,0,0,,none,No disclosure restriction identified.
MORT-BURDEN-001,mort_2026_07,quarterly,2013_q2,2013-04-01,2013,4,2,1,stroke,all,all,primary_clear_likely,death_certificate,quarterly_count,60,60,count,60,,,final,bnr_sdc_v1,6,0,0,0,0,,none,No disclosure restriction identified.
MORT-BURDEN-001,mort_2026_07,quarterly,2013_q2,2013-04-01,2013,4,2,1,stroke,all,all,primary_clear_likely,death_certificate,quarterly_same_quarter_previous_5yr_mean,,,count,,,3,insufficient_history,bnr_sdc_v1,6,0,0,0,0,,none,No disclosure restriction identified.
MORT-BURDEN-001,mort_2026_07,quarterly,2013_q2,2013-04-01,2013,4,2,1,stroke,female,all,primary_clear_likely,death_certificate,quarterly_count,30,30,count,30,,,final,bnr_sdc_v1,6,0,0,0,0,,none,No disclosure restriction identified.
MORT-BURDEN-001,mort_2026_07,quarterly,2013_q2,2013-04-01,2013,4,2,1,stroke,female,all,primary_clear_likely,death_certificate,quarterly_same_quarter_previous_5yr_mean,,,count,,,3,insufficient_history,bnr_sdc_v1,6,0,0,0,0,,none,No disclosure restriction identified.
MORT-BURDEN-001,mort_2026_07,quarterly,2013_q2,2013-04-01,2013,4,2,1,stroke,male,all,primary_clear_likely,death_certificate,quarterly_count,30,30,count,30,,,final,bnr_sdc_v1,6,0,0,0,0,,none,No disclosure restriction identified.
MORT-BURDEN-001,mort_2026_07,quarterly,2013_q2,2013-04-01,2013,4,2,1,stroke,male,all,primary_clear_likely,death_certificate,quarterly_same_quarter_previous_5yr_mean,,,count,,,3,insufficient_history,bnr_sdc_v1,6,0,0,0,0,,none,No disclosure restriction identified.
MORT-BURDEN-001,mort_2026_07,quarterly,2013_q2,2013-04-01,2013,4,2,1,all_cvd,all,all,upper_clear_likely_possible,death_certificate,quarterly_count,138,138,count,138,,,final,bnr_sdc_v1,6,0,0,0,0,,none,No disclosure restriction identified.
MORT-BURDEN-001,mort_2026_07,quarterly,2013_q2,2013-04-01,2013,4,2,1,all_cvd,all,all,upper_clear_likely_possible,death_certificate,quarterly_same_quarter_previous_5yr_mean,,,count,,,3,insufficient_history,bnr_sdc_v1,6,0,0,0,0,,none,No disclosure restriction identified.
MORT-BURDEN-001,mort_2026_07,quarterly,2013_q2,2013-04-01,2013,4,2,1,all_cvd,female,all,upper_clear_likely_possible,death_certificate,quarterly_count,71,71,count,71,,,final,bnr_sdc_v1,6,0,0,0,0,,none,No disclosure restriction identified.
MORT-BURDEN-001,mort_2026_07,quarterly,2013_q2,2013-04-01,2013,4,2,1,all_cvd,female,all,upper_clear_likely_possible,death_certificate,quarterly_same_quarter_previous_5yr_mean,,,count,,,3,insufficient_history,bnr_sdc_v1,6,0,0,0,0,,none,No disclosure restriction identified.
MORT-BURDEN-001,mort_2026_07,quarterly,2013_q2,2013-04-01,2013,4,2,1,all_cvd,male,all,upper_clear_likely_possible,death_certificate,quarterly_count,67,67,count,67,,,final,bnr_sdc_v1,6,0,0,0,0,,none,No disclosure restriction identified.
MORT-BURDEN-001,mort_2026_07,quarterly,2013_q2,2013-04-01,2013,4,2,1,all_cvd,male,all,upper_clear_likely_possible,death_certificate,quarterly_same_quarter_previous_5yr_mean,,,count,,,3,insufficient_history,bnr_sdc_v1,6,0,0,0,0,,none,No disclosure restriction identified.
MORT-BURDEN-001,mort_2026_07,quarterly,2013_q2,2013-04-01,2013,4,2,1,heart,all,all,upper_clear_likely_possible,death_certificate,quarterly_count,72,72,count,72,,,final,bnr_sdc_v1,6,0,0,0,0,,none,No disclosure restriction identified.
MORT-BURDEN-001,mort_2026_07,quarterly,2013_q2,2013-04-01,2013,4,2,1,heart,all,all,upper_clear_likely_possible,death_certificate,quarterly_same_quarter_previous_5yr_mean,,,count,,,3,insufficient_history,bnr_sdc_v1,6,0,0,0,0,,none,No disclosure restriction identified.
MORT-BURDEN-001,mort_2026_07,quarterly,2013_q2,2013-04-01,2013,4,2,1,heart,female,all,upper_clear_likely_possible,death_certificate,quarterly_count,37,37,count,37,,,final,bnr_sdc_v1,6,0,0,0,0,,none,No disclosure restriction identified.
MORT-BURDEN-001,mort_2026_07,quarterly,2013_q2,2013-04-01,2013,4,2,1,heart,female,all,upper_clear_likely_possible,death_certificate,quarterly_same_quarter_previous_5yr_mean,,,count,,,3,insufficient_history,bnr_sdc_v1,6,0,0,0,0,,none,No disclosure restriction identified.
MORT-BURDEN-001,mort_2026_07,quarterly,2013_q2,2013-04-01,2013,4,2,1,heart,male,all,upper_clear_likely_possible,death_certificate,quarterly_count,35,35,count,35,,,final,bnr_sdc_v1,6,0,0,0,0,,none,No disclosure restriction identified.
MORT-BURDEN-001,mort_2026_07,quarterly,2013_q2,2013-04-01,2013,4,2,1,heart,male,all,upper_clear_likely_possible,death_certificate,quarterly_same_quarter_previous_5yr_mean,,,count,,,3,insufficient_history,bnr_sdc_v1,6,0,0,0,0,,none,No disclosure restriction identified.
MORT-BURDEN-001,mort_2026_07,quarterly,2013_q2,2013-04-01,2013,4,2,1,stroke,all,all,upper_clear_likely_possible,death_certificate,quarterly_count,66,66,count,66,,,final,bnr_sdc_v1,6,0,0,0,0,,none,No disclosure restriction identified.
MORT-BURDEN-001,mort_2026_07,quarterly,2013_q2,2013-04-01,2013,4,2,1,stroke,all,all,upper_clear_likely_possible,death_certificate,quarterly_same_quarter_previous_5yr_mean,,,count,,,3,insufficient_history,bnr_sdc_v1,6,0,0,0,0,,none,No disclosure restriction identified.
MORT-BURDEN-001,mort_2026_07,quarterly,2013_q2,2013-04-01,2013,4,2,1,stroke,female,all,upper_clear_likely_possible,death_certificate,quarterly_count,34,34,count,34,,,final,bnr_sdc_v1,6,0,0,0,0,,none,No disclosure restriction identified.
MORT-BURDEN-001,mort_2026_07,quarterly,2013_q2,2013-04-01,2013,4,2,1,stroke,female,all,upper_clear_likely_possible,death_certificate,quarterly_same_quarter_previous_5yr_mean,,,count,,,3,insufficient_history,bnr_sdc_v1,6,0,0,0,0,,none,No disclosure restriction identified.
MORT-BURDEN-001,mort_2026_07,quarterly,2013_q2,2013-04-01,2013,4,2,1,stroke,male,all,upper_clear_likely_possible,death_certificate,quarterly_count,32,32,count,32,,,final,bnr_sdc_v1,6,0,0,0,0,,none,No disclosure restriction identified.
MORT-BURDEN-001,mort_2026_07,quarterly,2013_q2,2013-04-01,2013,4,2,1,stroke,male,all,upper_clear_likely_possible,death_certificate,quarterly_same_quarter_previous_5yr_mean,,,count,,,3,insufficient_history,bnr_sdc_v1,6,0,0,0,0,,none,No disclosure restriction identified.
MORT-BURDEN-001,mort_2026_07,quarterly,2013_q3,2013-07-01,2013,7,3,1,all_cvd,all,all,primary_clear_likely,death_certificate,quarterly_count,138,138,count,138,,,final,bnr_sdc_v1,6,0,0,0,0,,none,No disclosure restriction identified.
MORT-BURDEN-001,mort_2026_07,quarterly,2013_q3,2013-07-01,2013,7,3,1,all_cvd,all,all,primary_clear_likely,death_certificate,quarterly_same_quarter_previous_5yr_mean,,,count,,,3,insufficient_history,bnr_sdc_v1,6,0,0,0,0,,none,No disclosure restriction identified.
MORT-BURDEN-001,mort_2026_07,quarterly,2013_q3,2013-07-01,2013,7,3,1,all_cvd,female,all,primary_clear_likely,death_certificate,quarterly_count,74,74,count,74,,,final,bnr_sdc_v1,6,0,0,0,0,,none,No disclosure restriction identified.
MORT-BURDEN-001,mort_2026_07,quarterly,2013_q3,2013-07-01,2013,7,3,1,all_cvd,female,all,primary_clear_likely,death_certificate,quarterly_same_quarter_previous_5yr_mean,,,count,,,3,insufficient_history,bnr_sdc_v1,6,0,0,0,0,,none,No disclosure restriction identified.
MORT-BURDEN-001,mort_2026_07,quarterly,2013_q3,2013-07-01,2013,7,3,1,all_cvd,male,all,primary_clear_likely,death_certificate,quarterly_count,64,64,count,64,,,final,bnr_sdc_v1,6,0,0,0,0,,none,No disclosure restriction identified.
MORT-BURDEN-001,mort_2026_07,quarterly,2013_q3,2013-07-01,2013,7,3,1,all_cvd,male,all,primary_clear_likely,death_certificate,quarterly_same_quarter_previous_5yr_mean,,,count,,,3,insufficient_history,bnr_sdc_v1,6,0,0,0,0,,none,No disclosure restriction identified.
MORT-BURDEN-001,mort_2026_07,quarterly,2013_q3,2013-07-01,2013,7,3,1,heart,all,all,primary_clear_likely,death_certificate,quarterly_count,65,65,count,65,,,final,bnr_sdc_v1,6,0,0,0,0,,none,No disclosure restriction identified.
MORT-BURDEN-001,mort_2026_07,quarterly,2013_q3,2013-07-01,2013,7,3,1,heart,all,all,primary_clear_likely,death_certificate,quarterly_same_quarter_previous_5yr_mean,,,count,,,3,insufficient_history,bnr_sdc_v1,6,0,0,0,0,,none,No disclosure restriction identified.
MORT-BURDEN-001,mort_2026_07,quarterly,2013_q3,2013-07-01,2013,7,3,1,heart,female,all,primary_clear_likely,death_certificate,quarterly_count,29,29,count,29,,,final,bnr_sdc_v1,6,0,0,0,0,,none,No disclosure restriction identified.
MORT-BURDEN-001,mort_2026_07,quarterly,2013_q3,2013-07-01,2013,7,3,1,heart,female,all,primary_clear_likely,death_certificate,quarterly_same_quarter_previous_5yr_mean,,,count,,,3,insufficient_history,bnr_sdc_v1,6,0,0,0,0,,none,No disclosure restriction identified.
MORT-BURDEN-001,mort_2026_07,quarterly,2013_q3,2013-07-01,2013,7,3,1,heart,male,all,primary_clear_likely,death_certificate,quarterly_count,36,36,count,36,,,final,bnr_sdc_v1,6,0,0,0,0,,none,No disclosure restriction identified.
MORT-BURDEN-001,mort_2026_07,quarterly,2013_q3,2013-07-01,2013,7,3,1,heart,male,all,primary_clear_likely,death_certificate,quarterly_same_quarter_previous_5yr_mean,,,count,,,3,insufficient_history,bnr_sdc_v1,6,0,0,0,0,,none,No disclosure restriction identified.
MORT-BURDEN-001,mort_2026_07,quarterly,2013_q3,2013-07-01,2013,7,3,1,stroke,all,all,primary_clear_likely,death_certificate,quarterly_count,73,73,count,73,,,final,bnr_sdc_v1,6,0,0,0,0,,none,No disclosure restriction identified.
MORT-BURDEN-001,mort_2026_07,quarterly,2013_q3,2013-07-01,2013,7,3,1,stroke,all,all,primary_clear_likely,death_certificate,quarterly_same_quarter_previous_5yr_mean,,,count,,,3,insufficient_history,bnr_sdc_v1,6,0,0,0,0,,none,No disclosure restriction identified.
MORT-BURDEN-001,mort_2026_07,quarterly,2013_q3,2013-07-01,2013,7,3,1,stroke,female,all,primary_clear_likely,death_certificate,quarterly_count,45,45,count,45,,,final,bnr_sdc_v1,6,0,0,0,0,,none,No disclosure restriction identified.
MORT-BURDEN-001,mort_2026_07,quarterly,2013_q3,2013-07-01,2013,7,3,1,stroke,female,all,primary_clear_likely,death_certificate,quarterly_same_quarter_previous_5yr_mean,,,count,,,3,insufficient_history,bnr_sdc_v1,6,0,0,0,0,,none,No disclosure restriction identified.
MORT-BURDEN-001,mort_2026_07,quarterly,2013_q3,2013-07-01,2013,7,3,1,stroke,male,all,primary_clear_likely,death_certificate,quarterly_count,28,28,count,28,,,final,bnr_sdc_v1,6,0,0,0,0,,none,No disclosure restriction identified.
MORT-BURDEN-001,mort_2026_07,quarterly,2013_q3,2013-07-01,2013,7,3,1,stroke,male,all,primary_clear_likely,death_certificate,quarterly_same_quarter_previous_5yr_mean,,,count,,,3,insufficient_history,bnr_sdc_v1,6,0,0,0,0,,none,No disclosure restriction identified.
MORT-BURDEN-001,mort_2026_07,quarterly,2013_q3,2013-07-01,2013,7,3,1,all_cvd,all,all,upper_clear_likely_possible,death_certificate,quarterly_count,156,156,count,156,,,final,bnr_sdc_v1,6,0,0,0,0,,none,No disclosure restriction identified.
MORT-BURDEN-001,mort_2026_07,quarterly,2013_q3,2013-07-01,2013,7,3,1,all_cvd,all,all,upper_clear_likely_possible,death_certificate,quarterly_same_quarter_previous_5yr_mean,,,count,,,3,insufficient_history,bnr_sdc_v1,6,0,0,0,0,,none,No disclosure restriction identified.
MORT-BURDEN-001,mort_2026_07,quarterly,2013_q3,2013-07-01,2013,7,3,1,all_cvd,female,all,upper_clear_likely_possible,death_certificate,quarterly_count,86,86,count,86,,,final,bnr_sdc_v1,6,0,0,0,0,,none,No disclosure restriction identified.
MORT-BURDEN-001,mort_2026_07,quarterly,2013_q3,2013-07-01,2013,7,3,1,all_cvd,female,all,upper_clear_likely_possible,death_certificate,quarterly_same_quarter_previous_5yr_mean,,,count,,,3,insufficient_history,bnr_sdc_v1,6,0,0,0,0,,none,No disclosure restriction identified.
MORT-BURDEN-001,mort_2026_07,quarterly,2013_q3,2013-07-01,2013,7,3,1,all_cvd,male,all,upper_clear_likely_possible,death_certificate,quarterly_count,70,70,count,70,,,final,bnr_sdc_v1,6,0,0,0,0,,none,No disclosure restriction identified.
MORT-BURDEN-001,mort_2026_07,quarterly,2013_q3,2013-07-01,2013,7,3,1,all_cvd,male,all,upper_clear_likely_possible,death_certificate,quarterly_same_quarter_previous_5yr_mean,,,count,,,3,insufficient_history,bnr_sdc_v1,6,0,0,0,0,,none,No disclosure restriction identified.
MORT-BURDEN-001,mort_2026_07,quarterly,2013_q3,2013-07-01,2013,7,3,1,heart,all,all,upper_clear_likely_possible,death_certificate,quarterly_count,72,72,count,72,,,final,bnr_sdc_v1,6,0,0,0,0,,none,No disclosure restriction identified.
MORT-BURDEN-001,mort_2026_07,quarterly,2013_q3,2013-07-01,2013,7,3,1,heart,all,all,upper_clear_likely_possible,death_certificate,quarterly_same_quarter_previous_5yr_mean,,,count,,,3,insufficient_history,bnr_sdc_v1,6,0,0,0,0,,none,No disclosure restriction identified.
MORT-BURDEN-001,mort_2026_07,quarterly,2013_q3,2013-07-01,2013,7,3,1,heart,female,all,upper_clear_likely_possible,death_certificate,quarterly_count,32,32,count,32,,,final,bnr_sdc_v1,6,0,0,0,0,,none,No disclosure restriction identified.
MORT-BURDEN-001,mort_2026_07,quarterly,2013_q3,2013-07-01,2013,7,3,1,heart,female,all,upper_clear_likely_possible,death_certificate,quarterly_same_quarter_previous_5yr_mean,,,count,,,3,insufficient_history,bnr_sdc_v1,6,0,0,0,0,,none,No disclosure restriction identified.
MORT-BURDEN-001,mort_2026_07,quarterly,2013_q3,2013-07-01,2013,7,3,1,heart,male,all,upper_clear_likely_possible,death_certificate,quarterly_count,40,40,count,40,,,final,bnr_sdc_v1,6,0,0,0,0,,none,No disclosure restriction identified.
MORT-BURDEN-001,mort_2026_07,quarterly,2013_q3,2013-07-01,2013,7,3,1,heart,male,all,upper_clear_likely_possible,death_certificate,quarterly_same_quarter_previous_5yr_mean,,,count,,,3,insufficient_history,bnr_sdc_v1,6,0,0,0,0,,none,No disclosure restriction identified.
MORT-BURDEN-001,mort_2026_07,quarterly,2013_q3,2013-07-01,2013,7,3,1,stroke,all,all,upper_clear_likely_possible,death_certificate,quarterly_count,84,84,count,84,,,final,bnr_sdc_v1,6,0,0,0,0,,none,No disclosure restriction identified.
MORT-BURDEN-001,mort_2026_07,quarterly,2013_q3,2013-07-01,2013,7,3,1,stroke,all,all,upper_clear_likely_possible,death_certificate,quarterly_same_quarter_previous_5yr_mean,,,count,,,3,insufficient_history,bnr_sdc_v1,6,0,0,0,0,,none,No disclosure restriction identified.
MORT-BURDEN-001,mort_2026_07,quarterly,2013_q3,2013-07-01,2013,7,3,1,stroke,female,all,upper_clear_likely_possible,death_certificate,quarterly_count,54,54,count,54,,,final,bnr_sdc_v1,6,0,0,0,0,,none,No disclosure restriction identified.
MORT-BURDEN-001,mort_2026_07,quarterly,2013_q3,2013-07-01,2013,7,3,1,stroke,female,all,upper_clear_likely_possible,death_certificate,quarterly_same_quarter_previous_5yr_mean,,,count,,,3,insufficient_history,bnr_sdc_v1,6,0,0,0,0,,none,No disclosure restriction identified.
MORT-BURDEN-001,mort_2026_07,quarterly,2013_q3,2013-07-01,2013,7,3,1,stroke,male,all,upper_clear_likely_possible,death_certificate,quarterly_count,30,30,count,30,,,final,bnr_sdc_v1,6,0,0,0,0,,none,No disclosure restriction identified.
MORT-BURDEN-001,mort_2026_07,quarterly,2013_q3,2013-07-01,2013,7,3,1,stroke,male,all,upper_clear_likely_possible,death_certificate,quarterly_same_quarter_previous_5yr_mean,,,count,,,3,insufficient_history,bnr_sdc_v1,6,0,0,0,0,,none,No disclosure restriction identified.
MORT-BURDEN-001,mort_2026_07,quarterly,2013_q4,2013-10-01,2013,10,4,1,all_cvd,all,all,primary_clear_likely,death_certificate,quarterly_count,145,145,count,145,,,final,bnr_sdc_v1,6,0,0,0,0,,none,No disclosure restriction identified.
MORT-BURDEN-001,mort_2026_07,quarterly,2013_q4,2013-10-01,2013,10,4,1,all_cvd,all,all,primary_clear_likely,death_certificate,quarterly_same_quarter_previous_5yr_mean,,,count,,,3,insufficient_history,bnr_sdc_v1,6,0,0,0,0,,none,No disclosure restriction identified.
MORT-BURDEN-001,mort_2026_07,quarterly,2013_q4,2013-10-01,2013,10,4,1,all_cvd,female,all,primary_clear_likely,death_certificate,quarterly_count,74,74,count,74,,,final,bnr_sdc_v1,6,0,0,0,0,,none,No disclosure restriction identified.
MORT-BURDEN-001,mort_2026_07,quarterly,2013_q4,2013-10-01,2013,10,4,1,all_cvd,female,all,primary_clear_likely,death_certificate,quarterly_same_quarter_previous_5yr_mean,,,count,,,3,insufficient_history,bnr_sdc_v1,6,0,0,0,0,,none,No disclosure restriction identified.
MORT-BURDEN-001,mort_2026_07,quarterly,2013_q4,2013-10-01,2013,10,4,1,all_cvd,male,all,primary_clear_likely,death_certificate,quarterly_count,71,71,count,71,,,final,bnr_sdc_v1,6,0,0,0,0,,none,No disclosure restriction identified.
MORT-BURDEN-001,mort_2026_07,quarterly,2013_q4,2013-10-01,2013,10,4,1,all_cvd,male,all,primary_clear_likely,death_certificate,quarterly_same_quarter_previous_5yr_mean,,,count,,,3,insufficient_history,bnr_sdc_v1,6,0,0,0,0,,none,No disclosure restriction identified.
MORT-BURDEN-001,mort_2026_07,quarterly,2013_q4,2013-10-01,2013,10,4,1,heart,all,all,primary_clear_likely,death_certificate,quarterly_count,70,70,count,70,,,final,bnr_sdc_v1,6,0,0,0,0,,none,No disclosure restriction identified.
MORT-BURDEN-001,mort_2026_07,quarterly,2013_q4,2013-10-01,2013,10,4,1,heart,all,all,primary_clear_likely,death_certificate,quarterly_same_quarter_previous_5yr_mean,,,count,,,3,insufficient_history,bnr_sdc_v1,6,0,0,0,0,,none,No disclosure restriction identified.
MORT-BURDEN-001,mort_2026_07,quarterly,2013_q4,2013-10-01,2013,10,4,1,heart,female,all,primary_clear_likely,death_certificate,quarterly_count,34,34,count,34,,,final,bnr_sdc_v1,6,0,0,0,0,,none,No disclosure restriction identified.
MORT-BURDEN-001,mort_2026_07,quarterly,2013_q4,2013-10-01,2013,10,4,1,heart,female,all,primary_clear_likely,death_certificate,quarterly_same_quarter_previous_5yr_mean,,,count,,,3,insufficient_history,bnr_sdc_v1,6,0,0,0,0,,none,No disclosure restriction identified.
MORT-BURDEN-001,mort_2026_07,quarterly,2013_q4,2013-10-01,2013,10,4,1,heart,male,all,primary_clear_likely,death_certificate,quarterly_count,36,36,count,36,,,final,bnr_sdc_v1,6,0,0,0,0,,none,No disclosure restriction identified.
MORT-BURDEN-001,mort_2026_07,quarterly,2013_q4,2013-10-01,2013,10,4,1,heart,male,all,primary_clear_likely,death_certificate,quarterly_same_quarter_previous_5yr_mean,,,count,,,3,insufficient_history,bnr_sdc_v1,6,0,0,0,0,,none,No disclosure restriction identified.
MORT-BURDEN-001,mort_2026_07,quarterly,2013_q4,2013-10-01,2013,10,4,1,stroke,all,all,primary_clear_likely,death_certificate,quarterly_count,75,75,count,75,,,final,bnr_sdc_v1,6,0,0,0,0,,none,No disclosure restriction identified.
MORT-BURDEN-001,mort_2026_07,quarterly,2013_q4,2013-10-01,2013,10,4,1,stroke,all,all,primary_clear_likely,death_certificate,quarterly_same_quarter_previous_5yr_mean,,,count,,,3,insufficient_history,bnr_sdc_v1,6,0,0,0,0,,none,No disclosure restriction identified.
MORT-BURDEN-001,mort_2026_07,quarterly,2013_q4,2013-10-01,2013,10,4,1,stroke,female,all,primary_clear_likely,death_certificate,quarterly_count,40,40,count,40,,,final,bnr_sdc_v1,6,0,0,0,0,,none,No disclosure restriction identified.
MORT-BURDEN-001,mort_2026_07,quarterly,2013_q4,2013-10-01,2013,10,4,1,stroke,female,all,primary_clear_likely,death_certificate,quarterly_same_quarter_previous_5yr_mean,,,count,,,3,insufficient_history,bnr_sdc_v1,6,0,0,0,0,,none,No disclosure restriction identified.
MORT-BURDEN-001,mort_2026_07,quarterly,2013_q4,2013-10-01,2013,10,4,1,stroke,male,all,primary_clear_likely,death_certificate,quarterly_count,35,35,count,35,,,final,bnr_sdc_v1,6,0,0,0,0,,none,No disclosure restriction identified.
MORT-BURDEN-001,mort_2026_07,quarterly,2013_q4,2013-10-01,2013,10,4,1,stroke,male,all,primary_clear_likely,death_certificate,quarterly_same_quarter_previous_5yr_mean,,,count,,,3,insufficient_history,bnr_sdc_v1,6,0,0,0,0,,none,No disclosure restriction identified.
MORT-BURDEN-001,mort_2026_07,quarterly,2013_q4,2013-10-01,2013,10,4,1,all_cvd,all,all,upper_clear_likely_possible,death_certificate,quarterly_count,168,168,count,168,,,final,bnr_sdc_v1,6,0,0,0,0,,none,No disclosure restriction identified.
MORT-BURDEN-001,mort_2026_07,quarterly,2013_q4,2013-10-01,2013,10,4,1,all_cvd,all,all,upper_clear_likely_possible,death_certificate,quarterly_same_quarter_previous_5yr_mean,,,count,,,3,insufficient_history,bnr_sdc_v1,6,0,0,0,0,,none,No disclosure restriction identified.
MORT-BURDEN-001,mort_2026_07,quarterly,2013_q4,2013-10-01,2013,10,4,1,all_cvd,female,all,upper_clear_likely_possible,death_certificate,quarterly_count,85,85,count,85,,,final,bnr_sdc_v1,6,0,0,0,0,,none,No disclosure restriction identified.
MORT-BURDEN-001,mort_2026_07,quarterly,2013_q4,2013-10-01,2013,10,4,1,all_cvd,female,all,upper_clear_likely_possible,death_certificate,quarterly_same_quarter_previous_5yr_mean,,,count,,,3,insufficient_history,bnr_sdc_v1,6,0,0,0,0,,none,No disclosure restriction identified.
MORT-BURDEN-001,mort_2026_07,quarterly,2013_q4,2013-10-01,2013,10,4,1,all_cvd,male,all,upper_clear_likely_possible,death_certificate,quarterly_count,83,83,count,83,,,final,bnr_sdc_v1,6,0,0,0,0,,none,No disclosure restriction identified.
MORT-BURDEN-001,mort_2026_07,quarterly,2013_q4,2013-10-01,2013,10,4,1,all_cvd,male,all,upper_clear_likely_possible,death_certificate,quarterly_same_quarter_previous_5yr_mean,,,count,,,3,insufficient_history,bnr_sdc_v1,6,0,0,0,0,,none,No disclosure restriction identified.
MORT-BURDEN-001,mort_2026_07,quarterly,2013_q4,2013-10-01,2013,10,4,1,heart,all,all,upper_clear_likely_possible,death_certificate,quarterly_count,83,83,count,83,,,final,bnr_sdc_v1,6,0,0,0,0,,none,No disclosure restriction identified.
MORT-BURDEN-001,mort_2026_07,quarterly,2013_q4,2013-10-01,2013,10,4,1,heart,all,all,upper_clear_likely_possible,death_certificate,quarterly_same_quarter_previous_5yr_mean,,,count,,,3,insufficient_history,bnr_sdc_v1,6,0,0,0,0,,none,No disclosure restriction identified.
MORT-BURDEN-001,mort_2026_07,quarterly,2013_q4,2013-10-01,2013,10,4,1,heart,female,all,upper_clear_likely_possible,death_certificate,quarterly_count,40,40,count,40,,,final,bnr_sdc_v1,6,0,0,0,0,,none,No disclosure restriction identified.
MORT-BURDEN-001,mort_2026_07,quarterly,2013_q4,2013-10-01,2013,10,4,1,heart,female,all,upper_clear_likely_possible,death_certificate,quarterly_same_quarter_previous_5yr_mean,,,count,,,3,insufficient_history,bnr_sdc_v1,6,0,0,0,0,,none,No disclosure restriction identified.
MORT-BURDEN-001,mort_2026_07,quarterly,2013_q4,2013-10-01,2013,10,4,1,heart,male,all,upper_clear_likely_possible,death_certificate,quarterly_count,43,43,count,43,,,final,bnr_sdc_v1,6,0,0,0,0,,none,No disclosure restriction identified.
MORT-BURDEN-001,mort_2026_07,quarterly,2013_q4,2013-10-01,2013,10,4,1,heart,male,all,upper_clear_likely_possible,death_certificate,quarterly_same_quarter_previous_5yr_mean,,,count,,,3,insufficient_history,bnr_sdc_v1,6,0,0,0,0,,none,No disclosure restriction identified.
MORT-BURDEN-001,mort_2026_07,quarterly,2013_q4,2013-10-01,2013,10,4,1,stroke,all,all,upper_clear_likely_possible,death_certificate,quarterly_count,85,85,count,85,,,final,bnr_sdc_v1,6,0,0,0,0,,none,No disclosure restriction identified.
MORT-BURDEN-001,mort_2026_07,quarterly,2013_q4,2013-10-01,2013,10,4,1,stroke,all,all,upper_clear_likely_possible,death_certificate,quarterly_same_quarter_previous_5yr_mean,,,count,,,3,insufficient_history,bnr_sdc_v1,6,0,0,0,0,,none,No disclosure restriction identified.
MORT-BURDEN-001,mort_2026_07,quarterly,2013_q4,2013-10-01,2013,10,4,1,stroke,female,all,upper_clear_likely_possible,death_certificate,quarterly_count,45,45,count,45,,,final,bnr_sdc_v1,6,0,0,0,0,,none,No disclosure restriction identified.
MORT-BURDEN-001,mort_2026_07,quarterly,2013_q4,2013-10-01,2013,10,4,1,stroke,female,all,upper_clear_likely_possible,death_certificate,quarterly_same_quarter_previous_5yr_mean,,,count,,,3,insufficient_history,bnr_sdc_v1,6,0,0,0,0,,none,No disclosure restriction identified.
MORT-BURDEN-001,mort_2026_07,quarterly,2013_q4,2013-10-01,2013,10,4,1,stroke,male,all,upper_clear_likely_possible,death_certificate,quarterly_count,40,40,count,40,,,final,bnr_sdc_v1,6,0,0,0,0,,none,No disclosure restriction identified.
MORT-BURDEN-001,mort_2026_07,quarterly,2013_q4,2013-10-01,2013,10,4,1,stroke,male,all,upper_clear_likely_possible,death_certificate,quarterly_same_quarter_previous_5yr_mean,,,count,,,3,insufficient_history,bnr_sdc_v1,6,0,0,0,0,,none,No disclosure restriction identified.
MORT-BURDEN-001,mort_2026_07,quarterly,2014_q1,2014-01-01,2014,1,1,1,all_cvd,all,all,primary_clear_likely,death_certificate,quarterly_count,129,129,count,129,,,final,bnr_sdc_v1,6,0,0,0,0,,none,No disclosure restriction identified.
MORT-BURDEN-001,mort_2026_07,quarterly,2014_q1,2014-01-01,2014,1,1,1,all_cvd,all,all,primary_clear_likely,death_certificate,quarterly_same_quarter_previous_5yr_mean,,,count,,,4,insufficient_history,bnr_sdc_v1,6,0,0,0,0,,none,No disclosure restriction identified.
MORT-BURDEN-001,mort_2026_07,quarterly,2014_q1,2014-01-01,2014,1,1,1,all_cvd,female,all,primary_clear_likely,death_certificate,quarterly_count,66,66,count,66,,,final,bnr_sdc_v1,6,0,0,0,0,,none,No disclosure restriction identified.
MORT-BURDEN-001,mort_2026_07,quarterly,2014_q1,2014-01-01,2014,1,1,1,all_cvd,female,all,primary_clear_likely,death_certificate,quarterly_same_quarter_previous_5yr_mean,,,count,,,4,insufficient_history,bnr_sdc_v1,6,0,0,0,0,,none,No disclosure restriction identified.
MORT-BURDEN-001,mort_2026_07,quarterly,2014_q1,2014-01-01,2014,1,1,1,all_cvd,male,all,primary_clear_likely,death_certificate,quarterly_count,63,63,count,63,,,final,bnr_sdc_v1,6,0,0,0,0,,none,No disclosure restriction identified.
MORT-BURDEN-001,mort_2026_07,quarterly,2014_q1,2014-01-01,2014,1,1,1,all_cvd,male,all,primary_clear_likely,death_certificate,quarterly_same_quarter_previous_5yr_mean,,,count,,,4,insufficient_history,bnr_sdc_v1,6,0,0,0,0,,none,No disclosure restriction identified.
MORT-BURDEN-001,mort_2026_07,quarterly,2014_q1,2014-01-01,2014,1,1,1,heart,all,all,primary_clear_likely,death_certificate,quarterly_count,64,64,count,64,,,final,bnr_sdc_v1,6,0,0,0,0,,none,No disclosure restriction identified.
MORT-BURDEN-001,mort_2026_07,quarterly,2014_q1,2014-01-01,2014,1,1,1,heart,all,all,primary_clear_likely,death_certificate,quarterly_same_quarter_previous_5yr_mean,,,count,,,4,insufficient_history,bnr_sdc_v1,6,0,0,0,0,,none,No disclosure restriction identified.
MORT-BURDEN-001,mort_2026_07,quarterly,2014_q1,2014-01-01,2014,1,1,1,heart,female,all,primary_clear_likely,death_certificate,quarterly_count,36,36,count,36,,,final,bnr_sdc_v1,6,0,0,0,0,,none,No disclosure restriction identified.
MORT-BURDEN-001,mort_2026_07,quarterly,2014_q1,2014-01-01,2014,1,1,1,heart,female,all,primary_clear_likely,death_certificate,quarterly_same_quarter_previous_5yr_mean,,,count,,,4,insufficient_history,bnr_sdc_v1,6,0,0,0,0,,none,No disclosure restriction identified.
MORT-BURDEN-001,mort_2026_07,quarterly,2014_q1,2014-01-01,2014,1,1,1,heart,male,all,primary_clear_likely,death_certificate,quarterly_count,28,28,count,28,,,final,bnr_sdc_v1,6,0,0,0,0,,none,No disclosure restriction identified.
MORT-BURDEN-001,mort_2026_07,quarterly,2014_q1,2014-01-01,2014,1,1,1,heart,male,all,primary_clear_likely,death_certificate,quarterly_same_quarter_previous_5yr_mean,,,count,,,4,insufficient_history,bnr_sdc_v1,6,0,0,0,0,,none,No disclosure restriction identified.
MORT-BURDEN-001,mort_2026_07,quarterly,2014_q1,2014-01-01,2014,1,1,1,stroke,all,all,primary_clear_likely,death_certificate,quarterly_count,65,65,count,65,,,final,bnr_sdc_v1,6,0,0,0,0,,none,No disclosure restriction identified.
MORT-BURDEN-001,mort_2026_07,quarterly,2014_q1,2014-01-01,2014,1,1,1,stroke,all,all,primary_clear_likely,death_certificate,quarterly_same_quarter_previous_5yr_mean,,,count,,,4,insufficient_history,bnr_sdc_v1,6,0,0,0,0,,none,No disclosure restriction identified.
MORT-BURDEN-001,mort_2026_07,quarterly,2014_q1,2014-01-01,2014,1,1,1,stroke,female,all,primary_clear_likely,death_certificate,quarterly_count,30,30,count,30,,,final,bnr_sdc_v1,6,0,0,0,0,,none,No disclosure restriction identified.
MORT-BURDEN-001,mort_2026_07,quarterly,2014_q1,2014-01-01,2014,1,1,1,stroke,female,all,primary_clear_likely,death_certificate,quarterly_same_quarter_previous_5yr_mean,,,count,,,4,insufficient_history,bnr_sdc_v1,6,0,0,0,0,,none,No disclosure restriction identified.
MORT-BURDEN-001,mort_2026_07,quarterly,2014_q1,2014-01-01,2014,1,1,1,stroke,male,all,primary_clear_likely,death_certificate,quarterly_count,35,35,count,35,,,final,bnr_sdc_v1,6,0,0,0,0,,none,No disclosure restriction identified.
MORT-BURDEN-001,mort_2026_07,quarterly,2014_q1,2014-01-01,2014,1,1,1,stroke,male,all,primary_clear_likely,death_certificate,quarterly_same_quarter_previous_5yr_mean,,,count,,,4,insufficient_history,bnr_sdc_v1,6,0,0,0,0,,none,No disclosure restriction identified.
MORT-BURDEN-001,mort_2026_07,quarterly,2014_q1,2014-01-01,2014,1,1,1,all_cvd,all,all,upper_clear_likely_possible,death_certificate,quarterly_count,156,156,count,156,,,final,bnr_sdc_v1,6,0,0,0,0,,none,No disclosure restriction identified.
MORT-BURDEN-001,mort_2026_07,quarterly,2014_q1,2014-01-01,2014,1,1,1,all_cvd,all,all,upper_clear_likely_possible,death_certificate,quarterly_same_quarter_previous_5yr_mean,,,count,,,4,insufficient_history,bnr_sdc_v1,6,0,0,0,0,,none,No disclosure restriction identified.
MORT-BURDEN-001,mort_2026_07,quarterly,2014_q1,2014-01-01,2014,1,1,1,all_cvd,female,all,upper_clear_likely_possible,death_certificate,quarterly_count,74,74,count,74,,,final,bnr_sdc_v1,6,0,0,0,0,,none,No disclosure restriction identified.
MORT-BURDEN-001,mort_2026_07,quarterly,2014_q1,2014-01-01,2014,1,1,1,all_cvd,female,all,upper_clear_likely_possible,death_certificate,quarterly_same_quarter_previous_5yr_mean,,,count,,,4,insufficient_history,bnr_sdc_v1,6,0,0,0,0,,none,No disclosure restriction identified.
MORT-BURDEN-001,mort_2026_07,quarterly,2014_q1,2014-01-01,2014,1,1,1,all_cvd,male,all,upper_clear_likely_possible,death_certificate,quarterly_count,82,82,count,82,,,final,bnr_sdc_v1,6,0,0,0,0,,none,No disclosure restriction identified.
MORT-BURDEN-001,mort_2026_07,quarterly,2014_q1,2014-01-01,2014,1,1,1,all_cvd,male,all,upper_clear_likely_possible,death_certificate,quarterly_same_quarter_previous_5yr_mean,,,count,,,4,insufficient_history,bnr_sdc_v1,6,0,0,0,0,,none,No disclosure restriction identified.
MORT-BURDEN-001,mort_2026_07,quarterly,2014_q1,2014-01-01,2014,1,1,1,heart,all,all,upper_clear_likely_possible,death_certificate,quarterly_count,84,84,count,84,,,final,bnr_sdc_v1,6,0,0,0,0,,none,No disclosure restriction identified.
MORT-BURDEN-001,mort_2026_07,quarterly,2014_q1,2014-01-01,2014,1,1,1,heart,all,all,upper_clear_likely_possible,death_certificate,quarterly_same_quarter_previous_5yr_mean,,,count,,,4,insufficient_history,bnr_sdc_v1,6,0,0,0,0,,none,No disclosure restriction identified.
MORT-BURDEN-001,mort_2026_07,quarterly,2014_q1,2014-01-01,2014,1,1,1,heart,female,all,upper_clear_likely_possible,death_certificate,quarterly_count,43,43,count,43,,,final,bnr_sdc_v1,6,0,0,0,0,,none,No disclosure restriction identified.
MORT-BURDEN-001,mort_2026_07,quarterly,2014_q1,2014-01-01,2014,1,1,1,heart,female,all,upper_clear_likely_possible,death_certificate,quarterly_same_quarter_previous_5yr_mean,,,count,,,4,insufficient_history,bnr_sdc_v1,6,0,0,0,0,,none,No disclosure restriction identified.
MORT-BURDEN-001,mort_2026_07,quarterly,2014_q1,2014-01-01,2014,1,1,1,heart,male,all,upper_clear_likely_possible,death_certificate,quarterly_count,41,41,count,41,,,final,bnr_sdc_v1,6,0,0,0,0,,none,No disclosure restriction identified.
MORT-BURDEN-001,mort_2026_07,quarterly,2014_q1,2014-01-01,2014,1,1,1,heart,male,all,upper_clear_likely_possible,death_certificate,quarterly_same_quarter_previous_5yr_mean,,,count,,,4,insufficient_history,bnr_sdc_v1,6,0,0,0,0,,none,No disclosure restriction identified.
MORT-BURDEN-001,mort_2026_07,quarterly,2014_q1,2014-01-01,2014,1,1,1,stroke,all,all,upper_clear_likely_possible,death_certificate,quarterly_count,72,72,count,72,,,final,bnr_sdc_v1,6,0,0,0,0,,none,No disclosure restriction identified.
MORT-BURDEN-001,mort_2026_07,quarterly,2014_q1,2014-01-01,2014,1,1,1,stroke,all,all,upper_clear_likely_possible,death_certificate,quarterly_same_quarter_previous_5yr_mean,,,count,,,4,insufficient_history,bnr_sdc_v1,6,0,0,0,0,,none,No disclosure restriction identified.
MORT-BURDEN-001,mort_2026_07,quarterly,2014_q1,2014-01-01,2014,1,1,1,stroke,female,all,upper_clear_likely_possible,death_certificate,quarterly_count,31,31,count,31,,,final,bnr_sdc_v1,6,0,0,0,0,,none,No disclosure restriction identified.
MORT-BURDEN-001,mort_2026_07,quarterly,2014_q1,2014-01-01,2014,1,1,1,stroke,female,all,upper_clear_likely_possible,death_certificate,quarterly_same_quarter_previous_5yr_mean,,,count,,,4,insufficient_history,bnr_sdc_v1,6,0,0,0,0,,none,No disclosure restriction identified.
MORT-BURDEN-001,mort_2026_07,quarterly,2014_q1,2014-01-01,2014,1,1,1,stroke,male,all,upper_clear_likely_possible,death_certificate,quarterly_count,41,41,count,41,,,final,bnr_sdc_v1,6,0,0,0,0,,none,No disclosure restriction identified.
MORT-BURDEN-001,mort_2026_07,quarterly,2014_q1,2014-01-01,2014,1,1,1,stroke,male,all,upper_clear_likely_possible,death_certificate,quarterly_same_quarter_previous_5yr_mean,,,count,,,4,insufficient_history,bnr_sdc_v1,6,0,0,0,0,,none,No disclosure restriction identified.
MORT-BURDEN-001,mort_2026_07,quarterly,2014_q2,2014-04-01,2014,4,2,1,all_cvd,all,all,primary_clear_likely,death_certificate,quarterly_count,105,105,count,105,,,final,bnr_sdc_v1,6,0,0,0,0,,none,No disclosure restriction identified.
MORT-BURDEN-001,mort_2026_07,quarterly,2014_q2,2014-04-01,2014,4,2,1,all_cvd,all,all,primary_clear_likely,death_certificate,quarterly_same_quarter_previous_5yr_mean,,,count,,,4,insufficient_history,bnr_sdc_v1,6,0,0,0,0,,none,No disclosure restriction identified.
MORT-BURDEN-001,mort_2026_07,quarterly,2014_q2,2014-04-01,2014,4,2,1,all_cvd,female,all,primary_clear_likely,death_certificate,quarterly_count,59,59,count,59,,,final,bnr_sdc_v1,6,0,0,0,0,,none,No disclosure restriction identified.
MORT-BURDEN-001,mort_2026_07,quarterly,2014_q2,2014-04-01,2014,4,2,1,all_cvd,female,all,primary_clear_likely,death_certificate,quarterly_same_quarter_previous_5yr_mean,,,count,,,4,insufficient_history,bnr_sdc_v1,6,0,0,0,0,,none,No disclosure restriction identified.
MORT-BURDEN-001,mort_2026_07,quarterly,2014_q2,2014-04-01,2014,4,2,1,all_cvd,male,all,primary_clear_likely,death_certificate,quarterly_count,46,46,count,46,,,final,bnr_sdc_v1,6,0,0,0,0,,none,No disclosure restriction identified.
MORT-BURDEN-001,mort_2026_07,quarterly,2014_q2,2014-04-01,2014,4,2,1,all_cvd,male,all,primary_clear_likely,death_certificate,quarterly_same_quarter_previous_5yr_mean,,,count,,,4,insufficient_history,bnr_sdc_v1,6,0,0,0,0,,none,No disclosure restriction identified.
MORT-BURDEN-001,mort_2026_07,quarterly,2014_q2,2014-04-01,2014,4,2,1,heart,all,all,primary_clear_likely,death_certificate,quarterly_count,56,56,count,56,,,final,bnr_sdc_v1,6,0,0,0,0,,none,No disclosure restriction identified.
MORT-BURDEN-001,mort_2026_07,quarterly,2014_q2,2014-04-01,2014,4,2,1,heart,all,all,primary_clear_likely,death_certificate,quarterly_same_quarter_previous_5yr_mean,,,count,,,4,insufficient_history,bnr_sdc_v1,6,0,0,0,0,,none,No disclosure restriction identified.
MORT-BURDEN-001,mort_2026_07,quarterly,2014_q2,2014-04-01,2014,4,2,1,heart,female,all,primary_clear_likely,death_certificate,quarterly_count,31,31,count,31,,,final,bnr_sdc_v1,6,0,0,0,0,,none,No disclosure restriction identified.
MORT-BURDEN-001,mort_2026_07,quarterly,2014_q2,2014-04-01,2014,4,2,1,heart,female,all,primary_clear_likely,death_certificate,quarterly_same_quarter_previous_5yr_mean,,,count,,,4,insufficient_history,bnr_sdc_v1,6,0,0,0,0,,none,No disclosure restriction identified.
MORT-BURDEN-001,mort_2026_07,quarterly,2014_q2,2014-04-01,2014,4,2,1,heart,male,all,primary_clear_likely,death_certificate,quarterly_count,25,25,count,25,,,final,bnr_sdc_v1,6,0,0,0,0,,none,No disclosure restriction identified.
MORT-BURDEN-001,mort_2026_07,quarterly,2014_q2,2014-04-01,2014,4,2,1,heart,male,all,primary_clear_likely,death_certificate,quarterly_same_quarter_previous_5yr_mean,,,count,,,4,insufficient_history,bnr_sdc_v1,6,0,0,0,0,,none,No disclosure restriction identified.
MORT-BURDEN-001,mort_2026_07,quarterly,2014_q2,2014-04-01,2014,4,2,1,stroke,all,all,primary_clear_likely,death_certificate,quarterly_count,49,49,count,49,,,final,bnr_sdc_v1,6,0,0,0,0,,none,No disclosure restriction identified.
MORT-BURDEN-001,mort_2026_07,quarterly,2014_q2,2014-04-01,2014,4,2,1,stroke,all,all,primary_clear_likely,death_certificate,quarterly_same_quarter_previous_5yr_mean,,,count,,,4,insufficient_history,bnr_sdc_v1,6,0,0,0,0,,none,No disclosure restriction identified.
MORT-BURDEN-001,mort_2026_07,quarterly,2014_q2,2014-04-01,2014,4,2,1,stroke,female,all,primary_clear_likely,death_certificate,quarterly_count,28,28,count,28,,,final,bnr_sdc_v1,6,0,0,0,0,,none,No disclosure restriction identified.
MORT-BURDEN-001,mort_2026_07,quarterly,2014_q2,2014-04-01,2014,4,2,1,stroke,female,all,primary_clear_likely,death_certificate,quarterly_same_quarter_previous_5yr_mean,,,count,,,4,insufficient_history,bnr_sdc_v1,6,0,0,0,0,,none,No disclosure restriction identified.
MORT-BURDEN-001,mort_2026_07,quarterly,2014_q2,2014-04-01,2014,4,2,1,stroke,male,all,primary_clear_likely,death_certificate,quarterly_count,21,21,count,21,,,final,bnr_sdc_v1,6,0,0,0,0,,none,No disclosure restriction identified.
MORT-BURDEN-001,mort_2026_07,quarterly,2014_q2,2014-04-01,2014,4,2,1,stroke,male,all,primary_clear_likely,death_certificate,quarterly_same_quarter_previous_5yr_mean,,,count,,,4,insufficient_history,bnr_sdc_v1,6,0,0,0,0,,none,No disclosure restriction identified.
MORT-BURDEN-001,mort_2026_07,quarterly,2014_q2,2014-04-01,2014,4,2,1,all_cvd,all,all,upper_clear_likely_possible,death_certificate,quarterly_count,119,119,count,119,,,final,bnr_sdc_v1,6,0,0,0,0,,none,No disclosure restriction identified.
MORT-BURDEN-001,mort_2026_07,quarterly,2014_q2,2014-04-01,2014,4,2,1,all_cvd,all,all,upper_clear_likely_possible,death_certificate,quarterly_same_quarter_previous_5yr_mean,,,count,,,4,insufficient_history,bnr_sdc_v1,6,0,0,0,0,,none,No disclosure restriction identified.
MORT-BURDEN-001,mort_2026_07,quarterly,2014_q2,2014-04-01,2014,4,2,1,all_cvd,female,all,upper_clear_likely_possible,death_certificate,quarterly_count,62,62,count,62,,,final,bnr_sdc_v1,6,0,0,0,0,,none,No disclosure restriction identified.
MORT-BURDEN-001,mort_2026_07,quarterly,2014_q2,2014-04-01,2014,4,2,1,all_cvd,female,all,upper_clear_likely_possible,death_certificate,quarterly_same_quarter_previous_5yr_mean,,,count,,,4,insufficient_history,bnr_sdc_v1,6,0,0,0,0,,none,No disclosure restriction identified.
MORT-BURDEN-001,mort_2026_07,quarterly,2014_q2,2014-04-01,2014,4,2,1,all_cvd,male,all,upper_clear_likely_possible,death_certificate,quarterly_count,57,57,count,57,,,final,bnr_sdc_v1,6,0,0,0,0,,none,No disclosure restriction identified.
MORT-BURDEN-001,mort_2026_07,quarterly,2014_q2,2014-04-01,2014,4,2,1,all_cvd,male,all,upper_clear_likely_possible,death_certificate,quarterly_same_quarter_previous_5yr_mean,,,count,,,4,insufficient_history,bnr_sdc_v1,6,0,0,0,0,,none,No disclosure restriction identified.
MORT-BURDEN-001,mort_2026_07,quarterly,2014_q2,2014-04-01,2014,4,2,1,heart,all,all,upper_clear_likely_possible,death_certificate,quarterly_count,63,63,count,63,,,final,bnr_sdc_v1,6,0,0,0,0,,none,No disclosure restriction identified.
MORT-BURDEN-001,mort_2026_07,quarterly,2014_q2,2014-04-01,2014,4,2,1,heart,all,all,upper_clear_likely_possible,death_certificate,quarterly_same_quarter_previous_5yr_mean,,,count,,,4,insufficient_history,bnr_sdc_v1,6,0,0,0,0,,none,No disclosure restriction identified.
MORT-BURDEN-001,mort_2026_07,quarterly,2014_q2,2014-04-01,2014,4,2,1,heart,female,all,upper_clear_likely_possible,death_certificate,quarterly_count,32,32,count,32,,,final,bnr_sdc_v1,6,0,0,0,0,,none,No disclosure restriction identified.
MORT-BURDEN-001,mort_2026_07,quarterly,2014_q2,2014-04-01,2014,4,2,1,heart,female,all,upper_clear_likely_possible,death_certificate,quarterly_same_quarter_previous_5yr_mean,,,count,,,4,insufficient_history,bnr_sdc_v1,6,0,0,0,0,,none,No disclosure restriction identified.
MORT-BURDEN-001,mort_2026_07,quarterly,2014_q2,2014-04-01,2014,4,2,1,heart,male,all,upper_clear_likely_possible,death_certificate,quarterly_count,31,31,count,31,,,final,bnr_sdc_v1,6,0,0,0,0,,none,No disclosure restriction identified.
MORT-BURDEN-001,mort_2026_07,quarterly,2014_q2,2014-04-01,2014,4,2,1,heart,male,all,upper_clear_likely_possible,death_certificate,quarterly_same_quarter_previous_5yr_mean,,,count,,,4,insufficient_history,bnr_sdc_v1,6,0,0,0,0,,none,No disclosure restriction identified.
MORT-BURDEN-001,mort_2026_07,quarterly,2014_q2,2014-04-01,2014,4,2,1,stroke,all,all,upper_clear_likely_possible,death_certificate,quarterly_count,56,56,count,56,,,final,bnr_sdc_v1,6,0,0,0,0,,none,No disclosure restriction identified.
MORT-BURDEN-001,mort_2026_07,quarterly,2014_q2,2014-04-01,2014,4,2,1,stroke,all,all,upper_clear_likely_possible,death_certificate,quarterly_same_quarter_previous_5yr_mean,,,count,,,4,insufficient_history,bnr_sdc_v1,6,0,0,0,0,,none,No disclosure restriction identified.
MORT-BURDEN-001,mort_2026_07,quarterly,2014_q2,2014-04-01,2014,4,2,1,stroke,female,all,upper_clear_likely_possible,death_certificate,quarterly_count,30,30,count,30,,,final,bnr_sdc_v1,6,0,0,0,0,,none,No disclosure restriction identified.
MORT-BURDEN-001,mort_2026_07,quarterly,2014_q2,2014-04-01,2014,4,2,1,stroke,female,all,upper_clear_likely_possible,death_certificate,quarterly_same_quarter_previous_5yr_mean,,,count,,,4,insufficient_history,bnr_sdc_v1,6,0,0,0,0,,none,No disclosure restriction identified.
MORT-BURDEN-001,mort_2026_07,quarterly,2014_q2,2014-04-01,2014,4,2,1,stroke,male,all,upper_clear_likely_possible,death_certificate,quarterly_count,26,26,count,26,,,final,bnr_sdc_v1,6,0,0,0,0,,none,No disclosure restriction identified.
MORT-BURDEN-001,mort_2026_07,quarterly,2014_q2,2014-04-01,2014,4,2,1,stroke,male,all,upper_clear_likely_possible,death_certificate,quarterly_same_quarter_previous_5yr_mean,,,count,,,4,insufficient_history,bnr_sdc_v1,6,0,0,0,0,,none,No disclosure restriction identified.
MORT-BURDEN-001,mort_2026_07,quarterly,2014_q3,2014-07-01,2014,7,3,1,all_cvd,all,all,primary_clear_likely,death_certificate,quarterly_count,117,117,count,117,,,final,bnr_sdc_v1,6,0,0,0,0,,none,No disclosure restriction identified.
MORT-BURDEN-001,mort_2026_07,quarterly,2014_q3,2014-07-01,2014,7,3,1,all_cvd,all,all,primary_clear_likely,death_certificate,quarterly_same_quarter_previous_5yr_mean,,,count,,,4,insufficient_history,bnr_sdc_v1,6,0,0,0,0,,none,No disclosure restriction identified.
MORT-BURDEN-001,mort_2026_07,quarterly,2014_q3,2014-07-01,2014,7,3,1,all_cvd,female,all,primary_clear_likely,death_certificate,quarterly_count,64,64,count,64,,,final,bnr_sdc_v1,6,0,0,0,0,,none,No disclosure restriction identified.
MORT-BURDEN-001,mort_2026_07,quarterly,2014_q3,2014-07-01,2014,7,3,1,all_cvd,female,all,primary_clear_likely,death_certificate,quarterly_same_quarter_previous_5yr_mean,,,count,,,4,insufficient_history,bnr_sdc_v1,6,0,0,0,0,,none,No disclosure restriction identified.
MORT-BURDEN-001,mort_2026_07,quarterly,2014_q3,2014-07-01,2014,7,3,1,all_cvd,male,all,primary_clear_likely,death_certificate,quarterly_count,53,53,count,53,,,final,bnr_sdc_v1,6,0,0,0,0,,none,No disclosure restriction identified.
MORT-BURDEN-001,mort_2026_07,quarterly,2014_q3,2014-07-01,2014,7,3,1,all_cvd,male,all,primary_clear_likely,death_certificate,quarterly_same_quarter_previous_5yr_mean,,,count,,,4,insufficient_history,bnr_sdc_v1,6,0,0,0,0,,none,No disclosure restriction identified.
MORT-BURDEN-001,mort_2026_07,quarterly,2014_q3,2014-07-01,2014,7,3,1,heart,all,all,primary_clear_likely,death_certificate,quarterly_count,61,61,count,61,,,final,bnr_sdc_v1,6,0,0,0,0,,none,No disclosure restriction identified.
MORT-BURDEN-001,mort_2026_07,quarterly,2014_q3,2014-07-01,2014,7,3,1,heart,all,all,primary_clear_likely,death_certificate,quarterly_same_quarter_previous_5yr_mean,,,count,,,4,insufficient_history,bnr_sdc_v1,6,0,0,0,0,,none,No disclosure restriction identified.
MORT-BURDEN-001,mort_2026_07,quarterly,2014_q3,2014-07-01,2014,7,3,1,heart,female,all,primary_clear_likely,death_certificate,quarterly_count,30,30,count,30,,,final,bnr_sdc_v1,6,0,0,0,0,,none,No disclosure restriction identified.
MORT-BURDEN-001,mort_2026_07,quarterly,2014_q3,2014-07-01,2014,7,3,1,heart,female,all,primary_clear_likely,death_certificate,quarterly_same_quarter_previous_5yr_mean,,,count,,,4,insufficient_history,bnr_sdc_v1,6,0,0,0,0,,none,No disclosure restriction identified.
MORT-BURDEN-001,mort_2026_07,quarterly,2014_q3,2014-07-01,2014,7,3,1,heart,male,all,primary_clear_likely,death_certificate,quarterly_count,31,31,count,31,,,final,bnr_sdc_v1,6,0,0,0,0,,none,No disclosure restriction identified.
MORT-BURDEN-001,mort_2026_07,quarterly,2014_q3,2014-07-01,2014,7,3,1,heart,male,all,primary_clear_likely,death_certificate,quarterly_same_quarter_previous_5yr_mean,,,count,,,4,insufficient_history,bnr_sdc_v1,6,0,0,0,0,,none,No disclosure restriction identified.
MORT-BURDEN-001,mort_2026_07,quarterly,2014_q3,2014-07-01,2014,7,3,1,stroke,all,all,primary_clear_likely,death_certificate,quarterly_count,56,56,count,56,,,final,bnr_sdc_v1,6,0,0,0,0,,none,No disclosure restriction identified.
MORT-BURDEN-001,mort_2026_07,quarterly,2014_q3,2014-07-01,2014,7,3,1,stroke,all,all,primary_clear_likely,death_certificate,quarterly_same_quarter_previous_5yr_mean,,,count,,,4,insufficient_history,bnr_sdc_v1,6,0,0,0,0,,none,No disclosure restriction identified.
MORT-BURDEN-001,mort_2026_07,quarterly,2014_q3,2014-07-01,2014,7,3,1,stroke,female,all,primary_clear_likely,death_certificate,quarterly_count,34,34,count,34,,,final,bnr_sdc_v1,6,0,0,0,0,,none,No disclosure restriction identified.
MORT-BURDEN-001,mort_2026_07,quarterly,2014_q3,2014-07-01,2014,7,3,1,stroke,female,all,primary_clear_likely,death_certificate,quarterly_same_quarter_previous_5yr_mean,,,count,,,4,insufficient_history,bnr_sdc_v1,6,0,0,0,0,,none,No disclosure restriction identified.
MORT-BURDEN-001,mort_2026_07,quarterly,2014_q3,2014-07-01,2014,7,3,1,stroke,male,all,primary_clear_likely,death_certificate,quarterly_count,22,22,count,22,,,final,bnr_sdc_v1,6,0,0,0,0,,none,No disclosure restriction identified.
MORT-BURDEN-001,mort_2026_07,quarterly,2014_q3,2014-07-01,2014,7,3,1,stroke,male,all,primary_clear_likely,death_certificate,quarterly_same_quarter_previous_5yr_mean,,,count,,,4,insufficient_history,bnr_sdc_v1,6,0,0,0,0,,none,No disclosure restriction identified.
MORT-BURDEN-001,mort_2026_07,quarterly,2014_q3,2014-07-01,2014,7,3,1,all_cvd,all,all,upper_clear_likely_possible,death_certificate,quarterly_count,152,152,count,152,,,final,bnr_sdc_v1,6,0,0,0,0,,none,No disclosure restriction identified.
MORT-BURDEN-001,mort_2026_07,quarterly,2014_q3,2014-07-01,2014,7,3,1,all_cvd,all,all,upper_clear_likely_possible,death_certificate,quarterly_same_quarter_previous_5yr_mean,,,count,,,4,insufficient_history,bnr_sdc_v1,6,0,0,0,0,,none,No disclosure restriction identified.
MORT-BURDEN-001,mort_2026_07,quarterly,2014_q3,2014-07-01,2014,7,3,1,all_cvd,female,all,upper_clear_likely_possible,death_certificate,quarterly_count,80,80,count,80,,,final,bnr_sdc_v1,6,0,0,0,0,,none,No disclosure restriction identified.
MORT-BURDEN-001,mort_2026_07,quarterly,2014_q3,2014-07-01,2014,7,3,1,all_cvd,female,all,upper_clear_likely_possible,death_certificate,quarterly_same_quarter_previous_5yr_mean,,,count,,,4,insufficient_history,bnr_sdc_v1,6,0,0,0,0,,none,No disclosure restriction identified.
MORT-BURDEN-001,mort_2026_07,quarterly,2014_q3,2014-07-01,2014,7,3,1,all_cvd,male,all,upper_clear_likely_possible,death_certificate,quarterly_count,72,72,count,72,,,final,bnr_sdc_v1,6,0,0,0,0,,none,No disclosure restriction identified.
MORT-BURDEN-001,mort_2026_07,quarterly,2014_q3,2014-07-01,2014,7,3,1,all_cvd,male,all,upper_clear_likely_possible,death_certificate,quarterly_same_quarter_previous_5yr_mean,,,count,,,4,insufficient_history,bnr_sdc_v1,6,0,0,0,0,,none,No disclosure restriction identified.
MORT-BURDEN-001,mort_2026_07,quarterly,2014_q3,2014-07-01,2014,7,3,1,heart,all,all,upper_clear_likely_possible,death_certificate,quarterly_count,82,82,count,82,,,final,bnr_sdc_v1,6,0,0,0,0,,none,No disclosure restriction identified.
MORT-BURDEN-001,mort_2026_07,quarterly,2014_q3,2014-07-01,2014,7,3,1,heart,all,all,upper_clear_likely_possible,death_certificate,quarterly_same_quarter_previous_5yr_mean,,,count,,,4,insufficient_history,bnr_sdc_v1,6,0,0,0,0,,none,No disclosure restriction identified.
MORT-BURDEN-001,mort_2026_07,quarterly,2014_q3,2014-07-01,2014,7,3,1,heart,female,all,upper_clear_likely_possible,death_certificate,quarterly_count,39,39,count,39,,,final,bnr_sdc_v1,6,0,0,0,0,,none,No disclosure restriction identified.
MORT-BURDEN-001,mort_2026_07,quarterly,2014_q3,2014-07-01,2014,7,3,1,heart,female,all,upper_clear_likely_possible,death_certificate,quarterly_same_quarter_previous_5yr_mean,,,count,,,4,insufficient_history,bnr_sdc_v1,6,0,0,0,0,,none,No disclosure restriction identified.
MORT-BURDEN-001,mort_2026_07,quarterly,2014_q3,2014-07-01,2014,7,3,1,heart,male,all,upper_clear_likely_possible,death_certificate,quarterly_count,43,43,count,43,,,final,bnr_sdc_v1,6,0,0,0,0,,none,No disclosure restriction identified.
MORT-BURDEN-001,mort_2026_07,quarterly,2014_q3,2014-07-01,2014,7,3,1,heart,male,all,upper_clear_likely_possible,death_certificate,quarterly_same_quarter_previous_5yr_mean,,,count,,,4,insufficient_history,bnr_sdc_v1,6,0,0,0,0,,none,No disclosure restriction identified.
MORT-BURDEN-001,mort_2026_07,quarterly,2014_q3,2014-07-01,2014,7,3,1,stroke,all,all,upper_clear_likely_possible,death_certificate,quarterly_count,70,70,count,70,,,final,bnr_sdc_v1,6,0,0,0,0,,none,No disclosure restriction identified.
MORT-BURDEN-001,mort_2026_07,quarterly,2014_q3,2014-07-01,2014,7,3,1,stroke,all,all,upper_clear_likely_possible,death_certificate,quarterly_same_quarter_previous_5yr_mean,,,count,,,4,insufficient_history,bnr_sdc_v1,6,0,0,0,0,,none,No disclosure restriction identified.
MORT-BURDEN-001,mort_2026_07,quarterly,2014_q3,2014-07-01,2014,7,3,1,stroke,female,all,upper_clear_likely_possible,death_certificate,quarterly_count,41,41,count,41,,,final,bnr_sdc_v1,6,0,0,0,0,,none,No disclosure restriction identified.
MORT-BURDEN-001,mort_2026_07,quarterly,2014_q3,2014-07-01,2014,7,3,1,stroke,female,all,upper_clear_likely_possible,death_certificate,quarterly_same_quarter_previous_5yr_mean,,,count,,,4,insufficient_history,bnr_sdc_v1,6,0,0,0,0,,none,No disclosure restriction identified.
MORT-BURDEN-001,mort_2026_07,quarterly,2014_q3,2014-07-01,2014,7,3,1,stroke,male,all,upper_clear_likely_possible,death_certificate,quarterly_count,29,29,count,29,,,final,bnr_sdc_v1,6,0,0,0,0,,none,No disclosure restriction identified.
MORT-BURDEN-001,mort_2026_07,quarterly,2014_q3,2014-07-01,2014,7,3,1,stroke,male,all,upper_clear_likely_possible,death_certificate,quarterly_same_quarter_previous_5yr_mean,,,count,,,4,insufficient_history,bnr_sdc_v1,6,0,0,0,0,,none,No disclosure restriction identified.
MORT-BURDEN-001,mort_2026_07,quarterly,2014_q4,2014-10-01,2014,10,4,1,all_cvd,all,all,primary_clear_likely,death_certificate,quarterly_count,149,149,count,149,,,final,bnr_sdc_v1,6,0,0,0,0,,none,No disclosure restriction identified.
MORT-BURDEN-001,mort_2026_07,quarterly,2014_q4,2014-10-01,2014,10,4,1,all_cvd,all,all,primary_clear_likely,death_certificate,quarterly_same_quarter_previous_5yr_mean,,,count,,,4,insufficient_history,bnr_sdc_v1,6,0,0,0,0,,none,No disclosure restriction identified.
MORT-BURDEN-001,mort_2026_07,quarterly,2014_q4,2014-10-01,2014,10,4,1,all_cvd,female,all,primary_clear_likely,death_certificate,quarterly_count,70,70,count,70,,,final,bnr_sdc_v1,6,0,0,0,0,,none,No disclosure restriction identified.
MORT-BURDEN-001,mort_2026_07,quarterly,2014_q4,2014-10-01,2014,10,4,1,all_cvd,female,all,primary_clear_likely,death_certificate,quarterly_same_quarter_previous_5yr_mean,,,count,,,4,insufficient_history,bnr_sdc_v1,6,0,0,0,0,,none,No disclosure restriction identified.
MORT-BURDEN-001,mort_2026_07,quarterly,2014_q4,2014-10-01,2014,10,4,1,all_cvd,male,all,primary_clear_likely,death_certificate,quarterly_count,79,79,count,79,,,final,bnr_sdc_v1,6,0,0,0,0,,none,No disclosure restriction identified.
MORT-BURDEN-001,mort_2026_07,quarterly,2014_q4,2014-10-01,2014,10,4,1,all_cvd,male,all,primary_clear_likely,death_certificate,quarterly_same_quarter_previous_5yr_mean,,,count,,,4,insufficient_history,bnr_sdc_v1,6,0,0,0,0,,none,No disclosure restriction identified.
MORT-BURDEN-001,mort_2026_07,quarterly,2014_q4,2014-10-01,2014,10,4,1,heart,all,all,primary_clear_likely,death_certificate,quarterly_count,74,74,count,74,,,final,bnr_sdc_v1,6,0,0,0,0,,none,No disclosure restriction identified.
MORT-BURDEN-001,mort_2026_07,quarterly,2014_q4,2014-10-01,2014,10,4,1,heart,all,all,primary_clear_likely,death_certificate,quarterly_same_quarter_previous_5yr_mean,,,count,,,4,insufficient_history,bnr_sdc_v1,6,0,0,0,0,,none,No disclosure restriction identified.
MORT-BURDEN-001,mort_2026_07,quarterly,2014_q4,2014-10-01,2014,10,4,1,heart,female,all,primary_clear_likely,death_certificate,quarterly_count,30,30,count,30,,,final,bnr_sdc_v1,6,0,0,0,0,,none,No disclosure restriction identified.
MORT-BURDEN-001,mort_2026_07,quarterly,2014_q4,2014-10-01,2014,10,4,1,heart,female,all,primary_clear_likely,death_certificate,quarterly_same_quarter_previous_5yr_mean,,,count,,,4,insufficient_history,bnr_sdc_v1,6,0,0,0,0,,none,No disclosure restriction identified.
MORT-BURDEN-001,mort_2026_07,quarterly,2014_q4,2014-10-01,2014,10,4,1,heart,male,all,primary_clear_likely,death_certificate,quarterly_count,44,44,count,44,,,final,bnr_sdc_v1,6,0,0,0,0,,none,No disclosure restriction identified.
MORT-BURDEN-001,mort_2026_07,quarterly,2014_q4,2014-10-01,2014,10,4,1,heart,male,all,primary_clear_likely,death_certificate,quarterly_same_quarter_previous_5yr_mean,,,count,,,4,insufficient_history,bnr_sdc_v1,6,0,0,0,0,,none,No disclosure restriction identified.
MORT-BURDEN-001,mort_2026_07,quarterly,2014_q4,2014-10-01,2014,10,4,1,stroke,all,all,primary_clear_likely,death_certificate,quarterly_count,75,75,count,75,,,final,bnr_sdc_v1,6,0,0,0,0,,none,No disclosure restriction identified.
MORT-BURDEN-001,mort_2026_07,quarterly,2014_q4,2014-10-01,2014,10,4,1,stroke,all,all,primary_clear_likely,death_certificate,quarterly_same_quarter_previous_5yr_mean,,,count,,,4,insufficient_history,bnr_sdc_v1,6,0,0,0,0,,none,No disclosure restriction identified.
MORT-BURDEN-001,mort_2026_07,quarterly,2014_q4,2014-10-01,2014,10,4,1,stroke,female,all,primary_clear_likely,death_certificate,quarterly_count,40,40,count,40,,,final,bnr_sdc_v1,6,0,0,0,0,,none,No disclosure restriction identified.
MORT-BURDEN-001,mort_2026_07,quarterly,2014_q4,2014-10-01,2014,10,4,1,stroke,female,all,primary_clear_likely,death_certificate,quarterly_same_quarter_previous_5yr_mean,,,count,,,4,insufficient_history,bnr_sdc_v1,6,0,0,0,0,,none,No disclosure restriction identified.
MORT-BURDEN-001,mort_2026_07,quarterly,2014_q4,2014-10-01,2014,10,4,1,stroke,male,all,primary_clear_likely,death_certificate,quarterly_count,35,35,count,35,,,final,bnr_sdc_v1,6,0,0,0,0,,none,No disclosure restriction identified.
MORT-BURDEN-001,mort_2026_07,quarterly,2014_q4,2014-10-01,2014,10,4,1,stroke,male,all,primary_clear_likely,death_certificate,quarterly_same_quarter_previous_5yr_mean,,,count,,,4,insufficient_history,bnr_sdc_v1,6,0,0,0,0,,none,No disclosure restriction identified.
MORT-BURDEN-001,mort_2026_07,quarterly,2014_q4,2014-10-01,2014,10,4,1,all_cvd,all,all,upper_clear_likely_possible,death_certificate,quarterly_count,178,178,count,178,,,final,bnr_sdc_v1,6,0,0,0,0,,none,No disclosure restriction identified.
MORT-BURDEN-001,mort_2026_07,quarterly,2014_q4,2014-10-01,2014,10,4,1,all_cvd,all,all,upper_clear_likely_possible,death_certificate,quarterly_same_quarter_previous_5yr_mean,,,count,,,4,insufficient_history,bnr_sdc_v1,6,0,0,0,0,,none,No disclosure restriction identified.
MORT-BURDEN-001,mort_2026_07,quarterly,2014_q4,2014-10-01,2014,10,4,1,all_cvd,female,all,upper_clear_likely_possible,death_certificate,quarterly_count,81,81,count,81,,,final,bnr_sdc_v1,6,0,0,0,0,,none,No disclosure restriction identified.
MORT-BURDEN-001,mort_2026_07,quarterly,2014_q4,2014-10-01,2014,10,4,1,all_cvd,female,all,upper_clear_likely_possible,death_certificate,quarterly_same_quarter_previous_5yr_mean,,,count,,,4,insufficient_history,bnr_sdc_v1,6,0,0,0,0,,none,No disclosure restriction identified.
MORT-BURDEN-001,mort_2026_07,quarterly,2014_q4,2014-10-01,2014,10,4,1,all_cvd,male,all,upper_clear_likely_possible,death_certificate,quarterly_count,97,97,count,97,,,final,bnr_sdc_v1,6,0,0,0,0,,none,No disclosure restriction identified.
MORT-BURDEN-001,mort_2026_07,quarterly,2014_q4,2014-10-01,2014,10,4,1,all_cvd,male,all,upper_clear_likely_possible,death_certificate,quarterly_same_quarter_previous_5yr_mean,,,count,,,4,insufficient_history,bnr_sdc_v1,6,0,0,0,0,,none,No disclosure restriction identified.
MORT-BURDEN-001,mort_2026_07,quarterly,2014_q4,2014-10-01,2014,10,4,1,heart,all,all,upper_clear_likely_possible,death_certificate,quarterly_count,89,89,count,89,,,final,bnr_sdc_v1,6,0,0,0,0,,none,No disclosure restriction identified.
MORT-BURDEN-001,mort_2026_07,quarterly,2014_q4,2014-10-01,2014,10,4,1,heart,all,all,upper_clear_likely_possible,death_certificate,quarterly_same_quarter_previous_5yr_mean,,,count,,,4,insufficient_history,bnr_sdc_v1,6,0,0,0,0,,none,No disclosure restriction identified.
MORT-BURDEN-001,mort_2026_07,quarterly,2014_q4,2014-10-01,2014,10,4,1,heart,female,all,upper_clear_likely_possible,death_certificate,quarterly_count,35,35,count,35,,,final,bnr_sdc_v1,6,0,0,0,0,,none,No disclosure restriction identified.
MORT-BURDEN-001,mort_2026_07,quarterly,2014_q4,2014-10-01,2014,10,4,1,heart,female,all,upper_clear_likely_possible,death_certificate,quarterly_same_quarter_previous_5yr_mean,,,count,,,4,insufficient_history,bnr_sdc_v1,6,0,0,0,0,,none,No disclosure restriction identified.
MORT-BURDEN-001,mort_2026_07,quarterly,2014_q4,2014-10-01,2014,10,4,1,heart,male,all,upper_clear_likely_possible,death_certificate,quarterly_count,54,54,count,54,,,final,bnr_sdc_v1,6,0,0,0,0,,none,No disclosure restriction identified.
MORT-BURDEN-001,mort_2026_07,quarterly,2014_q4,2014-10-01,2014,10,4,1,heart,male,all,upper_clear_likely_possible,death_certificate,quarterly_same_quarter_previous_5yr_mean,,,count,,,4,insufficient_history,bnr_sdc_v1,6,0,0,0,0,,none,No disclosure restriction identified.
MORT-BURDEN-001,mort_2026_07,quarterly,2014_q4,2014-10-01,2014,10,4,1,stroke,all,all,upper_clear_likely_possible,death_certificate,quarterly_count,89,89,count,89,,,final,bnr_sdc_v1,6,0,0,0,0,,none,No disclosure restriction identified.
MORT-BURDEN-001,mort_2026_07,quarterly,2014_q4,2014-10-01,2014,10,4,1,stroke,all,all,upper_clear_likely_possible,death_certificate,quarterly_same_quarter_previous_5yr_mean,,,count,,,4,insufficient_history,bnr_sdc_v1,6,0,0,0,0,,none,No disclosure restriction identified.
MORT-BURDEN-001,mort_2026_07,quarterly,2014_q4,2014-10-01,2014,10,4,1,stroke,female,all,upper_clear_likely_possible,death_certificate,quarterly_count,46,46,count,46,,,final,bnr_sdc_v1,6,0,0,0,0,,none,No disclosure restriction identified.
MORT-BURDEN-001,mort_2026_07,quarterly,2014_q4,2014-10-01,2014,10,4,1,stroke,female,all,upper_clear_likely_possible,death_certificate,quarterly_same_quarter_previous_5yr_mean,,,count,,,4,insufficient_history,bnr_sdc_v1,6,0,0,0,0,,none,No disclosure restriction identified.
MORT-BURDEN-001,mort_2026_07,quarterly,2014_q4,2014-10-01,2014,10,4,1,stroke,male,all,upper_clear_likely_possible,death_certificate,quarterly_count,43,43,count,43,,,final,bnr_sdc_v1,6,0,0,0,0,,none,No disclosure restriction identified.
MORT-BURDEN-001,mort_2026_07,quarterly,2014_q4,2014-10-01,2014,10,4,1,stroke,male,all,upper_clear_likely_possible,death_certificate,quarterly_same_quarter_previous_5yr_mean,,,count,,,4,insufficient_history,bnr_sdc_v1,6,0,0,0,0,,none,No disclosure restriction identified.
MORT-BURDEN-001,mort_2026_07,quarterly,2015_q1,2015-01-01,2015,1,1,1,all_cvd,all,all,primary_clear_likely,death_certificate,quarterly_count,147,147,count,147,,,final,bnr_sdc_v1,6,0,0,0,0,,none,No disclosure restriction identified.
MORT-BURDEN-001,mort_2026_07,quarterly,2015_q1,2015-01-01,2015,1,1,1,all_cvd,all,all,primary_clear_likely,death_certificate,quarterly_same_quarter_previous_5yr_mean,126.2,126.2,count,631,,5,final,bnr_sdc_v1,6,0,0,0,0,,none,No disclosure restriction identified.
MORT-BURDEN-001,mort_2026_07,quarterly,2015_q1,2015-01-01,2015,1,1,1,all_cvd,female,all,primary_clear_likely,death_certificate,quarterly_count,82,82,count,82,,,final,bnr_sdc_v1,6,0,0,0,0,,none,No disclosure restriction identified.
MORT-BURDEN-001,mort_2026_07,quarterly,2015_q1,2015-01-01,2015,1,1,1,all_cvd,female,all,primary_clear_likely,death_certificate,quarterly_same_quarter_previous_5yr_mean,70.2,70.2,count,351,,5,final,bnr_sdc_v1,6,0,0,0,0,,none,No disclosure restriction identified.
MORT-BURDEN-001,mort_2026_07,quarterly,2015_q1,2015-01-01,2015,1,1,1,all_cvd,male,all,primary_clear_likely,death_certificate,quarterly_count,65,65,count,65,,,final,bnr_sdc_v1,6,0,0,0,0,,none,No disclosure restriction identified.
MORT-BURDEN-001,mort_2026_07,quarterly,2015_q1,2015-01-01,2015,1,1,1,all_cvd,male,all,primary_clear_likely,death_certificate,quarterly_same_quarter_previous_5yr_mean,56,56,count,280,,5,final,bnr_sdc_v1,6,0,0,0,0,,none,No disclosure restriction identified.
MORT-BURDEN-001,mort_2026_07,quarterly,2015_q1,2015-01-01,2015,1,1,1,heart,all,all,primary_clear_likely,death_certificate,quarterly_count,75,75,count,75,,,final,bnr_sdc_v1,6,0,0,0,0,,none,No disclosure restriction identified.
MORT-BURDEN-001,mort_2026_07,quarterly,2015_q1,2015-01-01,2015,1,1,1,heart,all,all,primary_clear_likely,death_certificate,quarterly_same_quarter_previous_5yr_mean,59.4,59.4,count,297,,5,final,bnr_sdc_v1,6,0,0,0,0,,none,No disclosure restriction identified.
MORT-BURDEN-001,mort_2026_07,quarterly,2015_q1,2015-01-01,2015,1,1,1,heart,female,all,primary_clear_likely,death_certificate,quarterly_count,39,39,count,39,,,final,bnr_sdc_v1,6,0,0,0,0,,none,No disclosure restriction identified.
MORT-BURDEN-001,mort_2026_07,quarterly,2015_q1,2015-01-01,2015,1,1,1,heart,female,all,primary_clear_likely,death_certificate,quarterly_same_quarter_previous_5yr_mean,33.6,33.6,count,168,,5,final,bnr_sdc_v1,6,0,0,0,0,,none,No disclosure restriction identified.
MORT-BURDEN-001,mort_2026_07,quarterly,2015_q1,2015-01-01,2015,1,1,1,heart,male,all,primary_clear_likely,death_certificate,quarterly_count,36,36,count,36,,,final,bnr_sdc_v1,6,0,0,0,0,,none,No disclosure restriction identified.
MORT-BURDEN-001,mort_2026_07,quarterly,2015_q1,2015-01-01,2015,1,1,1,heart,male,all,primary_clear_likely,death_certificate,quarterly_same_quarter_previous_5yr_mean,25.8,25.8,count,129,,5,final,bnr_sdc_v1,6,0,0,0,0,,none,No disclosure restriction identified.
MORT-BURDEN-001,mort_2026_07,quarterly,2015_q1,2015-01-01,2015,1,1,1,stroke,all,all,primary_clear_likely,death_certificate,quarterly_count,72,72,count,72,,,final,bnr_sdc_v1,6,0,0,0,0,,none,No disclosure restriction identified.
MORT-BURDEN-001,mort_2026_07,quarterly,2015_q1,2015-01-01,2015,1,1,1,stroke,all,all,primary_clear_likely,death_certificate,quarterly_same_quarter_previous_5yr_mean,66.8,66.8,count,334,,5,final,bnr_sdc_v1,6,0,0,0,0,,none,No disclosure restriction identified.
MORT-BURDEN-001,mort_2026_07,quarterly,2015_q1,2015-01-01,2015,1,1,1,stroke,female,all,primary_clear_likely,death_certificate,quarterly_count,43,43,count,43,,,final,bnr_sdc_v1,6,0,0,0,0,,none,No disclosure restriction identified.
MORT-BURDEN-001,mort_2026_07,quarterly,2015_q1,2015-01-01,2015,1,1,1,stroke,female,all,primary_clear_likely,death_certificate,quarterly_same_quarter_previous_5yr_mean,36.6,36.6,count,183,,5,final,bnr_sdc_v1,6,0,0,0,0,,none,No disclosure restriction identified.
MORT-BURDEN-001,mort_2026_07,quarterly,2015_q1,2015-01-01,2015,1,1,1,stroke,male,all,primary_clear_likely,death_certificate,quarterly_count,29,29,count,29,,,final,bnr_sdc_v1,6,0,0,0,0,,none,No disclosure restriction identified.
MORT-BURDEN-001,mort_2026_07,quarterly,2015_q1,2015-01-01,2015,1,1,1,stroke,male,all,primary_clear_likely,death_certificate,quarterly_same_quarter_previous_5yr_mean,30.2,30.2,count,151,,5,final,bnr_sdc_v1,6,0,0,0,0,,none,No disclosure restriction identified.
MORT-BURDEN-001,mort_2026_07,quarterly,2015_q1,2015-01-01,2015,1,1,1,all_cvd,all,all,upper_clear_likely_possible,death_certificate,quarterly_count,171,171,count,171,,,final,bnr_sdc_v1,6,0,0,0,0,,none,No disclosure restriction identified.
MORT-BURDEN-001,mort_2026_07,quarterly,2015_q1,2015-01-01,2015,1,1,1,all_cvd,all,all,upper_clear_likely_possible,death_certificate,quarterly_same_quarter_previous_5yr_mean,147.8,147.8,count,739,,5,final,bnr_sdc_v1,6,0,0,0,0,,none,No disclosure restriction identified.
MORT-BURDEN-001,mort_2026_07,quarterly,2015_q1,2015-01-01,2015,1,1,1,all_cvd,female,all,upper_clear_likely_possible,death_certificate,quarterly_count,94,94,count,94,,,final,bnr_sdc_v1,6,0,0,0,0,,none,No disclosure restriction identified.
MORT-BURDEN-001,mort_2026_07,quarterly,2015_q1,2015-01-01,2015,1,1,1,all_cvd,female,all,upper_clear_likely_possible,death_certificate,quarterly_same_quarter_previous_5yr_mean,79.2,79.2,count,396,,5,final,bnr_sdc_v1,6,0,0,0,0,,none,No disclosure restriction identified.
MORT-BURDEN-001,mort_2026_07,quarterly,2015_q1,2015-01-01,2015,1,1,1,all_cvd,male,all,upper_clear_likely_possible,death_certificate,quarterly_count,77,77,count,77,,,final,bnr_sdc_v1,6,0,0,0,0,,none,No disclosure restriction identified.
MORT-BURDEN-001,mort_2026_07,quarterly,2015_q1,2015-01-01,2015,1,1,1,all_cvd,male,all,upper_clear_likely_possible,death_certificate,quarterly_same_quarter_previous_5yr_mean,68.59999999999999,68.6,count,343,,5,final,bnr_sdc_v1,6,0,0,0,0,,none,No disclosure restriction identified.
MORT-BURDEN-001,mort_2026_07,quarterly,2015_q1,2015-01-01,2015,1,1,1,heart,all,all,upper_clear_likely_possible,death_certificate,quarterly_count,90,90,count,90,,,final,bnr_sdc_v1,6,0,0,0,0,,none,No disclosure restriction identified.
MORT-BURDEN-001,mort_2026_07,quarterly,2015_q1,2015-01-01,2015,1,1,1,heart,all,all,upper_clear_likely_possible,death_certificate,quarterly_same_quarter_previous_5yr_mean,75.59999999999999,75.6,count,378,,5,final,bnr_sdc_v1,6,0,0,0,0,,none,No disclosure restriction identified.
MORT-BURDEN-001,mort_2026_07,quarterly,2015_q1,2015-01-01,2015,1,1,1,heart,female,all,upper_clear_likely_possible,death_certificate,quarterly_count,49,49,count,49,,,final,bnr_sdc_v1,6,0,0,0,0,,none,No disclosure restriction identified.
MORT-BURDEN-001,mort_2026_07,quarterly,2015_q1,2015-01-01,2015,1,1,1,heart,female,all,upper_clear_likely_possible,death_certificate,quarterly_same_quarter_previous_5yr_mean,40.6,40.6,count,203,,5,final,bnr_sdc_v1,6,0,0,0,0,,none,No disclosure restriction identified.
MORT-BURDEN-001,mort_2026_07,quarterly,2015_q1,2015-01-01,2015,1,1,1,heart,male,all,upper_clear_likely_possible,death_certificate,quarterly_count,41,41,count,41,,,final,bnr_sdc_v1,6,0,0,0,0,,none,No disclosure restriction identified.
MORT-BURDEN-001,mort_2026_07,quarterly,2015_q1,2015-01-01,2015,1,1,1,heart,male,all,upper_clear_likely_possible,death_certificate,quarterly_same_quarter_previous_5yr_mean,35,35,count,175,,5,final,bnr_sdc_v1,6,0,0,0,0,,none,No disclosure restriction identified.
MORT-BURDEN-001,mort_2026_07,quarterly,2015_q1,2015-01-01,2015,1,1,1,stroke,all,all,upper_clear_likely_possible,death_certificate,quarterly_count,81,81,count,81,,,final,bnr_sdc_v1,6,0,0,0,0,,none,No disclosure restriction identified.
MORT-BURDEN-001,mort_2026_07,quarterly,2015_q1,2015-01-01,2015,1,1,1,stroke,all,all,upper_clear_likely_possible,death_certificate,quarterly_same_quarter_previous_5yr_mean,72.2,72.2,count,361,,5,final,bnr_sdc_v1,6,0,0,0,0,,none,No disclosure restriction identified.
MORT-BURDEN-001,mort_2026_07,quarterly,2015_q1,2015-01-01,2015,1,1,1,stroke,female,all,upper_clear_likely_possible,death_certificate,quarterly_count,45,45,count,45,,,final,bnr_sdc_v1,6,0,0,0,0,,none,No disclosure restriction identified.
MORT-BURDEN-001,mort_2026_07,quarterly,2015_q1,2015-01-01,2015,1,1,1,stroke,female,all,upper_clear_likely_possible,death_certificate,quarterly_same_quarter_previous_5yr_mean,38.6,38.6,count,193,,5,final,bnr_sdc_v1,6,0,0,0,0,,none,No disclosure restriction identified.
MORT-BURDEN-001,mort_2026_07,quarterly,2015_q1,2015-01-01,2015,1,1,1,stroke,male,all,upper_clear_likely_possible,death_certificate,quarterly_count,36,36,count,36,,,final,bnr_sdc_v1,6,0,0,0,0,,none,No disclosure restriction identified.
MORT-BURDEN-001,mort_2026_07,quarterly,2015_q1,2015-01-01,2015,1,1,1,stroke,male,all,upper_clear_likely_possible,death_certificate,quarterly_same_quarter_previous_5yr_mean,33.6,33.6,count,168,,5,final,bnr_sdc_v1,6,0,0,0,0,,none,No disclosure restriction identified.
MORT-BURDEN-001,mort_2026_07,quarterly,2015_q2,2015-04-01,2015,4,2,1,all_cvd,all,all,primary_clear_likely,death_certificate,quarterly_count,126,126,count,126,,,final,bnr_sdc_v1,6,0,0,0,0,,none,No disclosure restriction identified.
MORT-BURDEN-001,mort_2026_07,quarterly,2015_q2,2015-04-01,2015,4,2,1,all_cvd,all,all,primary_clear_likely,death_certificate,quarterly_same_quarter_previous_5yr_mean,114.4,114.4,count,572,,5,final,bnr_sdc_v1,6,0,0,0,0,,none,No disclosure restriction identified.
MORT-BURDEN-001,mort_2026_07,quarterly,2015_q2,2015-04-01,2015,4,2,1,all_cvd,female,all,primary_clear_likely,death_certificate,quarterly_count,69,69,count,69,,,final,bnr_sdc_v1,6,0,0,0,0,,none,No disclosure restriction identified.
MORT-BURDEN-001,mort_2026_07,quarterly,2015_q2,2015-04-01,2015,4,2,1,all_cvd,female,all,primary_clear_likely,death_certificate,quarterly_same_quarter_previous_5yr_mean,62.4,62.4,count,312,,5,final,bnr_sdc_v1,6,0,0,0,0,,none,No disclosure restriction identified.
MORT-BURDEN-001,mort_2026_07,quarterly,2015_q2,2015-04-01,2015,4,2,1,all_cvd,male,all,primary_clear_likely,death_certificate,quarterly_count,57,57,count,57,,,final,bnr_sdc_v1,6,0,0,0,0,,none,No disclosure restriction identified.
MORT-BURDEN-001,mort_2026_07,quarterly,2015_q2,2015-04-01,2015,4,2,1,all_cvd,male,all,primary_clear_likely,death_certificate,quarterly_same_quarter_previous_5yr_mean,52,52,count,260,,5,final,bnr_sdc_v1,6,0,0,0,0,,none,No disclosure restriction identified.
MORT-BURDEN-001,mort_2026_07,quarterly,2015_q2,2015-04-01,2015,4,2,1,heart,all,all,primary_clear_likely,death_certificate,quarterly_count,57,57,count,57,,,final,bnr_sdc_v1,6,0,0,0,0,,none,No disclosure restriction identified.
MORT-BURDEN-001,mort_2026_07,quarterly,2015_q2,2015-04-01,2015,4,2,1,heart,all,all,primary_clear_likely,death_certificate,quarterly_same_quarter_previous_5yr_mean,57.6,57.6,count,288,,5,final,bnr_sdc_v1,6,0,0,0,0,,none,No disclosure restriction identified.
MORT-BURDEN-001,mort_2026_07,quarterly,2015_q2,2015-04-01,2015,4,2,1,heart,female,all,primary_clear_likely,death_certificate,quarterly_count,30,30,count,30,,,final,bnr_sdc_v1,6,0,0,0,0,,none,No disclosure restriction identified.
MORT-BURDEN-001,mort_2026_07,quarterly,2015_q2,2015-04-01,2015,4,2,1,heart,female,all,primary_clear_likely,death_certificate,quarterly_same_quarter_previous_5yr_mean,30.2,30.2,count,151,,5,final,bnr_sdc_v1,6,0,0,0,0,,none,No disclosure restriction identified.
MORT-BURDEN-001,mort_2026_07,quarterly,2015_q2,2015-04-01,2015,4,2,1,heart,male,all,primary_clear_likely,death_certificate,quarterly_count,27,27,count,27,,,final,bnr_sdc_v1,6,0,0,0,0,,none,No disclosure restriction identified.
MORT-BURDEN-001,mort_2026_07,quarterly,2015_q2,2015-04-01,2015,4,2,1,heart,male,all,primary_clear_likely,death_certificate,quarterly_same_quarter_previous_5yr_mean,27.4,27.4,count,137,,5,final,bnr_sdc_v1,6,0,0,0,0,,none,No disclosure restriction identified.
MORT-BURDEN-001,mort_2026_07,quarterly,2015_q2,2015-04-01,2015,4,2,1,stroke,all,all,primary_clear_likely,death_certificate,quarterly_count,69,69,count,69,,,final,bnr_sdc_v1,6,0,0,0,0,,none,No disclosure restriction identified.
MORT-BURDEN-001,mort_2026_07,quarterly,2015_q2,2015-04-01,2015,4,2,1,stroke,all,all,primary_clear_likely,death_certificate,quarterly_same_quarter_previous_5yr_mean,56.8,56.8,count,284,,5,final,bnr_sdc_v1,6,0,0,0,0,,none,No disclosure restriction identified.
MORT-BURDEN-001,mort_2026_07,quarterly,2015_q2,2015-04-01,2015,4,2,1,stroke,female,all,primary_clear_likely,death_certificate,quarterly_count,39,39,count,39,,,final,bnr_sdc_v1,6,0,0,0,0,,none,No disclosure restriction identified.
MORT-BURDEN-001,mort_2026_07,quarterly,2015_q2,2015-04-01,2015,4,2,1,stroke,female,all,primary_clear_likely,death_certificate,quarterly_same_quarter_previous_5yr_mean,32.2,32.2,count,161,,5,final,bnr_sdc_v1,6,0,0,0,0,,none,No disclosure restriction identified.
MORT-BURDEN-001,mort_2026_07,quarterly,2015_q2,2015-04-01,2015,4,2,1,stroke,male,all,primary_clear_likely,death_certificate,quarterly_count,30,30,count,30,,,final,bnr_sdc_v1,6,0,0,0,0,,none,No disclosure restriction identified.
MORT-BURDEN-001,mort_2026_07,quarterly,2015_q2,2015-04-01,2015,4,2,1,stroke,male,all,primary_clear_likely,death_certificate,quarterly_same_quarter_previous_5yr_mean,24.6,24.6,count,123,,5,final,bnr_sdc_v1,6,0,0,0,0,,none,No disclosure restriction identified.
MORT-BURDEN-001,mort_2026_07,quarterly,2015_q2,2015-04-01,2015,4,2,1,all_cvd,all,all,upper_clear_likely_possible,death_certificate,quarterly_count,154,154,count,154,,,final,bnr_sdc_v1,6,0,0,0,0,,none,No disclosure restriction identified.
MORT-BURDEN-001,mort_2026_07,quarterly,2015_q2,2015-04-01,2015,4,2,1,all_cvd,all,all,upper_clear_likely_possible,death_certificate,quarterly_same_quarter_previous_5yr_mean,130.6,130.6,count,653,,5,final,bnr_sdc_v1,6,0,0,0,0,,none,No disclosure restriction identified.
MORT-BURDEN-001,mort_2026_07,quarterly,2015_q2,2015-04-01,2015,4,2,1,all_cvd,female,all,upper_clear_likely_possible,death_certificate,quarterly_count,78,78,count,78,,,final,bnr_sdc_v1,6,0,0,0,0,,none,No disclosure restriction identified.
MORT-BURDEN-001,mort_2026_07,quarterly,2015_q2,2015-04-01,2015,4,2,1,all_cvd,female,all,upper_clear_likely_possible,death_certificate,quarterly_same_quarter_previous_5yr_mean,69.8,69.8,count,349,,5,final,bnr_sdc_v1,6,0,0,0,0,,none,No disclosure restriction identified.
MORT-BURDEN-001,mort_2026_07,quarterly,2015_q2,2015-04-01,2015,4,2,1,all_cvd,male,all,upper_clear_likely_possible,death_certificate,quarterly_count,76,76,count,76,,,final,bnr_sdc_v1,6,0,0,0,0,,none,No disclosure restriction identified.
MORT-BURDEN-001,mort_2026_07,quarterly,2015_q2,2015-04-01,2015,4,2,1,all_cvd,male,all,upper_clear_likely_possible,death_certificate,quarterly_same_quarter_previous_5yr_mean,60.8,60.8,count,304,,5,final,bnr_sdc_v1,6,0,0,0,0,,none,No disclosure restriction identified.
MORT-BURDEN-001,mort_2026_07,quarterly,2015_q2,2015-04-01,2015,4,2,1,heart,all,all,upper_clear_likely_possible,death_certificate,quarterly_count,77,77,count,77,,,final,bnr_sdc_v1,6,0,0,0,0,,none,No disclosure restriction identified.
MORT-BURDEN-001,mort_2026_07,quarterly,2015_q2,2015-04-01,2015,4,2,1,heart,all,all,upper_clear_likely_possible,death_certificate,quarterly_same_quarter_previous_5yr_mean,70,70,count,350,,5,final,bnr_sdc_v1,6,0,0,0,0,,none,No disclosure restriction identified.
MORT-BURDEN-001,mort_2026_07,quarterly,2015_q2,2015-04-01,2015,4,2,1,heart,female,all,upper_clear_likely_possible,death_certificate,quarterly_count,37,37,count,37,,,final,bnr_sdc_v1,6,0,0,0,0,,none,No disclosure restriction identified.
MORT-BURDEN-001,mort_2026_07,quarterly,2015_q2,2015-04-01,2015,4,2,1,heart,female,all,upper_clear_likely_possible,death_certificate,quarterly_same_quarter_previous_5yr_mean,35.8,35.8,count,179,,5,final,bnr_sdc_v1,6,0,0,0,0,,none,No disclosure restriction identified.
MORT-BURDEN-001,mort_2026_07,quarterly,2015_q2,2015-04-01,2015,4,2,1,heart,male,all,upper_clear_likely_possible,death_certificate,quarterly_count,40,40,count,40,,,final,bnr_sdc_v1,6,0,0,0,0,,none,No disclosure restriction identified.
MORT-BURDEN-001,mort_2026_07,quarterly,2015_q2,2015-04-01,2015,4,2,1,heart,male,all,upper_clear_likely_possible,death_certificate,quarterly_same_quarter_previous_5yr_mean,34.2,34.2,count,171,,5,final,bnr_sdc_v1,6,0,0,0,0,,none,No disclosure restriction identified.
MORT-BURDEN-001,mort_2026_07,quarterly,2015_q2,2015-04-01,2015,4,2,1,stroke,all,all,upper_clear_likely_possible,death_certificate,quarterly_count,77,77,count,77,,,final,bnr_sdc_v1,6,0,0,0,0,,none,No disclosure restriction identified.
MORT-BURDEN-001,mort_2026_07,quarterly,2015_q2,2015-04-01,2015,4,2,1,stroke,all,all,upper_clear_likely_possible,death_certificate,quarterly_same_quarter_previous_5yr_mean,60.6,60.6,count,303,,5,final,bnr_sdc_v1,6,0,0,0,0,,none,No disclosure restriction identified.
MORT-BURDEN-001,mort_2026_07,quarterly,2015_q2,2015-04-01,2015,4,2,1,stroke,female,all,upper_clear_likely_possible,death_certificate,quarterly_count,41,41,count,41,,,final,bnr_sdc_v1,6,0,0,0,0,,none,No disclosure restriction identified.
MORT-BURDEN-001,mort_2026_07,quarterly,2015_q2,2015-04-01,2015,4,2,1,stroke,female,all,upper_clear_likely_possible,death_certificate,quarterly_same_quarter_previous_5yr_mean,34,34,count,170,,5,final,bnr_sdc_v1,6,0,0,0,0,,none,No disclosure restriction identified.
MORT-BURDEN-001,mort_2026_07,quarterly,2015_q2,2015-04-01,2015,4,2,1,stroke,male,all,upper_clear_likely_possible,death_certificate,quarterly_count,36,36,count,36,,,final,bnr_sdc_v1,6,0,0,0,0,,none,No disclosure restriction identified.
MORT-BURDEN-001,mort_2026_07,quarterly,2015_q2,2015-04-01,2015,4,2,1,stroke,male,all,upper_clear_likely_possible,death_certificate,quarterly_same_quarter_previous_5yr_mean,26.6,26.6,count,133,,5,final,bnr_sdc_v1,6,0,0,0,0,,none,No disclosure restriction identified.
MORT-BURDEN-001,mort_2026_07,quarterly,2015_q3,2015-07-01,2015,7,3,1,all_cvd,all,all,primary_clear_likely,death_certificate,quarterly_count,134,134,count,134,,,final,bnr_sdc_v1,6,0,0,0,0,,none,No disclosure restriction identified.
MORT-BURDEN-001,mort_2026_07,quarterly,2015_q3,2015-07-01,2015,7,3,1,all_cvd,all,all,primary_clear_likely,death_certificate,quarterly_same_quarter_previous_5yr_mean,127.4,127.4,count,637,,5,final,bnr_sdc_v1,6,0,0,0,0,,none,No disclosure restriction identified.
MORT-BURDEN-001,mort_2026_07,quarterly,2015_q3,2015-07-01,2015,7,3,1,all_cvd,female,all,primary_clear_likely,death_certificate,quarterly_count,67,67,count,67,,,final,bnr_sdc_v1,6,0,0,0,0,,none,No disclosure restriction identified.
MORT-BURDEN-001,mort_2026_07,quarterly,2015_q3,2015-07-01,2015,7,3,1,all_cvd,female,all,primary_clear_likely,death_certificate,quarterly_same_quarter_previous_5yr_mean,68.59999999999999,68.6,count,343,,5,final,bnr_sdc_v1,6,0,0,0,0,,none,No disclosure restriction identified.
MORT-BURDEN-001,mort_2026_07,quarterly,2015_q3,2015-07-01,2015,7,3,1,all_cvd,male,all,primary_clear_likely,death_certificate,quarterly_count,67,67,count,67,,,final,bnr_sdc_v1,6,0,0,0,0,,none,No disclosure restriction identified.
MORT-BURDEN-001,mort_2026_07,quarterly,2015_q3,2015-07-01,2015,7,3,1,all_cvd,male,all,primary_clear_likely,death_certificate,quarterly_same_quarter_previous_5yr_mean,58.8,58.8,count,294,,5,final,bnr_sdc_v1,6,0,0,0,0,,none,No disclosure restriction identified.
MORT-BURDEN-001,mort_2026_07,quarterly,2015_q3,2015-07-01,2015,7,3,1,heart,all,all,primary_clear_likely,death_certificate,quarterly_count,70,70,count,70,,,final,bnr_sdc_v1,6,0,0,0,0,,none,No disclosure restriction identified.
MORT-BURDEN-001,mort_2026_07,quarterly,2015_q3,2015-07-01,2015,7,3,1,heart,all,all,primary_clear_likely,death_certificate,quarterly_same_quarter_previous_5yr_mean,59.8,59.8,count,299,,5,final,bnr_sdc_v1,6,0,0,0,0,,none,No disclosure restriction identified.
MORT-BURDEN-001,mort_2026_07,quarterly,2015_q3,2015-07-01,2015,7,3,1,heart,female,all,primary_clear_likely,death_certificate,quarterly_count,27,27,count,27,,,final,bnr_sdc_v1,6,0,0,0,0,,none,No disclosure restriction identified.
MORT-BURDEN-001,mort_2026_07,quarterly,2015_q3,2015-07-01,2015,7,3,1,heart,female,all,primary_clear_likely,death_certificate,quarterly_same_quarter_previous_5yr_mean,28.4,28.4,count,142,,5,final,bnr_sdc_v1,6,0,0,0,0,,none,No disclosure restriction identified.
MORT-BURDEN-001,mort_2026_07,quarterly,2015_q3,2015-07-01,2015,7,3,1,heart,male,all,primary_clear_likely,death_certificate,quarterly_count,43,43,count,43,,,final,bnr_sdc_v1,6,0,0,0,0,,none,No disclosure restriction identified.
MORT-BURDEN-001,mort_2026_07,quarterly,2015_q3,2015-07-01,2015,7,3,1,heart,male,all,primary_clear_likely,death_certificate,quarterly_same_quarter_previous_5yr_mean,31.4,31.4,count,157,,5,final,bnr_sdc_v1,6,0,0,0,0,,none,No disclosure restriction identified.
MORT-BURDEN-001,mort_2026_07,quarterly,2015_q3,2015-07-01,2015,7,3,1,stroke,all,all,primary_clear_likely,death_certificate,quarterly_count,64,64,count,64,,,final,bnr_sdc_v1,6,0,0,0,0,,none,No disclosure restriction identified.
MORT-BURDEN-001,mort_2026_07,quarterly,2015_q3,2015-07-01,2015,7,3,1,stroke,all,all,primary_clear_likely,death_certificate,quarterly_same_quarter_previous_5yr_mean,67.59999999999999,67.6,count,338,,5,final,bnr_sdc_v1,6,0,0,0,0,,none,No disclosure restriction identified.
MORT-BURDEN-001,mort_2026_07,quarterly,2015_q3,2015-07-01,2015,7,3,1,stroke,female,all,primary_clear_likely,death_certificate,quarterly_count,40,40,count,40,,,final,bnr_sdc_v1,6,0,0,0,0,,none,No disclosure restriction identified.
MORT-BURDEN-001,mort_2026_07,quarterly,2015_q3,2015-07-01,2015,7,3,1,stroke,female,all,primary_clear_likely,death_certificate,quarterly_same_quarter_previous_5yr_mean,40.2,40.2,count,201,,5,final,bnr_sdc_v1,6,0,0,0,0,,none,No disclosure restriction identified.
MORT-BURDEN-001,mort_2026_07,quarterly,2015_q3,2015-07-01,2015,7,3,1,stroke,male,all,primary_clear_likely,death_certificate,quarterly_count,24,24,count,24,,,final,bnr_sdc_v1,6,0,0,0,0,,none,No disclosure restriction identified.
MORT-BURDEN-001,mort_2026_07,quarterly,2015_q3,2015-07-01,2015,7,3,1,stroke,male,all,primary_clear_likely,death_certificate,quarterly_same_quarter_previous_5yr_mean,27.4,27.4,count,137,,5,final,bnr_sdc_v1,6,0,0,0,0,,none,No disclosure restriction identified.
MORT-BURDEN-001,mort_2026_07,quarterly,2015_q3,2015-07-01,2015,7,3,1,all_cvd,all,all,upper_clear_likely_possible,death_certificate,quarterly_count,159,159,count,159,,,final,bnr_sdc_v1,6,0,0,0,0,,none,No disclosure restriction identified.
MORT-BURDEN-001,mort_2026_07,quarterly,2015_q3,2015-07-01,2015,7,3,1,all_cvd,all,all,upper_clear_likely_possible,death_certificate,quarterly_same_quarter_previous_5yr_mean,151.4,151.4,count,757,,5,final,bnr_sdc_v1,6,0,0,0,0,,none,No disclosure restriction identified.
MORT-BURDEN-001,mort_2026_07,quarterly,2015_q3,2015-07-01,2015,7,3,1,all_cvd,female,all,upper_clear_likely_possible,death_certificate,quarterly_count,81,81,count,81,,,final,bnr_sdc_v1,6,0,0,0,0,,none,No disclosure restriction identified.
MORT-BURDEN-001,mort_2026_07,quarterly,2015_q3,2015-07-01,2015,7,3,1,all_cvd,female,all,upper_clear_likely_possible,death_certificate,quarterly_same_quarter_previous_5yr_mean,80.40000000000001,80.4,count,402,,5,final,bnr_sdc_v1,6,0,0,0,0,,none,No disclosure restriction identified.
MORT-BURDEN-001,mort_2026_07,quarterly,2015_q3,2015-07-01,2015,7,3,1,all_cvd,male,all,upper_clear_likely_possible,death_certificate,quarterly_count,78,78,count,78,,,final,bnr_sdc_v1,6,0,0,0,0,,none,No disclosure restriction identified.
MORT-BURDEN-001,mort_2026_07,quarterly,2015_q3,2015-07-01,2015,7,3,1,all_cvd,male,all,upper_clear_likely_possible,death_certificate,quarterly_same_quarter_previous_5yr_mean,71,71,count,355,,5,final,bnr_sdc_v1,6,0,0,0,0,,none,No disclosure restriction identified.
MORT-BURDEN-001,mort_2026_07,quarterly,2015_q3,2015-07-01,2015,7,3,1,heart,all,all,upper_clear_likely_possible,death_certificate,quarterly_count,83,83,count,83,,,final,bnr_sdc_v1,6,0,0,0,0,,none,No disclosure restriction identified.
MORT-BURDEN-001,mort_2026_07,quarterly,2015_q3,2015-07-01,2015,7,3,1,heart,all,all,upper_clear_likely_possible,death_certificate,quarterly_same_quarter_previous_5yr_mean,75.40000000000001,75.4,count,377,,5,final,bnr_sdc_v1,6,0,0,0,0,,none,No disclosure restriction identified.
MORT-BURDEN-001,mort_2026_07,quarterly,2015_q3,2015-07-01,2015,7,3,1,heart,female,all,upper_clear_likely_possible,death_certificate,quarterly_count,32,32,count,32,,,final,bnr_sdc_v1,6,0,0,0,0,,none,No disclosure restriction identified.
MORT-BURDEN-001,mort_2026_07,quarterly,2015_q3,2015-07-01,2015,7,3,1,heart,female,all,upper_clear_likely_possible,death_certificate,quarterly_same_quarter_previous_5yr_mean,35,35,count,175,,5,final,bnr_sdc_v1,6,0,0,0,0,,none,No disclosure restriction identified.
MORT-BURDEN-001,mort_2026_07,quarterly,2015_q3,2015-07-01,2015,7,3,1,heart,male,all,upper_clear_likely_possible,death_certificate,quarterly_count,51,51,count,51,,,final,bnr_sdc_v1,6,0,0,0,0,,none,No disclosure restriction identified.
MORT-BURDEN-001,mort_2026_07,quarterly,2015_q3,2015-07-01,2015,7,3,1,heart,male,all,upper_clear_likely_possible,death_certificate,quarterly_same_quarter_previous_5yr_mean,40.4,40.4,count,202,,5,final,bnr_sdc_v1,6,0,0,0,0,,none,No disclosure restriction identified.
MORT-BURDEN-001,mort_2026_07,quarterly,2015_q3,2015-07-01,2015,7,3,1,stroke,all,all,upper_clear_likely_possible,death_certificate,quarterly_count,76,76,count,76,,,final,bnr_sdc_v1,6,0,0,0,0,,none,No disclosure restriction identified.
MORT-BURDEN-001,mort_2026_07,quarterly,2015_q3,2015-07-01,2015,7,3,1,stroke,all,all,upper_clear_likely_possible,death_certificate,quarterly_same_quarter_previous_5yr_mean,76,76,count,380,,5,final,bnr_sdc_v1,6,0,0,0,0,,none,No disclosure restriction identified.
MORT-BURDEN-001,mort_2026_07,quarterly,2015_q3,2015-07-01,2015,7,3,1,stroke,female,all,upper_clear_likely_possible,death_certificate,quarterly_count,49,49,count,49,,,final,bnr_sdc_v1,6,0,0,0,0,,none,No disclosure restriction identified.
MORT-BURDEN-001,mort_2026_07,quarterly,2015_q3,2015-07-01,2015,7,3,1,stroke,female,all,upper_clear_likely_possible,death_certificate,quarterly_same_quarter_previous_5yr_mean,45.4,45.4,count,227,,5,final,bnr_sdc_v1,6,0,0,0,0,,none,No disclosure restriction identified.
MORT-BURDEN-001,mort_2026_07,quarterly,2015_q3,2015-07-01,2015,7,3,1,stroke,male,all,upper_clear_likely_possible,death_certificate,quarterly_count,27,27,count,27,,,final,bnr_sdc_v1,6,0,0,0,0,,none,No disclosure restriction identified.
MORT-BURDEN-001,mort_2026_07,quarterly,2015_q3,2015-07-01,2015,7,3,1,stroke,male,all,upper_clear_likely_possible,death_certificate,quarterly_same_quarter_previous_5yr_mean,30.6,30.6,count,153,,5,final,bnr_sdc_v1,6,0,0,0,0,,none,No disclosure restriction identified.
MORT-BURDEN-001,mort_2026_07,quarterly,2015_q4,2015-10-01,2015,10,4,1,all_cvd,all,all,primary_clear_likely,death_certificate,quarterly_count,143,143,count,143,,,final,bnr_sdc_v1,6,0,0,0,0,,none,No disclosure restriction identified.
MORT-BURDEN-001,mort_2026_07,quarterly,2015_q4,2015-10-01,2015,10,4,1,all_cvd,all,all,primary_clear_likely,death_certificate,quarterly_same_quarter_previous_5yr_mean,130.8,130.8,count,654,,5,final,bnr_sdc_v1,6,0,0,0,0,,none,No disclosure restriction identified.
MORT-BURDEN-001,mort_2026_07,quarterly,2015_q4,2015-10-01,2015,10,4,1,all_cvd,female,all,primary_clear_likely,death_certificate,quarterly_count,74,74,count,74,,,final,bnr_sdc_v1,6,0,0,0,0,,none,No disclosure restriction identified.
MORT-BURDEN-001,mort_2026_07,quarterly,2015_q4,2015-10-01,2015,10,4,1,all_cvd,female,all,primary_clear_likely,death_certificate,quarterly_same_quarter_previous_5yr_mean,68,68,count,340,,5,final,bnr_sdc_v1,6,0,0,0,0,,none,No disclosure restriction identified.
MORT-BURDEN-001,mort_2026_07,quarterly,2015_q4,2015-10-01,2015,10,4,1,all_cvd,male,all,primary_clear_likely,death_certificate,quarterly_count,69,69,count,69,,,final,bnr_sdc_v1,6,0,0,0,0,,none,No disclosure restriction identified.
MORT-BURDEN-001,mort_2026_07,quarterly,2015_q4,2015-10-01,2015,10,4,1,all_cvd,male,all,primary_clear_likely,death_certificate,quarterly_same_quarter_previous_5yr_mean,62.8,62.8,count,314,,5,final,bnr_sdc_v1,6,0,0,0,0,,none,No disclosure restriction identified.
MORT-BURDEN-001,mort_2026_07,quarterly,2015_q4,2015-10-01,2015,10,4,1,heart,all,all,primary_clear_likely,death_certificate,quarterly_count,67,67,count,67,,,final,bnr_sdc_v1,6,0,0,0,0,,none,No disclosure restriction identified.
MORT-BURDEN-001,mort_2026_07,quarterly,2015_q4,2015-10-01,2015,10,4,1,heart,all,all,primary_clear_likely,death_certificate,quarterly_same_quarter_previous_5yr_mean,64.59999999999999,64.6,count,323,,5,final,bnr_sdc_v1,6,0,0,0,0,,none,No disclosure restriction identified.
MORT-BURDEN-001,mort_2026_07,quarterly,2015_q4,2015-10-01,2015,10,4,1,heart,female,all,primary_clear_likely,death_certificate,quarterly_count,32,32,count,32,,,final,bnr_sdc_v1,6,0,0,0,0,,none,No disclosure restriction identified.
MORT-BURDEN-001,mort_2026_07,quarterly,2015_q4,2015-10-01,2015,10,4,1,heart,female,all,primary_clear_likely,death_certificate,quarterly_same_quarter_previous_5yr_mean,30.2,30.2,count,151,,5,final,bnr_sdc_v1,6,0,0,0,0,,none,No disclosure restriction identified.
MORT-BURDEN-001,mort_2026_07,quarterly,2015_q4,2015-10-01,2015,10,4,1,heart,male,all,primary_clear_likely,death_certificate,quarterly_count,35,35,count,35,,,final,bnr_sdc_v1,6,0,0,0,0,,none,No disclosure restriction identified.
MORT-BURDEN-001,mort_2026_07,quarterly,2015_q4,2015-10-01,2015,10,4,1,heart,male,all,primary_clear_likely,death_certificate,quarterly_same_quarter_previous_5yr_mean,34.4,34.4,count,172,,5,final,bnr_sdc_v1,6,0,0,0,0,,none,No disclosure restriction identified.
MORT-BURDEN-001,mort_2026_07,quarterly,2015_q4,2015-10-01,2015,10,4,1,stroke,all,all,primary_clear_likely,death_certificate,quarterly_count,76,76,count,76,,,final,bnr_sdc_v1,6,0,0,0,0,,none,No disclosure restriction identified.
MORT-BURDEN-001,mort_2026_07,quarterly,2015_q4,2015-10-01,2015,10,4,1,stroke,all,all,primary_clear_likely,death_certificate,quarterly_same_quarter_previous_5yr_mean,66.2,66.2,count,331,,5,final,bnr_sdc_v1,6,0,0,0,0,,none,No disclosure restriction identified.
MORT-BURDEN-001,mort_2026_07,quarterly,2015_q4,2015-10-01,2015,10,4,1,stroke,female,all,primary_clear_likely,death_certificate,quarterly_count,42,42,count,42,,,final,bnr_sdc_v1,6,0,0,0,0,,none,No disclosure restriction identified.
MORT-BURDEN-001,mort_2026_07,quarterly,2015_q4,2015-10-01,2015,10,4,1,stroke,female,all,primary_clear_likely,death_certificate,quarterly_same_quarter_previous_5yr_mean,37.8,37.8,count,189,,5,final,bnr_sdc_v1,6,0,0,0,0,,none,No disclosure restriction identified.
MORT-BURDEN-001,mort_2026_07,quarterly,2015_q4,2015-10-01,2015,10,4,1,stroke,male,all,primary_clear_likely,death_certificate,quarterly_count,34,34,count,34,,,final,bnr_sdc_v1,6,0,0,0,0,,none,No disclosure restriction identified.
MORT-BURDEN-001,mort_2026_07,quarterly,2015_q4,2015-10-01,2015,10,4,1,stroke,male,all,primary_clear_likely,death_certificate,quarterly_same_quarter_previous_5yr_mean,28.4,28.4,count,142,,5,final,bnr_sdc_v1,6,0,0,0,0,,none,No disclosure restriction identified.
MORT-BURDEN-001,mort_2026_07,quarterly,2015_q4,2015-10-01,2015,10,4,1,all_cvd,all,all,upper_clear_likely_possible,death_certificate,quarterly_count,161,161,count,161,,,final,bnr_sdc_v1,6,0,0,0,0,,none,No disclosure restriction identified.
MORT-BURDEN-001,mort_2026_07,quarterly,2015_q4,2015-10-01,2015,10,4,1,all_cvd,all,all,upper_clear_likely_possible,death_certificate,quarterly_same_quarter_previous_5yr_mean,152.6,152.6,count,763,,5,final,bnr_sdc_v1,6,0,0,0,0,,none,No disclosure restriction identified.
MORT-BURDEN-001,mort_2026_07,quarterly,2015_q4,2015-10-01,2015,10,4,1,all_cvd,female,all,upper_clear_likely_possible,death_certificate,quarterly_count,84,84,count,84,,,final,bnr_sdc_v1,6,0,0,0,0,,none,No disclosure restriction identified.
MORT-BURDEN-001,mort_2026_07,quarterly,2015_q4,2015-10-01,2015,10,4,1,all_cvd,female,all,upper_clear_likely_possible,death_certificate,quarterly_same_quarter_previous_5yr_mean,77.8,77.8,count,389,,5,final,bnr_sdc_v1,6,0,0,0,0,,none,No disclosure restriction identified.
MORT-BURDEN-001,mort_2026_07,quarterly,2015_q4,2015-10-01,2015,10,4,1,all_cvd,male,all,upper_clear_likely_possible,death_certificate,quarterly_count,77,77,count,77,,,final,bnr_sdc_v1,6,0,0,0,0,,none,No disclosure restriction identified.
MORT-BURDEN-001,mort_2026_07,quarterly,2015_q4,2015-10-01,2015,10,4,1,all_cvd,male,all,upper_clear_likely_possible,death_certificate,quarterly_same_quarter_previous_5yr_mean,74.8,74.8,count,374,,5,final,bnr_sdc_v1,6,0,0,0,0,,none,No disclosure restriction identified.
MORT-BURDEN-001,mort_2026_07,quarterly,2015_q4,2015-10-01,2015,10,4,1,heart,all,all,upper_clear_likely_possible,death_certificate,quarterly_count,77,77,count,77,,,final,bnr_sdc_v1,6,0,0,0,0,,none,No disclosure restriction identified.
MORT-BURDEN-001,mort_2026_07,quarterly,2015_q4,2015-10-01,2015,10,4,1,heart,all,all,upper_clear_likely_possible,death_certificate,quarterly_same_quarter_previous_5yr_mean,77.8,77.8,count,389,,5,final,bnr_sdc_v1,6,0,0,0,0,,none,No disclosure restriction identified.
MORT-BURDEN-001,mort_2026_07,quarterly,2015_q4,2015-10-01,2015,10,4,1,heart,female,all,upper_clear_likely_possible,death_certificate,quarterly_count,37,37,count,37,,,final,bnr_sdc_v1,6,0,0,0,0,,none,No disclosure restriction identified.
MORT-BURDEN-001,mort_2026_07,quarterly,2015_q4,2015-10-01,2015,10,4,1,heart,female,all,upper_clear_likely_possible,death_certificate,quarterly_same_quarter_previous_5yr_mean,35.2,35.2,count,176,,5,final,bnr_sdc_v1,6,0,0,0,0,,none,No disclosure restriction identified.
MORT-BURDEN-001,mort_2026_07,quarterly,2015_q4,2015-10-01,2015,10,4,1,heart,male,all,upper_clear_likely_possible,death_certificate,quarterly_count,40,40,count,40,,,final,bnr_sdc_v1,6,0,0,0,0,,none,No disclosure restriction identified.
MORT-BURDEN-001,mort_2026_07,quarterly,2015_q4,2015-10-01,2015,10,4,1,heart,male,all,upper_clear_likely_possible,death_certificate,quarterly_same_quarter_previous_5yr_mean,42.6,42.6,count,213,,5,final,bnr_sdc_v1,6,0,0,0,0,,none,No disclosure restriction identified.
MORT-BURDEN-001,mort_2026_07,quarterly,2015_q4,2015-10-01,2015,10,4,1,stroke,all,all,upper_clear_likely_possible,death_certificate,quarterly_count,84,84,count,84,,,final,bnr_sdc_v1,6,0,0,0,0,,none,No disclosure restriction identified.
MORT-BURDEN-001,mort_2026_07,quarterly,2015_q4,2015-10-01,2015,10,4,1,stroke,all,all,upper_clear_likely_possible,death_certificate,quarterly_same_quarter_previous_5yr_mean,74.8,74.8,count,374,,5,final,bnr_sdc_v1,6,0,0,0,0,,none,No disclosure restriction identified.
MORT-BURDEN-001,mort_2026_07,quarterly,2015_q4,2015-10-01,2015,10,4,1,stroke,female,all,upper_clear_likely_possible,death_certificate,quarterly_count,47,47,count,47,,,final,bnr_sdc_v1,6,0,0,0,0,,none,No disclosure restriction identified.
MORT-BURDEN-001,mort_2026_07,quarterly,2015_q4,2015-10-01,2015,10,4,1,stroke,female,all,upper_clear_likely_possible,death_certificate,quarterly_same_quarter_previous_5yr_mean,42.6,42.6,count,213,,5,final,bnr_sdc_v1,6,0,0,0,0,,none,No disclosure restriction identified.
MORT-BURDEN-001,mort_2026_07,quarterly,2015_q4,2015-10-01,2015,10,4,1,stroke,male,all,upper_clear_likely_possible,death_certificate,quarterly_count,37,37,count,37,,,final,bnr_sdc_v1,6,0,0,0,0,,none,No disclosure restriction identified.
MORT-BURDEN-001,mort_2026_07,quarterly,2015_q4,2015-10-01,2015,10,4,1,stroke,male,all,upper_clear_likely_possible,death_certificate,quarterly_same_quarter_previous_5yr_mean,32.2,32.2,count,161,,5,final,bnr_sdc_v1,6,0,0,0,0,,none,No disclosure restriction identified.
MORT-BURDEN-001,mort_2026_07,quarterly,2016_q1,2016-01-01,2016,1,1,1,all_cvd,all,all,primary_clear_likely,death_certificate,quarterly_count,130,130,count,130,,,final,bnr_sdc_v1,6,0,0,0,0,,none,No disclosure restriction identified.
MORT-BURDEN-001,mort_2026_07,quarterly,2016_q1,2016-01-01,2016,1,1,1,all_cvd,all,all,primary_clear_likely,death_certificate,quarterly_same_quarter_previous_5yr_mean,132.4,132.4,count,662,,5,final,bnr_sdc_v1,6,0,0,0,0,,none,No disclosure restriction identified.
MORT-BURDEN-001,mort_2026_07,quarterly,2016_q1,2016-01-01,2016,1,1,1,all_cvd,female,all,primary_clear_likely,death_certificate,quarterly_count,56,56,count,56,,,final,bnr_sdc_v1,6,0,0,0,0,,none,No disclosure restriction identified.
MORT-BURDEN-001,mort_2026_07,quarterly,2016_q1,2016-01-01,2016,1,1,1,all_cvd,female,all,primary_clear_likely,death_certificate,quarterly_same_quarter_previous_5yr_mean,72.2,72.2,count,361,,5,final,bnr_sdc_v1,6,0,0,0,0,,none,No disclosure restriction identified.
MORT-BURDEN-001,mort_2026_07,quarterly,2016_q1,2016-01-01,2016,1,1,1,all_cvd,male,all,primary_clear_likely,death_certificate,quarterly_count,74,74,count,74,,,final,bnr_sdc_v1,6,0,0,0,0,,none,No disclosure restriction identified.
MORT-BURDEN-001,mort_2026_07,quarterly,2016_q1,2016-01-01,2016,1,1,1,all_cvd,male,all,primary_clear_likely,death_certificate,quarterly_same_quarter_previous_5yr_mean,60.2,60.2,count,301,,5,final,bnr_sdc_v1,6,0,0,0,0,,none,No disclosure restriction identified.
MORT-BURDEN-001,mort_2026_07,quarterly,2016_q1,2016-01-01,2016,1,1,1,heart,all,all,primary_clear_likely,death_certificate,quarterly_count,57,57,count,57,,,final,bnr_sdc_v1,6,0,0,0,0,,none,No disclosure restriction identified.
MORT-BURDEN-001,mort_2026_07,quarterly,2016_q1,2016-01-01,2016,1,1,1,heart,all,all,primary_clear_likely,death_certificate,quarterly_same_quarter_previous_5yr_mean,65.40000000000001,65.4,count,327,,5,final,bnr_sdc_v1,6,0,0,0,0,,none,No disclosure restriction identified.
MORT-BURDEN-001,mort_2026_07,quarterly,2016_q1,2016-01-01,2016,1,1,1,heart,female,all,primary_clear_likely,death_certificate,quarterly_count,22,22,count,22,,,final,bnr_sdc_v1,6,0,0,0,0,,none,No disclosure restriction identified.
MORT-BURDEN-001,mort_2026_07,quarterly,2016_q1,2016-01-01,2016,1,1,1,heart,female,all,primary_clear_likely,death_certificate,quarterly_same_quarter_previous_5yr_mean,35.6,35.6,count,178,,5,final,bnr_sdc_v1,6,0,0,0,0,,none,No disclosure restriction identified.
MORT-BURDEN-001,mort_2026_07,quarterly,2016_q1,2016-01-01,2016,1,1,1,heart,male,all,primary_clear_likely,death_certificate,quarterly_count,35,35,count,35,,,final,bnr_sdc_v1,6,0,0,0,0,,none,No disclosure restriction identified.
MORT-BURDEN-001,mort_2026_07,quarterly,2016_q1,2016-01-01,2016,1,1,1,heart,male,all,primary_clear_likely,death_certificate,quarterly_same_quarter_previous_5yr_mean,29.8,29.8,count,149,,5,final,bnr_sdc_v1,6,0,0,0,0,,none,No disclosure restriction identified.
MORT-BURDEN-001,mort_2026_07,quarterly,2016_q1,2016-01-01,2016,1,1,1,stroke,all,all,primary_clear_likely,death_certificate,quarterly_count,73,73,count,73,,,final,bnr_sdc_v1,6,0,0,0,0,,none,No disclosure restriction identified.
MORT-BURDEN-001,mort_2026_07,quarterly,2016_q1,2016-01-01,2016,1,1,1,stroke,all,all,primary_clear_likely,death_certificate,quarterly_same_quarter_previous_5yr_mean,67,67,count,335,,5,final,bnr_sdc_v1,6,0,0,0,0,,none,No disclosure restriction identified.
MORT-BURDEN-001,mort_2026_07,quarterly,2016_q1,2016-01-01,2016,1,1,1,stroke,female,all,primary_clear_likely,death_certificate,quarterly_count,34,34,count,34,,,final,bnr_sdc_v1,6,0,0,0,0,,none,No disclosure restriction identified.
MORT-BURDEN-001,mort_2026_07,quarterly,2016_q1,2016-01-01,2016,1,1,1,stroke,female,all,primary_clear_likely,death_certificate,quarterly_same_quarter_previous_5yr_mean,36.6,36.6,count,183,,5,final,bnr_sdc_v1,6,0,0,0,0,,none,No disclosure restriction identified.
MORT-BURDEN-001,mort_2026_07,quarterly,2016_q1,2016-01-01,2016,1,1,1,stroke,male,all,primary_clear_likely,death_certificate,quarterly_count,39,39,count,39,,,final,bnr_sdc_v1,6,0,0,0,0,,none,No disclosure restriction identified.
MORT-BURDEN-001,mort_2026_07,quarterly,2016_q1,2016-01-01,2016,1,1,1,stroke,male,all,primary_clear_likely,death_certificate,quarterly_same_quarter_previous_5yr_mean,30.4,30.4,count,152,,5,final,bnr_sdc_v1,6,0,0,0,0,,none,No disclosure restriction identified.
MORT-BURDEN-001,mort_2026_07,quarterly,2016_q1,2016-01-01,2016,1,1,1,all_cvd,all,all,upper_clear_likely_possible,death_certificate,quarterly_count,155,155,count,155,,,final,bnr_sdc_v1,6,0,0,0,0,,none,No disclosure restriction identified.
MORT-BURDEN-001,mort_2026_07,quarterly,2016_q1,2016-01-01,2016,1,1,1,all_cvd,all,all,upper_clear_likely_possible,death_certificate,quarterly_same_quarter_previous_5yr_mean,155.2,155.2,count,776,,5,final,bnr_sdc_v1,6,0,0,0,0,,none,No disclosure restriction identified.
MORT-BURDEN-001,mort_2026_07,quarterly,2016_q1,2016-01-01,2016,1,1,1,all_cvd,female,all,upper_clear_likely_possible,death_certificate,quarterly_count,70,70,count,70,,,final,bnr_sdc_v1,6,0,0,0,0,,none,No disclosure restriction identified.
MORT-BURDEN-001,mort_2026_07,quarterly,2016_q1,2016-01-01,2016,1,1,1,all_cvd,female,all,upper_clear_likely_possible,death_certificate,quarterly_same_quarter_previous_5yr_mean,82,82,count,410,,5,final,bnr_sdc_v1,6,0,0,0,0,,none,No disclosure restriction identified.
MORT-BURDEN-001,mort_2026_07,quarterly,2016_q1,2016-01-01,2016,1,1,1,all_cvd,male,all,upper_clear_likely_possible,death_certificate,quarterly_count,85,85,count,85,,,final,bnr_sdc_v1,6,0,0,0,0,,none,No disclosure restriction identified.
MORT-BURDEN-001,mort_2026_07,quarterly,2016_q1,2016-01-01,2016,1,1,1,all_cvd,male,all,upper_clear_likely_possible,death_certificate,quarterly_same_quarter_previous_5yr_mean,73.2,73.2,count,366,,5,final,bnr_sdc_v1,6,0,0,0,0,,none,No disclosure restriction identified.
MORT-BURDEN-001,mort_2026_07,quarterly,2016_q1,2016-01-01,2016,1,1,1,heart,all,all,upper_clear_likely_possible,death_certificate,quarterly_count,67,67,count,67,,,final,bnr_sdc_v1,6,0,0,0,0,,none,No disclosure restriction identified.
MORT-BURDEN-001,mort_2026_07,quarterly,2016_q1,2016-01-01,2016,1,1,1,heart,all,all,upper_clear_likely_possible,death_certificate,quarterly_same_quarter_previous_5yr_mean,81.59999999999999,81.6,count,408,,5,final,bnr_sdc_v1,6,0,0,0,0,,none,No disclosure restriction identified.
MORT-BURDEN-001,mort_2026_07,quarterly,2016_q1,2016-01-01,2016,1,1,1,heart,female,all,upper_clear_likely_possible,death_certificate,quarterly_count,26,26,count,26,,,final,bnr_sdc_v1,6,0,0,0,0,,none,No disclosure restriction identified.
MORT-BURDEN-001,mort_2026_07,quarterly,2016_q1,2016-01-01,2016,1,1,1,heart,female,all,upper_clear_likely_possible,death_certificate,quarterly_same_quarter_previous_5yr_mean,43.2,43.2,count,216,,5,final,bnr_sdc_v1,6,0,0,0,0,,none,No disclosure restriction identified.
MORT-BURDEN-001,mort_2026_07,quarterly,2016_q1,2016-01-01,2016,1,1,1,heart,male,all,upper_clear_likely_possible,death_certificate,quarterly_count,41,41,count,41,,,final,bnr_sdc_v1,6,0,0,0,0,,none,No disclosure restriction identified.
MORT-BURDEN-001,mort_2026_07,quarterly,2016_q1,2016-01-01,2016,1,1,1,heart,male,all,upper_clear_likely_possible,death_certificate,quarterly_same_quarter_previous_5yr_mean,38.4,38.4,count,192,,5,final,bnr_sdc_v1,6,0,0,0,0,,none,No disclosure restriction identified.
MORT-BURDEN-001,mort_2026_07,quarterly,2016_q1,2016-01-01,2016,1,1,1,stroke,all,all,upper_clear_likely_possible,death_certificate,quarterly_count,88,88,count,88,,,final,bnr_sdc_v1,6,0,0,0,0,,none,No disclosure restriction identified.
MORT-BURDEN-001,mort_2026_07,quarterly,2016_q1,2016-01-01,2016,1,1,1,stroke,all,all,upper_clear_likely_possible,death_certificate,quarterly_same_quarter_previous_5yr_mean,73.59999999999999,73.6,count,368,,5,final,bnr_sdc_v1,6,0,0,0,0,,none,No disclosure restriction identified.
MORT-BURDEN-001,mort_2026_07,quarterly,2016_q1,2016-01-01,2016,1,1,1,stroke,female,all,upper_clear_likely_possible,death_certificate,quarterly_count,44,44,count,44,,,final,bnr_sdc_v1,6,0,0,0,0,,none,No disclosure restriction identified.
MORT-BURDEN-001,mort_2026_07,quarterly,2016_q1,2016-01-01,2016,1,1,1,stroke,female,all,upper_clear_likely_possible,death_certificate,quarterly_same_quarter_previous_5yr_mean,38.8,38.8,count,194,,5,final,bnr_sdc_v1,6,0,0,0,0,,none,No disclosure restriction identified.
MORT-BURDEN-001,mort_2026_07,quarterly,2016_q1,2016-01-01,2016,1,1,1,stroke,male,all,upper_clear_likely_possible,death_certificate,quarterly_count,44,44,count,44,,,final,bnr_sdc_v1,6,0,0,0,0,,none,No disclosure restriction identified.
MORT-BURDEN-001,mort_2026_07,quarterly,2016_q1,2016-01-01,2016,1,1,1,stroke,male,all,upper_clear_likely_possible,death_certificate,quarterly_same_quarter_previous_5yr_mean,34.8,34.8,count,174,,5,final,bnr_sdc_v1,6,0,0,0,0,,none,No disclosure restriction identified.
MORT-BURDEN-001,mort_2026_07,quarterly,2016_q2,2016-04-01,2016,4,2,1,all_cvd,all,all,primary_clear_likely,death_certificate,quarterly_count,127,127,count,127,,,final,bnr_sdc_v1,6,0,0,0,0,,none,No disclosure restriction identified.
MORT-BURDEN-001,mort_2026_07,quarterly,2016_q2,2016-04-01,2016,4,2,1,all_cvd,all,all,primary_clear_likely,death_certificate,quarterly_same_quarter_previous_5yr_mean,118.6,118.6,count,593,,5,final,bnr_sdc_v1,6,0,0,0,0,,none,No disclosure restriction identified.
MORT-BURDEN-001,mort_2026_07,quarterly,2016_q2,2016-04-01,2016,4,2,1,all_cvd,female,all,primary_clear_likely,death_certificate,quarterly_count,63,63,count,63,,,final,bnr_sdc_v1,6,0,0,0,0,,none,No disclosure restriction identified.
MORT-BURDEN-001,mort_2026_07,quarterly,2016_q2,2016-04-01,2016,4,2,1,all_cvd,female,all,primary_clear_likely,death_certificate,quarterly_same_quarter_previous_5yr_mean,64.2,64.2,count,321,,5,final,bnr_sdc_v1,6,0,0,0,0,,none,No disclosure restriction identified.
MORT-BURDEN-001,mort_2026_07,quarterly,2016_q2,2016-04-01,2016,4,2,1,all_cvd,male,all,primary_clear_likely,death_certificate,quarterly_count,64,64,count,64,,,final,bnr_sdc_v1,6,0,0,0,0,,none,No disclosure restriction identified.
MORT-BURDEN-001,mort_2026_07,quarterly,2016_q2,2016-04-01,2016,4,2,1,all_cvd,male,all,primary_clear_likely,death_certificate,quarterly_same_quarter_previous_5yr_mean,54.4,54.4,count,272,,5,final,bnr_sdc_v1,6,0,0,0,0,,none,No disclosure restriction identified.
MORT-BURDEN-001,mort_2026_07,quarterly,2016_q2,2016-04-01,2016,4,2,1,heart,all,all,primary_clear_likely,death_certificate,quarterly_count,63,63,count,63,,,final,bnr_sdc_v1,6,0,0,0,0,,none,No disclosure restriction identified.
MORT-BURDEN-001,mort_2026_07,quarterly,2016_q2,2016-04-01,2016,4,2,1,heart,all,all,primary_clear_likely,death_certificate,quarterly_same_quarter_previous_5yr_mean,57.8,57.8,count,289,,5,final,bnr_sdc_v1,6,0,0,0,0,,none,No disclosure restriction identified.
MORT-BURDEN-001,mort_2026_07,quarterly,2016_q2,2016-04-01,2016,4,2,1,heart,female,all,primary_clear_likely,death_certificate,quarterly_count,27,27,count,27,,,final,bnr_sdc_v1,6,0,0,0,0,,none,No disclosure restriction identified.
MORT-BURDEN-001,mort_2026_07,quarterly,2016_q2,2016-04-01,2016,4,2,1,heart,female,all,primary_clear_likely,death_certificate,quarterly_same_quarter_previous_5yr_mean,30.2,30.2,count,151,,5,final,bnr_sdc_v1,6,0,0,0,0,,none,No disclosure restriction identified.
MORT-BURDEN-001,mort_2026_07,quarterly,2016_q2,2016-04-01,2016,4,2,1,heart,male,all,primary_clear_likely,death_certificate,quarterly_count,36,36,count,36,,,final,bnr_sdc_v1,6,0,0,0,0,,none,No disclosure restriction identified.
MORT-BURDEN-001,mort_2026_07,quarterly,2016_q2,2016-04-01,2016,4,2,1,heart,male,all,primary_clear_likely,death_certificate,quarterly_same_quarter_previous_5yr_mean,27.6,27.6,count,138,,5,final,bnr_sdc_v1,6,0,0,0,0,,none,No disclosure restriction identified.
MORT-BURDEN-001,mort_2026_07,quarterly,2016_q2,2016-04-01,2016,4,2,1,stroke,all,all,primary_clear_likely,death_certificate,quarterly_count,64,64,count,64,,,final,bnr_sdc_v1,6,0,0,0,0,,none,No disclosure restriction identified.
MORT-BURDEN-001,mort_2026_07,quarterly,2016_q2,2016-04-01,2016,4,2,1,stroke,all,all,primary_clear_likely,death_certificate,quarterly_same_quarter_previous_5yr_mean,60.8,60.8,count,304,,5,final,bnr_sdc_v1,6,0,0,0,0,,none,No disclosure restriction identified.
MORT-BURDEN-001,mort_2026_07,quarterly,2016_q2,2016-04-01,2016,4,2,1,stroke,female,all,primary_clear_likely,death_certificate,quarterly_count,36,36,count,36,,,final,bnr_sdc_v1,6,0,0,0,0,,none,No disclosure restriction identified.
MORT-BURDEN-001,mort_2026_07,quarterly,2016_q2,2016-04-01,2016,4,2,1,stroke,female,all,primary_clear_likely,death_certificate,quarterly_same_quarter_previous_5yr_mean,34,34,count,170,,5,final,bnr_sdc_v1,6,0,0,0,0,,none,No disclosure restriction identified.
MORT-BURDEN-001,mort_2026_07,quarterly,2016_q2,2016-04-01,2016,4,2,1,stroke,male,all,primary_clear_likely,death_certificate,quarterly_count,28,28,count,28,,,final,bnr_sdc_v1,6,0,0,0,0,,none,No disclosure restriction identified.
MORT-BURDEN-001,mort_2026_07,quarterly,2016_q2,2016-04-01,2016,4,2,1,stroke,male,all,primary_clear_likely,death_certificate,quarterly_same_quarter_previous_5yr_mean,26.8,26.8,count,134,,5,final,bnr_sdc_v1,6,0,0,0,0,,none,No disclosure restriction identified.
MORT-BURDEN-001,mort_2026_07,quarterly,2016_q2,2016-04-01,2016,4,2,1,all_cvd,all,all,upper_clear_likely_possible,death_certificate,quarterly_count,153,153,count,153,,,final,bnr_sdc_v1,6,0,0,0,0,,none,No disclosure restriction identified.
MORT-BURDEN-001,mort_2026_07,quarterly,2016_q2,2016-04-01,2016,4,2,1,all_cvd,all,all,upper_clear_likely_possible,death_certificate,quarterly_same_quarter_previous_5yr_mean,135.4,135.4,count,677,,5,final,bnr_sdc_v1,6,0,0,0,0,,none,No disclosure restriction identified.
MORT-BURDEN-001,mort_2026_07,quarterly,2016_q2,2016-04-01,2016,4,2,1,all_cvd,female,all,upper_clear_likely_possible,death_certificate,quarterly_count,74,74,count,74,,,final,bnr_sdc_v1,6,0,0,0,0,,none,No disclosure restriction identified.
MORT-BURDEN-001,mort_2026_07,quarterly,2016_q2,2016-04-01,2016,4,2,1,all_cvd,female,all,upper_clear_likely_possible,death_certificate,quarterly_same_quarter_previous_5yr_mean,70.8,70.8,count,354,,5,final,bnr_sdc_v1,6,0,0,0,0,,none,No disclosure restriction identified.
MORT-BURDEN-001,mort_2026_07,quarterly,2016_q2,2016-04-01,2016,4,2,1,all_cvd,male,all,upper_clear_likely_possible,death_certificate,quarterly_count,79,79,count,79,,,final,bnr_sdc_v1,6,0,0,0,0,,none,No disclosure restriction identified.
MORT-BURDEN-001,mort_2026_07,quarterly,2016_q2,2016-04-01,2016,4,2,1,all_cvd,male,all,upper_clear_likely_possible,death_certificate,quarterly_same_quarter_previous_5yr_mean,64.59999999999999,64.6,count,323,,5,final,bnr_sdc_v1,6,0,0,0,0,,none,No disclosure restriction identified.
MORT-BURDEN-001,mort_2026_07,quarterly,2016_q2,2016-04-01,2016,4,2,1,heart,all,all,upper_clear_likely_possible,death_certificate,quarterly_count,78,78,count,78,,,final,bnr_sdc_v1,6,0,0,0,0,,none,No disclosure restriction identified.
MORT-BURDEN-001,mort_2026_07,quarterly,2016_q2,2016-04-01,2016,4,2,1,heart,all,all,upper_clear_likely_possible,death_certificate,quarterly_same_quarter_previous_5yr_mean,69.59999999999999,69.6,count,348,,5,final,bnr_sdc_v1,6,0,0,0,0,,none,No disclosure restriction identified.
MORT-BURDEN-001,mort_2026_07,quarterly,2016_q2,2016-04-01,2016,4,2,1,heart,female,all,upper_clear_likely_possible,death_certificate,quarterly_count,33,33,count,33,,,final,bnr_sdc_v1,6,0,0,0,0,,none,No disclosure restriction identified.
MORT-BURDEN-001,mort_2026_07,quarterly,2016_q2,2016-04-01,2016,4,2,1,heart,female,all,upper_clear_likely_possible,death_certificate,quarterly_same_quarter_previous_5yr_mean,35,35,count,175,,5,final,bnr_sdc_v1,6,0,0,0,0,,none,No disclosure restriction identified.
MORT-BURDEN-001,mort_2026_07,quarterly,2016_q2,2016-04-01,2016,4,2,1,heart,male,all,upper_clear_likely_possible,death_certificate,quarterly_count,45,45,count,45,,,final,bnr_sdc_v1,6,0,0,0,0,,none,No disclosure restriction identified.
MORT-BURDEN-001,mort_2026_07,quarterly,2016_q2,2016-04-01,2016,4,2,1,heart,male,all,upper_clear_likely_possible,death_certificate,quarterly_same_quarter_previous_5yr_mean,34.6,34.6,count,173,,5,final,bnr_sdc_v1,6,0,0,0,0,,none,No disclosure restriction identified.
MORT-BURDEN-001,mort_2026_07,quarterly,2016_q2,2016-04-01,2016,4,2,1,stroke,all,all,upper_clear_likely_possible,death_certificate,quarterly_count,75,75,count,75,,,final,bnr_sdc_v1,6,0,0,0,0,,none,No disclosure restriction identified.
MORT-BURDEN-001,mort_2026_07,quarterly,2016_q2,2016-04-01,2016,4,2,1,stroke,all,all,upper_clear_likely_possible,death_certificate,quarterly_same_quarter_previous_5yr_mean,65.8,65.8,count,329,,5,final,bnr_sdc_v1,6,0,0,0,0,,none,No disclosure restriction identified.
MORT-BURDEN-001,mort_2026_07,quarterly,2016_q2,2016-04-01,2016,4,2,1,stroke,female,all,upper_clear_likely_possible,death_certificate,quarterly_count,41,41,count,41,,,final,bnr_sdc_v1,6,0,0,0,0,,none,No disclosure restriction identified.
MORT-BURDEN-001,mort_2026_07,quarterly,2016_q2,2016-04-01,2016,4,2,1,stroke,female,all,upper_clear_likely_possible,death_certificate,quarterly_same_quarter_previous_5yr_mean,35.8,35.8,count,179,,5,final,bnr_sdc_v1,6,0,0,0,0,,none,No disclosure restriction identified.
MORT-BURDEN-001,mort_2026_07,quarterly,2016_q2,2016-04-01,2016,4,2,1,stroke,male,all,upper_clear_likely_possible,death_certificate,quarterly_count,34,34,count,34,,,final,bnr_sdc_v1,6,0,0,0,0,,none,No disclosure restriction identified.
MORT-BURDEN-001,mort_2026_07,quarterly,2016_q2,2016-04-01,2016,4,2,1,stroke,male,all,upper_clear_likely_possible,death_certificate,quarterly_same_quarter_previous_5yr_mean,30,30,count,150,,5,final,bnr_sdc_v1,6,0,0,0,0,,none,No disclosure restriction identified.
MORT-BURDEN-001,mort_2026_07,quarterly,2016_q3,2016-07-01,2016,7,3,1,all_cvd,all,all,primary_clear_likely,death_certificate,quarterly_count,133,133,count,133,,,final,bnr_sdc_v1,6,0,0,0,0,,none,No disclosure restriction identified.
MORT-BURDEN-001,mort_2026_07,quarterly,2016_q3,2016-07-01,2016,7,3,1,all_cvd,all,all,primary_clear_likely,death_certificate,quarterly_same_quarter_previous_5yr_mean,128.2,128.2,count,641,,5,final,bnr_sdc_v1,6,0,0,0,0,,none,No disclosure restriction identified.
MORT-BURDEN-001,mort_2026_07,quarterly,2016_q3,2016-07-01,2016,7,3,1,all_cvd,female,all,primary_clear_likely,death_certificate,quarterly_count,74,74,count,74,,,final,bnr_sdc_v1,6,0,0,0,0,,none,No disclosure restriction identified.
MORT-BURDEN-001,mort_2026_07,quarterly,2016_q3,2016-07-01,2016,7,3,1,all_cvd,female,all,primary_clear_likely,death_certificate,quarterly_same_quarter_previous_5yr_mean,67.59999999999999,67.6,count,338,,5,final,bnr_sdc_v1,6,0,0,0,0,,none,No disclosure restriction identified.
MORT-BURDEN-001,mort_2026_07,quarterly,2016_q3,2016-07-01,2016,7,3,1,all_cvd,male,all,primary_clear_likely,death_certificate,quarterly_count,59,59,count,59,,,final,bnr_sdc_v1,6,0,0,0,0,,none,No disclosure restriction identified.
MORT-BURDEN-001,mort_2026_07,quarterly,2016_q3,2016-07-01,2016,7,3,1,all_cvd,male,all,primary_clear_likely,death_certificate,quarterly_same_quarter_previous_5yr_mean,60.6,60.6,count,303,,5,final,bnr_sdc_v1,6,0,0,0,0,,none,No disclosure restriction identified.
MORT-BURDEN-001,mort_2026_07,quarterly,2016_q3,2016-07-01,2016,7,3,1,heart,all,all,primary_clear_likely,death_certificate,quarterly_count,66,66,count,66,,,final,bnr_sdc_v1,6,0,0,0,0,,none,No disclosure restriction identified.
MORT-BURDEN-001,mort_2026_07,quarterly,2016_q3,2016-07-01,2016,7,3,1,heart,all,all,primary_clear_likely,death_certificate,quarterly_same_quarter_previous_5yr_mean,61.2,61.2,count,306,,5,final,bnr_sdc_v1,6,0,0,0,0,,none,No disclosure restriction identified.
MORT-BURDEN-001,mort_2026_07,quarterly,2016_q3,2016-07-01,2016,7,3,1,heart,female,all,primary_clear_likely,death_certificate,quarterly_count,28,28,count,28,,,final,bnr_sdc_v1,6,0,0,0,0,,none,No disclosure restriction identified.
MORT-BURDEN-001,mort_2026_07,quarterly,2016_q3,2016-07-01,2016,7,3,1,heart,female,all,primary_clear_likely,death_certificate,quarterly_same_quarter_previous_5yr_mean,27.2,27.2,count,136,,5,final,bnr_sdc_v1,6,0,0,0,0,,none,No disclosure restriction identified.
MORT-BURDEN-001,mort_2026_07,quarterly,2016_q3,2016-07-01,2016,7,3,1,heart,male,all,primary_clear_likely,death_certificate,quarterly_count,38,38,count,38,,,final,bnr_sdc_v1,6,0,0,0,0,,none,No disclosure restriction identified.
MORT-BURDEN-001,mort_2026_07,quarterly,2016_q3,2016-07-01,2016,7,3,1,heart,male,all,primary_clear_likely,death_certificate,quarterly_same_quarter_previous_5yr_mean,34,34,count,170,,5,final,bnr_sdc_v1,6,0,0,0,0,,none,No disclosure restriction identified.
MORT-BURDEN-001,mort_2026_07,quarterly,2016_q3,2016-07-01,2016,7,3,1,stroke,all,all,primary_clear_likely,death_certificate,quarterly_count,67,67,count,67,,,final,bnr_sdc_v1,6,0,0,0,0,,none,No disclosure restriction identified.
MORT-BURDEN-001,mort_2026_07,quarterly,2016_q3,2016-07-01,2016,7,3,1,stroke,all,all,primary_clear_likely,death_certificate,quarterly_same_quarter_previous_5yr_mean,67,67,count,335,,5,final,bnr_sdc_v1,6,0,0,0,0,,none,No disclosure restriction identified.
MORT-BURDEN-001,mort_2026_07,quarterly,2016_q3,2016-07-01,2016,7,3,1,stroke,female,all,primary_clear_likely,death_certificate,quarterly_count,46,46,count,46,,,final,bnr_sdc_v1,6,0,0,0,0,,none,No disclosure restriction identified.
MORT-BURDEN-001,mort_2026_07,quarterly,2016_q3,2016-07-01,2016,7,3,1,stroke,female,all,primary_clear_likely,death_certificate,quarterly_same_quarter_previous_5yr_mean,40.4,40.4,count,202,,5,final,bnr_sdc_v1,6,0,0,0,0,,none,No disclosure restriction identified.
MORT-BURDEN-001,mort_2026_07,quarterly,2016_q3,2016-07-01,2016,7,3,1,stroke,male,all,primary_clear_likely,death_certificate,quarterly_count,21,21,count,21,,,final,bnr_sdc_v1,6,0,0,0,0,,none,No disclosure restriction identified.
MORT-BURDEN-001,mort_2026_07,quarterly,2016_q3,2016-07-01,2016,7,3,1,stroke,male,all,primary_clear_likely,death_certificate,quarterly_same_quarter_previous_5yr_mean,26.6,26.6,count,133,,5,final,bnr_sdc_v1,6,0,0,0,0,,none,No disclosure restriction identified.
MORT-BURDEN-001,mort_2026_07,quarterly,2016_q3,2016-07-01,2016,7,3,1,all_cvd,all,all,upper_clear_likely_possible,death_certificate,quarterly_count,160,160,count,160,,,final,bnr_sdc_v1,6,0,0,0,0,,none,No disclosure restriction identified.
MORT-BURDEN-001,mort_2026_07,quarterly,2016_q3,2016-07-01,2016,7,3,1,all_cvd,all,all,upper_clear_likely_possible,death_certificate,quarterly_same_quarter_previous_5yr_mean,153,153,count,765,,5,final,bnr_sdc_v1,6,0,0,0,0,,none,No disclosure restriction identified.
MORT-BURDEN-001,mort_2026_07,quarterly,2016_q3,2016-07-01,2016,7,3,1,all_cvd,female,all,upper_clear_likely_possible,death_certificate,quarterly_count,87,87,count,87,,,final,bnr_sdc_v1,6,0,0,0,0,,none,No disclosure restriction identified.
MORT-BURDEN-001,mort_2026_07,quarterly,2016_q3,2016-07-01,2016,7,3,1,all_cvd,female,all,upper_clear_likely_possible,death_certificate,quarterly_same_quarter_previous_5yr_mean,80.2,80.2,count,401,,5,final,bnr_sdc_v1,6,0,0,0,0,,none,No disclosure restriction identified.
MORT-BURDEN-001,mort_2026_07,quarterly,2016_q3,2016-07-01,2016,7,3,1,all_cvd,male,all,upper_clear_likely_possible,death_certificate,quarterly_count,73,73,count,73,,,final,bnr_sdc_v1,6,0,0,0,0,,none,No disclosure restriction identified.
MORT-BURDEN-001,mort_2026_07,quarterly,2016_q3,2016-07-01,2016,7,3,1,all_cvd,male,all,upper_clear_likely_possible,death_certificate,quarterly_same_quarter_previous_5yr_mean,72.8,72.8,count,364,,5,final,bnr_sdc_v1,6,0,0,0,0,,none,No disclosure restriction identified.
MORT-BURDEN-001,mort_2026_07,quarterly,2016_q3,2016-07-01,2016,7,3,1,heart,all,all,upper_clear_likely_possible,death_certificate,quarterly_count,82,82,count,82,,,final,bnr_sdc_v1,6,0,0,0,0,,none,No disclosure restriction identified.
MORT-BURDEN-001,mort_2026_07,quarterly,2016_q3,2016-07-01,2016,7,3,1,heart,all,all,upper_clear_likely_possible,death_certificate,quarterly_same_quarter_previous_5yr_mean,76.2,76.2,count,381,,5,final,bnr_sdc_v1,6,0,0,0,0,,none,No disclosure restriction identified.
MORT-BURDEN-001,mort_2026_07,quarterly,2016_q3,2016-07-01,2016,7,3,1,heart,female,all,upper_clear_likely_possible,death_certificate,quarterly_count,35,35,count,35,,,final,bnr_sdc_v1,6,0,0,0,0,,none,No disclosure restriction identified.
MORT-BURDEN-001,mort_2026_07,quarterly,2016_q3,2016-07-01,2016,7,3,1,heart,female,all,upper_clear_likely_possible,death_certificate,quarterly_same_quarter_previous_5yr_mean,33.8,33.8,count,169,,5,final,bnr_sdc_v1,6,0,0,0,0,,none,No disclosure restriction identified.
MORT-BURDEN-001,mort_2026_07,quarterly,2016_q3,2016-07-01,2016,7,3,1,heart,male,all,upper_clear_likely_possible,death_certificate,quarterly_count,47,47,count,47,,,final,bnr_sdc_v1,6,0,0,0,0,,none,No disclosure restriction identified.
MORT-BURDEN-001,mort_2026_07,quarterly,2016_q3,2016-07-01,2016,7,3,1,heart,male,all,upper_clear_likely_possible,death_certificate,quarterly_same_quarter_previous_5yr_mean,42.4,42.4,count,212,,5,final,bnr_sdc_v1,6,0,0,0,0,,none,No disclosure restriction identified.
MORT-BURDEN-001,mort_2026_07,quarterly,2016_q3,2016-07-01,2016,7,3,1,stroke,all,all,upper_clear_likely_possible,death_certificate,quarterly_count,78,78,count,78,,,final,bnr_sdc_v1,6,0,0,0,0,,none,No disclosure restriction identified.
MORT-BURDEN-001,mort_2026_07,quarterly,2016_q3,2016-07-01,2016,7,3,1,stroke,all,all,upper_clear_likely_possible,death_certificate,quarterly_same_quarter_previous_5yr_mean,76.8,76.8,count,384,,5,final,bnr_sdc_v1,6,0,0,0,0,,none,No disclosure restriction identified.
MORT-BURDEN-001,mort_2026_07,quarterly,2016_q3,2016-07-01,2016,7,3,1,stroke,female,all,upper_clear_likely_possible,death_certificate,quarterly_count,52,52,count,52,,,final,bnr_sdc_v1,6,0,0,0,0,,none,No disclosure restriction identified.
MORT-BURDEN-001,mort_2026_07,quarterly,2016_q3,2016-07-01,2016,7,3,1,stroke,female,all,upper_clear_likely_possible,death_certificate,quarterly_same_quarter_previous_5yr_mean,46.4,46.4,count,232,,5,final,bnr_sdc_v1,6,0,0,0,0,,none,No disclosure restriction identified.
MORT-BURDEN-001,mort_2026_07,quarterly,2016_q3,2016-07-01,2016,7,3,1,stroke,male,all,upper_clear_likely_possible,death_certificate,quarterly_count,26,26,count,26,,,final,bnr_sdc_v1,6,0,0,0,0,,none,No disclosure restriction identified.
MORT-BURDEN-001,mort_2026_07,quarterly,2016_q3,2016-07-01,2016,7,3,1,stroke,male,all,upper_clear_likely_possible,death_certificate,quarterly_same_quarter_previous_5yr_mean,30.4,30.4,count,152,,5,final,bnr_sdc_v1,6,0,0,0,0,,none,No disclosure restriction identified.
MORT-BURDEN-001,mort_2026_07,quarterly,2016_q4,2016-10-01,2016,10,4,1,all_cvd,all,all,primary_clear_likely,death_certificate,quarterly_count,127,127,count,127,,,final,bnr_sdc_v1,6,0,0,0,0,,none,No disclosure restriction identified.
MORT-BURDEN-001,mort_2026_07,quarterly,2016_q4,2016-10-01,2016,10,4,1,all_cvd,all,all,primary_clear_likely,death_certificate,quarterly_same_quarter_previous_5yr_mean,135.8,135.8,count,679,,5,final,bnr_sdc_v1,6,0,0,0,0,,none,No disclosure restriction identified.
MORT-BURDEN-001,mort_2026_07,quarterly,2016_q4,2016-10-01,2016,10,4,1,all_cvd,female,all,primary_clear_likely,death_certificate,quarterly_count,59,59,count,59,,,final,bnr_sdc_v1,6,0,0,0,0,,none,No disclosure restriction identified.
MORT-BURDEN-001,mort_2026_07,quarterly,2016_q4,2016-10-01,2016,10,4,1,all_cvd,female,all,primary_clear_likely,death_certificate,quarterly_same_quarter_previous_5yr_mean,71.40000000000001,71.4,count,357,,5,final,bnr_sdc_v1,6,0,0,0,0,,none,No disclosure restriction identified.
MORT-BURDEN-001,mort_2026_07,quarterly,2016_q4,2016-10-01,2016,10,4,1,all_cvd,male,all,primary_clear_likely,death_certificate,quarterly_count,68,68,count,68,,,final,bnr_sdc_v1,6,0,0,0,0,,none,No disclosure restriction identified.
MORT-BURDEN-001,mort_2026_07,quarterly,2016_q4,2016-10-01,2016,10,4,1,all_cvd,male,all,primary_clear_likely,death_certificate,quarterly_same_quarter_previous_5yr_mean,64.40000000000001,64.4,count,322,,5,final,bnr_sdc_v1,6,0,0,0,0,,none,No disclosure restriction identified.
MORT-BURDEN-001,mort_2026_07,quarterly,2016_q4,2016-10-01,2016,10,4,1,heart,all,all,primary_clear_likely,death_certificate,quarterly_count,63,63,count,63,,,final,bnr_sdc_v1,6,0,0,0,0,,none,No disclosure restriction identified.
MORT-BURDEN-001,mort_2026_07,quarterly,2016_q4,2016-10-01,2016,10,4,1,heart,all,all,primary_clear_likely,death_certificate,quarterly_same_quarter_previous_5yr_mean,66.40000000000001,66.4,count,332,,5,final,bnr_sdc_v1,6,0,0,0,0,,none,No disclosure restriction identified.
MORT-BURDEN-001,mort_2026_07,quarterly,2016_q4,2016-10-01,2016,10,4,1,heart,female,all,primary_clear_likely,death_certificate,quarterly_count,26,26,count,26,,,final,bnr_sdc_v1,6,0,0,0,0,,none,No disclosure restriction identified.
MORT-BURDEN-001,mort_2026_07,quarterly,2016_q4,2016-10-01,2016,10,4,1,heart,female,all,primary_clear_likely,death_certificate,quarterly_same_quarter_previous_5yr_mean,32.2,32.2,count,161,,5,final,bnr_sdc_v1,6,0,0,0,0,,none,No disclosure restriction identified.
MORT-BURDEN-001,mort_2026_07,quarterly,2016_q4,2016-10-01,2016,10,4,1,heart,male,all,primary_clear_likely,death_certificate,quarterly_count,37,37,count,37,,,final,bnr_sdc_v1,6,0,0,0,0,,none,No disclosure restriction identified.
MORT-BURDEN-001,mort_2026_07,quarterly,2016_q4,2016-10-01,2016,10,4,1,heart,male,all,primary_clear_likely,death_certificate,quarterly_same_quarter_previous_5yr_mean,34.2,34.2,count,171,,5,final,bnr_sdc_v1,6,0,0,0,0,,none,No disclosure restriction identified.
MORT-BURDEN-001,mort_2026_07,quarterly,2016_q4,2016-10-01,2016,10,4,1,stroke,all,all,primary_clear_likely,death_certificate,quarterly_count,64,64,count,64,,,final,bnr_sdc_v1,6,0,0,0,0,,none,No disclosure restriction identified.
MORT-BURDEN-001,mort_2026_07,quarterly,2016_q4,2016-10-01,2016,10,4,1,stroke,all,all,primary_clear_likely,death_certificate,quarterly_same_quarter_previous_5yr_mean,69.40000000000001,69.4,count,347,,5,final,bnr_sdc_v1,6,0,0,0,0,,none,No disclosure restriction identified.
MORT-BURDEN-001,mort_2026_07,quarterly,2016_q4,2016-10-01,2016,10,4,1,stroke,female,all,primary_clear_likely,death_certificate,quarterly_count,33,33,count,33,,,final,bnr_sdc_v1,6,0,0,0,0,,none,No disclosure restriction identified.
MORT-BURDEN-001,mort_2026_07,quarterly,2016_q4,2016-10-01,2016,10,4,1,stroke,female,all,primary_clear_likely,death_certificate,quarterly_same_quarter_previous_5yr_mean,39.2,39.2,count,196,,5,final,bnr_sdc_v1,6,0,0,0,0,,none,No disclosure restriction identified.
MORT-BURDEN-001,mort_2026_07,quarterly,2016_q4,2016-10-01,2016,10,4,1,stroke,male,all,primary_clear_likely,death_certificate,quarterly_count,31,31,count,31,,,final,bnr_sdc_v1,6,0,0,0,0,,none,No disclosure restriction identified.
MORT-BURDEN-001,mort_2026_07,quarterly,2016_q4,2016-10-01,2016,10,4,1,stroke,male,all,primary_clear_likely,death_certificate,quarterly_same_quarter_previous_5yr_mean,30.2,30.2,count,151,,5,final,bnr_sdc_v1,6,0,0,0,0,,none,No disclosure restriction identified.
MORT-BURDEN-001,mort_2026_07,quarterly,2016_q4,2016-10-01,2016,10,4,1,all_cvd,all,all,upper_clear_likely_possible,death_certificate,quarterly_count,151,151,count,151,,,final,bnr_sdc_v1,6,0,0,0,0,,none,No disclosure restriction identified.
MORT-BURDEN-001,mort_2026_07,quarterly,2016_q4,2016-10-01,2016,10,4,1,all_cvd,all,all,upper_clear_likely_possible,death_certificate,quarterly_same_quarter_previous_5yr_mean,157,157,count,785,,5,final,bnr_sdc_v1,6,0,0,0,0,,none,No disclosure restriction identified.
MORT-BURDEN-001,mort_2026_07,quarterly,2016_q4,2016-10-01,2016,10,4,1,all_cvd,female,all,upper_clear_likely_possible,death_certificate,quarterly_count,72,72,count,72,,,final,bnr_sdc_v1,6,0,0,0,0,,none,No disclosure restriction identified.
MORT-BURDEN-001,mort_2026_07,quarterly,2016_q4,2016-10-01,2016,10,4,1,all_cvd,female,all,upper_clear_likely_possible,death_certificate,quarterly_same_quarter_previous_5yr_mean,81.2,81.2,count,406,,5,final,bnr_sdc_v1,6,0,0,0,0,,none,No disclosure restriction identified.
MORT-BURDEN-001,mort_2026_07,quarterly,2016_q4,2016-10-01,2016,10,4,1,all_cvd,male,all,upper_clear_likely_possible,death_certificate,quarterly_count,79,79,count,79,,,final,bnr_sdc_v1,6,0,0,0,0,,none,No disclosure restriction identified.
MORT-BURDEN-001,mort_2026_07,quarterly,2016_q4,2016-10-01,2016,10,4,1,all_cvd,male,all,upper_clear_likely_possible,death_certificate,quarterly_same_quarter_previous_5yr_mean,75.8,75.8,count,379,,5,final,bnr_sdc_v1,6,0,0,0,0,,none,No disclosure restriction identified.
MORT-BURDEN-001,mort_2026_07,quarterly,2016_q4,2016-10-01,2016,10,4,1,heart,all,all,upper_clear_likely_possible,death_certificate,quarterly_count,81,81,count,81,,,final,bnr_sdc_v1,6,0,0,0,0,,none,No disclosure restriction identified.
MORT-BURDEN-001,mort_2026_07,quarterly,2016_q4,2016-10-01,2016,10,4,1,heart,all,all,upper_clear_likely_possible,death_certificate,quarterly_same_quarter_previous_5yr_mean,78.40000000000001,78.4,count,392,,5,final,bnr_sdc_v1,6,0,0,0,0,,none,No disclosure restriction identified.
MORT-BURDEN-001,mort_2026_07,quarterly,2016_q4,2016-10-01,2016,10,4,1,heart,female,all,upper_clear_likely_possible,death_certificate,quarterly_count,35,35,count,35,,,final,bnr_sdc_v1,6,0,0,0,0,,none,No disclosure restriction identified.
MORT-BURDEN-001,mort_2026_07,quarterly,2016_q4,2016-10-01,2016,10,4,1,heart,female,all,upper_clear_likely_possible,death_certificate,quarterly_same_quarter_previous_5yr_mean,36.8,36.8,count,184,,5,final,bnr_sdc_v1,6,0,0,0,0,,none,No disclosure restriction identified.
MORT-BURDEN-001,mort_2026_07,quarterly,2016_q4,2016-10-01,2016,10,4,1,heart,male,all,upper_clear_likely_possible,death_certificate,quarterly_count,46,46,count,46,,,final,bnr_sdc_v1,6,0,0,0,0,,none,No disclosure restriction identified.
MORT-BURDEN-001,mort_2026_07,quarterly,2016_q4,2016-10-01,2016,10,4,1,heart,male,all,upper_clear_likely_possible,death_certificate,quarterly_same_quarter_previous_5yr_mean,41.6,41.6,count,208,,5,final,bnr_sdc_v1,6,0,0,0,0,,none,No disclosure restriction identified.
MORT-BURDEN-001,mort_2026_07,quarterly,2016_q4,2016-10-01,2016,10,4,1,stroke,all,all,upper_clear_likely_possible,death_certificate,quarterly_count,70,70,count,70,,,final,bnr_sdc_v1,6,0,0,0,0,,none,No disclosure restriction identified.
MORT-BURDEN-001,mort_2026_07,quarterly,2016_q4,2016-10-01,2016,10,4,1,stroke,all,all,upper_clear_likely_possible,death_certificate,quarterly_same_quarter_previous_5yr_mean,78.59999999999999,78.6,count,393,,5,final,bnr_sdc_v1,6,0,0,0,0,,none,No disclosure restriction identified.
MORT-BURDEN-001,mort_2026_07,quarterly,2016_q4,2016-10-01,2016,10,4,1,stroke,female,all,upper_clear_likely_possible,death_certificate,quarterly_count,37,37,count,37,,,final,bnr_sdc_v1,6,0,0,0,0,,none,No disclosure restriction identified.
MORT-BURDEN-001,mort_2026_07,quarterly,2016_q4,2016-10-01,2016,10,4,1,stroke,female,all,upper_clear_likely_possible,death_certificate,quarterly_same_quarter_previous_5yr_mean,44.4,44.4,count,222,,5,final,bnr_sdc_v1,6,0,0,0,0,,none,No disclosure restriction identified.
MORT-BURDEN-001,mort_2026_07,quarterly,2016_q4,2016-10-01,2016,10,4,1,stroke,male,all,upper_clear_likely_possible,death_certificate,quarterly_count,33,33,count,33,,,final,bnr_sdc_v1,6,0,0,0,0,,none,No disclosure restriction identified.
MORT-BURDEN-001,mort_2026_07,quarterly,2016_q4,2016-10-01,2016,10,4,1,stroke,male,all,upper_clear_likely_possible,death_certificate,quarterly_same_quarter_previous_5yr_mean,34.2,34.2,count,171,,5,final,bnr_sdc_v1,6,0,0,0,0,,none,No disclosure restriction identified.
MORT-BURDEN-001,mort_2026_07,quarterly,2017_q1,2017-01-01,2017,1,1,1,all_cvd,all,all,primary_clear_likely,death_certificate,quarterly_count,131,131,count,131,,,final,bnr_sdc_v1,6,0,0,0,0,,none,No disclosure restriction identified.
MORT-BURDEN-001,mort_2026_07,quarterly,2017_q1,2017-01-01,2017,1,1,1,all_cvd,all,all,primary_clear_likely,death_certificate,quarterly_same_quarter_previous_5yr_mean,133.8,133.8,count,669,,5,final,bnr_sdc_v1,6,0,0,0,0,,none,No disclosure restriction identified.
MORT-BURDEN-001,mort_2026_07,quarterly,2017_q1,2017-01-01,2017,1,1,1,all_cvd,female,all,primary_clear_likely,death_certificate,quarterly_count,66,66,count,66,,,final,bnr_sdc_v1,6,0,0,0,0,,none,No disclosure restriction identified.
MORT-BURDEN-001,mort_2026_07,quarterly,2017_q1,2017-01-01,2017,1,1,1,all_cvd,female,all,primary_clear_likely,death_certificate,quarterly_same_quarter_previous_5yr_mean,70.2,70.2,count,351,,5,final,bnr_sdc_v1,6,0,0,0,0,,none,No disclosure restriction identified.
MORT-BURDEN-001,mort_2026_07,quarterly,2017_q1,2017-01-01,2017,1,1,1,all_cvd,male,all,primary_clear_likely,death_certificate,quarterly_count,65,65,count,65,,,final,bnr_sdc_v1,6,0,0,0,0,,none,No disclosure restriction identified.
MORT-BURDEN-001,mort_2026_07,quarterly,2017_q1,2017-01-01,2017,1,1,1,all_cvd,male,all,primary_clear_likely,death_certificate,quarterly_same_quarter_previous_5yr_mean,63.6,63.6,count,318,,5,final,bnr_sdc_v1,6,0,0,0,0,,none,No disclosure restriction identified.
MORT-BURDEN-001,mort_2026_07,quarterly,2017_q1,2017-01-01,2017,1,1,1,heart,all,all,primary_clear_likely,death_certificate,quarterly_count,66,66,count,66,,,final,bnr_sdc_v1,6,0,0,0,0,,none,No disclosure restriction identified.
MORT-BURDEN-001,mort_2026_07,quarterly,2017_q1,2017-01-01,2017,1,1,1,heart,all,all,primary_clear_likely,death_certificate,quarterly_same_quarter_previous_5yr_mean,65.59999999999999,65.6,count,328,,5,final,bnr_sdc_v1,6,0,0,0,0,,none,No disclosure restriction identified.
MORT-BURDEN-001,mort_2026_07,quarterly,2017_q1,2017-01-01,2017,1,1,1,heart,female,all,primary_clear_likely,death_certificate,quarterly_count,30,30,count,30,,,final,bnr_sdc_v1,6,0,0,0,0,,none,No disclosure restriction identified.
MORT-BURDEN-001,mort_2026_07,quarterly,2017_q1,2017-01-01,2017,1,1,1,heart,female,all,primary_clear_likely,death_certificate,quarterly_same_quarter_previous_5yr_mean,34,34,count,170,,5,final,bnr_sdc_v1,6,0,0,0,0,,none,No disclosure restriction identified.
MORT-BURDEN-001,mort_2026_07,quarterly,2017_q1,2017-01-01,2017,1,1,1,heart,male,all,primary_clear_likely,death_certificate,quarterly_count,36,36,count,36,,,final,bnr_sdc_v1,6,0,0,0,0,,none,No disclosure restriction identified.
MORT-BURDEN-001,mort_2026_07,quarterly,2017_q1,2017-01-01,2017,1,1,1,heart,male,all,primary_clear_likely,death_certificate,quarterly_same_quarter_previous_5yr_mean,31.6,31.6,count,158,,5,final,bnr_sdc_v1,6,0,0,0,0,,none,No disclosure restriction identified.
MORT-BURDEN-001,mort_2026_07,quarterly,2017_q1,2017-01-01,2017,1,1,1,stroke,all,all,primary_clear_likely,death_certificate,quarterly_count,65,65,count,65,,,final,bnr_sdc_v1,6,0,0,0,0,,none,No disclosure restriction identified.
MORT-BURDEN-001,mort_2026_07,quarterly,2017_q1,2017-01-01,2017,1,1,1,stroke,all,all,primary_clear_likely,death_certificate,quarterly_same_quarter_previous_5yr_mean,68.2,68.2,count,341,,5,final,bnr_sdc_v1,6,0,0,0,0,,none,No disclosure restriction identified.
MORT-BURDEN-001,mort_2026_07,quarterly,2017_q1,2017-01-01,2017,1,1,1,stroke,female,all,primary_clear_likely,death_certificate,quarterly_count,36,36,count,36,,,final,bnr_sdc_v1,6,0,0,0,0,,none,No disclosure restriction identified.
MORT-BURDEN-001,mort_2026_07,quarterly,2017_q1,2017-01-01,2017,1,1,1,stroke,female,all,primary_clear_likely,death_certificate,quarterly_same_quarter_previous_5yr_mean,36.2,36.2,count,181,,5,final,bnr_sdc_v1,6,0,0,0,0,,none,No disclosure restriction identified.
MORT-BURDEN-001,mort_2026_07,quarterly,2017_q1,2017-01-01,2017,1,1,1,stroke,male,all,primary_clear_likely,death_certificate,quarterly_count,29,29,count,29,,,final,bnr_sdc_v1,6,0,0,0,0,,none,No disclosure restriction identified.
MORT-BURDEN-001,mort_2026_07,quarterly,2017_q1,2017-01-01,2017,1,1,1,stroke,male,all,primary_clear_likely,death_certificate,quarterly_same_quarter_previous_5yr_mean,32,32,count,160,,5,final,bnr_sdc_v1,6,0,0,0,0,,none,No disclosure restriction identified.
MORT-BURDEN-001,mort_2026_07,quarterly,2017_q1,2017-01-01,2017,1,1,1,all_cvd,all,all,upper_clear_likely_possible,death_certificate,quarterly_count,152,152,count,152,,,final,bnr_sdc_v1,6,0,0,0,0,,none,No disclosure restriction identified.
MORT-BURDEN-001,mort_2026_07,quarterly,2017_q1,2017-01-01,2017,1,1,1,all_cvd,all,all,upper_clear_likely_possible,death_certificate,quarterly_same_quarter_previous_5yr_mean,157.6,157.6,count,788,,5,final,bnr_sdc_v1,6,0,0,0,0,,none,No disclosure restriction identified.
MORT-BURDEN-001,mort_2026_07,quarterly,2017_q1,2017-01-01,2017,1,1,1,all_cvd,female,all,upper_clear_likely_possible,death_certificate,quarterly_count,74,74,count,74,,,final,bnr_sdc_v1,6,0,0,0,0,,none,No disclosure restriction identified.
MORT-BURDEN-001,mort_2026_07,quarterly,2017_q1,2017-01-01,2017,1,1,1,all_cvd,female,all,upper_clear_likely_possible,death_certificate,quarterly_same_quarter_previous_5yr_mean,81.40000000000001,81.4,count,407,,5,final,bnr_sdc_v1,6,0,0,0,0,,none,No disclosure restriction identified.
MORT-BURDEN-001,mort_2026_07,quarterly,2017_q1,2017-01-01,2017,1,1,1,all_cvd,male,all,upper_clear_likely_possible,death_certificate,quarterly_count,78,78,count,78,,,final,bnr_sdc_v1,6,0,0,0,0,,none,No disclosure restriction identified.
MORT-BURDEN-001,mort_2026_07,quarterly,2017_q1,2017-01-01,2017,1,1,1,all_cvd,male,all,upper_clear_likely_possible,death_certificate,quarterly_same_quarter_previous_5yr_mean,76.2,76.2,count,381,,5,final,bnr_sdc_v1,6,0,0,0,0,,none,No disclosure restriction identified.
MORT-BURDEN-001,mort_2026_07,quarterly,2017_q1,2017-01-01,2017,1,1,1,heart,all,all,upper_clear_likely_possible,death_certificate,quarterly_count,79,79,count,79,,,final,bnr_sdc_v1,6,0,0,0,0,,none,No disclosure restriction identified.
MORT-BURDEN-001,mort_2026_07,quarterly,2017_q1,2017-01-01,2017,1,1,1,heart,all,all,upper_clear_likely_possible,death_certificate,quarterly_same_quarter_previous_5yr_mean,80.59999999999999,80.6,count,403,,5,final,bnr_sdc_v1,6,0,0,0,0,,none,No disclosure restriction identified.
MORT-BURDEN-001,mort_2026_07,quarterly,2017_q1,2017-01-01,2017,1,1,1,heart,female,all,upper_clear_likely_possible,death_certificate,quarterly_count,34,34,count,34,,,final,bnr_sdc_v1,6,0,0,0,0,,none,No disclosure restriction identified.
MORT-BURDEN-001,mort_2026_07,quarterly,2017_q1,2017-01-01,2017,1,1,1,heart,female,all,upper_clear_likely_possible,death_certificate,quarterly_same_quarter_previous_5yr_mean,41.4,41.4,count,207,,5,final,bnr_sdc_v1,6,0,0,0,0,,none,No disclosure restriction identified.
MORT-BURDEN-001,mort_2026_07,quarterly,2017_q1,2017-01-01,2017,1,1,1,heart,male,all,upper_clear_likely_possible,death_certificate,quarterly_count,45,45,count,45,,,final,bnr_sdc_v1,6,0,0,0,0,,none,No disclosure restriction identified.
MORT-BURDEN-001,mort_2026_07,quarterly,2017_q1,2017-01-01,2017,1,1,1,heart,male,all,upper_clear_likely_possible,death_certificate,quarterly_same_quarter_previous_5yr_mean,39.2,39.2,count,196,,5,final,bnr_sdc_v1,6,0,0,0,0,,none,No disclosure restriction identified.
MORT-BURDEN-001,mort_2026_07,quarterly,2017_q1,2017-01-01,2017,1,1,1,stroke,all,all,upper_clear_likely_possible,death_certificate,quarterly_count,73,73,count,73,,,final,bnr_sdc_v1,6,0,0,0,0,,none,No disclosure restriction identified.
MORT-BURDEN-001,mort_2026_07,quarterly,2017_q1,2017-01-01,2017,1,1,1,stroke,all,all,upper_clear_likely_possible,death_certificate,quarterly_same_quarter_previous_5yr_mean,77,77,count,385,,5,final,bnr_sdc_v1,6,0,0,0,0,,none,No disclosure restriction identified.
MORT-BURDEN-001,mort_2026_07,quarterly,2017_q1,2017-01-01,2017,1,1,1,stroke,female,all,upper_clear_likely_possible,death_certificate,quarterly_count,40,40,count,40,,,final,bnr_sdc_v1,6,0,0,0,0,,none,No disclosure restriction identified.
MORT-BURDEN-001,mort_2026_07,quarterly,2017_q1,2017-01-01,2017,1,1,1,stroke,female,all,upper_clear_likely_possible,death_certificate,quarterly_same_quarter_previous_5yr_mean,40,40,count,200,,5,final,bnr_sdc_v1,6,0,0,0,0,,none,No disclosure restriction identified.
MORT-BURDEN-001,mort_2026_07,quarterly,2017_q1,2017-01-01,2017,1,1,1,stroke,male,all,upper_clear_likely_possible,death_certificate,quarterly_count,33,33,count,33,,,final,bnr_sdc_v1,6,0,0,0,0,,none,No disclosure restriction identified.
MORT-BURDEN-001,mort_2026_07,quarterly,2017_q1,2017-01-01,2017,1,1,1,stroke,male,all,upper_clear_likely_possible,death_certificate,quarterly_same_quarter_previous_5yr_mean,37,37,count,185,,5,final,bnr_sdc_v1,6,0,0,0,0,,none,No disclosure restriction identified.
MORT-BURDEN-001,mort_2026_07,quarterly,2017_q2,2017-04-01,2017,4,2,1,all_cvd,all,all,primary_clear_likely,death_certificate,quarterly_count,129,129,count,129,,,final,bnr_sdc_v1,6,0,0,0,0,,none,No disclosure restriction identified.
MORT-BURDEN-001,mort_2026_07,quarterly,2017_q2,2017-04-01,2017,4,2,1,all_cvd,all,all,primary_clear_likely,death_certificate,quarterly_same_quarter_previous_5yr_mean,122.8,122.8,count,614,,5,final,bnr_sdc_v1,6,0,0,0,0,,none,No disclosure restriction identified.
MORT-BURDEN-001,mort_2026_07,quarterly,2017_q2,2017-04-01,2017,4,2,1,all_cvd,female,all,primary_clear_likely,death_certificate,quarterly_count,60,60,count,60,,,final,bnr_sdc_v1,6,0,0,0,0,,none,No disclosure restriction identified.
MORT-BURDEN-001,mort_2026_07,quarterly,2017_q2,2017-04-01,2017,4,2,1,all_cvd,female,all,primary_clear_likely,death_certificate,quarterly_same_quarter_previous_5yr_mean,65,65,count,325,,5,final,bnr_sdc_v1,6,0,0,0,0,,none,No disclosure restriction identified.
MORT-BURDEN-001,mort_2026_07,quarterly,2017_q2,2017-04-01,2017,4,2,1,all_cvd,male,all,primary_clear_likely,death_certificate,quarterly_count,69,69,count,69,,,final,bnr_sdc_v1,6,0,0,0,0,,none,No disclosure restriction identified.
MORT-BURDEN-001,mort_2026_07,quarterly,2017_q2,2017-04-01,2017,4,2,1,all_cvd,male,all,primary_clear_likely,death_certificate,quarterly_same_quarter_previous_5yr_mean,57.8,57.8,count,289,,5,final,bnr_sdc_v1,6,0,0,0,0,,none,No disclosure restriction identified.
MORT-BURDEN-001,mort_2026_07,quarterly,2017_q2,2017-04-01,2017,4,2,1,heart,all,all,primary_clear_likely,death_certificate,quarterly_count,59,59,count,59,,,final,bnr_sdc_v1,6,0,0,0,0,,none,No disclosure restriction identified.
MORT-BURDEN-001,mort_2026_07,quarterly,2017_q2,2017-04-01,2017,4,2,1,heart,all,all,primary_clear_likely,death_certificate,quarterly_same_quarter_previous_5yr_mean,59.8,59.8,count,299,,5,final,bnr_sdc_v1,6,0,0,0,0,,none,No disclosure restriction identified.
MORT-BURDEN-001,mort_2026_07,quarterly,2017_q2,2017-04-01,2017,4,2,1,heart,female,all,primary_clear_likely,death_certificate,quarterly_count,22,22,count,22,,,final,bnr_sdc_v1,6,0,0,0,0,,none,No disclosure restriction identified.
MORT-BURDEN-001,mort_2026_07,quarterly,2017_q2,2017-04-01,2017,4,2,1,heart,female,all,primary_clear_likely,death_certificate,quarterly_same_quarter_previous_5yr_mean,30,30,count,150,,5,final,bnr_sdc_v1,6,0,0,0,0,,none,No disclosure restriction identified.
MORT-BURDEN-001,mort_2026_07,quarterly,2017_q2,2017-04-01,2017,4,2,1,heart,male,all,primary_clear_likely,death_certificate,quarterly_count,37,37,count,37,,,final,bnr_sdc_v1,6,0,0,0,0,,none,No disclosure restriction identified.
MORT-BURDEN-001,mort_2026_07,quarterly,2017_q2,2017-04-01,2017,4,2,1,heart,male,all,primary_clear_likely,death_certificate,quarterly_same_quarter_previous_5yr_mean,29.8,29.8,count,149,,5,final,bnr_sdc_v1,6,0,0,0,0,,none,No disclosure restriction identified.
MORT-BURDEN-001,mort_2026_07,quarterly,2017_q2,2017-04-01,2017,4,2,1,stroke,all,all,primary_clear_likely,death_certificate,quarterly_count,70,70,count,70,,,final,bnr_sdc_v1,6,0,0,0,0,,none,No disclosure restriction identified.
MORT-BURDEN-001,mort_2026_07,quarterly,2017_q2,2017-04-01,2017,4,2,1,stroke,all,all,primary_clear_likely,death_certificate,quarterly_same_quarter_previous_5yr_mean,63,63,count,315,,5,final,bnr_sdc_v1,6,0,0,0,0,,none,No disclosure restriction identified.
MORT-BURDEN-001,mort_2026_07,quarterly,2017_q2,2017-04-01,2017,4,2,1,stroke,female,all,primary_clear_likely,death_certificate,quarterly_count,38,38,count,38,,,final,bnr_sdc_v1,6,0,0,0,0,,none,No disclosure restriction identified.
MORT-BURDEN-001,mort_2026_07,quarterly,2017_q2,2017-04-01,2017,4,2,1,stroke,female,all,primary_clear_likely,death_certificate,quarterly_same_quarter_previous_5yr_mean,35,35,count,175,,5,final,bnr_sdc_v1,6,0,0,0,0,,none,No disclosure restriction identified.
MORT-BURDEN-001,mort_2026_07,quarterly,2017_q2,2017-04-01,2017,4,2,1,stroke,male,all,primary_clear_likely,death_certificate,quarterly_count,32,32,count,32,,,final,bnr_sdc_v1,6,0,0,0,0,,none,No disclosure restriction identified.
MORT-BURDEN-001,mort_2026_07,quarterly,2017_q2,2017-04-01,2017,4,2,1,stroke,male,all,primary_clear_likely,death_certificate,quarterly_same_quarter_previous_5yr_mean,28,28,count,140,,5,final,bnr_sdc_v1,6,0,0,0,0,,none,No disclosure restriction identified.
MORT-BURDEN-001,mort_2026_07,quarterly,2017_q2,2017-04-01,2017,4,2,1,all_cvd,all,all,upper_clear_likely_possible,death_certificate,quarterly_count,151,151,count,151,,,final,bnr_sdc_v1,6,0,0,0,0,,none,No disclosure restriction identified.
MORT-BURDEN-001,mort_2026_07,quarterly,2017_q2,2017-04-01,2017,4,2,1,all_cvd,all,all,upper_clear_likely_possible,death_certificate,quarterly_same_quarter_previous_5yr_mean,141.8,141.8,count,709,,5,final,bnr_sdc_v1,6,0,0,0,0,,none,No disclosure restriction identified.
MORT-BURDEN-001,mort_2026_07,quarterly,2017_q2,2017-04-01,2017,4,2,1,all_cvd,female,all,upper_clear_likely_possible,death_certificate,quarterly_count,73,73,count,73,,,final,bnr_sdc_v1,6,0,0,0,0,,none,No disclosure restriction identified.
MORT-BURDEN-001,mort_2026_07,quarterly,2017_q2,2017-04-01,2017,4,2,1,all_cvd,female,all,upper_clear_likely_possible,death_certificate,quarterly_same_quarter_previous_5yr_mean,72.40000000000001,72.4,count,362,,5,final,bnr_sdc_v1,6,0,0,0,0,,none,No disclosure restriction identified.
MORT-BURDEN-001,mort_2026_07,quarterly,2017_q2,2017-04-01,2017,4,2,1,all_cvd,male,all,upper_clear_likely_possible,death_certificate,quarterly_count,78,78,count,78,,,final,bnr_sdc_v1,6,0,0,0,0,,none,No disclosure restriction identified.
MORT-BURDEN-001,mort_2026_07,quarterly,2017_q2,2017-04-01,2017,4,2,1,all_cvd,male,all,upper_clear_likely_possible,death_certificate,quarterly_same_quarter_previous_5yr_mean,69.40000000000001,69.4,count,347,,5,final,bnr_sdc_v1,6,0,0,0,0,,none,No disclosure restriction identified.
MORT-BURDEN-001,mort_2026_07,quarterly,2017_q2,2017-04-01,2017,4,2,1,heart,all,all,upper_clear_likely_possible,death_certificate,quarterly_count,72,72,count,72,,,final,bnr_sdc_v1,6,0,0,0,0,,none,No disclosure restriction identified.
MORT-BURDEN-001,mort_2026_07,quarterly,2017_q2,2017-04-01,2017,4,2,1,heart,all,all,upper_clear_likely_possible,death_certificate,quarterly_same_quarter_previous_5yr_mean,72,72,count,360,,5,final,bnr_sdc_v1,6,0,0,0,0,,none,No disclosure restriction identified.
MORT-BURDEN-001,mort_2026_07,quarterly,2017_q2,2017-04-01,2017,4,2,1,heart,female,all,upper_clear_likely_possible,death_certificate,quarterly_count,29,29,count,29,,,final,bnr_sdc_v1,6,0,0,0,0,,none,No disclosure restriction identified.
MORT-BURDEN-001,mort_2026_07,quarterly,2017_q2,2017-04-01,2017,4,2,1,heart,female,all,upper_clear_likely_possible,death_certificate,quarterly_same_quarter_previous_5yr_mean,34.6,34.6,count,173,,5,final,bnr_sdc_v1,6,0,0,0,0,,none,No disclosure restriction identified.
MORT-BURDEN-001,mort_2026_07,quarterly,2017_q2,2017-04-01,2017,4,2,1,heart,male,all,upper_clear_likely_possible,death_certificate,quarterly_count,43,43,count,43,,,final,bnr_sdc_v1,6,0,0,0,0,,none,No disclosure restriction identified.
MORT-BURDEN-001,mort_2026_07,quarterly,2017_q2,2017-04-01,2017,4,2,1,heart,male,all,upper_clear_likely_possible,death_certificate,quarterly_same_quarter_previous_5yr_mean,37.4,37.4,count,187,,5,final,bnr_sdc_v1,6,0,0,0,0,,none,No disclosure restriction identified.
MORT-BURDEN-001,mort_2026_07,quarterly,2017_q2,2017-04-01,2017,4,2,1,stroke,all,all,upper_clear_likely_possible,death_certificate,quarterly_count,79,79,count,79,,,final,bnr_sdc_v1,6,0,0,0,0,,none,No disclosure restriction identified.
MORT-BURDEN-001,mort_2026_07,quarterly,2017_q2,2017-04-01,2017,4,2,1,stroke,all,all,upper_clear_likely_possible,death_certificate,quarterly_same_quarter_previous_5yr_mean,69.8,69.8,count,349,,5,final,bnr_sdc_v1,6,0,0,0,0,,none,No disclosure restriction identified.
MORT-BURDEN-001,mort_2026_07,quarterly,2017_q2,2017-04-01,2017,4,2,1,stroke,female,all,upper_clear_likely_possible,death_certificate,quarterly_count,44,44,count,44,,,final,bnr_sdc_v1,6,0,0,0,0,,none,No disclosure restriction identified.
MORT-BURDEN-001,mort_2026_07,quarterly,2017_q2,2017-04-01,2017,4,2,1,stroke,female,all,upper_clear_likely_possible,death_certificate,quarterly_same_quarter_previous_5yr_mean,37.8,37.8,count,189,,5,final,bnr_sdc_v1,6,0,0,0,0,,none,No disclosure restriction identified.
MORT-BURDEN-001,mort_2026_07,quarterly,2017_q2,2017-04-01,2017,4,2,1,stroke,male,all,upper_clear_likely_possible,death_certificate,quarterly_count,35,35,count,35,,,final,bnr_sdc_v1,6,0,0,0,0,,none,No disclosure restriction identified.
MORT-BURDEN-001,mort_2026_07,quarterly,2017_q2,2017-04-01,2017,4,2,1,stroke,male,all,upper_clear_likely_possible,death_certificate,quarterly_same_quarter_previous_5yr_mean,32,32,count,160,,5,final,bnr_sdc_v1,6,0,0,0,0,,none,No disclosure restriction identified.
MORT-BURDEN-001,mort_2026_07,quarterly,2017_q3,2017-07-01,2017,7,3,1,all_cvd,all,all,primary_clear_likely,death_certificate,quarterly_count,117,117,count,117,,,final,bnr_sdc_v1,6,0,0,0,0,,none,No disclosure restriction identified.
MORT-BURDEN-001,mort_2026_07,quarterly,2017_q3,2017-07-01,2017,7,3,1,all_cvd,all,all,primary_clear_likely,death_certificate,quarterly_same_quarter_previous_5yr_mean,129.2,129.2,count,646,,5,final,bnr_sdc_v1,6,0,0,0,0,,none,No disclosure restriction identified.
MORT-BURDEN-001,mort_2026_07,quarterly,2017_q3,2017-07-01,2017,7,3,1,all_cvd,female,all,primary_clear_likely,death_certificate,quarterly_count,58,58,count,58,,,final,bnr_sdc_v1,6,0,0,0,0,,none,No disclosure restriction identified.
MORT-BURDEN-001,mort_2026_07,quarterly,2017_q3,2017-07-01,2017,7,3,1,all_cvd,female,all,primary_clear_likely,death_certificate,quarterly_same_quarter_previous_5yr_mean,68.2,68.2,count,341,,5,final,bnr_sdc_v1,6,0,0,0,0,,none,No disclosure restriction identified.
MORT-BURDEN-001,mort_2026_07,quarterly,2017_q3,2017-07-01,2017,7,3,1,all_cvd,male,all,primary_clear_likely,death_certificate,quarterly_count,59,59,count,59,,,final,bnr_sdc_v1,6,0,0,0,0,,none,No disclosure restriction identified.
MORT-BURDEN-001,mort_2026_07,quarterly,2017_q3,2017-07-01,2017,7,3,1,all_cvd,male,all,primary_clear_likely,death_certificate,quarterly_same_quarter_previous_5yr_mean,61,61,count,305,,5,final,bnr_sdc_v1,6,0,0,0,0,,none,No disclosure restriction identified.
MORT-BURDEN-001,mort_2026_07,quarterly,2017_q3,2017-07-01,2017,7,3,1,heart,all,all,primary_clear_likely,death_certificate,quarterly_count,64,64,count,64,,,final,bnr_sdc_v1,6,0,0,0,0,,none,No disclosure restriction identified.
MORT-BURDEN-001,mort_2026_07,quarterly,2017_q3,2017-07-01,2017,7,3,1,heart,all,all,primary_clear_likely,death_certificate,quarterly_same_quarter_previous_5yr_mean,63.2,63.2,count,316,,5,final,bnr_sdc_v1,6,0,0,0,0,,none,No disclosure restriction identified.
MORT-BURDEN-001,mort_2026_07,quarterly,2017_q3,2017-07-01,2017,7,3,1,heart,female,all,primary_clear_likely,death_certificate,quarterly_count,27,27,count,27,,,final,bnr_sdc_v1,6,0,0,0,0,,none,No disclosure restriction identified.
MORT-BURDEN-001,mort_2026_07,quarterly,2017_q3,2017-07-01,2017,7,3,1,heart,female,all,primary_clear_likely,death_certificate,quarterly_same_quarter_previous_5yr_mean,27.6,27.6,count,138,,5,final,bnr_sdc_v1,6,0,0,0,0,,none,No disclosure restriction identified.
MORT-BURDEN-001,mort_2026_07,quarterly,2017_q3,2017-07-01,2017,7,3,1,heart,male,all,primary_clear_likely,death_certificate,quarterly_count,37,37,count,37,,,final,bnr_sdc_v1,6,0,0,0,0,,none,No disclosure restriction identified.
MORT-BURDEN-001,mort_2026_07,quarterly,2017_q3,2017-07-01,2017,7,3,1,heart,male,all,primary_clear_likely,death_certificate,quarterly_same_quarter_previous_5yr_mean,35.6,35.6,count,178,,5,final,bnr_sdc_v1,6,0,0,0,0,,none,No disclosure restriction identified.
MORT-BURDEN-001,mort_2026_07,quarterly,2017_q3,2017-07-01,2017,7,3,1,stroke,all,all,primary_clear_likely,death_certificate,quarterly_count,53,53,count,53,,,final,bnr_sdc_v1,6,0,0,0,0,,none,No disclosure restriction identified.
MORT-BURDEN-001,mort_2026_07,quarterly,2017_q3,2017-07-01,2017,7,3,1,stroke,all,all,primary_clear_likely,death_certificate,quarterly_same_quarter_previous_5yr_mean,66,66,count,330,,5,final,bnr_sdc_v1,6,0,0,0,0,,none,No disclosure restriction identified.
MORT-BURDEN-001,mort_2026_07,quarterly,2017_q3,2017-07-01,2017,7,3,1,stroke,female,all,primary_clear_likely,death_certificate,quarterly_count,31,31,count,31,,,final,bnr_sdc_v1,6,0,0,0,0,,none,No disclosure restriction identified.
MORT-BURDEN-001,mort_2026_07,quarterly,2017_q3,2017-07-01,2017,7,3,1,stroke,female,all,primary_clear_likely,death_certificate,quarterly_same_quarter_previous_5yr_mean,40.6,40.6,count,203,,5,final,bnr_sdc_v1,6,0,0,0,0,,none,No disclosure restriction identified.
MORT-BURDEN-001,mort_2026_07,quarterly,2017_q3,2017-07-01,2017,7,3,1,stroke,male,all,primary_clear_likely,death_certificate,quarterly_count,22,22,count,22,,,final,bnr_sdc_v1,6,0,0,0,0,,none,No disclosure restriction identified.
MORT-BURDEN-001,mort_2026_07,quarterly,2017_q3,2017-07-01,2017,7,3,1,stroke,male,all,primary_clear_likely,death_certificate,quarterly_same_quarter_previous_5yr_mean,25.4,25.4,count,127,,5,final,bnr_sdc_v1,6,0,0,0,0,,none,No disclosure restriction identified.
MORT-BURDEN-001,mort_2026_07,quarterly,2017_q3,2017-07-01,2017,7,3,1,all_cvd,all,all,upper_clear_likely_possible,death_certificate,quarterly_count,130,130,count,130,,,final,bnr_sdc_v1,6,0,0,0,0,,none,No disclosure restriction identified.
MORT-BURDEN-001,mort_2026_07,quarterly,2017_q3,2017-07-01,2017,7,3,1,all_cvd,all,all,upper_clear_likely_possible,death_certificate,quarterly_same_quarter_previous_5yr_mean,156,156,count,780,,5,final,bnr_sdc_v1,6,0,0,0,0,,none,No disclosure restriction identified.
MORT-BURDEN-001,mort_2026_07,quarterly,2017_q3,2017-07-01,2017,7,3,1,all_cvd,female,all,upper_clear_likely_possible,death_certificate,quarterly_count,66,66,count,66,,,final,bnr_sdc_v1,6,0,0,0,0,,none,No disclosure restriction identified.
MORT-BURDEN-001,mort_2026_07,quarterly,2017_q3,2017-07-01,2017,7,3,1,all_cvd,female,all,upper_clear_likely_possible,death_certificate,quarterly_same_quarter_previous_5yr_mean,82,82,count,410,,5,final,bnr_sdc_v1,6,0,0,0,0,,none,No disclosure restriction identified.
MORT-BURDEN-001,mort_2026_07,quarterly,2017_q3,2017-07-01,2017,7,3,1,all_cvd,male,all,upper_clear_likely_possible,death_certificate,quarterly_count,64,64,count,64,,,final,bnr_sdc_v1,6,0,0,0,0,,none,No disclosure restriction identified.
MORT-BURDEN-001,mort_2026_07,quarterly,2017_q3,2017-07-01,2017,7,3,1,all_cvd,male,all,upper_clear_likely_possible,death_certificate,quarterly_same_quarter_previous_5yr_mean,74,74,count,370,,5,final,bnr_sdc_v1,6,0,0,0,0,,none,No disclosure restriction identified.
MORT-BURDEN-001,mort_2026_07,quarterly,2017_q3,2017-07-01,2017,7,3,1,heart,all,all,upper_clear_likely_possible,death_certificate,quarterly_count,72,72,count,72,,,final,bnr_sdc_v1,6,0,0,0,0,,none,No disclosure restriction identified.
MORT-BURDEN-001,mort_2026_07,quarterly,2017_q3,2017-07-01,2017,7,3,1,heart,all,all,upper_clear_likely_possible,death_certificate,quarterly_same_quarter_previous_5yr_mean,79,79,count,395,,5,final,bnr_sdc_v1,6,0,0,0,0,,none,No disclosure restriction identified.
MORT-BURDEN-001,mort_2026_07,quarterly,2017_q3,2017-07-01,2017,7,3,1,heart,female,all,upper_clear_likely_possible,death_certificate,quarterly_count,30,30,count,30,,,final,bnr_sdc_v1,6,0,0,0,0,,none,No disclosure restriction identified.
MORT-BURDEN-001,mort_2026_07,quarterly,2017_q3,2017-07-01,2017,7,3,1,heart,female,all,upper_clear_likely_possible,death_certificate,quarterly_same_quarter_previous_5yr_mean,34.6,34.6,count,173,,5,final,bnr_sdc_v1,6,0,0,0,0,,none,No disclosure restriction identified.
MORT-BURDEN-001,mort_2026_07,quarterly,2017_q3,2017-07-01,2017,7,3,1,heart,male,all,upper_clear_likely_possible,death_certificate,quarterly_count,42,42,count,42,,,final,bnr_sdc_v1,6,0,0,0,0,,none,No disclosure restriction identified.
MORT-BURDEN-001,mort_2026_07,quarterly,2017_q3,2017-07-01,2017,7,3,1,heart,male,all,upper_clear_likely_possible,death_certificate,quarterly_same_quarter_previous_5yr_mean,44.4,44.4,count,222,,5,final,bnr_sdc_v1,6,0,0,0,0,,none,No disclosure restriction identified.
MORT-BURDEN-001,mort_2026_07,quarterly,2017_q3,2017-07-01,2017,7,3,1,stroke,all,all,upper_clear_likely_possible,death_certificate,quarterly_count,58,58,count,58,,,final,bnr_sdc_v1,6,0,0,0,0,,none,No disclosure restriction identified.
MORT-BURDEN-001,mort_2026_07,quarterly,2017_q3,2017-07-01,2017,7,3,1,stroke,all,all,upper_clear_likely_possible,death_certificate,quarterly_same_quarter_previous_5yr_mean,77,77,count,385,,5,final,bnr_sdc_v1,6,0,0,0,0,,none,No disclosure restriction identified.
MORT-BURDEN-001,mort_2026_07,quarterly,2017_q3,2017-07-01,2017,7,3,1,stroke,female,all,upper_clear_likely_possible,death_certificate,quarterly_count,36,36,count,36,,,final,bnr_sdc_v1,6,0,0,0,0,,none,No disclosure restriction identified.
MORT-BURDEN-001,mort_2026_07,quarterly,2017_q3,2017-07-01,2017,7,3,1,stroke,female,all,upper_clear_likely_possible,death_certificate,quarterly_same_quarter_previous_5yr_mean,47.4,47.4,count,237,,5,final,bnr_sdc_v1,6,0,0,0,0,,none,No disclosure restriction identified.
MORT-BURDEN-001,mort_2026_07,quarterly,2017_q3,2017-07-01,2017,7,3,1,stroke,male,all,upper_clear_likely_possible,death_certificate,quarterly_count,22,22,count,22,,,final,bnr_sdc_v1,6,0,0,0,0,,none,No disclosure restriction identified.
MORT-BURDEN-001,mort_2026_07,quarterly,2017_q3,2017-07-01,2017,7,3,1,stroke,male,all,upper_clear_likely_possible,death_certificate,quarterly_same_quarter_previous_5yr_mean,29.6,29.6,count,148,,5,final,bnr_sdc_v1,6,0,0,0,0,,none,No disclosure restriction identified.
MORT-BURDEN-001,mort_2026_07,quarterly,2017_q4,2017-10-01,2017,10,4,1,all_cvd,all,all,primary_clear_likely,death_certificate,quarterly_count,130,130,count,130,,,final,bnr_sdc_v1,6,0,0,0,0,,none,No disclosure restriction identified.
MORT-BURDEN-001,mort_2026_07,quarterly,2017_q4,2017-10-01,2017,10,4,1,all_cvd,all,all,primary_clear_likely,death_certificate,quarterly_same_quarter_previous_5yr_mean,137.8,137.8,count,689,,5,final,bnr_sdc_v1,6,0,0,0,0,,none,No disclosure restriction identified.
MORT-BURDEN-001,mort_2026_07,quarterly,2017_q4,2017-10-01,2017,10,4,1,all_cvd,female,all,primary_clear_likely,death_certificate,quarterly_count,67,67,count,67,,,final,bnr_sdc_v1,6,0,0,0,0,,none,No disclosure restriction identified.
MORT-BURDEN-001,mort_2026_07,quarterly,2017_q4,2017-10-01,2017,10,4,1,all_cvd,female,all,primary_clear_likely,death_certificate,quarterly_same_quarter_previous_5yr_mean,71.59999999999999,71.6,count,358,,5,final,bnr_sdc_v1,6,0,0,0,0,,none,No disclosure restriction identified.
MORT-BURDEN-001,mort_2026_07,quarterly,2017_q4,2017-10-01,2017,10,4,1,all_cvd,male,all,primary_clear_likely,death_certificate,quarterly_count,63,63,count,63,,,final,bnr_sdc_v1,6,0,0,0,0,,none,No disclosure restriction identified.
MORT-BURDEN-001,mort_2026_07,quarterly,2017_q4,2017-10-01,2017,10,4,1,all_cvd,male,all,primary_clear_likely,death_certificate,quarterly_same_quarter_previous_5yr_mean,66.2,66.2,count,331,,5,final,bnr_sdc_v1,6,0,0,0,0,,none,No disclosure restriction identified.
MORT-BURDEN-001,mort_2026_07,quarterly,2017_q4,2017-10-01,2017,10,4,1,heart,all,all,primary_clear_likely,death_certificate,quarterly_count,70,70,count,70,,,final,bnr_sdc_v1,6,0,0,0,0,,none,No disclosure restriction identified.
MORT-BURDEN-001,mort_2026_07,quarterly,2017_q4,2017-10-01,2017,10,4,1,heart,all,all,primary_clear_likely,death_certificate,quarterly_same_quarter_previous_5yr_mean,68.40000000000001,68.4,count,342,,5,final,bnr_sdc_v1,6,0,0,0,0,,none,No disclosure restriction identified.
MORT-BURDEN-001,mort_2026_07,quarterly,2017_q4,2017-10-01,2017,10,4,1,heart,female,all,primary_clear_likely,death_certificate,quarterly_count,28,28,count,28,,,final,bnr_sdc_v1,6,0,0,0,0,,none,No disclosure restriction identified.
MORT-BURDEN-001,mort_2026_07,quarterly,2017_q4,2017-10-01,2017,10,4,1,heart,female,all,primary_clear_likely,death_certificate,quarterly_same_quarter_previous_5yr_mean,32.2,32.2,count,161,,5,final,bnr_sdc_v1,6,0,0,0,0,,none,No disclosure restriction identified.
MORT-BURDEN-001,mort_2026_07,quarterly,2017_q4,2017-10-01,2017,10,4,1,heart,male,all,primary_clear_likely,death_certificate,quarterly_count,42,42,count,42,,,final,bnr_sdc_v1,6,0,0,0,0,,none,No disclosure restriction identified.
MORT-BURDEN-001,mort_2026_07,quarterly,2017_q4,2017-10-01,2017,10,4,1,heart,male,all,primary_clear_likely,death_certificate,quarterly_same_quarter_previous_5yr_mean,36.2,36.2,count,181,,5,final,bnr_sdc_v1,6,0,0,0,0,,none,No disclosure restriction identified.
MORT-BURDEN-001,mort_2026_07,quarterly,2017_q4,2017-10-01,2017,10,4,1,stroke,all,all,primary_clear_likely,death_certificate,quarterly_count,60,60,count,60,,,final,bnr_sdc_v1,6,0,0,0,0,,none,No disclosure restriction identified.
MORT-BURDEN-001,mort_2026_07,quarterly,2017_q4,2017-10-01,2017,10,4,1,stroke,all,all,primary_clear_likely,death_certificate,quarterly_same_quarter_previous_5yr_mean,69.40000000000001,69.4,count,347,,5,final,bnr_sdc_v1,6,0,0,0,0,,none,No disclosure restriction identified.
MORT-BURDEN-001,mort_2026_07,quarterly,2017_q4,2017-10-01,2017,10,4,1,stroke,female,all,primary_clear_likely,death_certificate,quarterly_count,39,39,count,39,,,final,bnr_sdc_v1,6,0,0,0,0,,none,No disclosure restriction identified.
MORT-BURDEN-001,mort_2026_07,quarterly,2017_q4,2017-10-01,2017,10,4,1,stroke,female,all,primary_clear_likely,death_certificate,quarterly_same_quarter_previous_5yr_mean,39.4,39.4,count,197,,5,final,bnr_sdc_v1,6,0,0,0,0,,none,No disclosure restriction identified.
MORT-BURDEN-001,mort_2026_07,quarterly,2017_q4,2017-10-01,2017,10,4,1,stroke,male,all,primary_clear_likely,death_certificate,quarterly_count,21,21,count,21,,,final,bnr_sdc_v1,6,0,0,0,0,,none,No disclosure restriction identified.
MORT-BURDEN-001,mort_2026_07,quarterly,2017_q4,2017-10-01,2017,10,4,1,stroke,male,all,primary_clear_likely,death_certificate,quarterly_same_quarter_previous_5yr_mean,30,30,count,150,,5,final,bnr_sdc_v1,6,0,0,0,0,,none,No disclosure restriction identified.
MORT-BURDEN-001,mort_2026_07,quarterly,2017_q4,2017-10-01,2017,10,4,1,all_cvd,all,all,upper_clear_likely_possible,death_certificate,quarterly_count,152,152,count,152,,,final,bnr_sdc_v1,6,0,0,0,0,,none,No disclosure restriction identified.
MORT-BURDEN-001,mort_2026_07,quarterly,2017_q4,2017-10-01,2017,10,4,1,all_cvd,all,all,upper_clear_likely_possible,death_certificate,quarterly_same_quarter_previous_5yr_mean,161,161,count,805,,5,final,bnr_sdc_v1,6,0,0,0,0,,none,No disclosure restriction identified.
MORT-BURDEN-001,mort_2026_07,quarterly,2017_q4,2017-10-01,2017,10,4,1,all_cvd,female,all,upper_clear_likely_possible,death_certificate,quarterly_count,77,77,count,77,,,final,bnr_sdc_v1,6,0,0,0,0,,none,No disclosure restriction identified.
MORT-BURDEN-001,mort_2026_07,quarterly,2017_q4,2017-10-01,2017,10,4,1,all_cvd,female,all,upper_clear_likely_possible,death_certificate,quarterly_same_quarter_previous_5yr_mean,82.59999999999999,82.6,count,413,,5,final,bnr_sdc_v1,6,0,0,0,0,,none,No disclosure restriction identified.
MORT-BURDEN-001,mort_2026_07,quarterly,2017_q4,2017-10-01,2017,10,4,1,all_cvd,male,all,upper_clear_likely_possible,death_certificate,quarterly_count,75,75,count,75,,,final,bnr_sdc_v1,6,0,0,0,0,,none,No disclosure restriction identified.
MORT-BURDEN-001,mort_2026_07,quarterly,2017_q4,2017-10-01,2017,10,4,1,all_cvd,male,all,upper_clear_likely_possible,death_certificate,quarterly_same_quarter_previous_5yr_mean,78.40000000000001,78.4,count,392,,5,final,bnr_sdc_v1,6,0,0,0,0,,none,No disclosure restriction identified.
MORT-BURDEN-001,mort_2026_07,quarterly,2017_q4,2017-10-01,2017,10,4,1,heart,all,all,upper_clear_likely_possible,death_certificate,quarterly_count,84,84,count,84,,,final,bnr_sdc_v1,6,0,0,0,0,,none,No disclosure restriction identified.
MORT-BURDEN-001,mort_2026_07,quarterly,2017_q4,2017-10-01,2017,10,4,1,heart,all,all,upper_clear_likely_possible,death_certificate,quarterly_same_quarter_previous_5yr_mean,82.59999999999999,82.6,count,413,,5,final,bnr_sdc_v1,6,0,0,0,0,,none,No disclosure restriction identified.
MORT-BURDEN-001,mort_2026_07,quarterly,2017_q4,2017-10-01,2017,10,4,1,heart,female,all,upper_clear_likely_possible,death_certificate,quarterly_count,34,34,count,34,,,final,bnr_sdc_v1,6,0,0,0,0,,none,No disclosure restriction identified.
MORT-BURDEN-001,mort_2026_07,quarterly,2017_q4,2017-10-01,2017,10,4,1,heart,female,all,upper_clear_likely_possible,death_certificate,quarterly_same_quarter_previous_5yr_mean,38.2,38.2,count,191,,5,final,bnr_sdc_v1,6,0,0,0,0,,none,No disclosure restriction identified.
MORT-BURDEN-001,mort_2026_07,quarterly,2017_q4,2017-10-01,2017,10,4,1,heart,male,all,upper_clear_likely_possible,death_certificate,quarterly_count,50,50,count,50,,,final,bnr_sdc_v1,6,0,0,0,0,,none,No disclosure restriction identified.
MORT-BURDEN-001,mort_2026_07,quarterly,2017_q4,2017-10-01,2017,10,4,1,heart,male,all,upper_clear_likely_possible,death_certificate,quarterly_same_quarter_previous_5yr_mean,44.4,44.4,count,222,,5,final,bnr_sdc_v1,6,0,0,0,0,,none,No disclosure restriction identified.
MORT-BURDEN-001,mort_2026_07,quarterly,2017_q4,2017-10-01,2017,10,4,1,stroke,all,all,upper_clear_likely_possible,death_certificate,quarterly_count,68,68,count,68,,,final,bnr_sdc_v1,6,0,0,0,0,,none,No disclosure restriction identified.
MORT-BURDEN-001,mort_2026_07,quarterly,2017_q4,2017-10-01,2017,10,4,1,stroke,all,all,upper_clear_likely_possible,death_certificate,quarterly_same_quarter_previous_5yr_mean,78.40000000000001,78.4,count,392,,5,final,bnr_sdc_v1,6,0,0,0,0,,none,No disclosure restriction identified.
MORT-BURDEN-001,mort_2026_07,quarterly,2017_q4,2017-10-01,2017,10,4,1,stroke,female,all,upper_clear_likely_possible,death_certificate,quarterly_count,43,43,count,43,,,final,bnr_sdc_v1,6,0,0,0,0,,none,No disclosure restriction identified.
MORT-BURDEN-001,mort_2026_07,quarterly,2017_q4,2017-10-01,2017,10,4,1,stroke,female,all,upper_clear_likely_possible,death_certificate,quarterly_same_quarter_previous_5yr_mean,44.4,44.4,count,222,,5,final,bnr_sdc_v1,6,0,0,0,0,,none,No disclosure restriction identified.
MORT-BURDEN-001,mort_2026_07,quarterly,2017_q4,2017-10-01,2017,10,4,1,stroke,male,all,upper_clear_likely_possible,death_certificate,quarterly_count,25,25,count,25,,,final,bnr_sdc_v1,6,0,0,0,0,,none,No disclosure restriction identified.
MORT-BURDEN-001,mort_2026_07,quarterly,2017_q4,2017-10-01,2017,10,4,1,stroke,male,all,upper_clear_likely_possible,death_certificate,quarterly_same_quarter_previous_5yr_mean,34,34,count,170,,5,final,bnr_sdc_v1,6,0,0,0,0,,none,No disclosure restriction identified.
MORT-BURDEN-001,mort_2026_07,quarterly,2018_q1,2018-01-01,2018,1,1,1,all_cvd,all,all,primary_clear_likely,death_certificate,quarterly_count,104,104,count,104,,,final,bnr_sdc_v1,6,0,0,0,0,,none,No disclosure restriction identified.
MORT-BURDEN-001,mort_2026_07,quarterly,2018_q1,2018-01-01,2018,1,1,1,all_cvd,all,all,primary_clear_likely,death_certificate,quarterly_same_quarter_previous_5yr_mean,134.6,134.6,count,673,,5,final,bnr_sdc_v1,6,0,0,0,0,,none,No disclosure restriction identified.
MORT-BURDEN-001,mort_2026_07,quarterly,2018_q1,2018-01-01,2018,1,1,1,all_cvd,female,all,primary_clear_likely,death_certificate,quarterly_count,49,49,count,49,,,final,bnr_sdc_v1,6,0,0,0,0,,none,No disclosure restriction identified.
MORT-BURDEN-001,mort_2026_07,quarterly,2018_q1,2018-01-01,2018,1,1,1,all_cvd,female,all,primary_clear_likely,death_certificate,quarterly_same_quarter_previous_5yr_mean,69.2,69.2,count,346,,5,final,bnr_sdc_v1,6,0,0,0,0,,none,No disclosure restriction identified.
MORT-BURDEN-001,mort_2026_07,quarterly,2018_q1,2018-01-01,2018,1,1,1,all_cvd,male,all,primary_clear_likely,death_certificate,quarterly_count,55,55,count,55,,,final,bnr_sdc_v1,6,0,0,0,0,,none,No disclosure restriction identified.
MORT-BURDEN-001,mort_2026_07,quarterly,2018_q1,2018-01-01,2018,1,1,1,all_cvd,male,all,primary_clear_likely,death_certificate,quarterly_same_quarter_previous_5yr_mean,65.40000000000001,65.4,count,327,,5,final,bnr_sdc_v1,6,0,0,0,0,,none,No disclosure restriction identified.
MORT-BURDEN-001,mort_2026_07,quarterly,2018_q1,2018-01-01,2018,1,1,1,heart,all,all,primary_clear_likely,death_certificate,quarterly_count,60,60,count,60,,,final,bnr_sdc_v1,6,0,0,0,0,,none,No disclosure restriction identified.
MORT-BURDEN-001,mort_2026_07,quarterly,2018_q1,2018-01-01,2018,1,1,1,heart,all,all,primary_clear_likely,death_certificate,quarterly_same_quarter_previous_5yr_mean,66.8,66.8,count,334,,5,final,bnr_sdc_v1,6,0,0,0,0,,none,No disclosure restriction identified.
MORT-BURDEN-001,mort_2026_07,quarterly,2018_q1,2018-01-01,2018,1,1,1,heart,female,all,primary_clear_likely,death_certificate,quarterly_count,25,25,count,25,,,final,bnr_sdc_v1,6,0,0,0,0,,none,No disclosure restriction identified.
MORT-BURDEN-001,mort_2026_07,quarterly,2018_q1,2018-01-01,2018,1,1,1,heart,female,all,primary_clear_likely,death_certificate,quarterly_same_quarter_previous_5yr_mean,32.8,32.8,count,164,,5,final,bnr_sdc_v1,6,0,0,0,0,,none,No disclosure restriction identified.
MORT-BURDEN-001,mort_2026_07,quarterly,2018_q1,2018-01-01,2018,1,1,1,heart,male,all,primary_clear_likely,death_certificate,quarterly_count,35,35,count,35,,,final,bnr_sdc_v1,6,0,0,0,0,,none,No disclosure restriction identified.
MORT-BURDEN-001,mort_2026_07,quarterly,2018_q1,2018-01-01,2018,1,1,1,heart,male,all,primary_clear_likely,death_certificate,quarterly_same_quarter_previous_5yr_mean,34,34,count,170,,5,final,bnr_sdc_v1,6,0,0,0,0,,none,No disclosure restriction identified.
MORT-BURDEN-001,mort_2026_07,quarterly,2018_q1,2018-01-01,2018,1,1,1,stroke,all,all,primary_clear_likely,death_certificate,quarterly_count,44,44,count,44,,,final,bnr_sdc_v1,6,0,0,0,0,,none,No disclosure restriction identified.
MORT-BURDEN-001,mort_2026_07,quarterly,2018_q1,2018-01-01,2018,1,1,1,stroke,all,all,primary_clear_likely,death_certificate,quarterly_same_quarter_previous_5yr_mean,67.8,67.8,count,339,,5,final,bnr_sdc_v1,6,0,0,0,0,,none,No disclosure restriction identified.
MORT-BURDEN-001,mort_2026_07,quarterly,2018_q1,2018-01-01,2018,1,1,1,stroke,female,all,primary_clear_likely,death_certificate,quarterly_count,24,24,count,24,,,final,bnr_sdc_v1,6,0,0,0,0,,none,No disclosure restriction identified.
MORT-BURDEN-001,mort_2026_07,quarterly,2018_q1,2018-01-01,2018,1,1,1,stroke,female,all,primary_clear_likely,death_certificate,quarterly_same_quarter_previous_5yr_mean,36.4,36.4,count,182,,5,final,bnr_sdc_v1,6,0,0,0,0,,none,No disclosure restriction identified.
MORT-BURDEN-001,mort_2026_07,quarterly,2018_q1,2018-01-01,2018,1,1,1,stroke,male,all,primary_clear_likely,death_certificate,quarterly_count,20,20,count,20,,,final,bnr_sdc_v1,6,0,0,0,0,,none,No disclosure restriction identified.
MORT-BURDEN-001,mort_2026_07,quarterly,2018_q1,2018-01-01,2018,1,1,1,stroke,male,all,primary_clear_likely,death_certificate,quarterly_same_quarter_previous_5yr_mean,31.4,31.4,count,157,,5,final,bnr_sdc_v1,6,0,0,0,0,,none,No disclosure restriction identified.
MORT-BURDEN-001,mort_2026_07,quarterly,2018_q1,2018-01-01,2018,1,1,1,all_cvd,all,all,upper_clear_likely_possible,death_certificate,quarterly_count,143,143,count,143,,,final,bnr_sdc_v1,6,0,0,0,0,,none,No disclosure restriction identified.
MORT-BURDEN-001,mort_2026_07,quarterly,2018_q1,2018-01-01,2018,1,1,1,all_cvd,all,all,upper_clear_likely_possible,death_certificate,quarterly_same_quarter_previous_5yr_mean,158.8,158.8,count,794,,5,final,bnr_sdc_v1,6,0,0,0,0,,none,No disclosure restriction identified.
MORT-BURDEN-001,mort_2026_07,quarterly,2018_q1,2018-01-01,2018,1,1,1,all_cvd,female,all,upper_clear_likely_possible,death_certificate,quarterly_count,69,69,count,69,,,final,bnr_sdc_v1,6,0,0,0,0,,none,No disclosure restriction identified.
MORT-BURDEN-001,mort_2026_07,quarterly,2018_q1,2018-01-01,2018,1,1,1,all_cvd,female,all,upper_clear_likely_possible,death_certificate,quarterly_same_quarter_previous_5yr_mean,80.2,80.2,count,401,,5,final,bnr_sdc_v1,6,0,0,0,0,,none,No disclosure restriction identified.
MORT-BURDEN-001,mort_2026_07,quarterly,2018_q1,2018-01-01,2018,1,1,1,all_cvd,male,all,upper_clear_likely_possible,death_certificate,quarterly_count,74,74,count,74,,,final,bnr_sdc_v1,6,0,0,0,0,,none,No disclosure restriction identified.
MORT-BURDEN-001,mort_2026_07,quarterly,2018_q1,2018-01-01,2018,1,1,1,all_cvd,male,all,upper_clear_likely_possible,death_certificate,quarterly_same_quarter_previous_5yr_mean,78.59999999999999,78.6,count,393,,5,final,bnr_sdc_v1,6,0,0,0,0,,none,No disclosure restriction identified.
MORT-BURDEN-001,mort_2026_07,quarterly,2018_q1,2018-01-01,2018,1,1,1,heart,all,all,upper_clear_likely_possible,death_certificate,quarterly_count,80,80,count,80,,,final,bnr_sdc_v1,6,0,0,0,0,,none,No disclosure restriction identified.
MORT-BURDEN-001,mort_2026_07,quarterly,2018_q1,2018-01-01,2018,1,1,1,heart,all,all,upper_clear_likely_possible,death_certificate,quarterly_same_quarter_previous_5yr_mean,81.8,81.8,count,409,,5,final,bnr_sdc_v1,6,0,0,0,0,,none,No disclosure restriction identified.
MORT-BURDEN-001,mort_2026_07,quarterly,2018_q1,2018-01-01,2018,1,1,1,heart,female,all,upper_clear_likely_possible,death_certificate,quarterly_count,33,33,count,33,,,final,bnr_sdc_v1,6,0,0,0,0,,none,No disclosure restriction identified.
MORT-BURDEN-001,mort_2026_07,quarterly,2018_q1,2018-01-01,2018,1,1,1,heart,female,all,upper_clear_likely_possible,death_certificate,quarterly_same_quarter_previous_5yr_mean,39.8,39.8,count,199,,5,final,bnr_sdc_v1,6,0,0,0,0,,none,No disclosure restriction identified.
MORT-BURDEN-001,mort_2026_07,quarterly,2018_q1,2018-01-01,2018,1,1,1,heart,male,all,upper_clear_likely_possible,death_certificate,quarterly_count,47,47,count,47,,,final,bnr_sdc_v1,6,0,0,0,0,,none,No disclosure restriction identified.
MORT-BURDEN-001,mort_2026_07,quarterly,2018_q1,2018-01-01,2018,1,1,1,heart,male,all,upper_clear_likely_possible,death_certificate,quarterly_same_quarter_previous_5yr_mean,42,42,count,210,,5,final,bnr_sdc_v1,6,0,0,0,0,,none,No disclosure restriction identified.
MORT-BURDEN-001,mort_2026_07,quarterly,2018_q1,2018-01-01,2018,1,1,1,stroke,all,all,upper_clear_likely_possible,death_certificate,quarterly_count,63,63,count,63,,,final,bnr_sdc_v1,6,0,0,0,0,,none,No disclosure restriction identified.
MORT-BURDEN-001,mort_2026_07,quarterly,2018_q1,2018-01-01,2018,1,1,1,stroke,all,all,upper_clear_likely_possible,death_certificate,quarterly_same_quarter_previous_5yr_mean,77,77,count,385,,5,final,bnr_sdc_v1,6,0,0,0,0,,none,No disclosure restriction identified.
MORT-BURDEN-001,mort_2026_07,quarterly,2018_q1,2018-01-01,2018,1,1,1,stroke,female,all,upper_clear_likely_possible,death_certificate,quarterly_count,36,36,count,36,,,final,bnr_sdc_v1,6,0,0,0,0,,none,No disclosure restriction identified.
MORT-BURDEN-001,mort_2026_07,quarterly,2018_q1,2018-01-01,2018,1,1,1,stroke,female,all,upper_clear_likely_possible,death_certificate,quarterly_same_quarter_previous_5yr_mean,40.4,40.4,count,202,,5,final,bnr_sdc_v1,6,0,0,0,0,,none,No disclosure restriction identified.
MORT-BURDEN-001,mort_2026_07,quarterly,2018_q1,2018-01-01,2018,1,1,1,stroke,male,all,upper_clear_likely_possible,death_certificate,quarterly_count,27,27,count,27,,,final,bnr_sdc_v1,6,0,0,0,0,,none,No disclosure restriction identified.
MORT-BURDEN-001,mort_2026_07,quarterly,2018_q1,2018-01-01,2018,1,1,1,stroke,male,all,upper_clear_likely_possible,death_certificate,quarterly_same_quarter_previous_5yr_mean,36.6,36.6,count,183,,5,final,bnr_sdc_v1,6,0,0,0,0,,none,No disclosure restriction identified.
MORT-BURDEN-001,mort_2026_07,quarterly,2018_q2,2018-04-01,2018,4,2,1,all_cvd,all,all,primary_clear_likely,death_certificate,quarterly_count,90,90,count,90,,,final,bnr_sdc_v1,6,0,0,0,0,,none,No disclosure restriction identified.
MORT-BURDEN-001,mort_2026_07,quarterly,2018_q2,2018-04-01,2018,4,2,1,all_cvd,all,all,primary_clear_likely,death_certificate,quarterly_same_quarter_previous_5yr_mean,120.8,120.8,count,604,,5,final,bnr_sdc_v1,6,0,0,0,0,,none,No disclosure restriction identified.
MORT-BURDEN-001,mort_2026_07,quarterly,2018_q2,2018-04-01,2018,4,2,1,all_cvd,female,all,primary_clear_likely,death_certificate,quarterly_count,51,51,count,51,,,final,bnr_sdc_v1,6,0,0,0,0,,none,No disclosure restriction identified.
MORT-BURDEN-001,mort_2026_07,quarterly,2018_q2,2018-04-01,2018,4,2,1,all_cvd,female,all,primary_clear_likely,death_certificate,quarterly_same_quarter_previous_5yr_mean,62.4,62.4,count,312,,5,final,bnr_sdc_v1,6,0,0,0,0,,none,No disclosure restriction identified.
MORT-BURDEN-001,mort_2026_07,quarterly,2018_q2,2018-04-01,2018,4,2,1,all_cvd,male,all,primary_clear_likely,death_certificate,quarterly_count,39,39,count,39,,,final,bnr_sdc_v1,6,0,0,0,0,,none,No disclosure restriction identified.
MORT-BURDEN-001,mort_2026_07,quarterly,2018_q2,2018-04-01,2018,4,2,1,all_cvd,male,all,primary_clear_likely,death_certificate,quarterly_same_quarter_previous_5yr_mean,58.4,58.4,count,292,,5,final,bnr_sdc_v1,6,0,0,0,0,,none,No disclosure restriction identified.
MORT-BURDEN-001,mort_2026_07,quarterly,2018_q2,2018-04-01,2018,4,2,1,heart,all,all,primary_clear_likely,death_certificate,quarterly_count,43,43,count,43,,,final,bnr_sdc_v1,6,0,0,0,0,,none,No disclosure restriction identified.
MORT-BURDEN-001,mort_2026_07,quarterly,2018_q2,2018-04-01,2018,4,2,1,heart,all,all,primary_clear_likely,death_certificate,quarterly_same_quarter_previous_5yr_mean,58.4,58.4,count,292,,5,final,bnr_sdc_v1,6,0,0,0,0,,none,No disclosure restriction identified.
MORT-BURDEN-001,mort_2026_07,quarterly,2018_q2,2018-04-01,2018,4,2,1,heart,female,all,primary_clear_likely,death_certificate,quarterly_count,20,20,count,20,,,final,bnr_sdc_v1,6,0,0,0,0,,none,No disclosure restriction identified.
MORT-BURDEN-001,mort_2026_07,quarterly,2018_q2,2018-04-01,2018,4,2,1,heart,female,all,primary_clear_likely,death_certificate,quarterly_same_quarter_previous_5yr_mean,28.2,28.2,count,141,,5,final,bnr_sdc_v1,6,0,0,0,0,,none,No disclosure restriction identified.
MORT-BURDEN-001,mort_2026_07,quarterly,2018_q2,2018-04-01,2018,4,2,1,heart,male,all,primary_clear_likely,death_certificate,quarterly_count,23,23,count,23,,,final,bnr_sdc_v1,6,0,0,0,0,,none,No disclosure restriction identified.
MORT-BURDEN-001,mort_2026_07,quarterly,2018_q2,2018-04-01,2018,4,2,1,heart,male,all,primary_clear_likely,death_certificate,quarterly_same_quarter_previous_5yr_mean,30.2,30.2,count,151,,5,final,bnr_sdc_v1,6,0,0,0,0,,none,No disclosure restriction identified.
MORT-BURDEN-001,mort_2026_07,quarterly,2018_q2,2018-04-01,2018,4,2,1,stroke,all,all,primary_clear_likely,death_certificate,quarterly_count,47,47,count,47,,,final,bnr_sdc_v1,6,0,0,0,0,,none,No disclosure restriction identified.
MORT-BURDEN-001,mort_2026_07,quarterly,2018_q2,2018-04-01,2018,4,2,1,stroke,all,all,primary_clear_likely,death_certificate,quarterly_same_quarter_previous_5yr_mean,62.4,62.4,count,312,,5,final,bnr_sdc_v1,6,0,0,0,0,,none,No disclosure restriction identified.
MORT-BURDEN-001,mort_2026_07,quarterly,2018_q2,2018-04-01,2018,4,2,1,stroke,female,all,primary_clear_likely,death_certificate,quarterly_count,31,31,count,31,,,final,bnr_sdc_v1,6,0,0,0,0,,none,No disclosure restriction identified.
MORT-BURDEN-001,mort_2026_07,quarterly,2018_q2,2018-04-01,2018,4,2,1,stroke,female,all,primary_clear_likely,death_certificate,quarterly_same_quarter_previous_5yr_mean,34.2,34.2,count,171,,5,final,bnr_sdc_v1,6,0,0,0,0,,none,No disclosure restriction identified.
MORT-BURDEN-001,mort_2026_07,quarterly,2018_q2,2018-04-01,2018,4,2,1,stroke,male,all,primary_clear_likely,death_certificate,quarterly_count,16,16,count,16,,,final,bnr_sdc_v1,6,0,0,0,0,,none,No disclosure restriction identified.
MORT-BURDEN-001,mort_2026_07,quarterly,2018_q2,2018-04-01,2018,4,2,1,stroke,male,all,primary_clear_likely,death_certificate,quarterly_same_quarter_previous_5yr_mean,28.2,28.2,count,141,,5,final,bnr_sdc_v1,6,0,0,0,0,,none,No disclosure restriction identified.
MORT-BURDEN-001,mort_2026_07,quarterly,2018_q2,2018-04-01,2018,4,2,1,all_cvd,all,all,upper_clear_likely_possible,death_certificate,quarterly_count,126,126,count,126,,,final,bnr_sdc_v1,6,0,0,0,0,,none,No disclosure restriction identified.
MORT-BURDEN-001,mort_2026_07,quarterly,2018_q2,2018-04-01,2018,4,2,1,all_cvd,all,all,upper_clear_likely_possible,death_certificate,quarterly_same_quarter_previous_5yr_mean,143,143,count,715,,5,final,bnr_sdc_v1,6,0,0,0,0,,none,No disclosure restriction identified.
MORT-BURDEN-001,mort_2026_07,quarterly,2018_q2,2018-04-01,2018,4,2,1,all_cvd,female,all,upper_clear_likely_possible,death_certificate,quarterly_count,70,70,count,70,,,final,bnr_sdc_v1,6,0,0,0,0,,none,No disclosure restriction identified.
MORT-BURDEN-001,mort_2026_07,quarterly,2018_q2,2018-04-01,2018,4,2,1,all_cvd,female,all,upper_clear_likely_possible,death_certificate,quarterly_same_quarter_previous_5yr_mean,71.59999999999999,71.6,count,358,,5,final,bnr_sdc_v1,6,0,0,0,0,,none,No disclosure restriction identified.
MORT-BURDEN-001,mort_2026_07,quarterly,2018_q2,2018-04-01,2018,4,2,1,all_cvd,male,all,upper_clear_likely_possible,death_certificate,quarterly_count,56,56,count,56,,,final,bnr_sdc_v1,6,0,0,0,0,,none,No disclosure restriction identified.
MORT-BURDEN-001,mort_2026_07,quarterly,2018_q2,2018-04-01,2018,4,2,1,all_cvd,male,all,upper_clear_likely_possible,death_certificate,quarterly_same_quarter_previous_5yr_mean,71.40000000000001,71.4,count,357,,5,final,bnr_sdc_v1,6,0,0,0,0,,none,No disclosure restriction identified.
MORT-BURDEN-001,mort_2026_07,quarterly,2018_q2,2018-04-01,2018,4,2,1,heart,all,all,upper_clear_likely_possible,death_certificate,quarterly_count,57,57,count,57,,,final,bnr_sdc_v1,6,0,0,0,0,,none,No disclosure restriction identified.
MORT-BURDEN-001,mort_2026_07,quarterly,2018_q2,2018-04-01,2018,4,2,1,heart,all,all,upper_clear_likely_possible,death_certificate,quarterly_same_quarter_previous_5yr_mean,72.40000000000001,72.4,count,362,,5,final,bnr_sdc_v1,6,0,0,0,0,,none,No disclosure restriction identified.
MORT-BURDEN-001,mort_2026_07,quarterly,2018_q2,2018-04-01,2018,4,2,1,heart,female,all,upper_clear_likely_possible,death_certificate,quarterly_count,29,29,count,29,,,final,bnr_sdc_v1,6,0,0,0,0,,none,No disclosure restriction identified.
MORT-BURDEN-001,mort_2026_07,quarterly,2018_q2,2018-04-01,2018,4,2,1,heart,female,all,upper_clear_likely_possible,death_certificate,quarterly_same_quarter_previous_5yr_mean,33.6,33.6,count,168,,5,final,bnr_sdc_v1,6,0,0,0,0,,none,No disclosure restriction identified.
MORT-BURDEN-001,mort_2026_07,quarterly,2018_q2,2018-04-01,2018,4,2,1,heart,male,all,upper_clear_likely_possible,death_certificate,quarterly_count,28,28,count,28,,,final,bnr_sdc_v1,6,0,0,0,0,,none,No disclosure restriction identified.
MORT-BURDEN-001,mort_2026_07,quarterly,2018_q2,2018-04-01,2018,4,2,1,heart,male,all,upper_clear_likely_possible,death_certificate,quarterly_same_quarter_previous_5yr_mean,38.8,38.8,count,194,,5,final,bnr_sdc_v1,6,0,0,0,0,,none,No disclosure restriction identified.
MORT-BURDEN-001,mort_2026_07,quarterly,2018_q2,2018-04-01,2018,4,2,1,stroke,all,all,upper_clear_likely_possible,death_certificate,quarterly_count,69,69,count,69,,,final,bnr_sdc_v1,6,0,0,0,0,,none,No disclosure restriction identified.
MORT-BURDEN-001,mort_2026_07,quarterly,2018_q2,2018-04-01,2018,4,2,1,stroke,all,all,upper_clear_likely_possible,death_certificate,quarterly_same_quarter_previous_5yr_mean,70.59999999999999,70.6,count,353,,5,final,bnr_sdc_v1,6,0,0,0,0,,none,No disclosure restriction identified.
MORT-BURDEN-001,mort_2026_07,quarterly,2018_q2,2018-04-01,2018,4,2,1,stroke,female,all,upper_clear_likely_possible,death_certificate,quarterly_count,41,41,count,41,,,final,bnr_sdc_v1,6,0,0,0,0,,none,No disclosure restriction identified.
MORT-BURDEN-001,mort_2026_07,quarterly,2018_q2,2018-04-01,2018,4,2,1,stroke,female,all,upper_clear_likely_possible,death_certificate,quarterly_same_quarter_previous_5yr_mean,38,38,count,190,,5,final,bnr_sdc_v1,6,0,0,0,0,,none,No disclosure restriction identified.
MORT-BURDEN-001,mort_2026_07,quarterly,2018_q2,2018-04-01,2018,4,2,1,stroke,male,all,upper_clear_likely_possible,death_certificate,quarterly_count,28,28,count,28,,,final,bnr_sdc_v1,6,0,0,0,0,,none,No disclosure restriction identified.
MORT-BURDEN-001,mort_2026_07,quarterly,2018_q2,2018-04-01,2018,4,2,1,stroke,male,all,upper_clear_likely_possible,death_certificate,quarterly_same_quarter_previous_5yr_mean,32.6,32.6,count,163,,5,final,bnr_sdc_v1,6,0,0,0,0,,none,No disclosure restriction identified.
MORT-BURDEN-001,mort_2026_07,quarterly,2018_q3,2018-07-01,2018,7,3,1,all_cvd,all,all,primary_clear_likely,death_certificate,quarterly_count,80,80,count,80,,,final,bnr_sdc_v1,6,0,0,0,0,,none,No disclosure restriction identified.
MORT-BURDEN-001,mort_2026_07,quarterly,2018_q3,2018-07-01,2018,7,3,1,all_cvd,all,all,primary_clear_likely,death_certificate,quarterly_same_quarter_previous_5yr_mean,127.8,127.8,count,639,,5,final,bnr_sdc_v1,6,0,0,0,0,,none,No disclosure restriction identified.
MORT-BURDEN-001,mort_2026_07,quarterly,2018_q3,2018-07-01,2018,7,3,1,all_cvd,female,all,primary_clear_likely,death_certificate,quarterly_count,37,37,count,37,,,final,bnr_sdc_v1,6,0,0,0,0,,none,No disclosure restriction identified.
MORT-BURDEN-001,mort_2026_07,quarterly,2018_q3,2018-07-01,2018,7,3,1,all_cvd,female,all,primary_clear_likely,death_certificate,quarterly_same_quarter_previous_5yr_mean,67.40000000000001,67.4,count,337,,5,final,bnr_sdc_v1,6,0,0,0,0,,none,No disclosure restriction identified.
MORT-BURDEN-001,mort_2026_07,quarterly,2018_q3,2018-07-01,2018,7,3,1,all_cvd,male,all,primary_clear_likely,death_certificate,quarterly_count,43,43,count,43,,,final,bnr_sdc_v1,6,0,0,0,0,,none,No disclosure restriction identified.
MORT-BURDEN-001,mort_2026_07,quarterly,2018_q3,2018-07-01,2018,7,3,1,all_cvd,male,all,primary_clear_likely,death_certificate,quarterly_same_quarter_previous_5yr_mean,60.4,60.4,count,302,,5,final,bnr_sdc_v1,6,0,0,0,0,,none,No disclosure restriction identified.
MORT-BURDEN-001,mort_2026_07,quarterly,2018_q3,2018-07-01,2018,7,3,1,heart,all,all,primary_clear_likely,death_certificate,quarterly_count,40,40,count,40,,,final,bnr_sdc_v1,6,0,0,0,0,,none,No disclosure restriction identified.
MORT-BURDEN-001,mort_2026_07,quarterly,2018_q3,2018-07-01,2018,7,3,1,heart,all,all,primary_clear_likely,death_certificate,quarterly_same_quarter_previous_5yr_mean,65.2,65.2,count,326,,5,final,bnr_sdc_v1,6,0,0,0,0,,none,No disclosure restriction identified.
MORT-BURDEN-001,mort_2026_07,quarterly,2018_q3,2018-07-01,2018,7,3,1,heart,female,all,primary_clear_likely,death_certificate,quarterly_count,16,16,count,16,,,final,bnr_sdc_v1,6,0,0,0,0,,none,No disclosure restriction identified.
MORT-BURDEN-001,mort_2026_07,quarterly,2018_q3,2018-07-01,2018,7,3,1,heart,female,all,primary_clear_likely,death_certificate,quarterly_same_quarter_previous_5yr_mean,28.2,28.2,count,141,,5,final,bnr_sdc_v1,6,0,0,0,0,,none,No disclosure restriction identified.
MORT-BURDEN-001,mort_2026_07,quarterly,2018_q3,2018-07-01,2018,7,3,1,heart,male,all,primary_clear_likely,death_certificate,quarterly_count,24,24,count,24,,,final,bnr_sdc_v1,6,0,0,0,0,,none,No disclosure restriction identified.
MORT-BURDEN-001,mort_2026_07,quarterly,2018_q3,2018-07-01,2018,7,3,1,heart,male,all,primary_clear_likely,death_certificate,quarterly_same_quarter_previous_5yr_mean,37,37,count,185,,5,final,bnr_sdc_v1,6,0,0,0,0,,none,No disclosure restriction identified.
MORT-BURDEN-001,mort_2026_07,quarterly,2018_q3,2018-07-01,2018,7,3,1,stroke,all,all,primary_clear_likely,death_certificate,quarterly_count,40,40,count,40,,,final,bnr_sdc_v1,6,0,0,0,0,,none,No disclosure restriction identified.
MORT-BURDEN-001,mort_2026_07,quarterly,2018_q3,2018-07-01,2018,7,3,1,stroke,all,all,primary_clear_likely,death_certificate,quarterly_same_quarter_previous_5yr_mean,62.6,62.6,count,313,,5,final,bnr_sdc_v1,6,0,0,0,0,,none,No disclosure restriction identified.
MORT-BURDEN-001,mort_2026_07,quarterly,2018_q3,2018-07-01,2018,7,3,1,stroke,female,all,primary_clear_likely,death_certificate,quarterly_count,21,21,count,21,,,final,bnr_sdc_v1,6,0,0,0,0,,none,No disclosure restriction identified.
MORT-BURDEN-001,mort_2026_07,quarterly,2018_q3,2018-07-01,2018,7,3,1,stroke,female,all,primary_clear_likely,death_certificate,quarterly_same_quarter_previous_5yr_mean,39.2,39.2,count,196,,5,final,bnr_sdc_v1,6,0,0,0,0,,none,No disclosure restriction identified.
MORT-BURDEN-001,mort_2026_07,quarterly,2018_q3,2018-07-01,2018,7,3,1,stroke,male,all,primary_clear_likely,death_certificate,quarterly_count,19,19,count,19,,,final,bnr_sdc_v1,6,0,0,0,0,,none,No disclosure restriction identified.
MORT-BURDEN-001,mort_2026_07,quarterly,2018_q3,2018-07-01,2018,7,3,1,stroke,male,all,primary_clear_likely,death_certificate,quarterly_same_quarter_previous_5yr_mean,23.4,23.4,count,117,,5,final,bnr_sdc_v1,6,0,0,0,0,,none,No disclosure restriction identified.
MORT-BURDEN-001,mort_2026_07,quarterly,2018_q3,2018-07-01,2018,7,3,1,all_cvd,all,all,upper_clear_likely_possible,death_certificate,quarterly_count,116,116,count,116,,,final,bnr_sdc_v1,6,0,0,0,0,,none,No disclosure restriction identified.
MORT-BURDEN-001,mort_2026_07,quarterly,2018_q3,2018-07-01,2018,7,3,1,all_cvd,all,all,upper_clear_likely_possible,death_certificate,quarterly_same_quarter_previous_5yr_mean,151.4,151.4,count,757,,5,final,bnr_sdc_v1,6,0,0,0,0,,none,No disclosure restriction identified.
MORT-BURDEN-001,mort_2026_07,quarterly,2018_q3,2018-07-01,2018,7,3,1,all_cvd,female,all,upper_clear_likely_possible,death_certificate,quarterly_count,55,55,count,55,,,final,bnr_sdc_v1,6,0,0,0,0,,none,No disclosure restriction identified.
MORT-BURDEN-001,mort_2026_07,quarterly,2018_q3,2018-07-01,2018,7,3,1,all_cvd,female,all,upper_clear_likely_possible,death_certificate,quarterly_same_quarter_previous_5yr_mean,80,80,count,400,,5,final,bnr_sdc_v1,6,0,0,0,0,,none,No disclosure restriction identified.
MORT-BURDEN-001,mort_2026_07,quarterly,2018_q3,2018-07-01,2018,7,3,1,all_cvd,male,all,upper_clear_likely_possible,death_certificate,quarterly_count,61,61,count,61,,,final,bnr_sdc_v1,6,0,0,0,0,,none,No disclosure restriction identified.
MORT-BURDEN-001,mort_2026_07,quarterly,2018_q3,2018-07-01,2018,7,3,1,all_cvd,male,all,upper_clear_likely_possible,death_certificate,quarterly_same_quarter_previous_5yr_mean,71.40000000000001,71.4,count,357,,5,final,bnr_sdc_v1,6,0,0,0,0,,none,No disclosure restriction identified.
MORT-BURDEN-001,mort_2026_07,quarterly,2018_q3,2018-07-01,2018,7,3,1,heart,all,all,upper_clear_likely_possible,death_certificate,quarterly_count,59,59,count,59,,,final,bnr_sdc_v1,6,0,0,0,0,,none,No disclosure restriction identified.
MORT-BURDEN-001,mort_2026_07,quarterly,2018_q3,2018-07-01,2018,7,3,1,heart,all,all,upper_clear_likely_possible,death_certificate,quarterly_same_quarter_previous_5yr_mean,78.2,78.2,count,391,,5,final,bnr_sdc_v1,6,0,0,0,0,,none,No disclosure restriction identified.
MORT-BURDEN-001,mort_2026_07,quarterly,2018_q3,2018-07-01,2018,7,3,1,heart,female,all,upper_clear_likely_possible,death_certificate,quarterly_count,25,25,count,25,,,final,bnr_sdc_v1,6,0,0,0,0,,none,No disclosure restriction identified.
MORT-BURDEN-001,mort_2026_07,quarterly,2018_q3,2018-07-01,2018,7,3,1,heart,female,all,upper_clear_likely_possible,death_certificate,quarterly_same_quarter_previous_5yr_mean,33.6,33.6,count,168,,5,final,bnr_sdc_v1,6,0,0,0,0,,none,No disclosure restriction identified.
MORT-BURDEN-001,mort_2026_07,quarterly,2018_q3,2018-07-01,2018,7,3,1,heart,male,all,upper_clear_likely_possible,death_certificate,quarterly_count,34,34,count,34,,,final,bnr_sdc_v1,6,0,0,0,0,,none,No disclosure restriction identified.
MORT-BURDEN-001,mort_2026_07,quarterly,2018_q3,2018-07-01,2018,7,3,1,heart,male,all,upper_clear_likely_possible,death_certificate,quarterly_same_quarter_previous_5yr_mean,44.6,44.6,count,223,,5,final,bnr_sdc_v1,6,0,0,0,0,,none,No disclosure restriction identified.
MORT-BURDEN-001,mort_2026_07,quarterly,2018_q3,2018-07-01,2018,7,3,1,stroke,all,all,upper_clear_likely_possible,death_certificate,quarterly_count,57,57,count,57,,,final,bnr_sdc_v1,6,0,0,0,0,,none,No disclosure restriction identified.
MORT-BURDEN-001,mort_2026_07,quarterly,2018_q3,2018-07-01,2018,7,3,1,stroke,all,all,upper_clear_likely_possible,death_certificate,quarterly_same_quarter_previous_5yr_mean,73.2,73.2,count,366,,5,final,bnr_sdc_v1,6,0,0,0,0,,none,No disclosure restriction identified.
MORT-BURDEN-001,mort_2026_07,quarterly,2018_q3,2018-07-01,2018,7,3,1,stroke,female,all,upper_clear_likely_possible,death_certificate,quarterly_count,30,30,count,30,,,final,bnr_sdc_v1,6,0,0,0,0,,none,No disclosure restriction identified.
MORT-BURDEN-001,mort_2026_07,quarterly,2018_q3,2018-07-01,2018,7,3,1,stroke,female,all,upper_clear_likely_possible,death_certificate,quarterly_same_quarter_previous_5yr_mean,46.4,46.4,count,232,,5,final,bnr_sdc_v1,6,0,0,0,0,,none,No disclosure restriction identified.
MORT-BURDEN-001,mort_2026_07,quarterly,2018_q3,2018-07-01,2018,7,3,1,stroke,male,all,upper_clear_likely_possible,death_certificate,quarterly_count,27,27,count,27,,,final,bnr_sdc_v1,6,0,0,0,0,,none,No disclosure restriction identified.
MORT-BURDEN-001,mort_2026_07,quarterly,2018_q3,2018-07-01,2018,7,3,1,stroke,male,all,upper_clear_likely_possible,death_certificate,quarterly_same_quarter_previous_5yr_mean,26.8,26.8,count,134,,5,final,bnr_sdc_v1,6,0,0,0,0,,none,No disclosure restriction identified.
MORT-BURDEN-001,mort_2026_07,quarterly,2018_q4,2018-10-01,2018,10,4,1,all_cvd,all,all,primary_clear_likely,death_certificate,quarterly_count,85,85,count,85,,,final,bnr_sdc_v1,6,0,0,0,0,,none,No disclosure restriction identified.
MORT-BURDEN-001,mort_2026_07,quarterly,2018_q4,2018-10-01,2018,10,4,1,all_cvd,all,all,primary_clear_likely,death_certificate,quarterly_same_quarter_previous_5yr_mean,138.8,138.8,count,694,,5,final,bnr_sdc_v1,6,0,0,0,0,,none,No disclosure restriction identified.
MORT-BURDEN-001,mort_2026_07,quarterly,2018_q4,2018-10-01,2018,10,4,1,all_cvd,female,all,primary_clear_likely,death_certificate,quarterly_count,48,48,count,48,,,final,bnr_sdc_v1,6,0,0,0,0,,none,No disclosure restriction identified.
MORT-BURDEN-001,mort_2026_07,quarterly,2018_q4,2018-10-01,2018,10,4,1,all_cvd,female,all,primary_clear_likely,death_certificate,quarterly_same_quarter_previous_5yr_mean,68.8,68.8,count,344,,5,final,bnr_sdc_v1,6,0,0,0,0,,none,No disclosure restriction identified.
MORT-BURDEN-001,mort_2026_07,quarterly,2018_q4,2018-10-01,2018,10,4,1,all_cvd,male,all,primary_clear_likely,death_certificate,quarterly_count,37,37,count,37,,,final,bnr_sdc_v1,6,0,0,0,0,,none,No disclosure restriction identified.
MORT-BURDEN-001,mort_2026_07,quarterly,2018_q4,2018-10-01,2018,10,4,1,all_cvd,male,all,primary_clear_likely,death_certificate,quarterly_same_quarter_previous_5yr_mean,70,70,count,350,,5,final,bnr_sdc_v1,6,0,0,0,0,,none,No disclosure restriction identified.
MORT-BURDEN-001,mort_2026_07,quarterly,2018_q4,2018-10-01,2018,10,4,1,heart,all,all,primary_clear_likely,death_certificate,quarterly_count,48,48,count,48,,,final,bnr_sdc_v1,6,0,0,0,0,,none,No disclosure restriction identified.
MORT-BURDEN-001,mort_2026_07,quarterly,2018_q4,2018-10-01,2018,10,4,1,heart,all,all,primary_clear_likely,death_certificate,quarterly_same_quarter_previous_5yr_mean,68.8,68.8,count,344,,5,final,bnr_sdc_v1,6,0,0,0,0,,none,No disclosure restriction identified.
MORT-BURDEN-001,mort_2026_07,quarterly,2018_q4,2018-10-01,2018,10,4,1,heart,female,all,primary_clear_likely,death_certificate,quarterly_count,25,25,count,25,,,final,bnr_sdc_v1,6,0,0,0,0,,none,No disclosure restriction identified.
MORT-BURDEN-001,mort_2026_07,quarterly,2018_q4,2018-10-01,2018,10,4,1,heart,female,all,primary_clear_likely,death_certificate,quarterly_same_quarter_previous_5yr_mean,30,30,count,150,,5,final,bnr_sdc_v1,6,0,0,0,0,,none,No disclosure restriction identified.
MORT-BURDEN-001,mort_2026_07,quarterly,2018_q4,2018-10-01,2018,10,4,1,heart,male,all,primary_clear_likely,death_certificate,quarterly_count,23,23,count,23,,,final,bnr_sdc_v1,6,0,0,0,0,,none,No disclosure restriction identified.
MORT-BURDEN-001,mort_2026_07,quarterly,2018_q4,2018-10-01,2018,10,4,1,heart,male,all,primary_clear_likely,death_certificate,quarterly_same_quarter_previous_5yr_mean,38.8,38.8,count,194,,5,final,bnr_sdc_v1,6,0,0,0,0,,none,No disclosure restriction identified.
MORT-BURDEN-001,mort_2026_07,quarterly,2018_q4,2018-10-01,2018,10,4,1,stroke,all,all,primary_clear_likely,death_certificate,quarterly_count,37,37,count,37,,,final,bnr_sdc_v1,6,0,0,0,0,,none,No disclosure restriction identified.
MORT-BURDEN-001,mort_2026_07,quarterly,2018_q4,2018-10-01,2018,10,4,1,stroke,all,all,primary_clear_likely,death_certificate,quarterly_same_quarter_previous_5yr_mean,70,70,count,350,,5,final,bnr_sdc_v1,6,0,0,0,0,,none,No disclosure restriction identified.
MORT-BURDEN-001,mort_2026_07,quarterly,2018_q4,2018-10-01,2018,10,4,1,stroke,female,all,primary_clear_likely,death_certificate,quarterly_count,23,23,count,23,,,final,bnr_sdc_v1,6,0,0,0,0,,none,No disclosure restriction identified.
MORT-BURDEN-001,mort_2026_07,quarterly,2018_q4,2018-10-01,2018,10,4,1,stroke,female,all,primary_clear_likely,death_certificate,quarterly_same_quarter_previous_5yr_mean,38.8,38.8,count,194,,5,final,bnr_sdc_v1,6,0,0,0,0,,none,No disclosure restriction identified.
MORT-BURDEN-001,mort_2026_07,quarterly,2018_q4,2018-10-01,2018,10,4,1,stroke,male,all,primary_clear_likely,death_certificate,quarterly_count,14,14,count,14,,,final,bnr_sdc_v1,6,0,0,0,0,,none,No disclosure restriction identified.
MORT-BURDEN-001,mort_2026_07,quarterly,2018_q4,2018-10-01,2018,10,4,1,stroke,male,all,primary_clear_likely,death_certificate,quarterly_same_quarter_previous_5yr_mean,31.2,31.2,count,156,,5,final,bnr_sdc_v1,6,0,0,0,0,,none,No disclosure restriction identified.
MORT-BURDEN-001,mort_2026_07,quarterly,2018_q4,2018-10-01,2018,10,4,1,all_cvd,all,all,upper_clear_likely_possible,death_certificate,quarterly_count,121,121,count,121,,,final,bnr_sdc_v1,6,0,0,0,0,,none,No disclosure restriction identified.
MORT-BURDEN-001,mort_2026_07,quarterly,2018_q4,2018-10-01,2018,10,4,1,all_cvd,all,all,upper_clear_likely_possible,death_certificate,quarterly_same_quarter_previous_5yr_mean,162,162,count,810,,5,final,bnr_sdc_v1,6,0,0,0,0,,none,No disclosure restriction identified.
MORT-BURDEN-001,mort_2026_07,quarterly,2018_q4,2018-10-01,2018,10,4,1,all_cvd,female,all,upper_clear_likely_possible,death_certificate,quarterly_count,65,65,count,65,,,final,bnr_sdc_v1,6,0,0,0,0,,none,No disclosure restriction identified.
MORT-BURDEN-001,mort_2026_07,quarterly,2018_q4,2018-10-01,2018,10,4,1,all_cvd,female,all,upper_clear_likely_possible,death_certificate,quarterly_same_quarter_previous_5yr_mean,79.8,79.8,count,399,,5,final,bnr_sdc_v1,6,0,0,0,0,,none,No disclosure restriction identified.
MORT-BURDEN-001,mort_2026_07,quarterly,2018_q4,2018-10-01,2018,10,4,1,all_cvd,male,all,upper_clear_likely_possible,death_certificate,quarterly_count,56,56,count,56,,,final,bnr_sdc_v1,6,0,0,0,0,,none,No disclosure restriction identified.
MORT-BURDEN-001,mort_2026_07,quarterly,2018_q4,2018-10-01,2018,10,4,1,all_cvd,male,all,upper_clear_likely_possible,death_certificate,quarterly_same_quarter_previous_5yr_mean,82.2,82.2,count,411,,5,final,bnr_sdc_v1,6,0,0,0,0,,none,No disclosure restriction identified.
MORT-BURDEN-001,mort_2026_07,quarterly,2018_q4,2018-10-01,2018,10,4,1,heart,all,all,upper_clear_likely_possible,death_certificate,quarterly_count,71,71,count,71,,,final,bnr_sdc_v1,6,0,0,0,0,,none,No disclosure restriction identified.
MORT-BURDEN-001,mort_2026_07,quarterly,2018_q4,2018-10-01,2018,10,4,1,heart,all,all,upper_clear_likely_possible,death_certificate,quarterly_same_quarter_previous_5yr_mean,82.8,82.8,count,414,,5,final,bnr_sdc_v1,6,0,0,0,0,,none,No disclosure restriction identified.
MORT-BURDEN-001,mort_2026_07,quarterly,2018_q4,2018-10-01,2018,10,4,1,heart,female,all,upper_clear_likely_possible,death_certificate,quarterly_count,34,34,count,34,,,final,bnr_sdc_v1,6,0,0,0,0,,none,No disclosure restriction identified.
MORT-BURDEN-001,mort_2026_07,quarterly,2018_q4,2018-10-01,2018,10,4,1,heart,female,all,upper_clear_likely_possible,death_certificate,quarterly_same_quarter_previous_5yr_mean,36.2,36.2,count,181,,5,final,bnr_sdc_v1,6,0,0,0,0,,none,No disclosure restriction identified.
MORT-BURDEN-001,mort_2026_07,quarterly,2018_q4,2018-10-01,2018,10,4,1,heart,male,all,upper_clear_likely_possible,death_certificate,quarterly_count,37,37,count,37,,,final,bnr_sdc_v1,6,0,0,0,0,,none,No disclosure restriction identified.
MORT-BURDEN-001,mort_2026_07,quarterly,2018_q4,2018-10-01,2018,10,4,1,heart,male,all,upper_clear_likely_possible,death_certificate,quarterly_same_quarter_previous_5yr_mean,46.6,46.6,count,233,,5,final,bnr_sdc_v1,6,0,0,0,0,,none,No disclosure restriction identified.
MORT-BURDEN-001,mort_2026_07,quarterly,2018_q4,2018-10-01,2018,10,4,1,stroke,all,all,upper_clear_likely_possible,death_certificate,quarterly_count,50,50,count,50,,,final,bnr_sdc_v1,6,0,0,0,0,,none,No disclosure restriction identified.
MORT-BURDEN-001,mort_2026_07,quarterly,2018_q4,2018-10-01,2018,10,4,1,stroke,all,all,upper_clear_likely_possible,death_certificate,quarterly_same_quarter_previous_5yr_mean,79.2,79.2,count,396,,5,final,bnr_sdc_v1,6,0,0,0,0,,none,No disclosure restriction identified.
MORT-BURDEN-001,mort_2026_07,quarterly,2018_q4,2018-10-01,2018,10,4,1,stroke,female,all,upper_clear_likely_possible,death_certificate,quarterly_count,31,31,count,31,,,final,bnr_sdc_v1,6,0,0,0,0,,none,No disclosure restriction identified.
MORT-BURDEN-001,mort_2026_07,quarterly,2018_q4,2018-10-01,2018,10,4,1,stroke,female,all,upper_clear_likely_possible,death_certificate,quarterly_same_quarter_previous_5yr_mean,43.6,43.6,count,218,,5,final,bnr_sdc_v1,6,0,0,0,0,,none,No disclosure restriction identified.
MORT-BURDEN-001,mort_2026_07,quarterly,2018_q4,2018-10-01,2018,10,4,1,stroke,male,all,upper_clear_likely_possible,death_certificate,quarterly_count,19,19,count,19,,,final,bnr_sdc_v1,6,0,0,0,0,,none,No disclosure restriction identified.
MORT-BURDEN-001,mort_2026_07,quarterly,2018_q4,2018-10-01,2018,10,4,1,stroke,male,all,upper_clear_likely_possible,death_certificate,quarterly_same_quarter_previous_5yr_mean,35.6,35.6,count,178,,5,final,bnr_sdc_v1,6,0,0,0,0,,none,No disclosure restriction identified.
MORT-BURDEN-001,mort_2026_07,quarterly,2019_q1,2019-01-01,2019,1,1,1,all_cvd,all,all,primary_clear_likely,death_certificate,quarterly_count,122,122,count,122,,,final,bnr_sdc_v1,6,0,0,0,0,,none,No disclosure restriction identified.
MORT-BURDEN-001,mort_2026_07,quarterly,2019_q1,2019-01-01,2019,1,1,1,all_cvd,all,all,primary_clear_likely,death_certificate,quarterly_same_quarter_previous_5yr_mean,128.2,128.2,count,641,,5,final,bnr_sdc_v1,6,0,0,0,0,,none,No disclosure restriction identified.
MORT-BURDEN-001,mort_2026_07,quarterly,2019_q1,2019-01-01,2019,1,1,1,all_cvd,female,all,primary_clear_likely,death_certificate,quarterly_count,68,68,count,68,,,final,bnr_sdc_v1,6,0,0,0,0,,none,No disclosure restriction identified.
MORT-BURDEN-001,mort_2026_07,quarterly,2019_q1,2019-01-01,2019,1,1,1,all_cvd,female,all,primary_clear_likely,death_certificate,quarterly_same_quarter_previous_5yr_mean,63.8,63.8,count,319,,5,final,bnr_sdc_v1,6,0,0,0,0,,none,No disclosure restriction identified.
MORT-BURDEN-001,mort_2026_07,quarterly,2019_q1,2019-01-01,2019,1,1,1,all_cvd,male,all,primary_clear_likely,death_certificate,quarterly_count,54,54,count,54,,,final,bnr_sdc_v1,6,0,0,0,0,,none,No disclosure restriction identified.
MORT-BURDEN-001,mort_2026_07,quarterly,2019_q1,2019-01-01,2019,1,1,1,all_cvd,male,all,primary_clear_likely,death_certificate,quarterly_same_quarter_previous_5yr_mean,64.40000000000001,64.4,count,322,,5,final,bnr_sdc_v1,6,0,0,0,0,,none,No disclosure restriction identified.
MORT-BURDEN-001,mort_2026_07,quarterly,2019_q1,2019-01-01,2019,1,1,1,heart,all,all,primary_clear_likely,death_certificate,quarterly_count,60,60,count,60,,,final,bnr_sdc_v1,6,0,0,0,0,,none,No disclosure restriction identified.
MORT-BURDEN-001,mort_2026_07,quarterly,2019_q1,2019-01-01,2019,1,1,1,heart,all,all,primary_clear_likely,death_certificate,quarterly_same_quarter_previous_5yr_mean,64.40000000000001,64.4,count,322,,5,final,bnr_sdc_v1,6,0,0,0,0,,none,No disclosure restriction identified.
MORT-BURDEN-001,mort_2026_07,quarterly,2019_q1,2019-01-01,2019,1,1,1,heart,female,all,primary_clear_likely,death_certificate,quarterly_count,29,29,count,29,,,final,bnr_sdc_v1,6,0,0,0,0,,none,No disclosure restriction identified.
MORT-BURDEN-001,mort_2026_07,quarterly,2019_q1,2019-01-01,2019,1,1,1,heart,female,all,primary_clear_likely,death_certificate,quarterly_same_quarter_previous_5yr_mean,30.4,30.4,count,152,,5,final,bnr_sdc_v1,6,0,0,0,0,,none,No disclosure restriction identified.
MORT-BURDEN-001,mort_2026_07,quarterly,2019_q1,2019-01-01,2019,1,1,1,heart,male,all,primary_clear_likely,death_certificate,quarterly_count,31,31,count,31,,,final,bnr_sdc_v1,6,0,0,0,0,,none,No disclosure restriction identified.
MORT-BURDEN-001,mort_2026_07,quarterly,2019_q1,2019-01-01,2019,1,1,1,heart,male,all,primary_clear_likely,death_certificate,quarterly_same_quarter_previous_5yr_mean,34,34,count,170,,5,final,bnr_sdc_v1,6,0,0,0,0,,none,No disclosure restriction identified.
MORT-BURDEN-001,mort_2026_07,quarterly,2019_q1,2019-01-01,2019,1,1,1,stroke,all,all,primary_clear_likely,death_certificate,quarterly_count,62,62,count,62,,,final,bnr_sdc_v1,6,0,0,0,0,,none,No disclosure restriction identified.
MORT-BURDEN-001,mort_2026_07,quarterly,2019_q1,2019-01-01,2019,1,1,1,stroke,all,all,primary_clear_likely,death_certificate,quarterly_same_quarter_previous_5yr_mean,63.8,63.8,count,319,,5,final,bnr_sdc_v1,6,0,0,0,0,,none,No disclosure restriction identified.
MORT-BURDEN-001,mort_2026_07,quarterly,2019_q1,2019-01-01,2019,1,1,1,stroke,female,all,primary_clear_likely,death_certificate,quarterly_count,39,39,count,39,,,final,bnr_sdc_v1,6,0,0,0,0,,none,No disclosure restriction identified.
MORT-BURDEN-001,mort_2026_07,quarterly,2019_q1,2019-01-01,2019,1,1,1,stroke,female,all,primary_clear_likely,death_certificate,quarterly_same_quarter_previous_5yr_mean,33.4,33.4,count,167,,5,final,bnr_sdc_v1,6,0,0,0,0,,none,No disclosure restriction identified.
MORT-BURDEN-001,mort_2026_07,quarterly,2019_q1,2019-01-01,2019,1,1,1,stroke,male,all,primary_clear_likely,death_certificate,quarterly_count,23,23,count,23,,,final,bnr_sdc_v1,6,0,0,0,0,,none,No disclosure restriction identified.
MORT-BURDEN-001,mort_2026_07,quarterly,2019_q1,2019-01-01,2019,1,1,1,stroke,male,all,primary_clear_likely,death_certificate,quarterly_same_quarter_previous_5yr_mean,30.4,30.4,count,152,,5,final,bnr_sdc_v1,6,0,0,0,0,,none,No disclosure restriction identified.
MORT-BURDEN-001,mort_2026_07,quarterly,2019_q1,2019-01-01,2019,1,1,1,all_cvd,all,all,upper_clear_likely_possible,death_certificate,quarterly_count,173,173,count,173,,,final,bnr_sdc_v1,6,0,0,0,0,,none,No disclosure restriction identified.
MORT-BURDEN-001,mort_2026_07,quarterly,2019_q1,2019-01-01,2019,1,1,1,all_cvd,all,all,upper_clear_likely_possible,death_certificate,quarterly_same_quarter_previous_5yr_mean,155.4,155.4,count,777,,5,final,bnr_sdc_v1,6,0,0,0,0,,none,No disclosure restriction identified.
MORT-BURDEN-001,mort_2026_07,quarterly,2019_q1,2019-01-01,2019,1,1,1,all_cvd,female,all,upper_clear_likely_possible,death_certificate,quarterly_count,90,90,count,90,,,final,bnr_sdc_v1,6,0,0,0,0,,none,No disclosure restriction identified.
MORT-BURDEN-001,mort_2026_07,quarterly,2019_q1,2019-01-01,2019,1,1,1,all_cvd,female,all,upper_clear_likely_possible,death_certificate,quarterly_same_quarter_previous_5yr_mean,76.2,76.2,count,381,,5,final,bnr_sdc_v1,6,0,0,0,0,,none,No disclosure restriction identified.
MORT-BURDEN-001,mort_2026_07,quarterly,2019_q1,2019-01-01,2019,1,1,1,all_cvd,male,all,upper_clear_likely_possible,death_certificate,quarterly_count,83,83,count,83,,,final,bnr_sdc_v1,6,0,0,0,0,,none,No disclosure restriction identified.
MORT-BURDEN-001,mort_2026_07,quarterly,2019_q1,2019-01-01,2019,1,1,1,all_cvd,male,all,upper_clear_likely_possible,death_certificate,quarterly_same_quarter_previous_5yr_mean,79.2,79.2,count,396,,5,final,bnr_sdc_v1,6,0,0,0,0,,none,No disclosure restriction identified.
MORT-BURDEN-001,mort_2026_07,quarterly,2019_q1,2019-01-01,2019,1,1,1,heart,all,all,upper_clear_likely_possible,death_certificate,quarterly_count,84,84,count,84,,,final,bnr_sdc_v1,6,0,0,0,0,,none,No disclosure restriction identified.
MORT-BURDEN-001,mort_2026_07,quarterly,2019_q1,2019-01-01,2019,1,1,1,heart,all,all,upper_clear_likely_possible,death_certificate,quarterly_same_quarter_previous_5yr_mean,80,80,count,400,,5,final,bnr_sdc_v1,6,0,0,0,0,,none,No disclosure restriction identified.
MORT-BURDEN-001,mort_2026_07,quarterly,2019_q1,2019-01-01,2019,1,1,1,heart,female,all,upper_clear_likely_possible,death_certificate,quarterly_count,40,40,count,40,,,final,bnr_sdc_v1,6,0,0,0,0,,none,No disclosure restriction identified.
MORT-BURDEN-001,mort_2026_07,quarterly,2019_q1,2019-01-01,2019,1,1,1,heart,female,all,upper_clear_likely_possible,death_certificate,quarterly_same_quarter_previous_5yr_mean,37,37,count,185,,5,final,bnr_sdc_v1,6,0,0,0,0,,none,No disclosure restriction identified.
MORT-BURDEN-001,mort_2026_07,quarterly,2019_q1,2019-01-01,2019,1,1,1,heart,male,all,upper_clear_likely_possible,death_certificate,quarterly_count,44,44,count,44,,,final,bnr_sdc_v1,6,0,0,0,0,,none,No disclosure restriction identified.
MORT-BURDEN-001,mort_2026_07,quarterly,2019_q1,2019-01-01,2019,1,1,1,heart,male,all,upper_clear_likely_possible,death_certificate,quarterly_same_quarter_previous_5yr_mean,43,43,count,215,,5,final,bnr_sdc_v1,6,0,0,0,0,,none,No disclosure restriction identified.
MORT-BURDEN-001,mort_2026_07,quarterly,2019_q1,2019-01-01,2019,1,1,1,stroke,all,all,upper_clear_likely_possible,death_certificate,quarterly_count,89,89,count,89,,,final,bnr_sdc_v1,6,0,0,0,0,,none,No disclosure restriction identified.
MORT-BURDEN-001,mort_2026_07,quarterly,2019_q1,2019-01-01,2019,1,1,1,stroke,all,all,upper_clear_likely_possible,death_certificate,quarterly_same_quarter_previous_5yr_mean,75.40000000000001,75.4,count,377,,5,final,bnr_sdc_v1,6,0,0,0,0,,none,No disclosure restriction identified.
MORT-BURDEN-001,mort_2026_07,quarterly,2019_q1,2019-01-01,2019,1,1,1,stroke,female,all,upper_clear_likely_possible,death_certificate,quarterly_count,50,50,count,50,,,final,bnr_sdc_v1,6,0,0,0,0,,none,No disclosure restriction identified.
MORT-BURDEN-001,mort_2026_07,quarterly,2019_q1,2019-01-01,2019,1,1,1,stroke,female,all,upper_clear_likely_possible,death_certificate,quarterly_same_quarter_previous_5yr_mean,39.2,39.2,count,196,,5,final,bnr_sdc_v1,6,0,0,0,0,,none,No disclosure restriction identified.
MORT-BURDEN-001,mort_2026_07,quarterly,2019_q1,2019-01-01,2019,1,1,1,stroke,male,all,upper_clear_likely_possible,death_certificate,quarterly_count,39,39,count,39,,,final,bnr_sdc_v1,6,0,0,0,0,,none,No disclosure restriction identified.
MORT-BURDEN-001,mort_2026_07,quarterly,2019_q1,2019-01-01,2019,1,1,1,stroke,male,all,upper_clear_likely_possible,death_certificate,quarterly_same_quarter_previous_5yr_mean,36.2,36.2,count,181,,5,final,bnr_sdc_v1,6,0,0,0,0,,none,No disclosure restriction identified.
MORT-BURDEN-001,mort_2026_07,quarterly,2019_q2,2019-04-01,2019,4,2,1,all_cvd,all,all,primary_clear_likely,death_certificate,quarterly_count,122,122,count,122,,,final,bnr_sdc_v1,6,0,0,0,0,,none,No disclosure restriction identified.
MORT-BURDEN-001,mort_2026_07,quarterly,2019_q2,2019-04-01,2019,4,2,1,all_cvd,all,all,primary_clear_likely,death_certificate,quarterly_same_quarter_previous_5yr_mean,115.4,115.4,count,577,,5,final,bnr_sdc_v1,6,0,0,0,0,,none,No disclosure restriction identified.
MORT-BURDEN-001,mort_2026_07,quarterly,2019_q2,2019-04-01,2019,4,2,1,all_cvd,female,all,primary_clear_likely,death_certificate,quarterly_count,67,67,count,67,,,final,bnr_sdc_v1,6,0,0,0,0,,none,No disclosure restriction identified.
MORT-BURDEN-001,mort_2026_07,quarterly,2019_q2,2019-04-01,2019,4,2,1,all_cvd,female,all,primary_clear_likely,death_certificate,quarterly_same_quarter_previous_5yr_mean,60.4,60.4,count,302,,5,final,bnr_sdc_v1,6,0,0,0,0,,none,No disclosure restriction identified.
MORT-BURDEN-001,mort_2026_07,quarterly,2019_q2,2019-04-01,2019,4,2,1,all_cvd,male,all,primary_clear_likely,death_certificate,quarterly_count,55,55,count,55,,,final,bnr_sdc_v1,6,0,0,0,0,,none,No disclosure restriction identified.
MORT-BURDEN-001,mort_2026_07,quarterly,2019_q2,2019-04-01,2019,4,2,1,all_cvd,male,all,primary_clear_likely,death_certificate,quarterly_same_quarter_previous_5yr_mean,55,55,count,275,,5,final,bnr_sdc_v1,6,0,0,0,0,,none,No disclosure restriction identified.
MORT-BURDEN-001,mort_2026_07,quarterly,2019_q2,2019-04-01,2019,4,2,1,heart,all,all,primary_clear_likely,death_certificate,quarterly_count,57,57,count,57,,,final,bnr_sdc_v1,6,0,0,0,0,,none,No disclosure restriction identified.
MORT-BURDEN-001,mort_2026_07,quarterly,2019_q2,2019-04-01,2019,4,2,1,heart,all,all,primary_clear_likely,death_certificate,quarterly_same_quarter_previous_5yr_mean,55.6,55.6,count,278,,5,final,bnr_sdc_v1,6,0,0,0,0,,none,No disclosure restriction identified.
MORT-BURDEN-001,mort_2026_07,quarterly,2019_q2,2019-04-01,2019,4,2,1,heart,female,all,primary_clear_likely,death_certificate,quarterly_count,28,28,count,28,,,final,bnr_sdc_v1,6,0,0,0,0,,none,No disclosure restriction identified.
MORT-BURDEN-001,mort_2026_07,quarterly,2019_q2,2019-04-01,2019,4,2,1,heart,female,all,primary_clear_likely,death_certificate,quarterly_same_quarter_previous_5yr_mean,26,26,count,130,,5,final,bnr_sdc_v1,6,0,0,0,0,,none,No disclosure restriction identified.
MORT-BURDEN-001,mort_2026_07,quarterly,2019_q2,2019-04-01,2019,4,2,1,heart,male,all,primary_clear_likely,death_certificate,quarterly_count,29,29,count,29,,,final,bnr_sdc_v1,6,0,0,0,0,,none,No disclosure restriction identified.
MORT-BURDEN-001,mort_2026_07,quarterly,2019_q2,2019-04-01,2019,4,2,1,heart,male,all,primary_clear_likely,death_certificate,quarterly_same_quarter_previous_5yr_mean,29.6,29.6,count,148,,5,final,bnr_sdc_v1,6,0,0,0,0,,none,No disclosure restriction identified.
MORT-BURDEN-001,mort_2026_07,quarterly,2019_q2,2019-04-01,2019,4,2,1,stroke,all,all,primary_clear_likely,death_certificate,quarterly_count,65,65,count,65,,,final,bnr_sdc_v1,6,0,0,0,0,,none,No disclosure restriction identified.
MORT-BURDEN-001,mort_2026_07,quarterly,2019_q2,2019-04-01,2019,4,2,1,stroke,all,all,primary_clear_likely,death_certificate,quarterly_same_quarter_previous_5yr_mean,59.8,59.8,count,299,,5,final,bnr_sdc_v1,6,0,0,0,0,,none,No disclosure restriction identified.
MORT-BURDEN-001,mort_2026_07,quarterly,2019_q2,2019-04-01,2019,4,2,1,stroke,female,all,primary_clear_likely,death_certificate,quarterly_count,39,39,count,39,,,final,bnr_sdc_v1,6,0,0,0,0,,none,No disclosure restriction identified.
MORT-BURDEN-001,mort_2026_07,quarterly,2019_q2,2019-04-01,2019,4,2,1,stroke,female,all,primary_clear_likely,death_certificate,quarterly_same_quarter_previous_5yr_mean,34.4,34.4,count,172,,5,final,bnr_sdc_v1,6,0,0,0,0,,none,No disclosure restriction identified.
MORT-BURDEN-001,mort_2026_07,quarterly,2019_q2,2019-04-01,2019,4,2,1,stroke,male,all,primary_clear_likely,death_certificate,quarterly_count,26,26,count,26,,,final,bnr_sdc_v1,6,0,0,0,0,,none,No disclosure restriction identified.
MORT-BURDEN-001,mort_2026_07,quarterly,2019_q2,2019-04-01,2019,4,2,1,stroke,male,all,primary_clear_likely,death_certificate,quarterly_same_quarter_previous_5yr_mean,25.4,25.4,count,127,,5,final,bnr_sdc_v1,6,0,0,0,0,,none,No disclosure restriction identified.
MORT-BURDEN-001,mort_2026_07,quarterly,2019_q2,2019-04-01,2019,4,2,1,all_cvd,all,all,upper_clear_likely_possible,death_certificate,quarterly_count,164,164,count,164,,,final,bnr_sdc_v1,6,0,0,0,0,,none,No disclosure restriction identified.
MORT-BURDEN-001,mort_2026_07,quarterly,2019_q2,2019-04-01,2019,4,2,1,all_cvd,all,all,upper_clear_likely_possible,death_certificate,quarterly_same_quarter_previous_5yr_mean,140.6,140.6,count,703,,5,final,bnr_sdc_v1,6,0,0,0,0,,none,No disclosure restriction identified.
MORT-BURDEN-001,mort_2026_07,quarterly,2019_q2,2019-04-01,2019,4,2,1,all_cvd,female,all,upper_clear_likely_possible,death_certificate,quarterly_count,96,96,count,96,,,final,bnr_sdc_v1,6,0,0,0,0,,none,No disclosure restriction identified.
MORT-BURDEN-001,mort_2026_07,quarterly,2019_q2,2019-04-01,2019,4,2,1,all_cvd,female,all,upper_clear_likely_possible,death_certificate,quarterly_same_quarter_previous_5yr_mean,71.40000000000001,71.4,count,357,,5,final,bnr_sdc_v1,6,0,0,0,0,,none,No disclosure restriction identified.
MORT-BURDEN-001,mort_2026_07,quarterly,2019_q2,2019-04-01,2019,4,2,1,all_cvd,male,all,upper_clear_likely_possible,death_certificate,quarterly_count,68,68,count,68,,,final,bnr_sdc_v1,6,0,0,0,0,,none,No disclosure restriction identified.
MORT-BURDEN-001,mort_2026_07,quarterly,2019_q2,2019-04-01,2019,4,2,1,all_cvd,male,all,upper_clear_likely_possible,death_certificate,quarterly_same_quarter_previous_5yr_mean,69.2,69.2,count,346,,5,final,bnr_sdc_v1,6,0,0,0,0,,none,No disclosure restriction identified.
MORT-BURDEN-001,mort_2026_07,quarterly,2019_q2,2019-04-01,2019,4,2,1,heart,all,all,upper_clear_likely_possible,death_certificate,quarterly_count,76,76,count,76,,,final,bnr_sdc_v1,6,0,0,0,0,,none,No disclosure restriction identified.
MORT-BURDEN-001,mort_2026_07,quarterly,2019_q2,2019-04-01,2019,4,2,1,heart,all,all,upper_clear_likely_possible,death_certificate,quarterly_same_quarter_previous_5yr_mean,69.40000000000001,69.4,count,347,,5,final,bnr_sdc_v1,6,0,0,0,0,,none,No disclosure restriction identified.
MORT-BURDEN-001,mort_2026_07,quarterly,2019_q2,2019-04-01,2019,4,2,1,heart,female,all,upper_clear_likely_possible,death_certificate,quarterly_count,41,41,count,41,,,final,bnr_sdc_v1,6,0,0,0,0,,none,No disclosure restriction identified.
MORT-BURDEN-001,mort_2026_07,quarterly,2019_q2,2019-04-01,2019,4,2,1,heart,female,all,upper_clear_likely_possible,death_certificate,quarterly_same_quarter_previous_5yr_mean,32,32,count,160,,5,final,bnr_sdc_v1,6,0,0,0,0,,none,No disclosure restriction identified.
MORT-BURDEN-001,mort_2026_07,quarterly,2019_q2,2019-04-01,2019,4,2,1,heart,male,all,upper_clear_likely_possible,death_certificate,quarterly_count,35,35,count,35,,,final,bnr_sdc_v1,6,0,0,0,0,,none,No disclosure restriction identified.
MORT-BURDEN-001,mort_2026_07,quarterly,2019_q2,2019-04-01,2019,4,2,1,heart,male,all,upper_clear_likely_possible,death_certificate,quarterly_same_quarter_previous_5yr_mean,37.4,37.4,count,187,,5,final,bnr_sdc_v1,6,0,0,0,0,,none,No disclosure restriction identified.
MORT-BURDEN-001,mort_2026_07,quarterly,2019_q2,2019-04-01,2019,4,2,1,stroke,all,all,upper_clear_likely_possible,death_certificate,quarterly_count,88,88,count,88,,,final,bnr_sdc_v1,6,0,0,0,0,,none,No disclosure restriction identified.
MORT-BURDEN-001,mort_2026_07,quarterly,2019_q2,2019-04-01,2019,4,2,1,stroke,all,all,upper_clear_likely_possible,death_certificate,quarterly_same_quarter_previous_5yr_mean,71.2,71.2,count,356,,5,final,bnr_sdc_v1,6,0,0,0,0,,none,No disclosure restriction identified.
MORT-BURDEN-001,mort_2026_07,quarterly,2019_q2,2019-04-01,2019,4,2,1,stroke,female,all,upper_clear_likely_possible,death_certificate,quarterly_count,55,55,count,55,,,final,bnr_sdc_v1,6,0,0,0,0,,none,No disclosure restriction identified.
MORT-BURDEN-001,mort_2026_07,quarterly,2019_q2,2019-04-01,2019,4,2,1,stroke,female,all,upper_clear_likely_possible,death_certificate,quarterly_same_quarter_previous_5yr_mean,39.4,39.4,count,197,,5,final,bnr_sdc_v1,6,0,0,0,0,,none,No disclosure restriction identified.
MORT-BURDEN-001,mort_2026_07,quarterly,2019_q2,2019-04-01,2019,4,2,1,stroke,male,all,upper_clear_likely_possible,death_certificate,quarterly_count,33,33,count,33,,,final,bnr_sdc_v1,6,0,0,0,0,,none,No disclosure restriction identified.
MORT-BURDEN-001,mort_2026_07,quarterly,2019_q2,2019-04-01,2019,4,2,1,stroke,male,all,upper_clear_likely_possible,death_certificate,quarterly_same_quarter_previous_5yr_mean,31.8,31.8,count,159,,5,final,bnr_sdc_v1,6,0,0,0,0,,none,No disclosure restriction identified.
MORT-BURDEN-001,mort_2026_07,quarterly,2019_q3,2019-07-01,2019,7,3,1,all_cvd,all,all,primary_clear_likely,death_certificate,quarterly_count,105,105,count,105,,,final,bnr_sdc_v1,6,0,0,0,0,,none,No disclosure restriction identified.
MORT-BURDEN-001,mort_2026_07,quarterly,2019_q3,2019-07-01,2019,7,3,1,all_cvd,all,all,primary_clear_likely,death_certificate,quarterly_same_quarter_previous_5yr_mean,116.2,116.2,count,581,,5,final,bnr_sdc_v1,6,0,0,0,0,,none,No disclosure restriction identified.
MORT-BURDEN-001,mort_2026_07,quarterly,2019_q3,2019-07-01,2019,7,3,1,all_cvd,female,all,primary_clear_likely,death_certificate,quarterly_count,58,58,count,58,,,final,bnr_sdc_v1,6,0,0,0,0,,none,No disclosure restriction identified.
MORT-BURDEN-001,mort_2026_07,quarterly,2019_q3,2019-07-01,2019,7,3,1,all_cvd,female,all,primary_clear_likely,death_certificate,quarterly_same_quarter_previous_5yr_mean,60,60,count,300,,5,final,bnr_sdc_v1,6,0,0,0,0,,none,No disclosure restriction identified.
MORT-BURDEN-001,mort_2026_07,quarterly,2019_q3,2019-07-01,2019,7,3,1,all_cvd,male,all,primary_clear_likely,death_certificate,quarterly_count,47,47,count,47,,,final,bnr_sdc_v1,6,0,0,0,0,,none,No disclosure restriction identified.
MORT-BURDEN-001,mort_2026_07,quarterly,2019_q3,2019-07-01,2019,7,3,1,all_cvd,male,all,primary_clear_likely,death_certificate,quarterly_same_quarter_previous_5yr_mean,56.2,56.2,count,281,,5,final,bnr_sdc_v1,6,0,0,0,0,,none,No disclosure restriction identified.
MORT-BURDEN-001,mort_2026_07,quarterly,2019_q3,2019-07-01,2019,7,3,1,heart,all,all,primary_clear_likely,death_certificate,quarterly_count,54,54,count,54,,,final,bnr_sdc_v1,6,0,0,0,0,,none,No disclosure restriction identified.
MORT-BURDEN-001,mort_2026_07,quarterly,2019_q3,2019-07-01,2019,7,3,1,heart,all,all,primary_clear_likely,death_certificate,quarterly_same_quarter_previous_5yr_mean,60.2,60.2,count,301,,5,final,bnr_sdc_v1,6,0,0,0,0,,none,No disclosure restriction identified.
MORT-BURDEN-001,mort_2026_07,quarterly,2019_q3,2019-07-01,2019,7,3,1,heart,female,all,primary_clear_likely,death_certificate,quarterly_count,32,32,count,32,,,final,bnr_sdc_v1,6,0,0,0,0,,none,No disclosure restriction identified.
MORT-BURDEN-001,mort_2026_07,quarterly,2019_q3,2019-07-01,2019,7,3,1,heart,female,all,primary_clear_likely,death_certificate,quarterly_same_quarter_previous_5yr_mean,25.6,25.6,count,128,,5,final,bnr_sdc_v1,6,0,0,0,0,,none,No disclosure restriction identified.
MORT-BURDEN-001,mort_2026_07,quarterly,2019_q3,2019-07-01,2019,7,3,1,heart,male,all,primary_clear_likely,death_certificate,quarterly_count,22,22,count,22,,,final,bnr_sdc_v1,6,0,0,0,0,,none,No disclosure restriction identified.
MORT-BURDEN-001,mort_2026_07,quarterly,2019_q3,2019-07-01,2019,7,3,1,heart,male,all,primary_clear_likely,death_certificate,quarterly_same_quarter_previous_5yr_mean,34.6,34.6,count,173,,5,final,bnr_sdc_v1,6,0,0,0,0,,none,No disclosure restriction identified.
MORT-BURDEN-001,mort_2026_07,quarterly,2019_q3,2019-07-01,2019,7,3,1,stroke,all,all,primary_clear_likely,death_certificate,quarterly_count,51,51,count,51,,,final,bnr_sdc_v1,6,0,0,0,0,,none,No disclosure restriction identified.
MORT-BURDEN-001,mort_2026_07,quarterly,2019_q3,2019-07-01,2019,7,3,1,stroke,all,all,primary_clear_likely,death_certificate,quarterly_same_quarter_previous_5yr_mean,56,56,count,280,,5,final,bnr_sdc_v1,6,0,0,0,0,,none,No disclosure restriction identified.
MORT-BURDEN-001,mort_2026_07,quarterly,2019_q3,2019-07-01,2019,7,3,1,stroke,female,all,primary_clear_likely,death_certificate,quarterly_count,26,26,count,26,,,final,bnr_sdc_v1,6,0,0,0,0,,none,No disclosure restriction identified.
MORT-BURDEN-001,mort_2026_07,quarterly,2019_q3,2019-07-01,2019,7,3,1,stroke,female,all,primary_clear_likely,death_certificate,quarterly_same_quarter_previous_5yr_mean,34.4,34.4,count,172,,5,final,bnr_sdc_v1,6,0,0,0,0,,none,No disclosure restriction identified.
MORT-BURDEN-001,mort_2026_07,quarterly,2019_q3,2019-07-01,2019,7,3,1,stroke,male,all,primary_clear_likely,death_certificate,quarterly_count,25,25,count,25,,,final,bnr_sdc_v1,6,0,0,0,0,,none,No disclosure restriction identified.
MORT-BURDEN-001,mort_2026_07,quarterly,2019_q3,2019-07-01,2019,7,3,1,stroke,male,all,primary_clear_likely,death_certificate,quarterly_same_quarter_previous_5yr_mean,21.6,21.6,count,108,,5,final,bnr_sdc_v1,6,0,0,0,0,,none,No disclosure restriction identified.
MORT-BURDEN-001,mort_2026_07,quarterly,2019_q3,2019-07-01,2019,7,3,1,all_cvd,all,all,upper_clear_likely_possible,death_certificate,quarterly_count,153,153,count,153,,,final,bnr_sdc_v1,6,0,0,0,0,,none,No disclosure restriction identified.
MORT-BURDEN-001,mort_2026_07,quarterly,2019_q3,2019-07-01,2019,7,3,1,all_cvd,all,all,upper_clear_likely_possible,death_certificate,quarterly_same_quarter_previous_5yr_mean,143.4,143.4,count,717,,5,final,bnr_sdc_v1,6,0,0,0,0,,none,No disclosure restriction identified.
MORT-BURDEN-001,mort_2026_07,quarterly,2019_q3,2019-07-01,2019,7,3,1,all_cvd,female,all,upper_clear_likely_possible,death_certificate,quarterly_count,89,89,count,89,,,final,bnr_sdc_v1,6,0,0,0,0,,none,No disclosure restriction identified.
MORT-BURDEN-001,mort_2026_07,quarterly,2019_q3,2019-07-01,2019,7,3,1,all_cvd,female,all,upper_clear_likely_possible,death_certificate,quarterly_same_quarter_previous_5yr_mean,73.8,73.8,count,369,,5,final,bnr_sdc_v1,6,0,0,0,0,,none,No disclosure restriction identified.
MORT-BURDEN-001,mort_2026_07,quarterly,2019_q3,2019-07-01,2019,7,3,1,all_cvd,male,all,upper_clear_likely_possible,death_certificate,quarterly_count,64,64,count,64,,,final,bnr_sdc_v1,6,0,0,0,0,,none,No disclosure restriction identified.
MORT-BURDEN-001,mort_2026_07,quarterly,2019_q3,2019-07-01,2019,7,3,1,all_cvd,male,all,upper_clear_likely_possible,death_certificate,quarterly_same_quarter_previous_5yr_mean,69.59999999999999,69.6,count,348,,5,final,bnr_sdc_v1,6,0,0,0,0,,none,No disclosure restriction identified.
MORT-BURDEN-001,mort_2026_07,quarterly,2019_q3,2019-07-01,2019,7,3,1,heart,all,all,upper_clear_likely_possible,death_certificate,quarterly_count,80,80,count,80,,,final,bnr_sdc_v1,6,0,0,0,0,,none,No disclosure restriction identified.
MORT-BURDEN-001,mort_2026_07,quarterly,2019_q3,2019-07-01,2019,7,3,1,heart,all,all,upper_clear_likely_possible,death_certificate,quarterly_same_quarter_previous_5yr_mean,75.59999999999999,75.6,count,378,,5,final,bnr_sdc_v1,6,0,0,0,0,,none,No disclosure restriction identified.
MORT-BURDEN-001,mort_2026_07,quarterly,2019_q3,2019-07-01,2019,7,3,1,heart,female,all,upper_clear_likely_possible,death_certificate,quarterly_count,52,52,count,52,,,final,bnr_sdc_v1,6,0,0,0,0,,none,No disclosure restriction identified.
MORT-BURDEN-001,mort_2026_07,quarterly,2019_q3,2019-07-01,2019,7,3,1,heart,female,all,upper_clear_likely_possible,death_certificate,quarterly_same_quarter_previous_5yr_mean,32.2,32.2,count,161,,5,final,bnr_sdc_v1,6,0,0,0,0,,none,No disclosure restriction identified.
MORT-BURDEN-001,mort_2026_07,quarterly,2019_q3,2019-07-01,2019,7,3,1,heart,male,all,upper_clear_likely_possible,death_certificate,quarterly_count,28,28,count,28,,,final,bnr_sdc_v1,6,0,0,0,0,,none,No disclosure restriction identified.
MORT-BURDEN-001,mort_2026_07,quarterly,2019_q3,2019-07-01,2019,7,3,1,heart,male,all,upper_clear_likely_possible,death_certificate,quarterly_same_quarter_previous_5yr_mean,43.4,43.4,count,217,,5,final,bnr_sdc_v1,6,0,0,0,0,,none,No disclosure restriction identified.
MORT-BURDEN-001,mort_2026_07,quarterly,2019_q3,2019-07-01,2019,7,3,1,stroke,all,all,upper_clear_likely_possible,death_certificate,quarterly_count,73,73,count,73,,,final,bnr_sdc_v1,6,0,0,0,0,,none,No disclosure restriction identified.
MORT-BURDEN-001,mort_2026_07,quarterly,2019_q3,2019-07-01,2019,7,3,1,stroke,all,all,upper_clear_likely_possible,death_certificate,quarterly_same_quarter_previous_5yr_mean,67.8,67.8,count,339,,5,final,bnr_sdc_v1,6,0,0,0,0,,none,No disclosure restriction identified.
MORT-BURDEN-001,mort_2026_07,quarterly,2019_q3,2019-07-01,2019,7,3,1,stroke,female,all,upper_clear_likely_possible,death_certificate,quarterly_count,37,37,count,37,,,final,bnr_sdc_v1,6,0,0,0,0,,none,No disclosure restriction identified.
MORT-BURDEN-001,mort_2026_07,quarterly,2019_q3,2019-07-01,2019,7,3,1,stroke,female,all,upper_clear_likely_possible,death_certificate,quarterly_same_quarter_previous_5yr_mean,41.6,41.6,count,208,,5,final,bnr_sdc_v1,6,0,0,0,0,,none,No disclosure restriction identified.
MORT-BURDEN-001,mort_2026_07,quarterly,2019_q3,2019-07-01,2019,7,3,1,stroke,male,all,upper_clear_likely_possible,death_certificate,quarterly_count,36,36,count,36,,,final,bnr_sdc_v1,6,0,0,0,0,,none,No disclosure restriction identified.
MORT-BURDEN-001,mort_2026_07,quarterly,2019_q3,2019-07-01,2019,7,3,1,stroke,male,all,upper_clear_likely_possible,death_certificate,quarterly_same_quarter_previous_5yr_mean,26.2,26.2,count,131,,5,final,bnr_sdc_v1,6,0,0,0,0,,none,No disclosure restriction identified.
MORT-BURDEN-001,mort_2026_07,quarterly,2019_q4,2019-10-01,2019,10,4,1,all_cvd,all,all,primary_clear_likely,death_certificate,quarterly_count,90,90,count,90,,,final,bnr_sdc_v1,6,0,0,0,0,,none,No disclosure restriction identified.
MORT-BURDEN-001,mort_2026_07,quarterly,2019_q4,2019-10-01,2019,10,4,1,all_cvd,all,all,primary_clear_likely,death_certificate,quarterly_same_quarter_previous_5yr_mean,126.8,126.8,count,634,,5,final,bnr_sdc_v1,6,0,0,0,0,,none,No disclosure restriction identified.
MORT-BURDEN-001,mort_2026_07,quarterly,2019_q4,2019-10-01,2019,10,4,1,all_cvd,female,all,primary_clear_likely,death_certificate,quarterly_count,42,42,count,42,,,final,bnr_sdc_v1,6,0,0,0,0,,none,No disclosure restriction identified.
MORT-BURDEN-001,mort_2026_07,quarterly,2019_q4,2019-10-01,2019,10,4,1,all_cvd,female,all,primary_clear_likely,death_certificate,quarterly_same_quarter_previous_5yr_mean,63.6,63.6,count,318,,5,final,bnr_sdc_v1,6,0,0,0,0,,none,No disclosure restriction identified.
MORT-BURDEN-001,mort_2026_07,quarterly,2019_q4,2019-10-01,2019,10,4,1,all_cvd,male,all,primary_clear_likely,death_certificate,quarterly_count,48,48,count,48,,,final,bnr_sdc_v1,6,0,0,0,0,,none,No disclosure restriction identified.
MORT-BURDEN-001,mort_2026_07,quarterly,2019_q4,2019-10-01,2019,10,4,1,all_cvd,male,all,primary_clear_likely,death_certificate,quarterly_same_quarter_previous_5yr_mean,63.2,63.2,count,316,,5,final,bnr_sdc_v1,6,0,0,0,0,,none,No disclosure restriction identified.
MORT-BURDEN-001,mort_2026_07,quarterly,2019_q4,2019-10-01,2019,10,4,1,heart,all,all,primary_clear_likely,death_certificate,quarterly_count,56,56,count,56,,,final,bnr_sdc_v1,6,0,0,0,0,,none,No disclosure restriction identified.
MORT-BURDEN-001,mort_2026_07,quarterly,2019_q4,2019-10-01,2019,10,4,1,heart,all,all,primary_clear_likely,death_certificate,quarterly_same_quarter_previous_5yr_mean,64.40000000000001,64.4,count,322,,5,final,bnr_sdc_v1,6,0,0,0,0,,none,No disclosure restriction identified.
MORT-BURDEN-001,mort_2026_07,quarterly,2019_q4,2019-10-01,2019,10,4,1,heart,female,all,primary_clear_likely,death_certificate,quarterly_count,24,24,count,24,,,final,bnr_sdc_v1,6,0,0,0,0,,none,No disclosure restriction identified.
MORT-BURDEN-001,mort_2026_07,quarterly,2019_q4,2019-10-01,2019,10,4,1,heart,female,all,primary_clear_likely,death_certificate,quarterly_same_quarter_previous_5yr_mean,28.2,28.2,count,141,,5,final,bnr_sdc_v1,6,0,0,0,0,,none,No disclosure restriction identified.
MORT-BURDEN-001,mort_2026_07,quarterly,2019_q4,2019-10-01,2019,10,4,1,heart,male,all,primary_clear_likely,death_certificate,quarterly_count,32,32,count,32,,,final,bnr_sdc_v1,6,0,0,0,0,,none,No disclosure restriction identified.
MORT-BURDEN-001,mort_2026_07,quarterly,2019_q4,2019-10-01,2019,10,4,1,heart,male,all,primary_clear_likely,death_certificate,quarterly_same_quarter_previous_5yr_mean,36.2,36.2,count,181,,5,final,bnr_sdc_v1,6,0,0,0,0,,none,No disclosure restriction identified.
MORT-BURDEN-001,mort_2026_07,quarterly,2019_q4,2019-10-01,2019,10,4,1,stroke,all,all,primary_clear_likely,death_certificate,quarterly_count,34,34,count,34,,,final,bnr_sdc_v1,6,0,0,0,0,,none,No disclosure restriction identified.
MORT-BURDEN-001,mort_2026_07,quarterly,2019_q4,2019-10-01,2019,10,4,1,stroke,all,all,primary_clear_likely,death_certificate,quarterly_same_quarter_previous_5yr_mean,62.4,62.4,count,312,,5,final,bnr_sdc_v1,6,0,0,0,0,,none,No disclosure restriction identified.
MORT-BURDEN-001,mort_2026_07,quarterly,2019_q4,2019-10-01,2019,10,4,1,stroke,female,all,primary_clear_likely,death_certificate,quarterly_count,18,18,count,18,,,final,bnr_sdc_v1,6,0,0,0,0,,none,No disclosure restriction identified.
MORT-BURDEN-001,mort_2026_07,quarterly,2019_q4,2019-10-01,2019,10,4,1,stroke,female,all,primary_clear_likely,death_certificate,quarterly_same_quarter_previous_5yr_mean,35.4,35.4,count,177,,5,final,bnr_sdc_v1,6,0,0,0,0,,none,No disclosure restriction identified.
MORT-BURDEN-001,mort_2026_07,quarterly,2019_q4,2019-10-01,2019,10,4,1,stroke,male,all,primary_clear_likely,death_certificate,quarterly_count,16,16,count,16,,,final,bnr_sdc_v1,6,0,0,0,0,,none,No disclosure restriction identified.
MORT-BURDEN-001,mort_2026_07,quarterly,2019_q4,2019-10-01,2019,10,4,1,stroke,male,all,primary_clear_likely,death_certificate,quarterly_same_quarter_previous_5yr_mean,27,27,count,135,,5,final,bnr_sdc_v1,6,0,0,0,0,,none,No disclosure restriction identified.
MORT-BURDEN-001,mort_2026_07,quarterly,2019_q4,2019-10-01,2019,10,4,1,all_cvd,all,all,upper_clear_likely_possible,death_certificate,quarterly_count,135,135,count,135,,,final,bnr_sdc_v1,6,0,0,0,0,,none,No disclosure restriction identified.
MORT-BURDEN-001,mort_2026_07,quarterly,2019_q4,2019-10-01,2019,10,4,1,all_cvd,all,all,upper_clear_likely_possible,death_certificate,quarterly_same_quarter_previous_5yr_mean,152.6,152.6,count,763,,5,final,bnr_sdc_v1,6,0,0,0,0,,none,No disclosure restriction identified.
MORT-BURDEN-001,mort_2026_07,quarterly,2019_q4,2019-10-01,2019,10,4,1,all_cvd,female,all,upper_clear_likely_possible,death_certificate,quarterly_count,63,63,count,63,,,final,bnr_sdc_v1,6,0,0,0,0,,none,No disclosure restriction identified.
MORT-BURDEN-001,mort_2026_07,quarterly,2019_q4,2019-10-01,2019,10,4,1,all_cvd,female,all,upper_clear_likely_possible,death_certificate,quarterly_same_quarter_previous_5yr_mean,75.8,75.8,count,379,,5,final,bnr_sdc_v1,6,0,0,0,0,,none,No disclosure restriction identified.
MORT-BURDEN-001,mort_2026_07,quarterly,2019_q4,2019-10-01,2019,10,4,1,all_cvd,male,all,upper_clear_likely_possible,death_certificate,quarterly_count,72,72,count,72,,,final,bnr_sdc_v1,6,0,0,0,0,,none,No disclosure restriction identified.
MORT-BURDEN-001,mort_2026_07,quarterly,2019_q4,2019-10-01,2019,10,4,1,all_cvd,male,all,upper_clear_likely_possible,death_certificate,quarterly_same_quarter_previous_5yr_mean,76.8,76.8,count,384,,5,final,bnr_sdc_v1,6,0,0,0,0,,none,No disclosure restriction identified.
MORT-BURDEN-001,mort_2026_07,quarterly,2019_q4,2019-10-01,2019,10,4,1,heart,all,all,upper_clear_likely_possible,death_certificate,quarterly_count,75,75,count,75,,,final,bnr_sdc_v1,6,0,0,0,0,,none,No disclosure restriction identified.
MORT-BURDEN-001,mort_2026_07,quarterly,2019_q4,2019-10-01,2019,10,4,1,heart,all,all,upper_clear_likely_possible,death_certificate,quarterly_same_quarter_previous_5yr_mean,80.40000000000001,80.4,count,402,,5,final,bnr_sdc_v1,6,0,0,0,0,,none,No disclosure restriction identified.
MORT-BURDEN-001,mort_2026_07,quarterly,2019_q4,2019-10-01,2019,10,4,1,heart,female,all,upper_clear_likely_possible,death_certificate,quarterly_count,37,37,count,37,,,final,bnr_sdc_v1,6,0,0,0,0,,none,No disclosure restriction identified.
MORT-BURDEN-001,mort_2026_07,quarterly,2019_q4,2019-10-01,2019,10,4,1,heart,female,all,upper_clear_likely_possible,death_certificate,quarterly_same_quarter_previous_5yr_mean,35,35,count,175,,5,final,bnr_sdc_v1,6,0,0,0,0,,none,No disclosure restriction identified.
MORT-BURDEN-001,mort_2026_07,quarterly,2019_q4,2019-10-01,2019,10,4,1,heart,male,all,upper_clear_likely_possible,death_certificate,quarterly_count,38,38,count,38,,,final,bnr_sdc_v1,6,0,0,0,0,,none,No disclosure restriction identified.
MORT-BURDEN-001,mort_2026_07,quarterly,2019_q4,2019-10-01,2019,10,4,1,heart,male,all,upper_clear_likely_possible,death_certificate,quarterly_same_quarter_previous_5yr_mean,45.4,45.4,count,227,,5,final,bnr_sdc_v1,6,0,0,0,0,,none,No disclosure restriction identified.
MORT-BURDEN-001,mort_2026_07,quarterly,2019_q4,2019-10-01,2019,10,4,1,stroke,all,all,upper_clear_likely_possible,death_certificate,quarterly_count,60,60,count,60,,,final,bnr_sdc_v1,6,0,0,0,0,,none,No disclosure restriction identified.
MORT-BURDEN-001,mort_2026_07,quarterly,2019_q4,2019-10-01,2019,10,4,1,stroke,all,all,upper_clear_likely_possible,death_certificate,quarterly_same_quarter_previous_5yr_mean,72.2,72.2,count,361,,5,final,bnr_sdc_v1,6,0,0,0,0,,none,No disclosure restriction identified.
MORT-BURDEN-001,mort_2026_07,quarterly,2019_q4,2019-10-01,2019,10,4,1,stroke,female,all,upper_clear_likely_possible,death_certificate,quarterly_count,26,26,count,26,,,final,bnr_sdc_v1,6,0,0,0,0,,none,No disclosure restriction identified.
MORT-BURDEN-001,mort_2026_07,quarterly,2019_q4,2019-10-01,2019,10,4,1,stroke,female,all,upper_clear_likely_possible,death_certificate,quarterly_same_quarter_previous_5yr_mean,40.8,40.8,count,204,,5,final,bnr_sdc_v1,6,0,0,0,0,,none,No disclosure restriction identified.
MORT-BURDEN-001,mort_2026_07,quarterly,2019_q4,2019-10-01,2019,10,4,1,stroke,male,all,upper_clear_likely_possible,death_certificate,quarterly_count,34,34,count,34,,,final,bnr_sdc_v1,6,0,0,0,0,,none,No disclosure restriction identified.
MORT-BURDEN-001,mort_2026_07,quarterly,2019_q4,2019-10-01,2019,10,4,1,stroke,male,all,upper_clear_likely_possible,death_certificate,quarterly_same_quarter_previous_5yr_mean,31.4,31.4,count,157,,5,final,bnr_sdc_v1,6,0,0,0,0,,none,No disclosure restriction identified.
MORT-BURDEN-001,mort_2026_07,quarterly,2020_q1,2020-01-01,2020,1,1,1,all_cvd,all,all,primary_clear_likely,death_certificate,quarterly_count,117,117,count,117,,,final,bnr_sdc_v1,6,0,0,0,0,,none,No disclosure restriction identified.
MORT-BURDEN-001,mort_2026_07,quarterly,2020_q1,2020-01-01,2020,1,1,1,all_cvd,all,all,primary_clear_likely,death_certificate,quarterly_same_quarter_previous_5yr_mean,126.8,126.8,count,634,,5,final,bnr_sdc_v1,6,0,0,0,0,,none,No disclosure restriction identified.
MORT-BURDEN-001,mort_2026_07,quarterly,2020_q1,2020-01-01,2020,1,1,1,all_cvd,female,all,primary_clear_likely,death_certificate,quarterly_count,58,58,count,58,,,final,bnr_sdc_v1,6,0,0,0,0,,none,No disclosure restriction identified.
MORT-BURDEN-001,mort_2026_07,quarterly,2020_q1,2020-01-01,2020,1,1,1,all_cvd,female,all,primary_clear_likely,death_certificate,quarterly_same_quarter_previous_5yr_mean,64.2,64.2,count,321,,5,final,bnr_sdc_v1,6,0,0,0,0,,none,No disclosure restriction identified.
MORT-BURDEN-001,mort_2026_07,quarterly,2020_q1,2020-01-01,2020,1,1,1,all_cvd,male,all,primary_clear_likely,death_certificate,quarterly_count,59,59,count,59,,,final,bnr_sdc_v1,6,0,0,0,0,,none,No disclosure restriction identified.
MORT-BURDEN-001,mort_2026_07,quarterly,2020_q1,2020-01-01,2020,1,1,1,all_cvd,male,all,primary_clear_likely,death_certificate,quarterly_same_quarter_previous_5yr_mean,62.6,62.6,count,313,,5,final,bnr_sdc_v1,6,0,0,0,0,,none,No disclosure restriction identified.
MORT-BURDEN-001,mort_2026_07,quarterly,2020_q1,2020-01-01,2020,1,1,1,heart,all,all,primary_clear_likely,death_certificate,quarterly_count,70,70,count,70,,,final,bnr_sdc_v1,6,0,0,0,0,,none,No disclosure restriction identified.
MORT-BURDEN-001,mort_2026_07,quarterly,2020_q1,2020-01-01,2020,1,1,1,heart,all,all,primary_clear_likely,death_certificate,quarterly_same_quarter_previous_5yr_mean,63.6,63.6,count,318,,5,final,bnr_sdc_v1,6,0,0,0,0,,none,No disclosure restriction identified.
MORT-BURDEN-001,mort_2026_07,quarterly,2020_q1,2020-01-01,2020,1,1,1,heart,female,all,primary_clear_likely,death_certificate,quarterly_count,30,30,count,30,,,final,bnr_sdc_v1,6,0,0,0,0,,none,No disclosure restriction identified.
MORT-BURDEN-001,mort_2026_07,quarterly,2020_q1,2020-01-01,2020,1,1,1,heart,female,all,primary_clear_likely,death_certificate,quarterly_same_quarter_previous_5yr_mean,29,29,count,145,,5,final,bnr_sdc_v1,6,0,0,0,0,,none,No disclosure restriction identified.
MORT-BURDEN-001,mort_2026_07,quarterly,2020_q1,2020-01-01,2020,1,1,1,heart,male,all,primary_clear_likely,death_certificate,quarterly_count,40,40,count,40,,,final,bnr_sdc_v1,6,0,0,0,0,,none,No disclosure restriction identified.
MORT-BURDEN-001,mort_2026_07,quarterly,2020_q1,2020-01-01,2020,1,1,1,heart,male,all,primary_clear_likely,death_certificate,quarterly_same_quarter_previous_5yr_mean,34.6,34.6,count,173,,5,final,bnr_sdc_v1,6,0,0,0,0,,none,No disclosure restriction identified.
MORT-BURDEN-001,mort_2026_07,quarterly,2020_q1,2020-01-01,2020,1,1,1,stroke,all,all,primary_clear_likely,death_certificate,quarterly_count,47,47,count,47,,,final,bnr_sdc_v1,6,0,0,0,0,,none,No disclosure restriction identified.
MORT-BURDEN-001,mort_2026_07,quarterly,2020_q1,2020-01-01,2020,1,1,1,stroke,all,all,primary_clear_likely,death_certificate,quarterly_same_quarter_previous_5yr_mean,63.2,63.2,count,316,,5,final,bnr_sdc_v1,6,0,0,0,0,,none,No disclosure restriction identified.
MORT-BURDEN-001,mort_2026_07,quarterly,2020_q1,2020-01-01,2020,1,1,1,stroke,female,all,primary_clear_likely,death_certificate,quarterly_count,28,28,count,28,,,final,bnr_sdc_v1,6,0,0,0,0,,none,No disclosure restriction identified.
MORT-BURDEN-001,mort_2026_07,quarterly,2020_q1,2020-01-01,2020,1,1,1,stroke,female,all,primary_clear_likely,death_certificate,quarterly_same_quarter_previous_5yr_mean,35.2,35.2,count,176,,5,final,bnr_sdc_v1,6,0,0,0,0,,none,No disclosure restriction identified.
MORT-BURDEN-001,mort_2026_07,quarterly,2020_q1,2020-01-01,2020,1,1,1,stroke,male,all,primary_clear_likely,death_certificate,quarterly_count,19,19,count,19,,,final,bnr_sdc_v1,6,0,0,0,0,,none,No disclosure restriction identified.
MORT-BURDEN-001,mort_2026_07,quarterly,2020_q1,2020-01-01,2020,1,1,1,stroke,male,all,primary_clear_likely,death_certificate,quarterly_same_quarter_previous_5yr_mean,28,28,count,140,,5,final,bnr_sdc_v1,6,0,0,0,0,,none,No disclosure restriction identified.
MORT-BURDEN-001,mort_2026_07,quarterly,2020_q1,2020-01-01,2020,1,1,1,all_cvd,all,all,upper_clear_likely_possible,death_certificate,quarterly_count,162,162,count,162,,,final,bnr_sdc_v1,6,0,0,0,0,,none,No disclosure restriction identified.
MORT-BURDEN-001,mort_2026_07,quarterly,2020_q1,2020-01-01,2020,1,1,1,all_cvd,all,all,upper_clear_likely_possible,death_certificate,quarterly_same_quarter_previous_5yr_mean,158.8,158.8,count,794,,5,final,bnr_sdc_v1,6,0,0,0,0,,none,No disclosure restriction identified.
MORT-BURDEN-001,mort_2026_07,quarterly,2020_q1,2020-01-01,2020,1,1,1,all_cvd,female,all,upper_clear_likely_possible,death_certificate,quarterly_count,84,84,count,84,,,final,bnr_sdc_v1,6,0,0,0,0,,none,No disclosure restriction identified.
MORT-BURDEN-001,mort_2026_07,quarterly,2020_q1,2020-01-01,2020,1,1,1,all_cvd,female,all,upper_clear_likely_possible,death_certificate,quarterly_same_quarter_previous_5yr_mean,79.40000000000001,79.4,count,397,,5,final,bnr_sdc_v1,6,0,0,0,0,,none,No disclosure restriction identified.
MORT-BURDEN-001,mort_2026_07,quarterly,2020_q1,2020-01-01,2020,1,1,1,all_cvd,male,all,upper_clear_likely_possible,death_certificate,quarterly_count,78,78,count,78,,,final,bnr_sdc_v1,6,0,0,0,0,,none,No disclosure restriction identified.
MORT-BURDEN-001,mort_2026_07,quarterly,2020_q1,2020-01-01,2020,1,1,1,all_cvd,male,all,upper_clear_likely_possible,death_certificate,quarterly_same_quarter_previous_5yr_mean,79.40000000000001,79.4,count,397,,5,final,bnr_sdc_v1,6,0,0,0,0,,none,No disclosure restriction identified.
MORT-BURDEN-001,mort_2026_07,quarterly,2020_q1,2020-01-01,2020,1,1,1,heart,all,all,upper_clear_likely_possible,death_certificate,quarterly_count,92,92,count,92,,,final,bnr_sdc_v1,6,0,0,0,0,,none,No disclosure restriction identified.
MORT-BURDEN-001,mort_2026_07,quarterly,2020_q1,2020-01-01,2020,1,1,1,heart,all,all,upper_clear_likely_possible,death_certificate,quarterly_same_quarter_previous_5yr_mean,80,80,count,400,,5,final,bnr_sdc_v1,6,0,0,0,0,,none,No disclosure restriction identified.
MORT-BURDEN-001,mort_2026_07,quarterly,2020_q1,2020-01-01,2020,1,1,1,heart,female,all,upper_clear_likely_possible,death_certificate,quarterly_count,41,41,count,41,,,final,bnr_sdc_v1,6,0,0,0,0,,none,No disclosure restriction identified.
MORT-BURDEN-001,mort_2026_07,quarterly,2020_q1,2020-01-01,2020,1,1,1,heart,female,all,upper_clear_likely_possible,death_certificate,quarterly_same_quarter_previous_5yr_mean,36.4,36.4,count,182,,5,final,bnr_sdc_v1,6,0,0,0,0,,none,No disclosure restriction identified.
MORT-BURDEN-001,mort_2026_07,quarterly,2020_q1,2020-01-01,2020,1,1,1,heart,male,all,upper_clear_likely_possible,death_certificate,quarterly_count,51,51,count,51,,,final,bnr_sdc_v1,6,0,0,0,0,,none,No disclosure restriction identified.
MORT-BURDEN-001,mort_2026_07,quarterly,2020_q1,2020-01-01,2020,1,1,1,heart,male,all,upper_clear_likely_possible,death_certificate,quarterly_same_quarter_previous_5yr_mean,43.6,43.6,count,218,,5,final,bnr_sdc_v1,6,0,0,0,0,,none,No disclosure restriction identified.
MORT-BURDEN-001,mort_2026_07,quarterly,2020_q1,2020-01-01,2020,1,1,1,stroke,all,all,upper_clear_likely_possible,death_certificate,quarterly_count,70,70,count,70,,,final,bnr_sdc_v1,6,0,0,0,0,,none,No disclosure restriction identified.
MORT-BURDEN-001,mort_2026_07,quarterly,2020_q1,2020-01-01,2020,1,1,1,stroke,all,all,upper_clear_likely_possible,death_certificate,quarterly_same_quarter_previous_5yr_mean,78.8,78.8,count,394,,5,final,bnr_sdc_v1,6,0,0,0,0,,none,No disclosure restriction identified.
MORT-BURDEN-001,mort_2026_07,quarterly,2020_q1,2020-01-01,2020,1,1,1,stroke,female,all,upper_clear_likely_possible,death_certificate,quarterly_count,43,43,count,43,,,final,bnr_sdc_v1,6,0,0,0,0,,none,No disclosure restriction identified.
MORT-BURDEN-001,mort_2026_07,quarterly,2020_q1,2020-01-01,2020,1,1,1,stroke,female,all,upper_clear_likely_possible,death_certificate,quarterly_same_quarter_previous_5yr_mean,43,43,count,215,,5,final,bnr_sdc_v1,6,0,0,0,0,,none,No disclosure restriction identified.
MORT-BURDEN-001,mort_2026_07,quarterly,2020_q1,2020-01-01,2020,1,1,1,stroke,male,all,upper_clear_likely_possible,death_certificate,quarterly_count,27,27,count,27,,,final,bnr_sdc_v1,6,0,0,0,0,,none,No disclosure restriction identified.
MORT-BURDEN-001,mort_2026_07,quarterly,2020_q1,2020-01-01,2020,1,1,1,stroke,male,all,upper_clear_likely_possible,death_certificate,quarterly_same_quarter_previous_5yr_mean,35.8,35.8,count,179,,5,final,bnr_sdc_v1,6,0,0,0,0,,none,No disclosure restriction identified.
MORT-BURDEN-001,mort_2026_07,quarterly,2020_q2,2020-04-01,2020,4,2,1,all_cvd,all,all,primary_clear_likely,death_certificate,quarterly_count,81,81,count,81,,,final,bnr_sdc_v1,6,0,0,0,0,,none,No disclosure restriction identified.
MORT-BURDEN-001,mort_2026_07,quarterly,2020_q2,2020-04-01,2020,4,2,1,all_cvd,all,all,primary_clear_likely,death_certificate,quarterly_same_quarter_previous_5yr_mean,118.8,118.8,count,594,,5,final,bnr_sdc_v1,6,0,0,0,0,,none,No disclosure restriction identified.
MORT-BURDEN-001,mort_2026_07,quarterly,2020_q2,2020-04-01,2020,4,2,1,all_cvd,female,all,primary_clear_likely,death_certificate,quarterly_count,42,42,count,42,,,final,bnr_sdc_v1,6,0,0,0,0,,none,No disclosure restriction identified.
MORT-BURDEN-001,mort_2026_07,quarterly,2020_q2,2020-04-01,2020,4,2,1,all_cvd,female,all,primary_clear_likely,death_certificate,quarterly_same_quarter_previous_5yr_mean,62,62,count,310,,5,final,bnr_sdc_v1,6,0,0,0,0,,none,No disclosure restriction identified.
MORT-BURDEN-001,mort_2026_07,quarterly,2020_q2,2020-04-01,2020,4,2,1,all_cvd,male,all,primary_clear_likely,death_certificate,quarterly_count,39,39,count,39,,,final,bnr_sdc_v1,6,0,0,0,0,,none,No disclosure restriction identified.
MORT-BURDEN-001,mort_2026_07,quarterly,2020_q2,2020-04-01,2020,4,2,1,all_cvd,male,all,primary_clear_likely,death_certificate,quarterly_same_quarter_previous_5yr_mean,56.8,56.8,count,284,,5,final,bnr_sdc_v1,6,0,0,0,0,,none,No disclosure restriction identified.
MORT-BURDEN-001,mort_2026_07,quarterly,2020_q2,2020-04-01,2020,4,2,1,heart,all,all,primary_clear_likely,death_certificate,quarterly_count,47,47,count,47,,,final,bnr_sdc_v1,6,0,0,0,0,,none,No disclosure restriction identified.
MORT-BURDEN-001,mort_2026_07,quarterly,2020_q2,2020-04-01,2020,4,2,1,heart,all,all,primary_clear_likely,death_certificate,quarterly_same_quarter_previous_5yr_mean,55.8,55.8,count,279,,5,final,bnr_sdc_v1,6,0,0,0,0,,none,No disclosure restriction identified.
MORT-BURDEN-001,mort_2026_07,quarterly,2020_q2,2020-04-01,2020,4,2,1,heart,female,all,primary_clear_likely,death_certificate,quarterly_count,24,24,count,24,,,final,bnr_sdc_v1,6,0,0,0,0,,none,No disclosure restriction identified.
MORT-BURDEN-001,mort_2026_07,quarterly,2020_q2,2020-04-01,2020,4,2,1,heart,female,all,primary_clear_likely,death_certificate,quarterly_same_quarter_previous_5yr_mean,25.4,25.4,count,127,,5,final,bnr_sdc_v1,6,0,0,0,0,,none,No disclosure restriction identified.
MORT-BURDEN-001,mort_2026_07,quarterly,2020_q2,2020-04-01,2020,4,2,1,heart,male,all,primary_clear_likely,death_certificate,quarterly_count,23,23,count,23,,,final,bnr_sdc_v1,6,0,0,0,0,,none,No disclosure restriction identified.
MORT-BURDEN-001,mort_2026_07,quarterly,2020_q2,2020-04-01,2020,4,2,1,heart,male,all,primary_clear_likely,death_certificate,quarterly_same_quarter_previous_5yr_mean,30.4,30.4,count,152,,5,final,bnr_sdc_v1,6,0,0,0,0,,none,No disclosure restriction identified.
MORT-BURDEN-001,mort_2026_07,quarterly,2020_q2,2020-04-01,2020,4,2,1,stroke,all,all,primary_clear_likely,death_certificate,quarterly_count,34,34,count,34,,,final,bnr_sdc_v1,6,0,0,0,0,,none,No disclosure restriction identified.
MORT-BURDEN-001,mort_2026_07,quarterly,2020_q2,2020-04-01,2020,4,2,1,stroke,all,all,primary_clear_likely,death_certificate,quarterly_same_quarter_previous_5yr_mean,63,63,count,315,,5,final,bnr_sdc_v1,6,0,0,0,0,,none,No disclosure restriction identified.
MORT-BURDEN-001,mort_2026_07,quarterly,2020_q2,2020-04-01,2020,4,2,1,stroke,female,all,primary_clear_likely,death_certificate,quarterly_count,18,18,count,18,,,final,bnr_sdc_v1,6,0,0,0,0,,none,No disclosure restriction identified.
MORT-BURDEN-001,mort_2026_07,quarterly,2020_q2,2020-04-01,2020,4,2,1,stroke,female,all,primary_clear_likely,death_certificate,quarterly_same_quarter_previous_5yr_mean,36.6,36.6,count,183,,5,final,bnr_sdc_v1,6,0,0,0,0,,none,No disclosure restriction identified.
MORT-BURDEN-001,mort_2026_07,quarterly,2020_q2,2020-04-01,2020,4,2,1,stroke,male,all,primary_clear_likely,death_certificate,quarterly_count,16,16,count,16,,,final,bnr_sdc_v1,6,0,0,0,0,,none,No disclosure restriction identified.
MORT-BURDEN-001,mort_2026_07,quarterly,2020_q2,2020-04-01,2020,4,2,1,stroke,male,all,primary_clear_likely,death_certificate,quarterly_same_quarter_previous_5yr_mean,26.4,26.4,count,132,,5,final,bnr_sdc_v1,6,0,0,0,0,,none,No disclosure restriction identified.
MORT-BURDEN-001,mort_2026_07,quarterly,2020_q2,2020-04-01,2020,4,2,1,all_cvd,all,all,upper_clear_likely_possible,death_certificate,quarterly_count,128,128,count,128,,,final,bnr_sdc_v1,6,0,0,0,0,,none,No disclosure restriction identified.
MORT-BURDEN-001,mort_2026_07,quarterly,2020_q2,2020-04-01,2020,4,2,1,all_cvd,all,all,upper_clear_likely_possible,death_certificate,quarterly_same_quarter_previous_5yr_mean,149.6,149.6,count,748,,5,final,bnr_sdc_v1,6,0,0,0,0,,none,No disclosure restriction identified.
MORT-BURDEN-001,mort_2026_07,quarterly,2020_q2,2020-04-01,2020,4,2,1,all_cvd,female,all,upper_clear_likely_possible,death_certificate,quarterly_count,69,69,count,69,,,final,bnr_sdc_v1,6,0,0,0,0,,none,No disclosure restriction identified.
MORT-BURDEN-001,mort_2026_07,quarterly,2020_q2,2020-04-01,2020,4,2,1,all_cvd,female,all,upper_clear_likely_possible,death_certificate,quarterly_same_quarter_previous_5yr_mean,78.2,78.2,count,391,,5,final,bnr_sdc_v1,6,0,0,0,0,,none,No disclosure restriction identified.
MORT-BURDEN-001,mort_2026_07,quarterly,2020_q2,2020-04-01,2020,4,2,1,all_cvd,male,all,upper_clear_likely_possible,death_certificate,quarterly_count,59,59,count,59,,,final,bnr_sdc_v1,6,0,0,0,0,,none,No disclosure restriction identified.
MORT-BURDEN-001,mort_2026_07,quarterly,2020_q2,2020-04-01,2020,4,2,1,all_cvd,male,all,upper_clear_likely_possible,death_certificate,quarterly_same_quarter_previous_5yr_mean,71.40000000000001,71.4,count,357,,5,final,bnr_sdc_v1,6,0,0,0,0,,none,No disclosure restriction identified.
MORT-BURDEN-001,mort_2026_07,quarterly,2020_q2,2020-04-01,2020,4,2,1,heart,all,all,upper_clear_likely_possible,death_certificate,quarterly_count,69,69,count,69,,,final,bnr_sdc_v1,6,0,0,0,0,,none,No disclosure restriction identified.
MORT-BURDEN-001,mort_2026_07,quarterly,2020_q2,2020-04-01,2020,4,2,1,heart,all,all,upper_clear_likely_possible,death_certificate,quarterly_same_quarter_previous_5yr_mean,72,72,count,360,,5,final,bnr_sdc_v1,6,0,0,0,0,,none,No disclosure restriction identified.
MORT-BURDEN-001,mort_2026_07,quarterly,2020_q2,2020-04-01,2020,4,2,1,heart,female,all,upper_clear_likely_possible,death_certificate,quarterly_count,35,35,count,35,,,final,bnr_sdc_v1,6,0,0,0,0,,none,No disclosure restriction identified.
MORT-BURDEN-001,mort_2026_07,quarterly,2020_q2,2020-04-01,2020,4,2,1,heart,female,all,upper_clear_likely_possible,death_certificate,quarterly_same_quarter_previous_5yr_mean,33.8,33.8,count,169,,5,final,bnr_sdc_v1,6,0,0,0,0,,none,No disclosure restriction identified.
MORT-BURDEN-001,mort_2026_07,quarterly,2020_q2,2020-04-01,2020,4,2,1,heart,male,all,upper_clear_likely_possible,death_certificate,quarterly_count,34,34,count,34,,,final,bnr_sdc_v1,6,0,0,0,0,,none,No disclosure restriction identified.
MORT-BURDEN-001,mort_2026_07,quarterly,2020_q2,2020-04-01,2020,4,2,1,heart,male,all,upper_clear_likely_possible,death_certificate,quarterly_same_quarter_previous_5yr_mean,38.2,38.2,count,191,,5,final,bnr_sdc_v1,6,0,0,0,0,,none,No disclosure restriction identified.
MORT-BURDEN-001,mort_2026_07,quarterly,2020_q2,2020-04-01,2020,4,2,1,stroke,all,all,upper_clear_likely_possible,death_certificate,quarterly_count,59,59,count,59,,,final,bnr_sdc_v1,6,0,0,0,0,,none,No disclosure restriction identified.
MORT-BURDEN-001,mort_2026_07,quarterly,2020_q2,2020-04-01,2020,4,2,1,stroke,all,all,upper_clear_likely_possible,death_certificate,quarterly_same_quarter_previous_5yr_mean,77.59999999999999,77.6,count,388,,5,final,bnr_sdc_v1,6,0,0,0,0,,none,No disclosure restriction identified.
MORT-BURDEN-001,mort_2026_07,quarterly,2020_q2,2020-04-01,2020,4,2,1,stroke,female,all,upper_clear_likely_possible,death_certificate,quarterly_count,34,34,count,34,,,final,bnr_sdc_v1,6,0,0,0,0,,none,No disclosure restriction identified.
MORT-BURDEN-001,mort_2026_07,quarterly,2020_q2,2020-04-01,2020,4,2,1,stroke,female,all,upper_clear_likely_possible,death_certificate,quarterly_same_quarter_previous_5yr_mean,44.4,44.4,count,222,,5,final,bnr_sdc_v1,6,0,0,0,0,,none,No disclosure restriction identified.
MORT-BURDEN-001,mort_2026_07,quarterly,2020_q2,2020-04-01,2020,4,2,1,stroke,male,all,upper_clear_likely_possible,death_certificate,quarterly_count,25,25,count,25,,,final,bnr_sdc_v1,6,0,0,0,0,,none,No disclosure restriction identified.
MORT-BURDEN-001,mort_2026_07,quarterly,2020_q2,2020-04-01,2020,4,2,1,stroke,male,all,upper_clear_likely_possible,death_certificate,quarterly_same_quarter_previous_5yr_mean,33.2,33.2,count,166,,5,final,bnr_sdc_v1,6,0,0,0,0,,none,No disclosure restriction identified.
MORT-BURDEN-001,mort_2026_07,quarterly,2020_q3,2020-07-01,2020,7,3,1,all_cvd,all,all,primary_clear_likely,death_certificate,quarterly_count,90,90,count,90,,,final,bnr_sdc_v1,6,0,0,0,0,,none,No disclosure restriction identified.
MORT-BURDEN-001,mort_2026_07,quarterly,2020_q3,2020-07-01,2020,7,3,1,all_cvd,all,all,primary_clear_likely,death_certificate,quarterly_same_quarter_previous_5yr_mean,113.8,113.8,count,569,,5,final,bnr_sdc_v1,6,0,0,0,0,,none,No disclosure restriction identified.
MORT-BURDEN-001,mort_2026_07,quarterly,2020_q3,2020-07-01,2020,7,3,1,all_cvd,female,all,primary_clear_likely,death_certificate,quarterly_count,54,54,count,54,,,final,bnr_sdc_v1,6,0,0,0,0,,none,No disclosure restriction identified.
MORT-BURDEN-001,mort_2026_07,quarterly,2020_q3,2020-07-01,2020,7,3,1,all_cvd,female,all,primary_clear_likely,death_certificate,quarterly_same_quarter_previous_5yr_mean,58.8,58.8,count,294,,5,final,bnr_sdc_v1,6,0,0,0,0,,none,No disclosure restriction identified.
MORT-BURDEN-001,mort_2026_07,quarterly,2020_q3,2020-07-01,2020,7,3,1,all_cvd,male,all,primary_clear_likely,death_certificate,quarterly_count,36,36,count,36,,,final,bnr_sdc_v1,6,0,0,0,0,,none,No disclosure restriction identified.
MORT-BURDEN-001,mort_2026_07,quarterly,2020_q3,2020-07-01,2020,7,3,1,all_cvd,male,all,primary_clear_likely,death_certificate,quarterly_same_quarter_previous_5yr_mean,55,55,count,275,,5,final,bnr_sdc_v1,6,0,0,0,0,,none,No disclosure restriction identified.
MORT-BURDEN-001,mort_2026_07,quarterly,2020_q3,2020-07-01,2020,7,3,1,heart,all,all,primary_clear_likely,death_certificate,quarterly_count,45,45,count,45,,,final,bnr_sdc_v1,6,0,0,0,0,,none,No disclosure restriction identified.
MORT-BURDEN-001,mort_2026_07,quarterly,2020_q3,2020-07-01,2020,7,3,1,heart,all,all,primary_clear_likely,death_certificate,quarterly_same_quarter_previous_5yr_mean,58.8,58.8,count,294,,5,final,bnr_sdc_v1,6,0,0,0,0,,none,No disclosure restriction identified.
MORT-BURDEN-001,mort_2026_07,quarterly,2020_q3,2020-07-01,2020,7,3,1,heart,female,all,primary_clear_likely,death_certificate,quarterly_count,24,24,count,24,,,final,bnr_sdc_v1,6,0,0,0,0,,none,No disclosure restriction identified.
MORT-BURDEN-001,mort_2026_07,quarterly,2020_q3,2020-07-01,2020,7,3,1,heart,female,all,primary_clear_likely,death_certificate,quarterly_same_quarter_previous_5yr_mean,26,26,count,130,,5,final,bnr_sdc_v1,6,0,0,0,0,,none,No disclosure restriction identified.
MORT-BURDEN-001,mort_2026_07,quarterly,2020_q3,2020-07-01,2020,7,3,1,heart,male,all,primary_clear_likely,death_certificate,quarterly_count,21,21,count,21,,,final,bnr_sdc_v1,6,0,0,0,0,,none,No disclosure restriction identified.
MORT-BURDEN-001,mort_2026_07,quarterly,2020_q3,2020-07-01,2020,7,3,1,heart,male,all,primary_clear_likely,death_certificate,quarterly_same_quarter_previous_5yr_mean,32.8,32.8,count,164,,5,final,bnr_sdc_v1,6,0,0,0,0,,none,No disclosure restriction identified.
MORT-BURDEN-001,mort_2026_07,quarterly,2020_q3,2020-07-01,2020,7,3,1,stroke,all,all,primary_clear_likely,death_certificate,quarterly_count,45,45,count,45,,,final,bnr_sdc_v1,6,0,0,0,0,,none,No disclosure restriction identified.
MORT-BURDEN-001,mort_2026_07,quarterly,2020_q3,2020-07-01,2020,7,3,1,stroke,all,all,primary_clear_likely,death_certificate,quarterly_same_quarter_previous_5yr_mean,55,55,count,275,,5,final,bnr_sdc_v1,6,0,0,0,0,,none,No disclosure restriction identified.
MORT-BURDEN-001,mort_2026_07,quarterly,2020_q3,2020-07-01,2020,7,3,1,stroke,female,all,primary_clear_likely,death_certificate,quarterly_count,30,30,count,30,,,final,bnr_sdc_v1,6,0,0,0,0,,none,No disclosure restriction identified.
MORT-BURDEN-001,mort_2026_07,quarterly,2020_q3,2020-07-01,2020,7,3,1,stroke,female,all,primary_clear_likely,death_certificate,quarterly_same_quarter_previous_5yr_mean,32.8,32.8,count,164,,5,final,bnr_sdc_v1,6,0,0,0,0,,none,No disclosure restriction identified.
MORT-BURDEN-001,mort_2026_07,quarterly,2020_q3,2020-07-01,2020,7,3,1,stroke,male,all,primary_clear_likely,death_certificate,quarterly_count,15,15,count,15,,,final,bnr_sdc_v1,6,0,0,0,0,,none,No disclosure restriction identified.
MORT-BURDEN-001,mort_2026_07,quarterly,2020_q3,2020-07-01,2020,7,3,1,stroke,male,all,primary_clear_likely,death_certificate,quarterly_same_quarter_previous_5yr_mean,22.2,22.2,count,111,,5,final,bnr_sdc_v1,6,0,0,0,0,,none,No disclosure restriction identified.
MORT-BURDEN-001,mort_2026_07,quarterly,2020_q3,2020-07-01,2020,7,3,1,all_cvd,all,all,upper_clear_likely_possible,death_certificate,quarterly_count,145,145,count,145,,,final,bnr_sdc_v1,6,0,0,0,0,,none,No disclosure restriction identified.
MORT-BURDEN-001,mort_2026_07,quarterly,2020_q3,2020-07-01,2020,7,3,1,all_cvd,all,all,upper_clear_likely_possible,death_certificate,quarterly_same_quarter_previous_5yr_mean,143.6,143.6,count,718,,5,final,bnr_sdc_v1,6,0,0,0,0,,none,No disclosure restriction identified.
MORT-BURDEN-001,mort_2026_07,quarterly,2020_q3,2020-07-01,2020,7,3,1,all_cvd,female,all,upper_clear_likely_possible,death_certificate,quarterly_count,86,86,count,86,,,final,bnr_sdc_v1,6,0,0,0,0,,none,No disclosure restriction identified.
MORT-BURDEN-001,mort_2026_07,quarterly,2020_q3,2020-07-01,2020,7,3,1,all_cvd,female,all,upper_clear_likely_possible,death_certificate,quarterly_same_quarter_previous_5yr_mean,75.59999999999999,75.6,count,378,,5,final,bnr_sdc_v1,6,0,0,0,0,,none,No disclosure restriction identified.
MORT-BURDEN-001,mort_2026_07,quarterly,2020_q3,2020-07-01,2020,7,3,1,all_cvd,male,all,upper_clear_likely_possible,death_certificate,quarterly_count,59,59,count,59,,,final,bnr_sdc_v1,6,0,0,0,0,,none,No disclosure restriction identified.
MORT-BURDEN-001,mort_2026_07,quarterly,2020_q3,2020-07-01,2020,7,3,1,all_cvd,male,all,upper_clear_likely_possible,death_certificate,quarterly_same_quarter_previous_5yr_mean,68,68,count,340,,5,final,bnr_sdc_v1,6,0,0,0,0,,none,No disclosure restriction identified.
MORT-BURDEN-001,mort_2026_07,quarterly,2020_q3,2020-07-01,2020,7,3,1,heart,all,all,upper_clear_likely_possible,death_certificate,quarterly_count,67,67,count,67,,,final,bnr_sdc_v1,6,0,0,0,0,,none,No disclosure restriction identified.
MORT-BURDEN-001,mort_2026_07,quarterly,2020_q3,2020-07-01,2020,7,3,1,heart,all,all,upper_clear_likely_possible,death_certificate,quarterly_same_quarter_previous_5yr_mean,75.2,75.2,count,376,,5,final,bnr_sdc_v1,6,0,0,0,0,,none,No disclosure restriction identified.
MORT-BURDEN-001,mort_2026_07,quarterly,2020_q3,2020-07-01,2020,7,3,1,heart,female,all,upper_clear_likely_possible,death_certificate,quarterly_count,33,33,count,33,,,final,bnr_sdc_v1,6,0,0,0,0,,none,No disclosure restriction identified.
MORT-BURDEN-001,mort_2026_07,quarterly,2020_q3,2020-07-01,2020,7,3,1,heart,female,all,upper_clear_likely_possible,death_certificate,quarterly_same_quarter_previous_5yr_mean,34.8,34.8,count,174,,5,final,bnr_sdc_v1,6,0,0,0,0,,none,No disclosure restriction identified.
MORT-BURDEN-001,mort_2026_07,quarterly,2020_q3,2020-07-01,2020,7,3,1,heart,male,all,upper_clear_likely_possible,death_certificate,quarterly_count,34,34,count,34,,,final,bnr_sdc_v1,6,0,0,0,0,,none,No disclosure restriction identified.
MORT-BURDEN-001,mort_2026_07,quarterly,2020_q3,2020-07-01,2020,7,3,1,heart,male,all,upper_clear_likely_possible,death_certificate,quarterly_same_quarter_previous_5yr_mean,40.4,40.4,count,202,,5,final,bnr_sdc_v1,6,0,0,0,0,,none,No disclosure restriction identified.
MORT-BURDEN-001,mort_2026_07,quarterly,2020_q3,2020-07-01,2020,7,3,1,stroke,all,all,upper_clear_likely_possible,death_certificate,quarterly_count,78,78,count,78,,,final,bnr_sdc_v1,6,0,0,0,0,,none,No disclosure restriction identified.
MORT-BURDEN-001,mort_2026_07,quarterly,2020_q3,2020-07-01,2020,7,3,1,stroke,all,all,upper_clear_likely_possible,death_certificate,quarterly_same_quarter_previous_5yr_mean,68.40000000000001,68.4,count,342,,5,final,bnr_sdc_v1,6,0,0,0,0,,none,No disclosure restriction identified.
MORT-BURDEN-001,mort_2026_07,quarterly,2020_q3,2020-07-01,2020,7,3,1,stroke,female,all,upper_clear_likely_possible,death_certificate,quarterly_count,53,53,count,53,,,final,bnr_sdc_v1,6,0,0,0,0,,none,No disclosure restriction identified.
MORT-BURDEN-001,mort_2026_07,quarterly,2020_q3,2020-07-01,2020,7,3,1,stroke,female,all,upper_clear_likely_possible,death_certificate,quarterly_same_quarter_previous_5yr_mean,40.8,40.8,count,204,,5,final,bnr_sdc_v1,6,0,0,0,0,,none,No disclosure restriction identified.
MORT-BURDEN-001,mort_2026_07,quarterly,2020_q3,2020-07-01,2020,7,3,1,stroke,male,all,upper_clear_likely_possible,death_certificate,quarterly_count,25,25,count,25,,,final,bnr_sdc_v1,6,0,0,0,0,,none,No disclosure restriction identified.
MORT-BURDEN-001,mort_2026_07,quarterly,2020_q3,2020-07-01,2020,7,3,1,stroke,male,all,upper_clear_likely_possible,death_certificate,quarterly_same_quarter_previous_5yr_mean,27.6,27.6,count,138,,5,final,bnr_sdc_v1,6,0,0,0,0,,none,No disclosure restriction identified.
MORT-BURDEN-001,mort_2026_07,quarterly,2020_q4,2020-10-01,2020,10,4,1,all_cvd,all,all,primary_clear_likely,death_certificate,quarterly_count,79,79,count,79,,,final,bnr_sdc_v1,6,0,0,0,0,,none,No disclosure restriction identified.
MORT-BURDEN-001,mort_2026_07,quarterly,2020_q4,2020-10-01,2020,10,4,1,all_cvd,all,all,primary_clear_likely,death_certificate,quarterly_same_quarter_previous_5yr_mean,115,115,count,575,,5,final,bnr_sdc_v1,6,0,0,0,0,,none,No disclosure restriction identified.
MORT-BURDEN-001,mort_2026_07,quarterly,2020_q4,2020-10-01,2020,10,4,1,all_cvd,female,all,primary_clear_likely,death_certificate,quarterly_count,39,39,count,39,,,final,bnr_sdc_v1,6,0,0,0,0,,none,No disclosure restriction identified.
MORT-BURDEN-001,mort_2026_07,quarterly,2020_q4,2020-10-01,2020,10,4,1,all_cvd,female,all,primary_clear_likely,death_certificate,quarterly_same_quarter_previous_5yr_mean,58,58,count,290,,5,final,bnr_sdc_v1,6,0,0,0,0,,none,No disclosure restriction identified.
MORT-BURDEN-001,mort_2026_07,quarterly,2020_q4,2020-10-01,2020,10,4,1,all_cvd,male,all,primary_clear_likely,death_certificate,quarterly_count,40,40,count,40,,,final,bnr_sdc_v1,6,0,0,0,0,,none,No disclosure restriction identified.
MORT-BURDEN-001,mort_2026_07,quarterly,2020_q4,2020-10-01,2020,10,4,1,all_cvd,male,all,primary_clear_likely,death_certificate,quarterly_same_quarter_previous_5yr_mean,57,57,count,285,,5,final,bnr_sdc_v1,6,0,0,0,0,,none,No disclosure restriction identified.
MORT-BURDEN-001,mort_2026_07,quarterly,2020_q4,2020-10-01,2020,10,4,1,heart,all,all,primary_clear_likely,death_certificate,quarterly_count,41,41,count,41,,,final,bnr_sdc_v1,6,0,0,0,0,,none,No disclosure restriction identified.
MORT-BURDEN-001,mort_2026_07,quarterly,2020_q4,2020-10-01,2020,10,4,1,heart,all,all,primary_clear_likely,death_certificate,quarterly_same_quarter_previous_5yr_mean,60.8,60.8,count,304,,5,final,bnr_sdc_v1,6,0,0,0,0,,none,No disclosure restriction identified.
MORT-BURDEN-001,mort_2026_07,quarterly,2020_q4,2020-10-01,2020,10,4,1,heart,female,all,primary_clear_likely,death_certificate,quarterly_count,19,19,count,19,,,final,bnr_sdc_v1,6,0,0,0,0,,none,No disclosure restriction identified.
MORT-BURDEN-001,mort_2026_07,quarterly,2020_q4,2020-10-01,2020,10,4,1,heart,female,all,primary_clear_likely,death_certificate,quarterly_same_quarter_previous_5yr_mean,27,27,count,135,,5,final,bnr_sdc_v1,6,0,0,0,0,,none,No disclosure restriction identified.
MORT-BURDEN-001,mort_2026_07,quarterly,2020_q4,2020-10-01,2020,10,4,1,heart,male,all,primary_clear_likely,death_certificate,quarterly_count,22,22,count,22,,,final,bnr_sdc_v1,6,0,0,0,0,,none,No disclosure restriction identified.
MORT-BURDEN-001,mort_2026_07,quarterly,2020_q4,2020-10-01,2020,10,4,1,heart,male,all,primary_clear_likely,death_certificate,quarterly_same_quarter_previous_5yr_mean,33.8,33.8,count,169,,5,final,bnr_sdc_v1,6,0,0,0,0,,none,No disclosure restriction identified.
MORT-BURDEN-001,mort_2026_07,quarterly,2020_q4,2020-10-01,2020,10,4,1,stroke,all,all,primary_clear_likely,death_certificate,quarterly_count,38,38,count,38,,,final,bnr_sdc_v1,6,0,0,0,0,,none,No disclosure restriction identified.
MORT-BURDEN-001,mort_2026_07,quarterly,2020_q4,2020-10-01,2020,10,4,1,stroke,all,all,primary_clear_likely,death_certificate,quarterly_same_quarter_previous_5yr_mean,54.2,54.2,count,271,,5,final,bnr_sdc_v1,6,0,0,0,0,,none,No disclosure restriction identified.
MORT-BURDEN-001,mort_2026_07,quarterly,2020_q4,2020-10-01,2020,10,4,1,stroke,female,all,primary_clear_likely,death_certificate,quarterly_count,20,20,count,20,,,final,bnr_sdc_v1,6,0,0,0,0,,none,No disclosure restriction identified.
MORT-BURDEN-001,mort_2026_07,quarterly,2020_q4,2020-10-01,2020,10,4,1,stroke,female,all,primary_clear_likely,death_certificate,quarterly_same_quarter_previous_5yr_mean,31,31,count,155,,5,final,bnr_sdc_v1,6,0,0,0,0,,none,No disclosure restriction identified.
MORT-BURDEN-001,mort_2026_07,quarterly,2020_q4,2020-10-01,2020,10,4,1,stroke,male,all,primary_clear_likely,death_certificate,quarterly_count,18,18,count,18,,,final,bnr_sdc_v1,6,0,0,0,0,,none,No disclosure restriction identified.
MORT-BURDEN-001,mort_2026_07,quarterly,2020_q4,2020-10-01,2020,10,4,1,stroke,male,all,primary_clear_likely,death_certificate,quarterly_same_quarter_previous_5yr_mean,23.2,23.2,count,116,,5,final,bnr_sdc_v1,6,0,0,0,0,,none,No disclosure restriction identified.
MORT-BURDEN-001,mort_2026_07,quarterly,2020_q4,2020-10-01,2020,10,4,1,all_cvd,all,all,upper_clear_likely_possible,death_certificate,quarterly_count,116,116,count,116,,,final,bnr_sdc_v1,6,0,0,0,0,,none,No disclosure restriction identified.
MORT-BURDEN-001,mort_2026_07,quarterly,2020_q4,2020-10-01,2020,10,4,1,all_cvd,all,all,upper_clear_likely_possible,death_certificate,quarterly_same_quarter_previous_5yr_mean,144,144,count,720,,5,final,bnr_sdc_v1,6,0,0,0,0,,none,No disclosure restriction identified.
MORT-BURDEN-001,mort_2026_07,quarterly,2020_q4,2020-10-01,2020,10,4,1,all_cvd,female,all,upper_clear_likely_possible,death_certificate,quarterly_count,56,56,count,56,,,final,bnr_sdc_v1,6,0,0,0,0,,none,No disclosure restriction identified.
MORT-BURDEN-001,mort_2026_07,quarterly,2020_q4,2020-10-01,2020,10,4,1,all_cvd,female,all,upper_clear_likely_possible,death_certificate,quarterly_same_quarter_previous_5yr_mean,72.2,72.2,count,361,,5,final,bnr_sdc_v1,6,0,0,0,0,,none,No disclosure restriction identified.
MORT-BURDEN-001,mort_2026_07,quarterly,2020_q4,2020-10-01,2020,10,4,1,all_cvd,male,all,upper_clear_likely_possible,death_certificate,quarterly_count,60,60,count,60,,,final,bnr_sdc_v1,6,0,0,0,0,,none,No disclosure restriction identified.
MORT-BURDEN-001,mort_2026_07,quarterly,2020_q4,2020-10-01,2020,10,4,1,all_cvd,male,all,upper_clear_likely_possible,death_certificate,quarterly_same_quarter_previous_5yr_mean,71.8,71.8,count,359,,5,final,bnr_sdc_v1,6,0,0,0,0,,none,No disclosure restriction identified.
MORT-BURDEN-001,mort_2026_07,quarterly,2020_q4,2020-10-01,2020,10,4,1,heart,all,all,upper_clear_likely_possible,death_certificate,quarterly_count,53,53,count,53,,,final,bnr_sdc_v1,6,0,0,0,0,,none,No disclosure restriction identified.
MORT-BURDEN-001,mort_2026_07,quarterly,2020_q4,2020-10-01,2020,10,4,1,heart,all,all,upper_clear_likely_possible,death_certificate,quarterly_same_quarter_previous_5yr_mean,77.59999999999999,77.6,count,388,,5,final,bnr_sdc_v1,6,0,0,0,0,,none,No disclosure restriction identified.
MORT-BURDEN-001,mort_2026_07,quarterly,2020_q4,2020-10-01,2020,10,4,1,heart,female,all,upper_clear_likely_possible,death_certificate,quarterly_count,27,27,count,27,,,final,bnr_sdc_v1,6,0,0,0,0,,none,No disclosure restriction identified.
MORT-BURDEN-001,mort_2026_07,quarterly,2020_q4,2020-10-01,2020,10,4,1,heart,female,all,upper_clear_likely_possible,death_certificate,quarterly_same_quarter_previous_5yr_mean,35.4,35.4,count,177,,5,final,bnr_sdc_v1,6,0,0,0,0,,none,No disclosure restriction identified.
MORT-BURDEN-001,mort_2026_07,quarterly,2020_q4,2020-10-01,2020,10,4,1,heart,male,all,upper_clear_likely_possible,death_certificate,quarterly_count,26,26,count,26,,,final,bnr_sdc_v1,6,0,0,0,0,,none,No disclosure restriction identified.
MORT-BURDEN-001,mort_2026_07,quarterly,2020_q4,2020-10-01,2020,10,4,1,heart,male,all,upper_clear_likely_possible,death_certificate,quarterly_same_quarter_previous_5yr_mean,42.2,42.2,count,211,,5,final,bnr_sdc_v1,6,0,0,0,0,,none,No disclosure restriction identified.
MORT-BURDEN-001,mort_2026_07,quarterly,2020_q4,2020-10-01,2020,10,4,1,stroke,all,all,upper_clear_likely_possible,death_certificate,quarterly_count,63,63,count,63,,,final,bnr_sdc_v1,6,0,0,0,0,,none,No disclosure restriction identified.
MORT-BURDEN-001,mort_2026_07,quarterly,2020_q4,2020-10-01,2020,10,4,1,stroke,all,all,upper_clear_likely_possible,death_certificate,quarterly_same_quarter_previous_5yr_mean,66.40000000000001,66.4,count,332,,5,final,bnr_sdc_v1,6,0,0,0,0,,none,No disclosure restriction identified.
MORT-BURDEN-001,mort_2026_07,quarterly,2020_q4,2020-10-01,2020,10,4,1,stroke,female,all,upper_clear_likely_possible,death_certificate,quarterly_count,29,29,count,29,,,final,bnr_sdc_v1,6,0,0,0,0,,none,No disclosure restriction identified.
MORT-BURDEN-001,mort_2026_07,quarterly,2020_q4,2020-10-01,2020,10,4,1,stroke,female,all,upper_clear_likely_possible,death_certificate,quarterly_same_quarter_previous_5yr_mean,36.8,36.8,count,184,,5,final,bnr_sdc_v1,6,0,0,0,0,,none,No disclosure restriction identified.
MORT-BURDEN-001,mort_2026_07,quarterly,2020_q4,2020-10-01,2020,10,4,1,stroke,male,all,upper_clear_likely_possible,death_certificate,quarterly_count,34,34,count,34,,,final,bnr_sdc_v1,6,0,0,0,0,,none,No disclosure restriction identified.
MORT-BURDEN-001,mort_2026_07,quarterly,2020_q4,2020-10-01,2020,10,4,1,stroke,male,all,upper_clear_likely_possible,death_certificate,quarterly_same_quarter_previous_5yr_mean,29.6,29.6,count,148,,5,final,bnr_sdc_v1,6,0,0,0,0,,none,No disclosure restriction identified.
MORT-BURDEN-001,mort_2026_07,quarterly,2021_q1,2021-01-01,2021,1,1,1,all_cvd,all,all,primary_clear_likely,death_certificate,quarterly_count,86,86,count,86,,,final,bnr_sdc_v1,6,0,0,0,0,,none,No disclosure restriction identified.
MORT-BURDEN-001,mort_2026_07,quarterly,2021_q1,2021-01-01,2021,1,1,1,all_cvd,all,all,primary_clear_likely,death_certificate,quarterly_same_quarter_previous_5yr_mean,120.8,120.8,count,604,,5,final,bnr_sdc_v1,6,0,0,0,0,,none,No disclosure restriction identified.
MORT-BURDEN-001,mort_2026_07,quarterly,2021_q1,2021-01-01,2021,1,1,1,all_cvd,female,all,primary_clear_likely,death_certificate,quarterly_count,43,43,count,43,,,final,bnr_sdc_v1,6,0,0,0,0,,none,No disclosure restriction identified.
MORT-BURDEN-001,mort_2026_07,quarterly,2021_q1,2021-01-01,2021,1,1,1,all_cvd,female,all,primary_clear_likely,death_certificate,quarterly_same_quarter_previous_5yr_mean,59.4,59.4,count,297,,5,final,bnr_sdc_v1,6,0,0,0,0,,none,No disclosure restriction identified.
MORT-BURDEN-001,mort_2026_07,quarterly,2021_q1,2021-01-01,2021,1,1,1,all_cvd,male,all,primary_clear_likely,death_certificate,quarterly_count,43,43,count,43,,,final,bnr_sdc_v1,6,0,0,0,0,,none,No disclosure restriction identified.
MORT-BURDEN-001,mort_2026_07,quarterly,2021_q1,2021-01-01,2021,1,1,1,all_cvd,male,all,primary_clear_likely,death_certificate,quarterly_same_quarter_previous_5yr_mean,61.4,61.4,count,307,,5,final,bnr_sdc_v1,6,0,0,0,0,,none,No disclosure restriction identified.
MORT-BURDEN-001,mort_2026_07,quarterly,2021_q1,2021-01-01,2021,1,1,1,heart,all,all,primary_clear_likely,death_certificate,quarterly_count,47,47,count,47,,,final,bnr_sdc_v1,6,0,0,0,0,,none,No disclosure restriction identified.
MORT-BURDEN-001,mort_2026_07,quarterly,2021_q1,2021-01-01,2021,1,1,1,heart,all,all,primary_clear_likely,death_certificate,quarterly_same_quarter_previous_5yr_mean,62.6,62.6,count,313,,5,final,bnr_sdc_v1,6,0,0,0,0,,none,No disclosure restriction identified.
MORT-BURDEN-001,mort_2026_07,quarterly,2021_q1,2021-01-01,2021,1,1,1,heart,female,all,primary_clear_likely,death_certificate,quarterly_count,20,20,count,20,,,final,bnr_sdc_v1,6,0,0,0,0,,none,No disclosure restriction identified.
MORT-BURDEN-001,mort_2026_07,quarterly,2021_q1,2021-01-01,2021,1,1,1,heart,female,all,primary_clear_likely,death_certificate,quarterly_same_quarter_previous_5yr_mean,27.2,27.2,count,136,,5,final,bnr_sdc_v1,6,0,0,0,0,,none,No disclosure restriction identified.
MORT-BURDEN-001,mort_2026_07,quarterly,2021_q1,2021-01-01,2021,1,1,1,heart,male,all,primary_clear_likely,death_certificate,quarterly_count,27,27,count,27,,,final,bnr_sdc_v1,6,0,0,0,0,,none,No disclosure restriction identified.
MORT-BURDEN-001,mort_2026_07,quarterly,2021_q1,2021-01-01,2021,1,1,1,heart,male,all,primary_clear_likely,death_certificate,quarterly_same_quarter_previous_5yr_mean,35.4,35.4,count,177,,5,final,bnr_sdc_v1,6,0,0,0,0,,none,No disclosure restriction identified.
MORT-BURDEN-001,mort_2026_07,quarterly,2021_q1,2021-01-01,2021,1,1,1,stroke,all,all,primary_clear_likely,death_certificate,quarterly_count,39,39,count,39,,,final,bnr_sdc_v1,6,0,0,0,0,,none,No disclosure restriction identified.
MORT-BURDEN-001,mort_2026_07,quarterly,2021_q1,2021-01-01,2021,1,1,1,stroke,all,all,primary_clear_likely,death_certificate,quarterly_same_quarter_previous_5yr_mean,58.2,58.2,count,291,,5,final,bnr_sdc_v1,6,0,0,0,0,,none,No disclosure restriction identified.
MORT-BURDEN-001,mort_2026_07,quarterly,2021_q1,2021-01-01,2021,1,1,1,stroke,female,all,primary_clear_likely,death_certificate,quarterly_count,23,23,count,23,,,final,bnr_sdc_v1,6,0,0,0,0,,none,No disclosure restriction identified.
MORT-BURDEN-001,mort_2026_07,quarterly,2021_q1,2021-01-01,2021,1,1,1,stroke,female,all,primary_clear_likely,death_certificate,quarterly_same_quarter_previous_5yr_mean,32.2,32.2,count,161,,5,final,bnr_sdc_v1,6,0,0,0,0,,none,No disclosure restriction identified.
MORT-BURDEN-001,mort_2026_07,quarterly,2021_q1,2021-01-01,2021,1,1,1,stroke,male,all,primary_clear_likely,death_certificate,quarterly_count,16,16,count,16,,,final,bnr_sdc_v1,6,0,0,0,0,,none,No disclosure restriction identified.
MORT-BURDEN-001,mort_2026_07,quarterly,2021_q1,2021-01-01,2021,1,1,1,stroke,male,all,primary_clear_likely,death_certificate,quarterly_same_quarter_previous_5yr_mean,26,26,count,130,,5,final,bnr_sdc_v1,6,0,0,0,0,,none,No disclosure restriction identified.
MORT-BURDEN-001,mort_2026_07,quarterly,2021_q1,2021-01-01,2021,1,1,1,all_cvd,all,all,upper_clear_likely_possible,death_certificate,quarterly_count,120,120,count,120,,,final,bnr_sdc_v1,6,0,0,0,0,,none,No disclosure restriction identified.
MORT-BURDEN-001,mort_2026_07,quarterly,2021_q1,2021-01-01,2021,1,1,1,all_cvd,all,all,upper_clear_likely_possible,death_certificate,quarterly_same_quarter_previous_5yr_mean,157,157,count,785,,5,final,bnr_sdc_v1,6,0,0,0,0,,none,No disclosure restriction identified.
MORT-BURDEN-001,mort_2026_07,quarterly,2021_q1,2021-01-01,2021,1,1,1,all_cvd,female,all,upper_clear_likely_possible,death_certificate,quarterly_count,62,62,count,62,,,final,bnr_sdc_v1,6,0,0,0,0,,none,No disclosure restriction identified.
MORT-BURDEN-001,mort_2026_07,quarterly,2021_q1,2021-01-01,2021,1,1,1,all_cvd,female,all,upper_clear_likely_possible,death_certificate,quarterly_same_quarter_previous_5yr_mean,77.40000000000001,77.4,count,387,,5,final,bnr_sdc_v1,6,0,0,0,0,,none,No disclosure restriction identified.
MORT-BURDEN-001,mort_2026_07,quarterly,2021_q1,2021-01-01,2021,1,1,1,all_cvd,male,all,upper_clear_likely_possible,death_certificate,quarterly_count,58,58,count,58,,,final,bnr_sdc_v1,6,0,0,0,0,,none,No disclosure restriction identified.
MORT-BURDEN-001,mort_2026_07,quarterly,2021_q1,2021-01-01,2021,1,1,1,all_cvd,male,all,upper_clear_likely_possible,death_certificate,quarterly_same_quarter_previous_5yr_mean,79.59999999999999,79.6,count,398,,5,final,bnr_sdc_v1,6,0,0,0,0,,none,No disclosure restriction identified.
MORT-BURDEN-001,mort_2026_07,quarterly,2021_q1,2021-01-01,2021,1,1,1,heart,all,all,upper_clear_likely_possible,death_certificate,quarterly_count,64,64,count,64,,,final,bnr_sdc_v1,6,0,0,0,0,,none,No disclosure restriction identified.
MORT-BURDEN-001,mort_2026_07,quarterly,2021_q1,2021-01-01,2021,1,1,1,heart,all,all,upper_clear_likely_possible,death_certificate,quarterly_same_quarter_previous_5yr_mean,80.40000000000001,80.4,count,402,,5,final,bnr_sdc_v1,6,0,0,0,0,,none,No disclosure restriction identified.
MORT-BURDEN-001,mort_2026_07,quarterly,2021_q1,2021-01-01,2021,1,1,1,heart,female,all,upper_clear_likely_possible,death_certificate,quarterly_count,32,32,count,32,,,final,bnr_sdc_v1,6,0,0,0,0,,none,No disclosure restriction identified.
MORT-BURDEN-001,mort_2026_07,quarterly,2021_q1,2021-01-01,2021,1,1,1,heart,female,all,upper_clear_likely_possible,death_certificate,quarterly_same_quarter_previous_5yr_mean,34.8,34.8,count,174,,5,final,bnr_sdc_v1,6,0,0,0,0,,none,No disclosure restriction identified.
MORT-BURDEN-001,mort_2026_07,quarterly,2021_q1,2021-01-01,2021,1,1,1,heart,male,all,upper_clear_likely_possible,death_certificate,quarterly_count,32,32,count,32,,,final,bnr_sdc_v1,6,0,0,0,0,,none,No disclosure restriction identified.
MORT-BURDEN-001,mort_2026_07,quarterly,2021_q1,2021-01-01,2021,1,1,1,heart,male,all,upper_clear_likely_possible,death_certificate,quarterly_same_quarter_previous_5yr_mean,45.6,45.6,count,228,,5,final,bnr_sdc_v1,6,0,0,0,0,,none,No disclosure restriction identified.
MORT-BURDEN-001,mort_2026_07,quarterly,2021_q1,2021-01-01,2021,1,1,1,stroke,all,all,upper_clear_likely_possible,death_certificate,quarterly_count,56,56,count,56,,,final,bnr_sdc_v1,6,0,0,0,0,,none,No disclosure restriction identified.
MORT-BURDEN-001,mort_2026_07,quarterly,2021_q1,2021-01-01,2021,1,1,1,stroke,all,all,upper_clear_likely_possible,death_certificate,quarterly_same_quarter_previous_5yr_mean,76.59999999999999,76.6,count,383,,5,final,bnr_sdc_v1,6,0,0,0,0,,none,No disclosure restriction identified.
MORT-BURDEN-001,mort_2026_07,quarterly,2021_q1,2021-01-01,2021,1,1,1,stroke,female,all,upper_clear_likely_possible,death_certificate,quarterly_count,30,30,count,30,,,final,bnr_sdc_v1,6,0,0,0,0,,none,No disclosure restriction identified.
MORT-BURDEN-001,mort_2026_07,quarterly,2021_q1,2021-01-01,2021,1,1,1,stroke,female,all,upper_clear_likely_possible,death_certificate,quarterly_same_quarter_previous_5yr_mean,42.6,42.6,count,213,,5,final,bnr_sdc_v1,6,0,0,0,0,,none,No disclosure restriction identified.
MORT-BURDEN-001,mort_2026_07,quarterly,2021_q1,2021-01-01,2021,1,1,1,stroke,male,all,upper_clear_likely_possible,death_certificate,quarterly_count,26,26,count,26,,,final,bnr_sdc_v1,6,0,0,0,0,,none,No disclosure restriction identified.
MORT-BURDEN-001,mort_2026_07,quarterly,2021_q1,2021-01-01,2021,1,1,1,stroke,male,all,upper_clear_likely_possible,death_certificate,quarterly_same_quarter_previous_5yr_mean,34,34,count,170,,5,final,bnr_sdc_v1,6,0,0,0,0,,none,No disclosure restriction identified.
MORT-BURDEN-001,mort_2026_07,quarterly,2021_q2,2021-04-01,2021,4,2,1,all_cvd,all,all,primary_clear_likely,death_certificate,quarterly_count,80,80,count,80,,,final,bnr_sdc_v1,6,0,0,0,0,,none,No disclosure restriction identified.
MORT-BURDEN-001,mort_2026_07,quarterly,2021_q2,2021-04-01,2021,4,2,1,all_cvd,all,all,primary_clear_likely,death_certificate,quarterly_same_quarter_previous_5yr_mean,109.8,109.8,count,549,,5,final,bnr_sdc_v1,6,0,0,0,0,,none,No disclosure restriction identified.
MORT-BURDEN-001,mort_2026_07,quarterly,2021_q2,2021-04-01,2021,4,2,1,all_cvd,female,all,primary_clear_likely,death_certificate,quarterly_count,41,41,count,41,,,final,bnr_sdc_v1,6,0,0,0,0,,none,No disclosure restriction identified.
MORT-BURDEN-001,mort_2026_07,quarterly,2021_q2,2021-04-01,2021,4,2,1,all_cvd,female,all,primary_clear_likely,death_certificate,quarterly_same_quarter_previous_5yr_mean,56.6,56.6,count,283,,5,final,bnr_sdc_v1,6,0,0,0,0,,none,No disclosure restriction identified.
MORT-BURDEN-001,mort_2026_07,quarterly,2021_q2,2021-04-01,2021,4,2,1,all_cvd,male,all,primary_clear_likely,death_certificate,quarterly_count,39,39,count,39,,,final,bnr_sdc_v1,6,0,0,0,0,,none,No disclosure restriction identified.
MORT-BURDEN-001,mort_2026_07,quarterly,2021_q2,2021-04-01,2021,4,2,1,all_cvd,male,all,primary_clear_likely,death_certificate,quarterly_same_quarter_previous_5yr_mean,53.2,53.2,count,266,,5,final,bnr_sdc_v1,6,0,0,0,0,,none,No disclosure restriction identified.
MORT-BURDEN-001,mort_2026_07,quarterly,2021_q2,2021-04-01,2021,4,2,1,heart,all,all,primary_clear_likely,death_certificate,quarterly_count,42,42,count,42,,,final,bnr_sdc_v1,6,0,0,0,0,,none,No disclosure restriction identified.
MORT-BURDEN-001,mort_2026_07,quarterly,2021_q2,2021-04-01,2021,4,2,1,heart,all,all,primary_clear_likely,death_certificate,quarterly_same_quarter_previous_5yr_mean,53.8,53.8,count,269,,5,final,bnr_sdc_v1,6,0,0,0,0,,none,No disclosure restriction identified.
MORT-BURDEN-001,mort_2026_07,quarterly,2021_q2,2021-04-01,2021,4,2,1,heart,female,all,primary_clear_likely,death_certificate,quarterly_count,20,20,count,20,,,final,bnr_sdc_v1,6,0,0,0,0,,none,No disclosure restriction identified.
MORT-BURDEN-001,mort_2026_07,quarterly,2021_q2,2021-04-01,2021,4,2,1,heart,female,all,primary_clear_likely,death_certificate,quarterly_same_quarter_previous_5yr_mean,24.2,24.2,count,121,,5,final,bnr_sdc_v1,6,0,0,0,0,,none,No disclosure restriction identified.
MORT-BURDEN-001,mort_2026_07,quarterly,2021_q2,2021-04-01,2021,4,2,1,heart,male,all,primary_clear_likely,death_certificate,quarterly_count,22,22,count,22,,,final,bnr_sdc_v1,6,0,0,0,0,,none,No disclosure restriction identified.
MORT-BURDEN-001,mort_2026_07,quarterly,2021_q2,2021-04-01,2021,4,2,1,heart,male,all,primary_clear_likely,death_certificate,quarterly_same_quarter_previous_5yr_mean,29.6,29.6,count,148,,5,final,bnr_sdc_v1,6,0,0,0,0,,none,No disclosure restriction identified.
MORT-BURDEN-001,mort_2026_07,quarterly,2021_q2,2021-04-01,2021,4,2,1,stroke,all,all,primary_clear_likely,death_certificate,quarterly_count,38,38,count,38,,,final,bnr_sdc_v1,6,0,0,0,0,,none,No disclosure restriction identified.
MORT-BURDEN-001,mort_2026_07,quarterly,2021_q2,2021-04-01,2021,4,2,1,stroke,all,all,primary_clear_likely,death_certificate,quarterly_same_quarter_previous_5yr_mean,56,56,count,280,,5,final,bnr_sdc_v1,6,0,0,0,0,,none,No disclosure restriction identified.
MORT-BURDEN-001,mort_2026_07,quarterly,2021_q2,2021-04-01,2021,4,2,1,stroke,female,all,primary_clear_likely,death_certificate,quarterly_count,21,21,count,21,,,final,bnr_sdc_v1,6,0,0,0,0,,none,No disclosure restriction identified.
MORT-BURDEN-001,mort_2026_07,quarterly,2021_q2,2021-04-01,2021,4,2,1,stroke,female,all,primary_clear_likely,death_certificate,quarterly_same_quarter_previous_5yr_mean,32.4,32.4,count,162,,5,final,bnr_sdc_v1,6,0,0,0,0,,none,No disclosure restriction identified.
MORT-BURDEN-001,mort_2026_07,quarterly,2021_q2,2021-04-01,2021,4,2,1,stroke,male,all,primary_clear_likely,death_certificate,quarterly_count,17,17,count,17,,,final,bnr_sdc_v1,6,0,0,0,0,,none,No disclosure restriction identified.
MORT-BURDEN-001,mort_2026_07,quarterly,2021_q2,2021-04-01,2021,4,2,1,stroke,male,all,primary_clear_likely,death_certificate,quarterly_same_quarter_previous_5yr_mean,23.6,23.6,count,118,,5,final,bnr_sdc_v1,6,0,0,0,0,,none,No disclosure restriction identified.
MORT-BURDEN-001,mort_2026_07,quarterly,2021_q2,2021-04-01,2021,4,2,1,all_cvd,all,all,upper_clear_likely_possible,death_certificate,quarterly_count,113,113,count,113,,,final,bnr_sdc_v1,6,0,0,0,0,,none,No disclosure restriction identified.
MORT-BURDEN-001,mort_2026_07,quarterly,2021_q2,2021-04-01,2021,4,2,1,all_cvd,all,all,upper_clear_likely_possible,death_certificate,quarterly_same_quarter_previous_5yr_mean,144.4,144.4,count,722,,5,final,bnr_sdc_v1,6,0,0,0,0,,none,No disclosure restriction identified.
MORT-BURDEN-001,mort_2026_07,quarterly,2021_q2,2021-04-01,2021,4,2,1,all_cvd,female,all,upper_clear_likely_possible,death_certificate,quarterly_count,57,57,count,57,,,final,bnr_sdc_v1,6,0,0,0,0,,none,No disclosure restriction identified.
MORT-BURDEN-001,mort_2026_07,quarterly,2021_q2,2021-04-01,2021,4,2,1,all_cvd,female,all,upper_clear_likely_possible,death_certificate,quarterly_same_quarter_previous_5yr_mean,76.40000000000001,76.4,count,382,,5,final,bnr_sdc_v1,6,0,0,0,0,,none,No disclosure restriction identified.
MORT-BURDEN-001,mort_2026_07,quarterly,2021_q2,2021-04-01,2021,4,2,1,all_cvd,male,all,upper_clear_likely_possible,death_certificate,quarterly_count,56,56,count,56,,,final,bnr_sdc_v1,6,0,0,0,0,,none,No disclosure restriction identified.
MORT-BURDEN-001,mort_2026_07,quarterly,2021_q2,2021-04-01,2021,4,2,1,all_cvd,male,all,upper_clear_likely_possible,death_certificate,quarterly_same_quarter_previous_5yr_mean,68,68,count,340,,5,final,bnr_sdc_v1,6,0,0,0,0,,none,No disclosure restriction identified.
MORT-BURDEN-001,mort_2026_07,quarterly,2021_q2,2021-04-01,2021,4,2,1,heart,all,all,upper_clear_likely_possible,death_certificate,quarterly_count,59,59,count,59,,,final,bnr_sdc_v1,6,0,0,0,0,,none,No disclosure restriction identified.
MORT-BURDEN-001,mort_2026_07,quarterly,2021_q2,2021-04-01,2021,4,2,1,heart,all,all,upper_clear_likely_possible,death_certificate,quarterly_same_quarter_previous_5yr_mean,70.40000000000001,70.4,count,352,,5,final,bnr_sdc_v1,6,0,0,0,0,,none,No disclosure restriction identified.
MORT-BURDEN-001,mort_2026_07,quarterly,2021_q2,2021-04-01,2021,4,2,1,heart,female,all,upper_clear_likely_possible,death_certificate,quarterly_count,28,28,count,28,,,final,bnr_sdc_v1,6,0,0,0,0,,none,No disclosure restriction identified.
MORT-BURDEN-001,mort_2026_07,quarterly,2021_q2,2021-04-01,2021,4,2,1,heart,female,all,upper_clear_likely_possible,death_certificate,quarterly_same_quarter_previous_5yr_mean,33.4,33.4,count,167,,5,final,bnr_sdc_v1,6,0,0,0,0,,none,No disclosure restriction identified.
MORT-BURDEN-001,mort_2026_07,quarterly,2021_q2,2021-04-01,2021,4,2,1,heart,male,all,upper_clear_likely_possible,death_certificate,quarterly_count,31,31,count,31,,,final,bnr_sdc_v1,6,0,0,0,0,,none,No disclosure restriction identified.
MORT-BURDEN-001,mort_2026_07,quarterly,2021_q2,2021-04-01,2021,4,2,1,heart,male,all,upper_clear_likely_possible,death_certificate,quarterly_same_quarter_previous_5yr_mean,37,37,count,185,,5,final,bnr_sdc_v1,6,0,0,0,0,,none,No disclosure restriction identified.
MORT-BURDEN-001,mort_2026_07,quarterly,2021_q2,2021-04-01,2021,4,2,1,stroke,all,all,upper_clear_likely_possible,death_certificate,quarterly_count,54,54,count,54,,,final,bnr_sdc_v1,6,0,0,0,0,,none,No disclosure restriction identified.
MORT-BURDEN-001,mort_2026_07,quarterly,2021_q2,2021-04-01,2021,4,2,1,stroke,all,all,upper_clear_likely_possible,death_certificate,quarterly_same_quarter_previous_5yr_mean,74,74,count,370,,5,final,bnr_sdc_v1,6,0,0,0,0,,none,No disclosure restriction identified.
MORT-BURDEN-001,mort_2026_07,quarterly,2021_q2,2021-04-01,2021,4,2,1,stroke,female,all,upper_clear_likely_possible,death_certificate,quarterly_count,29,29,count,29,,,final,bnr_sdc_v1,6,0,0,0,0,,none,No disclosure restriction identified.
MORT-BURDEN-001,mort_2026_07,quarterly,2021_q2,2021-04-01,2021,4,2,1,stroke,female,all,upper_clear_likely_possible,death_certificate,quarterly_same_quarter_previous_5yr_mean,43,43,count,215,,5,final,bnr_sdc_v1,6,0,0,0,0,,none,No disclosure restriction identified.
MORT-BURDEN-001,mort_2026_07,quarterly,2021_q2,2021-04-01,2021,4,2,1,stroke,male,all,upper_clear_likely_possible,death_certificate,quarterly_count,25,25,count,25,,,final,bnr_sdc_v1,6,0,0,0,0,,none,No disclosure restriction identified.
MORT-BURDEN-001,mort_2026_07,quarterly,2021_q2,2021-04-01,2021,4,2,1,stroke,male,all,upper_clear_likely_possible,death_certificate,quarterly_same_quarter_previous_5yr_mean,31,31,count,155,,5,final,bnr_sdc_v1,6,0,0,0,0,,none,No disclosure restriction identified.
MORT-BURDEN-001,mort_2026_07,quarterly,2021_q3,2021-07-01,2021,7,3,1,all_cvd,all,all,primary_clear_likely,death_certificate,quarterly_count,108,108,count,108,,,final,bnr_sdc_v1,6,0,0,0,0,,none,No disclosure restriction identified.
MORT-BURDEN-001,mort_2026_07,quarterly,2021_q3,2021-07-01,2021,7,3,1,all_cvd,all,all,primary_clear_likely,death_certificate,quarterly_same_quarter_previous_5yr_mean,105,105,count,525,,5,final,bnr_sdc_v1,6,0,0,0,0,,none,No disclosure restriction identified.
MORT-BURDEN-001,mort_2026_07,quarterly,2021_q3,2021-07-01,2021,7,3,1,all_cvd,female,all,primary_clear_likely,death_certificate,quarterly_count,56,56,count,56,,,final,bnr_sdc_v1,6,0,0,0,0,,none,No disclosure restriction identified.
MORT-BURDEN-001,mort_2026_07,quarterly,2021_q3,2021-07-01,2021,7,3,1,all_cvd,female,all,primary_clear_likely,death_certificate,quarterly_same_quarter_previous_5yr_mean,56.2,56.2,count,281,,5,final,bnr_sdc_v1,6,0,0,0,0,,none,No disclosure restriction identified.
MORT-BURDEN-001,mort_2026_07,quarterly,2021_q3,2021-07-01,2021,7,3,1,all_cvd,male,all,primary_clear_likely,death_certificate,quarterly_count,52,52,count,52,,,final,bnr_sdc_v1,6,0,0,0,0,,none,No disclosure restriction identified.
MORT-BURDEN-001,mort_2026_07,quarterly,2021_q3,2021-07-01,2021,7,3,1,all_cvd,male,all,primary_clear_likely,death_certificate,quarterly_same_quarter_previous_5yr_mean,48.8,48.8,count,244,,5,final,bnr_sdc_v1,6,0,0,0,0,,none,No disclosure restriction identified.
MORT-BURDEN-001,mort_2026_07,quarterly,2021_q3,2021-07-01,2021,7,3,1,heart,all,all,primary_clear_likely,death_certificate,quarterly_count,62,62,count,62,,,final,bnr_sdc_v1,6,0,0,0,0,,none,No disclosure restriction identified.
MORT-BURDEN-001,mort_2026_07,quarterly,2021_q3,2021-07-01,2021,7,3,1,heart,all,all,primary_clear_likely,death_certificate,quarterly_same_quarter_previous_5yr_mean,53.8,53.8,count,269,,5,final,bnr_sdc_v1,6,0,0,0,0,,none,No disclosure restriction identified.
MORT-BURDEN-001,mort_2026_07,quarterly,2021_q3,2021-07-01,2021,7,3,1,heart,female,all,primary_clear_likely,death_certificate,quarterly_count,29,29,count,29,,,final,bnr_sdc_v1,6,0,0,0,0,,none,No disclosure restriction identified.
MORT-BURDEN-001,mort_2026_07,quarterly,2021_q3,2021-07-01,2021,7,3,1,heart,female,all,primary_clear_likely,death_certificate,quarterly_same_quarter_previous_5yr_mean,25.4,25.4,count,127,,5,final,bnr_sdc_v1,6,0,0,0,0,,none,No disclosure restriction identified.
MORT-BURDEN-001,mort_2026_07,quarterly,2021_q3,2021-07-01,2021,7,3,1,heart,male,all,primary_clear_likely,death_certificate,quarterly_count,33,33,count,33,,,final,bnr_sdc_v1,6,0,0,0,0,,none,No disclosure restriction identified.
MORT-BURDEN-001,mort_2026_07,quarterly,2021_q3,2021-07-01,2021,7,3,1,heart,male,all,primary_clear_likely,death_certificate,quarterly_same_quarter_previous_5yr_mean,28.4,28.4,count,142,,5,final,bnr_sdc_v1,6,0,0,0,0,,none,No disclosure restriction identified.
MORT-BURDEN-001,mort_2026_07,quarterly,2021_q3,2021-07-01,2021,7,3,1,stroke,all,all,primary_clear_likely,death_certificate,quarterly_count,46,46,count,46,,,final,bnr_sdc_v1,6,0,0,0,0,,none,No disclosure restriction identified.
MORT-BURDEN-001,mort_2026_07,quarterly,2021_q3,2021-07-01,2021,7,3,1,stroke,all,all,primary_clear_likely,death_certificate,quarterly_same_quarter_previous_5yr_mean,51.2,51.2,count,256,,5,final,bnr_sdc_v1,6,0,0,0,0,,none,No disclosure restriction identified.
MORT-BURDEN-001,mort_2026_07,quarterly,2021_q3,2021-07-01,2021,7,3,1,stroke,female,all,primary_clear_likely,death_certificate,quarterly_count,27,27,count,27,,,final,bnr_sdc_v1,6,0,0,0,0,,none,No disclosure restriction identified.
MORT-BURDEN-001,mort_2026_07,quarterly,2021_q3,2021-07-01,2021,7,3,1,stroke,female,all,primary_clear_likely,death_certificate,quarterly_same_quarter_previous_5yr_mean,30.8,30.8,count,154,,5,final,bnr_sdc_v1,6,0,0,0,0,,none,No disclosure restriction identified.
MORT-BURDEN-001,mort_2026_07,quarterly,2021_q3,2021-07-01,2021,7,3,1,stroke,male,all,primary_clear_likely,death_certificate,quarterly_count,19,19,count,19,,,final,bnr_sdc_v1,6,0,0,0,0,,none,No disclosure restriction identified.
MORT-BURDEN-001,mort_2026_07,quarterly,2021_q3,2021-07-01,2021,7,3,1,stroke,male,all,primary_clear_likely,death_certificate,quarterly_same_quarter_previous_5yr_mean,20.4,20.4,count,102,,5,final,bnr_sdc_v1,6,0,0,0,0,,none,No disclosure restriction identified.
MORT-BURDEN-001,mort_2026_07,quarterly,2021_q3,2021-07-01,2021,7,3,1,all_cvd,all,all,upper_clear_likely_possible,death_certificate,quarterly_count,160,160,count,160,,,final,bnr_sdc_v1,6,0,0,0,0,,none,No disclosure restriction identified.
MORT-BURDEN-001,mort_2026_07,quarterly,2021_q3,2021-07-01,2021,7,3,1,all_cvd,all,all,upper_clear_likely_possible,death_certificate,quarterly_same_quarter_previous_5yr_mean,140.8,140.8,count,704,,5,final,bnr_sdc_v1,6,0,0,0,0,,none,No disclosure restriction identified.
MORT-BURDEN-001,mort_2026_07,quarterly,2021_q3,2021-07-01,2021,7,3,1,all_cvd,female,all,upper_clear_likely_possible,death_certificate,quarterly_count,89,89,count,89,,,final,bnr_sdc_v1,6,0,0,0,0,,none,No disclosure restriction identified.
MORT-BURDEN-001,mort_2026_07,quarterly,2021_q3,2021-07-01,2021,7,3,1,all_cvd,female,all,upper_clear_likely_possible,death_certificate,quarterly_same_quarter_previous_5yr_mean,76.59999999999999,76.6,count,383,,5,final,bnr_sdc_v1,6,0,0,0,0,,none,No disclosure restriction identified.
MORT-BURDEN-001,mort_2026_07,quarterly,2021_q3,2021-07-01,2021,7,3,1,all_cvd,male,all,upper_clear_likely_possible,death_certificate,quarterly_count,71,71,count,71,,,final,bnr_sdc_v1,6,0,0,0,0,,none,No disclosure restriction identified.
MORT-BURDEN-001,mort_2026_07,quarterly,2021_q3,2021-07-01,2021,7,3,1,all_cvd,male,all,upper_clear_likely_possible,death_certificate,quarterly_same_quarter_previous_5yr_mean,64.2,64.2,count,321,,5,final,bnr_sdc_v1,6,0,0,0,0,,none,No disclosure restriction identified.
MORT-BURDEN-001,mort_2026_07,quarterly,2021_q3,2021-07-01,2021,7,3,1,heart,all,all,upper_clear_likely_possible,death_certificate,quarterly_count,85,85,count,85,,,final,bnr_sdc_v1,6,0,0,0,0,,none,No disclosure restriction identified.
MORT-BURDEN-001,mort_2026_07,quarterly,2021_q3,2021-07-01,2021,7,3,1,heart,all,all,upper_clear_likely_possible,death_certificate,quarterly_same_quarter_previous_5yr_mean,72,72,count,360,,5,final,bnr_sdc_v1,6,0,0,0,0,,none,No disclosure restriction identified.
MORT-BURDEN-001,mort_2026_07,quarterly,2021_q3,2021-07-01,2021,7,3,1,heart,female,all,upper_clear_likely_possible,death_certificate,quarterly_count,46,46,count,46,,,final,bnr_sdc_v1,6,0,0,0,0,,none,No disclosure restriction identified.
MORT-BURDEN-001,mort_2026_07,quarterly,2021_q3,2021-07-01,2021,7,3,1,heart,female,all,upper_clear_likely_possible,death_certificate,quarterly_same_quarter_previous_5yr_mean,35,35,count,175,,5,final,bnr_sdc_v1,6,0,0,0,0,,none,No disclosure restriction identified.
MORT-BURDEN-001,mort_2026_07,quarterly,2021_q3,2021-07-01,2021,7,3,1,heart,male,all,upper_clear_likely_possible,death_certificate,quarterly_count,39,39,count,39,,,final,bnr_sdc_v1,6,0,0,0,0,,none,No disclosure restriction identified.
MORT-BURDEN-001,mort_2026_07,quarterly,2021_q3,2021-07-01,2021,7,3,1,heart,male,all,upper_clear_likely_possible,death_certificate,quarterly_same_quarter_previous_5yr_mean,37,37,count,185,,5,final,bnr_sdc_v1,6,0,0,0,0,,none,No disclosure restriction identified.
MORT-BURDEN-001,mort_2026_07,quarterly,2021_q3,2021-07-01,2021,7,3,1,stroke,all,all,upper_clear_likely_possible,death_certificate,quarterly_count,75,75,count,75,,,final,bnr_sdc_v1,6,0,0,0,0,,none,No disclosure restriction identified.
MORT-BURDEN-001,mort_2026_07,quarterly,2021_q3,2021-07-01,2021,7,3,1,stroke,all,all,upper_clear_likely_possible,death_certificate,quarterly_same_quarter_previous_5yr_mean,68.8,68.8,count,344,,5,final,bnr_sdc_v1,6,0,0,0,0,,none,No disclosure restriction identified.
MORT-BURDEN-001,mort_2026_07,quarterly,2021_q3,2021-07-01,2021,7,3,1,stroke,female,all,upper_clear_likely_possible,death_certificate,quarterly_count,43,43,count,43,,,final,bnr_sdc_v1,6,0,0,0,0,,none,No disclosure restriction identified.
MORT-BURDEN-001,mort_2026_07,quarterly,2021_q3,2021-07-01,2021,7,3,1,stroke,female,all,upper_clear_likely_possible,death_certificate,quarterly_same_quarter_previous_5yr_mean,41.6,41.6,count,208,,5,final,bnr_sdc_v1,6,0,0,0,0,,none,No disclosure restriction identified.
MORT-BURDEN-001,mort_2026_07,quarterly,2021_q3,2021-07-01,2021,7,3,1,stroke,male,all,upper_clear_likely_possible,death_certificate,quarterly_count,32,32,count,32,,,final,bnr_sdc_v1,6,0,0,0,0,,none,No disclosure restriction identified.
MORT-BURDEN-001,mort_2026_07,quarterly,2021_q3,2021-07-01,2021,7,3,1,stroke,male,all,upper_clear_likely_possible,death_certificate,quarterly_same_quarter_previous_5yr_mean,27.2,27.2,count,136,,5,final,bnr_sdc_v1,6,0,0,0,0,,none,No disclosure restriction identified.
MORT-BURDEN-001,mort_2026_07,quarterly,2021_q4,2021-10-01,2021,10,4,1,all_cvd,all,all,primary_clear_likely,death_certificate,quarterly_count,95,95,count,95,,,final,bnr_sdc_v1,6,0,0,0,0,,none,No disclosure restriction identified.
MORT-BURDEN-001,mort_2026_07,quarterly,2021_q4,2021-10-01,2021,10,4,1,all_cvd,all,all,primary_clear_likely,death_certificate,quarterly_same_quarter_previous_5yr_mean,102.2,102.2,count,511,,5,final,bnr_sdc_v1,6,0,0,0,0,,none,No disclosure restriction identified.
MORT-BURDEN-001,mort_2026_07,quarterly,2021_q4,2021-10-01,2021,10,4,1,all_cvd,female,all,primary_clear_likely,death_certificate,quarterly_count,48,48,count,48,,,final,bnr_sdc_v1,6,0,0,0,0,,none,No disclosure restriction identified.
MORT-BURDEN-001,mort_2026_07,quarterly,2021_q4,2021-10-01,2021,10,4,1,all_cvd,female,all,primary_clear_likely,death_certificate,quarterly_same_quarter_previous_5yr_mean,51,51,count,255,,5,final,bnr_sdc_v1,6,0,0,0,0,,none,No disclosure restriction identified.
MORT-BURDEN-001,mort_2026_07,quarterly,2021_q4,2021-10-01,2021,10,4,1,all_cvd,male,all,primary_clear_likely,death_certificate,quarterly_count,47,47,count,47,,,final,bnr_sdc_v1,6,0,0,0,0,,none,No disclosure restriction identified.
MORT-BURDEN-001,mort_2026_07,quarterly,2021_q4,2021-10-01,2021,10,4,1,all_cvd,male,all,primary_clear_likely,death_certificate,quarterly_same_quarter_previous_5yr_mean,51.2,51.2,count,256,,5,final,bnr_sdc_v1,6,0,0,0,0,,none,No disclosure restriction identified.
MORT-BURDEN-001,mort_2026_07,quarterly,2021_q4,2021-10-01,2021,10,4,1,heart,all,all,primary_clear_likely,death_certificate,quarterly_count,58,58,count,58,,,final,bnr_sdc_v1,6,0,0,0,0,,none,No disclosure restriction identified.
MORT-BURDEN-001,mort_2026_07,quarterly,2021_q4,2021-10-01,2021,10,4,1,heart,all,all,primary_clear_likely,death_certificate,quarterly_same_quarter_previous_5yr_mean,55.6,55.6,count,278,,5,final,bnr_sdc_v1,6,0,0,0,0,,none,No disclosure restriction identified.
MORT-BURDEN-001,mort_2026_07,quarterly,2021_q4,2021-10-01,2021,10,4,1,heart,female,all,primary_clear_likely,death_certificate,quarterly_count,32,32,count,32,,,final,bnr_sdc_v1,6,0,0,0,0,,none,No disclosure restriction identified.
MORT-BURDEN-001,mort_2026_07,quarterly,2021_q4,2021-10-01,2021,10,4,1,heart,female,all,primary_clear_likely,death_certificate,quarterly_same_quarter_previous_5yr_mean,24.4,24.4,count,122,,5,final,bnr_sdc_v1,6,0,0,0,0,,none,No disclosure restriction identified.
MORT-BURDEN-001,mort_2026_07,quarterly,2021_q4,2021-10-01,2021,10,4,1,heart,male,all,primary_clear_likely,death_certificate,quarterly_count,26,26,count,26,,,final,bnr_sdc_v1,6,0,0,0,0,,none,No disclosure restriction identified.
MORT-BURDEN-001,mort_2026_07,quarterly,2021_q4,2021-10-01,2021,10,4,1,heart,male,all,primary_clear_likely,death_certificate,quarterly_same_quarter_previous_5yr_mean,31.2,31.2,count,156,,5,final,bnr_sdc_v1,6,0,0,0,0,,none,No disclosure restriction identified.
MORT-BURDEN-001,mort_2026_07,quarterly,2021_q4,2021-10-01,2021,10,4,1,stroke,all,all,primary_clear_likely,death_certificate,quarterly_count,37,37,count,37,,,final,bnr_sdc_v1,6,0,0,0,0,,none,No disclosure restriction identified.
MORT-BURDEN-001,mort_2026_07,quarterly,2021_q4,2021-10-01,2021,10,4,1,stroke,all,all,primary_clear_likely,death_certificate,quarterly_same_quarter_previous_5yr_mean,46.6,46.6,count,233,,5,final,bnr_sdc_v1,6,0,0,0,0,,none,No disclosure restriction identified.
MORT-BURDEN-001,mort_2026_07,quarterly,2021_q4,2021-10-01,2021,10,4,1,stroke,female,all,primary_clear_likely,death_certificate,quarterly_count,16,16,count,16,,,final,bnr_sdc_v1,6,0,0,0,0,,none,No disclosure restriction identified.
MORT-BURDEN-001,mort_2026_07,quarterly,2021_q4,2021-10-01,2021,10,4,1,stroke,female,all,primary_clear_likely,death_certificate,quarterly_same_quarter_previous_5yr_mean,26.6,26.6,count,133,,5,final,bnr_sdc_v1,6,0,0,0,0,,none,No disclosure restriction identified.
MORT-BURDEN-001,mort_2026_07,quarterly,2021_q4,2021-10-01,2021,10,4,1,stroke,male,all,primary_clear_likely,death_certificate,quarterly_count,21,21,count,21,,,final,bnr_sdc_v1,6,0,0,0,0,,none,No disclosure restriction identified.
MORT-BURDEN-001,mort_2026_07,quarterly,2021_q4,2021-10-01,2021,10,4,1,stroke,male,all,primary_clear_likely,death_certificate,quarterly_same_quarter_previous_5yr_mean,20,20,count,100,,5,final,bnr_sdc_v1,6,0,0,0,0,,none,No disclosure restriction identified.
MORT-BURDEN-001,mort_2026_07,quarterly,2021_q4,2021-10-01,2021,10,4,1,all_cvd,all,all,upper_clear_likely_possible,death_certificate,quarterly_count,139,139,count,139,,,final,bnr_sdc_v1,6,0,0,0,0,,none,No disclosure restriction identified.
MORT-BURDEN-001,mort_2026_07,quarterly,2021_q4,2021-10-01,2021,10,4,1,all_cvd,all,all,upper_clear_likely_possible,death_certificate,quarterly_same_quarter_previous_5yr_mean,135,135,count,675,,5,final,bnr_sdc_v1,6,0,0,0,0,,none,No disclosure restriction identified.
MORT-BURDEN-001,mort_2026_07,quarterly,2021_q4,2021-10-01,2021,10,4,1,all_cvd,female,all,upper_clear_likely_possible,death_certificate,quarterly_count,71,71,count,71,,,final,bnr_sdc_v1,6,0,0,0,0,,none,No disclosure restriction identified.
MORT-BURDEN-001,mort_2026_07,quarterly,2021_q4,2021-10-01,2021,10,4,1,all_cvd,female,all,upper_clear_likely_possible,death_certificate,quarterly_same_quarter_previous_5yr_mean,66.59999999999999,66.6,count,333,,5,final,bnr_sdc_v1,6,0,0,0,0,,none,No disclosure restriction identified.
MORT-BURDEN-001,mort_2026_07,quarterly,2021_q4,2021-10-01,2021,10,4,1,all_cvd,male,all,upper_clear_likely_possible,death_certificate,quarterly_count,68,68,count,68,,,final,bnr_sdc_v1,6,0,0,0,0,,none,No disclosure restriction identified.
MORT-BURDEN-001,mort_2026_07,quarterly,2021_q4,2021-10-01,2021,10,4,1,all_cvd,male,all,upper_clear_likely_possible,death_certificate,quarterly_same_quarter_previous_5yr_mean,68.40000000000001,68.4,count,342,,5,final,bnr_sdc_v1,6,0,0,0,0,,none,No disclosure restriction identified.
MORT-BURDEN-001,mort_2026_07,quarterly,2021_q4,2021-10-01,2021,10,4,1,heart,all,all,upper_clear_likely_possible,death_certificate,quarterly_count,75,75,count,75,,,final,bnr_sdc_v1,6,0,0,0,0,,none,No disclosure restriction identified.
MORT-BURDEN-001,mort_2026_07,quarterly,2021_q4,2021-10-01,2021,10,4,1,heart,all,all,upper_clear_likely_possible,death_certificate,quarterly_same_quarter_previous_5yr_mean,72.8,72.8,count,364,,5,final,bnr_sdc_v1,6,0,0,0,0,,none,No disclosure restriction identified.
MORT-BURDEN-001,mort_2026_07,quarterly,2021_q4,2021-10-01,2021,10,4,1,heart,female,all,upper_clear_likely_possible,death_certificate,quarterly_count,41,41,count,41,,,final,bnr_sdc_v1,6,0,0,0,0,,none,No disclosure restriction identified.
MORT-BURDEN-001,mort_2026_07,quarterly,2021_q4,2021-10-01,2021,10,4,1,heart,female,all,upper_clear_likely_possible,death_certificate,quarterly_same_quarter_previous_5yr_mean,33.4,33.4,count,167,,5,final,bnr_sdc_v1,6,0,0,0,0,,none,No disclosure restriction identified.
MORT-BURDEN-001,mort_2026_07,quarterly,2021_q4,2021-10-01,2021,10,4,1,heart,male,all,upper_clear_likely_possible,death_certificate,quarterly_count,34,34,count,34,,,final,bnr_sdc_v1,6,0,0,0,0,,none,No disclosure restriction identified.
MORT-BURDEN-001,mort_2026_07,quarterly,2021_q4,2021-10-01,2021,10,4,1,heart,male,all,upper_clear_likely_possible,death_certificate,quarterly_same_quarter_previous_5yr_mean,39.4,39.4,count,197,,5,final,bnr_sdc_v1,6,0,0,0,0,,none,No disclosure restriction identified.
MORT-BURDEN-001,mort_2026_07,quarterly,2021_q4,2021-10-01,2021,10,4,1,stroke,all,all,upper_clear_likely_possible,death_certificate,quarterly_count,64,64,count,64,,,final,bnr_sdc_v1,6,0,0,0,0,,none,No disclosure restriction identified.
MORT-BURDEN-001,mort_2026_07,quarterly,2021_q4,2021-10-01,2021,10,4,1,stroke,all,all,upper_clear_likely_possible,death_certificate,quarterly_same_quarter_previous_5yr_mean,62.2,62.2,count,311,,5,final,bnr_sdc_v1,6,0,0,0,0,,none,No disclosure restriction identified.
MORT-BURDEN-001,mort_2026_07,quarterly,2021_q4,2021-10-01,2021,10,4,1,stroke,female,all,upper_clear_likely_possible,death_certificate,quarterly_count,30,30,count,30,,,final,bnr_sdc_v1,6,0,0,0,0,,none,No disclosure restriction identified.
MORT-BURDEN-001,mort_2026_07,quarterly,2021_q4,2021-10-01,2021,10,4,1,stroke,female,all,upper_clear_likely_possible,death_certificate,quarterly_same_quarter_previous_5yr_mean,33.2,33.2,count,166,,5,final,bnr_sdc_v1,6,0,0,0,0,,none,No disclosure restriction identified.
MORT-BURDEN-001,mort_2026_07,quarterly,2021_q4,2021-10-01,2021,10,4,1,stroke,male,all,upper_clear_likely_possible,death_certificate,quarterly_count,34,34,count,34,,,final,bnr_sdc_v1,6,0,0,0,0,,none,No disclosure restriction identified.
MORT-BURDEN-001,mort_2026_07,quarterly,2021_q4,2021-10-01,2021,10,4,1,stroke,male,all,upper_clear_likely_possible,death_certificate,quarterly_same_quarter_previous_5yr_mean,29,29,count,145,,5,final,bnr_sdc_v1,6,0,0,0,0,,none,No disclosure restriction identified.
MORT-BURDEN-001,mort_2026_07,quarterly,2022_q1,2022-01-01,2022,1,1,1,all_cvd,all,all,primary_clear_likely,death_certificate,quarterly_count,126,126,count,126,,,final,bnr_sdc_v1,6,0,0,0,0,,none,No disclosure restriction identified.
MORT-BURDEN-001,mort_2026_07,quarterly,2022_q1,2022-01-01,2022,1,1,1,all_cvd,all,all,primary_clear_likely,death_certificate,quarterly_same_quarter_previous_5yr_mean,112,112,count,560,,5,final,bnr_sdc_v1,6,0,0,0,0,,none,No disclosure restriction identified.
MORT-BURDEN-001,mort_2026_07,quarterly,2022_q1,2022-01-01,2022,1,1,1,all_cvd,female,all,primary_clear_likely,death_certificate,quarterly_count,61,61,count,61,,,final,bnr_sdc_v1,6,0,0,0,0,,none,No disclosure restriction identified.
MORT-BURDEN-001,mort_2026_07,quarterly,2022_q1,2022-01-01,2022,1,1,1,all_cvd,female,all,primary_clear_likely,death_certificate,quarterly_same_quarter_previous_5yr_mean,56.8,56.8,count,284,,5,final,bnr_sdc_v1,6,0,0,0,0,,none,No disclosure restriction identified.
MORT-BURDEN-001,mort_2026_07,quarterly,2022_q1,2022-01-01,2022,1,1,1,all_cvd,male,all,primary_clear_likely,death_certificate,quarterly_count,65,65,count,65,,,final,bnr_sdc_v1,6,0,0,0,0,,none,No disclosure restriction identified.
MORT-BURDEN-001,mort_2026_07,quarterly,2022_q1,2022-01-01,2022,1,1,1,all_cvd,male,all,primary_clear_likely,death_certificate,quarterly_same_quarter_previous_5yr_mean,55.2,55.2,count,276,,5,final,bnr_sdc_v1,6,0,0,0,0,,none,No disclosure restriction identified.
MORT-BURDEN-001,mort_2026_07,quarterly,2022_q1,2022-01-01,2022,1,1,1,heart,all,all,primary_clear_likely,death_certificate,quarterly_count,66,66,count,66,,,final,bnr_sdc_v1,6,0,0,0,0,,none,No disclosure restriction identified.
MORT-BURDEN-001,mort_2026_07,quarterly,2022_q1,2022-01-01,2022,1,1,1,heart,all,all,primary_clear_likely,death_certificate,quarterly_same_quarter_previous_5yr_mean,60.6,60.6,count,303,,5,final,bnr_sdc_v1,6,0,0,0,0,,none,No disclosure restriction identified.
MORT-BURDEN-001,mort_2026_07,quarterly,2022_q1,2022-01-01,2022,1,1,1,heart,female,all,primary_clear_likely,death_certificate,quarterly_count,31,31,count,31,,,final,bnr_sdc_v1,6,0,0,0,0,,none,No disclosure restriction identified.
MORT-BURDEN-001,mort_2026_07,quarterly,2022_q1,2022-01-01,2022,1,1,1,heart,female,all,primary_clear_likely,death_certificate,quarterly_same_quarter_previous_5yr_mean,26.8,26.8,count,134,,5,final,bnr_sdc_v1,6,0,0,0,0,,none,No disclosure restriction identified.
MORT-BURDEN-001,mort_2026_07,quarterly,2022_q1,2022-01-01,2022,1,1,1,heart,male,all,primary_clear_likely,death_certificate,quarterly_count,35,35,count,35,,,final,bnr_sdc_v1,6,0,0,0,0,,none,No disclosure restriction identified.
MORT-BURDEN-001,mort_2026_07,quarterly,2022_q1,2022-01-01,2022,1,1,1,heart,male,all,primary_clear_likely,death_certificate,quarterly_same_quarter_previous_5yr_mean,33.8,33.8,count,169,,5,final,bnr_sdc_v1,6,0,0,0,0,,none,No disclosure restriction identified.
MORT-BURDEN-001,mort_2026_07,quarterly,2022_q1,2022-01-01,2022,1,1,1,stroke,all,all,primary_clear_likely,death_certificate,quarterly_count,60,60,count,60,,,final,bnr_sdc_v1,6,0,0,0,0,,none,No disclosure restriction identified.
MORT-BURDEN-001,mort_2026_07,quarterly,2022_q1,2022-01-01,2022,1,1,1,stroke,all,all,primary_clear_likely,death_certificate,quarterly_same_quarter_previous_5yr_mean,51.4,51.4,count,257,,5,final,bnr_sdc_v1,6,0,0,0,0,,none,No disclosure restriction identified.
MORT-BURDEN-001,mort_2026_07,quarterly,2022_q1,2022-01-01,2022,1,1,1,stroke,female,all,primary_clear_likely,death_certificate,quarterly_count,30,30,count,30,,,final,bnr_sdc_v1,6,0,0,0,0,,none,No disclosure restriction identified.
MORT-BURDEN-001,mort_2026_07,quarterly,2022_q1,2022-01-01,2022,1,1,1,stroke,female,all,primary_clear_likely,death_certificate,quarterly_same_quarter_previous_5yr_mean,30,30,count,150,,5,final,bnr_sdc_v1,6,0,0,0,0,,none,No disclosure restriction identified.
MORT-BURDEN-001,mort_2026_07,quarterly,2022_q1,2022-01-01,2022,1,1,1,stroke,male,all,primary_clear_likely,death_certificate,quarterly_count,30,30,count,30,,,final,bnr_sdc_v1,6,0,0,0,0,,none,No disclosure restriction identified.
MORT-BURDEN-001,mort_2026_07,quarterly,2022_q1,2022-01-01,2022,1,1,1,stroke,male,all,primary_clear_likely,death_certificate,quarterly_same_quarter_previous_5yr_mean,21.4,21.4,count,107,,5,final,bnr_sdc_v1,6,0,0,0,0,,none,No disclosure restriction identified.
MORT-BURDEN-001,mort_2026_07,quarterly,2022_q1,2022-01-01,2022,1,1,1,all_cvd,all,all,upper_clear_likely_possible,death_certificate,quarterly_count,180,180,count,180,,,final,bnr_sdc_v1,6,0,0,0,0,,none,No disclosure restriction identified.
MORT-BURDEN-001,mort_2026_07,quarterly,2022_q1,2022-01-01,2022,1,1,1,all_cvd,all,all,upper_clear_likely_possible,death_certificate,quarterly_same_quarter_previous_5yr_mean,150,150,count,750,,5,final,bnr_sdc_v1,6,0,0,0,0,,none,No disclosure restriction identified.
MORT-BURDEN-001,mort_2026_07,quarterly,2022_q1,2022-01-01,2022,1,1,1,all_cvd,female,all,upper_clear_likely_possible,death_certificate,quarterly_count,87,87,count,87,,,final,bnr_sdc_v1,6,0,0,0,0,,none,No disclosure restriction identified.
MORT-BURDEN-001,mort_2026_07,quarterly,2022_q1,2022-01-01,2022,1,1,1,all_cvd,female,all,upper_clear_likely_possible,death_certificate,quarterly_same_quarter_previous_5yr_mean,75.8,75.8,count,379,,5,final,bnr_sdc_v1,6,0,0,0,0,,none,No disclosure restriction identified.
MORT-BURDEN-001,mort_2026_07,quarterly,2022_q1,2022-01-01,2022,1,1,1,all_cvd,male,all,upper_clear_likely_possible,death_certificate,quarterly_count,93,93,count,93,,,final,bnr_sdc_v1,6,0,0,0,0,,none,No disclosure restriction identified.
MORT-BURDEN-001,mort_2026_07,quarterly,2022_q1,2022-01-01,2022,1,1,1,all_cvd,male,all,upper_clear_likely_possible,death_certificate,quarterly_same_quarter_previous_5yr_mean,74.2,74.2,count,371,,5,final,bnr_sdc_v1,6,0,0,0,0,,none,No disclosure restriction identified.
MORT-BURDEN-001,mort_2026_07,quarterly,2022_q1,2022-01-01,2022,1,1,1,heart,all,all,upper_clear_likely_possible,death_certificate,quarterly_count,91,91,count,91,,,final,bnr_sdc_v1,6,0,0,0,0,,none,No disclosure restriction identified.
MORT-BURDEN-001,mort_2026_07,quarterly,2022_q1,2022-01-01,2022,1,1,1,heart,all,all,upper_clear_likely_possible,death_certificate,quarterly_same_quarter_previous_5yr_mean,79.8,79.8,count,399,,5,final,bnr_sdc_v1,6,0,0,0,0,,none,No disclosure restriction identified.
MORT-BURDEN-001,mort_2026_07,quarterly,2022_q1,2022-01-01,2022,1,1,1,heart,female,all,upper_clear_likely_possible,death_certificate,quarterly_count,39,39,count,39,,,final,bnr_sdc_v1,6,0,0,0,0,,none,No disclosure restriction identified.
MORT-BURDEN-001,mort_2026_07,quarterly,2022_q1,2022-01-01,2022,1,1,1,heart,female,all,upper_clear_likely_possible,death_certificate,quarterly_same_quarter_previous_5yr_mean,36,36,count,180,,5,final,bnr_sdc_v1,6,0,0,0,0,,none,No disclosure restriction identified.
MORT-BURDEN-001,mort_2026_07,quarterly,2022_q1,2022-01-01,2022,1,1,1,heart,male,all,upper_clear_likely_possible,death_certificate,quarterly_count,52,52,count,52,,,final,bnr_sdc_v1,6,0,0,0,0,,none,No disclosure restriction identified.
MORT-BURDEN-001,mort_2026_07,quarterly,2022_q1,2022-01-01,2022,1,1,1,heart,male,all,upper_clear_likely_possible,death_certificate,quarterly_same_quarter_previous_5yr_mean,43.8,43.8,count,219,,5,final,bnr_sdc_v1,6,0,0,0,0,,none,No disclosure restriction identified.
MORT-BURDEN-001,mort_2026_07,quarterly,2022_q1,2022-01-01,2022,1,1,1,stroke,all,all,upper_clear_likely_possible,death_certificate,quarterly_count,89,89,count,89,,,final,bnr_sdc_v1,6,0,0,0,0,,none,No disclosure restriction identified.
MORT-BURDEN-001,mort_2026_07,quarterly,2022_q1,2022-01-01,2022,1,1,1,stroke,all,all,upper_clear_likely_possible,death_certificate,quarterly_same_quarter_previous_5yr_mean,70.2,70.2,count,351,,5,final,bnr_sdc_v1,6,0,0,0,0,,none,No disclosure restriction identified.
MORT-BURDEN-001,mort_2026_07,quarterly,2022_q1,2022-01-01,2022,1,1,1,stroke,female,all,upper_clear_likely_possible,death_certificate,quarterly_count,48,48,count,48,,,final,bnr_sdc_v1,6,0,0,0,0,,none,No disclosure restriction identified.
MORT-BURDEN-001,mort_2026_07,quarterly,2022_q1,2022-01-01,2022,1,1,1,stroke,female,all,upper_clear_likely_possible,death_certificate,quarterly_same_quarter_previous_5yr_mean,39.8,39.8,count,199,,5,final,bnr_sdc_v1,6,0,0,0,0,,none,No disclosure restriction identified.
MORT-BURDEN-001,mort_2026_07,quarterly,2022_q1,2022-01-01,2022,1,1,1,stroke,male,all,upper_clear_likely_possible,death_certificate,quarterly_count,41,41,count,41,,,final,bnr_sdc_v1,6,0,0,0,0,,none,No disclosure restriction identified.
MORT-BURDEN-001,mort_2026_07,quarterly,2022_q1,2022-01-01,2022,1,1,1,stroke,male,all,upper_clear_likely_possible,death_certificate,quarterly_same_quarter_previous_5yr_mean,30.4,30.4,count,152,,5,final,bnr_sdc_v1,6,0,0,0,0,,none,No disclosure restriction identified.
MORT-BURDEN-001,mort_2026_07,quarterly,2022_q2,2022-04-01,2022,4,2,1,all_cvd,all,all,primary_clear_likely,death_certificate,quarterly_count,98,98,count,98,,,final,bnr_sdc_v1,6,0,0,0,0,,none,No disclosure restriction identified.
MORT-BURDEN-001,mort_2026_07,quarterly,2022_q2,2022-04-01,2022,4,2,1,all_cvd,all,all,primary_clear_likely,death_certificate,quarterly_same_quarter_previous_5yr_mean,100.4,100.4,count,502,,5,final,bnr_sdc_v1,6,0,0,0,0,,none,No disclosure restriction identified.
MORT-BURDEN-001,mort_2026_07,quarterly,2022_q2,2022-04-01,2022,4,2,1,all_cvd,female,all,primary_clear_likely,death_certificate,quarterly_count,55,55,count,55,,,final,bnr_sdc_v1,6,0,0,0,0,,none,No disclosure restriction identified.
MORT-BURDEN-001,mort_2026_07,quarterly,2022_q2,2022-04-01,2022,4,2,1,all_cvd,female,all,primary_clear_likely,death_certificate,quarterly_same_quarter_previous_5yr_mean,52.2,52.2,count,261,,5,final,bnr_sdc_v1,6,0,0,0,0,,none,No disclosure restriction identified.
MORT-BURDEN-001,mort_2026_07,quarterly,2022_q2,2022-04-01,2022,4,2,1,all_cvd,male,all,primary_clear_likely,death_certificate,quarterly_count,43,43,count,43,,,final,bnr_sdc_v1,6,0,0,0,0,,none,No disclosure restriction identified.
MORT-BURDEN-001,mort_2026_07,quarterly,2022_q2,2022-04-01,2022,4,2,1,all_cvd,male,all,primary_clear_likely,death_certificate,quarterly_same_quarter_previous_5yr_mean,48.2,48.2,count,241,,5,final,bnr_sdc_v1,6,0,0,0,0,,none,No disclosure restriction identified.
MORT-BURDEN-001,mort_2026_07,quarterly,2022_q2,2022-04-01,2022,4,2,1,heart,all,all,primary_clear_likely,death_certificate,quarterly_count,53,53,count,53,,,final,bnr_sdc_v1,6,0,0,0,0,,none,No disclosure restriction identified.
MORT-BURDEN-001,mort_2026_07,quarterly,2022_q2,2022-04-01,2022,4,2,1,heart,all,all,primary_clear_likely,death_certificate,quarterly_same_quarter_previous_5yr_mean,49.6,49.6,count,248,,5,final,bnr_sdc_v1,6,0,0,0,0,,none,No disclosure restriction identified.
MORT-BURDEN-001,mort_2026_07,quarterly,2022_q2,2022-04-01,2022,4,2,1,heart,female,all,primary_clear_likely,death_certificate,quarterly_count,26,26,count,26,,,final,bnr_sdc_v1,6,0,0,0,0,,none,No disclosure restriction identified.
MORT-BURDEN-001,mort_2026_07,quarterly,2022_q2,2022-04-01,2022,4,2,1,heart,female,all,primary_clear_likely,death_certificate,quarterly_same_quarter_previous_5yr_mean,22.8,22.8,count,114,,5,final,bnr_sdc_v1,6,0,0,0,0,,none,No disclosure restriction identified.
MORT-BURDEN-001,mort_2026_07,quarterly,2022_q2,2022-04-01,2022,4,2,1,heart,male,all,primary_clear_likely,death_certificate,quarterly_count,27,27,count,27,,,final,bnr_sdc_v1,6,0,0,0,0,,none,No disclosure restriction identified.
MORT-BURDEN-001,mort_2026_07,quarterly,2022_q2,2022-04-01,2022,4,2,1,heart,male,all,primary_clear_likely,death_certificate,quarterly_same_quarter_previous_5yr_mean,26.8,26.8,count,134,,5,final,bnr_sdc_v1,6,0,0,0,0,,none,No disclosure restriction identified.
MORT-BURDEN-001,mort_2026_07,quarterly,2022_q2,2022-04-01,2022,4,2,1,stroke,all,all,primary_clear_likely,death_certificate,quarterly_count,45,45,count,45,,,final,bnr_sdc_v1,6,0,0,0,0,,none,No disclosure restriction identified.
MORT-BURDEN-001,mort_2026_07,quarterly,2022_q2,2022-04-01,2022,4,2,1,stroke,all,all,primary_clear_likely,death_certificate,quarterly_same_quarter_previous_5yr_mean,50.8,50.8,count,254,,5,final,bnr_sdc_v1,6,0,0,0,0,,none,No disclosure restriction identified.
MORT-BURDEN-001,mort_2026_07,quarterly,2022_q2,2022-04-01,2022,4,2,1,stroke,female,all,primary_clear_likely,death_certificate,quarterly_count,29,29,count,29,,,final,bnr_sdc_v1,6,0,0,0,0,,none,No disclosure restriction identified.
MORT-BURDEN-001,mort_2026_07,quarterly,2022_q2,2022-04-01,2022,4,2,1,stroke,female,all,primary_clear_likely,death_certificate,quarterly_same_quarter_previous_5yr_mean,29.4,29.4,count,147,,5,final,bnr_sdc_v1,6,0,0,0,0,,none,No disclosure restriction identified.
MORT-BURDEN-001,mort_2026_07,quarterly,2022_q2,2022-04-01,2022,4,2,1,stroke,male,all,primary_clear_likely,death_certificate,quarterly_count,16,16,count,16,,,final,bnr_sdc_v1,6,0,0,0,0,,none,No disclosure restriction identified.
MORT-BURDEN-001,mort_2026_07,quarterly,2022_q2,2022-04-01,2022,4,2,1,stroke,male,all,primary_clear_likely,death_certificate,quarterly_same_quarter_previous_5yr_mean,21.4,21.4,count,107,,5,final,bnr_sdc_v1,6,0,0,0,0,,none,No disclosure restriction identified.
MORT-BURDEN-001,mort_2026_07,quarterly,2022_q2,2022-04-01,2022,4,2,1,all_cvd,all,all,upper_clear_likely_possible,death_certificate,quarterly_count,133,133,count,133,,,final,bnr_sdc_v1,6,0,0,0,0,,none,No disclosure restriction identified.
MORT-BURDEN-001,mort_2026_07,quarterly,2022_q2,2022-04-01,2022,4,2,1,all_cvd,all,all,upper_clear_likely_possible,death_certificate,quarterly_same_quarter_previous_5yr_mean,136.4,136.4,count,682,,5,final,bnr_sdc_v1,6,0,0,0,0,,none,No disclosure restriction identified.
MORT-BURDEN-001,mort_2026_07,quarterly,2022_q2,2022-04-01,2022,4,2,1,all_cvd,female,all,upper_clear_likely_possible,death_certificate,quarterly_count,70,70,count,70,,,final,bnr_sdc_v1,6,0,0,0,0,,none,No disclosure restriction identified.
MORT-BURDEN-001,mort_2026_07,quarterly,2022_q2,2022-04-01,2022,4,2,1,all_cvd,female,all,upper_clear_likely_possible,death_certificate,quarterly_same_quarter_previous_5yr_mean,73,73,count,365,,5,final,bnr_sdc_v1,6,0,0,0,0,,none,No disclosure restriction identified.
MORT-BURDEN-001,mort_2026_07,quarterly,2022_q2,2022-04-01,2022,4,2,1,all_cvd,male,all,upper_clear_likely_possible,death_certificate,quarterly_count,63,63,count,63,,,final,bnr_sdc_v1,6,0,0,0,0,,none,No disclosure restriction identified.
MORT-BURDEN-001,mort_2026_07,quarterly,2022_q2,2022-04-01,2022,4,2,1,all_cvd,male,all,upper_clear_likely_possible,death_certificate,quarterly_same_quarter_previous_5yr_mean,63.4,63.4,count,317,,5,final,bnr_sdc_v1,6,0,0,0,0,,none,No disclosure restriction identified.
MORT-BURDEN-001,mort_2026_07,quarterly,2022_q2,2022-04-01,2022,4,2,1,heart,all,all,upper_clear_likely_possible,death_certificate,quarterly_count,70,70,count,70,,,final,bnr_sdc_v1,6,0,0,0,0,,none,No disclosure restriction identified.
MORT-BURDEN-001,mort_2026_07,quarterly,2022_q2,2022-04-01,2022,4,2,1,heart,all,all,upper_clear_likely_possible,death_certificate,quarterly_same_quarter_previous_5yr_mean,66.59999999999999,66.6,count,333,,5,final,bnr_sdc_v1,6,0,0,0,0,,none,No disclosure restriction identified.
MORT-BURDEN-001,mort_2026_07,quarterly,2022_q2,2022-04-01,2022,4,2,1,heart,female,all,upper_clear_likely_possible,death_certificate,quarterly_count,33,33,count,33,,,final,bnr_sdc_v1,6,0,0,0,0,,none,No disclosure restriction identified.
MORT-BURDEN-001,mort_2026_07,quarterly,2022_q2,2022-04-01,2022,4,2,1,heart,female,all,upper_clear_likely_possible,death_certificate,quarterly_same_quarter_previous_5yr_mean,32.4,32.4,count,162,,5,final,bnr_sdc_v1,6,0,0,0,0,,none,No disclosure restriction identified.
MORT-BURDEN-001,mort_2026_07,quarterly,2022_q2,2022-04-01,2022,4,2,1,heart,male,all,upper_clear_likely_possible,death_certificate,quarterly_count,37,37,count,37,,,final,bnr_sdc_v1,6,0,0,0,0,,none,No disclosure restriction identified.
MORT-BURDEN-001,mort_2026_07,quarterly,2022_q2,2022-04-01,2022,4,2,1,heart,male,all,upper_clear_likely_possible,death_certificate,quarterly_same_quarter_previous_5yr_mean,34.2,34.2,count,171,,5,final,bnr_sdc_v1,6,0,0,0,0,,none,No disclosure restriction identified.
MORT-BURDEN-001,mort_2026_07,quarterly,2022_q2,2022-04-01,2022,4,2,1,stroke,all,all,upper_clear_likely_possible,death_certificate,quarterly_count,63,63,count,63,,,final,bnr_sdc_v1,6,0,0,0,0,,none,No disclosure restriction identified.
MORT-BURDEN-001,mort_2026_07,quarterly,2022_q2,2022-04-01,2022,4,2,1,stroke,all,all,upper_clear_likely_possible,death_certificate,quarterly_same_quarter_previous_5yr_mean,69.8,69.8,count,349,,5,final,bnr_sdc_v1,6,0,0,0,0,,none,No disclosure restriction identified.
MORT-BURDEN-001,mort_2026_07,quarterly,2022_q2,2022-04-01,2022,4,2,1,stroke,female,all,upper_clear_likely_possible,death_certificate,quarterly_count,37,37,count,37,,,final,bnr_sdc_v1,6,0,0,0,0,,none,No disclosure restriction identified.
MORT-BURDEN-001,mort_2026_07,quarterly,2022_q2,2022-04-01,2022,4,2,1,stroke,female,all,upper_clear_likely_possible,death_certificate,quarterly_same_quarter_previous_5yr_mean,40.6,40.6,count,203,,5,final,bnr_sdc_v1,6,0,0,0,0,,none,No disclosure restriction identified.
MORT-BURDEN-001,mort_2026_07,quarterly,2022_q2,2022-04-01,2022,4,2,1,stroke,male,all,upper_clear_likely_possible,death_certificate,quarterly_count,26,26,count,26,,,final,bnr_sdc_v1,6,0,0,0,0,,none,No disclosure restriction identified.
MORT-BURDEN-001,mort_2026_07,quarterly,2022_q2,2022-04-01,2022,4,2,1,stroke,male,all,upper_clear_likely_possible,death_certificate,quarterly_same_quarter_previous_5yr_mean,29.2,29.2,count,146,,5,final,bnr_sdc_v1,6,0,0,0,0,,none,No disclosure restriction identified.
MORT-BURDEN-001,mort_2026_07,quarterly,2022_q3,2022-07-01,2022,7,3,1,all_cvd,all,all,primary_clear_likely,death_certificate,quarterly_count,101,101,count,101,,,final,bnr_sdc_v1,6,0,0,0,0,,none,No disclosure restriction identified.
MORT-BURDEN-001,mort_2026_07,quarterly,2022_q3,2022-07-01,2022,7,3,1,all_cvd,all,all,primary_clear_likely,death_certificate,quarterly_same_quarter_previous_5yr_mean,100,100,count,500,,5,final,bnr_sdc_v1,6,0,0,0,0,,none,No disclosure restriction identified.
MORT-BURDEN-001,mort_2026_07,quarterly,2022_q3,2022-07-01,2022,7,3,1,all_cvd,female,all,primary_clear_likely,death_certificate,quarterly_count,49,49,count,49,,,final,bnr_sdc_v1,6,0,0,0,0,,none,No disclosure restriction identified.
MORT-BURDEN-001,mort_2026_07,quarterly,2022_q3,2022-07-01,2022,7,3,1,all_cvd,female,all,primary_clear_likely,death_certificate,quarterly_same_quarter_previous_5yr_mean,52.6,52.6,count,263,,5,final,bnr_sdc_v1,6,0,0,0,0,,none,No disclosure restriction identified.
MORT-BURDEN-001,mort_2026_07,quarterly,2022_q3,2022-07-01,2022,7,3,1,all_cvd,male,all,primary_clear_likely,death_certificate,quarterly_count,52,52,count,52,,,final,bnr_sdc_v1,6,0,0,0,0,,none,No disclosure restriction identified.
MORT-BURDEN-001,mort_2026_07,quarterly,2022_q3,2022-07-01,2022,7,3,1,all_cvd,male,all,primary_clear_likely,death_certificate,quarterly_same_quarter_previous_5yr_mean,47.4,47.4,count,237,,5,final,bnr_sdc_v1,6,0,0,0,0,,none,No disclosure restriction identified.
MORT-BURDEN-001,mort_2026_07,quarterly,2022_q3,2022-07-01,2022,7,3,1,heart,all,all,primary_clear_likely,death_certificate,quarterly_count,54,54,count,54,,,final,bnr_sdc_v1,6,0,0,0,0,,none,No disclosure restriction identified.
MORT-BURDEN-001,mort_2026_07,quarterly,2022_q3,2022-07-01,2022,7,3,1,heart,all,all,primary_clear_likely,death_certificate,quarterly_same_quarter_previous_5yr_mean,53,53,count,265,,5,final,bnr_sdc_v1,6,0,0,0,0,,none,No disclosure restriction identified.
MORT-BURDEN-001,mort_2026_07,quarterly,2022_q3,2022-07-01,2022,7,3,1,heart,female,all,primary_clear_likely,death_certificate,quarterly_count,25,25,count,25,,,final,bnr_sdc_v1,6,0,0,0,0,,none,No disclosure restriction identified.
MORT-BURDEN-001,mort_2026_07,quarterly,2022_q3,2022-07-01,2022,7,3,1,heart,female,all,primary_clear_likely,death_certificate,quarterly_same_quarter_previous_5yr_mean,25.6,25.6,count,128,,5,final,bnr_sdc_v1,6,0,0,0,0,,none,No disclosure restriction identified.
MORT-BURDEN-001,mort_2026_07,quarterly,2022_q3,2022-07-01,2022,7,3,1,heart,male,all,primary_clear_likely,death_certificate,quarterly_count,29,29,count,29,,,final,bnr_sdc_v1,6,0,0,0,0,,none,No disclosure restriction identified.
MORT-BURDEN-001,mort_2026_07,quarterly,2022_q3,2022-07-01,2022,7,3,1,heart,male,all,primary_clear_likely,death_certificate,quarterly_same_quarter_previous_5yr_mean,27.4,27.4,count,137,,5,final,bnr_sdc_v1,6,0,0,0,0,,none,No disclosure restriction identified.
MORT-BURDEN-001,mort_2026_07,quarterly,2022_q3,2022-07-01,2022,7,3,1,stroke,all,all,primary_clear_likely,death_certificate,quarterly_count,47,47,count,47,,,final,bnr_sdc_v1,6,0,0,0,0,,none,No disclosure restriction identified.
MORT-BURDEN-001,mort_2026_07,quarterly,2022_q3,2022-07-01,2022,7,3,1,stroke,all,all,primary_clear_likely,death_certificate,quarterly_same_quarter_previous_5yr_mean,47,47,count,235,,5,final,bnr_sdc_v1,6,0,0,0,0,,none,No disclosure restriction identified.
MORT-BURDEN-001,mort_2026_07,quarterly,2022_q3,2022-07-01,2022,7,3,1,stroke,female,all,primary_clear_likely,death_certificate,quarterly_count,24,24,count,24,,,final,bnr_sdc_v1,6,0,0,0,0,,none,No disclosure restriction identified.
MORT-BURDEN-001,mort_2026_07,quarterly,2022_q3,2022-07-01,2022,7,3,1,stroke,female,all,primary_clear_likely,death_certificate,quarterly_same_quarter_previous_5yr_mean,27,27,count,135,,5,final,bnr_sdc_v1,6,0,0,0,0,,none,No disclosure restriction identified.
MORT-BURDEN-001,mort_2026_07,quarterly,2022_q3,2022-07-01,2022,7,3,1,stroke,male,all,primary_clear_likely,death_certificate,quarterly_count,23,23,count,23,,,final,bnr_sdc_v1,6,0,0,0,0,,none,No disclosure restriction identified.
MORT-BURDEN-001,mort_2026_07,quarterly,2022_q3,2022-07-01,2022,7,3,1,stroke,male,all,primary_clear_likely,death_certificate,quarterly_same_quarter_previous_5yr_mean,20,20,count,100,,5,final,bnr_sdc_v1,6,0,0,0,0,,none,No disclosure restriction identified.
MORT-BURDEN-001,mort_2026_07,quarterly,2022_q3,2022-07-01,2022,7,3,1,all_cvd,all,all,upper_clear_likely_possible,death_certificate,quarterly_count,149,149,count,149,,,final,bnr_sdc_v1,6,0,0,0,0,,none,No disclosure restriction identified.
MORT-BURDEN-001,mort_2026_07,quarterly,2022_q3,2022-07-01,2022,7,3,1,all_cvd,all,all,upper_clear_likely_possible,death_certificate,quarterly_same_quarter_previous_5yr_mean,140.8,140.8,count,704,,5,final,bnr_sdc_v1,6,0,0,0,0,,none,No disclosure restriction identified.
MORT-BURDEN-001,mort_2026_07,quarterly,2022_q3,2022-07-01,2022,7,3,1,all_cvd,female,all,upper_clear_likely_possible,death_certificate,quarterly_count,74,74,count,74,,,final,bnr_sdc_v1,6,0,0,0,0,,none,No disclosure restriction identified.
MORT-BURDEN-001,mort_2026_07,quarterly,2022_q3,2022-07-01,2022,7,3,1,all_cvd,female,all,upper_clear_likely_possible,death_certificate,quarterly_same_quarter_previous_5yr_mean,77,77,count,385,,5,final,bnr_sdc_v1,6,0,0,0,0,,none,No disclosure restriction identified.
MORT-BURDEN-001,mort_2026_07,quarterly,2022_q3,2022-07-01,2022,7,3,1,all_cvd,male,all,upper_clear_likely_possible,death_certificate,quarterly_count,75,75,count,75,,,final,bnr_sdc_v1,6,0,0,0,0,,none,No disclosure restriction identified.
MORT-BURDEN-001,mort_2026_07,quarterly,2022_q3,2022-07-01,2022,7,3,1,all_cvd,male,all,upper_clear_likely_possible,death_certificate,quarterly_same_quarter_previous_5yr_mean,63.8,63.8,count,319,,5,final,bnr_sdc_v1,6,0,0,0,0,,none,No disclosure restriction identified.
MORT-BURDEN-001,mort_2026_07,quarterly,2022_q3,2022-07-01,2022,7,3,1,heart,all,all,upper_clear_likely_possible,death_certificate,quarterly_count,79,79,count,79,,,final,bnr_sdc_v1,6,0,0,0,0,,none,No disclosure restriction identified.
MORT-BURDEN-001,mort_2026_07,quarterly,2022_q3,2022-07-01,2022,7,3,1,heart,all,all,upper_clear_likely_possible,death_certificate,quarterly_same_quarter_previous_5yr_mean,72.59999999999999,72.6,count,363,,5,final,bnr_sdc_v1,6,0,0,0,0,,none,No disclosure restriction identified.
MORT-BURDEN-001,mort_2026_07,quarterly,2022_q3,2022-07-01,2022,7,3,1,heart,female,all,upper_clear_likely_possible,death_certificate,quarterly_count,40,40,count,40,,,final,bnr_sdc_v1,6,0,0,0,0,,none,No disclosure restriction identified.
MORT-BURDEN-001,mort_2026_07,quarterly,2022_q3,2022-07-01,2022,7,3,1,heart,female,all,upper_clear_likely_possible,death_certificate,quarterly_same_quarter_previous_5yr_mean,37.2,37.2,count,186,,5,final,bnr_sdc_v1,6,0,0,0,0,,none,No disclosure restriction identified.
MORT-BURDEN-001,mort_2026_07,quarterly,2022_q3,2022-07-01,2022,7,3,1,heart,male,all,upper_clear_likely_possible,death_certificate,quarterly_count,39,39,count,39,,,final,bnr_sdc_v1,6,0,0,0,0,,none,No disclosure restriction identified.
MORT-BURDEN-001,mort_2026_07,quarterly,2022_q3,2022-07-01,2022,7,3,1,heart,male,all,upper_clear_likely_possible,death_certificate,quarterly_same_quarter_previous_5yr_mean,35.4,35.4,count,177,,5,final,bnr_sdc_v1,6,0,0,0,0,,none,No disclosure restriction identified.
MORT-BURDEN-001,mort_2026_07,quarterly,2022_q3,2022-07-01,2022,7,3,1,stroke,all,all,upper_clear_likely_possible,death_certificate,quarterly_count,70,70,count,70,,,final,bnr_sdc_v1,6,0,0,0,0,,none,No disclosure restriction identified.
MORT-BURDEN-001,mort_2026_07,quarterly,2022_q3,2022-07-01,2022,7,3,1,stroke,all,all,upper_clear_likely_possible,death_certificate,quarterly_same_quarter_previous_5yr_mean,68.2,68.2,count,341,,5,final,bnr_sdc_v1,6,0,0,0,0,,none,No disclosure restriction identified.
MORT-BURDEN-001,mort_2026_07,quarterly,2022_q3,2022-07-01,2022,7,3,1,stroke,female,all,upper_clear_likely_possible,death_certificate,quarterly_count,34,34,count,34,,,final,bnr_sdc_v1,6,0,0,0,0,,none,No disclosure restriction identified.
MORT-BURDEN-001,mort_2026_07,quarterly,2022_q3,2022-07-01,2022,7,3,1,stroke,female,all,upper_clear_likely_possible,death_certificate,quarterly_same_quarter_previous_5yr_mean,39.8,39.8,count,199,,5,final,bnr_sdc_v1,6,0,0,0,0,,none,No disclosure restriction identified.
MORT-BURDEN-001,mort_2026_07,quarterly,2022_q3,2022-07-01,2022,7,3,1,stroke,male,all,upper_clear_likely_possible,death_certificate,quarterly_count,36,36,count,36,,,final,bnr_sdc_v1,6,0,0,0,0,,none,No disclosure restriction identified.
MORT-BURDEN-001,mort_2026_07,quarterly,2022_q3,2022-07-01,2022,7,3,1,stroke,male,all,upper_clear_likely_possible,death_certificate,quarterly_same_quarter_previous_5yr_mean,28.4,28.4,count,142,,5,final,bnr_sdc_v1,6,0,0,0,0,,none,No disclosure restriction identified.
MORT-BURDEN-001,mort_2026_07,quarterly,2022_q4,2022-10-01,2022,10,4,1,all_cvd,all,all,primary_clear_likely,death_certificate,quarterly_count,101,101,count,101,,,final,bnr_sdc_v1,6,0,0,0,0,,none,No disclosure restriction identified.
MORT-BURDEN-001,mort_2026_07,quarterly,2022_q4,2022-10-01,2022,10,4,1,all_cvd,all,all,primary_clear_likely,death_certificate,quarterly_same_quarter_previous_5yr_mean,95.8,95.8,count,479,,5,final,bnr_sdc_v1,6,0,0,0,0,,none,No disclosure restriction identified.
MORT-BURDEN-001,mort_2026_07,quarterly,2022_q4,2022-10-01,2022,10,4,1,all_cvd,female,all,primary_clear_likely,death_certificate,quarterly_count,52,52,count,52,,,final,bnr_sdc_v1,6,0,0,0,0,,none,No disclosure restriction identified.
MORT-BURDEN-001,mort_2026_07,quarterly,2022_q4,2022-10-01,2022,10,4,1,all_cvd,female,all,primary_clear_likely,death_certificate,quarterly_same_quarter_previous_5yr_mean,48.8,48.8,count,244,,5,final,bnr_sdc_v1,6,0,0,0,0,,none,No disclosure restriction identified.
MORT-BURDEN-001,mort_2026_07,quarterly,2022_q4,2022-10-01,2022,10,4,1,all_cvd,male,all,primary_clear_likely,death_certificate,quarterly_count,49,49,count,49,,,final,bnr_sdc_v1,6,0,0,0,0,,none,No disclosure restriction identified.
MORT-BURDEN-001,mort_2026_07,quarterly,2022_q4,2022-10-01,2022,10,4,1,all_cvd,male,all,primary_clear_likely,death_certificate,quarterly_same_quarter_previous_5yr_mean,47,47,count,235,,5,final,bnr_sdc_v1,6,0,0,0,0,,none,No disclosure restriction identified.
MORT-BURDEN-001,mort_2026_07,quarterly,2022_q4,2022-10-01,2022,10,4,1,heart,all,all,primary_clear_likely,death_certificate,quarterly_count,52,52,count,52,,,final,bnr_sdc_v1,6,0,0,0,0,,none,No disclosure restriction identified.
MORT-BURDEN-001,mort_2026_07,quarterly,2022_q4,2022-10-01,2022,10,4,1,heart,all,all,primary_clear_likely,death_certificate,quarterly_same_quarter_previous_5yr_mean,54.6,54.6,count,273,,5,final,bnr_sdc_v1,6,0,0,0,0,,none,No disclosure restriction identified.
MORT-BURDEN-001,mort_2026_07,quarterly,2022_q4,2022-10-01,2022,10,4,1,heart,female,all,primary_clear_likely,death_certificate,quarterly_count,25,25,count,25,,,final,bnr_sdc_v1,6,0,0,0,0,,none,No disclosure restriction identified.
MORT-BURDEN-001,mort_2026_07,quarterly,2022_q4,2022-10-01,2022,10,4,1,heart,female,all,primary_clear_likely,death_certificate,quarterly_same_quarter_previous_5yr_mean,25.6,25.6,count,128,,5,final,bnr_sdc_v1,6,0,0,0,0,,none,No disclosure restriction identified.
MORT-BURDEN-001,mort_2026_07,quarterly,2022_q4,2022-10-01,2022,10,4,1,heart,male,all,primary_clear_likely,death_certificate,quarterly_count,27,27,count,27,,,final,bnr_sdc_v1,6,0,0,0,0,,none,No disclosure restriction identified.
MORT-BURDEN-001,mort_2026_07,quarterly,2022_q4,2022-10-01,2022,10,4,1,heart,male,all,primary_clear_likely,death_certificate,quarterly_same_quarter_previous_5yr_mean,29,29,count,145,,5,final,bnr_sdc_v1,6,0,0,0,0,,none,No disclosure restriction identified.
MORT-BURDEN-001,mort_2026_07,quarterly,2022_q4,2022-10-01,2022,10,4,1,stroke,all,all,primary_clear_likely,death_certificate,quarterly_count,49,49,count,49,,,final,bnr_sdc_v1,6,0,0,0,0,,none,No disclosure restriction identified.
MORT-BURDEN-001,mort_2026_07,quarterly,2022_q4,2022-10-01,2022,10,4,1,stroke,all,all,primary_clear_likely,death_certificate,quarterly_same_quarter_previous_5yr_mean,41.2,41.2,count,206,,5,final,bnr_sdc_v1,6,0,0,0,0,,none,No disclosure restriction identified.
MORT-BURDEN-001,mort_2026_07,quarterly,2022_q4,2022-10-01,2022,10,4,1,stroke,female,all,primary_clear_likely,death_certificate,quarterly_count,27,27,count,27,,,final,bnr_sdc_v1,6,0,0,0,0,,none,No disclosure restriction identified.
MORT-BURDEN-001,mort_2026_07,quarterly,2022_q4,2022-10-01,2022,10,4,1,stroke,female,all,primary_clear_likely,death_certificate,quarterly_same_quarter_previous_5yr_mean,23.2,23.2,count,116,,5,final,bnr_sdc_v1,6,0,0,0,0,,none,No disclosure restriction identified.
MORT-BURDEN-001,mort_2026_07,quarterly,2022_q4,2022-10-01,2022,10,4,1,stroke,male,all,primary_clear_likely,death_certificate,quarterly_count,22,22,count,22,,,final,bnr_sdc_v1,6,0,0,0,0,,none,No disclosure restriction identified.
MORT-BURDEN-001,mort_2026_07,quarterly,2022_q4,2022-10-01,2022,10,4,1,stroke,male,all,primary_clear_likely,death_certificate,quarterly_same_quarter_previous_5yr_mean,18,18,count,90,,5,final,bnr_sdc_v1,6,0,0,0,0,,none,No disclosure restriction identified.
MORT-BURDEN-001,mort_2026_07,quarterly,2022_q4,2022-10-01,2022,10,4,1,all_cvd,all,all,upper_clear_likely_possible,death_certificate,quarterly_count,150,150,count,150,,,final,bnr_sdc_v1,6,0,0,0,0,,none,No disclosure restriction identified.
MORT-BURDEN-001,mort_2026_07,quarterly,2022_q4,2022-10-01,2022,10,4,1,all_cvd,all,all,upper_clear_likely_possible,death_certificate,quarterly_same_quarter_previous_5yr_mean,132.6,132.6,count,663,,5,final,bnr_sdc_v1,6,0,0,0,0,,none,No disclosure restriction identified.
MORT-BURDEN-001,mort_2026_07,quarterly,2022_q4,2022-10-01,2022,10,4,1,all_cvd,female,all,upper_clear_likely_possible,death_certificate,quarterly_count,72,72,count,72,,,final,bnr_sdc_v1,6,0,0,0,0,,none,No disclosure restriction identified.
MORT-BURDEN-001,mort_2026_07,quarterly,2022_q4,2022-10-01,2022,10,4,1,all_cvd,female,all,upper_clear_likely_possible,death_certificate,quarterly_same_quarter_previous_5yr_mean,66.40000000000001,66.4,count,332,,5,final,bnr_sdc_v1,6,0,0,0,0,,none,No disclosure restriction identified.
MORT-BURDEN-001,mort_2026_07,quarterly,2022_q4,2022-10-01,2022,10,4,1,all_cvd,male,all,upper_clear_likely_possible,death_certificate,quarterly_count,78,78,count,78,,,final,bnr_sdc_v1,6,0,0,0,0,,none,No disclosure restriction identified.
MORT-BURDEN-001,mort_2026_07,quarterly,2022_q4,2022-10-01,2022,10,4,1,all_cvd,male,all,upper_clear_likely_possible,death_certificate,quarterly_same_quarter_previous_5yr_mean,66.2,66.2,count,331,,5,final,bnr_sdc_v1,6,0,0,0,0,,none,No disclosure restriction identified.
MORT-BURDEN-001,mort_2026_07,quarterly,2022_q4,2022-10-01,2022,10,4,1,heart,all,all,upper_clear_likely_possible,death_certificate,quarterly_count,75,75,count,75,,,final,bnr_sdc_v1,6,0,0,0,0,,none,No disclosure restriction identified.
MORT-BURDEN-001,mort_2026_07,quarterly,2022_q4,2022-10-01,2022,10,4,1,heart,all,all,upper_clear_likely_possible,death_certificate,quarterly_same_quarter_previous_5yr_mean,71.59999999999999,71.6,count,358,,5,final,bnr_sdc_v1,6,0,0,0,0,,none,No disclosure restriction identified.
MORT-BURDEN-001,mort_2026_07,quarterly,2022_q4,2022-10-01,2022,10,4,1,heart,female,all,upper_clear_likely_possible,death_certificate,quarterly_count,35,35,count,35,,,final,bnr_sdc_v1,6,0,0,0,0,,none,No disclosure restriction identified.
MORT-BURDEN-001,mort_2026_07,quarterly,2022_q4,2022-10-01,2022,10,4,1,heart,female,all,upper_clear_likely_possible,death_certificate,quarterly_same_quarter_previous_5yr_mean,34.6,34.6,count,173,,5,final,bnr_sdc_v1,6,0,0,0,0,,none,No disclosure restriction identified.
MORT-BURDEN-001,mort_2026_07,quarterly,2022_q4,2022-10-01,2022,10,4,1,heart,male,all,upper_clear_likely_possible,death_certificate,quarterly_count,40,40,count,40,,,final,bnr_sdc_v1,6,0,0,0,0,,none,No disclosure restriction identified.
MORT-BURDEN-001,mort_2026_07,quarterly,2022_q4,2022-10-01,2022,10,4,1,heart,male,all,upper_clear_likely_possible,death_certificate,quarterly_same_quarter_previous_5yr_mean,37,37,count,185,,5,final,bnr_sdc_v1,6,0,0,0,0,,none,No disclosure restriction identified.
MORT-BURDEN-001,mort_2026_07,quarterly,2022_q4,2022-10-01,2022,10,4,1,stroke,all,all,upper_clear_likely_possible,death_certificate,quarterly_count,75,75,count,75,,,final,bnr_sdc_v1,6,0,0,0,0,,none,No disclosure restriction identified.
MORT-BURDEN-001,mort_2026_07,quarterly,2022_q4,2022-10-01,2022,10,4,1,stroke,all,all,upper_clear_likely_possible,death_certificate,quarterly_same_quarter_previous_5yr_mean,61,61,count,305,,5,final,bnr_sdc_v1,6,0,0,0,0,,none,No disclosure restriction identified.
MORT-BURDEN-001,mort_2026_07,quarterly,2022_q4,2022-10-01,2022,10,4,1,stroke,female,all,upper_clear_likely_possible,death_certificate,quarterly_count,37,37,count,37,,,final,bnr_sdc_v1,6,0,0,0,0,,none,No disclosure restriction identified.
MORT-BURDEN-001,mort_2026_07,quarterly,2022_q4,2022-10-01,2022,10,4,1,stroke,female,all,upper_clear_likely_possible,death_certificate,quarterly_same_quarter_previous_5yr_mean,31.8,31.8,count,159,,5,final,bnr_sdc_v1,6,0,0,0,0,,none,No disclosure restriction identified.
MORT-BURDEN-001,mort_2026_07,quarterly,2022_q4,2022-10-01,2022,10,4,1,stroke,male,all,upper_clear_likely_possible,death_certificate,quarterly_count,38,38,count,38,,,final,bnr_sdc_v1,6,0,0,0,0,,none,No disclosure restriction identified.
MORT-BURDEN-001,mort_2026_07,quarterly,2022_q4,2022-10-01,2022,10,4,1,stroke,male,all,upper_clear_likely_possible,death_certificate,quarterly_same_quarter_previous_5yr_mean,29.2,29.2,count,146,,5,final,bnr_sdc_v1,6,0,0,0,0,,none,No disclosure restriction identified.
MORT-BURDEN-001,mort_2026_07,quarterly,2023_q1,2023-01-01,2023,1,1,1,all_cvd,all,all,primary_clear_likely,death_certificate,quarterly_count,129,129,count,129,,,final,bnr_sdc_v1,6,0,0,0,0,,none,No disclosure restriction identified.
MORT-BURDEN-001,mort_2026_07,quarterly,2023_q1,2023-01-01,2023,1,1,1,all_cvd,all,all,primary_clear_likely,death_certificate,quarterly_same_quarter_previous_5yr_mean,111,111,count,555,,5,final,bnr_sdc_v1,6,0,0,0,0,,none,No disclosure restriction identified.
MORT-BURDEN-001,mort_2026_07,quarterly,2023_q1,2023-01-01,2023,1,1,1,all_cvd,female,all,primary_clear_likely,death_certificate,quarterly_count,63,63,count,63,,,final,bnr_sdc_v1,6,0,0,0,0,,none,No disclosure restriction identified.
MORT-BURDEN-001,mort_2026_07,quarterly,2023_q1,2023-01-01,2023,1,1,1,all_cvd,female,all,primary_clear_likely,death_certificate,quarterly_same_quarter_previous_5yr_mean,55.8,55.8,count,279,,5,final,bnr_sdc_v1,6,0,0,0,0,,none,No disclosure restriction identified.
MORT-BURDEN-001,mort_2026_07,quarterly,2023_q1,2023-01-01,2023,1,1,1,all_cvd,male,all,primary_clear_likely,death_certificate,quarterly_count,66,66,count,66,,,final,bnr_sdc_v1,6,0,0,0,0,,none,No disclosure restriction identified.
MORT-BURDEN-001,mort_2026_07,quarterly,2023_q1,2023-01-01,2023,1,1,1,all_cvd,male,all,primary_clear_likely,death_certificate,quarterly_same_quarter_previous_5yr_mean,55.2,55.2,count,276,,5,final,bnr_sdc_v1,6,0,0,0,0,,none,No disclosure restriction identified.
MORT-BURDEN-001,mort_2026_07,quarterly,2023_q1,2023-01-01,2023,1,1,1,heart,all,all,primary_clear_likely,death_certificate,quarterly_count,73,73,count,73,,,final,bnr_sdc_v1,6,0,0,0,0,,none,No disclosure restriction identified.
MORT-BURDEN-001,mort_2026_07,quarterly,2023_q1,2023-01-01,2023,1,1,1,heart,all,all,primary_clear_likely,death_certificate,quarterly_same_quarter_previous_5yr_mean,60.6,60.6,count,303,,5,final,bnr_sdc_v1,6,0,0,0,0,,none,No disclosure restriction identified.
MORT-BURDEN-001,mort_2026_07,quarterly,2023_q1,2023-01-01,2023,1,1,1,heart,female,all,primary_clear_likely,death_certificate,quarterly_count,33,33,count,33,,,final,bnr_sdc_v1,6,0,0,0,0,,none,No disclosure restriction identified.
MORT-BURDEN-001,mort_2026_07,quarterly,2023_q1,2023-01-01,2023,1,1,1,heart,female,all,primary_clear_likely,death_certificate,quarterly_same_quarter_previous_5yr_mean,27,27,count,135,,5,final,bnr_sdc_v1,6,0,0,0,0,,none,No disclosure restriction identified.
MORT-BURDEN-001,mort_2026_07,quarterly,2023_q1,2023-01-01,2023,1,1,1,heart,male,all,primary_clear_likely,death_certificate,quarterly_count,40,40,count,40,,,final,bnr_sdc_v1,6,0,0,0,0,,none,No disclosure restriction identified.
MORT-BURDEN-001,mort_2026_07,quarterly,2023_q1,2023-01-01,2023,1,1,1,heart,male,all,primary_clear_likely,death_certificate,quarterly_same_quarter_previous_5yr_mean,33.6,33.6,count,168,,5,final,bnr_sdc_v1,6,0,0,0,0,,none,No disclosure restriction identified.
MORT-BURDEN-001,mort_2026_07,quarterly,2023_q1,2023-01-01,2023,1,1,1,stroke,all,all,primary_clear_likely,death_certificate,quarterly_count,56,56,count,56,,,final,bnr_sdc_v1,6,0,0,0,0,,none,No disclosure restriction identified.
MORT-BURDEN-001,mort_2026_07,quarterly,2023_q1,2023-01-01,2023,1,1,1,stroke,all,all,primary_clear_likely,death_certificate,quarterly_same_quarter_previous_5yr_mean,50.4,50.4,count,252,,5,final,bnr_sdc_v1,6,0,0,0,0,,none,No disclosure restriction identified.
MORT-BURDEN-001,mort_2026_07,quarterly,2023_q1,2023-01-01,2023,1,1,1,stroke,female,all,primary_clear_likely,death_certificate,quarterly_count,30,30,count,30,,,final,bnr_sdc_v1,6,0,0,0,0,,none,No disclosure restriction identified.
MORT-BURDEN-001,mort_2026_07,quarterly,2023_q1,2023-01-01,2023,1,1,1,stroke,female,all,primary_clear_likely,death_certificate,quarterly_same_quarter_previous_5yr_mean,28.8,28.8,count,144,,5,final,bnr_sdc_v1,6,0,0,0,0,,none,No disclosure restriction identified.
MORT-BURDEN-001,mort_2026_07,quarterly,2023_q1,2023-01-01,2023,1,1,1,stroke,male,all,primary_clear_likely,death_certificate,quarterly_count,26,26,count,26,,,final,bnr_sdc_v1,6,0,0,0,0,,none,No disclosure restriction identified.
MORT-BURDEN-001,mort_2026_07,quarterly,2023_q1,2023-01-01,2023,1,1,1,stroke,male,all,primary_clear_likely,death_certificate,quarterly_same_quarter_previous_5yr_mean,21.6,21.6,count,108,,5,final,bnr_sdc_v1,6,0,0,0,0,,none,No disclosure restriction identified.
MORT-BURDEN-001,mort_2026_07,quarterly,2023_q1,2023-01-01,2023,1,1,1,all_cvd,all,all,upper_clear_likely_possible,death_certificate,quarterly_count,194,194,count,194,,,final,bnr_sdc_v1,6,0,0,0,0,,none,No disclosure restriction identified.
MORT-BURDEN-001,mort_2026_07,quarterly,2023_q1,2023-01-01,2023,1,1,1,all_cvd,all,all,upper_clear_likely_possible,death_certificate,quarterly_same_quarter_previous_5yr_mean,155.6,155.6,count,778,,5,final,bnr_sdc_v1,6,0,0,0,0,,none,No disclosure restriction identified.
MORT-BURDEN-001,mort_2026_07,quarterly,2023_q1,2023-01-01,2023,1,1,1,all_cvd,female,all,upper_clear_likely_possible,death_certificate,quarterly_count,88,88,count,88,,,final,bnr_sdc_v1,6,0,0,0,0,,none,No disclosure restriction identified.
MORT-BURDEN-001,mort_2026_07,quarterly,2023_q1,2023-01-01,2023,1,1,1,all_cvd,female,all,upper_clear_likely_possible,death_certificate,quarterly_same_quarter_previous_5yr_mean,78.40000000000001,78.4,count,392,,5,final,bnr_sdc_v1,6,0,0,0,0,,none,No disclosure restriction identified.
MORT-BURDEN-001,mort_2026_07,quarterly,2023_q1,2023-01-01,2023,1,1,1,all_cvd,male,all,upper_clear_likely_possible,death_certificate,quarterly_count,106,106,count,106,,,final,bnr_sdc_v1,6,0,0,0,0,,none,No disclosure restriction identified.
MORT-BURDEN-001,mort_2026_07,quarterly,2023_q1,2023-01-01,2023,1,1,1,all_cvd,male,all,upper_clear_likely_possible,death_certificate,quarterly_same_quarter_previous_5yr_mean,77.2,77.2,count,386,,5,final,bnr_sdc_v1,6,0,0,0,0,,none,No disclosure restriction identified.
MORT-BURDEN-001,mort_2026_07,quarterly,2023_q1,2023-01-01,2023,1,1,1,heart,all,all,upper_clear_likely_possible,death_certificate,quarterly_count,93,93,count,93,,,final,bnr_sdc_v1,6,0,0,0,0,,none,No disclosure restriction identified.
MORT-BURDEN-001,mort_2026_07,quarterly,2023_q1,2023-01-01,2023,1,1,1,heart,all,all,upper_clear_likely_possible,death_certificate,quarterly_same_quarter_previous_5yr_mean,82.2,82.2,count,411,,5,final,bnr_sdc_v1,6,0,0,0,0,,none,No disclosure restriction identified.
MORT-BURDEN-001,mort_2026_07,quarterly,2023_q1,2023-01-01,2023,1,1,1,heart,female,all,upper_clear_likely_possible,death_certificate,quarterly_count,39,39,count,39,,,final,bnr_sdc_v1,6,0,0,0,0,,none,No disclosure restriction identified.
MORT-BURDEN-001,mort_2026_07,quarterly,2023_q1,2023-01-01,2023,1,1,1,heart,female,all,upper_clear_likely_possible,death_certificate,quarterly_same_quarter_previous_5yr_mean,37,37,count,185,,5,final,bnr_sdc_v1,6,0,0,0,0,,none,No disclosure restriction identified.
MORT-BURDEN-001,mort_2026_07,quarterly,2023_q1,2023-01-01,2023,1,1,1,heart,male,all,upper_clear_likely_possible,death_certificate,quarterly_count,54,54,count,54,,,final,bnr_sdc_v1,6,0,0,0,0,,none,No disclosure restriction identified.
MORT-BURDEN-001,mort_2026_07,quarterly,2023_q1,2023-01-01,2023,1,1,1,heart,male,all,upper_clear_likely_possible,death_certificate,quarterly_same_quarter_previous_5yr_mean,45.2,45.2,count,226,,5,final,bnr_sdc_v1,6,0,0,0,0,,none,No disclosure restriction identified.
MORT-BURDEN-001,mort_2026_07,quarterly,2023_q1,2023-01-01,2023,1,1,1,stroke,all,all,upper_clear_likely_possible,death_certificate,quarterly_count,101,101,count,101,,,final,bnr_sdc_v1,6,0,0,0,0,,none,No disclosure restriction identified.
MORT-BURDEN-001,mort_2026_07,quarterly,2023_q1,2023-01-01,2023,1,1,1,stroke,all,all,upper_clear_likely_possible,death_certificate,quarterly_same_quarter_previous_5yr_mean,73.40000000000001,73.4,count,367,,5,final,bnr_sdc_v1,6,0,0,0,0,,none,No disclosure restriction identified.
MORT-BURDEN-001,mort_2026_07,quarterly,2023_q1,2023-01-01,2023,1,1,1,stroke,female,all,upper_clear_likely_possible,death_certificate,quarterly_count,49,49,count,49,,,final,bnr_sdc_v1,6,0,0,0,0,,none,No disclosure restriction identified.
MORT-BURDEN-001,mort_2026_07,quarterly,2023_q1,2023-01-01,2023,1,1,1,stroke,female,all,upper_clear_likely_possible,death_certificate,quarterly_same_quarter_previous_5yr_mean,41.4,41.4,count,207,,5,final,bnr_sdc_v1,6,0,0,0,0,,none,No disclosure restriction identified.
MORT-BURDEN-001,mort_2026_07,quarterly,2023_q1,2023-01-01,2023,1,1,1,stroke,male,all,upper_clear_likely_possible,death_certificate,quarterly_count,52,52,count,52,,,final,bnr_sdc_v1,6,0,0,0,0,,none,No disclosure restriction identified.
MORT-BURDEN-001,mort_2026_07,quarterly,2023_q1,2023-01-01,2023,1,1,1,stroke,male,all,upper_clear_likely_possible,death_certificate,quarterly_same_quarter_previous_5yr_mean,32,32,count,160,,5,final,bnr_sdc_v1,6,0,0,0,0,,none,No disclosure restriction identified.
MORT-BURDEN-001,mort_2026_07,quarterly,2023_q2,2023-04-01,2023,4,2,1,all_cvd,all,all,primary_clear_likely,death_certificate,quarterly_count,103,103,count,103,,,final,bnr_sdc_v1,6,0,0,0,0,,none,No disclosure restriction identified.
MORT-BURDEN-001,mort_2026_07,quarterly,2023_q2,2023-04-01,2023,4,2,1,all_cvd,all,all,primary_clear_likely,death_certificate,quarterly_same_quarter_previous_5yr_mean,94.2,94.2,count,471,,5,final,bnr_sdc_v1,6,0,0,0,0,,none,No disclosure restriction identified.
MORT-BURDEN-001,mort_2026_07,quarterly,2023_q2,2023-04-01,2023,4,2,1,all_cvd,female,all,primary_clear_likely,death_certificate,quarterly_count,59,59,count,59,,,final,bnr_sdc_v1,6,0,0,0,0,,none,No disclosure restriction identified.
MORT-BURDEN-001,mort_2026_07,quarterly,2023_q2,2023-04-01,2023,4,2,1,all_cvd,female,all,primary_clear_likely,death_certificate,quarterly_same_quarter_previous_5yr_mean,51.2,51.2,count,256,,5,final,bnr_sdc_v1,6,0,0,0,0,,none,No disclosure restriction identified.
MORT-BURDEN-001,mort_2026_07,quarterly,2023_q2,2023-04-01,2023,4,2,1,all_cvd,male,all,primary_clear_likely,death_certificate,quarterly_count,44,44,count,44,,,final,bnr_sdc_v1,6,0,0,0,0,,none,No disclosure restriction identified.
MORT-BURDEN-001,mort_2026_07,quarterly,2023_q2,2023-04-01,2023,4,2,1,all_cvd,male,all,primary_clear_likely,death_certificate,quarterly_same_quarter_previous_5yr_mean,43,43,count,215,,5,final,bnr_sdc_v1,6,0,0,0,0,,none,No disclosure restriction identified.
MORT-BURDEN-001,mort_2026_07,quarterly,2023_q2,2023-04-01,2023,4,2,1,heart,all,all,primary_clear_likely,death_certificate,quarterly_count,50,50,count,50,,,final,bnr_sdc_v1,6,0,0,0,0,,none,No disclosure restriction identified.
MORT-BURDEN-001,mort_2026_07,quarterly,2023_q2,2023-04-01,2023,4,2,1,heart,all,all,primary_clear_likely,death_certificate,quarterly_same_quarter_previous_5yr_mean,48.4,48.4,count,242,,5,final,bnr_sdc_v1,6,0,0,0,0,,none,No disclosure restriction identified.
MORT-BURDEN-001,mort_2026_07,quarterly,2023_q2,2023-04-01,2023,4,2,1,heart,female,all,primary_clear_likely,death_certificate,quarterly_count,29,29,count,29,,,final,bnr_sdc_v1,6,0,0,0,0,,none,No disclosure restriction identified.
MORT-BURDEN-001,mort_2026_07,quarterly,2023_q2,2023-04-01,2023,4,2,1,heart,female,all,primary_clear_likely,death_certificate,quarterly_same_quarter_previous_5yr_mean,23.6,23.6,count,118,,5,final,bnr_sdc_v1,6,0,0,0,0,,none,No disclosure restriction identified.
MORT-BURDEN-001,mort_2026_07,quarterly,2023_q2,2023-04-01,2023,4,2,1,heart,male,all,primary_clear_likely,death_certificate,quarterly_count,21,21,count,21,,,final,bnr_sdc_v1,6,0,0,0,0,,none,No disclosure restriction identified.
MORT-BURDEN-001,mort_2026_07,quarterly,2023_q2,2023-04-01,2023,4,2,1,heart,male,all,primary_clear_likely,death_certificate,quarterly_same_quarter_previous_5yr_mean,24.8,24.8,count,124,,5,final,bnr_sdc_v1,6,0,0,0,0,,none,No disclosure restriction identified.
MORT-BURDEN-001,mort_2026_07,quarterly,2023_q2,2023-04-01,2023,4,2,1,stroke,all,all,primary_clear_likely,death_certificate,quarterly_count,53,53,count,53,,,final,bnr_sdc_v1,6,0,0,0,0,,none,No disclosure restriction identified.
MORT-BURDEN-001,mort_2026_07,quarterly,2023_q2,2023-04-01,2023,4,2,1,stroke,all,all,primary_clear_likely,death_certificate,quarterly_same_quarter_previous_5yr_mean,45.8,45.8,count,229,,5,final,bnr_sdc_v1,6,0,0,0,0,,none,No disclosure restriction identified.
MORT-BURDEN-001,mort_2026_07,quarterly,2023_q2,2023-04-01,2023,4,2,1,stroke,female,all,primary_clear_likely,death_certificate,quarterly_count,30,30,count,30,,,final,bnr_sdc_v1,6,0,0,0,0,,none,No disclosure restriction identified.
MORT-BURDEN-001,mort_2026_07,quarterly,2023_q2,2023-04-01,2023,4,2,1,stroke,female,all,primary_clear_likely,death_certificate,quarterly_same_quarter_previous_5yr_mean,27.6,27.6,count,138,,5,final,bnr_sdc_v1,6,0,0,0,0,,none,No disclosure restriction identified.
MORT-BURDEN-001,mort_2026_07,quarterly,2023_q2,2023-04-01,2023,4,2,1,stroke,male,all,primary_clear_likely,death_certificate,quarterly_count,23,23,count,23,,,final,bnr_sdc_v1,6,0,0,0,0,,none,No disclosure restriction identified.
MORT-BURDEN-001,mort_2026_07,quarterly,2023_q2,2023-04-01,2023,4,2,1,stroke,male,all,primary_clear_likely,death_certificate,quarterly_same_quarter_previous_5yr_mean,18.2,18.2,count,91,,5,final,bnr_sdc_v1,6,0,0,0,0,,none,No disclosure restriction identified.
MORT-BURDEN-001,mort_2026_07,quarterly,2023_q2,2023-04-01,2023,4,2,1,all_cvd,all,all,upper_clear_likely_possible,death_certificate,quarterly_count,159,159,count,159,,,final,bnr_sdc_v1,6,0,0,0,0,,none,No disclosure restriction identified.
MORT-BURDEN-001,mort_2026_07,quarterly,2023_q2,2023-04-01,2023,4,2,1,all_cvd,all,all,upper_clear_likely_possible,death_certificate,quarterly_same_quarter_previous_5yr_mean,132.8,132.8,count,664,,5,final,bnr_sdc_v1,6,0,0,0,0,,none,No disclosure restriction identified.
MORT-BURDEN-001,mort_2026_07,quarterly,2023_q2,2023-04-01,2023,4,2,1,all_cvd,female,all,upper_clear_likely_possible,death_certificate,quarterly_count,89,89,count,89,,,final,bnr_sdc_v1,6,0,0,0,0,,none,No disclosure restriction identified.
MORT-BURDEN-001,mort_2026_07,quarterly,2023_q2,2023-04-01,2023,4,2,1,all_cvd,female,all,upper_clear_likely_possible,death_certificate,quarterly_same_quarter_previous_5yr_mean,72.40000000000001,72.4,count,362,,5,final,bnr_sdc_v1,6,0,0,0,0,,none,No disclosure restriction identified.
MORT-BURDEN-001,mort_2026_07,quarterly,2023_q2,2023-04-01,2023,4,2,1,all_cvd,male,all,upper_clear_likely_possible,death_certificate,quarterly_count,70,70,count,70,,,final,bnr_sdc_v1,6,0,0,0,0,,none,No disclosure restriction identified.
MORT-BURDEN-001,mort_2026_07,quarterly,2023_q2,2023-04-01,2023,4,2,1,all_cvd,male,all,upper_clear_likely_possible,death_certificate,quarterly_same_quarter_previous_5yr_mean,60.4,60.4,count,302,,5,final,bnr_sdc_v1,6,0,0,0,0,,none,No disclosure restriction identified.
MORT-BURDEN-001,mort_2026_07,quarterly,2023_q2,2023-04-01,2023,4,2,1,heart,all,all,upper_clear_likely_possible,death_certificate,quarterly_count,69,69,count,69,,,final,bnr_sdc_v1,6,0,0,0,0,,none,No disclosure restriction identified.
MORT-BURDEN-001,mort_2026_07,quarterly,2023_q2,2023-04-01,2023,4,2,1,heart,all,all,upper_clear_likely_possible,death_certificate,quarterly_same_quarter_previous_5yr_mean,66.2,66.2,count,331,,5,final,bnr_sdc_v1,6,0,0,0,0,,none,No disclosure restriction identified.
MORT-BURDEN-001,mort_2026_07,quarterly,2023_q2,2023-04-01,2023,4,2,1,heart,female,all,upper_clear_likely_possible,death_certificate,quarterly_count,39,39,count,39,,,final,bnr_sdc_v1,6,0,0,0,0,,none,No disclosure restriction identified.
MORT-BURDEN-001,mort_2026_07,quarterly,2023_q2,2023-04-01,2023,4,2,1,heart,female,all,upper_clear_likely_possible,death_certificate,quarterly_same_quarter_previous_5yr_mean,33.2,33.2,count,166,,5,final,bnr_sdc_v1,6,0,0,0,0,,none,No disclosure restriction identified.
MORT-BURDEN-001,mort_2026_07,quarterly,2023_q2,2023-04-01,2023,4,2,1,heart,male,all,upper_clear_likely_possible,death_certificate,quarterly_count,30,30,count,30,,,final,bnr_sdc_v1,6,0,0,0,0,,none,No disclosure restriction identified.
MORT-BURDEN-001,mort_2026_07,quarterly,2023_q2,2023-04-01,2023,4,2,1,heart,male,all,upper_clear_likely_possible,death_certificate,quarterly_same_quarter_previous_5yr_mean,33,33,count,165,,5,final,bnr_sdc_v1,6,0,0,0,0,,none,No disclosure restriction identified.
MORT-BURDEN-001,mort_2026_07,quarterly,2023_q2,2023-04-01,2023,4,2,1,stroke,all,all,upper_clear_likely_possible,death_certificate,quarterly_count,90,90,count,90,,,final,bnr_sdc_v1,6,0,0,0,0,,none,No disclosure restriction identified.
MORT-BURDEN-001,mort_2026_07,quarterly,2023_q2,2023-04-01,2023,4,2,1,stroke,all,all,upper_clear_likely_possible,death_certificate,quarterly_same_quarter_previous_5yr_mean,66.59999999999999,66.6,count,333,,5,final,bnr_sdc_v1,6,0,0,0,0,,none,No disclosure restriction identified.
MORT-BURDEN-001,mort_2026_07,quarterly,2023_q2,2023-04-01,2023,4,2,1,stroke,female,all,upper_clear_likely_possible,death_certificate,quarterly_count,50,50,count,50,,,final,bnr_sdc_v1,6,0,0,0,0,,none,No disclosure restriction identified.
MORT-BURDEN-001,mort_2026_07,quarterly,2023_q2,2023-04-01,2023,4,2,1,stroke,female,all,upper_clear_likely_possible,death_certificate,quarterly_same_quarter_previous_5yr_mean,39.2,39.2,count,196,,5,final,bnr_sdc_v1,6,0,0,0,0,,none,No disclosure restriction identified.
MORT-BURDEN-001,mort_2026_07,quarterly,2023_q2,2023-04-01,2023,4,2,1,stroke,male,all,upper_clear_likely_possible,death_certificate,quarterly_count,40,40,count,40,,,final,bnr_sdc_v1,6,0,0,0,0,,none,No disclosure restriction identified.
MORT-BURDEN-001,mort_2026_07,quarterly,2023_q2,2023-04-01,2023,4,2,1,stroke,male,all,upper_clear_likely_possible,death_certificate,quarterly_same_quarter_previous_5yr_mean,27.4,27.4,count,137,,5,final,bnr_sdc_v1,6,0,0,0,0,,none,No disclosure restriction identified.
MORT-BURDEN-001,mort_2026_07,quarterly,2023_q3,2023-07-01,2023,7,3,1,all_cvd,all,all,primary_clear_likely,death_certificate,quarterly_count,117,117,count,117,,,final,bnr_sdc_v1,6,0,0,0,0,,none,No disclosure restriction identified.
MORT-BURDEN-001,mort_2026_07,quarterly,2023_q3,2023-07-01,2023,7,3,1,all_cvd,all,all,primary_clear_likely,death_certificate,quarterly_same_quarter_previous_5yr_mean,96.8,96.8,count,484,,5,final,bnr_sdc_v1,6,0,0,0,0,,none,No disclosure restriction identified.
MORT-BURDEN-001,mort_2026_07,quarterly,2023_q3,2023-07-01,2023,7,3,1,all_cvd,female,all,primary_clear_likely,death_certificate,quarterly_count,58,58,count,58,,,final,bnr_sdc_v1,6,0,0,0,0,,none,No disclosure restriction identified.
MORT-BURDEN-001,mort_2026_07,quarterly,2023_q3,2023-07-01,2023,7,3,1,all_cvd,female,all,primary_clear_likely,death_certificate,quarterly_same_quarter_previous_5yr_mean,50.8,50.8,count,254,,5,final,bnr_sdc_v1,6,0,0,0,0,,none,No disclosure restriction identified.
MORT-BURDEN-001,mort_2026_07,quarterly,2023_q3,2023-07-01,2023,7,3,1,all_cvd,male,all,primary_clear_likely,death_certificate,quarterly_count,59,59,count,59,,,final,bnr_sdc_v1,6,0,0,0,0,,none,No disclosure restriction identified.
MORT-BURDEN-001,mort_2026_07,quarterly,2023_q3,2023-07-01,2023,7,3,1,all_cvd,male,all,primary_clear_likely,death_certificate,quarterly_same_quarter_previous_5yr_mean,46,46,count,230,,5,final,bnr_sdc_v1,6,0,0,0,0,,none,No disclosure restriction identified.
MORT-BURDEN-001,mort_2026_07,quarterly,2023_q3,2023-07-01,2023,7,3,1,heart,all,all,primary_clear_likely,death_certificate,quarterly_count,62,62,count,62,,,final,bnr_sdc_v1,6,0,0,0,0,,none,No disclosure restriction identified.
MORT-BURDEN-001,mort_2026_07,quarterly,2023_q3,2023-07-01,2023,7,3,1,heart,all,all,primary_clear_likely,death_certificate,quarterly_same_quarter_previous_5yr_mean,51,51,count,255,,5,final,bnr_sdc_v1,6,0,0,0,0,,none,No disclosure restriction identified.
MORT-BURDEN-001,mort_2026_07,quarterly,2023_q3,2023-07-01,2023,7,3,1,heart,female,all,primary_clear_likely,death_certificate,quarterly_count,36,36,count,36,,,final,bnr_sdc_v1,6,0,0,0,0,,none,No disclosure restriction identified.
MORT-BURDEN-001,mort_2026_07,quarterly,2023_q3,2023-07-01,2023,7,3,1,heart,female,all,primary_clear_likely,death_certificate,quarterly_same_quarter_previous_5yr_mean,25.2,25.2,count,126,,5,final,bnr_sdc_v1,6,0,0,0,0,,none,No disclosure restriction identified.
MORT-BURDEN-001,mort_2026_07,quarterly,2023_q3,2023-07-01,2023,7,3,1,heart,male,all,primary_clear_likely,death_certificate,quarterly_count,26,26,count,26,,,final,bnr_sdc_v1,6,0,0,0,0,,none,No disclosure restriction identified.
MORT-BURDEN-001,mort_2026_07,quarterly,2023_q3,2023-07-01,2023,7,3,1,heart,male,all,primary_clear_likely,death_certificate,quarterly_same_quarter_previous_5yr_mean,25.8,25.8,count,129,,5,final,bnr_sdc_v1,6,0,0,0,0,,none,No disclosure restriction identified.
MORT-BURDEN-001,mort_2026_07,quarterly,2023_q3,2023-07-01,2023,7,3,1,stroke,all,all,primary_clear_likely,death_certificate,quarterly_count,55,55,count,55,,,final,bnr_sdc_v1,6,0,0,0,0,,none,No disclosure restriction identified.
MORT-BURDEN-001,mort_2026_07,quarterly,2023_q3,2023-07-01,2023,7,3,1,stroke,all,all,primary_clear_likely,death_certificate,quarterly_same_quarter_previous_5yr_mean,45.8,45.8,count,229,,5,final,bnr_sdc_v1,6,0,0,0,0,,none,No disclosure restriction identified.
MORT-BURDEN-001,mort_2026_07,quarterly,2023_q3,2023-07-01,2023,7,3,1,stroke,female,all,primary_clear_likely,death_certificate,quarterly_count,22,22,count,22,,,final,bnr_sdc_v1,6,0,0,0,0,,none,No disclosure restriction identified.
MORT-BURDEN-001,mort_2026_07,quarterly,2023_q3,2023-07-01,2023,7,3,1,stroke,female,all,primary_clear_likely,death_certificate,quarterly_same_quarter_previous_5yr_mean,25.6,25.6,count,128,,5,final,bnr_sdc_v1,6,0,0,0,0,,none,No disclosure restriction identified.
MORT-BURDEN-001,mort_2026_07,quarterly,2023_q3,2023-07-01,2023,7,3,1,stroke,male,all,primary_clear_likely,death_certificate,quarterly_count,33,33,count,33,,,final,bnr_sdc_v1,6,0,0,0,0,,none,No disclosure restriction identified.
MORT-BURDEN-001,mort_2026_07,quarterly,2023_q3,2023-07-01,2023,7,3,1,stroke,male,all,primary_clear_likely,death_certificate,quarterly_same_quarter_previous_5yr_mean,20.2,20.2,count,101,,5,final,bnr_sdc_v1,6,0,0,0,0,,none,No disclosure restriction identified.
MORT-BURDEN-001,mort_2026_07,quarterly,2023_q3,2023-07-01,2023,7,3,1,all_cvd,all,all,upper_clear_likely_possible,death_certificate,quarterly_count,155,155,count,155,,,final,bnr_sdc_v1,6,0,0,0,0,,none,No disclosure restriction identified.
MORT-BURDEN-001,mort_2026_07,quarterly,2023_q3,2023-07-01,2023,7,3,1,all_cvd,all,all,upper_clear_likely_possible,death_certificate,quarterly_same_quarter_previous_5yr_mean,144.6,144.6,count,723,,5,final,bnr_sdc_v1,6,0,0,0,0,,none,No disclosure restriction identified.
MORT-BURDEN-001,mort_2026_07,quarterly,2023_q3,2023-07-01,2023,7,3,1,all_cvd,female,all,upper_clear_likely_possible,death_certificate,quarterly_count,75,75,count,75,,,final,bnr_sdc_v1,6,0,0,0,0,,none,No disclosure restriction identified.
MORT-BURDEN-001,mort_2026_07,quarterly,2023_q3,2023-07-01,2023,7,3,1,all_cvd,female,all,upper_clear_likely_possible,death_certificate,quarterly_same_quarter_previous_5yr_mean,78.59999999999999,78.6,count,393,,5,final,bnr_sdc_v1,6,0,0,0,0,,none,No disclosure restriction identified.
MORT-BURDEN-001,mort_2026_07,quarterly,2023_q3,2023-07-01,2023,7,3,1,all_cvd,male,all,upper_clear_likely_possible,death_certificate,quarterly_count,80,80,count,80,,,final,bnr_sdc_v1,6,0,0,0,0,,none,No disclosure restriction identified.
MORT-BURDEN-001,mort_2026_07,quarterly,2023_q3,2023-07-01,2023,7,3,1,all_cvd,male,all,upper_clear_likely_possible,death_certificate,quarterly_same_quarter_previous_5yr_mean,66,66,count,330,,5,final,bnr_sdc_v1,6,0,0,0,0,,none,No disclosure restriction identified.
MORT-BURDEN-001,mort_2026_07,quarterly,2023_q3,2023-07-01,2023,7,3,1,heart,all,all,upper_clear_likely_possible,death_certificate,quarterly_count,73,73,count,73,,,final,bnr_sdc_v1,6,0,0,0,0,,none,No disclosure restriction identified.
MORT-BURDEN-001,mort_2026_07,quarterly,2023_q3,2023-07-01,2023,7,3,1,heart,all,all,upper_clear_likely_possible,death_certificate,quarterly_same_quarter_previous_5yr_mean,74,74,count,370,,5,final,bnr_sdc_v1,6,0,0,0,0,,none,No disclosure restriction identified.
MORT-BURDEN-001,mort_2026_07,quarterly,2023_q3,2023-07-01,2023,7,3,1,heart,female,all,upper_clear_likely_possible,death_certificate,quarterly_count,40,40,count,40,,,final,bnr_sdc_v1,6,0,0,0,0,,none,No disclosure restriction identified.
MORT-BURDEN-001,mort_2026_07,quarterly,2023_q3,2023-07-01,2023,7,3,1,heart,female,all,upper_clear_likely_possible,death_certificate,quarterly_same_quarter_previous_5yr_mean,39.2,39.2,count,196,,5,final,bnr_sdc_v1,6,0,0,0,0,,none,No disclosure restriction identified.
MORT-BURDEN-001,mort_2026_07,quarterly,2023_q3,2023-07-01,2023,7,3,1,heart,male,all,upper_clear_likely_possible,death_certificate,quarterly_count,33,33,count,33,,,final,bnr_sdc_v1,6,0,0,0,0,,none,No disclosure restriction identified.
MORT-BURDEN-001,mort_2026_07,quarterly,2023_q3,2023-07-01,2023,7,3,1,heart,male,all,upper_clear_likely_possible,death_certificate,quarterly_same_quarter_previous_5yr_mean,34.8,34.8,count,174,,5,final,bnr_sdc_v1,6,0,0,0,0,,none,No disclosure restriction identified.
MORT-BURDEN-001,mort_2026_07,quarterly,2023_q3,2023-07-01,2023,7,3,1,stroke,all,all,upper_clear_likely_possible,death_certificate,quarterly_count,82,82,count,82,,,final,bnr_sdc_v1,6,0,0,0,0,,none,No disclosure restriction identified.
MORT-BURDEN-001,mort_2026_07,quarterly,2023_q3,2023-07-01,2023,7,3,1,stroke,all,all,upper_clear_likely_possible,death_certificate,quarterly_same_quarter_previous_5yr_mean,70.59999999999999,70.6,count,353,,5,final,bnr_sdc_v1,6,0,0,0,0,,none,No disclosure restriction identified.
MORT-BURDEN-001,mort_2026_07,quarterly,2023_q3,2023-07-01,2023,7,3,1,stroke,female,all,upper_clear_likely_possible,death_certificate,quarterly_count,35,35,count,35,,,final,bnr_sdc_v1,6,0,0,0,0,,none,No disclosure restriction identified.
MORT-BURDEN-001,mort_2026_07,quarterly,2023_q3,2023-07-01,2023,7,3,1,stroke,female,all,upper_clear_likely_possible,death_certificate,quarterly_same_quarter_previous_5yr_mean,39.4,39.4,count,197,,5,final,bnr_sdc_v1,6,0,0,0,0,,none,No disclosure restriction identified.
MORT-BURDEN-001,mort_2026_07,quarterly,2023_q3,2023-07-01,2023,7,3,1,stroke,male,all,upper_clear_likely_possible,death_certificate,quarterly_count,47,47,count,47,,,final,bnr_sdc_v1,6,0,0,0,0,,none,No disclosure restriction identified.
MORT-BURDEN-001,mort_2026_07,quarterly,2023_q3,2023-07-01,2023,7,3,1,stroke,male,all,upper_clear_likely_possible,death_certificate,quarterly_same_quarter_previous_5yr_mean,31.2,31.2,count,156,,5,final,bnr_sdc_v1,6,0,0,0,0,,none,No disclosure restriction identified.
MORT-BURDEN-001,mort_2026_07,quarterly,2023_q4,2023-10-01,2023,10,4,1,all_cvd,all,all,primary_clear_likely,death_certificate,quarterly_count,95,95,count,95,,,final,bnr_sdc_v1,6,0,0,0,0,,none,No disclosure restriction identified.
MORT-BURDEN-001,mort_2026_07,quarterly,2023_q4,2023-10-01,2023,10,4,1,all_cvd,all,all,primary_clear_likely,death_certificate,quarterly_same_quarter_previous_5yr_mean,90,90,count,450,,5,final,bnr_sdc_v1,6,0,0,0,0,,none,No disclosure restriction identified.
MORT-BURDEN-001,mort_2026_07,quarterly,2023_q4,2023-10-01,2023,10,4,1,all_cvd,female,all,primary_clear_likely,death_certificate,quarterly_count,47,47,count,47,,,final,bnr_sdc_v1,6,0,0,0,0,,none,No disclosure restriction identified.
MORT-BURDEN-001,mort_2026_07,quarterly,2023_q4,2023-10-01,2023,10,4,1,all_cvd,female,all,primary_clear_likely,death_certificate,quarterly_same_quarter_previous_5yr_mean,45.8,45.8,count,229,,5,final,bnr_sdc_v1,6,0,0,0,0,,none,No disclosure restriction identified.
MORT-BURDEN-001,mort_2026_07,quarterly,2023_q4,2023-10-01,2023,10,4,1,all_cvd,male,all,primary_clear_likely,death_certificate,quarterly_count,48,48,count,48,,,final,bnr_sdc_v1,6,0,0,0,0,,none,No disclosure restriction identified.
MORT-BURDEN-001,mort_2026_07,quarterly,2023_q4,2023-10-01,2023,10,4,1,all_cvd,male,all,primary_clear_likely,death_certificate,quarterly_same_quarter_previous_5yr_mean,44.2,44.2,count,221,,5,final,bnr_sdc_v1,6,0,0,0,0,,none,No disclosure restriction identified.
MORT-BURDEN-001,mort_2026_07,quarterly,2023_q4,2023-10-01,2023,10,4,1,heart,all,all,primary_clear_likely,death_certificate,quarterly_count,54,54,count,54,,,final,bnr_sdc_v1,6,0,0,0,0,,none,No disclosure restriction identified.
MORT-BURDEN-001,mort_2026_07,quarterly,2023_q4,2023-10-01,2023,10,4,1,heart,all,all,primary_clear_likely,death_certificate,quarterly_same_quarter_previous_5yr_mean,51,51,count,255,,5,final,bnr_sdc_v1,6,0,0,0,0,,none,No disclosure restriction identified.
MORT-BURDEN-001,mort_2026_07,quarterly,2023_q4,2023-10-01,2023,10,4,1,heart,female,all,primary_clear_likely,death_certificate,quarterly_count,24,24,count,24,,,final,bnr_sdc_v1,6,0,0,0,0,,none,No disclosure restriction identified.
MORT-BURDEN-001,mort_2026_07,quarterly,2023_q4,2023-10-01,2023,10,4,1,heart,female,all,primary_clear_likely,death_certificate,quarterly_same_quarter_previous_5yr_mean,25,25,count,125,,5,final,bnr_sdc_v1,6,0,0,0,0,,none,No disclosure restriction identified.
MORT-BURDEN-001,mort_2026_07,quarterly,2023_q4,2023-10-01,2023,10,4,1,heart,male,all,primary_clear_likely,death_certificate,quarterly_count,30,30,count,30,,,final,bnr_sdc_v1,6,0,0,0,0,,none,No disclosure restriction identified.
MORT-BURDEN-001,mort_2026_07,quarterly,2023_q4,2023-10-01,2023,10,4,1,heart,male,all,primary_clear_likely,death_certificate,quarterly_same_quarter_previous_5yr_mean,26,26,count,130,,5,final,bnr_sdc_v1,6,0,0,0,0,,none,No disclosure restriction identified.
MORT-BURDEN-001,mort_2026_07,quarterly,2023_q4,2023-10-01,2023,10,4,1,stroke,all,all,primary_clear_likely,death_certificate,quarterly_count,41,41,count,41,,,final,bnr_sdc_v1,6,0,0,0,0,,none,No disclosure restriction identified.
MORT-BURDEN-001,mort_2026_07,quarterly,2023_q4,2023-10-01,2023,10,4,1,stroke,all,all,primary_clear_likely,death_certificate,quarterly_same_quarter_previous_5yr_mean,39,39,count,195,,5,final,bnr_sdc_v1,6,0,0,0,0,,none,No disclosure restriction identified.
MORT-BURDEN-001,mort_2026_07,quarterly,2023_q4,2023-10-01,2023,10,4,1,stroke,female,all,primary_clear_likely,death_certificate,quarterly_count,23,23,count,23,,,final,bnr_sdc_v1,6,0,0,0,0,,none,No disclosure restriction identified.
MORT-BURDEN-001,mort_2026_07,quarterly,2023_q4,2023-10-01,2023,10,4,1,stroke,female,all,primary_clear_likely,death_certificate,quarterly_same_quarter_previous_5yr_mean,20.8,20.8,count,104,,5,final,bnr_sdc_v1,6,0,0,0,0,,none,No disclosure restriction identified.
MORT-BURDEN-001,mort_2026_07,quarterly,2023_q4,2023-10-01,2023,10,4,1,stroke,male,all,primary_clear_likely,death_certificate,quarterly_count,18,18,count,18,,,final,bnr_sdc_v1,6,0,0,0,0,,none,No disclosure restriction identified.
MORT-BURDEN-001,mort_2026_07,quarterly,2023_q4,2023-10-01,2023,10,4,1,stroke,male,all,primary_clear_likely,death_certificate,quarterly_same_quarter_previous_5yr_mean,18.2,18.2,count,91,,5,final,bnr_sdc_v1,6,0,0,0,0,,none,No disclosure restriction identified.
MORT-BURDEN-001,mort_2026_07,quarterly,2023_q4,2023-10-01,2023,10,4,1,all_cvd,all,all,upper_clear_likely_possible,death_certificate,quarterly_count,147,147,count,147,,,final,bnr_sdc_v1,6,0,0,0,0,,none,No disclosure restriction identified.
MORT-BURDEN-001,mort_2026_07,quarterly,2023_q4,2023-10-01,2023,10,4,1,all_cvd,all,all,upper_clear_likely_possible,death_certificate,quarterly_same_quarter_previous_5yr_mean,132.2,132.2,count,661,,5,final,bnr_sdc_v1,6,0,0,0,0,,none,No disclosure restriction identified.
MORT-BURDEN-001,mort_2026_07,quarterly,2023_q4,2023-10-01,2023,10,4,1,all_cvd,female,all,upper_clear_likely_possible,death_certificate,quarterly_count,76,76,count,76,,,final,bnr_sdc_v1,6,0,0,0,0,,none,No disclosure restriction identified.
MORT-BURDEN-001,mort_2026_07,quarterly,2023_q4,2023-10-01,2023,10,4,1,all_cvd,female,all,upper_clear_likely_possible,death_certificate,quarterly_same_quarter_previous_5yr_mean,65.40000000000001,65.4,count,327,,5,final,bnr_sdc_v1,6,0,0,0,0,,none,No disclosure restriction identified.
MORT-BURDEN-001,mort_2026_07,quarterly,2023_q4,2023-10-01,2023,10,4,1,all_cvd,male,all,upper_clear_likely_possible,death_certificate,quarterly_count,71,71,count,71,,,final,bnr_sdc_v1,6,0,0,0,0,,none,No disclosure restriction identified.
MORT-BURDEN-001,mort_2026_07,quarterly,2023_q4,2023-10-01,2023,10,4,1,all_cvd,male,all,upper_clear_likely_possible,death_certificate,quarterly_same_quarter_previous_5yr_mean,66.8,66.8,count,334,,5,final,bnr_sdc_v1,6,0,0,0,0,,none,No disclosure restriction identified.
MORT-BURDEN-001,mort_2026_07,quarterly,2023_q4,2023-10-01,2023,10,4,1,heart,all,all,upper_clear_likely_possible,death_certificate,quarterly_count,79,79,count,79,,,final,bnr_sdc_v1,6,0,0,0,0,,none,No disclosure restriction identified.
MORT-BURDEN-001,mort_2026_07,quarterly,2023_q4,2023-10-01,2023,10,4,1,heart,all,all,upper_clear_likely_possible,death_certificate,quarterly_same_quarter_previous_5yr_mean,69.8,69.8,count,349,,5,final,bnr_sdc_v1,6,0,0,0,0,,none,No disclosure restriction identified.
MORT-BURDEN-001,mort_2026_07,quarterly,2023_q4,2023-10-01,2023,10,4,1,heart,female,all,upper_clear_likely_possible,death_certificate,quarterly_count,38,38,count,38,,,final,bnr_sdc_v1,6,0,0,0,0,,none,No disclosure restriction identified.
MORT-BURDEN-001,mort_2026_07,quarterly,2023_q4,2023-10-01,2023,10,4,1,heart,female,all,upper_clear_likely_possible,death_certificate,quarterly_same_quarter_previous_5yr_mean,34.8,34.8,count,174,,5,final,bnr_sdc_v1,6,0,0,0,0,,none,No disclosure restriction identified.
MORT-BURDEN-001,mort_2026_07,quarterly,2023_q4,2023-10-01,2023,10,4,1,heart,male,all,upper_clear_likely_possible,death_certificate,quarterly_count,41,41,count,41,,,final,bnr_sdc_v1,6,0,0,0,0,,none,No disclosure restriction identified.
MORT-BURDEN-001,mort_2026_07,quarterly,2023_q4,2023-10-01,2023,10,4,1,heart,male,all,upper_clear_likely_possible,death_certificate,quarterly_same_quarter_previous_5yr_mean,35,35,count,175,,5,final,bnr_sdc_v1,6,0,0,0,0,,none,No disclosure restriction identified.
MORT-BURDEN-001,mort_2026_07,quarterly,2023_q4,2023-10-01,2023,10,4,1,stroke,all,all,upper_clear_likely_possible,death_certificate,quarterly_count,68,68,count,68,,,final,bnr_sdc_v1,6,0,0,0,0,,none,No disclosure restriction identified.
MORT-BURDEN-001,mort_2026_07,quarterly,2023_q4,2023-10-01,2023,10,4,1,stroke,all,all,upper_clear_likely_possible,death_certificate,quarterly_same_quarter_previous_5yr_mean,62.4,62.4,count,312,,5,final,bnr_sdc_v1,6,0,0,0,0,,none,No disclosure restriction identified.
MORT-BURDEN-001,mort_2026_07,quarterly,2023_q4,2023-10-01,2023,10,4,1,stroke,female,all,upper_clear_likely_possible,death_certificate,quarterly_count,38,38,count,38,,,final,bnr_sdc_v1,6,0,0,0,0,,none,No disclosure restriction identified.
MORT-BURDEN-001,mort_2026_07,quarterly,2023_q4,2023-10-01,2023,10,4,1,stroke,female,all,upper_clear_likely_possible,death_certificate,quarterly_same_quarter_previous_5yr_mean,30.6,30.6,count,153,,5,final,bnr_sdc_v1,6,0,0,0,0,,none,No disclosure restriction identified.
MORT-BURDEN-001,mort_2026_07,quarterly,2023_q4,2023-10-01,2023,10,4,1,stroke,male,all,upper_clear_likely_possible,death_certificate,quarterly_count,30,30,count,30,,,final,bnr_sdc_v1,6,0,0,0,0,,none,No disclosure restriction identified.
MORT-BURDEN-001,mort_2026_07,quarterly,2023_q4,2023-10-01,2023,10,4,1,stroke,male,all,upper_clear_likely_possible,death_certificate,quarterly_same_quarter_previous_5yr_mean,31.8,31.8,count,159,,5,final,bnr_sdc_v1,6,0,0,0,0,,none,No disclosure restriction identified.
MORT-BURDEN-001,mort_2026_07,quarterly,2024_q1,2024-01-01,2024,1,1,1,all_cvd,all,all,primary_clear_likely,death_certificate,quarterly_count,103,103,count,103,,,final,bnr_sdc_v1,6,0,0,0,0,,none,No disclosure restriction identified.
MORT-BURDEN-001,mort_2026_07,quarterly,2024_q1,2024-01-01,2024,1,1,1,all_cvd,all,all,primary_clear_likely,death_certificate,quarterly_same_quarter_previous_5yr_mean,116,116,count,580,,5,final,bnr_sdc_v1,6,0,0,0,0,,none,No disclosure restriction identified.
MORT-BURDEN-001,mort_2026_07,quarterly,2024_q1,2024-01-01,2024,1,1,1,all_cvd,female,all,primary_clear_likely,death_certificate,quarterly_count,52,52,count,52,,,final,bnr_sdc_v1,6,0,0,0,0,,none,No disclosure restriction identified.
MORT-BURDEN-001,mort_2026_07,quarterly,2024_q1,2024-01-01,2024,1,1,1,all_cvd,female,all,primary_clear_likely,death_certificate,quarterly_same_quarter_previous_5yr_mean,58.6,58.6,count,293,,5,final,bnr_sdc_v1,6,0,0,0,0,,none,No disclosure restriction identified.
MORT-BURDEN-001,mort_2026_07,quarterly,2024_q1,2024-01-01,2024,1,1,1,all_cvd,male,all,primary_clear_likely,death_certificate,quarterly_count,51,51,count,51,,,final,bnr_sdc_v1,6,0,0,0,0,,none,No disclosure restriction identified.
MORT-BURDEN-001,mort_2026_07,quarterly,2024_q1,2024-01-01,2024,1,1,1,all_cvd,male,all,primary_clear_likely,death_certificate,quarterly_same_quarter_previous_5yr_mean,57.4,57.4,count,287,,5,final,bnr_sdc_v1,6,0,0,0,0,,none,No disclosure restriction identified.
MORT-BURDEN-001,mort_2026_07,quarterly,2024_q1,2024-01-01,2024,1,1,1,heart,all,all,primary_clear_likely,death_certificate,quarterly_count,46,46,count,46,,,final,bnr_sdc_v1,6,0,0,0,0,,none,No disclosure restriction identified.
MORT-BURDEN-001,mort_2026_07,quarterly,2024_q1,2024-01-01,2024,1,1,1,heart,all,all,primary_clear_likely,death_certificate,quarterly_same_quarter_previous_5yr_mean,63.2,63.2,count,316,,5,final,bnr_sdc_v1,6,0,0,0,0,,none,No disclosure restriction identified.
MORT-BURDEN-001,mort_2026_07,quarterly,2024_q1,2024-01-01,2024,1,1,1,heart,female,all,primary_clear_likely,death_certificate,quarterly_count,28,28,count,28,,,final,bnr_sdc_v1,6,0,0,0,0,,none,No disclosure restriction identified.
MORT-BURDEN-001,mort_2026_07,quarterly,2024_q1,2024-01-01,2024,1,1,1,heart,female,all,primary_clear_likely,death_certificate,quarterly_same_quarter_previous_5yr_mean,28.6,28.6,count,143,,5,final,bnr_sdc_v1,6,0,0,0,0,,none,No disclosure restriction identified.
MORT-BURDEN-001,mort_2026_07,quarterly,2024_q1,2024-01-01,2024,1,1,1,heart,male,all,primary_clear_likely,death_certificate,quarterly_count,18,18,count,18,,,final,bnr_sdc_v1,6,0,0,0,0,,none,No disclosure restriction identified.
MORT-BURDEN-001,mort_2026_07,quarterly,2024_q1,2024-01-01,2024,1,1,1,heart,male,all,primary_clear_likely,death_certificate,quarterly_same_quarter_previous_5yr_mean,34.6,34.6,count,173,,5,final,bnr_sdc_v1,6,0,0,0,0,,none,No disclosure restriction identified.
MORT-BURDEN-001,mort_2026_07,quarterly,2024_q1,2024-01-01,2024,1,1,1,stroke,all,all,primary_clear_likely,death_certificate,quarterly_count,57,57,count,57,,,final,bnr_sdc_v1,6,0,0,0,0,,none,No disclosure restriction identified.
MORT-BURDEN-001,mort_2026_07,quarterly,2024_q1,2024-01-01,2024,1,1,1,stroke,all,all,primary_clear_likely,death_certificate,quarterly_same_quarter_previous_5yr_mean,52.8,52.8,count,264,,5,final,bnr_sdc_v1,6,0,0,0,0,,none,No disclosure restriction identified.
MORT-BURDEN-001,mort_2026_07,quarterly,2024_q1,2024-01-01,2024,1,1,1,stroke,female,all,primary_clear_likely,death_certificate,quarterly_count,24,24,count,24,,,final,bnr_sdc_v1,6,0,0,0,0,,none,No disclosure restriction identified.
MORT-BURDEN-001,mort_2026_07,quarterly,2024_q1,2024-01-01,2024,1,1,1,stroke,female,all,primary_clear_likely,death_certificate,quarterly_same_quarter_previous_5yr_mean,30,30,count,150,,5,final,bnr_sdc_v1,6,0,0,0,0,,none,No disclosure restriction identified.
MORT-BURDEN-001,mort_2026_07,quarterly,2024_q1,2024-01-01,2024,1,1,1,stroke,male,all,primary_clear_likely,death_certificate,quarterly_count,33,33,count,33,,,final,bnr_sdc_v1,6,0,0,0,0,,none,No disclosure restriction identified.
MORT-BURDEN-001,mort_2026_07,quarterly,2024_q1,2024-01-01,2024,1,1,1,stroke,male,all,primary_clear_likely,death_certificate,quarterly_same_quarter_previous_5yr_mean,22.8,22.8,count,114,,5,final,bnr_sdc_v1,6,0,0,0,0,,none,No disclosure restriction identified.
MORT-BURDEN-001,mort_2026_07,quarterly,2024_q1,2024-01-01,2024,1,1,1,all_cvd,all,all,upper_clear_likely_possible,death_certificate,quarterly_count,152,152,count,152,,,final,bnr_sdc_v1,6,0,0,0,0,,none,No disclosure restriction identified.
MORT-BURDEN-001,mort_2026_07,quarterly,2024_q1,2024-01-01,2024,1,1,1,all_cvd,all,all,upper_clear_likely_possible,death_certificate,quarterly_same_quarter_previous_5yr_mean,165.8,165.8,count,829,,5,final,bnr_sdc_v1,6,0,0,0,0,,none,No disclosure restriction identified.
MORT-BURDEN-001,mort_2026_07,quarterly,2024_q1,2024-01-01,2024,1,1,1,all_cvd,female,all,upper_clear_likely_possible,death_certificate,quarterly_count,77,77,count,77,,,final,bnr_sdc_v1,6,0,0,0,0,,none,No disclosure restriction identified.
MORT-BURDEN-001,mort_2026_07,quarterly,2024_q1,2024-01-01,2024,1,1,1,all_cvd,female,all,upper_clear_likely_possible,death_certificate,quarterly_same_quarter_previous_5yr_mean,82.2,82.2,count,411,,5,final,bnr_sdc_v1,6,0,0,0,0,,none,No disclosure restriction identified.
MORT-BURDEN-001,mort_2026_07,quarterly,2024_q1,2024-01-01,2024,1,1,1,all_cvd,male,all,upper_clear_likely_possible,death_certificate,quarterly_count,75,75,count,75,,,final,bnr_sdc_v1,6,0,0,0,0,,none,No disclosure restriction identified.
MORT-BURDEN-001,mort_2026_07,quarterly,2024_q1,2024-01-01,2024,1,1,1,all_cvd,male,all,upper_clear_likely_possible,death_certificate,quarterly_same_quarter_previous_5yr_mean,83.59999999999999,83.6,count,418,,5,final,bnr_sdc_v1,6,0,0,0,0,,none,No disclosure restriction identified.
MORT-BURDEN-001,mort_2026_07,quarterly,2024_q1,2024-01-01,2024,1,1,1,heart,all,all,upper_clear_likely_possible,death_certificate,quarterly_count,64,64,count,64,,,final,bnr_sdc_v1,6,0,0,0,0,,none,No disclosure restriction identified.
MORT-BURDEN-001,mort_2026_07,quarterly,2024_q1,2024-01-01,2024,1,1,1,heart,all,all,upper_clear_likely_possible,death_certificate,quarterly_same_quarter_previous_5yr_mean,84.8,84.8,count,424,,5,final,bnr_sdc_v1,6,0,0,0,0,,none,No disclosure restriction identified.
MORT-BURDEN-001,mort_2026_07,quarterly,2024_q1,2024-01-01,2024,1,1,1,heart,female,all,upper_clear_likely_possible,death_certificate,quarterly_count,36,36,count,36,,,final,bnr_sdc_v1,6,0,0,0,0,,none,No disclosure restriction identified.
MORT-BURDEN-001,mort_2026_07,quarterly,2024_q1,2024-01-01,2024,1,1,1,heart,female,all,upper_clear_likely_possible,death_certificate,quarterly_same_quarter_previous_5yr_mean,38.2,38.2,count,191,,5,final,bnr_sdc_v1,6,0,0,0,0,,none,No disclosure restriction identified.
MORT-BURDEN-001,mort_2026_07,quarterly,2024_q1,2024-01-01,2024,1,1,1,heart,male,all,upper_clear_likely_possible,death_certificate,quarterly_count,28,28,count,28,,,final,bnr_sdc_v1,6,0,0,0,0,,none,No disclosure restriction identified.
MORT-BURDEN-001,mort_2026_07,quarterly,2024_q1,2024-01-01,2024,1,1,1,heart,male,all,upper_clear_likely_possible,death_certificate,quarterly_same_quarter_previous_5yr_mean,46.6,46.6,count,233,,5,final,bnr_sdc_v1,6,0,0,0,0,,none,No disclosure restriction identified.
MORT-BURDEN-001,mort_2026_07,quarterly,2024_q1,2024-01-01,2024,1,1,1,stroke,all,all,upper_clear_likely_possible,death_certificate,quarterly_count,88,88,count,88,,,final,bnr_sdc_v1,6,0,0,0,0,,none,No disclosure restriction identified.
MORT-BURDEN-001,mort_2026_07,quarterly,2024_q1,2024-01-01,2024,1,1,1,stroke,all,all,upper_clear_likely_possible,death_certificate,quarterly_same_quarter_previous_5yr_mean,81,81,count,405,,5,final,bnr_sdc_v1,6,0,0,0,0,,none,No disclosure restriction identified.
MORT-BURDEN-001,mort_2026_07,quarterly,2024_q1,2024-01-01,2024,1,1,1,stroke,female,all,upper_clear_likely_possible,death_certificate,quarterly_count,41,41,count,41,,,final,bnr_sdc_v1,6,0,0,0,0,,none,No disclosure restriction identified.
MORT-BURDEN-001,mort_2026_07,quarterly,2024_q1,2024-01-01,2024,1,1,1,stroke,female,all,upper_clear_likely_possible,death_certificate,quarterly_same_quarter_previous_5yr_mean,44,44,count,220,,5,final,bnr_sdc_v1,6,0,0,0,0,,none,No disclosure restriction identified.
MORT-BURDEN-001,mort_2026_07,quarterly,2024_q1,2024-01-01,2024,1,1,1,stroke,male,all,upper_clear_likely_possible,death_certificate,quarterly_count,47,47,count,47,,,final,bnr_sdc_v1,6,0,0,0,0,,none,No disclosure restriction identified.
MORT-BURDEN-001,mort_2026_07,quarterly,2024_q1,2024-01-01,2024,1,1,1,stroke,male,all,upper_clear_likely_possible,death_certificate,quarterly_same_quarter_previous_5yr_mean,37,37,count,185,,5,final,bnr_sdc_v1,6,0,0,0,0,,none,No disclosure restriction identified.
MORT-BURDEN-001,mort_2026_07,quarterly,2024_q2,2024-04-01,2024,4,2,1,all_cvd,all,all,primary_clear_likely,death_certificate,quarterly_count,75,75,count,75,,,final,bnr_sdc_v1,6,0,0,0,0,,none,No disclosure restriction identified.
MORT-BURDEN-001,mort_2026_07,quarterly,2024_q2,2024-04-01,2024,4,2,1,all_cvd,all,all,primary_clear_likely,death_certificate,quarterly_same_quarter_previous_5yr_mean,96.8,96.8,count,484,,5,final,bnr_sdc_v1,6,0,0,0,0,,none,No disclosure restriction identified.
MORT-BURDEN-001,mort_2026_07,quarterly,2024_q2,2024-04-01,2024,4,2,1,all_cvd,female,all,primary_clear_likely,death_certificate,quarterly_count,31,31,count,31,,,final,bnr_sdc_v1,6,0,0,0,0,,none,No disclosure restriction identified.
MORT-BURDEN-001,mort_2026_07,quarterly,2024_q2,2024-04-01,2024,4,2,1,all_cvd,female,all,primary_clear_likely,death_certificate,quarterly_same_quarter_previous_5yr_mean,52.8,52.8,count,264,,5,final,bnr_sdc_v1,6,0,0,0,0,,none,No disclosure restriction identified.
MORT-BURDEN-001,mort_2026_07,quarterly,2024_q2,2024-04-01,2024,4,2,1,all_cvd,male,all,primary_clear_likely,death_certificate,quarterly_count,44,44,count,44,,,final,bnr_sdc_v1,6,0,0,0,0,,none,No disclosure restriction identified.
MORT-BURDEN-001,mort_2026_07,quarterly,2024_q2,2024-04-01,2024,4,2,1,all_cvd,male,all,primary_clear_likely,death_certificate,quarterly_same_quarter_previous_5yr_mean,44,44,count,220,,5,final,bnr_sdc_v1,6,0,0,0,0,,none,No disclosure restriction identified.
MORT-BURDEN-001,mort_2026_07,quarterly,2024_q2,2024-04-01,2024,4,2,1,heart,all,all,primary_clear_likely,death_certificate,quarterly_count,42,42,count,42,,,final,bnr_sdc_v1,6,0,0,0,0,,none,No disclosure restriction identified.
MORT-BURDEN-001,mort_2026_07,quarterly,2024_q2,2024-04-01,2024,4,2,1,heart,all,all,primary_clear_likely,death_certificate,quarterly_same_quarter_previous_5yr_mean,49.8,49.8,count,249,,5,final,bnr_sdc_v1,6,0,0,0,0,,none,No disclosure restriction identified.
MORT-BURDEN-001,mort_2026_07,quarterly,2024_q2,2024-04-01,2024,4,2,1,heart,female,all,primary_clear_likely,death_certificate,quarterly_count,18,18,count,18,,,final,bnr_sdc_v1,6,0,0,0,0,,none,No disclosure restriction identified.
MORT-BURDEN-001,mort_2026_07,quarterly,2024_q2,2024-04-01,2024,4,2,1,heart,female,all,primary_clear_likely,death_certificate,quarterly_same_quarter_previous_5yr_mean,25.4,25.4,count,127,,5,final,bnr_sdc_v1,6,0,0,0,0,,none,No disclosure restriction identified.
MORT-BURDEN-001,mort_2026_07,quarterly,2024_q2,2024-04-01,2024,4,2,1,heart,male,all,primary_clear_likely,death_certificate,quarterly_count,24,24,count,24,,,final,bnr_sdc_v1,6,0,0,0,0,,none,No disclosure restriction identified.
MORT-BURDEN-001,mort_2026_07,quarterly,2024_q2,2024-04-01,2024,4,2,1,heart,male,all,primary_clear_likely,death_certificate,quarterly_same_quarter_previous_5yr_mean,24.4,24.4,count,122,,5,final,bnr_sdc_v1,6,0,0,0,0,,none,No disclosure restriction identified.
MORT-BURDEN-001,mort_2026_07,quarterly,2024_q2,2024-04-01,2024,4,2,1,stroke,all,all,primary_clear_likely,death_certificate,quarterly_count,33,33,count,33,,,final,bnr_sdc_v1,6,0,0,0,0,,none,No disclosure restriction identified.
MORT-BURDEN-001,mort_2026_07,quarterly,2024_q2,2024-04-01,2024,4,2,1,stroke,all,all,primary_clear_likely,death_certificate,quarterly_same_quarter_previous_5yr_mean,47,47,count,235,,5,final,bnr_sdc_v1,6,0,0,0,0,,none,No disclosure restriction identified.
MORT-BURDEN-001,mort_2026_07,quarterly,2024_q2,2024-04-01,2024,4,2,1,stroke,female,all,primary_clear_likely,death_certificate,quarterly_count,13,13,count,13,,,final,bnr_sdc_v1,6,0,0,0,0,,none,No disclosure restriction identified.
MORT-BURDEN-001,mort_2026_07,quarterly,2024_q2,2024-04-01,2024,4,2,1,stroke,female,all,primary_clear_likely,death_certificate,quarterly_same_quarter_previous_5yr_mean,27.4,27.4,count,137,,5,final,bnr_sdc_v1,6,0,0,0,0,,none,No disclosure restriction identified.
MORT-BURDEN-001,mort_2026_07,quarterly,2024_q2,2024-04-01,2024,4,2,1,stroke,male,all,primary_clear_likely,death_certificate,quarterly_count,20,20,count,20,,,final,bnr_sdc_v1,6,0,0,0,0,,none,No disclosure restriction identified.
MORT-BURDEN-001,mort_2026_07,quarterly,2024_q2,2024-04-01,2024,4,2,1,stroke,male,all,primary_clear_likely,death_certificate,quarterly_same_quarter_previous_5yr_mean,19.6,19.6,count,98,,5,final,bnr_sdc_v1,6,0,0,0,0,,none,No disclosure restriction identified.
MORT-BURDEN-001,mort_2026_07,quarterly,2024_q2,2024-04-01,2024,4,2,1,all_cvd,all,all,upper_clear_likely_possible,death_certificate,quarterly_count,126,126,count,126,,,final,bnr_sdc_v1,6,0,0,0,0,,none,No disclosure restriction identified.
MORT-BURDEN-001,mort_2026_07,quarterly,2024_q2,2024-04-01,2024,4,2,1,all_cvd,all,all,upper_clear_likely_possible,death_certificate,quarterly_same_quarter_previous_5yr_mean,139.4,139.4,count,697,,5,final,bnr_sdc_v1,6,0,0,0,0,,none,No disclosure restriction identified.
MORT-BURDEN-001,mort_2026_07,quarterly,2024_q2,2024-04-01,2024,4,2,1,all_cvd,female,all,upper_clear_likely_possible,death_certificate,quarterly_count,56,56,count,56,,,final,bnr_sdc_v1,6,0,0,0,0,,none,No disclosure restriction identified.
MORT-BURDEN-001,mort_2026_07,quarterly,2024_q2,2024-04-01,2024,4,2,1,all_cvd,female,all,upper_clear_likely_possible,death_certificate,quarterly_same_quarter_previous_5yr_mean,76.2,76.2,count,381,,5,final,bnr_sdc_v1,6,0,0,0,0,,none,No disclosure restriction identified.
MORT-BURDEN-001,mort_2026_07,quarterly,2024_q2,2024-04-01,2024,4,2,1,all_cvd,male,all,upper_clear_likely_possible,death_certificate,quarterly_count,70,70,count,70,,,final,bnr_sdc_v1,6,0,0,0,0,,none,No disclosure restriction identified.
MORT-BURDEN-001,mort_2026_07,quarterly,2024_q2,2024-04-01,2024,4,2,1,all_cvd,male,all,upper_clear_likely_possible,death_certificate,quarterly_same_quarter_previous_5yr_mean,63.2,63.2,count,316,,5,final,bnr_sdc_v1,6,0,0,0,0,,none,No disclosure restriction identified.
MORT-BURDEN-001,mort_2026_07,quarterly,2024_q2,2024-04-01,2024,4,2,1,heart,all,all,upper_clear_likely_possible,death_certificate,quarterly_count,61,61,count,61,,,final,bnr_sdc_v1,6,0,0,0,0,,none,No disclosure restriction identified.
MORT-BURDEN-001,mort_2026_07,quarterly,2024_q2,2024-04-01,2024,4,2,1,heart,all,all,upper_clear_likely_possible,death_certificate,quarterly_same_quarter_previous_5yr_mean,68.59999999999999,68.6,count,343,,5,final,bnr_sdc_v1,6,0,0,0,0,,none,No disclosure restriction identified.
MORT-BURDEN-001,mort_2026_07,quarterly,2024_q2,2024-04-01,2024,4,2,1,heart,female,all,upper_clear_likely_possible,death_certificate,quarterly_count,26,26,count,26,,,final,bnr_sdc_v1,6,0,0,0,0,,none,No disclosure restriction identified.
MORT-BURDEN-001,mort_2026_07,quarterly,2024_q2,2024-04-01,2024,4,2,1,heart,female,all,upper_clear_likely_possible,death_certificate,quarterly_same_quarter_previous_5yr_mean,35.2,35.2,count,176,,5,final,bnr_sdc_v1,6,0,0,0,0,,none,No disclosure restriction identified.
MORT-BURDEN-001,mort_2026_07,quarterly,2024_q2,2024-04-01,2024,4,2,1,heart,male,all,upper_clear_likely_possible,death_certificate,quarterly_count,35,35,count,35,,,final,bnr_sdc_v1,6,0,0,0,0,,none,No disclosure restriction identified.
MORT-BURDEN-001,mort_2026_07,quarterly,2024_q2,2024-04-01,2024,4,2,1,heart,male,all,upper_clear_likely_possible,death_certificate,quarterly_same_quarter_previous_5yr_mean,33.4,33.4,count,167,,5,final,bnr_sdc_v1,6,0,0,0,0,,none,No disclosure restriction identified.
MORT-BURDEN-001,mort_2026_07,quarterly,2024_q2,2024-04-01,2024,4,2,1,stroke,all,all,upper_clear_likely_possible,death_certificate,quarterly_count,65,65,count,65,,,final,bnr_sdc_v1,6,0,0,0,0,,none,No disclosure restriction identified.
MORT-BURDEN-001,mort_2026_07,quarterly,2024_q2,2024-04-01,2024,4,2,1,stroke,all,all,upper_clear_likely_possible,death_certificate,quarterly_same_quarter_previous_5yr_mean,70.8,70.8,count,354,,5,final,bnr_sdc_v1,6,0,0,0,0,,none,No disclosure restriction identified.
MORT-BURDEN-001,mort_2026_07,quarterly,2024_q2,2024-04-01,2024,4,2,1,stroke,female,all,upper_clear_likely_possible,death_certificate,quarterly_count,30,30,count,30,,,final,bnr_sdc_v1,6,0,0,0,0,,none,No disclosure restriction identified.
MORT-BURDEN-001,mort_2026_07,quarterly,2024_q2,2024-04-01,2024,4,2,1,stroke,female,all,upper_clear_likely_possible,death_certificate,quarterly_same_quarter_previous_5yr_mean,41,41,count,205,,5,final,bnr_sdc_v1,6,0,0,0,0,,none,No disclosure restriction identified.
MORT-BURDEN-001,mort_2026_07,quarterly,2024_q2,2024-04-01,2024,4,2,1,stroke,male,all,upper_clear_likely_possible,death_certificate,quarterly_count,35,35,count,35,,,final,bnr_sdc_v1,6,0,0,0,0,,none,No disclosure restriction identified.
MORT-BURDEN-001,mort_2026_07,quarterly,2024_q2,2024-04-01,2024,4,2,1,stroke,male,all,upper_clear_likely_possible,death_certificate,quarterly_same_quarter_previous_5yr_mean,29.8,29.8,count,149,,5,final,bnr_sdc_v1,6,0,0,0,0,,none,No disclosure restriction identified.
MORT-BURDEN-001,mort_2026_07,quarterly,2024_q3,2024-07-01,2024,7,3,1,all_cvd,all,all,primary_clear_likely,death_certificate,quarterly_count,99,99,count,99,,,final,bnr_sdc_v1,6,0,0,0,0,,none,No disclosure restriction identified.
MORT-BURDEN-001,mort_2026_07,quarterly,2024_q3,2024-07-01,2024,7,3,1,all_cvd,all,all,primary_clear_likely,death_certificate,quarterly_same_quarter_previous_5yr_mean,104.2,104.2,count,521,,5,final,bnr_sdc_v1,6,0,0,0,0,,none,No disclosure restriction identified.
MORT-BURDEN-001,mort_2026_07,quarterly,2024_q3,2024-07-01,2024,7,3,1,all_cvd,female,all,primary_clear_likely,death_certificate,quarterly_count,42,42,count,42,,,final,bnr_sdc_v1,6,0,0,0,0,,none,No disclosure restriction identified.
MORT-BURDEN-001,mort_2026_07,quarterly,2024_q3,2024-07-01,2024,7,3,1,all_cvd,female,all,primary_clear_likely,death_certificate,quarterly_same_quarter_previous_5yr_mean,55,55,count,275,,5,final,bnr_sdc_v1,6,0,0,0,0,,none,No disclosure restriction identified.
MORT-BURDEN-001,mort_2026_07,quarterly,2024_q3,2024-07-01,2024,7,3,1,all_cvd,male,all,primary_clear_likely,death_certificate,quarterly_count,57,57,count,57,,,final,bnr_sdc_v1,6,0,0,0,0,,none,No disclosure restriction identified.
MORT-BURDEN-001,mort_2026_07,quarterly,2024_q3,2024-07-01,2024,7,3,1,all_cvd,male,all,primary_clear_likely,death_certificate,quarterly_same_quarter_previous_5yr_mean,49.2,49.2,count,246,,5,final,bnr_sdc_v1,6,0,0,0,0,,none,No disclosure restriction identified.
MORT-BURDEN-001,mort_2026_07,quarterly,2024_q3,2024-07-01,2024,7,3,1,heart,all,all,primary_clear_likely,death_certificate,quarterly_count,43,43,count,43,,,final,bnr_sdc_v1,6,0,0,0,0,,none,No disclosure restriction identified.
MORT-BURDEN-001,mort_2026_07,quarterly,2024_q3,2024-07-01,2024,7,3,1,heart,all,all,primary_clear_likely,death_certificate,quarterly_same_quarter_previous_5yr_mean,55.4,55.4,count,277,,5,final,bnr_sdc_v1,6,0,0,0,0,,none,No disclosure restriction identified.
MORT-BURDEN-001,mort_2026_07,quarterly,2024_q3,2024-07-01,2024,7,3,1,heart,female,all,primary_clear_likely,death_certificate,quarterly_count,17,17,count,17,,,final,bnr_sdc_v1,6,0,0,0,0,,none,No disclosure restriction identified.
MORT-BURDEN-001,mort_2026_07,quarterly,2024_q3,2024-07-01,2024,7,3,1,heart,female,all,primary_clear_likely,death_certificate,quarterly_same_quarter_previous_5yr_mean,29.2,29.2,count,146,,5,final,bnr_sdc_v1,6,0,0,0,0,,none,No disclosure restriction identified.
MORT-BURDEN-001,mort_2026_07,quarterly,2024_q3,2024-07-01,2024,7,3,1,heart,male,all,primary_clear_likely,death_certificate,quarterly_count,26,26,count,26,,,final,bnr_sdc_v1,6,0,0,0,0,,none,No disclosure restriction identified.
MORT-BURDEN-001,mort_2026_07,quarterly,2024_q3,2024-07-01,2024,7,3,1,heart,male,all,primary_clear_likely,death_certificate,quarterly_same_quarter_previous_5yr_mean,26.2,26.2,count,131,,5,final,bnr_sdc_v1,6,0,0,0,0,,none,No disclosure restriction identified.
MORT-BURDEN-001,mort_2026_07,quarterly,2024_q3,2024-07-01,2024,7,3,1,stroke,all,all,primary_clear_likely,death_certificate,quarterly_count,56,56,count,56,,,final,bnr_sdc_v1,6,0,0,0,0,,none,No disclosure restriction identified.
MORT-BURDEN-001,mort_2026_07,quarterly,2024_q3,2024-07-01,2024,7,3,1,stroke,all,all,primary_clear_likely,death_certificate,quarterly_same_quarter_previous_5yr_mean,48.8,48.8,count,244,,5,final,bnr_sdc_v1,6,0,0,0,0,,none,No disclosure restriction identified.
MORT-BURDEN-001,mort_2026_07,quarterly,2024_q3,2024-07-01,2024,7,3,1,stroke,female,all,primary_clear_likely,death_certificate,quarterly_count,25,25,count,25,,,final,bnr_sdc_v1,6,0,0,0,0,,none,No disclosure restriction identified.
MORT-BURDEN-001,mort_2026_07,quarterly,2024_q3,2024-07-01,2024,7,3,1,stroke,female,all,primary_clear_likely,death_certificate,quarterly_same_quarter_previous_5yr_mean,25.8,25.8,count,129,,5,final,bnr_sdc_v1,6,0,0,0,0,,none,No disclosure restriction identified.
MORT-BURDEN-001,mort_2026_07,quarterly,2024_q3,2024-07-01,2024,7,3,1,stroke,male,all,primary_clear_likely,death_certificate,quarterly_count,31,31,count,31,,,final,bnr_sdc_v1,6,0,0,0,0,,none,No disclosure restriction identified.
MORT-BURDEN-001,mort_2026_07,quarterly,2024_q3,2024-07-01,2024,7,3,1,stroke,male,all,primary_clear_likely,death_certificate,quarterly_same_quarter_previous_5yr_mean,23,23,count,115,,5,final,bnr_sdc_v1,6,0,0,0,0,,none,No disclosure restriction identified.
MORT-BURDEN-001,mort_2026_07,quarterly,2024_q3,2024-07-01,2024,7,3,1,all_cvd,all,all,upper_clear_likely_possible,death_certificate,quarterly_count,156,156,count,156,,,final,bnr_sdc_v1,6,0,0,0,0,,none,No disclosure restriction identified.
MORT-BURDEN-001,mort_2026_07,quarterly,2024_q3,2024-07-01,2024,7,3,1,all_cvd,all,all,upper_clear_likely_possible,death_certificate,quarterly_same_quarter_previous_5yr_mean,152.4,152.4,count,762,,5,final,bnr_sdc_v1,6,0,0,0,0,,none,No disclosure restriction identified.
MORT-BURDEN-001,mort_2026_07,quarterly,2024_q3,2024-07-01,2024,7,3,1,all_cvd,female,all,upper_clear_likely_possible,death_certificate,quarterly_count,69,69,count,69,,,final,bnr_sdc_v1,6,0,0,0,0,,none,No disclosure restriction identified.
MORT-BURDEN-001,mort_2026_07,quarterly,2024_q3,2024-07-01,2024,7,3,1,all_cvd,female,all,upper_clear_likely_possible,death_certificate,quarterly_same_quarter_previous_5yr_mean,82.59999999999999,82.6,count,413,,5,final,bnr_sdc_v1,6,0,0,0,0,,none,No disclosure restriction identified.
MORT-BURDEN-001,mort_2026_07,quarterly,2024_q3,2024-07-01,2024,7,3,1,all_cvd,male,all,upper_clear_likely_possible,death_certificate,quarterly_count,87,87,count,87,,,final,bnr_sdc_v1,6,0,0,0,0,,none,No disclosure restriction identified.
MORT-BURDEN-001,mort_2026_07,quarterly,2024_q3,2024-07-01,2024,7,3,1,all_cvd,male,all,upper_clear_likely_possible,death_certificate,quarterly_same_quarter_previous_5yr_mean,69.8,69.8,count,349,,5,final,bnr_sdc_v1,6,0,0,0,0,,none,No disclosure restriction identified.
MORT-BURDEN-001,mort_2026_07,quarterly,2024_q3,2024-07-01,2024,7,3,1,heart,all,all,upper_clear_likely_possible,death_certificate,quarterly_count,68,68,count,68,,,final,bnr_sdc_v1,6,0,0,0,0,,none,No disclosure restriction identified.
MORT-BURDEN-001,mort_2026_07,quarterly,2024_q3,2024-07-01,2024,7,3,1,heart,all,all,upper_clear_likely_possible,death_certificate,quarterly_same_quarter_previous_5yr_mean,76.8,76.8,count,384,,5,final,bnr_sdc_v1,6,0,0,0,0,,none,No disclosure restriction identified.
MORT-BURDEN-001,mort_2026_07,quarterly,2024_q3,2024-07-01,2024,7,3,1,heart,female,all,upper_clear_likely_possible,death_certificate,quarterly_count,29,29,count,29,,,final,bnr_sdc_v1,6,0,0,0,0,,none,No disclosure restriction identified.
MORT-BURDEN-001,mort_2026_07,quarterly,2024_q3,2024-07-01,2024,7,3,1,heart,female,all,upper_clear_likely_possible,death_certificate,quarterly_same_quarter_previous_5yr_mean,42.2,42.2,count,211,,5,final,bnr_sdc_v1,6,0,0,0,0,,none,No disclosure restriction identified.
MORT-BURDEN-001,mort_2026_07,quarterly,2024_q3,2024-07-01,2024,7,3,1,heart,male,all,upper_clear_likely_possible,death_certificate,quarterly_count,39,39,count,39,,,final,bnr_sdc_v1,6,0,0,0,0,,none,No disclosure restriction identified.
MORT-BURDEN-001,mort_2026_07,quarterly,2024_q3,2024-07-01,2024,7,3,1,heart,male,all,upper_clear_likely_possible,death_certificate,quarterly_same_quarter_previous_5yr_mean,34.6,34.6,count,173,,5,final,bnr_sdc_v1,6,0,0,0,0,,none,No disclosure restriction identified.
MORT-BURDEN-001,mort_2026_07,quarterly,2024_q3,2024-07-01,2024,7,3,1,stroke,all,all,upper_clear_likely_possible,death_certificate,quarterly_count,88,88,count,88,,,final,bnr_sdc_v1,6,0,0,0,0,,none,No disclosure restriction identified.
MORT-BURDEN-001,mort_2026_07,quarterly,2024_q3,2024-07-01,2024,7,3,1,stroke,all,all,upper_clear_likely_possible,death_certificate,quarterly_same_quarter_previous_5yr_mean,75.59999999999999,75.6,count,378,,5,final,bnr_sdc_v1,6,0,0,0,0,,none,No disclosure restriction identified.
MORT-BURDEN-001,mort_2026_07,quarterly,2024_q3,2024-07-01,2024,7,3,1,stroke,female,all,upper_clear_likely_possible,death_certificate,quarterly_count,40,40,count,40,,,final,bnr_sdc_v1,6,0,0,0,0,,none,No disclosure restriction identified.
MORT-BURDEN-001,mort_2026_07,quarterly,2024_q3,2024-07-01,2024,7,3,1,stroke,female,all,upper_clear_likely_possible,death_certificate,quarterly_same_quarter_previous_5yr_mean,40.4,40.4,count,202,,5,final,bnr_sdc_v1,6,0,0,0,0,,none,No disclosure restriction identified.
MORT-BURDEN-001,mort_2026_07,quarterly,2024_q3,2024-07-01,2024,7,3,1,stroke,male,all,upper_clear_likely_possible,death_certificate,quarterly_count,48,48,count,48,,,final,bnr_sdc_v1,6,0,0,0,0,,none,No disclosure restriction identified.
MORT-BURDEN-001,mort_2026_07,quarterly,2024_q3,2024-07-01,2024,7,3,1,stroke,male,all,upper_clear_likely_possible,death_certificate,quarterly_same_quarter_previous_5yr_mean,35.2,35.2,count,176,,5,final,bnr_sdc_v1,6,0,0,0,0,,none,No disclosure restriction identified.
MORT-BURDEN-001,mort_2026_07,quarterly,2024_q4,2024-10-01,2024,10,4,1,all_cvd,all,all,primary_clear_likely,death_certificate,quarterly_count,88,88,count,88,,,final,bnr_sdc_v1,6,0,0,0,0,,none,No disclosure restriction identified.
MORT-BURDEN-001,mort_2026_07,quarterly,2024_q4,2024-10-01,2024,10,4,1,all_cvd,all,all,primary_clear_likely,death_certificate,quarterly_same_quarter_previous_5yr_mean,92,92,count,460,,5,final,bnr_sdc_v1,6,0,0,0,0,,none,No disclosure restriction identified.
MORT-BURDEN-001,mort_2026_07,quarterly,2024_q4,2024-10-01,2024,10,4,1,all_cvd,female,all,primary_clear_likely,death_certificate,quarterly_count,43,43,count,43,,,final,bnr_sdc_v1,6,0,0,0,0,,none,No disclosure restriction identified.
MORT-BURDEN-001,mort_2026_07,quarterly,2024_q4,2024-10-01,2024,10,4,1,all_cvd,female,all,primary_clear_likely,death_certificate,quarterly_same_quarter_previous_5yr_mean,45.6,45.6,count,228,,5,final,bnr_sdc_v1,6,0,0,0,0,,none,No disclosure restriction identified.
MORT-BURDEN-001,mort_2026_07,quarterly,2024_q4,2024-10-01,2024,10,4,1,all_cvd,male,all,primary_clear_likely,death_certificate,quarterly_count,45,45,count,45,,,final,bnr_sdc_v1,6,0,0,0,0,,none,No disclosure restriction identified.
MORT-BURDEN-001,mort_2026_07,quarterly,2024_q4,2024-10-01,2024,10,4,1,all_cvd,male,all,primary_clear_likely,death_certificate,quarterly_same_quarter_previous_5yr_mean,46.4,46.4,count,232,,5,final,bnr_sdc_v1,6,0,0,0,0,,none,No disclosure restriction identified.
MORT-BURDEN-001,mort_2026_07,quarterly,2024_q4,2024-10-01,2024,10,4,1,heart,all,all,primary_clear_likely,death_certificate,quarterly_count,54,54,count,54,,,final,bnr_sdc_v1,6,0,0,0,0,,none,No disclosure restriction identified.
MORT-BURDEN-001,mort_2026_07,quarterly,2024_q4,2024-10-01,2024,10,4,1,heart,all,all,primary_clear_likely,death_certificate,quarterly_same_quarter_previous_5yr_mean,52.2,52.2,count,261,,5,final,bnr_sdc_v1,6,0,0,0,0,,none,No disclosure restriction identified.
MORT-BURDEN-001,mort_2026_07,quarterly,2024_q4,2024-10-01,2024,10,4,1,heart,female,all,primary_clear_likely,death_certificate,quarterly_count,25,25,count,25,,,final,bnr_sdc_v1,6,0,0,0,0,,none,No disclosure restriction identified.
MORT-BURDEN-001,mort_2026_07,quarterly,2024_q4,2024-10-01,2024,10,4,1,heart,female,all,primary_clear_likely,death_certificate,quarterly_same_quarter_previous_5yr_mean,24.8,24.8,count,124,,5,final,bnr_sdc_v1,6,0,0,0,0,,none,No disclosure restriction identified.
MORT-BURDEN-001,mort_2026_07,quarterly,2024_q4,2024-10-01,2024,10,4,1,heart,male,all,primary_clear_likely,death_certificate,quarterly_count,29,29,count,29,,,final,bnr_sdc_v1,6,0,0,0,0,,none,No disclosure restriction identified.
MORT-BURDEN-001,mort_2026_07,quarterly,2024_q4,2024-10-01,2024,10,4,1,heart,male,all,primary_clear_likely,death_certificate,quarterly_same_quarter_previous_5yr_mean,27.4,27.4,count,137,,5,final,bnr_sdc_v1,6,0,0,0,0,,none,No disclosure restriction identified.
MORT-BURDEN-001,mort_2026_07,quarterly,2024_q4,2024-10-01,2024,10,4,1,stroke,all,all,primary_clear_likely,death_certificate,quarterly_count,34,34,count,34,,,final,bnr_sdc_v1,6,0,0,0,0,,none,No disclosure restriction identified.
MORT-BURDEN-001,mort_2026_07,quarterly,2024_q4,2024-10-01,2024,10,4,1,stroke,all,all,primary_clear_likely,death_certificate,quarterly_same_quarter_previous_5yr_mean,39.8,39.8,count,199,,5,final,bnr_sdc_v1,6,0,0,0,0,,none,No disclosure restriction identified.
MORT-BURDEN-001,mort_2026_07,quarterly,2024_q4,2024-10-01,2024,10,4,1,stroke,female,all,primary_clear_likely,death_certificate,quarterly_count,18,18,count,18,,,final,bnr_sdc_v1,6,0,0,0,0,,none,No disclosure restriction identified.
MORT-BURDEN-001,mort_2026_07,quarterly,2024_q4,2024-10-01,2024,10,4,1,stroke,female,all,primary_clear_likely,death_certificate,quarterly_same_quarter_previous_5yr_mean,20.8,20.8,count,104,,5,final,bnr_sdc_v1,6,0,0,0,0,,none,No disclosure restriction identified.
MORT-BURDEN-001,mort_2026_07,quarterly,2024_q4,2024-10-01,2024,10,4,1,stroke,male,all,primary_clear_likely,death_certificate,quarterly_count,16,16,count,16,,,final,bnr_sdc_v1,6,0,0,0,0,,none,No disclosure restriction identified.
MORT-BURDEN-001,mort_2026_07,quarterly,2024_q4,2024-10-01,2024,10,4,1,stroke,male,all,primary_clear_likely,death_certificate,quarterly_same_quarter_previous_5yr_mean,19,19,count,95,,5,final,bnr_sdc_v1,6,0,0,0,0,,none,No disclosure restriction identified.
MORT-BURDEN-001,mort_2026_07,quarterly,2024_q4,2024-10-01,2024,10,4,1,all_cvd,all,all,upper_clear_likely_possible,death_certificate,quarterly_count,134,134,count,134,,,final,bnr_sdc_v1,6,0,0,0,0,,none,No disclosure restriction identified.
MORT-BURDEN-001,mort_2026_07,quarterly,2024_q4,2024-10-01,2024,10,4,1,all_cvd,all,all,upper_clear_likely_possible,death_certificate,quarterly_same_quarter_previous_5yr_mean,137.4,137.4,count,687,,5,final,bnr_sdc_v1,6,0,0,0,0,,none,No disclosure restriction identified.
MORT-BURDEN-001,mort_2026_07,quarterly,2024_q4,2024-10-01,2024,10,4,1,all_cvd,female,all,upper_clear_likely_possible,death_certificate,quarterly_count,69,69,count,69,,,final,bnr_sdc_v1,6,0,0,0,0,,none,No disclosure restriction identified.
MORT-BURDEN-001,mort_2026_07,quarterly,2024_q4,2024-10-01,2024,10,4,1,all_cvd,female,all,upper_clear_likely_possible,death_certificate,quarterly_same_quarter_previous_5yr_mean,67.59999999999999,67.6,count,338,,5,final,bnr_sdc_v1,6,0,0,0,0,,none,No disclosure restriction identified.
MORT-BURDEN-001,mort_2026_07,quarterly,2024_q4,2024-10-01,2024,10,4,1,all_cvd,male,all,upper_clear_likely_possible,death_certificate,quarterly_count,65,65,count,65,,,final,bnr_sdc_v1,6,0,0,0,0,,none,No disclosure restriction identified.
MORT-BURDEN-001,mort_2026_07,quarterly,2024_q4,2024-10-01,2024,10,4,1,all_cvd,male,all,upper_clear_likely_possible,death_certificate,quarterly_same_quarter_previous_5yr_mean,69.8,69.8,count,349,,5,final,bnr_sdc_v1,6,0,0,0,0,,none,No disclosure restriction identified.
MORT-BURDEN-001,mort_2026_07,quarterly,2024_q4,2024-10-01,2024,10,4,1,heart,all,all,upper_clear_likely_possible,death_certificate,quarterly_count,79,79,count,79,,,final,bnr_sdc_v1,6,0,0,0,0,,none,No disclosure restriction identified.
MORT-BURDEN-001,mort_2026_07,quarterly,2024_q4,2024-10-01,2024,10,4,1,heart,all,all,upper_clear_likely_possible,death_certificate,quarterly_same_quarter_previous_5yr_mean,71.40000000000001,71.4,count,357,,5,final,bnr_sdc_v1,6,0,0,0,0,,none,No disclosure restriction identified.
MORT-BURDEN-001,mort_2026_07,quarterly,2024_q4,2024-10-01,2024,10,4,1,heart,female,all,upper_clear_likely_possible,death_certificate,quarterly_count,37,37,count,37,,,final,bnr_sdc_v1,6,0,0,0,0,,none,No disclosure restriction identified.
MORT-BURDEN-001,mort_2026_07,quarterly,2024_q4,2024-10-01,2024,10,4,1,heart,female,all,upper_clear_likely_possible,death_certificate,quarterly_same_quarter_previous_5yr_mean,35.6,35.6,count,178,,5,final,bnr_sdc_v1,6,0,0,0,0,,none,No disclosure restriction identified.
MORT-BURDEN-001,mort_2026_07,quarterly,2024_q4,2024-10-01,2024,10,4,1,heart,male,all,upper_clear_likely_possible,death_certificate,quarterly_count,42,42,count,42,,,final,bnr_sdc_v1,6,0,0,0,0,,none,No disclosure restriction identified.
MORT-BURDEN-001,mort_2026_07,quarterly,2024_q4,2024-10-01,2024,10,4,1,heart,male,all,upper_clear_likely_possible,death_certificate,quarterly_same_quarter_previous_5yr_mean,35.8,35.8,count,179,,5,final,bnr_sdc_v1,6,0,0,0,0,,none,No disclosure restriction identified.
MORT-BURDEN-001,mort_2026_07,quarterly,2024_q4,2024-10-01,2024,10,4,1,stroke,all,all,upper_clear_likely_possible,death_certificate,quarterly_count,55,55,count,55,,,final,bnr_sdc_v1,6,0,0,0,0,,none,No disclosure restriction identified.
MORT-BURDEN-001,mort_2026_07,quarterly,2024_q4,2024-10-01,2024,10,4,1,stroke,all,all,upper_clear_likely_possible,death_certificate,quarterly_same_quarter_previous_5yr_mean,66,66,count,330,,5,final,bnr_sdc_v1,6,0,0,0,0,,none,No disclosure restriction identified.
MORT-BURDEN-001,mort_2026_07,quarterly,2024_q4,2024-10-01,2024,10,4,1,stroke,female,all,upper_clear_likely_possible,death_certificate,quarterly_count,32,32,count,32,,,final,bnr_sdc_v1,6,0,0,0,0,,none,No disclosure restriction identified.
MORT-BURDEN-001,mort_2026_07,quarterly,2024_q4,2024-10-01,2024,10,4,1,stroke,female,all,upper_clear_likely_possible,death_certificate,quarterly_same_quarter_previous_5yr_mean,32,32,count,160,,5,final,bnr_sdc_v1,6,0,0,0,0,,none,No disclosure restriction identified.
MORT-BURDEN-001,mort_2026_07,quarterly,2024_q4,2024-10-01,2024,10,4,1,stroke,male,all,upper_clear_likely_possible,death_certificate,quarterly_count,23,23,count,23,,,final,bnr_sdc_v1,6,0,0,0,0,,none,No disclosure restriction identified.
MORT-BURDEN-001,mort_2026_07,quarterly,2024_q4,2024-10-01,2024,10,4,1,stroke,male,all,upper_clear_likely_possible,death_certificate,quarterly_same_quarter_previous_5yr_mean,34,34,count,170,,5,final,bnr_sdc_v1,6,0,0,0,0,,none,No disclosure restriction identified.
MORT-BURDEN-001,mort_2026_07,quarterly,2025_q1,2025-01-01,2025,1,1,1,all_cvd,all,all,primary_clear_likely,death_certificate,quarterly_count,101,101,count,101,,,final,bnr_sdc_v1,6,0,0,0,0,,none,No disclosure restriction identified.
MORT-BURDEN-001,mort_2026_07,quarterly,2025_q1,2025-01-01,2025,1,1,1,all_cvd,all,all,primary_clear_likely,death_certificate,quarterly_same_quarter_previous_5yr_mean,112.2,112.2,count,561,,5,final,bnr_sdc_v1,6,0,0,0,0,,none,No disclosure restriction identified.
MORT-BURDEN-001,mort_2026_07,quarterly,2025_q1,2025-01-01,2025,1,1,1,all_cvd,female,all,primary_clear_likely,death_certificate,quarterly_count,51,51,count,51,,,final,bnr_sdc_v1,6,0,0,0,0,,none,No disclosure restriction identified.
MORT-BURDEN-001,mort_2026_07,quarterly,2025_q1,2025-01-01,2025,1,1,1,all_cvd,female,all,primary_clear_likely,death_certificate,quarterly_same_quarter_previous_5yr_mean,55.4,55.4,count,277,,5,final,bnr_sdc_v1,6,0,0,0,0,,none,No disclosure restriction identified.
MORT-BURDEN-001,mort_2026_07,quarterly,2025_q1,2025-01-01,2025,1,1,1,all_cvd,male,all,primary_clear_likely,death_certificate,quarterly_count,50,50,count,50,,,final,bnr_sdc_v1,6,0,0,0,0,,none,No disclosure restriction identified.
MORT-BURDEN-001,mort_2026_07,quarterly,2025_q1,2025-01-01,2025,1,1,1,all_cvd,male,all,primary_clear_likely,death_certificate,quarterly_same_quarter_previous_5yr_mean,56.8,56.8,count,284,,5,final,bnr_sdc_v1,6,0,0,0,0,,none,No disclosure restriction identified.
MORT-BURDEN-001,mort_2026_07,quarterly,2025_q1,2025-01-01,2025,1,1,1,heart,all,all,primary_clear_likely,death_certificate,quarterly_count,54,54,count,54,,,final,bnr_sdc_v1,6,0,0,0,0,,none,No disclosure restriction identified.
MORT-BURDEN-001,mort_2026_07,quarterly,2025_q1,2025-01-01,2025,1,1,1,heart,all,all,primary_clear_likely,death_certificate,quarterly_same_quarter_previous_5yr_mean,60.4,60.4,count,302,,5,final,bnr_sdc_v1,6,0,0,0,0,,none,No disclosure restriction identified.
MORT-BURDEN-001,mort_2026_07,quarterly,2025_q1,2025-01-01,2025,1,1,1,heart,female,all,primary_clear_likely,death_certificate,quarterly_count,29,29,count,29,,,final,bnr_sdc_v1,6,0,0,0,0,,none,No disclosure restriction identified.
MORT-BURDEN-001,mort_2026_07,quarterly,2025_q1,2025-01-01,2025,1,1,1,heart,female,all,primary_clear_likely,death_certificate,quarterly_same_quarter_previous_5yr_mean,28.4,28.4,count,142,,5,final,bnr_sdc_v1,6,0,0,0,0,,none,No disclosure restriction identified.
MORT-BURDEN-001,mort_2026_07,quarterly,2025_q1,2025-01-01,2025,1,1,1,heart,male,all,primary_clear_likely,death_certificate,quarterly_count,25,25,count,25,,,final,bnr_sdc_v1,6,0,0,0,0,,none,No disclosure restriction identified.
MORT-BURDEN-001,mort_2026_07,quarterly,2025_q1,2025-01-01,2025,1,1,1,heart,male,all,primary_clear_likely,death_certificate,quarterly_same_quarter_previous_5yr_mean,32,32,count,160,,5,final,bnr_sdc_v1,6,0,0,0,0,,none,No disclosure restriction identified.
MORT-BURDEN-001,mort_2026_07,quarterly,2025_q1,2025-01-01,2025,1,1,1,stroke,all,all,primary_clear_likely,death_certificate,quarterly_count,47,47,count,47,,,final,bnr_sdc_v1,6,0,0,0,0,,none,No disclosure restriction identified.
MORT-BURDEN-001,mort_2026_07,quarterly,2025_q1,2025-01-01,2025,1,1,1,stroke,all,all,primary_clear_likely,death_certificate,quarterly_same_quarter_previous_5yr_mean,51.8,51.8,count,259,,5,final,bnr_sdc_v1,6,0,0,0,0,,none,No disclosure restriction identified.
MORT-BURDEN-001,mort_2026_07,quarterly,2025_q1,2025-01-01,2025,1,1,1,stroke,female,all,primary_clear_likely,death_certificate,quarterly_count,22,22,count,22,,,final,bnr_sdc_v1,6,0,0,0,0,,none,No disclosure restriction identified.
MORT-BURDEN-001,mort_2026_07,quarterly,2025_q1,2025-01-01,2025,1,1,1,stroke,female,all,primary_clear_likely,death_certificate,quarterly_same_quarter_previous_5yr_mean,27,27,count,135,,5,final,bnr_sdc_v1,6,0,0,0,0,,none,No disclosure restriction identified.
MORT-BURDEN-001,mort_2026_07,quarterly,2025_q1,2025-01-01,2025,1,1,1,stroke,male,all,primary_clear_likely,death_certificate,quarterly_count,25,25,count,25,,,final,bnr_sdc_v1,6,0,0,0,0,,none,No disclosure restriction identified.
MORT-BURDEN-001,mort_2026_07,quarterly,2025_q1,2025-01-01,2025,1,1,1,stroke,male,all,primary_clear_likely,death_certificate,quarterly_same_quarter_previous_5yr_mean,24.8,24.8,count,124,,5,final,bnr_sdc_v1,6,0,0,0,0,,none,No disclosure restriction identified.
MORT-BURDEN-001,mort_2026_07,quarterly,2025_q1,2025-01-01,2025,1,1,1,all_cvd,all,all,upper_clear_likely_possible,death_certificate,quarterly_count,149,149,count,149,,,final,bnr_sdc_v1,6,0,0,0,0,,none,No disclosure restriction identified.
MORT-BURDEN-001,mort_2026_07,quarterly,2025_q1,2025-01-01,2025,1,1,1,all_cvd,all,all,upper_clear_likely_possible,death_certificate,quarterly_same_quarter_previous_5yr_mean,161.6,161.6,count,808,,5,final,bnr_sdc_v1,6,0,0,0,0,,none,No disclosure restriction identified.
MORT-BURDEN-001,mort_2026_07,quarterly,2025_q1,2025-01-01,2025,1,1,1,all_cvd,female,all,upper_clear_likely_possible,death_certificate,quarterly_count,71,71,count,71,,,final,bnr_sdc_v1,6,0,0,0,0,,none,No disclosure restriction identified.
MORT-BURDEN-001,mort_2026_07,quarterly,2025_q1,2025-01-01,2025,1,1,1,all_cvd,female,all,upper_clear_likely_possible,death_certificate,quarterly_same_quarter_previous_5yr_mean,79.59999999999999,79.6,count,398,,5,final,bnr_sdc_v1,6,0,0,0,0,,none,No disclosure restriction identified.
MORT-BURDEN-001,mort_2026_07,quarterly,2025_q1,2025-01-01,2025,1,1,1,all_cvd,male,all,upper_clear_likely_possible,death_certificate,quarterly_count,78,78,count,78,,,final,bnr_sdc_v1,6,0,0,0,0,,none,No disclosure restriction identified.
MORT-BURDEN-001,mort_2026_07,quarterly,2025_q1,2025-01-01,2025,1,1,1,all_cvd,male,all,upper_clear_likely_possible,death_certificate,quarterly_same_quarter_previous_5yr_mean,82,82,count,410,,5,final,bnr_sdc_v1,6,0,0,0,0,,none,No disclosure restriction identified.
MORT-BURDEN-001,mort_2026_07,quarterly,2025_q1,2025-01-01,2025,1,1,1,heart,all,all,upper_clear_likely_possible,death_certificate,quarterly_count,84,84,count,84,,,final,bnr_sdc_v1,6,0,0,0,0,,none,No disclosure restriction identified.
MORT-BURDEN-001,mort_2026_07,quarterly,2025_q1,2025-01-01,2025,1,1,1,heart,all,all,upper_clear_likely_possible,death_certificate,quarterly_same_quarter_previous_5yr_mean,80.8,80.8,count,404,,5,final,bnr_sdc_v1,6,0,0,0,0,,none,No disclosure restriction identified.
MORT-BURDEN-001,mort_2026_07,quarterly,2025_q1,2025-01-01,2025,1,1,1,heart,female,all,upper_clear_likely_possible,death_certificate,quarterly_count,40,40,count,40,,,final,bnr_sdc_v1,6,0,0,0,0,,none,No disclosure restriction identified.
MORT-BURDEN-001,mort_2026_07,quarterly,2025_q1,2025-01-01,2025,1,1,1,heart,female,all,upper_clear_likely_possible,death_certificate,quarterly_same_quarter_previous_5yr_mean,37.4,37.4,count,187,,5,final,bnr_sdc_v1,6,0,0,0,0,,none,No disclosure restriction identified.
MORT-BURDEN-001,mort_2026_07,quarterly,2025_q1,2025-01-01,2025,1,1,1,heart,male,all,upper_clear_likely_possible,death_certificate,quarterly_count,44,44,count,44,,,final,bnr_sdc_v1,6,0,0,0,0,,none,No disclosure restriction identified.
MORT-BURDEN-001,mort_2026_07,quarterly,2025_q1,2025-01-01,2025,1,1,1,heart,male,all,upper_clear_likely_possible,death_certificate,quarterly_same_quarter_previous_5yr_mean,43.4,43.4,count,217,,5,final,bnr_sdc_v1,6,0,0,0,0,,none,No disclosure restriction identified.
MORT-BURDEN-001,mort_2026_07,quarterly,2025_q1,2025-01-01,2025,1,1,1,stroke,all,all,upper_clear_likely_possible,death_certificate,quarterly_count,65,65,count,65,,,final,bnr_sdc_v1,6,0,0,0,0,,none,No disclosure restriction identified.
MORT-BURDEN-001,mort_2026_07,quarterly,2025_q1,2025-01-01,2025,1,1,1,stroke,all,all,upper_clear_likely_possible,death_certificate,quarterly_same_quarter_previous_5yr_mean,80.8,80.8,count,404,,5,final,bnr_sdc_v1,6,0,0,0,0,,none,No disclosure restriction identified.
MORT-BURDEN-001,mort_2026_07,quarterly,2025_q1,2025-01-01,2025,1,1,1,stroke,female,all,upper_clear_likely_possible,death_certificate,quarterly_count,31,31,count,31,,,final,bnr_sdc_v1,6,0,0,0,0,,none,No disclosure restriction identified.
MORT-BURDEN-001,mort_2026_07,quarterly,2025_q1,2025-01-01,2025,1,1,1,stroke,female,all,upper_clear_likely_possible,death_certificate,quarterly_same_quarter_previous_5yr_mean,42.2,42.2,count,211,,5,final,bnr_sdc_v1,6,0,0,0,0,,none,No disclosure restriction identified.
MORT-BURDEN-001,mort_2026_07,quarterly,2025_q1,2025-01-01,2025,1,1,1,stroke,male,all,upper_clear_likely_possible,death_certificate,quarterly_count,34,34,count,34,,,final,bnr_sdc_v1,6,0,0,0,0,,none,No disclosure restriction identified.
MORT-BURDEN-001,mort_2026_07,quarterly,2025_q1,2025-01-01,2025,1,1,1,stroke,male,all,upper_clear_likely_possible,death_certificate,quarterly_same_quarter_previous_5yr_mean,38.6,38.6,count,193,,5,final,bnr_sdc_v1,6,0,0,0,0,,none,No disclosure restriction identified.
MORT-BURDEN-001,mort_2026_07,quarterly,2025_q2,2025-04-01,2025,4,2,1,all_cvd,all,all,primary_clear_likely,death_certificate,quarterly_count,92,92,count,92,,,final,bnr_sdc_v1,6,0,0,0,0,,none,No disclosure restriction identified.
MORT-BURDEN-001,mort_2026_07,quarterly,2025_q2,2025-04-01,2025,4,2,1,all_cvd,all,all,primary_clear_likely,death_certificate,quarterly_same_quarter_previous_5yr_mean,87.40000000000001,87.4,count,437,,5,final,bnr_sdc_v1,6,0,0,0,0,,none,No disclosure restriction identified.
MORT-BURDEN-001,mort_2026_07,quarterly,2025_q2,2025-04-01,2025,4,2,1,all_cvd,female,all,primary_clear_likely,death_certificate,quarterly_count,53,53,count,53,,,final,bnr_sdc_v1,6,0,0,0,0,,none,No disclosure restriction identified.
MORT-BURDEN-001,mort_2026_07,quarterly,2025_q2,2025-04-01,2025,4,2,1,all_cvd,female,all,primary_clear_likely,death_certificate,quarterly_same_quarter_previous_5yr_mean,45.6,45.6,count,228,,5,final,bnr_sdc_v1,6,0,0,0,0,,none,No disclosure restriction identified.
MORT-BURDEN-001,mort_2026_07,quarterly,2025_q2,2025-04-01,2025,4,2,1,all_cvd,male,all,primary_clear_likely,death_certificate,quarterly_count,39,39,count,39,,,final,bnr_sdc_v1,6,0,0,0,0,,none,No disclosure restriction identified.
MORT-BURDEN-001,mort_2026_07,quarterly,2025_q2,2025-04-01,2025,4,2,1,all_cvd,male,all,primary_clear_likely,death_certificate,quarterly_same_quarter_previous_5yr_mean,41.8,41.8,count,209,,5,final,bnr_sdc_v1,6,0,0,0,0,,none,No disclosure restriction identified.
MORT-BURDEN-001,mort_2026_07,quarterly,2025_q2,2025-04-01,2025,4,2,1,heart,all,all,primary_clear_likely,death_certificate,quarterly_count,44,44,count,44,,,final,bnr_sdc_v1,6,0,0,0,0,,none,No disclosure restriction identified.
MORT-BURDEN-001,mort_2026_07,quarterly,2025_q2,2025-04-01,2025,4,2,1,heart,all,all,primary_clear_likely,death_certificate,quarterly_same_quarter_previous_5yr_mean,46.8,46.8,count,234,,5,final,bnr_sdc_v1,6,0,0,0,0,,none,No disclosure restriction identified.
MORT-BURDEN-001,mort_2026_07,quarterly,2025_q2,2025-04-01,2025,4,2,1,heart,female,all,primary_clear_likely,death_certificate,quarterly_count,25,25,count,25,,,final,bnr_sdc_v1,6,0,0,0,0,,none,No disclosure restriction identified.
MORT-BURDEN-001,mort_2026_07,quarterly,2025_q2,2025-04-01,2025,4,2,1,heart,female,all,primary_clear_likely,death_certificate,quarterly_same_quarter_previous_5yr_mean,23.4,23.4,count,117,,5,final,bnr_sdc_v1,6,0,0,0,0,,none,No disclosure restriction identified.
MORT-BURDEN-001,mort_2026_07,quarterly,2025_q2,2025-04-01,2025,4,2,1,heart,male,all,primary_clear_likely,death_certificate,quarterly_count,19,19,count,19,,,final,bnr_sdc_v1,6,0,0,0,0,,none,No disclosure restriction identified.
MORT-BURDEN-001,mort_2026_07,quarterly,2025_q2,2025-04-01,2025,4,2,1,heart,male,all,primary_clear_likely,death_certificate,quarterly_same_quarter_previous_5yr_mean,23.4,23.4,count,117,,5,final,bnr_sdc_v1,6,0,0,0,0,,none,No disclosure restriction identified.
MORT-BURDEN-001,mort_2026_07,quarterly,2025_q2,2025-04-01,2025,4,2,1,stroke,all,all,primary_clear_likely,death_certificate,quarterly_count,48,48,count,48,,,final,bnr_sdc_v1,6,0,0,0,0,,none,No disclosure restriction identified.
MORT-BURDEN-001,mort_2026_07,quarterly,2025_q2,2025-04-01,2025,4,2,1,stroke,all,all,primary_clear_likely,death_certificate,quarterly_same_quarter_previous_5yr_mean,40.6,40.6,count,203,,5,final,bnr_sdc_v1,6,0,0,0,0,,none,No disclosure restriction identified.
MORT-BURDEN-001,mort_2026_07,quarterly,2025_q2,2025-04-01,2025,4,2,1,stroke,female,all,primary_clear_likely,death_certificate,quarterly_count,28,28,count,28,,,final,bnr_sdc_v1,6,0,0,0,0,,none,No disclosure restriction identified.
MORT-BURDEN-001,mort_2026_07,quarterly,2025_q2,2025-04-01,2025,4,2,1,stroke,female,all,primary_clear_likely,death_certificate,quarterly_same_quarter_previous_5yr_mean,22.2,22.2,count,111,,5,final,bnr_sdc_v1,6,0,0,0,0,,none,No disclosure restriction identified.
MORT-BURDEN-001,mort_2026_07,quarterly,2025_q2,2025-04-01,2025,4,2,1,stroke,male,all,primary_clear_likely,death_certificate,quarterly_count,20,20,count,20,,,final,bnr_sdc_v1,6,0,0,0,0,,none,No disclosure restriction identified.
MORT-BURDEN-001,mort_2026_07,quarterly,2025_q2,2025-04-01,2025,4,2,1,stroke,male,all,primary_clear_likely,death_certificate,quarterly_same_quarter_previous_5yr_mean,18.4,18.4,count,92,,5,final,bnr_sdc_v1,6,0,0,0,0,,none,No disclosure restriction identified.
MORT-BURDEN-001,mort_2026_07,quarterly,2025_q2,2025-04-01,2025,4,2,1,all_cvd,all,all,upper_clear_likely_possible,death_certificate,quarterly_count,153,153,count,153,,,final,bnr_sdc_v1,6,0,0,0,0,,none,No disclosure restriction identified.
MORT-BURDEN-001,mort_2026_07,quarterly,2025_q2,2025-04-01,2025,4,2,1,all_cvd,all,all,upper_clear_likely_possible,death_certificate,quarterly_same_quarter_previous_5yr_mean,131.8,131.8,count,659,,5,final,bnr_sdc_v1,6,0,0,0,0,,none,No disclosure restriction identified.
MORT-BURDEN-001,mort_2026_07,quarterly,2025_q2,2025-04-01,2025,4,2,1,all_cvd,female,all,upper_clear_likely_possible,death_certificate,quarterly_count,77,77,count,77,,,final,bnr_sdc_v1,6,0,0,0,0,,none,No disclosure restriction identified.
MORT-BURDEN-001,mort_2026_07,quarterly,2025_q2,2025-04-01,2025,4,2,1,all_cvd,female,all,upper_clear_likely_possible,death_certificate,quarterly_same_quarter_previous_5yr_mean,68.2,68.2,count,341,,5,final,bnr_sdc_v1,6,0,0,0,0,,none,No disclosure restriction identified.
MORT-BURDEN-001,mort_2026_07,quarterly,2025_q2,2025-04-01,2025,4,2,1,all_cvd,male,all,upper_clear_likely_possible,death_certificate,quarterly_count,76,76,count,76,,,final,bnr_sdc_v1,6,0,0,0,0,,none,No disclosure restriction identified.
MORT-BURDEN-001,mort_2026_07,quarterly,2025_q2,2025-04-01,2025,4,2,1,all_cvd,male,all,upper_clear_likely_possible,death_certificate,quarterly_same_quarter_previous_5yr_mean,63.6,63.6,count,318,,5,final,bnr_sdc_v1,6,0,0,0,0,,none,No disclosure restriction identified.
MORT-BURDEN-001,mort_2026_07,quarterly,2025_q2,2025-04-01,2025,4,2,1,heart,all,all,upper_clear_likely_possible,death_certificate,quarterly_count,65,65,count,65,,,final,bnr_sdc_v1,6,0,0,0,0,,none,No disclosure restriction identified.
MORT-BURDEN-001,mort_2026_07,quarterly,2025_q2,2025-04-01,2025,4,2,1,heart,all,all,upper_clear_likely_possible,death_certificate,quarterly_same_quarter_previous_5yr_mean,65.59999999999999,65.6,count,328,,5,final,bnr_sdc_v1,6,0,0,0,0,,none,No disclosure restriction identified.
MORT-BURDEN-001,mort_2026_07,quarterly,2025_q2,2025-04-01,2025,4,2,1,heart,female,all,upper_clear_likely_possible,death_certificate,quarterly_count,36,36,count,36,,,final,bnr_sdc_v1,6,0,0,0,0,,none,No disclosure restriction identified.
MORT-BURDEN-001,mort_2026_07,quarterly,2025_q2,2025-04-01,2025,4,2,1,heart,female,all,upper_clear_likely_possible,death_certificate,quarterly_same_quarter_previous_5yr_mean,32.2,32.2,count,161,,5,final,bnr_sdc_v1,6,0,0,0,0,,none,No disclosure restriction identified.
MORT-BURDEN-001,mort_2026_07,quarterly,2025_q2,2025-04-01,2025,4,2,1,heart,male,all,upper_clear_likely_possible,death_certificate,quarterly_count,29,29,count,29,,,final,bnr_sdc_v1,6,0,0,0,0,,none,No disclosure restriction identified.
MORT-BURDEN-001,mort_2026_07,quarterly,2025_q2,2025-04-01,2025,4,2,1,heart,male,all,upper_clear_likely_possible,death_certificate,quarterly_same_quarter_previous_5yr_mean,33.4,33.4,count,167,,5,final,bnr_sdc_v1,6,0,0,0,0,,none,No disclosure restriction identified.
MORT-BURDEN-001,mort_2026_07,quarterly,2025_q2,2025-04-01,2025,4,2,1,stroke,all,all,upper_clear_likely_possible,death_certificate,quarterly_count,88,88,count,88,,,final,bnr_sdc_v1,6,0,0,0,0,,none,No disclosure restriction identified.
MORT-BURDEN-001,mort_2026_07,quarterly,2025_q2,2025-04-01,2025,4,2,1,stroke,all,all,upper_clear_likely_possible,death_certificate,quarterly_same_quarter_previous_5yr_mean,66.2,66.2,count,331,,5,final,bnr_sdc_v1,6,0,0,0,0,,none,No disclosure restriction identified.
MORT-BURDEN-001,mort_2026_07,quarterly,2025_q2,2025-04-01,2025,4,2,1,stroke,female,all,upper_clear_likely_possible,death_certificate,quarterly_count,41,41,count,41,,,final,bnr_sdc_v1,6,0,0,0,0,,none,No disclosure restriction identified.
MORT-BURDEN-001,mort_2026_07,quarterly,2025_q2,2025-04-01,2025,4,2,1,stroke,female,all,upper_clear_likely_possible,death_certificate,quarterly_same_quarter_previous_5yr_mean,36,36,count,180,,5,final,bnr_sdc_v1,6,0,0,0,0,,none,No disclosure restriction identified.
MORT-BURDEN-001,mort_2026_07,quarterly,2025_q2,2025-04-01,2025,4,2,1,stroke,male,all,upper_clear_likely_possible,death_certificate,quarterly_count,47,47,count,47,,,final,bnr_sdc_v1,6,0,0,0,0,,none,No disclosure restriction identified.
MORT-BURDEN-001,mort_2026_07,quarterly,2025_q2,2025-04-01,2025,4,2,1,stroke,male,all,upper_clear_likely_possible,death_certificate,quarterly_same_quarter_previous_5yr_mean,30.2,30.2,count,151,,5,final,bnr_sdc_v1,6,0,0,0,0,,none,No disclosure restriction identified.
MORT-BURDEN-001,mort_2026_07,quarterly,2025_q3,2025-07-01,2025,7,3,1,all_cvd,all,all,primary_clear_likely,death_certificate,quarterly_count,84,84,count,84,,,final,bnr_sdc_v1,6,0,0,0,0,,none,No disclosure restriction identified.
MORT-BURDEN-001,mort_2026_07,quarterly,2025_q3,2025-07-01,2025,7,3,1,all_cvd,all,all,primary_clear_likely,death_certificate,quarterly_same_quarter_previous_5yr_mean,103,103,count,515,,5,final,bnr_sdc_v1,6,0,0,0,0,,none,No disclosure restriction identified.
MORT-BURDEN-001,mort_2026_07,quarterly,2025_q3,2025-07-01,2025,7,3,1,all_cvd,female,all,primary_clear_likely,death_certificate,quarterly_count,41,41,count,41,,,final,bnr_sdc_v1,6,0,0,0,0,,none,No disclosure restriction identified.
MORT-BURDEN-001,mort_2026_07,quarterly,2025_q3,2025-07-01,2025,7,3,1,all_cvd,female,all,primary_clear_likely,death_certificate,quarterly_same_quarter_previous_5yr_mean,51.8,51.8,count,259,,5,final,bnr_sdc_v1,6,0,0,0,0,,none,No disclosure restriction identified.
MORT-BURDEN-001,mort_2026_07,quarterly,2025_q3,2025-07-01,2025,7,3,1,all_cvd,male,all,primary_clear_likely,death_certificate,quarterly_count,43,43,count,43,,,final,bnr_sdc_v1,6,0,0,0,0,,none,No disclosure restriction identified.
MORT-BURDEN-001,mort_2026_07,quarterly,2025_q3,2025-07-01,2025,7,3,1,all_cvd,male,all,primary_clear_likely,death_certificate,quarterly_same_quarter_previous_5yr_mean,51.2,51.2,count,256,,5,final,bnr_sdc_v1,6,0,0,0,0,,none,No disclosure restriction identified.
MORT-BURDEN-001,mort_2026_07,quarterly,2025_q3,2025-07-01,2025,7,3,1,heart,all,all,primary_clear_likely,death_certificate,quarterly_count,38,38,count,38,,,final,bnr_sdc_v1,6,0,0,0,0,,none,No disclosure restriction identified.
MORT-BURDEN-001,mort_2026_07,quarterly,2025_q3,2025-07-01,2025,7,3,1,heart,all,all,primary_clear_likely,death_certificate,quarterly_same_quarter_previous_5yr_mean,53.2,53.2,count,266,,5,final,bnr_sdc_v1,6,0,0,0,0,,none,No disclosure restriction identified.
MORT-BURDEN-001,mort_2026_07,quarterly,2025_q3,2025-07-01,2025,7,3,1,heart,female,all,primary_clear_likely,death_certificate,quarterly_count,18,18,count,18,,,final,bnr_sdc_v1,6,0,0,0,0,,none,No disclosure restriction identified.
MORT-BURDEN-001,mort_2026_07,quarterly,2025_q3,2025-07-01,2025,7,3,1,heart,female,all,primary_clear_likely,death_certificate,quarterly_same_quarter_previous_5yr_mean,26.2,26.2,count,131,,5,final,bnr_sdc_v1,6,0,0,0,0,,none,No disclosure restriction identified.
MORT-BURDEN-001,mort_2026_07,quarterly,2025_q3,2025-07-01,2025,7,3,1,heart,male,all,primary_clear_likely,death_certificate,quarterly_count,20,20,count,20,,,final,bnr_sdc_v1,6,0,0,0,0,,none,No disclosure restriction identified.
MORT-BURDEN-001,mort_2026_07,quarterly,2025_q3,2025-07-01,2025,7,3,1,heart,male,all,primary_clear_likely,death_certificate,quarterly_same_quarter_previous_5yr_mean,27,27,count,135,,5,final,bnr_sdc_v1,6,0,0,0,0,,none,No disclosure restriction identified.
MORT-BURDEN-001,mort_2026_07,quarterly,2025_q3,2025-07-01,2025,7,3,1,stroke,all,all,primary_clear_likely,death_certificate,quarterly_count,46,46,count,46,,,final,bnr_sdc_v1,6,0,0,0,0,,none,No disclosure restriction identified.
MORT-BURDEN-001,mort_2026_07,quarterly,2025_q3,2025-07-01,2025,7,3,1,stroke,all,all,primary_clear_likely,death_certificate,quarterly_same_quarter_previous_5yr_mean,49.8,49.8,count,249,,5,final,bnr_sdc_v1,6,0,0,0,0,,none,No disclosure restriction identified.
MORT-BURDEN-001,mort_2026_07,quarterly,2025_q3,2025-07-01,2025,7,3,1,stroke,female,all,primary_clear_likely,death_certificate,quarterly_count,23,23,count,23,,,final,bnr_sdc_v1,6,0,0,0,0,,none,No disclosure restriction identified.
MORT-BURDEN-001,mort_2026_07,quarterly,2025_q3,2025-07-01,2025,7,3,1,stroke,female,all,primary_clear_likely,death_certificate,quarterly_same_quarter_previous_5yr_mean,25.6,25.6,count,128,,5,final,bnr_sdc_v1,6,0,0,0,0,,none,No disclosure restriction identified.
MORT-BURDEN-001,mort_2026_07,quarterly,2025_q3,2025-07-01,2025,7,3,1,stroke,male,all,primary_clear_likely,death_certificate,quarterly_count,23,23,count,23,,,final,bnr_sdc_v1,6,0,0,0,0,,none,No disclosure restriction identified.
MORT-BURDEN-001,mort_2026_07,quarterly,2025_q3,2025-07-01,2025,7,3,1,stroke,male,all,primary_clear_likely,death_certificate,quarterly_same_quarter_previous_5yr_mean,24.2,24.2,count,121,,5,final,bnr_sdc_v1,6,0,0,0,0,,none,No disclosure restriction identified.
MORT-BURDEN-001,mort_2026_07,quarterly,2025_q3,2025-07-01,2025,7,3,1,all_cvd,all,all,upper_clear_likely_possible,death_certificate,quarterly_count,132,132,count,132,,,final,bnr_sdc_v1,6,0,0,0,0,,none,No disclosure restriction identified.
MORT-BURDEN-001,mort_2026_07,quarterly,2025_q3,2025-07-01,2025,7,3,1,all_cvd,all,all,upper_clear_likely_possible,death_certificate,quarterly_same_quarter_previous_5yr_mean,153,153,count,765,,5,final,bnr_sdc_v1,6,0,0,0,0,,none,No disclosure restriction identified.
MORT-BURDEN-001,mort_2026_07,quarterly,2025_q3,2025-07-01,2025,7,3,1,all_cvd,female,all,upper_clear_likely_possible,death_certificate,quarterly_count,60,60,count,60,,,final,bnr_sdc_v1,6,0,0,0,0,,none,No disclosure restriction identified.
MORT-BURDEN-001,mort_2026_07,quarterly,2025_q3,2025-07-01,2025,7,3,1,all_cvd,female,all,upper_clear_likely_possible,death_certificate,quarterly_same_quarter_previous_5yr_mean,78.59999999999999,78.6,count,393,,5,final,bnr_sdc_v1,6,0,0,0,0,,none,No disclosure restriction identified.
MORT-BURDEN-001,mort_2026_07,quarterly,2025_q3,2025-07-01,2025,7,3,1,all_cvd,male,all,upper_clear_likely_possible,death_certificate,quarterly_count,72,72,count,72,,,final,bnr_sdc_v1,6,0,0,0,0,,none,No disclosure restriction identified.
MORT-BURDEN-001,mort_2026_07,quarterly,2025_q3,2025-07-01,2025,7,3,1,all_cvd,male,all,upper_clear_likely_possible,death_certificate,quarterly_same_quarter_previous_5yr_mean,74.40000000000001,74.4,count,372,,5,final,bnr_sdc_v1,6,0,0,0,0,,none,No disclosure restriction identified.
MORT-BURDEN-001,mort_2026_07,quarterly,2025_q3,2025-07-01,2025,7,3,1,heart,all,all,upper_clear_likely_possible,death_certificate,quarterly_count,56,56,count,56,,,final,bnr_sdc_v1,6,0,0,0,0,,none,No disclosure restriction identified.
MORT-BURDEN-001,mort_2026_07,quarterly,2025_q3,2025-07-01,2025,7,3,1,heart,all,all,upper_clear_likely_possible,death_certificate,quarterly_same_quarter_previous_5yr_mean,74.40000000000001,74.4,count,372,,5,final,bnr_sdc_v1,6,0,0,0,0,,none,No disclosure restriction identified.
MORT-BURDEN-001,mort_2026_07,quarterly,2025_q3,2025-07-01,2025,7,3,1,heart,female,all,upper_clear_likely_possible,death_certificate,quarterly_count,25,25,count,25,,,final,bnr_sdc_v1,6,0,0,0,0,,none,No disclosure restriction identified.
MORT-BURDEN-001,mort_2026_07,quarterly,2025_q3,2025-07-01,2025,7,3,1,heart,female,all,upper_clear_likely_possible,death_certificate,quarterly_same_quarter_previous_5yr_mean,37.6,37.6,count,188,,5,final,bnr_sdc_v1,6,0,0,0,0,,none,No disclosure restriction identified.
MORT-BURDEN-001,mort_2026_07,quarterly,2025_q3,2025-07-01,2025,7,3,1,heart,male,all,upper_clear_likely_possible,death_certificate,quarterly_count,31,31,count,31,,,final,bnr_sdc_v1,6,0,0,0,0,,none,No disclosure restriction identified.
MORT-BURDEN-001,mort_2026_07,quarterly,2025_q3,2025-07-01,2025,7,3,1,heart,male,all,upper_clear_likely_possible,death_certificate,quarterly_same_quarter_previous_5yr_mean,36.8,36.8,count,184,,5,final,bnr_sdc_v1,6,0,0,0,0,,none,No disclosure restriction identified.
MORT-BURDEN-001,mort_2026_07,quarterly,2025_q3,2025-07-01,2025,7,3,1,stroke,all,all,upper_clear_likely_possible,death_certificate,quarterly_count,76,76,count,76,,,final,bnr_sdc_v1,6,0,0,0,0,,none,No disclosure restriction identified.
MORT-BURDEN-001,mort_2026_07,quarterly,2025_q3,2025-07-01,2025,7,3,1,stroke,all,all,upper_clear_likely_possible,death_certificate,quarterly_same_quarter_previous_5yr_mean,78.59999999999999,78.6,count,393,,5,final,bnr_sdc_v1,6,0,0,0,0,,none,No disclosure restriction identified.
MORT-BURDEN-001,mort_2026_07,quarterly,2025_q3,2025-07-01,2025,7,3,1,stroke,female,all,upper_clear_likely_possible,death_certificate,quarterly_count,35,35,count,35,,,final,bnr_sdc_v1,6,0,0,0,0,,none,No disclosure restriction identified.
MORT-BURDEN-001,mort_2026_07,quarterly,2025_q3,2025-07-01,2025,7,3,1,stroke,female,all,upper_clear_likely_possible,death_certificate,quarterly_same_quarter_previous_5yr_mean,41,41,count,205,,5,final,bnr_sdc_v1,6,0,0,0,0,,none,No disclosure restriction identified.
MORT-BURDEN-001,mort_2026_07,quarterly,2025_q3,2025-07-01,2025,7,3,1,stroke,male,all,upper_clear_likely_possible,death_certificate,quarterly_count,41,41,count,41,,,final,bnr_sdc_v1,6,0,0,0,0,,none,No disclosure restriction identified.
MORT-BURDEN-001,mort_2026_07,quarterly,2025_q3,2025-07-01,2025,7,3,1,stroke,male,all,upper_clear_likely_possible,death_certificate,quarterly_same_quarter_previous_5yr_mean,37.6,37.6,count,188,,5,final,bnr_sdc_v1,6,0,0,0,0,,none,No disclosure restriction identified.
MORT-BURDEN-001,mort_2026_07,quarterly,2025_q4,2025-10-01,2025,10,4,1,all_cvd,all,all,primary_clear_likely,death_certificate,quarterly_count,91,91,count,91,,,final,bnr_sdc_v1,6,0,0,0,0,,none,No disclosure restriction identified.
MORT-BURDEN-001,mort_2026_07,quarterly,2025_q4,2025-10-01,2025,10,4,1,all_cvd,all,all,primary_clear_likely,death_certificate,quarterly_same_quarter_previous_5yr_mean,91.59999999999999,91.6,count,458,,5,final,bnr_sdc_v1,6,0,0,0,0,,none,No disclosure restriction identified.
MORT-BURDEN-001,mort_2026_07,quarterly,2025_q4,2025-10-01,2025,10,4,1,all_cvd,female,all,primary_clear_likely,death_certificate,quarterly_count,39,39,count,39,,,final,bnr_sdc_v1,6,0,0,0,0,,none,No disclosure restriction identified.
MORT-BURDEN-001,mort_2026_07,quarterly,2025_q4,2025-10-01,2025,10,4,1,all_cvd,female,all,primary_clear_likely,death_certificate,quarterly_same_quarter_previous_5yr_mean,45.8,45.8,count,229,,5,final,bnr_sdc_v1,6,0,0,0,0,,none,No disclosure restriction identified.
MORT-BURDEN-001,mort_2026_07,quarterly,2025_q4,2025-10-01,2025,10,4,1,all_cvd,male,all,primary_clear_likely,death_certificate,quarterly_count,52,52,count,52,,,final,bnr_sdc_v1,6,0,0,0,0,,none,No disclosure restriction identified.
MORT-BURDEN-001,mort_2026_07,quarterly,2025_q4,2025-10-01,2025,10,4,1,all_cvd,male,all,primary_clear_likely,death_certificate,quarterly_same_quarter_previous_5yr_mean,45.8,45.8,count,229,,5,final,bnr_sdc_v1,6,0,0,0,0,,none,No disclosure restriction identified.
MORT-BURDEN-001,mort_2026_07,quarterly,2025_q4,2025-10-01,2025,10,4,1,heart,all,all,primary_clear_likely,death_certificate,quarterly_count,50,50,count,50,,,final,bnr_sdc_v1,6,0,0,0,0,,none,No disclosure restriction identified.
MORT-BURDEN-001,mort_2026_07,quarterly,2025_q4,2025-10-01,2025,10,4,1,heart,all,all,primary_clear_likely,death_certificate,quarterly_same_quarter_previous_5yr_mean,51.8,51.8,count,259,,5,final,bnr_sdc_v1,6,0,0,0,0,,none,No disclosure restriction identified.
MORT-BURDEN-001,mort_2026_07,quarterly,2025_q4,2025-10-01,2025,10,4,1,heart,female,all,primary_clear_likely,death_certificate,quarterly_count,20,20,count,20,,,final,bnr_sdc_v1,6,0,0,0,0,,none,No disclosure restriction identified.
MORT-BURDEN-001,mort_2026_07,quarterly,2025_q4,2025-10-01,2025,10,4,1,heart,female,all,primary_clear_likely,death_certificate,quarterly_same_quarter_previous_5yr_mean,25,25,count,125,,5,final,bnr_sdc_v1,6,0,0,0,0,,none,No disclosure restriction identified.
MORT-BURDEN-001,mort_2026_07,quarterly,2025_q4,2025-10-01,2025,10,4,1,heart,male,all,primary_clear_likely,death_certificate,quarterly_count,30,30,count,30,,,final,bnr_sdc_v1,6,0,0,0,0,,none,No disclosure restriction identified.
MORT-BURDEN-001,mort_2026_07,quarterly,2025_q4,2025-10-01,2025,10,4,1,heart,male,all,primary_clear_likely,death_certificate,quarterly_same_quarter_previous_5yr_mean,26.8,26.8,count,134,,5,final,bnr_sdc_v1,6,0,0,0,0,,none,No disclosure restriction identified.
MORT-BURDEN-001,mort_2026_07,quarterly,2025_q4,2025-10-01,2025,10,4,1,stroke,all,all,primary_clear_likely,death_certificate,quarterly_count,41,41,count,41,,,final,bnr_sdc_v1,6,0,0,0,0,,none,No disclosure restriction identified.
MORT-BURDEN-001,mort_2026_07,quarterly,2025_q4,2025-10-01,2025,10,4,1,stroke,all,all,primary_clear_likely,death_certificate,quarterly_same_quarter_previous_5yr_mean,39.8,39.8,count,199,,5,final,bnr_sdc_v1,6,0,0,0,0,,none,No disclosure restriction identified.
MORT-BURDEN-001,mort_2026_07,quarterly,2025_q4,2025-10-01,2025,10,4,1,stroke,female,all,primary_clear_likely,death_certificate,quarterly_count,19,19,count,19,,,final,bnr_sdc_v1,6,0,0,0,0,,none,No disclosure restriction identified.
MORT-BURDEN-001,mort_2026_07,quarterly,2025_q4,2025-10-01,2025,10,4,1,stroke,female,all,primary_clear_likely,death_certificate,quarterly_same_quarter_previous_5yr_mean,20.8,20.8,count,104,,5,final,bnr_sdc_v1,6,0,0,0,0,,none,No disclosure restriction identified.
MORT-BURDEN-001,mort_2026_07,quarterly,2025_q4,2025-10-01,2025,10,4,1,stroke,male,all,primary_clear_likely,death_certificate,quarterly_count,22,22,count,22,,,final,bnr_sdc_v1,6,0,0,0,0,,none,No disclosure restriction identified.
MORT-BURDEN-001,mort_2026_07,quarterly,2025_q4,2025-10-01,2025,10,4,1,stroke,male,all,primary_clear_likely,death_certificate,quarterly_same_quarter_previous_5yr_mean,19,19,count,95,,5,final,bnr_sdc_v1,6,0,0,0,0,,none,No disclosure restriction identified.
MORT-BURDEN-001,mort_2026_07,quarterly,2025_q4,2025-10-01,2025,10,4,1,all_cvd,all,all,upper_clear_likely_possible,death_certificate,quarterly_count,154,154,count,154,,,final,bnr_sdc_v1,6,0,0,0,0,,none,No disclosure restriction identified.
MORT-BURDEN-001,mort_2026_07,quarterly,2025_q4,2025-10-01,2025,10,4,1,all_cvd,all,all,upper_clear_likely_possible,death_certificate,quarterly_same_quarter_previous_5yr_mean,137.2,137.2,count,686,,5,final,bnr_sdc_v1,6,0,0,0,0,,none,No disclosure restriction identified.
MORT-BURDEN-001,mort_2026_07,quarterly,2025_q4,2025-10-01,2025,10,4,1,all_cvd,female,all,upper_clear_likely_possible,death_certificate,quarterly_count,72,72,count,72,,,final,bnr_sdc_v1,6,0,0,0,0,,none,No disclosure restriction identified.
MORT-BURDEN-001,mort_2026_07,quarterly,2025_q4,2025-10-01,2025,10,4,1,all_cvd,female,all,upper_clear_likely_possible,death_certificate,quarterly_same_quarter_previous_5yr_mean,68.8,68.8,count,344,,5,final,bnr_sdc_v1,6,0,0,0,0,,none,No disclosure restriction identified.
MORT-BURDEN-001,mort_2026_07,quarterly,2025_q4,2025-10-01,2025,10,4,1,all_cvd,male,all,upper_clear_likely_possible,death_certificate,quarterly_count,82,82,count,82,,,final,bnr_sdc_v1,6,0,0,0,0,,none,No disclosure restriction identified.
MORT-BURDEN-001,mort_2026_07,quarterly,2025_q4,2025-10-01,2025,10,4,1,all_cvd,male,all,upper_clear_likely_possible,death_certificate,quarterly_same_quarter_previous_5yr_mean,68.40000000000001,68.4,count,342,,5,final,bnr_sdc_v1,6,0,0,0,0,,none,No disclosure restriction identified.
MORT-BURDEN-001,mort_2026_07,quarterly,2025_q4,2025-10-01,2025,10,4,1,heart,all,all,upper_clear_likely_possible,death_certificate,quarterly_count,87,87,count,87,,,final,bnr_sdc_v1,6,0,0,0,0,,none,No disclosure restriction identified.
MORT-BURDEN-001,mort_2026_07,quarterly,2025_q4,2025-10-01,2025,10,4,1,heart,all,all,upper_clear_likely_possible,death_certificate,quarterly_same_quarter_previous_5yr_mean,72.2,72.2,count,361,,5,final,bnr_sdc_v1,6,0,0,0,0,,none,No disclosure restriction identified.
MORT-BURDEN-001,mort_2026_07,quarterly,2025_q4,2025-10-01,2025,10,4,1,heart,female,all,upper_clear_likely_possible,death_certificate,quarterly_count,37,37,count,37,,,final,bnr_sdc_v1,6,0,0,0,0,,none,No disclosure restriction identified.
MORT-BURDEN-001,mort_2026_07,quarterly,2025_q4,2025-10-01,2025,10,4,1,heart,female,all,upper_clear_likely_possible,death_certificate,quarterly_same_quarter_previous_5yr_mean,35.6,35.6,count,178,,5,final,bnr_sdc_v1,6,0,0,0,0,,none,No disclosure restriction identified.
MORT-BURDEN-001,mort_2026_07,quarterly,2025_q4,2025-10-01,2025,10,4,1,heart,male,all,upper_clear_likely_possible,death_certificate,quarterly_count,50,50,count,50,,,final,bnr_sdc_v1,6,0,0,0,0,,none,No disclosure restriction identified.
MORT-BURDEN-001,mort_2026_07,quarterly,2025_q4,2025-10-01,2025,10,4,1,heart,male,all,upper_clear_likely_possible,death_certificate,quarterly_same_quarter_previous_5yr_mean,36.6,36.6,count,183,,5,final,bnr_sdc_v1,6,0,0,0,0,,none,No disclosure restriction identified.
MORT-BURDEN-001,mort_2026_07,quarterly,2025_q4,2025-10-01,2025,10,4,1,stroke,all,all,upper_clear_likely_possible,death_certificate,quarterly_count,67,67,count,67,,,final,bnr_sdc_v1,6,0,0,0,0,,none,No disclosure restriction identified.
MORT-BURDEN-001,mort_2026_07,quarterly,2025_q4,2025-10-01,2025,10,4,1,stroke,all,all,upper_clear_likely_possible,death_certificate,quarterly_same_quarter_previous_5yr_mean,65,65,count,325,,5,final,bnr_sdc_v1,6,0,0,0,0,,none,No disclosure restriction identified.
MORT-BURDEN-001,mort_2026_07,quarterly,2025_q4,2025-10-01,2025,10,4,1,stroke,female,all,upper_clear_likely_possible,death_certificate,quarterly_count,35,35,count,35,,,final,bnr_sdc_v1,6,0,0,0,0,,none,No disclosure restriction identified.
MORT-BURDEN-001,mort_2026_07,quarterly,2025_q4,2025-10-01,2025,10,4,1,stroke,female,all,upper_clear_likely_possible,death_certificate,quarterly_same_quarter_previous_5yr_mean,33.2,33.2,count,166,,5,final,bnr_sdc_v1,6,0,0,0,0,,none,No disclosure restriction identified.
MORT-BURDEN-001,mort_2026_07,quarterly,2025_q4,2025-10-01,2025,10,4,1,stroke,male,all,upper_clear_likely_possible,death_certificate,quarterly_count,32,32,count,32,,,final,bnr_sdc_v1,6,0,0,0,0,,none,No disclosure restriction identified.
MORT-BURDEN-001,mort_2026_07,quarterly,2025_q4,2025-10-01,2025,10,4,1,stroke,male,all,upper_clear_likely_possible,death_certificate,quarterly_same_quarter_previous_5yr_mean,31.8,31.8,count,159,,5,final,bnr_sdc_v1,6,0,0,0,0,,none,No disclosure restriction identified.
MORT-BURDEN-002,mort_2026_07,annual,2010,2010-01-01,2010,,,1,all_cvd,all,age_70_plus,primary_clear_likely,death_certificate,age_distribution,75.05330490405117,75.053305,percent,352,469,,final,bnr_sdc_v1,6,0,0,0,0,,none,No disclosure restriction identified.
MORT-BURDEN-002,mort_2026_07,annual,2010,2010-01-01,2010,,,1,all_cvd,all,under_70,primary_clear_likely,death_certificate,age_distribution,24.94669509594883,24.946695,percent,117,469,,final,bnr_sdc_v1,6,0,0,0,0,,none,No disclosure restriction identified.
MORT-BURDEN-002,mort_2026_07,annual,2010,2010-01-01,2010,,,1,all_cvd,female,all,primary_clear_likely,death_certificate,sex_distribution,55.65031982942431,55.65032,percent,261,469,,final,bnr_sdc_v1,6,0,0,0,0,,none,No disclosure restriction identified.
MORT-BURDEN-002,mort_2026_07,annual,2010,2010-01-01,2010,,,1,all_cvd,male,all,primary_clear_likely,death_certificate,sex_distribution,44.3496801705757,44.34968,percent,208,469,,final,bnr_sdc_v1,6,0,0,0,0,,none,No disclosure restriction identified.
MORT-BURDEN-002,mort_2026_07,annual,2010,2010-01-01,2010,,,1,heart,all,all,primary_clear_likely,death_certificate,event_type_distribution,47.33475479744136,47.334755,percent,222,469,,final,bnr_sdc_v1,6,0,0,0,0,,none,No disclosure restriction identified.
MORT-BURDEN-002,mort_2026_07,annual,2010,2010-01-01,2010,,,1,heart,female,all,primary_clear_likely,death_certificate,sex_distribution,51.35135135135135,51.351351,percent,114,222,,final,bnr_sdc_v1,6,0,0,0,0,,none,No disclosure restriction identified.
MORT-BURDEN-002,mort_2026_07,annual,2010,2010-01-01,2010,,,1,heart,male,all,primary_clear_likely,death_certificate,sex_distribution,48.64864864864865,48.648649,percent,108,222,,final,bnr_sdc_v1,6,0,0,0,0,,none,No disclosure restriction identified.
MORT-BURDEN-002,mort_2026_07,annual,2010,2010-01-01,2010,,,1,stroke,all,all,primary_clear_likely,death_certificate,event_type_distribution,52.66524520255863,52.665245,percent,247,469,,final,bnr_sdc_v1,6,0,0,0,0,,none,No disclosure restriction identified.
MORT-BURDEN-002,mort_2026_07,annual,2010,2010-01-01,2010,,,1,stroke,female,all,primary_clear_likely,death_certificate,sex_distribution,59.51417004048582,59.51417,percent,147,247,,final,bnr_sdc_v1,6,0,0,0,0,,none,No disclosure restriction identified.
MORT-BURDEN-002,mort_2026_07,annual,2010,2010-01-01,2010,,,1,stroke,male,all,primary_clear_likely,death_certificate,sex_distribution,40.48582995951417,40.48583,percent,100,247,,final,bnr_sdc_v1,6,0,0,0,0,,none,No disclosure restriction identified.
MORT-BURDEN-002,mort_2026_07,annual,2010,2010-01-01,2010,,,1,all_cvd,all,age_70_plus,upper_clear_likely_possible,death_certificate,age_distribution,70.39711191335741,70.397112,percent,390,554,,final,bnr_sdc_v1,6,0,0,0,0,,none,No disclosure restriction identified.
MORT-BURDEN-002,mort_2026_07,annual,2010,2010-01-01,2010,,,1,all_cvd,all,under_70,upper_clear_likely_possible,death_certificate,age_distribution,29.6028880866426,29.602888,percent,164,554,,final,bnr_sdc_v1,6,0,0,0,0,,none,No disclosure restriction identified.
MORT-BURDEN-002,mort_2026_07,annual,2010,2010-01-01,2010,,,1,all_cvd,female,all,upper_clear_likely_possible,death_certificate,sex_distribution,54.51263537906137,54.512635,percent,302,554,,final,bnr_sdc_v1,6,0,0,0,0,,none,No disclosure restriction identified.
MORT-BURDEN-002,mort_2026_07,annual,2010,2010-01-01,2010,,,1,all_cvd,male,all,upper_clear_likely_possible,death_certificate,sex_distribution,45.48736462093863,45.487365,percent,252,554,,final,bnr_sdc_v1,6,0,0,0,0,,none,No disclosure restriction identified.
MORT-BURDEN-002,mort_2026_07,annual,2010,2010-01-01,2010,,,1,heart,all,all,upper_clear_likely_possible,death_certificate,event_type_distribution,52.70758122743683,52.707581,percent,292,554,,final,bnr_sdc_v1,6,0,0,0,0,,none,No disclosure restriction identified.
MORT-BURDEN-002,mort_2026_07,annual,2010,2010-01-01,2010,,,1,heart,female,all,upper_clear_likely_possible,death_certificate,sex_distribution,49.31506849315068,49.315068,percent,144,292,,final,bnr_sdc_v1,6,0,0,0,0,,none,No disclosure restriction identified.
MORT-BURDEN-002,mort_2026_07,annual,2010,2010-01-01,2010,,,1,heart,male,all,upper_clear_likely_possible,death_certificate,sex_distribution,50.68493150684932,50.684932,percent,148,292,,final,bnr_sdc_v1,6,0,0,0,0,,none,No disclosure restriction identified.
MORT-BURDEN-002,mort_2026_07,annual,2010,2010-01-01,2010,,,1,stroke,all,all,upper_clear_likely_possible,death_certificate,event_type_distribution,47.29241877256317,47.292419,percent,262,554,,final,bnr_sdc_v1,6,0,0,0,0,,none,No disclosure restriction identified.
MORT-BURDEN-002,mort_2026_07,annual,2010,2010-01-01,2010,,,1,stroke,female,all,upper_clear_likely_possible,death_certificate,sex_distribution,60.30534351145038,60.305344,percent,158,262,,final,bnr_sdc_v1,6,0,0,0,0,,none,No disclosure restriction identified.
MORT-BURDEN-002,mort_2026_07,annual,2010,2010-01-01,2010,,,1,stroke,male,all,upper_clear_likely_possible,death_certificate,sex_distribution,39.69465648854962,39.694656,percent,104,262,,final,bnr_sdc_v1,6,0,0,0,0,,none,No disclosure restriction identified.
MORT-BURDEN-002,mort_2026_07,annual,2011,2011-01-01,2011,,,1,all_cvd,all,age_70_plus,primary_clear_likely,death_certificate,age_distribution,73.83966244725738,73.839662,percent,350,474,,final,bnr_sdc_v1,6,0,0,0,0,,none,No disclosure restriction identified.
MORT-BURDEN-002,mort_2026_07,annual,2011,2011-01-01,2011,,,1,all_cvd,all,under_70,primary_clear_likely,death_certificate,age_distribution,26.16033755274262,26.160338,percent,124,474,,final,bnr_sdc_v1,6,0,0,0,0,,none,No disclosure restriction identified.
MORT-BURDEN-002,mort_2026_07,annual,2011,2011-01-01,2011,,,1,all_cvd,female,all,primary_clear_likely,death_certificate,sex_distribution,53.58649789029536,53.586498,percent,254,474,,final,bnr_sdc_v1,6,0,0,0,0,,none,No disclosure restriction identified.
MORT-BURDEN-002,mort_2026_07,annual,2011,2011-01-01,2011,,,1,all_cvd,male,all,primary_clear_likely,death_certificate,sex_distribution,46.41350210970464,46.413502,percent,220,474,,final,bnr_sdc_v1,6,0,0,0,0,,none,No disclosure restriction identified.
MORT-BURDEN-002,mort_2026_07,annual,2011,2011-01-01,2011,,,1,heart,all,all,primary_clear_likely,death_certificate,event_type_distribution,45.9915611814346,45.991561,percent,218,474,,final,bnr_sdc_v1,6,0,0,0,0,,none,No disclosure restriction identified.
MORT-BURDEN-002,mort_2026_07,annual,2011,2011-01-01,2011,,,1,heart,female,all,primary_clear_likely,death_certificate,sex_distribution,50.45871559633027,50.458716,percent,110,218,,final,bnr_sdc_v1,6,0,0,0,0,,none,No disclosure restriction identified.
MORT-BURDEN-002,mort_2026_07,annual,2011,2011-01-01,2011,,,1,heart,male,all,primary_clear_likely,death_certificate,sex_distribution,49.54128440366973,49.541284,percent,108,218,,final,bnr_sdc_v1,6,0,0,0,0,,none,No disclosure restriction identified.
MORT-BURDEN-002,mort_2026_07,annual,2011,2011-01-01,2011,,,1,stroke,all,all,primary_clear_likely,death_certificate,event_type_distribution,54.00843881856539,54.008439,percent,256,474,,final,bnr_sdc_v1,6,0,0,0,0,,none,No disclosure restriction identified.
MORT-BURDEN-002,mort_2026_07,annual,2011,2011-01-01,2011,,,1,stroke,female,all,primary_clear_likely,death_certificate,sex_distribution,56.25,56.25,percent,144,256,,final,bnr_sdc_v1,6,0,0,0,0,,none,No disclosure restriction identified.
MORT-BURDEN-002,mort_2026_07,annual,2011,2011-01-01,2011,,,1,stroke,male,all,primary_clear_likely,death_certificate,sex_distribution,43.75,43.75,percent,112,256,,final,bnr_sdc_v1,6,0,0,0,0,,none,No disclosure restriction identified.
MORT-BURDEN-002,mort_2026_07,annual,2011,2011-01-01,2011,,,1,all_cvd,all,age_70_plus,upper_clear_likely_possible,death_certificate,age_distribution,72.03703703703704,72.037037,percent,389,540,,final,bnr_sdc_v1,6,0,0,0,0,,none,No disclosure restriction identified.
MORT-BURDEN-002,mort_2026_07,annual,2011,2011-01-01,2011,,,1,all_cvd,all,under_70,upper_clear_likely_possible,death_certificate,age_distribution,27.96296296296296,27.962963,percent,151,540,,final,bnr_sdc_v1,6,0,0,0,0,,none,No disclosure restriction identified.
MORT-BURDEN-002,mort_2026_07,annual,2011,2011-01-01,2011,,,1,all_cvd,female,all,upper_clear_likely_possible,death_certificate,sex_distribution,52.22222222222223,52.222222,percent,282,540,,final,bnr_sdc_v1,6,0,0,0,0,,none,No disclosure restriction identified.
MORT-BURDEN-002,mort_2026_07,annual,2011,2011-01-01,2011,,,1,all_cvd,male,all,upper_clear_likely_possible,death_certificate,sex_distribution,47.77777777777778,47.777778,percent,258,540,,final,bnr_sdc_v1,6,0,0,0,0,,none,No disclosure restriction identified.
MORT-BURDEN-002,mort_2026_07,annual,2011,2011-01-01,2011,,,1,heart,all,all,upper_clear_likely_possible,death_certificate,event_type_distribution,49.25925925925926,49.259259,percent,266,540,,final,bnr_sdc_v1,6,0,0,0,0,,none,No disclosure restriction identified.
MORT-BURDEN-002,mort_2026_07,annual,2011,2011-01-01,2011,,,1,heart,female,all,upper_clear_likely_possible,death_certificate,sex_distribution,48.49624060150376,48.496241,percent,129,266,,final,bnr_sdc_v1,6,0,0,0,0,,none,No disclosure restriction identified.
MORT-BURDEN-002,mort_2026_07,annual,2011,2011-01-01,2011,,,1,heart,male,all,upper_clear_likely_possible,death_certificate,sex_distribution,51.50375939849624,51.503759,percent,137,266,,final,bnr_sdc_v1,6,0,0,0,0,,none,No disclosure restriction identified.
MORT-BURDEN-002,mort_2026_07,annual,2011,2011-01-01,2011,,,1,stroke,all,all,upper_clear_likely_possible,death_certificate,event_type_distribution,50.74074074074074,50.740741,percent,274,540,,final,bnr_sdc_v1,6,0,0,0,0,,none,No disclosure restriction identified.
MORT-BURDEN-002,mort_2026_07,annual,2011,2011-01-01,2011,,,1,stroke,female,all,upper_clear_likely_possible,death_certificate,sex_distribution,55.83941605839416,55.839416,percent,153,274,,final,bnr_sdc_v1,6,0,0,0,0,,none,No disclosure restriction identified.
MORT-BURDEN-002,mort_2026_07,annual,2011,2011-01-01,2011,,,1,stroke,male,all,upper_clear_likely_possible,death_certificate,sex_distribution,44.16058394160584,44.160584,percent,121,274,,final,bnr_sdc_v1,6,0,0,0,0,,none,No disclosure restriction identified.
MORT-BURDEN-002,mort_2026_07,annual,2012,2012-01-01,2012,,,1,all_cvd,all,age_70_plus,primary_clear_likely,death_certificate,age_distribution,78.83495145631068,78.834951,percent,406,515,,final,bnr_sdc_v1,6,0,0,0,0,,none,No disclosure restriction identified.
MORT-BURDEN-002,mort_2026_07,annual,2012,2012-01-01,2012,,,1,all_cvd,all,under_70,primary_clear_likely,death_certificate,age_distribution,21.16504854368932,21.165049,percent,109,515,,final,bnr_sdc_v1,6,0,0,0,0,,none,No disclosure restriction identified.
MORT-BURDEN-002,mort_2026_07,annual,2012,2012-01-01,2012,,,1,all_cvd,female,all,primary_clear_likely,death_certificate,sex_distribution,55.72815533980583,55.728155,percent,287,515,,final,bnr_sdc_v1,6,0,0,0,0,,none,No disclosure restriction identified.
MORT-BURDEN-002,mort_2026_07,annual,2012,2012-01-01,2012,,,1,all_cvd,male,all,primary_clear_likely,death_certificate,sex_distribution,44.27184466019418,44.271845,percent,228,515,,final,bnr_sdc_v1,6,0,0,0,0,,none,No disclosure restriction identified.
MORT-BURDEN-002,mort_2026_07,annual,2012,2012-01-01,2012,,,1,heart,all,all,primary_clear_likely,death_certificate,event_type_distribution,48.15533980582524,48.15534,percent,248,515,,final,bnr_sdc_v1,6,0,0,0,0,,none,No disclosure restriction identified.
MORT-BURDEN-002,mort_2026_07,annual,2012,2012-01-01,2012,,,1,heart,female,all,primary_clear_likely,death_certificate,sex_distribution,52.41935483870967,52.419355,percent,130,248,,final,bnr_sdc_v1,6,0,0,0,0,,none,No disclosure restriction identified.
MORT-BURDEN-002,mort_2026_07,annual,2012,2012-01-01,2012,,,1,heart,male,all,primary_clear_likely,death_certificate,sex_distribution,47.58064516129033,47.580645,percent,118,248,,final,bnr_sdc_v1,6,0,0,0,0,,none,No disclosure restriction identified.
MORT-BURDEN-002,mort_2026_07,annual,2012,2012-01-01,2012,,,1,stroke,all,all,primary_clear_likely,death_certificate,event_type_distribution,51.84466019417475,51.84466,percent,267,515,,final,bnr_sdc_v1,6,0,0,0,0,,none,No disclosure restriction identified.
MORT-BURDEN-002,mort_2026_07,annual,2012,2012-01-01,2012,,,1,stroke,female,all,primary_clear_likely,death_certificate,sex_distribution,58.80149812734082,58.801498,percent,157,267,,final,bnr_sdc_v1,6,0,0,0,0,,none,No disclosure restriction identified.
MORT-BURDEN-002,mort_2026_07,annual,2012,2012-01-01,2012,,,1,stroke,male,all,primary_clear_likely,death_certificate,sex_distribution,41.19850187265918,41.198502,percent,110,267,,final,bnr_sdc_v1,6,0,0,0,0,,none,No disclosure restriction identified.
MORT-BURDEN-002,mort_2026_07,annual,2012,2012-01-01,2012,,,1,all_cvd,all,age_70_plus,upper_clear_likely_possible,death_certificate,age_distribution,74.95769881556683,74.957699,percent,443,591,,final,bnr_sdc_v1,6,0,0,0,0,,none,No disclosure restriction identified.
MORT-BURDEN-002,mort_2026_07,annual,2012,2012-01-01,2012,,,1,all_cvd,all,under_70,upper_clear_likely_possible,death_certificate,age_distribution,25.04230118443316,25.042301,percent,148,591,,final,bnr_sdc_v1,6,0,0,0,0,,none,No disclosure restriction identified.
MORT-BURDEN-002,mort_2026_07,annual,2012,2012-01-01,2012,,,1,all_cvd,female,all,upper_clear_likely_possible,death_certificate,sex_distribution,54.82233502538071,54.822335,percent,324,591,,final,bnr_sdc_v1,6,0,0,0,0,,none,No disclosure restriction identified.
MORT-BURDEN-002,mort_2026_07,annual,2012,2012-01-01,2012,,,1,all_cvd,male,all,upper_clear_likely_possible,death_certificate,sex_distribution,45.17766497461929,45.177665,percent,267,591,,final,bnr_sdc_v1,6,0,0,0,0,,none,No disclosure restriction identified.
MORT-BURDEN-002,mort_2026_07,annual,2012,2012-01-01,2012,,,1,heart,all,all,upper_clear_likely_possible,death_certificate,event_type_distribution,51.09983079526227,51.099831,percent,302,591,,final,bnr_sdc_v1,6,0,0,0,0,,none,No disclosure restriction identified.
MORT-BURDEN-002,mort_2026_07,annual,2012,2012-01-01,2012,,,1,heart,female,all,upper_clear_likely_possible,death_certificate,sex_distribution,51.32450331125828,51.324503,percent,155,302,,final,bnr_sdc_v1,6,0,0,0,0,,none,No disclosure restriction identified.
MORT-BURDEN-002,mort_2026_07,annual,2012,2012-01-01,2012,,,1,heart,male,all,upper_clear_likely_possible,death_certificate,sex_distribution,48.67549668874172,48.675497,percent,147,302,,final,bnr_sdc_v1,6,0,0,0,0,,none,No disclosure restriction identified.
MORT-BURDEN-002,mort_2026_07,annual,2012,2012-01-01,2012,,,1,stroke,all,all,upper_clear_likely_possible,death_certificate,event_type_distribution,48.90016920473773,48.900169,percent,289,591,,final,bnr_sdc_v1,6,0,0,0,0,,none,No disclosure restriction identified.
MORT-BURDEN-002,mort_2026_07,annual,2012,2012-01-01,2012,,,1,stroke,female,all,upper_clear_likely_possible,death_certificate,sex_distribution,58.47750865051903,58.477509,percent,169,289,,final,bnr_sdc_v1,6,0,0,0,0,,none,No disclosure restriction identified.
MORT-BURDEN-002,mort_2026_07,annual,2012,2012-01-01,2012,,,1,stroke,male,all,upper_clear_likely_possible,death_certificate,sex_distribution,41.52249134948097,41.522491,percent,120,289,,final,bnr_sdc_v1,6,0,0,0,0,,none,No disclosure restriction identified.
MORT-BURDEN-002,mort_2026_07,annual,2013,2013-01-01,2013,,,1,all_cvd,all,age_70_plus,primary_clear_likely,death_certificate,age_distribution,73.13432835820896,73.134328,percent,392,536,,final,bnr_sdc_v1,6,0,0,0,0,,none,No disclosure restriction identified.
MORT-BURDEN-002,mort_2026_07,annual,2013,2013-01-01,2013,,,1,all_cvd,all,under_70,primary_clear_likely,death_certificate,age_distribution,26.86567164179105,26.865672,percent,144,536,,final,bnr_sdc_v1,6,0,0,0,0,,none,No disclosure restriction identified.
MORT-BURDEN-002,mort_2026_07,annual,2013,2013-01-01,2013,,,1,all_cvd,female,all,primary_clear_likely,death_certificate,sex_distribution,53.17164179104478,53.171642,percent,285,536,,final,bnr_sdc_v1,6,0,0,0,0,,none,No disclosure restriction identified.
MORT-BURDEN-002,mort_2026_07,annual,2013,2013-01-01,2013,,,1,all_cvd,male,all,primary_clear_likely,death_certificate,sex_distribution,46.82835820895522,46.828358,percent,251,536,,final,bnr_sdc_v1,6,0,0,0,0,,none,No disclosure restriction identified.
MORT-BURDEN-002,mort_2026_07,annual,2013,2013-01-01,2013,,,1,heart,all,all,primary_clear_likely,death_certificate,event_type_distribution,49.25373134328358,49.253731,percent,264,536,,final,bnr_sdc_v1,6,0,0,0,0,,none,No disclosure restriction identified.
MORT-BURDEN-002,mort_2026_07,annual,2013,2013-01-01,2013,,,1,heart,female,all,primary_clear_likely,death_certificate,sex_distribution,49.62121212121212,49.621212,percent,131,264,,final,bnr_sdc_v1,6,0,0,0,0,,none,No disclosure restriction identified.
MORT-BURDEN-002,mort_2026_07,annual,2013,2013-01-01,2013,,,1,heart,male,all,primary_clear_likely,death_certificate,sex_distribution,50.37878787878788,50.378788,percent,133,264,,final,bnr_sdc_v1,6,0,0,0,0,,none,No disclosure restriction identified.
MORT-BURDEN-002,mort_2026_07,annual,2013,2013-01-01,2013,,,1,stroke,all,all,primary_clear_likely,death_certificate,event_type_distribution,50.74626865671642,50.746269,percent,272,536,,final,bnr_sdc_v1,6,0,0,0,0,,none,No disclosure restriction identified.
MORT-BURDEN-002,mort_2026_07,annual,2013,2013-01-01,2013,,,1,stroke,female,all,primary_clear_likely,death_certificate,sex_distribution,56.61764705882353,56.617647,percent,154,272,,final,bnr_sdc_v1,6,0,0,0,0,,none,No disclosure restriction identified.
MORT-BURDEN-002,mort_2026_07,annual,2013,2013-01-01,2013,,,1,stroke,male,all,primary_clear_likely,death_certificate,sex_distribution,43.38235294117647,43.382353,percent,118,272,,final,bnr_sdc_v1,6,0,0,0,0,,none,No disclosure restriction identified.
MORT-BURDEN-002,mort_2026_07,annual,2013,2013-01-01,2013,,,1,all_cvd,all,age_70_plus,upper_clear_likely_possible,death_certificate,age_distribution,70.09646302250803,70.096463,percent,436,622,,final,bnr_sdc_v1,6,0,0,0,0,,none,No disclosure restriction identified.
MORT-BURDEN-002,mort_2026_07,annual,2013,2013-01-01,2013,,,1,all_cvd,all,under_70,upper_clear_likely_possible,death_certificate,age_distribution,29.90353697749196,29.903537,percent,186,622,,final,bnr_sdc_v1,6,0,0,0,0,,none,No disclosure restriction identified.
MORT-BURDEN-002,mort_2026_07,annual,2013,2013-01-01,2013,,,1,all_cvd,female,all,upper_clear_likely_possible,death_certificate,sex_distribution,53.21543408360129,53.215434,percent,331,622,,final,bnr_sdc_v1,6,0,0,0,0,,none,No disclosure restriction identified.
MORT-BURDEN-002,mort_2026_07,annual,2013,2013-01-01,2013,,,1,all_cvd,male,all,upper_clear_likely_possible,death_certificate,sex_distribution,46.78456591639871,46.784566,percent,291,622,,final,bnr_sdc_v1,6,0,0,0,0,,none,No disclosure restriction identified.
MORT-BURDEN-002,mort_2026_07,annual,2013,2013-01-01,2013,,,1,heart,all,all,upper_clear_likely_possible,death_certificate,event_type_distribution,50.80385852090033,50.803859,percent,316,622,,final,bnr_sdc_v1,6,0,0,0,0,,none,No disclosure restriction identified.
MORT-BURDEN-002,mort_2026_07,annual,2013,2013-01-01,2013,,,1,heart,female,all,upper_clear_likely_possible,death_certificate,sex_distribution,49.36708860759494,49.367089,percent,156,316,,final,bnr_sdc_v1,6,0,0,0,0,,none,No disclosure restriction identified.
MORT-BURDEN-002,mort_2026_07,annual,2013,2013-01-01,2013,,,1,heart,male,all,upper_clear_likely_possible,death_certificate,sex_distribution,50.63291139240506,50.632911,percent,160,316,,final,bnr_sdc_v1,6,0,0,0,0,,none,No disclosure restriction identified.
MORT-BURDEN-002,mort_2026_07,annual,2013,2013-01-01,2013,,,1,stroke,all,all,upper_clear_likely_possible,death_certificate,event_type_distribution,49.19614147909968,49.196141,percent,306,622,,final,bnr_sdc_v1,6,0,0,0,0,,none,No disclosure restriction identified.
MORT-BURDEN-002,mort_2026_07,annual,2013,2013-01-01,2013,,,1,stroke,female,all,upper_clear_likely_possible,death_certificate,sex_distribution,57.18954248366013,57.189542,percent,175,306,,final,bnr_sdc_v1,6,0,0,0,0,,none,No disclosure restriction identified.
MORT-BURDEN-002,mort_2026_07,annual,2013,2013-01-01,2013,,,1,stroke,male,all,upper_clear_likely_possible,death_certificate,sex_distribution,42.81045751633987,42.810458,percent,131,306,,final,bnr_sdc_v1,6,0,0,0,0,,none,No disclosure restriction identified.
MORT-BURDEN-002,mort_2026_07,annual,2014,2014-01-01,2014,,,1,all_cvd,all,age_70_plus,primary_clear_likely,death_certificate,age_distribution,77.8,77.8,percent,389,500,,final,bnr_sdc_v1,6,0,0,0,0,,none,No disclosure restriction identified.
MORT-BURDEN-002,mort_2026_07,annual,2014,2014-01-01,2014,,,1,all_cvd,all,under_70,primary_clear_likely,death_certificate,age_distribution,22.2,22.2,percent,111,500,,final,bnr_sdc_v1,6,0,0,0,0,,none,No disclosure restriction identified.
MORT-BURDEN-002,mort_2026_07,annual,2014,2014-01-01,2014,,,1,all_cvd,female,all,primary_clear_likely,death_certificate,sex_distribution,51.8,51.8,percent,259,500,,final,bnr_sdc_v1,6,0,0,0,0,,none,No disclosure restriction identified.
MORT-BURDEN-002,mort_2026_07,annual,2014,2014-01-01,2014,,,1,all_cvd,male,all,primary_clear_likely,death_certificate,sex_distribution,48.2,48.2,percent,241,500,,final,bnr_sdc_v1,6,0,0,0,0,,none,No disclosure restriction identified.
MORT-BURDEN-002,mort_2026_07,annual,2014,2014-01-01,2014,,,1,heart,all,all,primary_clear_likely,death_certificate,event_type_distribution,51,51,percent,255,500,,final,bnr_sdc_v1,6,0,0,0,0,,none,No disclosure restriction identified.
MORT-BURDEN-002,mort_2026_07,annual,2014,2014-01-01,2014,,,1,heart,female,all,primary_clear_likely,death_certificate,sex_distribution,49.80392156862745,49.803922,percent,127,255,,final,bnr_sdc_v1,6,0,0,0,0,,none,No disclosure restriction identified.
MORT-BURDEN-002,mort_2026_07,annual,2014,2014-01-01,2014,,,1,heart,male,all,primary_clear_likely,death_certificate,sex_distribution,50.19607843137255,50.196078,percent,128,255,,final,bnr_sdc_v1,6,0,0,0,0,,none,No disclosure restriction identified.
MORT-BURDEN-002,mort_2026_07,annual,2014,2014-01-01,2014,,,1,stroke,all,all,primary_clear_likely,death_certificate,event_type_distribution,49,49,percent,245,500,,final,bnr_sdc_v1,6,0,0,0,0,,none,No disclosure restriction identified.
MORT-BURDEN-002,mort_2026_07,annual,2014,2014-01-01,2014,,,1,stroke,female,all,primary_clear_likely,death_certificate,sex_distribution,53.87755102040816,53.877551,percent,132,245,,final,bnr_sdc_v1,6,0,0,0,0,,none,No disclosure restriction identified.
MORT-BURDEN-002,mort_2026_07,annual,2014,2014-01-01,2014,,,1,stroke,male,all,primary_clear_likely,death_certificate,sex_distribution,46.12244897959184,46.122449,percent,113,245,,final,bnr_sdc_v1,6,0,0,0,0,,none,No disclosure restriction identified.
MORT-BURDEN-002,mort_2026_07,annual,2014,2014-01-01,2014,,,1,all_cvd,all,age_70_plus,upper_clear_likely_possible,death_certificate,age_distribution,75.70247933884298,75.702479,percent,458,605,,final,bnr_sdc_v1,6,0,0,0,0,,none,No disclosure restriction identified.
MORT-BURDEN-002,mort_2026_07,annual,2014,2014-01-01,2014,,,1,all_cvd,all,under_70,upper_clear_likely_possible,death_certificate,age_distribution,24.29752066115702,24.297521,percent,147,605,,final,bnr_sdc_v1,6,0,0,0,0,,none,No disclosure restriction identified.
MORT-BURDEN-002,mort_2026_07,annual,2014,2014-01-01,2014,,,1,all_cvd,female,all,upper_clear_likely_possible,death_certificate,sex_distribution,49.09090909090909,49.090909,percent,297,605,,final,bnr_sdc_v1,6,0,0,0,0,,none,No disclosure restriction identified.
MORT-BURDEN-002,mort_2026_07,annual,2014,2014-01-01,2014,,,1,all_cvd,male,all,upper_clear_likely_possible,death_certificate,sex_distribution,50.90909090909091,50.909091,percent,308,605,,final,bnr_sdc_v1,6,0,0,0,0,,none,No disclosure restriction identified.
MORT-BURDEN-002,mort_2026_07,annual,2014,2014-01-01,2014,,,1,heart,all,all,upper_clear_likely_possible,death_certificate,event_type_distribution,52.56198347107438,52.561983,percent,318,605,,final,bnr_sdc_v1,6,0,0,0,0,,none,No disclosure restriction identified.
MORT-BURDEN-002,mort_2026_07,annual,2014,2014-01-01,2014,,,1,heart,female,all,upper_clear_likely_possible,death_certificate,sex_distribution,46.85534591194968,46.855346,percent,149,318,,final,bnr_sdc_v1,6,0,0,0,0,,none,No disclosure restriction identified.
MORT-BURDEN-002,mort_2026_07,annual,2014,2014-01-01,2014,,,1,heart,male,all,upper_clear_likely_possible,death_certificate,sex_distribution,53.14465408805032,53.144654,percent,169,318,,final,bnr_sdc_v1,6,0,0,0,0,,none,No disclosure restriction identified.
MORT-BURDEN-002,mort_2026_07,annual,2014,2014-01-01,2014,,,1,stroke,all,all,upper_clear_likely_possible,death_certificate,event_type_distribution,47.43801652892562,47.438017,percent,287,605,,final,bnr_sdc_v1,6,0,0,0,0,,none,No disclosure restriction identified.
MORT-BURDEN-002,mort_2026_07,annual,2014,2014-01-01,2014,,,1,stroke,female,all,upper_clear_likely_possible,death_certificate,sex_distribution,51.56794425087108,51.567944,percent,148,287,,final,bnr_sdc_v1,6,0,0,0,0,,none,No disclosure restriction identified.
MORT-BURDEN-002,mort_2026_07,annual,2014,2014-01-01,2014,,,1,stroke,male,all,upper_clear_likely_possible,death_certificate,sex_distribution,48.43205574912892,48.432056,percent,139,287,,final,bnr_sdc_v1,6,0,0,0,0,,none,No disclosure restriction identified.
MORT-BURDEN-002,mort_2026_07,annual,2015,2015-01-01,2015,,,1,all_cvd,all,age_70_plus,primary_clear_likely,death_certificate,age_distribution,71.27272727272728,71.272727,percent,392,550,,final,bnr_sdc_v1,6,0,0,0,0,,none,No disclosure restriction identified.
MORT-BURDEN-002,mort_2026_07,annual,2015,2015-01-01,2015,,,1,all_cvd,all,under_70,primary_clear_likely,death_certificate,age_distribution,28.72727272727273,28.727273,percent,158,550,,final,bnr_sdc_v1,6,0,0,0,0,,none,No disclosure restriction identified.
MORT-BURDEN-002,mort_2026_07,annual,2015,2015-01-01,2015,,,1,all_cvd,female,all,primary_clear_likely,death_certificate,sex_distribution,53.09090909090909,53.090909,percent,292,550,,final,bnr_sdc_v1,6,0,0,0,0,,none,No disclosure restriction identified.
MORT-BURDEN-002,mort_2026_07,annual,2015,2015-01-01,2015,,,1,all_cvd,male,all,primary_clear_likely,death_certificate,sex_distribution,46.90909090909091,46.909091,percent,258,550,,final,bnr_sdc_v1,6,0,0,0,0,,none,No disclosure restriction identified.
MORT-BURDEN-002,mort_2026_07,annual,2015,2015-01-01,2015,,,1,heart,all,all,primary_clear_likely,death_certificate,event_type_distribution,48.90909090909091,48.909091,percent,269,550,,final,bnr_sdc_v1,6,0,0,0,0,,none,No disclosure restriction identified.
MORT-BURDEN-002,mort_2026_07,annual,2015,2015-01-01,2015,,,1,heart,female,all,primary_clear_likely,death_certificate,sex_distribution,47.58364312267658,47.583643,percent,128,269,,final,bnr_sdc_v1,6,0,0,0,0,,none,No disclosure restriction identified.
MORT-BURDEN-002,mort_2026_07,annual,2015,2015-01-01,2015,,,1,heart,male,all,primary_clear_likely,death_certificate,sex_distribution,52.41635687732342,52.416357,percent,141,269,,final,bnr_sdc_v1,6,0,0,0,0,,none,No disclosure restriction identified.
MORT-BURDEN-002,mort_2026_07,annual,2015,2015-01-01,2015,,,1,stroke,all,all,primary_clear_likely,death_certificate,event_type_distribution,51.09090909090909,51.090909,percent,281,550,,final,bnr_sdc_v1,6,0,0,0,0,,none,No disclosure restriction identified.
MORT-BURDEN-002,mort_2026_07,annual,2015,2015-01-01,2015,,,1,stroke,female,all,primary_clear_likely,death_certificate,sex_distribution,58.36298932384341,58.362989,percent,164,281,,final,bnr_sdc_v1,6,0,0,0,0,,none,No disclosure restriction identified.
MORT-BURDEN-002,mort_2026_07,annual,2015,2015-01-01,2015,,,1,stroke,male,all,primary_clear_likely,death_certificate,sex_distribution,41.63701067615659,41.637011,percent,117,281,,final,bnr_sdc_v1,6,0,0,0,0,,none,No disclosure restriction identified.
MORT-BURDEN-002,mort_2026_07,annual,2015,2015-01-01,2015,,,1,all_cvd,all,age_70_plus,upper_clear_likely_possible,death_certificate,age_distribution,71.31782945736434,71.317829,percent,460,645,,final,bnr_sdc_v1,6,0,0,0,0,,none,No disclosure restriction identified.
MORT-BURDEN-002,mort_2026_07,annual,2015,2015-01-01,2015,,,1,all_cvd,all,under_70,upper_clear_likely_possible,death_certificate,age_distribution,28.68217054263566,28.682171,percent,185,645,,final,bnr_sdc_v1,6,0,0,0,0,,none,No disclosure restriction identified.
MORT-BURDEN-002,mort_2026_07,annual,2015,2015-01-01,2015,,,1,all_cvd,female,all,upper_clear_likely_possible,death_certificate,sex_distribution,52.24806201550387,52.248062,percent,337,645,,final,bnr_sdc_v1,6,0,0,0,0,,none,No disclosure restriction identified.
MORT-BURDEN-002,mort_2026_07,annual,2015,2015-01-01,2015,,,1,all_cvd,male,all,upper_clear_likely_possible,death_certificate,sex_distribution,47.75193798449612,47.751938,percent,308,645,,final,bnr_sdc_v1,6,0,0,0,0,,none,No disclosure restriction identified.
MORT-BURDEN-002,mort_2026_07,annual,2015,2015-01-01,2015,,,1,heart,all,all,upper_clear_likely_possible,death_certificate,event_type_distribution,50.69767441860466,50.697674,percent,327,645,,final,bnr_sdc_v1,6,0,0,0,0,,none,No disclosure restriction identified.
MORT-BURDEN-002,mort_2026_07,annual,2015,2015-01-01,2015,,,1,heart,female,all,upper_clear_likely_possible,death_certificate,sex_distribution,47.40061162079511,47.400612,percent,155,327,,final,bnr_sdc_v1,6,0,0,0,0,,none,No disclosure restriction identified.
MORT-BURDEN-002,mort_2026_07,annual,2015,2015-01-01,2015,,,1,heart,male,all,upper_clear_likely_possible,death_certificate,sex_distribution,52.59938837920489,52.599388,percent,172,327,,final,bnr_sdc_v1,6,0,0,0,0,,none,No disclosure restriction identified.
MORT-BURDEN-002,mort_2026_07,annual,2015,2015-01-01,2015,,,1,stroke,all,all,upper_clear_likely_possible,death_certificate,event_type_distribution,49.30232558139535,49.302326,percent,318,645,,final,bnr_sdc_v1,6,0,0,0,0,,none,No disclosure restriction identified.
MORT-BURDEN-002,mort_2026_07,annual,2015,2015-01-01,2015,,,1,stroke,female,all,upper_clear_likely_possible,death_certificate,sex_distribution,57.23270440251572,57.232704,percent,182,318,,final,bnr_sdc_v1,6,0,0,0,0,,none,No disclosure restriction identified.
MORT-BURDEN-002,mort_2026_07,annual,2015,2015-01-01,2015,,,1,stroke,male,all,upper_clear_likely_possible,death_certificate,sex_distribution,42.76729559748428,42.767296,percent,136,318,,final,bnr_sdc_v1,6,0,0,0,0,,none,No disclosure restriction identified.
MORT-BURDEN-002,mort_2026_07,annual,2016,2016-01-01,2016,,,1,all_cvd,all,age_70_plus,primary_clear_likely,death_certificate,age_distribution,70.98646034816247,70.98646,percent,367,517,,final,bnr_sdc_v1,6,0,0,0,0,,none,No disclosure restriction identified.
MORT-BURDEN-002,mort_2026_07,annual,2016,2016-01-01,2016,,,1,all_cvd,all,under_70,primary_clear_likely,death_certificate,age_distribution,29.01353965183752,29.01354,percent,150,517,,final,bnr_sdc_v1,6,0,0,0,0,,none,No disclosure restriction identified.
MORT-BURDEN-002,mort_2026_07,annual,2016,2016-01-01,2016,,,1,all_cvd,female,all,primary_clear_likely,death_certificate,sex_distribution,48.74274661508704,48.742747,percent,252,517,,final,bnr_sdc_v1,6,0,0,0,0,,none,No disclosure restriction identified.
MORT-BURDEN-002,mort_2026_07,annual,2016,2016-01-01,2016,,,1,all_cvd,male,all,primary_clear_likely,death_certificate,sex_distribution,51.25725338491296,51.257253,percent,265,517,,final,bnr_sdc_v1,6,0,0,0,0,,none,No disclosure restriction identified.
MORT-BURDEN-002,mort_2026_07,annual,2016,2016-01-01,2016,,,1,heart,all,all,primary_clear_likely,death_certificate,event_type_distribution,48.16247582205029,48.162476,percent,249,517,,final,bnr_sdc_v1,6,0,0,0,0,,none,No disclosure restriction identified.
MORT-BURDEN-002,mort_2026_07,annual,2016,2016-01-01,2016,,,1,heart,female,all,primary_clear_likely,death_certificate,sex_distribution,41.36546184738955,41.365462,percent,103,249,,final,bnr_sdc_v1,6,0,0,0,0,,none,No disclosure restriction identified.
MORT-BURDEN-002,mort_2026_07,annual,2016,2016-01-01,2016,,,1,heart,male,all,primary_clear_likely,death_certificate,sex_distribution,58.63453815261044,58.634538,percent,146,249,,final,bnr_sdc_v1,6,0,0,0,0,,none,No disclosure restriction identified.
MORT-BURDEN-002,mort_2026_07,annual,2016,2016-01-01,2016,,,1,stroke,all,all,primary_clear_likely,death_certificate,event_type_distribution,51.83752417794971,51.837524,percent,268,517,,final,bnr_sdc_v1,6,0,0,0,0,,none,No disclosure restriction identified.
MORT-BURDEN-002,mort_2026_07,annual,2016,2016-01-01,2016,,,1,stroke,female,all,primary_clear_likely,death_certificate,sex_distribution,55.59701492537313,55.597015,percent,149,268,,final,bnr_sdc_v1,6,0,0,0,0,,none,No disclosure restriction identified.
MORT-BURDEN-002,mort_2026_07,annual,2016,2016-01-01,2016,,,1,stroke,male,all,primary_clear_likely,death_certificate,sex_distribution,44.40298507462687,44.402985,percent,119,268,,final,bnr_sdc_v1,6,0,0,0,0,,none,No disclosure restriction identified.
MORT-BURDEN-002,mort_2026_07,annual,2016,2016-01-01,2016,,,1,all_cvd,all,age_70_plus,upper_clear_likely_possible,death_certificate,age_distribution,69.46688206785137,69.466882,percent,430,619,,final,bnr_sdc_v1,6,0,0,0,0,,none,No disclosure restriction identified.
MORT-BURDEN-002,mort_2026_07,annual,2016,2016-01-01,2016,,,1,all_cvd,all,under_70,upper_clear_likely_possible,death_certificate,age_distribution,30.53311793214863,30.533118,percent,189,619,,final,bnr_sdc_v1,6,0,0,0,0,,none,No disclosure restriction identified.
MORT-BURDEN-002,mort_2026_07,annual,2016,2016-01-01,2016,,,1,all_cvd,female,all,upper_clear_likely_possible,death_certificate,sex_distribution,48.94991922455574,48.949919,percent,303,619,,final,bnr_sdc_v1,6,0,0,0,0,,none,No disclosure restriction identified.
MORT-BURDEN-002,mort_2026_07,annual,2016,2016-01-01,2016,,,1,all_cvd,male,all,upper_clear_likely_possible,death_certificate,sex_distribution,51.05008077544426,51.050081,percent,316,619,,final,bnr_sdc_v1,6,0,0,0,0,,none,No disclosure restriction identified.
MORT-BURDEN-002,mort_2026_07,annual,2016,2016-01-01,2016,,,1,heart,all,all,upper_clear_likely_possible,death_certificate,event_type_distribution,49.75767366720517,49.757674,percent,308,619,,final,bnr_sdc_v1,6,0,0,0,0,,none,No disclosure restriction identified.
MORT-BURDEN-002,mort_2026_07,annual,2016,2016-01-01,2016,,,1,heart,female,all,upper_clear_likely_possible,death_certificate,sex_distribution,41.88311688311688,41.883117,percent,129,308,,final,bnr_sdc_v1,6,0,0,0,0,,none,No disclosure restriction identified.
MORT-BURDEN-002,mort_2026_07,annual,2016,2016-01-01,2016,,,1,heart,male,all,upper_clear_likely_possible,death_certificate,sex_distribution,58.11688311688312,58.116883,percent,179,308,,final,bnr_sdc_v1,6,0,0,0,0,,none,No disclosure restriction identified.
MORT-BURDEN-002,mort_2026_07,annual,2016,2016-01-01,2016,,,1,stroke,all,all,upper_clear_likely_possible,death_certificate,event_type_distribution,50.24232633279483,50.242326,percent,311,619,,final,bnr_sdc_v1,6,0,0,0,0,,none,No disclosure restriction identified.
MORT-BURDEN-002,mort_2026_07,annual,2016,2016-01-01,2016,,,1,stroke,female,all,upper_clear_likely_possible,death_certificate,sex_distribution,55.94855305466238,55.948553,percent,174,311,,final,bnr_sdc_v1,6,0,0,0,0,,none,No disclosure restriction identified.
MORT-BURDEN-002,mort_2026_07,annual,2016,2016-01-01,2016,,,1,stroke,male,all,upper_clear_likely_possible,death_certificate,sex_distribution,44.05144694533762,44.051447,percent,137,311,,final,bnr_sdc_v1,6,0,0,0,0,,none,No disclosure restriction identified.
MORT-BURDEN-002,mort_2026_07,annual,2017,2017-01-01,2017,,,1,all_cvd,all,age_70_plus,primary_clear_likely,death_certificate,age_distribution,72.7810650887574,72.781065,percent,369,507,,final,bnr_sdc_v1,6,0,0,0,0,,none,No disclosure restriction identified.
MORT-BURDEN-002,mort_2026_07,annual,2017,2017-01-01,2017,,,1,all_cvd,all,under_70,primary_clear_likely,death_certificate,age_distribution,27.2189349112426,27.218935,percent,138,507,,final,bnr_sdc_v1,6,0,0,0,0,,none,No disclosure restriction identified.
MORT-BURDEN-002,mort_2026_07,annual,2017,2017-01-01,2017,,,1,all_cvd,female,all,primary_clear_likely,death_certificate,sex_distribution,49.5069033530572,49.506903,percent,251,507,,final,bnr_sdc_v1,6,0,0,0,0,,none,No disclosure restriction identified.
MORT-BURDEN-002,mort_2026_07,annual,2017,2017-01-01,2017,,,1,all_cvd,male,all,primary_clear_likely,death_certificate,sex_distribution,50.4930966469428,50.493097,percent,256,507,,final,bnr_sdc_v1,6,0,0,0,0,,none,No disclosure restriction identified.
MORT-BURDEN-002,mort_2026_07,annual,2017,2017-01-01,2017,,,1,heart,all,all,primary_clear_likely,death_certificate,event_type_distribution,51.08481262327417,51.084813,percent,259,507,,final,bnr_sdc_v1,6,0,0,0,0,,none,No disclosure restriction identified.
MORT-BURDEN-002,mort_2026_07,annual,2017,2017-01-01,2017,,,1,heart,female,all,primary_clear_likely,death_certificate,sex_distribution,41.31274131274132,41.312741,percent,107,259,,final,bnr_sdc_v1,6,0,0,0,0,,none,No disclosure restriction identified.
MORT-BURDEN-002,mort_2026_07,annual,2017,2017-01-01,2017,,,1,heart,male,all,primary_clear_likely,death_certificate,sex_distribution,58.68725868725869,58.687259,percent,152,259,,final,bnr_sdc_v1,6,0,0,0,0,,none,No disclosure restriction identified.
MORT-BURDEN-002,mort_2026_07,annual,2017,2017-01-01,2017,,,1,stroke,all,all,primary_clear_likely,death_certificate,event_type_distribution,48.91518737672584,48.915187,percent,248,507,,final,bnr_sdc_v1,6,0,0,0,0,,none,No disclosure restriction identified.
MORT-BURDEN-002,mort_2026_07,annual,2017,2017-01-01,2017,,,1,stroke,female,all,primary_clear_likely,death_certificate,sex_distribution,58.06451612903226,58.064516,percent,144,248,,final,bnr_sdc_v1,6,0,0,0,0,,none,No disclosure restriction identified.
MORT-BURDEN-002,mort_2026_07,annual,2017,2017-01-01,2017,,,1,stroke,male,all,primary_clear_likely,death_certificate,sex_distribution,41.93548387096774,41.935484,percent,104,248,,final,bnr_sdc_v1,6,0,0,0,0,,none,No disclosure restriction identified.
MORT-BURDEN-002,mort_2026_07,annual,2017,2017-01-01,2017,,,1,all_cvd,all,age_70_plus,upper_clear_likely_possible,death_certificate,age_distribution,71.28205128205128,71.282051,percent,417,585,,final,bnr_sdc_v1,6,0,0,0,0,,none,No disclosure restriction identified.
MORT-BURDEN-002,mort_2026_07,annual,2017,2017-01-01,2017,,,1,all_cvd,all,under_70,upper_clear_likely_possible,death_certificate,age_distribution,28.71794871794872,28.717949,percent,168,585,,final,bnr_sdc_v1,6,0,0,0,0,,none,No disclosure restriction identified.
MORT-BURDEN-002,mort_2026_07,annual,2017,2017-01-01,2017,,,1,all_cvd,female,all,upper_clear_likely_possible,death_certificate,sex_distribution,49.57264957264957,49.57265,percent,290,585,,final,bnr_sdc_v1,6,0,0,0,0,,none,No disclosure restriction identified.
MORT-BURDEN-002,mort_2026_07,annual,2017,2017-01-01,2017,,,1,all_cvd,male,all,upper_clear_likely_possible,death_certificate,sex_distribution,50.42735042735043,50.42735,percent,295,585,,final,bnr_sdc_v1,6,0,0,0,0,,none,No disclosure restriction identified.
MORT-BURDEN-002,mort_2026_07,annual,2017,2017-01-01,2017,,,1,heart,all,all,upper_clear_likely_possible,death_certificate,event_type_distribution,52.47863247863248,52.478632,percent,307,585,,final,bnr_sdc_v1,6,0,0,0,0,,none,No disclosure restriction identified.
MORT-BURDEN-002,mort_2026_07,annual,2017,2017-01-01,2017,,,1,heart,female,all,upper_clear_likely_possible,death_certificate,sex_distribution,41.36807817589577,41.368078,percent,127,307,,final,bnr_sdc_v1,6,0,0,0,0,,none,No disclosure restriction identified.
MORT-BURDEN-002,mort_2026_07,annual,2017,2017-01-01,2017,,,1,heart,male,all,upper_clear_likely_possible,death_certificate,sex_distribution,58.63192182410424,58.631922,percent,180,307,,final,bnr_sdc_v1,6,0,0,0,0,,none,No disclosure restriction identified.
MORT-BURDEN-002,mort_2026_07,annual,2017,2017-01-01,2017,,,1,stroke,all,all,upper_clear_likely_possible,death_certificate,event_type_distribution,47.52136752136752,47.521368,percent,278,585,,final,bnr_sdc_v1,6,0,0,0,0,,none,No disclosure restriction identified.
MORT-BURDEN-002,mort_2026_07,annual,2017,2017-01-01,2017,,,1,stroke,female,all,upper_clear_likely_possible,death_certificate,sex_distribution,58.63309352517986,58.633094,percent,163,278,,final,bnr_sdc_v1,6,0,0,0,0,,none,No disclosure restriction identified.
MORT-BURDEN-002,mort_2026_07,annual,2017,2017-01-01,2017,,,1,stroke,male,all,upper_clear_likely_possible,death_certificate,sex_distribution,41.36690647482014,41.366906,percent,115,278,,final,bnr_sdc_v1,6,0,0,0,0,,none,No disclosure restriction identified.
MORT-BURDEN-002,mort_2026_07,annual,2018,2018-01-01,2018,,,1,all_cvd,all,age_70_plus,primary_clear_likely,death_certificate,age_distribution,69.63788300835655,69.637883,percent,250,359,,final,bnr_sdc_v1,6,0,0,0,0,,none,No disclosure restriction identified.
MORT-BURDEN-002,mort_2026_07,annual,2018,2018-01-01,2018,,,1,all_cvd,all,under_70,primary_clear_likely,death_certificate,age_distribution,30.36211699164346,30.362117,percent,109,359,,final,bnr_sdc_v1,6,0,0,0,0,,none,No disclosure restriction identified.
MORT-BURDEN-002,mort_2026_07,annual,2018,2018-01-01,2018,,,1,all_cvd,female,all,primary_clear_likely,death_certificate,sex_distribution,51.53203342618384,51.532033,percent,185,359,,final,bnr_sdc_v1,6,0,0,0,0,,none,No disclosure restriction identified.
MORT-BURDEN-002,mort_2026_07,annual,2018,2018-01-01,2018,,,1,all_cvd,male,all,primary_clear_likely,death_certificate,sex_distribution,48.46796657381616,48.467967,percent,174,359,,final,bnr_sdc_v1,6,0,0,0,0,,none,No disclosure restriction identified.
MORT-BURDEN-002,mort_2026_07,annual,2018,2018-01-01,2018,,,1,heart,all,all,primary_clear_likely,death_certificate,event_type_distribution,53.2033426183844,53.203343,percent,191,359,,final,bnr_sdc_v1,6,0,0,0,0,,none,No disclosure restriction identified.
MORT-BURDEN-002,mort_2026_07,annual,2018,2018-01-01,2018,,,1,heart,female,all,primary_clear_likely,death_certificate,sex_distribution,45.0261780104712,45.026178,percent,86,191,,final,bnr_sdc_v1,6,0,0,0,0,,none,No disclosure restriction identified.
MORT-BURDEN-002,mort_2026_07,annual,2018,2018-01-01,2018,,,1,heart,male,all,primary_clear_likely,death_certificate,sex_distribution,54.97382198952879,54.973822,percent,105,191,,final,bnr_sdc_v1,6,0,0,0,0,,none,No disclosure restriction identified.
MORT-BURDEN-002,mort_2026_07,annual,2018,2018-01-01,2018,,,1,stroke,all,all,primary_clear_likely,death_certificate,event_type_distribution,46.7966573816156,46.796657,percent,168,359,,final,bnr_sdc_v1,6,0,0,0,0,,none,No disclosure restriction identified.
MORT-BURDEN-002,mort_2026_07,annual,2018,2018-01-01,2018,,,1,stroke,female,all,primary_clear_likely,death_certificate,sex_distribution,58.92857142857143,58.928571,percent,99,168,,final,bnr_sdc_v1,6,0,0,0,0,,none,No disclosure restriction identified.
MORT-BURDEN-002,mort_2026_07,annual,2018,2018-01-01,2018,,,1,stroke,male,all,primary_clear_likely,death_certificate,sex_distribution,41.07142857142857,41.071429,percent,69,168,,final,bnr_sdc_v1,6,0,0,0,0,,none,No disclosure restriction identified.
MORT-BURDEN-002,mort_2026_07,annual,2018,2018-01-01,2018,,,1,all_cvd,all,age_70_plus,upper_clear_likely_possible,death_certificate,age_distribution,68.97233201581028,68.972332,percent,349,506,,final,bnr_sdc_v1,6,0,0,0,0,,none,No disclosure restriction identified.
MORT-BURDEN-002,mort_2026_07,annual,2018,2018-01-01,2018,,,1,all_cvd,all,under_70,upper_clear_likely_possible,death_certificate,age_distribution,31.02766798418972,31.027668,percent,157,506,,final,bnr_sdc_v1,6,0,0,0,0,,none,No disclosure restriction identified.
MORT-BURDEN-002,mort_2026_07,annual,2018,2018-01-01,2018,,,1,all_cvd,female,all,upper_clear_likely_possible,death_certificate,sex_distribution,51.18577075098815,51.185771,percent,259,506,,final,bnr_sdc_v1,6,0,0,0,0,,none,No disclosure restriction identified.
MORT-BURDEN-002,mort_2026_07,annual,2018,2018-01-01,2018,,,1,all_cvd,male,all,upper_clear_likely_possible,death_certificate,sex_distribution,48.81422924901186,48.814229,percent,247,506,,final,bnr_sdc_v1,6,0,0,0,0,,none,No disclosure restriction identified.
MORT-BURDEN-002,mort_2026_07,annual,2018,2018-01-01,2018,,,1,heart,all,all,upper_clear_likely_possible,death_certificate,event_type_distribution,52.76679841897233,52.766798,percent,267,506,,final,bnr_sdc_v1,6,0,0,0,0,,none,No disclosure restriction identified.
MORT-BURDEN-002,mort_2026_07,annual,2018,2018-01-01,2018,,,1,heart,female,all,upper_clear_likely_possible,death_certificate,sex_distribution,45.31835205992509,45.318352,percent,121,267,,final,bnr_sdc_v1,6,0,0,0,0,,none,No disclosure restriction identified.
MORT-BURDEN-002,mort_2026_07,annual,2018,2018-01-01,2018,,,1,heart,male,all,upper_clear_likely_possible,death_certificate,sex_distribution,54.68164794007491,54.681648,percent,146,267,,final,bnr_sdc_v1,6,0,0,0,0,,none,No disclosure restriction identified.
MORT-BURDEN-002,mort_2026_07,annual,2018,2018-01-01,2018,,,1,stroke,all,all,upper_clear_likely_possible,death_certificate,event_type_distribution,47.23320158102766,47.233202,percent,239,506,,final,bnr_sdc_v1,6,0,0,0,0,,none,No disclosure restriction identified.
MORT-BURDEN-002,mort_2026_07,annual,2018,2018-01-01,2018,,,1,stroke,female,all,upper_clear_likely_possible,death_certificate,sex_distribution,57.74058577405857,57.740586,percent,138,239,,final,bnr_sdc_v1,6,0,0,0,0,,none,No disclosure restriction identified.
MORT-BURDEN-002,mort_2026_07,annual,2018,2018-01-01,2018,,,1,stroke,male,all,upper_clear_likely_possible,death_certificate,sex_distribution,42.25941422594142,42.259414,percent,101,239,,final,bnr_sdc_v1,6,0,0,0,0,,none,No disclosure restriction identified.
MORT-BURDEN-002,mort_2026_07,annual,2019,2019-01-01,2019,,,1,all_cvd,all,age_70_plus,primary_clear_likely,death_certificate,age_distribution,72.89293849658314,72.892938,percent,320,439,,final,bnr_sdc_v1,6,0,0,0,0,,none,No disclosure restriction identified.
MORT-BURDEN-002,mort_2026_07,annual,2019,2019-01-01,2019,,,1,all_cvd,all,under_70,primary_clear_likely,death_certificate,age_distribution,27.10706150341686,27.107062,percent,119,439,,final,bnr_sdc_v1,6,0,0,0,0,,none,No disclosure restriction identified.
MORT-BURDEN-002,mort_2026_07,annual,2019,2019-01-01,2019,,,1,all_cvd,female,all,primary_clear_likely,death_certificate,sex_distribution,53.53075170842825,53.530752,percent,235,439,,final,bnr_sdc_v1,6,0,0,0,0,,none,No disclosure restriction identified.
MORT-BURDEN-002,mort_2026_07,annual,2019,2019-01-01,2019,,,1,all_cvd,male,all,primary_clear_likely,death_certificate,sex_distribution,46.46924829157175,46.469248,percent,204,439,,final,bnr_sdc_v1,6,0,0,0,0,,none,No disclosure restriction identified.
MORT-BURDEN-002,mort_2026_07,annual,2019,2019-01-01,2019,,,1,heart,all,all,primary_clear_likely,death_certificate,event_type_distribution,51.70842824601367,51.708428,percent,227,439,,final,bnr_sdc_v1,6,0,0,0,0,,none,No disclosure restriction identified.
MORT-BURDEN-002,mort_2026_07,annual,2019,2019-01-01,2019,,,1,heart,female,all,primary_clear_likely,death_certificate,sex_distribution,49.77973568281938,49.779736,percent,113,227,,final,bnr_sdc_v1,6,0,0,0,0,,none,No disclosure restriction identified.
MORT-BURDEN-002,mort_2026_07,annual,2019,2019-01-01,2019,,,1,heart,male,all,primary_clear_likely,death_certificate,sex_distribution,50.22026431718062,50.220264,percent,114,227,,final,bnr_sdc_v1,6,0,0,0,0,,none,No disclosure restriction identified.
MORT-BURDEN-002,mort_2026_07,annual,2019,2019-01-01,2019,,,1,stroke,all,all,primary_clear_likely,death_certificate,event_type_distribution,48.29157175398633,48.291572,percent,212,439,,final,bnr_sdc_v1,6,0,0,0,0,,none,No disclosure restriction identified.
MORT-BURDEN-002,mort_2026_07,annual,2019,2019-01-01,2019,,,1,stroke,female,all,primary_clear_likely,death_certificate,sex_distribution,57.54716981132076,57.54717,percent,122,212,,final,bnr_sdc_v1,6,0,0,0,0,,none,No disclosure restriction identified.
MORT-BURDEN-002,mort_2026_07,annual,2019,2019-01-01,2019,,,1,stroke,male,all,primary_clear_likely,death_certificate,sex_distribution,42.45283018867924,42.45283,percent,90,212,,final,bnr_sdc_v1,6,0,0,0,0,,none,No disclosure restriction identified.
MORT-BURDEN-002,mort_2026_07,annual,2019,2019-01-01,2019,,,1,all_cvd,all,age_70_plus,upper_clear_likely_possible,death_certificate,age_distribution,72.96000000000001,72.96,percent,456,625,,final,bnr_sdc_v1,6,0,0,0,0,,none,No disclosure restriction identified.
MORT-BURDEN-002,mort_2026_07,annual,2019,2019-01-01,2019,,,1,all_cvd,all,under_70,upper_clear_likely_possible,death_certificate,age_distribution,27.04,27.04,percent,169,625,,final,bnr_sdc_v1,6,0,0,0,0,,none,No disclosure restriction identified.
MORT-BURDEN-002,mort_2026_07,annual,2019,2019-01-01,2019,,,1,all_cvd,female,all,upper_clear_likely_possible,death_certificate,sex_distribution,54.08,54.08,percent,338,625,,final,bnr_sdc_v1,6,0,0,0,0,,none,No disclosure restriction identified.
MORT-BURDEN-002,mort_2026_07,annual,2019,2019-01-01,2019,,,1,all_cvd,male,all,upper_clear_likely_possible,death_certificate,sex_distribution,45.92,45.92,percent,287,625,,final,bnr_sdc_v1,6,0,0,0,0,,none,No disclosure restriction identified.
MORT-BURDEN-002,mort_2026_07,annual,2019,2019-01-01,2019,,,1,heart,all,all,upper_clear_likely_possible,death_certificate,event_type_distribution,50.4,50.4,percent,315,625,,final,bnr_sdc_v1,6,0,0,0,0,,none,No disclosure restriction identified.
MORT-BURDEN-002,mort_2026_07,annual,2019,2019-01-01,2019,,,1,heart,female,all,upper_clear_likely_possible,death_certificate,sex_distribution,53.96825396825397,53.968254,percent,170,315,,final,bnr_sdc_v1,6,0,0,0,0,,none,No disclosure restriction identified.
MORT-BURDEN-002,mort_2026_07,annual,2019,2019-01-01,2019,,,1,heart,male,all,upper_clear_likely_possible,death_certificate,sex_distribution,46.03174603174603,46.031746,percent,145,315,,final,bnr_sdc_v1,6,0,0,0,0,,none,No disclosure restriction identified.
MORT-BURDEN-002,mort_2026_07,annual,2019,2019-01-01,2019,,,1,stroke,all,all,upper_clear_likely_possible,death_certificate,event_type_distribution,49.6,49.6,percent,310,625,,final,bnr_sdc_v1,6,0,0,0,0,,none,No disclosure restriction identified.
MORT-BURDEN-002,mort_2026_07,annual,2019,2019-01-01,2019,,,1,stroke,female,all,upper_clear_likely_possible,death_certificate,sex_distribution,54.19354838709678,54.193548,percent,168,310,,final,bnr_sdc_v1,6,0,0,0,0,,none,No disclosure restriction identified.
MORT-BURDEN-002,mort_2026_07,annual,2019,2019-01-01,2019,,,1,stroke,male,all,upper_clear_likely_possible,death_certificate,sex_distribution,45.80645161290322,45.806452,percent,142,310,,final,bnr_sdc_v1,6,0,0,0,0,,none,No disclosure restriction identified.
MORT-BURDEN-002,mort_2026_07,annual,2020,2020-01-01,2020,,,1,all_cvd,all,age_70_plus,primary_clear_likely,death_certificate,age_distribution,71.38964577656675,71.389646,percent,262,367,,final,bnr_sdc_v1,6,0,0,0,0,,none,No disclosure restriction identified.
MORT-BURDEN-002,mort_2026_07,annual,2020,2020-01-01,2020,,,1,all_cvd,all,under_70,primary_clear_likely,death_certificate,age_distribution,28.61035422343324,28.610354,percent,105,367,,final,bnr_sdc_v1,6,0,0,0,0,,none,No disclosure restriction identified.
MORT-BURDEN-002,mort_2026_07,annual,2020,2020-01-01,2020,,,1,all_cvd,female,all,primary_clear_likely,death_certificate,sex_distribution,52.58855585831063,52.588556,percent,193,367,,final,bnr_sdc_v1,6,0,0,0,0,,none,No disclosure restriction identified.
MORT-BURDEN-002,mort_2026_07,annual,2020,2020-01-01,2020,,,1,all_cvd,male,all,primary_clear_likely,death_certificate,sex_distribution,47.41144414168937,47.411444,percent,174,367,,final,bnr_sdc_v1,6,0,0,0,0,,none,No disclosure restriction identified.
MORT-BURDEN-002,mort_2026_07,annual,2020,2020-01-01,2020,,,1,heart,all,all,primary_clear_likely,death_certificate,event_type_distribution,55.31335149863759,55.313351,percent,203,367,,final,bnr_sdc_v1,6,0,0,0,0,,none,No disclosure restriction identified.
MORT-BURDEN-002,mort_2026_07,annual,2020,2020-01-01,2020,,,1,heart,female,all,primary_clear_likely,death_certificate,sex_distribution,47.7832512315271,47.783251,percent,97,203,,final,bnr_sdc_v1,6,0,0,0,0,,none,No disclosure restriction identified.
MORT-BURDEN-002,mort_2026_07,annual,2020,2020-01-01,2020,,,1,heart,male,all,primary_clear_likely,death_certificate,sex_distribution,52.21674876847291,52.216749,percent,106,203,,final,bnr_sdc_v1,6,0,0,0,0,,none,No disclosure restriction identified.
MORT-BURDEN-002,mort_2026_07,annual,2020,2020-01-01,2020,,,1,stroke,all,all,primary_clear_likely,death_certificate,event_type_distribution,44.6866485013624,44.686649,percent,164,367,,final,bnr_sdc_v1,6,0,0,0,0,,none,No disclosure restriction identified.
MORT-BURDEN-002,mort_2026_07,annual,2020,2020-01-01,2020,,,1,stroke,female,all,primary_clear_likely,death_certificate,sex_distribution,58.53658536585365,58.536585,percent,96,164,,final,bnr_sdc_v1,6,0,0,0,0,,none,No disclosure restriction identified.
MORT-BURDEN-002,mort_2026_07,annual,2020,2020-01-01,2020,,,1,stroke,male,all,primary_clear_likely,death_certificate,sex_distribution,41.46341463414634,41.463415,percent,68,164,,final,bnr_sdc_v1,6,0,0,0,0,,none,No disclosure restriction identified.
MORT-BURDEN-002,mort_2026_07,annual,2020,2020-01-01,2020,,,1,all_cvd,all,age_70_plus,upper_clear_likely_possible,death_certificate,age_distribution,69.87295825771325,69.872958,percent,385,551,,final,bnr_sdc_v1,6,0,0,0,0,,none,No disclosure restriction identified.
MORT-BURDEN-002,mort_2026_07,annual,2020,2020-01-01,2020,,,1,all_cvd,all,under_70,upper_clear_likely_possible,death_certificate,age_distribution,30.12704174228675,30.127042,percent,166,551,,final,bnr_sdc_v1,6,0,0,0,0,,none,No disclosure restriction identified.
MORT-BURDEN-002,mort_2026_07,annual,2020,2020-01-01,2020,,,1,all_cvd,female,all,upper_clear_likely_possible,death_certificate,sex_distribution,53.53901996370236,53.53902,percent,295,551,,final,bnr_sdc_v1,6,0,0,0,0,,none,No disclosure restriction identified.
MORT-BURDEN-002,mort_2026_07,annual,2020,2020-01-01,2020,,,1,all_cvd,male,all,upper_clear_likely_possible,death_certificate,sex_distribution,46.46098003629764,46.46098,percent,256,551,,final,bnr_sdc_v1,6,0,0,0,0,,none,No disclosure restriction identified.
MORT-BURDEN-002,mort_2026_07,annual,2020,2020-01-01,2020,,,1,heart,all,all,upper_clear_likely_possible,death_certificate,event_type_distribution,50.99818511796733,50.998185,percent,281,551,,final,bnr_sdc_v1,6,0,0,0,0,,none,No disclosure restriction identified.
MORT-BURDEN-002,mort_2026_07,annual,2020,2020-01-01,2020,,,1,heart,female,all,upper_clear_likely_possible,death_certificate,sex_distribution,48.39857651245551,48.398577,percent,136,281,,final,bnr_sdc_v1,6,0,0,0,0,,none,No disclosure restriction identified.
MORT-BURDEN-002,mort_2026_07,annual,2020,2020-01-01,2020,,,1,heart,male,all,upper_clear_likely_possible,death_certificate,sex_distribution,51.60142348754449,51.601423,percent,145,281,,final,bnr_sdc_v1,6,0,0,0,0,,none,No disclosure restriction identified.
MORT-BURDEN-002,mort_2026_07,annual,2020,2020-01-01,2020,,,1,stroke,all,all,upper_clear_likely_possible,death_certificate,event_type_distribution,49.00181488203267,49.001815,percent,270,551,,final,bnr_sdc_v1,6,0,0,0,0,,none,No disclosure restriction identified.
MORT-BURDEN-002,mort_2026_07,annual,2020,2020-01-01,2020,,,1,stroke,female,all,upper_clear_likely_possible,death_certificate,sex_distribution,58.88888888888889,58.888889,percent,159,270,,final,bnr_sdc_v1,6,0,0,0,0,,none,No disclosure restriction identified.
MORT-BURDEN-002,mort_2026_07,annual,2020,2020-01-01,2020,,,1,stroke,male,all,upper_clear_likely_possible,death_certificate,sex_distribution,41.11111111111111,41.111111,percent,111,270,,final,bnr_sdc_v1,6,0,0,0,0,,none,No disclosure restriction identified.
MORT-BURDEN-002,mort_2026_07,annual,2021,2021-01-01,2021,,,1,all_cvd,all,age_70_plus,primary_clear_likely,death_certificate,age_distribution,70.18970189701898,70.189702,percent,259,369,,final,bnr_sdc_v1,6,0,0,0,0,,none,No disclosure restriction identified.
MORT-BURDEN-002,mort_2026_07,annual,2021,2021-01-01,2021,,,1,all_cvd,all,under_70,primary_clear_likely,death_certificate,age_distribution,29.81029810298103,29.810298,percent,110,369,,final,bnr_sdc_v1,6,0,0,0,0,,none,No disclosure restriction identified.
MORT-BURDEN-002,mort_2026_07,annual,2021,2021-01-01,2021,,,1,all_cvd,female,all,primary_clear_likely,death_certificate,sex_distribution,50.94850948509485,50.948509,percent,188,369,,final,bnr_sdc_v1,6,0,0,0,0,,none,No disclosure restriction identified.
MORT-BURDEN-002,mort_2026_07,annual,2021,2021-01-01,2021,,,1,all_cvd,male,all,primary_clear_likely,death_certificate,sex_distribution,49.05149051490515,49.051491,percent,181,369,,final,bnr_sdc_v1,6,0,0,0,0,,none,No disclosure restriction identified.
MORT-BURDEN-002,mort_2026_07,annual,2021,2021-01-01,2021,,,1,heart,all,all,primary_clear_likely,death_certificate,event_type_distribution,56.63956639566396,56.639566,percent,209,369,,final,bnr_sdc_v1,6,0,0,0,0,,none,No disclosure restriction identified.
MORT-BURDEN-002,mort_2026_07,annual,2021,2021-01-01,2021,,,1,heart,female,all,primary_clear_likely,death_certificate,sex_distribution,48.32535885167464,48.325359,percent,101,209,,final,bnr_sdc_v1,6,0,0,0,0,,none,No disclosure restriction identified.
MORT-BURDEN-002,mort_2026_07,annual,2021,2021-01-01,2021,,,1,heart,male,all,primary_clear_likely,death_certificate,sex_distribution,51.67464114832536,51.674641,percent,108,209,,final,bnr_sdc_v1,6,0,0,0,0,,none,No disclosure restriction identified.
MORT-BURDEN-002,mort_2026_07,annual,2021,2021-01-01,2021,,,1,stroke,all,all,primary_clear_likely,death_certificate,event_type_distribution,43.36043360433604,43.360434,percent,160,369,,final,bnr_sdc_v1,6,0,0,0,0,,none,No disclosure restriction identified.
MORT-BURDEN-002,mort_2026_07,annual,2021,2021-01-01,2021,,,1,stroke,female,all,primary_clear_likely,death_certificate,sex_distribution,54.37499999999999,54.375,percent,87,160,,final,bnr_sdc_v1,6,0,0,0,0,,none,No disclosure restriction identified.
MORT-BURDEN-002,mort_2026_07,annual,2021,2021-01-01,2021,,,1,stroke,male,all,primary_clear_likely,death_certificate,sex_distribution,45.625,45.625,percent,73,160,,final,bnr_sdc_v1,6,0,0,0,0,,none,No disclosure restriction identified.
MORT-BURDEN-002,mort_2026_07,annual,2021,2021-01-01,2021,,,1,all_cvd,all,age_70_plus,upper_clear_likely_possible,death_certificate,age_distribution,71.05263157894737,71.052632,percent,378,532,,final,bnr_sdc_v1,6,0,0,0,0,,none,No disclosure restriction identified.
MORT-BURDEN-002,mort_2026_07,annual,2021,2021-01-01,2021,,,1,all_cvd,all,under_70,upper_clear_likely_possible,death_certificate,age_distribution,28.94736842105263,28.947368,percent,154,532,,final,bnr_sdc_v1,6,0,0,0,0,,none,No disclosure restriction identified.
MORT-BURDEN-002,mort_2026_07,annual,2021,2021-01-01,2021,,,1,all_cvd,female,all,upper_clear_likely_possible,death_certificate,sex_distribution,52.44360902255639,52.443609,percent,279,532,,final,bnr_sdc_v1,6,0,0,0,0,,none,No disclosure restriction identified.
MORT-BURDEN-002,mort_2026_07,annual,2021,2021-01-01,2021,,,1,all_cvd,male,all,upper_clear_likely_possible,death_certificate,sex_distribution,47.55639097744361,47.556391,percent,253,532,,final,bnr_sdc_v1,6,0,0,0,0,,none,No disclosure restriction identified.
MORT-BURDEN-002,mort_2026_07,annual,2021,2021-01-01,2021,,,1,heart,all,all,upper_clear_likely_possible,death_certificate,event_type_distribution,53.19548872180451,53.195489,percent,283,532,,final,bnr_sdc_v1,6,0,0,0,0,,none,No disclosure restriction identified.
MORT-BURDEN-002,mort_2026_07,annual,2021,2021-01-01,2021,,,1,heart,female,all,upper_clear_likely_possible,death_certificate,sex_distribution,51.9434628975265,51.943463,percent,147,283,,final,bnr_sdc_v1,6,0,0,0,0,,none,No disclosure restriction identified.
MORT-BURDEN-002,mort_2026_07,annual,2021,2021-01-01,2021,,,1,heart,male,all,upper_clear_likely_possible,death_certificate,sex_distribution,48.0565371024735,48.056537,percent,136,283,,final,bnr_sdc_v1,6,0,0,0,0,,none,No disclosure restriction identified.
MORT-BURDEN-002,mort_2026_07,annual,2021,2021-01-01,2021,,,1,stroke,all,all,upper_clear_likely_possible,death_certificate,event_type_distribution,46.80451127819548,46.804511,percent,249,532,,final,bnr_sdc_v1,6,0,0,0,0,,none,No disclosure restriction identified.
MORT-BURDEN-002,mort_2026_07,annual,2021,2021-01-01,2021,,,1,stroke,female,all,upper_clear_likely_possible,death_certificate,sex_distribution,53.01204819277109,53.012048,percent,132,249,,final,bnr_sdc_v1,6,0,0,0,0,,none,No disclosure restriction identified.
MORT-BURDEN-002,mort_2026_07,annual,2021,2021-01-01,2021,,,1,stroke,male,all,upper_clear_likely_possible,death_certificate,sex_distribution,46.98795180722892,46.987952,percent,117,249,,final,bnr_sdc_v1,6,0,0,0,0,,none,No disclosure restriction identified.
MORT-BURDEN-002,mort_2026_07,annual,2022,2022-01-01,2022,,,1,all_cvd,all,age_70_plus,primary_clear_likely,death_certificate,age_distribution,73.23943661971832,73.239437,percent,312,426,,final,bnr_sdc_v1,6,0,0,0,0,,none,No disclosure restriction identified.
MORT-BURDEN-002,mort_2026_07,annual,2022,2022-01-01,2022,,,1,all_cvd,all,under_70,primary_clear_likely,death_certificate,age_distribution,26.76056338028169,26.760563,percent,114,426,,final,bnr_sdc_v1,6,0,0,0,0,,none,No disclosure restriction identified.
MORT-BURDEN-002,mort_2026_07,annual,2022,2022-01-01,2022,,,1,all_cvd,female,all,primary_clear_likely,death_certificate,sex_distribution,50.93896713615024,50.938967,percent,217,426,,final,bnr_sdc_v1,6,0,0,0,0,,none,No disclosure restriction identified.
MORT-BURDEN-002,mort_2026_07,annual,2022,2022-01-01,2022,,,1,all_cvd,male,all,primary_clear_likely,death_certificate,sex_distribution,49.06103286384976,49.061033,percent,209,426,,final,bnr_sdc_v1,6,0,0,0,0,,none,No disclosure restriction identified.
MORT-BURDEN-002,mort_2026_07,annual,2022,2022-01-01,2022,,,1,heart,all,all,primary_clear_likely,death_certificate,event_type_distribution,52.8169014084507,52.816901,percent,225,426,,final,bnr_sdc_v1,6,0,0,0,0,,none,No disclosure restriction identified.
MORT-BURDEN-002,mort_2026_07,annual,2022,2022-01-01,2022,,,1,heart,female,all,primary_clear_likely,death_certificate,sex_distribution,47.55555555555556,47.555556,percent,107,225,,final,bnr_sdc_v1,6,0,0,0,0,,none,No disclosure restriction identified.
MORT-BURDEN-002,mort_2026_07,annual,2022,2022-01-01,2022,,,1,heart,male,all,primary_clear_likely,death_certificate,sex_distribution,52.44444444444445,52.444444,percent,118,225,,final,bnr_sdc_v1,6,0,0,0,0,,none,No disclosure restriction identified.
MORT-BURDEN-002,mort_2026_07,annual,2022,2022-01-01,2022,,,1,stroke,all,all,primary_clear_likely,death_certificate,event_type_distribution,47.1830985915493,47.183099,percent,201,426,,final,bnr_sdc_v1,6,0,0,0,0,,none,No disclosure restriction identified.
MORT-BURDEN-002,mort_2026_07,annual,2022,2022-01-01,2022,,,1,stroke,female,all,primary_clear_likely,death_certificate,sex_distribution,54.72636815920397,54.726368,percent,110,201,,final,bnr_sdc_v1,6,0,0,0,0,,none,No disclosure restriction identified.
MORT-BURDEN-002,mort_2026_07,annual,2022,2022-01-01,2022,,,1,stroke,male,all,primary_clear_likely,death_certificate,sex_distribution,45.27363184079602,45.273632,percent,91,201,,final,bnr_sdc_v1,6,0,0,0,0,,none,No disclosure restriction identified.
MORT-BURDEN-002,mort_2026_07,annual,2022,2022-01-01,2022,,,1,all_cvd,all,age_70_plus,upper_clear_likely_possible,death_certificate,age_distribution,72.7124183006536,72.712418,percent,445,612,,final,bnr_sdc_v1,6,0,0,0,0,,none,No disclosure restriction identified.
MORT-BURDEN-002,mort_2026_07,annual,2022,2022-01-01,2022,,,1,all_cvd,all,under_70,upper_clear_likely_possible,death_certificate,age_distribution,27.2875816993464,27.287582,percent,167,612,,final,bnr_sdc_v1,6,0,0,0,0,,none,No disclosure restriction identified.
MORT-BURDEN-002,mort_2026_07,annual,2022,2022-01-01,2022,,,1,all_cvd,female,all,upper_clear_likely_possible,death_certificate,sex_distribution,49.50980392156863,49.509804,percent,303,612,,final,bnr_sdc_v1,6,0,0,0,0,,none,No disclosure restriction identified.
MORT-BURDEN-002,mort_2026_07,annual,2022,2022-01-01,2022,,,1,all_cvd,male,all,upper_clear_likely_possible,death_certificate,sex_distribution,50.49019607843137,50.490196,percent,309,612,,final,bnr_sdc_v1,6,0,0,0,0,,none,No disclosure restriction identified.
MORT-BURDEN-002,mort_2026_07,annual,2022,2022-01-01,2022,,,1,heart,all,all,upper_clear_likely_possible,death_certificate,event_type_distribution,51.47058823529412,51.470588,percent,315,612,,final,bnr_sdc_v1,6,0,0,0,0,,none,No disclosure restriction identified.
MORT-BURDEN-002,mort_2026_07,annual,2022,2022-01-01,2022,,,1,heart,female,all,upper_clear_likely_possible,death_certificate,sex_distribution,46.66666666666666,46.666667,percent,147,315,,final,bnr_sdc_v1,6,0,0,0,0,,none,No disclosure restriction identified.
MORT-BURDEN-002,mort_2026_07,annual,2022,2022-01-01,2022,,,1,heart,male,all,upper_clear_likely_possible,death_certificate,sex_distribution,53.33333333333334,53.333333,percent,168,315,,final,bnr_sdc_v1,6,0,0,0,0,,none,No disclosure restriction identified.
MORT-BURDEN-002,mort_2026_07,annual,2022,2022-01-01,2022,,,1,stroke,all,all,upper_clear_likely_possible,death_certificate,event_type_distribution,48.52941176470588,48.529412,percent,297,612,,final,bnr_sdc_v1,6,0,0,0,0,,none,No disclosure restriction identified.
MORT-BURDEN-002,mort_2026_07,annual,2022,2022-01-01,2022,,,1,stroke,female,all,upper_clear_likely_possible,death_certificate,sex_distribution,52.52525252525253,52.525253,percent,156,297,,final,bnr_sdc_v1,6,0,0,0,0,,none,No disclosure restriction identified.
MORT-BURDEN-002,mort_2026_07,annual,2022,2022-01-01,2022,,,1,stroke,male,all,upper_clear_likely_possible,death_certificate,sex_distribution,47.47474747474747,47.474747,percent,141,297,,final,bnr_sdc_v1,6,0,0,0,0,,none,No disclosure restriction identified.
MORT-BURDEN-002,mort_2026_07,annual,2023,2023-01-01,2023,,,1,all_cvd,all,age_70_plus,primary_clear_likely,death_certificate,age_distribution,64.63963963963964,64.63964,percent,287,444,,final,bnr_sdc_v1,6,0,0,0,0,,none,No disclosure restriction identified.
MORT-BURDEN-002,mort_2026_07,annual,2023,2023-01-01,2023,,,1,all_cvd,all,under_70,primary_clear_likely,death_certificate,age_distribution,35.36036036036036,35.36036,percent,157,444,,final,bnr_sdc_v1,6,0,0,0,0,,none,No disclosure restriction identified.
MORT-BURDEN-002,mort_2026_07,annual,2023,2023-01-01,2023,,,1,all_cvd,female,all,primary_clear_likely,death_certificate,sex_distribution,51.12612612612612,51.126126,percent,227,444,,final,bnr_sdc_v1,6,0,0,0,0,,none,No disclosure restriction identified.
MORT-BURDEN-002,mort_2026_07,annual,2023,2023-01-01,2023,,,1,all_cvd,male,all,primary_clear_likely,death_certificate,sex_distribution,48.87387387387388,48.873874,percent,217,444,,final,bnr_sdc_v1,6,0,0,0,0,,none,No disclosure restriction identified.
MORT-BURDEN-002,mort_2026_07,annual,2023,2023-01-01,2023,,,1,heart,all,all,primary_clear_likely,death_certificate,event_type_distribution,53.82882882882883,53.828829,percent,239,444,,final,bnr_sdc_v1,6,0,0,0,0,,none,No disclosure restriction identified.
MORT-BURDEN-002,mort_2026_07,annual,2023,2023-01-01,2023,,,1,heart,female,all,primary_clear_likely,death_certificate,sex_distribution,51.04602510460251,51.046025,percent,122,239,,final,bnr_sdc_v1,6,0,0,0,0,,none,No disclosure restriction identified.
MORT-BURDEN-002,mort_2026_07,annual,2023,2023-01-01,2023,,,1,heart,male,all,primary_clear_likely,death_certificate,sex_distribution,48.95397489539749,48.953975,percent,117,239,,final,bnr_sdc_v1,6,0,0,0,0,,none,No disclosure restriction identified.
MORT-BURDEN-002,mort_2026_07,annual,2023,2023-01-01,2023,,,1,stroke,all,all,primary_clear_likely,death_certificate,event_type_distribution,46.17117117117117,46.171171,percent,205,444,,final,bnr_sdc_v1,6,0,0,0,0,,none,No disclosure restriction identified.
MORT-BURDEN-002,mort_2026_07,annual,2023,2023-01-01,2023,,,1,stroke,female,all,primary_clear_likely,death_certificate,sex_distribution,51.21951219512195,51.219512,percent,105,205,,final,bnr_sdc_v1,6,0,0,0,0,,none,No disclosure restriction identified.
MORT-BURDEN-002,mort_2026_07,annual,2023,2023-01-01,2023,,,1,stroke,male,all,primary_clear_likely,death_certificate,sex_distribution,48.78048780487805,48.780488,percent,100,205,,final,bnr_sdc_v1,6,0,0,0,0,,none,No disclosure restriction identified.
MORT-BURDEN-002,mort_2026_07,annual,2023,2023-01-01,2023,,,1,all_cvd,all,age_70_plus,upper_clear_likely_possible,death_certificate,age_distribution,65.64885496183206,65.648855,percent,430,655,,final,bnr_sdc_v1,6,0,0,0,0,,none,No disclosure restriction identified.
MORT-BURDEN-002,mort_2026_07,annual,2023,2023-01-01,2023,,,1,all_cvd,all,under_70,upper_clear_likely_possible,death_certificate,age_distribution,34.35114503816794,34.351145,percent,225,655,,final,bnr_sdc_v1,6,0,0,0,0,,none,No disclosure restriction identified.
MORT-BURDEN-002,mort_2026_07,annual,2023,2023-01-01,2023,,,1,all_cvd,female,all,upper_clear_likely_possible,death_certificate,sex_distribution,50.0763358778626,50.076336,percent,328,655,,final,bnr_sdc_v1,6,0,0,0,0,,none,No disclosure restriction identified.
MORT-BURDEN-002,mort_2026_07,annual,2023,2023-01-01,2023,,,1,all_cvd,male,all,upper_clear_likely_possible,death_certificate,sex_distribution,49.92366412213741,49.923664,percent,327,655,,final,bnr_sdc_v1,6,0,0,0,0,,none,No disclosure restriction identified.
MORT-BURDEN-002,mort_2026_07,annual,2023,2023-01-01,2023,,,1,heart,all,all,upper_clear_likely_possible,death_certificate,event_type_distribution,47.93893129770993,47.938931,percent,314,655,,final,bnr_sdc_v1,6,0,0,0,0,,none,No disclosure restriction identified.
MORT-BURDEN-002,mort_2026_07,annual,2023,2023-01-01,2023,,,1,heart,female,all,upper_clear_likely_possible,death_certificate,sex_distribution,49.68152866242038,49.681529,percent,156,314,,final,bnr_sdc_v1,6,0,0,0,0,,none,No disclosure restriction identified.
MORT-BURDEN-002,mort_2026_07,annual,2023,2023-01-01,2023,,,1,heart,male,all,upper_clear_likely_possible,death_certificate,sex_distribution,50.31847133757962,50.318471,percent,158,314,,final,bnr_sdc_v1,6,0,0,0,0,,none,No disclosure restriction identified.
MORT-BURDEN-002,mort_2026_07,annual,2023,2023-01-01,2023,,,1,stroke,all,all,upper_clear_likely_possible,death_certificate,event_type_distribution,52.06106870229008,52.061069,percent,341,655,,final,bnr_sdc_v1,6,0,0,0,0,,none,No disclosure restriction identified.
MORT-BURDEN-002,mort_2026_07,annual,2023,2023-01-01,2023,,,1,stroke,female,all,upper_clear_likely_possible,death_certificate,sex_distribution,50.43988269794721,50.439883,percent,172,341,,final,bnr_sdc_v1,6,0,0,0,0,,none,No disclosure restriction identified.
MORT-BURDEN-002,mort_2026_07,annual,2023,2023-01-01,2023,,,1,stroke,male,all,upper_clear_likely_possible,death_certificate,sex_distribution,49.56011730205279,49.560117,percent,169,341,,final,bnr_sdc_v1,6,0,0,0,0,,none,No disclosure restriction identified.
MORT-BURDEN-002,mort_2026_07,annual,2024,2024-01-01,2024,,,1,all_cvd,all,age_70_plus,primary_clear_likely,death_certificate,age_distribution,66.57534246575342,66.575342,percent,243,365,,final,bnr_sdc_v1,6,0,0,0,0,,none,No disclosure restriction identified.
MORT-BURDEN-002,mort_2026_07,annual,2024,2024-01-01,2024,,,1,all_cvd,all,under_70,primary_clear_likely,death_certificate,age_distribution,33.42465753424658,33.424658,percent,122,365,,final,bnr_sdc_v1,6,0,0,0,0,,none,No disclosure restriction identified.
MORT-BURDEN-002,mort_2026_07,annual,2024,2024-01-01,2024,,,1,all_cvd,female,all,primary_clear_likely,death_certificate,sex_distribution,46.02739726027397,46.027397,percent,168,365,,final,bnr_sdc_v1,6,0,0,0,0,,none,No disclosure restriction identified.
MORT-BURDEN-002,mort_2026_07,annual,2024,2024-01-01,2024,,,1,all_cvd,male,all,primary_clear_likely,death_certificate,sex_distribution,53.97260273972603,53.972603,percent,197,365,,final,bnr_sdc_v1,6,0,0,0,0,,none,No disclosure restriction identified.
MORT-BURDEN-002,mort_2026_07,annual,2024,2024-01-01,2024,,,1,heart,all,all,primary_clear_likely,death_certificate,event_type_distribution,50.68493150684932,50.684932,percent,185,365,,final,bnr_sdc_v1,6,0,0,0,0,,none,No disclosure restriction identified.
MORT-BURDEN-002,mort_2026_07,annual,2024,2024-01-01,2024,,,1,heart,female,all,primary_clear_likely,death_certificate,sex_distribution,47.56756756756757,47.567568,percent,88,185,,final,bnr_sdc_v1,6,0,0,0,0,,none,No disclosure restriction identified.
MORT-BURDEN-002,mort_2026_07,annual,2024,2024-01-01,2024,,,1,heart,male,all,primary_clear_likely,death_certificate,sex_distribution,52.43243243243243,52.432432,percent,97,185,,final,bnr_sdc_v1,6,0,0,0,0,,none,No disclosure restriction identified.
MORT-BURDEN-002,mort_2026_07,annual,2024,2024-01-01,2024,,,1,stroke,all,all,primary_clear_likely,death_certificate,event_type_distribution,49.31506849315068,49.315068,percent,180,365,,final,bnr_sdc_v1,6,0,0,0,0,,none,No disclosure restriction identified.
MORT-BURDEN-002,mort_2026_07,annual,2024,2024-01-01,2024,,,1,stroke,female,all,primary_clear_likely,death_certificate,sex_distribution,44.44444444444444,44.444444,percent,80,180,,final,bnr_sdc_v1,6,0,0,0,0,,none,No disclosure restriction identified.
MORT-BURDEN-002,mort_2026_07,annual,2024,2024-01-01,2024,,,1,stroke,male,all,primary_clear_likely,death_certificate,sex_distribution,55.55555555555556,55.555556,percent,100,180,,final,bnr_sdc_v1,6,0,0,0,0,,none,No disclosure restriction identified.
MORT-BURDEN-002,mort_2026_07,annual,2024,2024-01-01,2024,,,1,all_cvd,all,age_70_plus,upper_clear_likely_possible,death_certificate,age_distribution,67.0774647887324,67.077465,percent,381,568,,final,bnr_sdc_v1,6,0,0,0,0,,none,No disclosure restriction identified.
MORT-BURDEN-002,mort_2026_07,annual,2024,2024-01-01,2024,,,1,all_cvd,all,under_70,upper_clear_likely_possible,death_certificate,age_distribution,32.92253521126761,32.922535,percent,187,568,,final,bnr_sdc_v1,6,0,0,0,0,,none,No disclosure restriction identified.
MORT-BURDEN-002,mort_2026_07,annual,2024,2024-01-01,2024,,,1,all_cvd,female,all,upper_clear_likely_possible,death_certificate,sex_distribution,47.7112676056338,47.711268,percent,271,568,,final,bnr_sdc_v1,6,0,0,0,0,,none,No disclosure restriction identified.
MORT-BURDEN-002,mort_2026_07,annual,2024,2024-01-01,2024,,,1,all_cvd,male,all,upper_clear_likely_possible,death_certificate,sex_distribution,52.2887323943662,52.288732,percent,297,568,,final,bnr_sdc_v1,6,0,0,0,0,,none,No disclosure restriction identified.
MORT-BURDEN-002,mort_2026_07,annual,2024,2024-01-01,2024,,,1,heart,all,all,upper_clear_likely_possible,death_certificate,event_type_distribution,47.88732394366197,47.887324,percent,272,568,,final,bnr_sdc_v1,6,0,0,0,0,,none,No disclosure restriction identified.
MORT-BURDEN-002,mort_2026_07,annual,2024,2024-01-01,2024,,,1,heart,female,all,upper_clear_likely_possible,death_certificate,sex_distribution,47.05882352941176,47.058824,percent,128,272,,final,bnr_sdc_v1,6,0,0,0,0,,none,No disclosure restriction identified.
MORT-BURDEN-002,mort_2026_07,annual,2024,2024-01-01,2024,,,1,heart,male,all,upper_clear_likely_possible,death_certificate,sex_distribution,52.94117647058824,52.941176,percent,144,272,,final,bnr_sdc_v1,6,0,0,0,0,,none,No disclosure restriction identified.
MORT-BURDEN-002,mort_2026_07,annual,2024,2024-01-01,2024,,,1,stroke,all,all,upper_clear_likely_possible,death_certificate,event_type_distribution,52.11267605633802,52.112676,percent,296,568,,final,bnr_sdc_v1,6,0,0,0,0,,none,No disclosure restriction identified.
MORT-BURDEN-002,mort_2026_07,annual,2024,2024-01-01,2024,,,1,stroke,female,all,upper_clear_likely_possible,death_certificate,sex_distribution,48.31081081081081,48.310811,percent,143,296,,final,bnr_sdc_v1,6,0,0,0,0,,none,No disclosure restriction identified.
MORT-BURDEN-002,mort_2026_07,annual,2024,2024-01-01,2024,,,1,stroke,male,all,upper_clear_likely_possible,death_certificate,sex_distribution,51.68918918918919,51.689189,percent,153,296,,final,bnr_sdc_v1,6,0,0,0,0,,none,No disclosure restriction identified.
MORT-BURDEN-002,mort_2026_07,annual,2025,2025-01-01,2025,,,1,all_cvd,all,age_70_plus,primary_clear_likely,death_certificate,age_distribution,70.02724795640327,70.027248,percent,257,367,,final,bnr_sdc_v1,6,0,0,0,0,,none,No disclosure restriction identified.
MORT-BURDEN-002,mort_2026_07,annual,2025,2025-01-01,2025,,,1,all_cvd,all,under_70,primary_clear_likely,death_certificate,age_distribution,29.97275204359673,29.972752,percent,110,367,,final,bnr_sdc_v1,6,0,0,0,0,,none,No disclosure restriction identified.
MORT-BURDEN-002,mort_2026_07,annual,2025,2025-01-01,2025,,,1,all_cvd,female,all,primary_clear_likely,death_certificate,sex_distribution,50,50,percent,184,368,,final,bnr_sdc_v1,6,0,0,0,0,,none,No disclosure restriction identified.
MORT-BURDEN-002,mort_2026_07,annual,2025,2025-01-01,2025,,,1,all_cvd,male,all,primary_clear_likely,death_certificate,sex_distribution,50,50,percent,184,368,,final,bnr_sdc_v1,6,0,0,0,0,,none,No disclosure restriction identified.
MORT-BURDEN-002,mort_2026_07,annual,2025,2025-01-01,2025,,,1,heart,all,all,primary_clear_likely,death_certificate,event_type_distribution,50.54347826086957,50.543478,percent,186,368,,final,bnr_sdc_v1,6,0,0,0,0,,none,No disclosure restriction identified.
MORT-BURDEN-002,mort_2026_07,annual,2025,2025-01-01,2025,,,1,heart,female,all,primary_clear_likely,death_certificate,sex_distribution,49.46236559139785,49.462366,percent,92,186,,final,bnr_sdc_v1,6,0,0,0,0,,none,No disclosure restriction identified.
MORT-BURDEN-002,mort_2026_07,annual,2025,2025-01-01,2025,,,1,heart,male,all,primary_clear_likely,death_certificate,sex_distribution,50.53763440860215,50.537634,percent,94,186,,final,bnr_sdc_v1,6,0,0,0,0,,none,No disclosure restriction identified.
MORT-BURDEN-002,mort_2026_07,annual,2025,2025-01-01,2025,,,1,stroke,all,all,primary_clear_likely,death_certificate,event_type_distribution,49.45652173913043,49.456522,percent,182,368,,final,bnr_sdc_v1,6,0,0,0,0,,none,No disclosure restriction identified.
MORT-BURDEN-002,mort_2026_07,annual,2025,2025-01-01,2025,,,1,stroke,female,all,primary_clear_likely,death_certificate,sex_distribution,50.54945054945055,50.549451,percent,92,182,,final,bnr_sdc_v1,6,0,0,0,0,,none,No disclosure restriction identified.
MORT-BURDEN-002,mort_2026_07,annual,2025,2025-01-01,2025,,,1,stroke,male,all,primary_clear_likely,death_certificate,sex_distribution,49.45054945054945,49.450549,percent,90,182,,final,bnr_sdc_v1,6,0,0,0,0,,none,No disclosure restriction identified.
MORT-BURDEN-002,mort_2026_07,annual,2025,2025-01-01,2025,,,1,all_cvd,all,age_70_plus,upper_clear_likely_possible,death_certificate,age_distribution,67.46166950596252,67.46167,percent,396,587,,final,bnr_sdc_v1,6,0,0,0,0,,none,No disclosure restriction identified.
MORT-BURDEN-002,mort_2026_07,annual,2025,2025-01-01,2025,,,1,all_cvd,all,under_70,upper_clear_likely_possible,death_certificate,age_distribution,32.53833049403747,32.53833,percent,191,587,,final,bnr_sdc_v1,6,0,0,0,0,,none,No disclosure restriction identified.
MORT-BURDEN-002,mort_2026_07,annual,2025,2025-01-01,2025,,,1,all_cvd,female,all,upper_clear_likely_possible,death_certificate,sex_distribution,47.61904761904761,47.619048,percent,280,588,,final,bnr_sdc_v1,6,0,0,0,0,,none,No disclosure restriction identified.
MORT-BURDEN-002,mort_2026_07,annual,2025,2025-01-01,2025,,,1,all_cvd,male,all,upper_clear_likely_possible,death_certificate,sex_distribution,52.38095238095239,52.380952,percent,308,588,,final,bnr_sdc_v1,6,0,0,0,0,,none,No disclosure restriction identified.
MORT-BURDEN-002,mort_2026_07,annual,2025,2025-01-01,2025,,,1,heart,all,all,upper_clear_likely_possible,death_certificate,event_type_distribution,49.65986394557823,49.659864,percent,292,588,,final,bnr_sdc_v1,6,0,0,0,0,,none,No disclosure restriction identified.
MORT-BURDEN-002,mort_2026_07,annual,2025,2025-01-01,2025,,,1,heart,female,all,upper_clear_likely_possible,death_certificate,sex_distribution,47.26027397260274,47.260274,percent,138,292,,final,bnr_sdc_v1,6,0,0,0,0,,none,No disclosure restriction identified.
MORT-BURDEN-002,mort_2026_07,annual,2025,2025-01-01,2025,,,1,heart,male,all,upper_clear_likely_possible,death_certificate,sex_distribution,52.73972602739726,52.739726,percent,154,292,,final,bnr_sdc_v1,6,0,0,0,0,,none,No disclosure restriction identified.
MORT-BURDEN-002,mort_2026_07,annual,2025,2025-01-01,2025,,,1,stroke,all,all,upper_clear_likely_possible,death_certificate,event_type_distribution,50.34013605442177,50.340136,percent,296,588,,final,bnr_sdc_v1,6,0,0,0,0,,none,No disclosure restriction identified.
MORT-BURDEN-002,mort_2026_07,annual,2025,2025-01-01,2025,,,1,stroke,female,all,upper_clear_likely_possible,death_certificate,sex_distribution,47.97297297297297,47.972973,percent,142,296,,final,bnr_sdc_v1,6,0,0,0,0,,none,No disclosure restriction identified.
MORT-BURDEN-002,mort_2026_07,annual,2025,2025-01-01,2025,,,1,stroke,male,all,upper_clear_likely_possible,death_certificate,sex_distribution,52.02702702702703,52.027027,percent,154,296,,final,bnr_sdc_v1,6,0,0,0,0,,none,No disclosure restriction identified.
